theta_deg,theta_rad,normalized_t_deg,small_fraction_0_1,large_fraction_0_1,small_dq_dtheta_per_rad,large_dq_dtheta_per_rad,small_d2q_dtheta2_per_rad2,large_d2q_dtheta2_per_rad2
0.0,0.0,0.0,0.1560499078878084,1.0,-0.33211990510778044,0.0,0.12056000293880242,-1.6420756593481147
0.25,0.004363323129985824,359.75,0.15460191868820927,0.9999834626819457,-0.33158724682975027,-0.007785539699246345,0.12359539886279307,-1.9245121046035807
0.5,0.008726646259971648,359.5,0.15315628259748862,0.9999303046578427,-0.3310413071134955,-0.016776854030233927,0.1266477559757096,-2.1947910755110853
0.75,0.013089969389957472,359.25,0.15171305772812468,0.9998353799211115,-0.33048201208030936,-0.026921276092419802,0.12971701540434313,-2.453086791796819
1.0,0.017453292519943295,359.0,0.15027230251439222,0.9996937706094291,-0.3299092881083684,-0.0381668991622191,0.1328031182754855,-2.699573473186905
1.25,0.02181661564992912,358.75,0.14883407571124105,0.9995007836878315,-0.3293230618327316,-0.05046257669301084,0.13590600571592817,-2.9344253394075377
1.5,0.026179938779914945,358.5,0.14739843639317568,0.9992519476318152,-0.3287232601453408,-0.06375792231513193,0.13902561885246265,-3.157816610184849
1.75,0.030543261909900768,358.25,0.1459654439531343,0.9989430091104408,-0.3281098101950213,-0.0780033098358832,0.14216189881188074,-3.369921505245026
2.0,0.03490658503988659,358.0,0.1445351581013676,0.9985699296694336,-0.32748263938748,-0.09314987323952302,0.14531478672097356,-3.570914244314205
2.25,0.039269908169872414,357.75,0.1431076388643187,0.9981288824142875,-0.326841675385308,-0.10914950668727443,0.14848422370653294,-3.760969047118573
2.5,0.04363323129985824,357.5,0.14168294658350133,0.9976162486933666,-0.32618684610797827,-0.1259548645173168,0.15167015089535044,-3.9402601333842617
2.75,0.04799655442984406,357.25,0.14026114191437955,0.9970286147810067,-0.3255180797318469,-0.14351936124479503,0.15487250941421746,-4.108961722837457
3.0,0.05235987755982989,357.0,0.13884228582524688,0.9963627685606192,-0.32483530469015315,-0.1617971715618106,0.1580912403899259,-4.267248035204299
3.25,0.05672320068981571,356.75,0.1374264395961051,0.995615696207792,-0.3241384496730183,-0.18074323033743006,0.1613262849492668,-4.415293290210969
3.5,0.061086523819801536,356.5,0.13601366481754387,0.9947845788733924,-0.32342744362744746,-0.2003132326176763,0.16457758421903204,-4.553271707583606
3.75,0.06544984694978735,356.25,0.13460402338961927,0.9938667893666695,-0.32270221575732777,-0.22046363362553814,0.16784507932601317,-4.681357507048395
4.0,0.06981317007977318,356.0,0.13319757752073352,0.9928598888383563,-0.3219626955234296,-0.24115164876095946,0.17112871139700156,-4.799724908331473
4.25,0.07417649320975901,355.75,0.13179438972651386,0.9917616234637714,-0.3212088126434063,-0.26233525360085086,0.1744284215587891,-4.908548131159018
4.5,0.07853981633974483,355.5,0.13039452282869143,0.9905699211259225,-0.32044049709179334,-0.2839731838990785,0.17774415093816687,-5.008001395257177
4.75,0.08290313946973066,355.25,0.12899803995398096,0.9892828880986076,-0.3196576791000099,-0.3060249355864743,0.18107584066192686,-5.098258920352124
5.0,0.08726646259971647,355.0,0.12760500453295942,0.9878988057295182,-0.31886028915635745,-0.3284507647708263,0.1844234318568604,-5.179494926170007
5.25,0.0916297857297023,354.75,0.12621548029894553,0.9864161271233404,-0.3180482580060204,-0.35121168773688854,0.18778686564975888,-5.251883632437002
5.5,0.09599310885968812,354.5,0.12482953128687853,0.9848334738248585,-0.3172215166510662,-0.3742694809463712,0.1911660831674144,-5.315599258879256
5.75,0.10035643198967395,354.25,0.12344722183219739,0.9831496325020561,-0.31637999635044445,-0.3975866810379492,0.1945610255366184,-5.370816025222939
6.0,0.10471975511965978,354.0,0.12206861656972065,0.9813635516292197,-0.3155236286199886,-0.4211265848272533,0.19797163388416167,-5.417708151194204
6.25,0.1090830782496456,353.75,0.12069378043252445,0.9794743381700399,-0.3146523452324145,-0.4448532493068777,0.20139784933683652,-5.45644985651921
6.5,0.11344640137963143,353.5,0.11932277865082222,0.9774812542607134,-0.31376607821732044,-0.46873149164638117,0.20483961302143402,-5.487215360924127
6.75,0.11780972450961724,353.25,0.11795567675084391,0.975383713893047,-0.31286475986118784,-0.4927268891922771,0.2082968660647461,-5.510178884135108
7.0,0.12217304763960307,353.0,0.116592540553715,0.9731812795975576,-0.3119483227073813,-0.5168057794680456,0.21176954959356412,-5.525514645878318
7.25,0.1265363707695889,352.75,0.11523343617433551,0.9708736591265765,-0.31101669955614747,-0.5409352601741239,0.2152576047346796,-5.533396865879919
7.5,0.1308996938995747,352.5,0.11387843002025948,0.9684607021373508,-0.3100698234646167,-0.5650831891879087,0.21876097261488442,-5.533999763866067
7.75,0.13526301702956053,352.25,0.11252758879057366,0.965942396875145,-0.30910762774680145,-0.5892181845637628,0.2222795943609697,-5.527497559562926
8.0,0.13962634015954636,352.0,0.11118097947477704,0.9633188668563457,-0.30813004597359744,-0.6133096245330042,0.22581341109972725,-5.514064472696656
8.25,0.1439896632895322,351.75,0.1098386693516598,0.9605903675515598,-0.3071370119727833,-0.6373276475039175,0.2293623639579485,-5.493874722993417
8.5,0.14835298641951802,351.5,0.10850072598818233,0.9577572830687213,-0.3061284598290198,-0.6612431520617413,0.23292639406242507,-5.467102530179372
8.75,0.15271630954950383,351.25,0.10716721723835483,0.9548201228361899,-0.3051043238838515,-0.6850277969686832,0.23650544253994865,-5.433922113980679
9.0,0.15707963267948966,351.0,0.10583821124211576,0.9517795182858563,-0.3040645387357051,-0.7086540011639029,0.2400994505173104,-5.394507694123501
9.25,0.16144295580947549,350.75,0.10451377642421154,0.9486362195362418,-0.3030090392398905,-0.732094943763529,0.2437083591213023,-5.349033490333995
9.5,0.16580627893946132,350.5,0.10319398149307554,0.9453910920756028,-0.30193776050860016,-0.7553245640606443,0.24733210947871564,-5.2976737223383275
9.75,0.17016960206944712,350.25,0.10187889543970699,0.9420451134450311,-0.30085063791090944,-0.7783175615252983,0.25097064271634195,-5.240602609862654
10.0,0.17453292519943295,350.0,0.1005685875365505,0.9385993699215581,-0.2997476070727767,-0.8010493958044956,0.254623899960973,-5.17799437263314
10.25,0.17889624832941878,349.75,0.09926312733637481,0.9350550532012556,-0.2986286038770431,-0.8234962867222078,0.2582918223394003,-5.110023230375938
10.5,0.1832595714594046,349.5,0.09796258467115226,0.9314134570823391,-0.29749356446343245,-0.8456352142793603,0.26197435097841526,-5.036863402817219
10.75,0.18762289458939044,349.25,0.09666702965093772,0.9276759741482692,-0.2963424252285516,-0.8674439186538471,0.2656714270048094,-4.958689109683136
11.0,0.19198621771937624,349.0,0.09537653266274763,0.9238440924508544,-0.29517512282588987,-0.8889009002005157,0.26938299154537426,-4.875674570699858
11.25,0.19634954084936207,348.75,0.09409116436943969,0.9199193921933537,-0.29399159416582005,-0.909985419451181,0.27310898572690173,-4.787994005593532
11.5,0.2007128639793479,348.5,0.09281099570859115,0.9159035424135783,-0.2927917764155972,-0.9306774971146128,0.2768493506761831,-4.695821634090334
11.75,0.20507618710933373,348.25,0.09153609789137866,0.9117982976669933,-0.2915756069993593,-0.9509579140765471,0.2806040275200099,-4.599331675916411
12.0,0.20943951023931956,348.0,0.09026654240145718,0.9076054947098224,-0.29034302359812747,-0.9708082113996759,0.28437295738517376,-4.4986983507979375
12.25,0.21380283336930536,347.75,0.08900240099383878,0.9033270491821468,-0.28909396414980526,-0.9902106903236568,0.28815608139846616,-4.394095878461061
12.5,0.2181661564992912,347.5,0.08774374569377252,0.8989649522910101,-0.2878283668491795,-1.0091484122651049,0.29195334068667866,-4.2856984786319465
12.75,0.22252947962927702,347.25,0.08649064879562271,0.8945212674935205,-0.2865461701479193,-1.0276051988175956,0.295764676376603,-4.173680371036768
13.0,0.22689280275926285,347.0,0.08524318286174881,0.8899981271799503,-0.285247312754577,-1.0455656317516693,0.2995900295950304,-4.0582157754016634
13.25,0.23125612588924865,346.75,0.08400142072138404,0.8853977293568421,-0.28393173363458796,-1.0630150530148221,0.3034293414687527,-3.939478911452813
13.5,0.23561944901923448,346.5,0.0827654354695148,0.8807223343301078,-0.2825993720102695,-1.0799395647315158,0.3072825531245613,-3.817643998916365
13.75,0.2399827721492203,346.25,0.08153530046575981,0.8759742613881334,-0.281250167360823,-1.0963260292031685,0.3111496056892478,-3.692885257518489
14.0,0.24434609527920614,346.0,0.08031108933324893,0.8711558854848787,-0.2798840594223316,-1.1121620689081646,0.31503044028960375,-3.565376906985331
14.25,0.24870941840919197,345.75,0.07909287595750272,0.8662696339229827,-0.2785009881877617,-1.1274360665018421,0.3189249980524206,-3.4352931670430746
14.5,0.2530727415391778,345.5,0.07788073448531137,0.8613179830368628,-0.27710089390696285,-1.142137164816508,0.3228332201044902,-3.3028082574178574
14.75,0.25743606466916363,345.25,0.07667473932361374,0.8563034548758194,-0.2756837170866667,-1.1562552668614228,0.32675504757260365,-3.168096397835859
15.0,0.2617993877991494,345.0,0.07547496513837679,0.8512286138871367,-0.27424939849048857,-1.1697810358228133,0.33069042158355294,-3.0313318080232237
15.25,0.26616271092913524,344.75,0.07428148685347431,0.8460960635991857,-0.27279787913892595,-1.1827058950638634,0.33463928326412945,-2.8926887077061285
15.5,0.27052603405912107,344.5,0.07309437964956653,0.8409084433045261,-0.2713291003093594,-1.1950220281247217,0.33860157374112443,-2.752341316610716
15.75,0.2748893571891069,344.25,0.07191371896297882,0.83566842474301,-0.26984300353605245,-1.206722378722492,0.3425772341413303,-2.6104638544631675
16.0,0.2792526803190927,344.0,0.07073958048458111,0.8303787087848808,-0.26833953061015114,-1.217800650751246,0.3465662055915374,-2.4672305409896227
16.25,0.28361600344907856,343.75,0.06957204015866689,0.8250420221138802,-0.26681862357968467,-1.2282513082820103,0.35056842921853815,-2.3228155959162606
16.5,0.2879793265790644,343.5,0.06841117418183228,0.8196611139103451,-0.26528022474956464,-1.2380695755627773,0.3545838461491247,-2.1773932389692066
16.75,0.2923426497090502,343.25,0.06725705900185594,0.8142387525343174,-0.2637242766815863,-1.2472514370184922,0.3586123975100861,-2.0311376898746976
17.0,0.29670597283903605,343.0,0.06610977131657633,0.8087777222086345,-0.26215072219442676,-1.2557936372510734,0.36265402442821715,-1.8842231683587927
17.25,0.3010692959690218,342.75,0.06496938807277347,0.8032808197020471,-0.2605595043636469,-1.2636936810393866,0.36670866803030644,-1.7368238941477585
17.5,0.30543261909900765,342.5,0.06383598646504524,0.7977508510123053,-0.258950566521689,-1.2709498333392715,0.370776269443148,-1.589114086967652
17.75,0.3097959422289935,342.25,0.06270964393468925,0.7921906280492739,-0.2573238522578801,-1.2775611192835172,0.37485676979353194,-1.4412679665447052
18.0,0.3141592653589793,342.0,0.061590438168579884,0.7866029653180284,-0.25567930541842876,-1.2835273241818814,0.37895011020825004,-1.2934597526050655
18.25,0.31852258848896514,341.75,0.06047844709804852,0.7809906766019561,-0.25401687010642654,-1.2888489935210774,0.383056231814094,-1.1458636648748795
18.5,0.32288591161895097,341.5,0.05937374889776224,0.7753565716458645,-0.2523364906818481,-1.2935274329647846,0.38717507573785526,-0.9986539230803214
18.75,0.3272492347489368,341.25,0.05827642198460318,0.7697034528390749,-0.25063811176155076,-1.2975647083536386,0.39130658310632543,-0.8520047469475363
19.0,0.33161255787892263,341.0,0.05718654501654762,0.7640341118985341,-0.24892167821927488,-1.3009636457052387,0.39545069504629604,-0.7060903562027042
19.25,0.33597588100890846,340.75,0.056104196891545055,0.7583513265519093,-0.24718713518564336,-1.3037278312141438,0.3996073526845589,-0.561084970571964
19.5,0.34033920413889424,340.5,0.055029456746397344,0.7526578572206934,-0.24543442804816207,-1.3058616112518735,0.40377649714790514,-0.41716280978148934
19.75,0.34470252726888007,340.25,0.053962403955637936,0.7469564437033096,-0.24366350245121984,-1.3073700923669096,0.4079580695631266,-0.27449809355745053
20.0,0.3490658503988659,340.0,0.05290311813041086,0.7412498018582068,-0.24187430429608808,-1.3082591412846936,0.41215201105701466,-0.13326504162598463
20.25,0.3534291735288517,339.75,0.05185167911735007,0.7355406202869705,-0.24006677974092128,-1.3085353849076278,0.416358262756361,0.006362126286725787
20.5,0.35779249665883756,339.5,0.05080816699745835,0.7298315570174176,-0.2382408752007566,-1.308206210315076,0.42057676578795716,0.14420919045453745
20.75,0.3621558197888234,339.25,0.0497726620849866,0.7241252361867039,-0.236396537347514,-1.307279764763362,0.42480746127859464,0.28010193115127147
21.0,0.3665191429188092,339.0,0.04874524492631291,0.7184242447244236,-0.23453371310999652,-1.3057649556857724,0.42905029035506526,0.41386612865078987
21.25,0.37088246604879505,338.75,0.04772599629882176,0.7127311290357125,-0.23265234967388962,-1.3036714506925517,0.43330519414415974,0.5453275632269065
21.5,0.3752457891787809,338.5,0.04671499720978312,0.7070483916843497,-0.23075239448176202,-1.3010096775709077,0.4375721137726707,0.6743120151534844
21.75,0.37960911230876665,338.25,0.04571232889523156,0.7013784880758613,-0.22883379523306505,-1.297790824285008,0.441850990367389,0.8006452647043417
22.0,0.3839724354387525,338.0,0.04471807281884538,0.6957238231406203,-0.22689649988413296,-1.2940268389759813,0.44614176505510655,0.9241530921533384
22.25,0.3883357585687383,337.75,0.04373231067082585,0.6900867480169524,-0.22494045664818266,-1.2897304299619174,0.4504443789626147,1.0446612777742954
22.5,0.39269908169872414,337.5,0.042755124366776205,0.6844695567342332,-0.22296561399531398,-1.2849150657378654,0.4547587732167048,1.161995601841065
22.75,0.39706240482870997,337.25,0.041786596046580936,0.6788744828959968,-0.22097192065250976,-1.279594974975838,0.45908488894416893,1.2759818446274753
23.0,0.4014257279586958,337.0,0.040826808073284794,0.6733036963630316,-0.2189593256036356,-1.273785146524806,0.4634226672717984,1.3864457864073796
23.25,0.40578905108868163,336.75,0.03987584303197197,0.6677592999364886,-0.2169277780894396,-1.2675013294107038,0.46777204932638466,1.493213207454601
23.5,0.41015237421866746,336.5,0.03893378372864526,0.6622433260409785,-0.21487722760755312,-1.260760032836424,0.4721329762347192,1.5961098880429965
23.75,0.4145156973486533,336.25,0.03800071318910515,0.6567577334076776,-0.21280762391249003,-1.2535785261818213,0.47650538912359375,1.6949616084463843
24.0,0.4188790204786391,336.0,0.03707671465782904,0.6513044037574286,-0.21071891701564743,-1.2459748390037115,0.4808892291198,1.7895941489386256
24.25,0.4232423436086249,335.75,0.03616187159685031,0.6458851384838427,-0.20861105718530482,-1.237967761035871,0.4852844373501291,1.8798332897935413
24.5,0.4276056667386107,335.5,0.03525626768463745,0.6405016553364026,-0.20648399494662478,-1.2295768421890372,0.48969095494137294,1.9655048112849856
24.75,0.43196898986859655,335.25,0.03435998681497325,0.6351555851035638,-0.20433768108165276,-1.2208223925509074,0.494108723020323,2.046434493686792
25.0,0.4363323129985824,335.0,0.03347311309583385,0.6298484682958584,-0.20217206662931664,-1.2117254823861412,0.4985376827137705,2.1224481172727905
25.25,0.4406956361285682,334.75,0.032595730848268036,0.6245817518289962,-0.1999871028854278,-1.2023079421363583,0.5029777751485073,2.1933714623168354
25.5,0.44505895925855404,334.5,0.03172792460527617,0.619356785706967,-0.19778274140267987,-1.1925923624201396,0.5074289414513252,2.2590303090927546
25.75,0.4494222823885399,334.25,0.030869779110689527,0.6141748197051431,-0.19555893399064958,-1.1826020940330253,0.5118911227490154,2.3192504378743948
26.0,0.4537856055185257,334.0,0.030021379318049275,0.6090370000533827,-0.19331563271579652,-1.1723612479475194,0.5163642601683696,2.373857628935591
26.25,0.45814892864851153,333.75,0.029182810389485697,0.6039443661191292,-0.19105278990146282,-1.161894695313084,0.5208482948361789,2.4226776625501856
26.5,0.4625122517784973,333.5,0.02835415769459732,0.5988978470905179,-0.18877035812787393,-1.1512280674561444,0.5253431678792355,2.4655363189920148
26.75,0.46687557490848314,333.25,0.027535506809330024,0.5938982586594728,-0.18646829023213773,-1.1403877558800837,0.5298488204243307,2.5022593785349203
27.0,0.47123889803846897,333.0,0.02672694351485619,0.5889462997048153,-0.18414653930824496,-1.129400912265249,0.5343651935982562,2.5326726214527384
27.25,0.4756022211684548,332.75,0.025928553796453875,0.5840425489753597,-0.1818050587070695,-1.1182954484689458,0.538892228527803,2.5566018280193124
27.5,0.4799655442984406,332.5,0.02514042384238587,0.5791874617730217,-0.17944380203636773,-1.1071000365254435,0.543429866339763,2.5738727785084774
27.75,0.48432886742842646,332.25,0.02436264004277881,0.5743813666359155,-0.17706272316077853,-1.0958441086459672,0.5479780481609288,2.58431125319408
28.0,0.4886921905584123,332.0,0.023595288988502827,0.5696244620214613,-0.1746617762018255,-1.0845578572187113,0.5525367151180895,2.587743032349948
28.25,0.4930555136883981,331.75,0.02283845747004942,0.5649168129894807,-0.17224091553791177,-1.0732722348088195,0.5571058083380394,2.58399389624993
28.5,0.49741883681838395,331.5,0.022092232476412267,0.5602583478853066,-0.1698000958043266,-1.0620189541584073,0.561685268947568,2.5728896251678592
28.75,0.5017821599483697,331.25,0.021356701193965027,0.5556488550228809,-0.16733927189324002,-1.050830488186546,0.5662750380734678,2.55425599937758
29.0,0.5061454830783556,331.0,0.020631951005341057,0.5510879793678566,-0.16485839895370574,-1.039740069989267,0.5708750568425297,2.5279187991529293
29.25,0.5105088062083414,330.75,0.019918069488312505,0.5465752192207021,-0.16235743239166,-1.0287816928395646,0.5754852663815462,2.4937038047677462
29.5,0.5148721293383273,330.5,0.019215144414669344,0.5421099228998022,-0.15983632786992197,-1.0179901101873918,0.5801056078173081,2.4514367964958703
29.75,0.519235452468313,330.25,0.018523263749098604,0.5376912854245619,-0.15729504130819366,-1.0074008356596653,0.5847360222766073,2.400943554611144
30.0,0.5235987755982988,330.0,0.01784251564806345,0.5333183451985063,-0.1547335288830599,-0.9970501430602605,0.5893764508862352,2.3420498593874
30.25,0.5279620987282847,329.75,0.017172988458682318,0.5289899806923848,-0.15215174702798828,-0.9869750663700144,0.5940268347729832,2.274581491098484
30.5,0.5323254218582705,329.5,0.016514770717608117,0.5247049071272727,-0.14954965243332946,-0.9772133997467244,0.5986871150636434,2.19836423001823
30.75,0.5366887449882564,329.25,0.015867951149907272,0.5204616731576739,-0.14692720204631657,-0.9678036975251504,0.603357232885007,2.113223856420483
31.0,0.5410520681182421,329.0,0.015232618667938947,0.5162586575546215,-0.14428435307106585,-0.9587852742170099,0.6080371293638654,2.0189861505790745
31.25,0.545415391248228,328.75,0.01460886237023412,0.5120940658887833,-0.14162106296857632,-0.9501982045109849,0.6127267456270103,1.915476892767855
31.5,0.5497787143782138,328.5,0.013996771540374743,0.5079659272135606,-0.1389372894567297,-0.9420833232727155,0.6174260228012332,1.802521863260649
31.75,0.5541420375081997,328.25,0.013396435645872909,0.5038720907481932,-0.1362329905102908,-0.9344822255448049,0.6221349020133259,1.6799468423313044
32.0,0.5585053606381855,328.0,0.012807944337049933,0.49981022256086005,-0.133508124360907,-0.927437266546815,0.6268533243900797,1.547577610253668
32.25,0.5628686837681712,327.75,0.012231387445915523,0.4957778022517816,-0.13076264949710859,-0.9209915616752702,0.6315812310582861,1.4052399473015624
32.5,0.5672320068981571,327.5,0.011666854985046923,0.4917721196363238,-0.12799652466430878,-0.9151889865036549,0.6363185631447369,1.2527596337488454
32.75,0.5715953300281429,327.25,0.011114437146468025,0.4877902714280976,-0.12520970886480348,-0.9100741767824146,0.6410652617762235,1.089962449869336
33.0,0.5759586531581288,327.0,0.01057422430052853,0.483829157922064,-0.12240216135777161,-0.9056925284389559,0.6458212680795373,0.9166741759368953
33.25,0.5803219762881145,326.75,0.010046306994783066,0.4798854796776342,-0.11957384165927476,-0.9020901975776451,0.6505865231814704,0.732720592225339
33.5,0.5846852994181004,326.5,0.009530775952870343,0.47595573420177345,-0.11672470954225743,-0.8993141004798109,0.6553609682088137,0.5379274790085318
33.75,0.5890486225480862,326.25,0.009027722073392275,0.4720362126321018,-0.11385472503654685,-0.8974119136037421,0.6601445442883591,0.33212061656028613
34.0,0.5934119456780721,326.0,0.008537236428793123,0.46812299641999866,-0.11096384842885325,-0.8964320735846889,0.6649371925468981,0.11512578515446939
34.25,0.5977752688080579,325.75,0.008059410264238641,0.46420916817727736,-0.10805204026276957,-0.900276559429049,0.6697388541112222,-3.609518669635419
34.5,0.6021385919380436,325.5,0.0075943349964951974,0.4602274259811273,-0.1051192613387716,-0.9287500946030995,0.674549470108123,-9.019401655560427
34.75,0.6065019150680295,325.25,0.0071421022128089215,0.4560777452764654,-0.10216547271421805,-0.9755221157912679,0.679368981664392,-12.047908388149418
35.0,0.6108652381980153,325.0,0.006702803669784839,0.4517019822606681,-0.0991906357033503,-1.030869255937356,0.6841973299068209,-13.000928214263793
35.25,0.6152285613280012,324.75,0.00627653129226601,0.44708150747275155,-0.09619471187729266,-1.0864028420475573,0.6890344559622008,-12.184350480765533
35.5,0.619591884457987,324.5,0.005863377172212668,0.4422313820918996,-0.09317766306405235,-1.1350688951904302,0.693880300957324,-9.904064534516568
35.75,0.6239552075879728,324.25,0.0054634335675813476,0.43719453423598803,-0.09013945134851926,-1.1711481304969238,0.6987348060189813,-6.465959722378437
36.0,0.6283185307179586,324.0,0.005076792901204034,0.4320359352601135,-0.08708003907246621,-1.190255957160356,0.7035979122739651,-2.1759253912134398
36.25,0.6326818538479445,323.75,0.004703547759667296,0.42683677605511633,-0.08399938883454885,-1.1893424784364293,0.7084695608490661,2.6601491121171805
36.5,0.6370451769779303,323.5,0.004343790892191412,0.4216886433461098,-0.08089746349030559,-1.1666924916432229,0.713349692871076,7.736374440750927
36.75,0.6414085001079161,323.25,0.0039976152095095325,0.41668769599100347,-0.0777742261521578,-1.121925488161191,0.7182382494667868,12.746861247826667
37.0,0.6457718232379019,323.0,0.00366511378274679,0.4119288412790322,-0.07462964018940958,-1.0559956534331705,0.7231351717629897,17.38572018648217
37.25,0.6501351463678877,322.75,0.003346379842299452,0.40749991122928025,-0.07146366922824784,-0.9711918669643828,0.7280404008864765,21.347061909855334
37.5,0.6544984694978736,322.5,0.003041506776714056,0.40347583888920796,-0.06827627715174242,-0.8711377023224087,0.7329538779640385,24.324997071084866
37.75,0.6588617926278594,322.25,0.0027505881315665415,0.3999128346331786,-0.06506742809984595,-0.760791427137234,0.737875544122467,26.013636323308507
38.0,0.6632251157578453,322.0,0.0024737176083413524,0.39684256246098315,-0.06183708646939335,-0.6464460031011776,0.7428053404885553,26.107090319664565
38.25,0.667588438887831,321.75,0.00221098906331078,0.39426631629636927,-0.05858521691410446,-0.5357290859690303,0.7477432081890918,24.29946971329154
38.5,0.6719517620178169,321.5,0.001962496506413638,0.3921491962855623,-0.055311784344578334,-0.4376030255578253,0.7526890883508711,20.28488515732626
38.75,0.6763150851478027,321.25,0.0017283341001350214,0.39041428509579795,-0.05201675392830101,-0.36236486574711285,0.7576429221006822,13.757447304909729
39.0,0.6806784082777885,321.0,0.0015085961583848424,0.3889368242138428,-0.04870009108963771,-0.3216463444787106,0.7626046505653186,4.411266809177053
39.25,0.6850417314077744,320.75,0.0013033771453773955,0.3875495393332106,-0.04536176150983856,-0.3158436390352757,0.7675742148715712,1.4726623509519152
39.5,0.6894050545377601,320.5,0.0011127716745102712,0.3861918573772863,-0.04200173112703547,-0.3051138145332002,0.7725515561462323,3.3413026101178787
39.75,0.693768377667746,320.25,0.0009368745072436585,0.3848968492698537,-0.03861996613624481,-0.28754685289077064,0.7775366155160919,4.6175642469479286
40.0,0.6981317007977318,320.0,0.0007757805519792892,0.38368891783961684,-0.03521643298936416,-0.26558364674165896,0.7825293341079422,5.367381736882206
40.25,0.7024950239277177,319.75,0.000629584862939707,0.382582443161674,-0.03179109839517445,-0.24137739529778263,0.7875296530485751,5.6566895553606935
40.5,0.7068583470577035,319.5,0.0004983826390473693,0.38158303785688,-0.028343929319339472,-0.21679360434931522,0.7925375134647819,5.5514221778232145
40.75,0.7112216701876893,319.25,0.0003822692228037857,0.3806888023912062,-0.024874892984405823,-0.1934100862646733,0.7975528564833538,5.117514079709636
41.0,0.7155849933176751,319.0,0.00028134009916865483,0.37989158037510373,-0.021383956869802944,-0.17251695999052982,0.802575623231083,4.420899736459882
41.25,0.7199483164476609,318.75,0.0001956908944390018,0.3791782138628631,-0.017871088711843126,-0.15511665105180125,0.8076057548347608,3.5275136235137308
41.5,0.7243116395776468,318.5,0.00012541737512831514,0.37853179865197717,-0.014336256503721466,-0.1419238915516592,0.8126431924211789,2.5032902163111768
41.75,0.7286749627076325,318.25,7.061544684568404e-05,0.377932939582502,-0.010779428495515905,-0.13336572017152074,0.8176878771171284,1.4141639902919534
42.0,0.7330382858376184,318.0,3.138115317493556e-05,0.3773610058364177,-0.007200573194187211,-0.1295814821710555,0.822739750049401,0.3260694208960832
42.25,0.7374016089676042,317.75,7.810674553771972e-06,0.37679538623699177,-0.0035996593635789892,-0.13042282938818153,0.8277987523447886,-0.6950590164367151
42.5,0.7417649320975901,317.5,3.2714209119433235e-10,0.376216744548138,2.3342825043784994e-05,-0.13545372023906657,0.8327827292557998,-1.5832868462664285
42.75,0.7461282552275759,317.25,8.005248754772154e-06,0.3756082747737803,0.0036402500319797433,-0.1439504197181291,0.8250918932149898,-2.2726795931533035
43.0,0.7504915783575618,317.0,3.17188172126448e-05,0.3749569564572127,0.007223684398501702,-0.15490149939803557,0.8174398964252056,-2.697302781657379
43.25,0.7548549014875475,316.75,7.099534917243133e-05,0.3742548099804614,0.01077381522319073,-0.16700783742970465,0.8098266611379197,-2.7912219363388373
43.5,0.7592182246175333,316.5,0.00012568989925532126,0.37350015186364594,0.014290811465385961,-0.1786826185423016,0.8022521096046049,-2.488502581757795
43.75,0.7635815477475192,316.25,0.000195658258566489,0.37269885006434084,0.017774841745185174,-0.18805133404324473,0.7947161640767322,-1.7232102424743376
44.0,0.767944870877505,316.0,0.00028075695321494454,0.3718655792769371,0.021226074343443157,-0.1929517818181992,0.7872187468057754,-0.42941044304859083
44.25,0.7723081940074908,315.75,0.00038084324283316207,0.3710226821441106,0.024644677201774524,-0.19320222438722298,0.779759780043204,-0.0024481491507495805
44.5,0.7766715171374766,315.5,0.0004957751190972637,0.37017964471515535,0.028030817922550452,-0.19322004133898046,0.7723391860404913,-0.005710602547433123
44.75,0.7810348402674625,315.25,0.000625411304246426,0.36933649863978574,0.03138466376890076,-0.19325198967483115,0.7649568870491086,-0.00892553201398303
45.0,0.7853981633974483,315.0,0.0007696112496030638,0.3684931827099628,0.0347063816647129,-0.19329786247135883,0.7576128053205287,-0.012093138703126732
45.25,0.7897614865274342,314.75,0.0009282351340920147,0.3676496366186064,0.037996138194632365,-0.1933574536828412,0.7503068631062241,-0.015213623767590886
45.5,0.7941248096574199,314.5,0.0011011438627608339,0.3668058009557654,0.04125409960406396,-0.19343055814125065,0.7430389826576647,-0.01828718836010322
45.75,0.7984881327874057,314.25,0.0012881990652993114,0.3659616172047887,0.04448043179916886,-0.19351697155625383,0.7358090862263238,-0.021314033633390246
46.0,0.8028514559173916,314.0,0.0014892630945593233,0.3651170277384946,0.047675300346867115,-0.19361649051521182,0.7286170960636735,-0.024294360740179675
46.25,0.8072147790473774,313.75,0.0017041990250744599,0.3642719758153419,0.050838870474836304,-0.19372891248317972,0.7214629344211861,-0.027228370833198175
46.5,0.8115781021773633,313.5,0.0019328706515804317,0.3634264055756001,0.053971307071513396,-0.1938540358029074,0.7143465235503321,-0.030116265065173033
46.75,0.815941425307349,313.25,0.002175142487533699,0.36258026203751936,0.05707277468609179,-0.19399165969483875,0.7072677857025846,-0.032958244588831336
47.0,0.8203047484373349,313.0,0.002430879763632543,0.36173349109350117,0.060143437528523865,-0.19414158425711225,0.700226643129415,-0.035754510556900355
47.25,0.8246680715673207,312.75,0.0026999484263356965,0.36088603950626874,0.06318345946951952,-0.19430361046556058,0.6932230180822958,-0.0385052641221068
47.5,0.8290313946973066,312.5,0.0029822151363829708,0.3600378549050369,0.06619300404054676,-0.19447754017371072,0.6862568328126997,-0.04121070643717832
47.75,0.8333947178272924,312.25,0.003277547267314551,0.3591888857816832,0.06917223443383257,-0.19466317611278422,0.6793280095720968,-0.043871038654841626
48.0,0.8377580409572782,312.0,0.003585812903990959,0.35833908148691723,0.07212131350236103,-0.19486032189169672,0.6724364706119598,-0.04648646192782397
48.25,0.842121364087264,311.75,0.003906880841113125,0.35748839222645196,0.07504040375987428,-0.1950687819970584,0.6655821381837612,-0.04905717740885248
48.5,0.8464846872172498,311.5,0.004240620581741128,0.35663676905717323,0.07792966738087283,-0.1952883617931737,0.6587649345389727,-0.05158338625065439
48.75,0.8508480103472357,311.25,0.004586902335815268,0.3557841638833109,0.08078926620061563,-0.19551886752204137,0.651984781929065,-0.05406528960595692
49.0,0.8552113334772214,311.0,0.004945597018674919,0.3549305294526087,0.08361936171511757,-0.1957601063033545,0.6452416026055142,-0.05650308862748624
49.25,0.8595746566072073,310.75,0.005316576249579041,0.3540758193524941,0.08642011508115549,-0.19601188613450082,0.6385353188197868,-0.05889698446797103
49.5,0.8639379797371931,310.5,0.00569971235022515,0.3532199880062501,0.08919168711626009,-0.19627401589056187,0.631865852823359,-0.061247178280136615
49.75,0.868301302867179,310.25,0.006094878343269938,0.3523629906691835,0.09193423829872353,-0.19654630532431414,0.6252331268676995,-0.06355387121671197
50.0,0.8726646259971648,310.0,0.00650194795084813,0.35150478342479763,0.09464792876759279,-0.19682856506622784,0.6186370632042846,-0.06581726443042249
50.25,0.8770279491271507,309.75,0.00692079559309311,0.3506453231809601,0.09733291832267679,-0.19712060662446812,0.6120775840845809,-0.0680375590739968
50.5,0.8813912722571364,309.5,0.007351296386656325,0.34978456766607585,0.09998936642453841,-0.19742224238489398,0.6055546117600646,-0.07021495630016066
50.75,0.8857545953871222,309.25,0.007793326143226809,0.348922475425255,0.10261743219450213,-0.19773328561105924,0.5990680684822046,-0.07234965726164258
51.0,0.8901179185171081,309.0,0.00824676136805147,0.34805900581648513,0.10521727441464682,-0.19805355044421158,0.5926178765024771,-0.07444186311116814
51.25,0.8944812416470939,308.75,0.008711479258454724,0.34719411900679986,0.10778905152781385,-0.19838285190329344,0.5862039580723485,-0.07649177500146603
51.5,0.8988445647770797,308.5,0.009187357702358012,0.346327775968451,0.11033292163759863,-0.19872100588494138,0.5798262354432947,-0.07849959408526228
51.75,0.9032078879070655,308.25,0.009674275276799649,0.34545993847507755,0.11284904250835671,-0.19906782916348628,0.5734846308667867,-0.08046552151528417
52.0,0.9075712110370514,308.0,0.010172111246454785,0.34459056909787644,0.11533757156520101,-0.19942313939095352,0.5671790665942962,-0.08238975844425914
52.25,0.9119345341670372,307.75,0.010680745562155258,0.3437196312017732,0.11779866589400288,-0.19978675509706276,0.5609094648772954,-0.08427250602491403
52.5,0.9162978572970231,307.5,0.011200058859409001,0.3428470889415916,0.12023248224139108,-0.200158495689228,0.5546757479672573,-0.08611396540997608
52.75,0.9206611804270088,307.25,0.011729932456920222,0.3419729072582248,0.12263917701475349,-0.20053818145255756,0.5484778381156519,-0.08791433775217236
53.0,0.9250245035569946,307.0,0.012270248355108704,0.3410970518748048,0.1250189062822352,-0.20092563354985418,0.5423156575739522,-0.08967382420423012
53.25,0.9293878266869805,306.75,0.012820889234630206,0.3402194892928738,0.1273718257727396,-0.20132067402161483,0.5361891285936298,-0.09139262591887622
53.5,0.9337511498169663,306.5,0.013381738454895764,0.33934018678855354,0.12969809087592757,-0.20172312578603097,0.5300981734261578,-0.09307094404883805
53.75,0.9381144729469522,306.25,0.013952680052591315,0.3384591124087162,0.13199785664221933,-0.20213281263898827,0.5240427143230066,-0.09470897974684254
54.0,0.9424777960769379,306.0,0.014533598740198217,0.3375762349671547,0.1342712777827922,-0.20254955925406687,0.5180226735356489,-0.09630693416561688
54.25,0.9468411192069238,305.75,0.015124379904512653,0.3366915240407529,0.1365185086695814,-0.20297319118254123,0.5120379733155567,-0.09786500845788818
54.5,0.9512044423369096,305.5,0.015724909605164594,0.335804949965656,0.13873970333528074,-0.20340353485338003,0.5060885359142021,-0.09938340377638362
54.75,0.9555677654668955,305.25,0.016335074573138986,0.33491648383344097,0.1409350154733416,-0.2038404175732464,0.5001742835830575,-0.1008623212738301
55.0,0.9599310885968813,305.0,0.016954762209294594,0.3340260974872864,0.14310459843797424,-0.20428366752649788,0.4942951385735934,-0.10230196210295503
55.25,0.964294411726867,304.75,0.017583860582884192,0.3331337635181437,0.14524860524414607,-0.2047331137751862,0.48845102313728284,-0.10370252741648525
55.5,0.9686577348568529,304.5,0.01822225843007419,0.33223945526090665,0.14736718856758288,-0.20518858625905764,0.4826418595255977,-0.10506421836714817
55.75,0.9730210579868387,304.25,0.01886984515246426,0.3313431467905821,0.14946050074476863,-0.20564991579555264,0.4768675699900094,-0.10638723610767066
56.0,0.9773843811168246,304.0,0.01952651081560719,0.3304448129184602,0.1515286937729448,-0.20611693407980608,0.47112807678199164,-0.10767178179078
56.25,0.9817477042468103,303.75,0.020192146147528955,0.32954442918828497,0.15357191931011194,-0.2065894736846471,0.4654233021530142,-0.10891805656920313
56.5,0.9861110273767962,303.5,0.02086664253724857,0.3286419718724243,0.15559032867502787,-0.20706736806059933,0.4597531683545499,-0.11012626159566728
56.75,0.990474350506782,303.25,0.021549892033296603,0.32773741796804023,0.15758407284720843,-0.20755045153588064,0.4541175976380709,-0.11129659802289964
57.0,0.9948376736367679,303.0,0.02224178734223692,0.32683074519326,0.15955330246692787,-0.20803855931640325,0.4485165122550492,-0.11242926700362715
57.25,0.9992009967667537,302.75,0.02294222182718486,0.3259219319833454,0.16149816783521803,-0.20853152748577375,0.4429498344569573,-0.11352446969057708
57.5,1.0035643198967394,302.5,0.023651089506327994,0.3250109574868638,0.1634188189138697,-0.20902919300529316,0.43741748649526563,-0.1145824072364764
57.75,1.0079276430267252,302.25,0.024368285051445504,0.3240978015618582,0.16531540532543065,-0.20953139371395665,0.4319193906214473,-0.11560328079405238
58.0,1.0122909661567112,302.0,0.025093703786427612,0.32318244477201763,0.16718807635320734,-0.21003796832845395,0.42645546908697396,-0.11658729151603203
58.25,1.016654289286697,301.75,0.025827241685796087,0.3222648683828475,0.16903698094126407,-0.21054875644316898,0.42102564414331795,-0.11753464055514255
58.5,1.0210176124166828,301.5,0.02656879537322343,0.3213450543578401,0.17086226769442325,-0.21106359853018009,0.41562983804195075,-0.11844552906411099
58.75,1.0253809355466685,301.25,0.027318262120053505,0.3204229853546443,0.1726640848782653,-0.21158233593925996,0.41026797303434454,-0.1193201581956645
59.0,1.0297442586766545,300.99999999999994,0.02807553984381972,0.31949864472123657,0.17444258041912888,-0.2121048108978756,0.40493997137197085,-0.1201587291025303
59.25,1.0341075818066403,300.75,0.028840527106766434,0.31857201649209177,0.17619790190411003,-0.2126308665111883,0.3996457553063032,-0.12096144293743506
59.5,1.038470904936626,300.5,0.0296131231143677,0.3176430853843516,0.17793019658106382,-0.21316034676205395,0.394385247088812,-0.12172850085310644
59.75,1.0428342280666119,300.25,0.030393227713848114,0.3167118367939967,0.1796396113586028,-0.21369309651102247,0.3891583689709695,-0.12246010400227134
60.0,1.0471975511965976,300.0,0.031180741392701217,0.3157782567920168,0.18132629280609752,-0.21422896149633827,0.383965043204248,-0.12315645353765683
60.25,1.0515608743265836,299.75,0.03197556527721035,0.3148423321205801,0.1829903871536769,-0.21476778833394017,0.37880519204011903,-0.12381775061199016
60.5,1.0559241974565694,299.5,0.032777601130967726,0.3139040501892044,0.18463204029222785,-0.21530942451746138,0.3736787377300544,-0.12444419637799839
60.75,1.0602875205865552,299.25,0.03358675135339473,0.31296339907092774,0.18625139777339444,-0.2158537184182289,0.36858560252552797,-0.12503599198840842
61.0,1.064650843716541,299.0,0.03440291897826131,0.3120203674984771,0.18784860480958038,-0.21640051928526502,0.3635257086780096,-0.12559333859594768
61.25,1.069014166846527,298.75,0.03522600767220663,0.3110749448604408,0.18942380627394623,-0.21694967724528577,0.35849897843897205,-0.12611643735334316
61.5,1.0733774899765127,298.5,0.036055921733257446,0.31012712119743735,0.1909771467004113,-0.2175010433027015,0.35350533405988643,-0.1266054894133221
61.75,1.0777408131064985,298.25,0.03689256608934821,0.3091768871982872,0.19250877028365204,-0.21805446933961703,0.3485446977922265,-0.12706069592861124
62.0,1.0821041362364843,298.0,0.03773584629684268,0.3082242341961807,0.1940188208791042,-0.21860980811583178,0.3436169918874624,-0.12748225805193816
62.25,1.08646745936647,297.75,0.03858566853905032,0.3072691541648517,0.1955074420029602,-0.21916691326883891,0.33872213859706796,-0.12787037693602962
62.5,1.090830782496456,297.5,0.03944193962475018,0.3063116397147444,0.196974776832172,-0.2197256393138268,0.33386006017251296,-0.12822525373361304
62.75,1.0951941056264418,297.25,0.04030456698670659,0.30535168408918695,0.1984209682044481,-0.22028584164367715,0.32903067886527115,-0.1285470895974153
63.0,1.0995574287564276,297.0,0.04117345868019184,0.3043892811605592,0.19984615861825622,-0.22084737652896685,0.3242339169268139,-0.1288360856801636
63.25,1.1039207518864134,296.75,0.04204852338150489,0.3034244254264647,0.20125049023282138,-0.22141010111796666,0.3194696966086139,-0.12909244313458504
63.5,1.1082840750163994,296.5,0.0429296703864912,0.30245711200589964,0.2026341048681276,-0.22197387343664204,0.3147379401621408,-0.1293163631134068
63.75,1.1126473981463851,296.25,0.04381680960906198,0.30148733663542504,0.20399714400491548,-0.2225385523886524,0.31003856983886935,-0.12950804676935593
64.0,1.117010721276371,296.0,0.04470985157971541,0.3005150956653353,0.20533974878468506,-0.2231039977553518,0.3053715078902698,-0.12966769525515956
64.25,1.1213740444063567,295.75,0.045608707444054986,0.29954038605582933,0.20666206000969362,-0.2236700701957885,0.3007366765678147,-0.1297955097235448
64.5,1.1257373675363425,295.5,0.046513288961309796,0.29856320537318104,0.20796421814295668,-0.22423663124670512,0.29613399812297636,-0.12989169132723877
64.75,1.1301006906663285,295.25,0.04742350850285448,0.2975835517859092,0.20924636330824808,-0.22480354332253877,0.2915633948072261,-0.12995644121896865
65.0,1.1344640137963142,295.0,0.0483392790507291,0.29660142406094814,0.21050863529009936,-0.22537066971542066,0.2870247888720364,-0.12998996055146145
65.25,1.1388273369263,294.75,0.04926051419615818,0.29561682155981783,0.21175117353380032,-0.22593787459517672,0.2825181025688788,-0.12999245047744437
65.5,1.1431906600562858,294.5,0.05018712813807169,0.2946297442347946,0.2129741171453986,-0.22650502300932662,0.27804325814922576,-0.1299641121496445
65.75,1.1475539831862718,294.25,0.05111903568162335,0.293640192625081,0.21417760489170018,-0.22707198088308506,0.2736001778645487,-0.12990514672078896
66.0,1.1519173063162575,294.0,0.052056152236711783,0.29264816785297654,0.21536177520026886,-0.22763861501936064,0.2691887839663198,-0.12981575534360487
66.25,1.1562806294462433,293.75,0.05299839381649907,0.29165367162004757,0.21652676615942645,-0.22820479309875655,0.2648089987060115,-0.12969613917081926
66.5,1.160643952576229,293.5,0.053945677035932116,0.2906567062032983,0.21767271551825318,-0.22877038367956992,0.2604607443350949,-0.1295464993551594
66.75,1.1650072757062149,293.25,0.054897919110260096,0.2896572744513402,0.21879976068658674,-0.22933525619779288,0.256143943105043,-0.12936703704935232
67.0,1.1693705988362009,293.0,0.05585503785355728,0.28865537978056355,0.21990803873502354,-0.22989928096711143,0.2518585172673268,-0.12915795340612513
67.25,1.1737339219661866,292.75,0.05681695167723966,0.2876510261713063,0.22099768639491746,-0.230462329178906,0.2476043890734187,-0.12891944957820495
67.5,1.1780972450961724,292.5,0.05778357958858682,0.28664421816402597,0.22206884005838065,-0.23102427290225128,0.24338148077479094,-0.12865172671831895
67.75,1.1824605682261582,292.25,0.05875484118926133,0.2856349608554685,0.2231216357782835,-0.2315849850839167,0.23918971462291508,-0.1283549859791942
68.0,1.1868238913561442,292.0,0.05973065667382749,0.28462325989484005,0.22415620926825414,-0.23214433954836552,0.23502901286926337,-0.12802942851355778
68.25,1.19118721448613,291.75,0.06071094682827294,0.28360912147997575,0.22517269590267902,-0.23270221099775584,0.23089929776530746,-0.12767525547413686
68.5,1.1955505376161157,291.5,0.06169563302852643,0.28259255235351155,0.2261712307167023,-0.23325847501193972,0.22680049156251966,-0.12729266801365854
68.75,1.1999138607461015,291.25,0.06268463723897932,0.2815735597990537,0.22715194840622663,-0.2338130080484636,0.22273251651237164,-0.12688186728485001
69.0,1.2042771838760873,291.0,0.0636778820110041,0.2805521516373489,0.22811498332791227,-0.2343656874425686,0.21869529486633557,-0.12644305444043824
69.25,1.2086405070060733,290.75,0.0646752904814748,0.27952833622245554,0.22906046949917783,-0.2349163914071898,0.21468874887588357,-0.12597643063315048
69.5,1.213003830136059,290.5,0.06567678637128704,0.2785021224379131,0.22998854059819981,-0.2354649990329569,0.21071280079248733,-0.12548219701571375
69.75,1.2173671532660448,290.25,0.06668229398387682,0.2774735196929132,0.2308993299639129,-0.2360113902881937,0.20676737286761895,-0.12496055474085524
70.0,1.2217304763960306,290.0,0.06769173820374097,0.27644253791846923,0.23179297059600973,-0.23655544601891862,0.2028523873527503,-0.12441170496130204
70.25,1.2260937995260166,289.74999999999994,0.06870504449495751,0.27540918756358723,0.23266959515494118,-0.23709704794884434,0.19896776649935285,-0.12383584882978114
70.5,1.2304571226560024,289.5,0.06972213889970358,0.2743734795914366,0.23352933596191547,-0.2376360786793775,0.19511343255890062,-0.12323318749902003
70.75,1.2348204457859882,289.25,0.07074294803677761,0.273335425475519,0.23437232499890004,-0.23817242168961975,0.19128930778286307,-0.12260392212174542
71.0,1.239183768915974,289.0,0.0717673991001172,0.2722950371958399,0.2351986939086193,-0.2387059613363667,0.18749531442271378,-0.12194825385068457
71.25,1.2435470920459597,288.75,0.07279541985731985,0.2712523272350792,0.23600857399455652,-0.23923658285410823,0.18373137472992365,-0.1212663838385647
71.5,1.2479104151759457,288.5,0.07382693864816203,0.27020730857476005,0.23680209622095233,-0.23976417235502895,0.17999741095596572,-0.12055851323811279
71.75,1.2522737383059315,288.25,0.07486188438312047,0.26915999469142055,0.23757939121280608,-0.24028861682900743,0.17629334535231045,-0.11982484320205582
72.0,1.2566370614359172,288.0,0.07590018654188924,0.26811039955278426,0.2383405892558743,-0.24080980414361658,0.1726191001704321,-0.1190655748831214
72.25,1.261000384565903,287.75,0.0769417751719026,0.26705853761392867,0.2390858202966726,-0.24132762304412406,0.16897459766180048,-0.11828090943403619
72.5,1.265363707695889,287.5,0.07798658088685262,0.26600442381345757,0.23981521394247401,-0.2418419631534915,0.1653597600778885,-0.11747104800752749
72.75,1.2697270308258748,287.25,0.07903453486520995,0.26494807356967043,0.2405288994613096,-0.24235271497237507,0.16177450967016782,-0.11663619175632221
73.0,1.2740903539558606,287.0,0.08008556884874296,0.26388950277673323,0.24122700578196862,-0.242859769879125,0.15821876869011128,-0.11577654183314783
73.25,1.2784536770858463,286.75,0.08113961514103851,0.26282872780084765,0.24190966149399862,-0.24336302012978644,0.15469245938918924,-0.11489229939073112
73.5,1.2828170002158321,286.5,0.08219660660602002,0.26176576547642344,0.24257699484770456,-0.24386235885809812,0.15119550401887602,-0.11398366558179963
73.75,1.2871803233458181,286.25,0.08325647666647007,0.2607006331022461,0.24322913375415023,-0.24435768007549388,0.1477278248306408,-0.11305084155907985
74.0,1.2915436464758039,286.0,0.08431915930254652,0.25963334843765007,0.24386620578515686,-0.2448488786711014,0.1442893440759578,-0.11209402847529942
74.25,1.2959069696057897,285.75,0.08538458905030533,0.25856392969868663,0.244488338173304,-0.24533585041174283,0.14087998400629795,-0.11111342748318523
74.5,1.3002702927357754,285.5,0.08645270100021873,0.2574923955542959,0.2450956578119291,-0.24581849194193464,0.13749966687313406,-0.11010923973546466
74.75,1.3046336158657614,285.25,0.08752343079569613,0.25641876512247597,0.24568829125512795,-0.2462967007838879,0.1341483149279365,-0.10908166638486427
75.0,1.3089969389957472,285.0,0.08859671463160224,0.25534305796645435,0.24626636471775412,-0.24677037533750776,0.13082585042217842,-0.10803090858411167
75.25,1.313360262125733,284.75,0.08967248925277882,0.25426529409085746,0.24683000407541916,-0.24723941488039378,0.12753219560733214,-0.10695716748593379
75.5,1.3177235852557188,284.5,0.09075069195256291,0.25318549393788137,0.247379334864493,-0.2477037195678398,0.12426727273486862,-0.10586064424305781
75.75,1.3220869083857045,284.25,0.09183126057130708,0.25210367838346204,0.24791448228210344,-0.2481631904328341,0.12103100405626059,-0.10474154000821091
76.0,1.3264502315156905,284.0,0.09291413349489996,0.2510198687334455,0.24843557118613616,-0.24861772938605933,0.11782331182297959,-0.10360005593411999
76.25,1.3308135546456763,283.75,0.09399924965328499,0.24993408671975859,0.2489427260952352,-0.2490672392158925,0.11464411828649779,-0.10243639317351247
76.5,1.335176877775662,283.5,0.09508654851898024,0.24884635449657874,0.2494360711888024,-0.24951162358840479,0.11149334569828723,-0.10125075287911504
76.75,1.3395402009056478,283.25,0.09617597010559886,0.2477566946365049,0.24991573030699787,-0.2499507870473619,0.10837091630981961,-0.1000433362036552
77.0,1.3439035240356338,283.0,0.0972674549663688,0.2466651301267273,0.2503818269507396,-0.2503846350142239,0.10527675237256721,-0.09881434429985989
77.25,1.3482668471656196,282.75,0.09836094419265184,0.24557168436519844,0.25083448428170363,-0.250813073788145,0.10221077613800167,-0.09756397832045641
77.5,1.3526301702956054,282.5,0.09945637941246388,0.24447638115680267,0.2512738251223241,-0.251236010545974,0.09917290985759548,-0.09629243941817166
77.75,1.3569934934255912,282.25,0.10055370278899511,0.2433792447095271,0.2516999719557933,-0.25165335334225386,0.09616307578281989,-0.09499992874573276
78.0,1.361356816555577,282.0,0.10165285701912907,0.24228029963063166,0.2521130469260614,-0.25206501110922197,0.09318119616514746,-0.093686647455867
78.25,1.365720139685563,281.75,0.10275378533196233,0.24117957092281966,0.25251317183783667,-0.2524708936568102,0.09022719325605007,-0.09235279670130128
78.5,1.3700834628155487,281.5,0.10385643148732537,0.240077083980408,0.25290046815658546,-0.25287091167264447,0.08730098930699948,-0.0909985776347629
78.75,1.3744467859455345,281.25,0.10496073977430109,0.2389728645854972,0.2532750570085322,-0.25326497672204523,0.08440250656946789,-0.08962419140897884
79.0,1.3788101090755203,281.0,0.10606665500974577,0.23786693890414246,0.25363705918065926,-0.25365300124802725,0.0815316672949271,-0.08822983917667636
79.25,1.3831734322055063,280.75,0.10717412253680725,0.23675933348252326,0.2539865951207073,-0.2540348985712997,0.07868839373484898,-0.08681572209058254
79.5,1.387536755335492,280.5,0.10828308822344634,0.235650075243114,0.25432378493717456,-0.25441058289026597,0.07587260814070605,-0.08538204130342437
79.75,1.3919000784654778,280.25,0.10939349846095625,0.23453919148085453,0.25464874839931784,-0.2547799692810239,0.07308423276396953,-0.08392899796792913
80.0,1.3962634015954636,280.0,0.11050530016248061,0.23342670985932018,0.2549616049371517,-0.25514297369736577,0.07032318985611216,-0.08245679323682385
80.25,1.4006267247254494,279.75,0.11161844076153637,0.2323126584068921,0.25526247364144883,-0.25549951297077794,0.06758940166860518,-0.08096562826283558
80.5,1.4049900478554354,279.5,0.11273286821053119,0.2311970655129281,0.25555147326374,-0.2558495048104412,0.06488279045292125,-0.07945570419869155
80.75,1.4093533709854211,279.25,0.11384853097928371,0.2300799599239321,0.2558287222163139,-0.256192867803231,0.062203278460531614,-0.07792722219711891
81.0,1.413716694115407,279.0,0.11496537805354401,0.22896137073972517,0.25609433857221753,-0.2565295214137166,0.0595507879429088,-0.07638038341084469
81.25,1.4180800172453927,278.75,0.11608335893351229,0.2278413274096158,0.2563484400652556,-0.2568593859841621,0.05692524115152473,-0.07481538899259596
81.5,1.4224433403753787,278.49999999999994,0.11720242363235989,0.22671985972856964,0.25659114408999123,-0.25718238273452565,0.05432656033785069,-0.07323244009509969
81.75,1.4268066635053644,278.25,0.11832252267474785,0.22559699783338122,0.25682256770174505,-0.25749843376245984,0.05175466775336025,-0.07163173787108369
82.0,1.4311699866353502,278.0,0.11944360709534785,0.2244727721988422,0.2570428276165964,-0.2578074620433116,0.049209485649523786,-0.07001348347327438
82.25,1.435533309765336,277.75,0.12056562843736152,0.2233472136339136,0.25725204021138226,-0.25810939143012224,0.046690936277813976,-0.06837787805439911
82.5,1.4398966328953218,277.5,0.12168853875103935,0.22222035327789513,0.2574503215236978,-0.25840414665362743,0.044198941889702435,-0.06672512276718497
82.75,1.4442599560253078,277.25,0.12281229059220189,0.2210922225965959,0.2576377872518961,-0.2586916533222571,0.0417334247366615,-0.06505541876435912
83.0,1.4486232791552935,277.0,0.12393683702075853,0.21996285337850427,0.25781455275508863,-0.2589718379221355,0.03929430707016276,-0.06336896719864825
83.25,1.4529866022852793,276.75,0.12506213159922785,0.21883227773095965,0.2579807330531443,-0.25924462781708135,0.03688151114167897,-0.06166596922278051
83.5,1.457349925415265,276.5,0.12618812839125715,0.21770052807632018,0.2581364428266906,-0.2595099512486077,0.034494959202681405,-0.059946625989481944
83.75,1.461713248545251,276.25,0.12731478196014256,0.21656763714813584,0.258281796417113,-0.2597677373359219,0.03213457350464209,-0.05821113865148032
84.0,1.4660765716752369,276.0,0.12844204736734754,0.21543363798731696,0.2584169078265549,-0.26001791607592567,0.02980027629903275,-0.05645970836150218
84.25,1.4704398948052226,275.75,0.12956988017102444,0.21429856393830576,0.2585418907179176,-0.260260418343215,0.027491989837326605,-0.054692536272275445
84.5,1.4748032179352084,275.5,0.1306982364245337,0.21316244864524525,0.25865685841486086,-0.26049517589008037,0.025209636370993826,-0.052909823536526374
84.75,1.4791665410651942,275.25,0.1318270726749623,0.21202532604815147,0.258761923901802,-0.2607221213465064,0.022953138151508217,-0.05111177130698298
85.0,1.4835298641951802,275.0,0.13295634596164596,0.2108872303790816,0.25885719982391686,-0.2609411882201723,0.020722417430339958,-0.049298580736371375
85.25,1.487893187325166,274.75,0.13408601381468666,0.20974819615830645,0.2589427984871389,-0.26115231089645163,0.018517396458962335,-0.047470452977419295
85.5,1.4922565104551517,274.5,0.13521603425347328,0.2086082581904794,0.2590188318581601,-0.26135542463841194,0.016337997488846956,-0.04562758918285396
85.75,1.4966198335851375,274.25,0.13634636578520198,0.2074674515608074,0.25908541156443005,-0.26155046558681544,0.014184142771465917,-0.043770190505402484
86.0,1.5009831567151235,274.0,0.13747696740339577,0.2063258116312202,0.25914264889415656,-0.26173737076011866,0.01205575455829059,-0.041898458097791254
86.25,1.5053464798451093,273.75,0.13860779858642291,0.20518337403654277,0.25919065479630554,-0.2619160780544725,0.009952755100793425,-0.04001259311274811
86.5,1.509709802975095,273.5,0.13973881929601828,0.20404017468066368,0.259229539880601,-0.262086526243722,0.007875066650446447,-0.03811279670300001
86.75,1.5140731261050808,273.25,0.14086998997580258,0.20289624973270629,0.2592594144175247,-0.2622486549794066,0.005822611458721631,-0.03619927002127417
87.0,1.5184364492350666,273.0,0.14200127154980235,0.20175163562319906,0.2592803883383168,-0.2624024047907605,0.0037953117770907234,-0.034272214220297394
87.25,1.5227997723650526,272.75,0.14313262542096927,0.20060636904024567,0.25929257123497534,-0.2625477170847116,0.001793089857025919,-0.03233183045279705
87.5,1.5271630954950384,272.5,0.1442640134697003,0.19946048692569548,0.2592960723602565,-0.2626845341458826,-0.00018413205000097907,-0.03037831987150019
87.75,1.5315264186250241,272.25,0.14539539805235735,0.198314026471314,0.2592910006276743,-0.2628127991365905,-0.002136431692517863,-0.02841188362913393
88.0,1.53588974175501,272.0,0.1465267419997871,0.1971670251149528,0.25927746461150103,-0.26293245609684646,-0.004063886819052944,-0.026432722878425276
88.25,1.540253064884996,271.75,0.14765800861584066,0.19601952053672053,0.25925557254676695,-0.26304344994435597,-0.005966575178134142,-0.024441038772101485
88.5,1.5446163880149817,271.5,0.14878916167589362,0.19487155065515258,0.2592254323292604,-0.2631457264745191,-0.007844574518289266,-0.02243703246288968
88.75,1.5489797111449675,271.25,0.14992016542536557,0.1937231536233817,0.2591871515155277,-0.2632392323604303,-0.009697962588046782,-0.020420905103516903
89.0,1.5533430342749532,271.0,0.15105098457823962,0.19257436782530843,0.2591408373228732,-0.2633239151528779,-0.011526817135934226,-0.018392857846710332
89.25,1.557706357404939,270.75,0.15218158431558337,0.19142523187177132,0.25908659662935946,-0.26339972328034517,-0.013331215910480124,-0.01635309184519702
89.5,1.562069680534925,270.5,0.15331193028406687,0.19027578459671712,0.259024535973807,-0.2634666060490093,-0.01511123666021208,-0.014301808251704077
89.75,1.5664330036649108,270.25,0.15444198859448388,0.18912606505337162,0.2589547615557943,-0.26352451364274204,-0.01686695713365842,-0.012239208218958615
90.0,1.5707963267948966,270.0,0.15557172582027057,0.18797611251040933,0.258877379235658,-0.26357339712310934,-0.018598455079347067,-0.010165492899687932
90.25,1.5751596499248823,269.75,0.1567011089960273,0.1868259664481242,0.25879249453449277,-0.26361320842937164,-0.020305808245805836,-0.008080863446618926
90.5,1.5795229730548683,269.5,0.15783010561603572,0.18567566655459983,0.2587002126341512,-0.2636439003784838,-0.02198909438156312,-0.005985521012478711
90.75,1.583886296184854,269.25,0.15895868363277887,0.1845252527218802,0.2586006383772443,-0.2636654266650947,-0.023648391235146643,-0.0038796667499945807
91.0,1.5882496193148399,269.0,0.160086811455464,0.1833747650421392,0.2584938762671407,-0.2636777418615478,-0.02528377655508471,-0.001763501811893558
91.25,1.5926129424448257,268.75,0.1612144579485394,0.18222424380385177,0.2583800304679672,-0.2636808014178808,-0.026895328089905152,0.0003627726490972144
91.5,1.5969762655748114,268.5,0.1623415924302145,0.1810737294879637,0.2582592048046088,-0.263674561661826,-0.028483123588135904,0.002498955480250808
91.75,1.6013395887047974,268.24999999999994,0.16346818467098012,0.17992326276406215,0.2581315027627085,-0.2636589797988098,-0.030047240798305543,0.004644845528840018
92.0,1.6057029118347832,268.0,0.16459420489212873,0.1787728844865465,0.2579970274886672,-0.263634013911953,-0.03158775746894105,0.006800241642137179
92.25,1.610066234964769,267.75,0.1657196237642744,0.17762263569079728,0.25785588178964397,-0.2635996229620707,-0.03310475134857142,0.008964942667415945
92.5,1.6144295580947547,267.5,0.16684441240587045,0.17647255758934816,0.2577081681335559,-0.2635557667876724,-0.034598300185724275,0.01113874745194887
92.75,1.6187928812247407,267.24999999999994,0.16796854238173142,0.17532269156805508,0.25755398864907825,-0.263502406104962,-0.03606848172892798,0.013321454843009324
93.0,1.6231562043547265,267.0,0.16909198570155237,0.17417307918226776,0.2573934451256441,-0.26343950250783776,-0.03751537372670989,0.015512863687868854
93.25,1.6275195274847123,266.75,0.1702147148184292,0.17302376215299806,0.2572266390134446,-0.2633670184678921,-0.03893905392759867,0.017712772833802088
93.5,1.631882850614698,266.5,0.171336702627375,0.17187478236309314,0.25705367142342933,-0.2632849173344119,-0.040339600080121836,0.019920981128080325
93.75,1.6362461737446838,266.25,0.17245792246384484,0.17072618185340283,0.25687464312730546,-0.2631931633343786,-0.041717089932807865,0.02213728741797752
94.0,1.6406094968746698,266.0,0.17357834810225248,0.16957800281895213,0.25668965455753856,-0.26309172157246746,-0.04307160123418464,0.02436149055076616
94.25,1.6449728200046556,265.75,0.1746979537544927,0.16843028760511045,0.2564988058073517,-0.2629805580310487,-0.044403211732780314,0.026593389373719575
94.5,1.6493361431346414,265.5,0.17581671406845467,0.16728307870376302,0.25630219663072673,-0.26285963957018654,-0.04571199917712232,0.02883278273410947
94.75,1.6536994662646272,265.25,0.17693460412655082,0.1661364187494791,0.2560999264424031,-0.26272893392763946,-0.04699804131573956,0.031079469479210333
95.0,1.6580627893946132,265.0,0.1780515994442302,0.16499035051568534,0.2558920943178783,-0.2625884097188606,-0.048261415897159154,0.033333248456293464
95.25,1.662426112524599,264.75,0.1791676759685008,0.1638449169108328,0.25567879899340795,-0.26243803643699715,-0.04950220066990999,0.035593918512633216
95.5,1.6667894356545847,264.5,0.1802828100764471,0.16270016097457063,0.2554601388660061,-0.2622777844528909,-0.050720473382519324,0.03786127849550103
95.75,1.6711527587845705,264.25,0.1813969785737538,0.16155612587391316,0.25523621199344404,-0.26210762501507767,-0.05191631178351593,0.04013512725217134
96.0,1.6755160819145565,264.0,0.18251015869322096,0.16041285489941337,0.25500711609425186,-0.26192753024978804,-0.053089793621427066,0.04241526362991542
96.25,1.6798794050445423,263.75,0.18362232809328816,0.1592703914613301,0.2547729485477172,-0.2617374731609466,-0.05424099664478153,0.04470148647600762
96.5,1.684242728174528,263.5,0.1847334648565503,0.15812877908580145,0.25453380639388623,-0.2615374276301725,-0.05536999860210667,0.046993594637719495
96.75,1.6886060513045138,263.25,0.18584354748828047,0.15698806141101224,0.25428978633356253,-0.26132736841677895,-0.056476877241931026,0.049291386962325254
97.0,1.6929693744344996,263.0,0.18695255491494833,0.15584828218336697,0.2540409847283084,-0.2611072711577738,-0.05756171031278214,0.0515946622970965
97.25,1.6973326975644856,262.75,0.18806046648273989,0.15470948525365788,0.25378749760044356,-0.2608771123678592,-0.05862457556318862,0.053903219489307305
97.5,1.7016960206944713,262.5,0.18916726195607647,0.15357171457323715,0.25352942063304645,-0.26063686943943154,-0.05966555074167795,0.05621685738622961
97.75,1.7060593438244571,262.25,0.19027292151613706,0.15243501419018585,0.25326684916995296,-0.2603865206425816,-0.060684713596778496,0.058535374835136836
98.0,1.710422666954443,262.0,0.19137742575937589,0.15129942824548545,0.2529998782157575,-0.2601260451250946,-0.06168214187701792,0.06085857068330115
98.25,1.714785990084429,261.75,0.19248075569604317,0.15016500096918622,0.25272860243581197,-0.2598554229124499,-0.06265791333092487,0.06318624377799678
98.5,1.7191493132144147,261.5,0.19358289274870366,0.1490317766765806,0.25245311615622684,-0.25957463490782134,-0.06361210570702681,0.06551819296649541
98.75,1.7235126363444004,261.25,0.19468381875075735,0.1478997997643707,0.25217351336387056,-0.25928366289207716,-0.06454479675385195,0.06785421709607027
99.0,1.7278759594743862,261.0,0.19578351594496024,0.14676911470684012,0.25188988770636944,-0.25898248952377984,-0.06545606421992835,0.07019411501399435
99.25,1.732239282604372,260.75,0.1968819669819426,0.14563976605202386,0.2516023324921078,-0.25867109833918633,-0.06634598585378393,0.07253768556754057
99.5,1.736602605734358,260.5,0.19797915491872897,0.1445117984178787,0.25131094069022814,-0.25834947375224776,-0.06721463940394688,0.07488472760398159
99.75,1.7409659288643438,260.25,0.19907506321725754,0.1433852564884535,0.25101580493063114,-0.2580176010546096,-0.06806210261894506,0.07723503997059049
100.0,1.7453292519943295,260.0,0.20016967574290234,0.1422601850100598,0.2507170175039754,-0.2576754664156119,-0.06888845324730669,0.07958842151464
100.25,1.7496925751243153,259.75,0.20126297676298988,0.14113662878744185,0.2504146703616772,-0.25732305688228896,-0.06969376903755965,0.0819446710834031
100.5,1.7540558982543013,259.5,0.20235495094532074,0.14001463267994685,0.25010885511591147,-0.2569603603793692,-0.07047812773823192,0.08430358752415278
100.75,1.758419221384287,259.25,0.2034455833566884,0.1388942415976958,0.24979966303961115,-0.25658736570927576,-0.07124160709785168,0.08666496968416167
101.0,1.7627825445142729,259.0,0.2045348594614006,0.13777550049775328,0.2494871850664667,-0.25620406255212586,-0.07198428486494685,0.08902861641070282
101.25,1.7671458676442586,258.75,0.20562276511979716,0.13665845438029808,0.24917151179092703,-0.2558104414657312,-0.07270623878804548,0.09139432655104918
101.5,1.7715091907742444,258.5,0.20670928658677068,0.13554314828479358,0.24885273346819903,-0.2554064938855976,-0.07340754661567563,0.09376189895247349
101.75,1.7758725139042304,258.25,0.2077944105102869,0.1344296272861578,0.24853094001424766,-0.25499221212492557,-0.07408828609636528,0.09613113246224861
102.0,1.7802358370342162,258.0,0.2088781239299029,0.13331793649093404,0.24820622100579587,-0.25456758937460977,-0.07474853497864253,0.0985018259276476
102.25,1.784599160164202,257.75,0.20996041427528922,0.13220812103346108,0.24787866568032468,-0.25413261970323914,-0.07538837101103531,0.10087377819594318
102.5,1.7889624832941877,257.5,0.2110412693647472,0.13110022607204352,0.24754836293607302,-0.25368729805709717,-0.07600787194207163,0.10324678811440823
102.75,1.7933258064241737,257.25,0.21212067740372942,0.12999429678512206,0.24721540133203823,-0.2532316202601613,-0.07660711552027963,0.10562065453031581
103.0,1.7976891295541595,256.99999999999994,0.21319862698336078,0.128890378367444,0.2468798690879755,-0.25276558301410407,-0.07718617949418742,0.10799517629093901
103.25,1.8020524526841453,256.75,0.21427510707895703,0.12778851602623367,0.246541854084398,-0.2522891838982916,-0.07774514161232264,0.11037015224354958
103.5,1.806415775814131,256.5,0.21535010704854562,0.12668875497736212,0.2462014438625768,-0.2518024213697847,-0.07828407962321368,0.11274538123542165
103.75,1.8107790989441168,256.25,0.21642361663138332,0.12559114044151815,0.2458587256245414,-0.25130529476333857,-0.07880307127538846,0.1151206621138276
104.0,1.8151424220741028,255.99999999999997,0.2174956259464781,0.12449571764037831,0.2455137862330793,-0.25079780429140247,-0.07930219431737506,0.1174957937260408
104.25,1.8195057452040886,255.75,0.21856612549110843,0.12340253179277788,0.24516671221173575,-0.25027995104412054,-0.07978152649770134,0.11987057491933308
104.5,1.8238690683340744,255.49999999999997,0.21963510613934356,0.12231162811087946,0.24481758974481405,-0.24975173698933043,-0.08024114556489549,0.1222448045409786
104.75,1.8282323914640601,255.25,0.22070255914056025,0.1212230517963461,0.2444665046773761,-0.24921316497256524,-0.08068112926748536,0.1246182814382488
105.0,1.8325957145940461,254.99999999999997,0.22176847611796746,0.1201368480365083,0.24411354251524126,-0.2486642387170513,-0.08110155535399925,0.1269908044584182
105.25,1.836959037724032,254.75,0.22283284906712164,0.11905306200053782,0.24375878842498722,-0.2481049628237101,-0.0815025015729649,0.12936217244875797
105.5,1.8413223608540177,254.49999999999997,0.2238956703544508,0.11797173883561468,0.24340232723394933,-0.24753534277115716,-0.08188404567291055,0.13173218425654276
105.75,1.8456856839840035,254.25000000000003,0.22495693271576844,0.11689292366310046,0.24304424343022185,-0.2469553849157022,-0.08224626540236406,0.13410063872904365
106.0,1.8500490071139892,253.99999999999997,0.22601662925479993,0.11581666157470613,0.24268462116265624,-0.24636509649134963,-0.08258923850985367,0.13646733471353534
106.25,1.8544123302439752,253.75000000000003,0.2270747534416977,0.11474299762866468,0.24232354424086225,-0.24576448560979797,-0.08291304274390711,0.13883207105728892
106.5,1.858775653373961,253.49999999999997,0.22813129911156316,0.11367197684589896,0.24196109613520775,-0.24515356126044002,-0.08321775585305267,0.14119464660757905
106.75,1.8631389765039468,253.25000000000003,0.22918626046296464,0.11260364420619487,0.2415973599768189,-0.2445323333103634,-0.08350345558581823,0.14355486021167693
107.0,1.8675022996339325,252.99999999999997,0.23023963205645903,0.11153804464436863,0.24123241855757954,-0.2439008125043493,-0.08377021969073196,0.1459125107168569
107.25,1.8718656227639185,252.75000000000003,0.2312914088131116,0.11047522304644022,0.2408663543301316,-0.24325901046487416,-0.08401812591632164,0.14826739697039062
107.5,1.8762289458939043,252.49999999999997,0.2323415860130148,0.10941522424580068,0.24049924940787493,-0.24260693969210775,-0.08424725201111553,0.15061931781955218
107.75,1.88059226902389,252.25000000000003,0.23339015929380613,0.10835809301938537,0.24013118556496815,-0.24194461356391536,-0.08445767572364153,0.15296807211161303
108.0,1.8849555921538759,251.99999999999997,0.23443712464919264,0.1073038740838414,0.23976224423632714,-0.24127204633585536,-0.08464947480242782,0.1553134586938476
108.25,1.8893189152838616,251.75000000000003,0.2354824784274674,0.10625261209170092,0.2393925065176261,-0.24058925314118149,-0.08482272699600216,0.15765527641352736
108.5,1.8936822384138476,251.5,0.23652621733002988,0.10520435162754868,0.23902205316529718,-0.23989624999084144,-0.08497751005289281,0.15999332411792658
108.75,1.8980455615438334,251.25,0.23756833840990488,0.10415913720419462,0.23865096459653098,-0.23919305377347708,-0.08511390172162768,0.16232740065431694
109.0,1.9024088846738192,251.0,0.23860883907026464,0.10311701325884265,0.23827932088927584,-0.23847968225542499,-0.08523197975073488,0.16465730486997188
109.25,1.906772207803805,250.75000000000003,0.23964771706294707,0.10207802414926206,0.23790720178223784,-0.23775615408071596,-0.08533182188874233,0.1669828356121638
109.5,1.911135530933791,250.5,0.24068497048697546,0.10104221414995661,0.23753468667488165,-0.23702248877107476,-0.08541350588417818,0.16930379172816665
109.75,1.9154988540637767,250.25,0.241720597787078,0.10000962744833651,0.23716185462742975,-0.23627870672592108,-0.08547710948557032,0.17161997206525245
110.0,1.9198621771937625,250.0,0.24275459775220853,0.09898030814088749,0.23678878436086273,-0.2355248292223687,-0.08552271044144687,0.17393117547069423
110.25,1.9242255003237483,249.75,0.2437869695140662,0.09795430022934143,0.23641555425691912,-0.23476087841522575,-0.08555038650033588,0.17623720079176491
110.5,1.928588823453734,249.5,0.24481771254561469,0.09693164761684696,0.23604224235809562,-0.23398687733699466,-0.08556021541076525,0.17853784687573732
110.75,1.93295214658372,249.25,0.24584682665960134,0.09591239410413946,0.23566892636764697,-0.2332028498978722,-0.08555227492126312,0.18083291256988446
111.0,1.9373154697137058,249.0,0.24687431200707877,0.09489658338571175,0.23529568364958595,-0.23240882088574966,-0.08552664278035754,0.18312219672147909
111.25,1.9416787928436916,248.75,0.24790016907592383,0.09388425904598413,0.2349225912286832,-0.23160481596621252,-0.08548339673657641,0.18540549817779417
111.5,1.9460421159736774,248.5,0.248924398689357,0.09287546455547492,0.2345497257904676,-0.2307908616825406,-0.08542261453844784,0.18768261578610265
111.75,1.9504054391036634,248.25,0.24994700200446163,0.09187024326697049,0.23417716368122615,-0.229966985455708,-0.08534437393449981,0.18995334839367725
112.0,1.9547687622336491,248.0,0.2509679805107049,0.09086863841169605,0.23380498090800378,-0.22913321558438363,-0.08524875267326044,0.19221749484779108
112.25,1.959132085363635,247.75,0.2519873360284576,0.08987069309548563,0.23343325313860355,-0.22828958124493018,-0.08513582850325767,0.1944748539957168
112.5,1.9634954084936207,247.5,0.25300507070751355,0.08887645029495253,0.23306205570158628,-0.22743611249140486,-0.08500567917301953,0.19672522468472733
112.75,1.9678587316236065,247.25,0.2540211870256087,0.08788595285365965,0.23269146358627124,-0.22657284025555938,-0.08485838243107403,0.19896840576209585
113.0,1.9722220547535925,247.0,0.2550356877869412,0.08689924347828985,0.23232155144273564,-0.22569979634683962,-0.08469401602594931,0.20120419607509474
113.25,1.9765853778835782,246.75,0.25604857612069276,0.08591636473481629,0.23195239358181455,-0.2248170134523859,-0.08451265770617329,0.20343239447099723
113.5,1.980948701013564,246.5,0.2570598554795469,0.08493735904467267,0.23158406397510126,-0.2239245251370329,-0.08431438522027401,0.2056527997970762
113.75,1.9853120241435498,246.25,0.25806952963820773,0.08396226868092371,0.23121663625494696,-0.22302236584330956,-0.0840992763167795,0.20786521090060436
114.0,1.9896753472735358,246.0,0.25907760269192204,0.0829911357644354,0.23085018371446117,-0.2221105708914391,-0.08386740874421782,0.21006942662885472
114.25,1.9940386704035216,245.74999999999997,0.2600840790549983,0.0820240022600451,0.23048477930751118,-0.22118917647933925,-0.08361886025111696,0.21226524582910047
114.5,1.9984019935335073,245.5,0.2610889634593251,0.08106090997273294,0.23012049564872256,-0.22025821968262232,-0.08335370858600498,0.21445246734861334
114.75,2.0027653166634933,245.24999999999997,0.26209226095289273,0.08010190054379011,0.2297574050134785,-0.2193177384545943,-0.08307203149740983,0.21663089003466787
115.0,2.007128639793479,245.0,0.2630939768983124,0.07914701544699167,0.2293955793379209,-0.2183677716262562,-0.08277390673385966,0.21880031273453535
115.25,2.011491962923465,244.74999999999997,0.26409411697133545,0.07819629598476452,0.2290350902189491,-0.2174083589063029,-0.08245941204388235,0.22096053429549012
115.5,2.0158552860534504,244.5,0.26509268715937306,0.07724978328435991,0.22867600891422094,-0.2164395408811241,-0.08212862517600611,0.22311135356480366
115.75,2.0202186091834364,244.24999999999997,0.2660896937600178,0.07630751829402169,0.22831840634215186,-0.215461359014803,-0.08178162387875876,0.22525256938975005
116.0,2.0245819323134224,244.0,0.2670851433795608,0.07536954177915882,0.2279623530819159,-0.21447385564911847,-0.08141848590066852,0.2273839806176014
116.25,2.028945255443408,243.75,0.2680790429315133,0.0744358943185134,0.22760791937344457,-0.2134770740035423,-0.0810392889902633,0.22950538609563087
116.5,2.033308578573394,243.5,0.26907139963512605,0.07350661630033299,0.22725517511742796,-0.2124710581752417,-0.08064411089607115,0.23161658467111146
116.75,2.0376719017033795,243.25000000000003,0.2700622210139094,0.07258174791853984,0.22690418987531363,-0.21145585313907753,-0.08023302936662005,0.23371737519131583
117.0,2.0420352248333655,243.00000000000003,0.2710515148941518,0.07166132916890156,0.22655503286930773,-0.21043150474760552,-0.07980612215043806,0.23580755650351698
117.25,2.0463985479633515,242.74999999999997,0.2720392894034406,0.07074539984520123,0.22620777298237427,-0.20939805973107536,-0.0793634669960532,0.23788692745498827
117.5,2.050761871093337,242.50000000000003,0.27302555296918196,0.06983399953540848,0.22586247875823526,-0.20835556569743138,-0.07890514165199362,0.23995528689300125
117.75,2.055125194223323,242.24999999999997,0.27401031431712064,0.0689271676178484,0.22551921840137074,-0.20730407113231192,-0.07843122386678711,0.2420124336648304
118.0,2.059488517353309,241.99999999999997,0.2749935824698584,0.06802494325737353,0.2251780597770189,-0.20624362539905006,-0.07794179138896191,0.2440581666177474
118.25,2.0638518404832946,241.74999999999997,0.2759753667453765,0.06712736540153304,0.22483907041117582,-0.20517427873867308,-0.07743692196704594,0.24609228459902566
118.5,2.0682151636132806,241.50000000000003,0.27695567675555155,0.0662344727767436,0.22450231749059596,-0.2040960822699026,-0.07691669334956736,0.2481145864559377
118.75,2.072578486743266,241.24999999999997,0.27793452240468064,0.06534630388445893,0.22416786786279122,-0.203009087989154,-0.07638118328505387,0.2501248710357573
119.0,2.076941809873252,241.00000000000003,0.27891191388799497,0.06446289699734187,0.22383578803603227,-0.20191334877053835,-0.07583046952203391,0.2521229371857561
119.25,2.081305133003238,240.74999999999997,0.27988786169018465,0.06358429015543246,0.2235061441793473,-0.20080891836585954,-0.07526462980903517,0.2541085837532083
119.5,2.0856684561332237,240.50000000000003,0.280862376583915,0.06271052116232041,0.223179002122523,-0.19969585140461713,-0.07468374189458596,0.25608160958538534
119.75,2.0900317792632097,240.25,0.28183546962835015,0.061841627581313466,0.22285442735610345,-0.1985742033940039,-0.07408788352721395,0.2580418135295616
120.0,2.0943951023931953,240.00000000000003,0.28280715216766794,0.06097764673160973,0.22253248503139153,-0.197444030718908,-0.07347713245544764,0.2599889944330085
120.25,2.0987584255231813,239.75,0.28377743582958426,0.060118615684465984,0.2222132399604476,-0.19630539064191094,-0.07285156642781454,0.26192295114300035
120.5,2.1031217486531673,239.5,0.28474633252387016,0.0592645712593699,0.22189675661609026,-0.19515834130328955,-0.07221126319284299,0.263843482506809
120.75,2.107485071783153,239.25,0.2857138544408716,0.05841555002020899,0.2215830991318964,-0.1940029417210143,-0.07155630049906103,0.26575038737170753
121.0,2.111848394913139,239.0,0.28668001405003096,0.05757158827144164,0.2212723313022007,-0.19283925179075026,-0.07088675609499658,0.26764346458496907
121.25,2.1162117180431244,238.75,0.2876448240984053,0.05673272205426718,0.2209645165820958,-0.19166733228585686,-0.0702027077291777,0.2695225129938665
121.5,2.1205750411731104,238.5,0.28860829760918705,0.055898987142796376,0.22065971808743265,-0.19048724485738786,-0.06950423315013243,0.2713873314456725
121.75,2.1249383643030963,238.25,0.2895704478802231,0.05507041904022163,0.22035799859481991,-0.18929905203409128,-0.06879141010638873,0.27323771878766
122.0,2.129301687433082,238.00000000000003,0.29053128848253396,0.054247052974987574,0.22005942054162492,-0.1881028172224098,-0.06806431634647485,0.2750734738671016
122.25,2.133665010563068,237.75,0.29149083325883685,0.05342892389696062,0.21976404602597224,-0.18689860470647957,-0.0673230296189184,0.2768943955312713
122.5,2.138028333693054,237.5,0.2924490963220606,0.05261606647360073,0.21947193680674495,-0.1856864796481323,-0.06656762767224775,0.27870028262744073
122.75,2.1423916568230394,237.25,0.2934060920538688,0.05180851508613037,0.21918315430358432,-0.18446650808689333,-0.06579818825499084,0.28049093400288333
123.0,2.1467549799530254,237.0,0.2943618351031797,0.051006303825705465,0.21889775959688934,-0.1832387569399824,-0.06501478911567567,0.28226614850487186
123.25,2.151118303083011,236.75,0.29531634038468235,0.05020946648958574,0.21861581342781725,-0.18200329400231371,-0.06421750800283028,0.2840257249806791
123.5,2.155481626212997,236.5,0.29626962307736215,0.04941803657730493,0.21833737619828314,-0.18076018794649587,-0.06340642266498267,0.28576946227757816
123.75,2.159844949342983,236.25,0.29722169862301495,0.04863204728684115,0.21806250797096047,-0.17950950832283166,-0.06258161085066093,0.28749715924284197
124.0,2.1642082724729685,236.0,0.298172582724771,0.04785153151078725,0.21779126846928032,-0.17825132555931836,-0.061743150308393016,0.2892086147237432
124.25,2.1685715956029545,235.75,0.29912229134561164,0.04707652183252114,0.21752371707743232,-0.17698571096164745,-0.06089111878670701,0.29090362756755483
124.5,2.17293491873294,235.5,0.30007084070689194,0.046307050522376096,0.2172599128403636,-0.17571273671320484,-0.060025594034130894,0.29258199662154954
124.75,2.177298241862926,235.25,0.3010182472868579,0.045543149533811146,0.21699991446377995,-0.17443247587507077,-0.05914665379919275,0.2942435207330007
125.0,2.181661564992912,234.99999999999997,0.3019645278191684,0.04478485049958126,0.21674378031414454,-0.1731450023860197,-0.05825437583042037,0.2958879987491809
125.25,2.1860248881228976,234.75,0.3029096992914123,0.044032184727908354,0.21649156841867925,-0.17185039106252115,-0.05734883787634229,0.29751522951736264
125.5,2.1903882112528836,234.49999999999997,0.30385377894363197,0.04328518319865008,0.2162433364653635,-0.17054871759873752,-0.056430117685485955,0.2991250118848197
125.75,2.194751534382869,234.25,0.30479678426683954,0.04254387655947233,0.21599914180293503,-0.16924005856652743,-0.055498293006379915,0.30071714469882377
126.0,2.199114857512855,234.0,0.30573873300153875,0.041808295122017405,0.21575904144088948,-0.16792449141544208,-0.054553441587551814,0.30229142680664867
126.25,2.203478180642841,233.75,0.3066796431362434,0.041078468858075944,0.21552309204948067,-0.16660209447272817,-0.0535956411775298,0.3038476570555671
126.5,2.2078415037728267,233.5,0.30761953290599864,0.04035442739575644,0.21529134995972038,-0.16527294694332628,-0.05262496952484192,0.30538563429285187
126.75,2.2122048269028127,233.25,0.3085584207908989,0.0396362000156559,0.21506387116337858,-0.16393712890987147,-0.051641504378016165,0.30690515736577595
127.0,2.2165681500327987,232.99999999999997,0.30949632551461015,0.038923815647029916,0.21484071131298302,-0.1625947213326929,-0.05064532348558044,0.3084060251216122
127.25,2.2209314731627843,232.75,0.31043326604288657,0.038217302863963645,0.21462192572181976,-0.1612458060498149,-0.04963650459606321,0.309888036407633
127.5,2.2252947962927703,232.49999999999997,0.31136926158209355,0.03751668988154088,0.2144075693639327,-0.15989046577695468,-0.048615125457991876,0.3113509900711121
127.75,2.229658119422756,232.25,0.3123043315777243,0.03682200455201606,0.21419769687412404,-0.15852878410752558,-0.04758126381989515,0.31279468495932167
128.0,2.234021442552742,231.99999999999997,0.3132384957129225,0.036133274360982834,0.2139923625479538,-0.15716084551263337,-0.04653499743030036,0.31421891991953516
128.25,2.238384765682728,231.75000000000003,0.31417177390700024,0.035450526423546215,0.2137916203417402,-0.15578673534108023,-0.04547640403773618,0.31562349379902477
128.5,2.2427480888127134,231.49999999999997,0.3151041863139582,0.03477378748049102,0.2135955238725594,-0.1544065398193605,-0.044405561390730056,0.31700820544506425
128.75,2.2471114119426994,231.25000000000003,0.31603575332100586,0.03410308389445411,0.2134041264182456,-0.15302034605166498,-0.04332254723781056,0.31837285370492546
129.0,2.251474735072685,230.99999999999997,0.316966495547081,0.03343844164609292,0.21321748091739118,-0.1516282420198771,-0.04222743932750511,0.3197172374258823
129.25,2.255838058202671,230.75000000000003,0.31789643384136945,0.032779886330257496,0.2130356399693465,-0.1502303165835759,-0.04112031540834246,0.32104115545520684
129.5,2.260201381332657,230.49999999999997,0.3188255892818247,0.032127443152159145,0.21285865583421995,-0.14882665948003357,-0.04000125322884985,0.3223444066401726
129.75,2.2645647044626425,230.25000000000003,0.319753983173688,0.031481136923542485,0.21268658043287794,-0.14741736132421812,-0.038870330537556064,0.3236267898280519
130.0,2.2689280275926285,229.99999999999997,0.32068163704800823,0.03084099205885409,0.21251946534694505,-0.14600251360879016,-0.03772762508298844,0.32488810386611816
130.25,2.2732913507226145,229.74999999999997,0.32160857266016074,0.03020703257141437,0.21235736181880382,-0.14458220870410635,-0.036573214613675485,0.32612814760164394
130.5,2.2776546738526,229.49999999999997,0.3225348119883691,0.029579282069586762,0.21220032075159467,-0.1431565398582166,-0.035407176878145034,0.3273467198819022
130.75,2.282017996982586,229.24999999999997,0.32346037723222254,0.028957763752948625,0.21204839270921638,-0.14172560119686556,-0.03422958962492517,0.3285436195541657
131.0,2.2863813201125716,229.0,0.3243852908111964,0.028342500408461452,0.2119016279163258,-0.14028948772349212,-0.03304053060254393,0.32971864546570756
131.25,2.2907446432425576,228.75,0.32530957536317384,0.02773351440664118,0.21176007625833757,-0.13884829531922951,-0.031840077559529285,0.3308715964638004
131.5,2.2951079663725436,228.5,0.3262332537429633,0.02713082769772855,0.2116237872814244,-0.1374021207429054,-0.030628308244409288,0.33200227139571725
131.75,2.299471289502529,228.25000000000003,0.3271563490208187,0.02653446180785955,0.21149281019251712,-0.13595106163104193,-0.029405300405712143,0.3331104691087309
132.0,2.303834612632515,228.0,0.32807888448096034,0.025944437835235246,0.21136719385930477,-0.13449521649785479,-0.02817113179196534,0.3341959884501145
132.25,2.3081979357625007,227.75000000000003,0.32900088362009305,0.025360776446293195,0.21124698681023427,-0.1330346847352555,-0.02692588015169761,0.3352586282671405
132.5,2.3125612588924866,227.5,0.32992237014592796,0.024783497871876326,0.21113223723451055,-0.13156956661284816,-0.025669623233436235,0.3362981874070824
132.75,2.3169245820224726,227.25,0.33084336797569946,0.024212621903404712,0.21102299298209676,-0.13009996327793286,-0.024402438785709857,0.3373144647172124
133.0,2.321287905152458,227.0,0.33176390123468935,0.02364816788904488,0.21091930156371375,-0.128625976755503,-0.02312440455704627,0.3383072590448039
133.25,2.325651228282444,226.75,0.3326839942547407,0.02309015472988058,0.21082121015084096,-0.12714770994824667,-0.021835598295973525,0.3392763692371295
133.5,2.3300145514124297,226.5,0.3336036715727838,0.022538600876083083,0.21072876557571535,-0.12566526663654626,-0.02053609775101962,0.34022159414146225
133.75,2.3343778745424157,226.25,0.33452295792935083,0.021993524323081465,0.2106420143313324,-0.12417875147847847,-0.01922598067071256,0.3411427326050748
134.0,2.3387411976724017,226.0,0.3354418782670995,0.02145494260773296,0.2105610025714451,-0.12268827000981448,-0.017905324803580442,0.3420395834752402
134.25,2.3431045208023873,225.75,0.33636045772932954,0.020922872804493294,0.21048577611056504,-0.12119392864401958,-0.016574207898151266,0.3429119455992314
134.5,2.3474678439323733,225.5,0.3372787216585059,0.02039733152158705,0.21041638042396155,-0.11969583467225361,-0.015232707702953043,0.3437596178243211
134.75,2.3518311670623593,225.24999999999997,0.33819669559477505,0.019878334897177885,0.210352860647662,-0.11819409626337056,-0.013880901966513573,0.34458239899778254
135.0,2.356194490192345,225.0,0.33911440527448655,0.019365898595539274,0.21029526157845202,-0.11668882246391944,-0.012518868437361592,0.34538008796688785
135.25,2.360557813322331,224.74999999999997,0.3400318766287149,0.018860037803224,0.2102436276738749,-0.1151801231981423,-0.011146684864024163,0.346152483578911
135.5,2.3649211364523164,224.5,0.3409491357817742,0.018360767225235625,0.21019800305223238,-0.11366810926797712,-0.00976442899503023,0.34689938468112375
135.75,2.3692844595823024,224.25,0.3418662090497423,0.01786810108119768,0.2101584314925842,-0.11215289235305478,-0.008372178578907203,0.34762059012079977
136.0,2.3736477827122884,224.0,0.34278312293897917,0.017382053101524887,0.2101249564347479,-0.11063458501070134,-0.0069700113641832885,0.34831589874521157
136.25,2.378011105842274,223.75,0.34369990414464646,0.016902636523593032,0.21009762097929927,-0.10911330067593701,-0.005558005099386516,0.3489851094016323
136.5,2.38237442897226,223.5,0.344616579549227,0.01642986408790946,0.21007646788757206,-0.1075891536614764,-0.004136237533044913,0.34962802093733464
136.75,2.3867377521022455,223.25,0.34553317622104596,0.015963748034283333,0.2100615395816581,-0.1060622591577283,-0.002704786413686505,0.35024443219959156
137.0,2.3911010752322315,223.0,0.3464497214127886,0.015504300097996056,0.2100528781444074,-0.10453273323279609,-0.0012637294898392678,0.35083414203567587
137.25,2.3954643983622175,222.74999999999997,0.34736623603232664,0.015051531505971431,0.21001569282720386,-0.103000692832477,-0.12333869459760904,0.35139694929286047
137.5,2.399827721492203,222.5,0.3482786566715905,0.014605452972946463,0.20762097652222075,-0.10146625578026379,-0.9297635962295148,0.35193265281841823
137.75,2.404191044622189,222.24999999999997,0.3491737801627176,0.014166074697640828,0.2022725534631203,-0.09992954077734177,-1.4813973894070427,0.35244105145962223
138.0,2.4085543677521746,222.0,0.35004106439330007,0.013733406358928313,0.1950274533666155,-0.0983906674025925,-1.803315558340156,0.35292194406374505
138.25,2.4129176908821606,221.74999999999997,0.350874340712227,0.013307457112006019,0.1868332935091602,-0.09684975611258997,-1.9205935872394113,0.35337512947805977
138.5,2.4172810140121466,221.5,0.3516713365278523,0.012888235584565812,0.17852827872696833,-0.09530692824160461,-1.8583069603150466,0.35380040654983924
138.75,2.421644337142132,221.25,0.3524331979061639,0.012475749872963612,0.17084120141599318,-0.0937623060015993,-1.6415311617773891,0.3541975741263562
139.0,2.426007660272118,221.0,0.3531640121689523,0.01207000753839049,0.16439144153194404,-0.09221601248223225,-1.2953416758367733,0.3545664310548839
139.25,2.430370983402104,220.74999999999997,0.35387033049197947,0.011671015603042624,0.15968896659027693,-0.09066817165085567,-0.8448139867034524,0.35490677618269484
139.5,2.4347343065320897,220.50000000000003,0.354560690503147,0.011278780546291972,0.15713433166619975,-0.08911890835251692,-0.3150235785879584,0.35521840835706203
139.75,2.4390976296620757,220.24999999999997,0.3552451388806661,0.010893308300855947,0.15701867939466702,-0.08756834830995615,0.2689540642996992,0.3555011264252584
140.0,2.443460952792061,220.00000000000003,0.35593475395122487,0.010514604248968702,0.15952373997038394,-0.08601661812360976,0.8820434577488042,0.3557547292345567
140.25,2.447824275922047,219.74999999999997,0.3566411682881582,0.010142673218550427,0.16472183114780714,-0.08446384527160652,1.4991691175494604,0.3559790156322301
140.5,2.452187599052033,219.49999999999997,0.3573760913096159,0.009777519479378653,0.17257585824113889,-0.08291015810977125,2.0952555594910156,0.3561737844655511
140.75,2.4565509221820188,219.24999999999997,0.3581508318767319,0.009419146739257898,0.18293931412433354,-0.08135568587162212,2.645227299363252,0.35633883458179294
141.0,2.4609142453120048,219.00000000000003,0.3589758208917918,0.009067558140190366,0.19555627923109262,-0.07980055866837231,3.1240088529557846,0.3564739648282283
141.25,2.4652775684419903,218.74999999999997,0.35986013389640403,0.008722756254545935,0.2100614215548752,-0.07824490748892805,3.506524736058485,0.35657897405212996
141.5,2.4696408915719763,218.50000000000003,0.3608110136696655,0.008384743081233118,0.22597999664887375,-0.07668886419989195,3.7676994644607804,0.35665366110077107
141.75,2.4740042147019623,218.24999999999997,0.36183339282633387,0.008053520041868566,0.2427278476260512,-0.07513256154555885,3.882457553952527,0.35669782482142454
142.0,2.478367537831948,218.00000000000003,0.362929416414992,0.00772908797694826,0.2596114051590977,-0.07357613314791989,3.8257235203233138,0.35671126406136305
142.25,2.482730860961934,217.75,0.3640979645162211,0.007411447142017014,0.27582768748047426,-0.07201971350665856,3.572421879362793,0.35669377766785937
142.5,2.4870941840919194,217.50000000000003,0.36533417484076625,0.007100597203839646,0.2904643003823718,-0.07046343799915485,3.0974771468607827,0.3566451644881867
142.75,2.4914575072219054,217.25,0.36662896532770717,0.00679653723657048,0.30249943721674877,-0.06890744288048091,2.3758138386066565,0.35656522336961777
143.0,2.4958208303518914,217.0,0.3679685567426254,0.006499265717924445,0.31080187889529776,-0.0673518652834051,1.3823564703903912,0.3564537531594254
143.25,2.500184153481877,216.75,0.36933399527577426,0.006208780525346861,0.3141309938894697,-0.06579684321838904,0.09202955800155668,0.35631055270488254
143.5,2.504547476611863,216.5,0.37071547885912315,0.005925078932184037,0.3219116598637478,-0.06424251557358908,3.665359161936223,0.35613542085326205
143.75,2.508910799741849,216.25,0.3721653390458969,0.005648157603853531,0.34487422321654176,-0.06268902211485577,6.71784104560606,0.355928156451837
144.0,2.5132741228718345,216.0,0.3737418040763487,0.0053780125940145074,0.37935020876682096,-0.06113650348573412,8.955113857662456,0.35568855834788
144.25,2.5176374460018205,215.75,0.37548758641814484,0.005114639340738065,0.4219447897791698,-0.0595851012074634,10.451521788391599,0.3554164253886641
144.5,2.522000769131806,215.50000000000003,0.3774312935171652,0.004858032662677608,0.4695875272432146,-0.058034957678977525,11.28140902807944,0.35511155642146214
144.75,2.526364092261792,215.25,0.37958884320597064,0.004608186755238999,0.5195323698736768,-0.05648621617690374,11.51911976701246,0.35477375029354696
145.0,2.530727415391778,215.0,0.38196487911226207,0.004365095186751273,0.5693576541102795,-0.054939020855565124,11.238998195476537,0.35440280585219136
145.25,2.5350907385217636,214.75,0.3845541860673485,0.004128750894636592,0.6169661041178369,-0.05339351674697822,10.515388503757897,0.3539985219446684
145.5,2.5394540616517496,214.5,0.3873431055146088,0.003899146181580767,0.6605848317862092,-0.05184984976085399,9.422634882142692,0.3535606974182511
145.75,2.543817384781735,214.25,0.3903109509179561,0.003676272711703559,0.6987653367303143,-0.05030816668459781,8.035081520917005,0.3530891311202119
146.0,2.548180707911721,214.0,0.39343142317030066,0.003460121506729024,0.7303835062901209,-0.04876861518330945,6.427072610367091,0.3525836218978241
146.25,2.552544031041707,213.75,0.3966740260020152,0.0032506829421558316,0.7546396155306584,-0.047231343799782985,4.6729523407790445,0.35204396859836035
146.5,2.5569073541716927,213.5,0.4000054813893976,0.0030479467434276165,0.7710583272420095,-0.045696501954506856,2.8470649024390133,0.35146997006909353
146.75,2.5612706773016787,213.25,0.4033911449631352,0.0028519019821033067,0.7794886919393127,-0.04416423994566383,1.0237544856331373,0.35086142515729674
147.0,2.5656340004316642,213.0,0.4067964214167685,0.002662537072027459,0.780104147862763,-0.04263470894913107,-0.7226347193524311,0.35021813271024277
147.25,2.5699973235616502,212.75,0.4101881799151551,0.0024798397655005967,0.7734025209776095,-0.04110806101847999,-2.317758522231551,0.3495398915752042
147.5,2.5743606466916362,212.49999999999997,0.4135361695029339,0.0023037971494495207,0.7602060249741552,-0.03958444908497617,-3.687272732718298,0.3488265005994542
147.75,2.5787239698216218,212.25,0.4168144345129855,0.0021343956415977787,0.7416612612677689,-0.03806402695758053,-4.756833160525906,0.34807775863026574
148.0,2.5830872929516078,211.99999999999997,0.4200027299749032,0.0019716209866357036,0.719239218998857,-0.03654694932294664,-5.452095615368875,0.3472934645149115
148.25,2.5874506160815938,211.75,0.4230879370234495,0.0018154582523911477,0.6947352750329034,-0.035033371745424244,-5.698715906960671,0.3464734171006647
148.5,2.5918139392115793,211.5,0.4260654783070248,0.0016658918259994334,0.6702691939604264,-0.0335234506670559,-5.422349845015365,0.3456174152347976
148.75,2.5961772623415653,211.25,0.42894073339612804,0.0015229054100739658,0.6482851280970131,-0.03201734340757936,-4.548653239246739,0.3447252577645837
149.0,2.600540585471551,211.0,0.43173045419182254,0.0013864820188764402,0.6315516174833017,-0.030515208164426533,-3.003281899368584,0.34379674353729545
149.25,2.604903908601537,210.75,0.43446418033419876,0.0012566039744872103,0.6231615898849882,-0.029017204012723678,-0.7118916350948603,0.342831671400206
149.5,2.609267231731523,210.49999999999997,0.43718170898063946,0.0011332529029755988,0.6228272655369333,-0.02752349090529112,0.040627606817610594,0.341829840200588
149.75,2.6136305548615084,210.25,0.43989986190412755,0.0010164097305703306,0.6231208070539347,-0.02603422967264455,0.09363503955358857,0.3407910487857148
150.0,2.6179938779914944,209.99999999999997,0.442619794788766,0.0009060546798296624,0.623641893854358,-0.02454958202299228,0.14492940849123093,0.33971509600285854
150.25,2.62235720112148,209.75,0.445342484232903,0.0008021672658119926,0.6243830869780037,-0.023069710542238907,0.19452707304045336,0.3386017806992929
150.5,2.626720524251466,209.49999999999997,0.4480688745320328,0.0007047262922459178,0.6253370188460661,-0.021594778693981458,0.24244439261123885,0.3374509017222903
150.75,2.631083847381452,209.25000000000003,0.45079987799024956,0.0006137098477008321,0.6264963932611293,-0.0201249508195132,0.28869772661350507,0.33626225791912384
151.0,2.6354471705114375,208.99999999999997,0.45353637523171353,0.0005290953017570163,0.6278539854071711,-0.01866039213781987,0.3333034344572265,0.3350356481370659
151.25,2.6398104936414235,208.75000000000003,0.45627921551210515,0.0004508593011762046,0.6294026418495593,-0.017201268745583437,0.37627787555232906,0.33377087122339016
151.5,2.644173816771409,208.49999999999997,0.45902921703009136,0.00037897776607170516,0.6311352805350554,-0.01574774761717832,0.4176374093087852,0.3324677260253685
151.75,2.648537139901395,208.25000000000003,0.46178716723877855,0.0003134258860789362,0.6330448907918107,-0.014299996604675175,0.45739839513651687,0.3311260113902751
152.0,2.652900463031381,207.99999999999997,0.4645538231571811,0.0002541781165255775,0.6351245333293707,-0.01285818443783714,0.4955771924455016,0.32974552616538166
152.25,2.6572637861613666,207.75000000000003,0.46732991168167204,0.00020120817460207458,0.6373673402386698,-0.011422480724123536,0.5321901606456602,0.32832606919796187
152.5,2.6616271092913526,207.49999999999997,0.47011612989745244,0.00015448903553182266,0.6397665149920373,-0.009993055948686207,0.5672536591469652,0.32686743933528783
152.75,2.6659904324213386,207.24999999999997,0.4729131453900035,0.00011399292874163251,0.642315332443192,-0.008570081474372946,0.6007840473593493,0.32536943542463315
153.0,2.670353755551324,206.99999999999997,0.47572159655655233,7.969133403197662e-05,0.6450071388272456,-0.007153729541724966,0.6327976846927686,0.32383185631327055
153.25,2.67471707868131,206.74999999999997,0.4785420929175287,5.155497774736506e-05,0.6478353517607013,-0.005744173268978067,0.6633109305571676,0.3222545008484726
153.5,2.6790804018112957,206.5,0.48137521542802697,2.9553828946673246e-05,0.6507934602414542,-0.0043415866520623925,0.6923401443624978,0.3206371678775124
153.75,2.6834437249412817,206.25,0.4842215167892647,1.3657095573478222e-05,0.6538750246487913,-0.0029461445646024355,0.7199016855187067,0.31897965624766283
154.0,2.6878070480712677,206.0,0.4870815217600445,3.833220626394325e-06,0.6570736767433916,-0.0015580227579170304,0.746011913435744,0.31728176480619685
154.25,2.6921703712012532,205.75000000000003,0.4899557274682116,4.987832940943307e-08,0.6603831196673248,-0.00017739786101958293,0.7706871875235548,0.3155432924003874
154.5,2.6965336943312392,205.5,0.4928446037221179,2.2903161294163255e-06,0.6637971279440547,0.001208447043346927,0.7939438671920972,0.3205415242247978
154.75,2.700897017461225,205.25000000000003,0.4957485933220761,1.0633307791496627e-05,0.6673095474784341,0.002619993312668338,0.8157983118513077,0.3264471275418979
155.0,2.705260340591211,205.0,0.49866811237182695,2.5191235387134192e-05,0.6709142955567107,0.004057092021843859,0.8362668809111473,0.33225398079572577
155.25,2.709623663721197,204.75,0.5016035505899925,4.6074653977656865e-05,0.6746053608465206,0.005519313351310137,0.8553659337815549,0.337962569337607
155.5,2.7139869868511823,204.5,0.5045552716215411,7.339224780233966e-05,0.6783768033968942,0.007006229599249011,0.8731118298724823,0.3435733785188698
155.75,2.7183503099811683,204.25,0.5075236133492451,0.0001072508395197902,0.6822227546382533,0.008517415181587265,0.889520928593879,0.34908689369084345
156.0,2.722713633111154,204.0,0.5105088882051417,0.00014775539944789085,0.6861374173824111,0.010052446631995827,0.904609589355693,0.3545036002048547
156.25,2.72707695624114,203.75,0.5135113834819927,0.00019500905480429598,0.6901150658225723,0.01161090260189084,0.9183941715678738,0.3598239834122329
156.5,2.731440279371126,203.5,0.5165313616447447,0.00024911309894704026,0.6941500455333346,0.01319236386043257,0.9308910346403689,0.365048528664305
156.75,2.7358036025011114,203.25,0.5195690606419893,0.0003101670006141477,0.698236773470686,0.014796413294526528,0.9421165379831277,0.3701777213123999
157.0,2.7401669256310974,203.0,0.522624694217423,0.0003782684131653502,0.702369737972008,0.016422635908822317,0.9520870410060989,0.37521204670784486
157.25,2.7445302487610834,202.74999999999997,0.5256984522213078,0.0004535131838212525,0.7065434987560729,0.018070618825714962,0.9608189031192326,0.3801519902019695
157.5,2.748893571891069,202.5,0.5287905009219289,0.0005359953629047176,0.7107526869230435,0.019739951285342956,0.9683284837324729,0.3849980371460992
157.75,2.753256895021055,202.24999999999997,0.5319009833170604,0.0006258072130802539,0.7149920049544783,0.021430224645591144,0.9746321422557744,0.3897506728915651
158.0,2.7576202181510405,202.0,0.5350300194454172,0.0007230392185954004,0.7192562267133226,0.023141032382087198,0.9797462380990811,0.3944103827896925
158.25,2.7619835412810265,201.75,0.5381777066981234,0.0008277800945206693,0.723540197443918,0.024871970088205173,0.9836871306723444,0.3989776521918115
158.5,2.7663468644110125,201.5,0.5413441201301665,0.0009401167959897094,0.7278388337719957,0.02662263547506255,0.9864711793855121,0.403452966449249
158.75,2.770710187540998,201.25,0.54452931277186,0.0010601345274401375,0.7321471237046789,0.028392628371522288,0.9881147436485334,0.407836810913334
159.0,2.775073510670984,201.0,0.5477333159403028,0.0011879167518540346,0.7364601266304827,0.030181550724191365,0.988634182871356,0.41212967093539343
159.25,2.7794368338009696,200.75,0.55095613955084,0.0013235451999979997,0.7407729733193141,0.031989006597422084,0.9880458564639295,0.41633203186675655
159.5,2.7838001569309556,200.5,0.5541977724285218,0.0014670998796630919,0.7450808659224724,0.033814602173310775,0.9863661238362023,0.4204443790587505
159.75,2.7881634800609416,200.24999999999997,0.557458182619565,0.0016186590849066596,0.7493790779726482,0.035657945751699276,0.9836113443981227,0.42446719786270426
160.0,2.792526803190927,200.0,0.5607373177028104,0.0017782994052912837,0.7536629543839225,0.03751864775017275,0.9797978775596409,0.42840097362994434
160.25,2.796890126320913,199.74999999999997,0.5640351051011885,0.0019460957351262742,0.7579279114517724,0.039396320704062904,0.9749420827307028,0.43224619171180084
160.5,2.8012534494508987,199.5,0.567351452393171,0.002122121282707168,0.7621694368530609,0.041290579266444076,0.9690603193212607,0.4360033374595996
160.75,2.8056167725808847,199.24999999999997,0.5706862476242407,0.0023064475795568917,0.7663830896460485,0.04320104020813733,0.9621689467412591,0.43967289622467104
161.0,2.8099800957108707,199.0,0.5740393596183422,0.0024991444896651505,0.770564500270383,0.04512732241770634,0.9542843244006517,0.443255353358341
161.25,2.8143434188408563,198.75,0.5774106382893496,0.0027002802187303665,0.7747093705471078,0.04706904690146137,0.945422811709383,0.44675119421193926
161.5,2.8187067419708423,198.5,0.5807999149525221,0.0029099213233990673,0.7788134736786552,0.04902583678345594,0.9356007680774036,0.4501609041367928
161.75,2.8230700651008283,198.24999999999997,0.5842070026359658,0.0031281327205059384,0.7828726542488514,0.05099731730548934,0.9248345529146598,0.45348496848423087
162.0,2.827433388230814,198.00000000000003,0.5876316963920915,0.003354977696315098,0.7868828282229114,0.05298311582710412,0.9131405256311058,0.4567238726055798
162.25,2.8317967113608,197.74999999999997,0.5910737736090799,0.0035905179157602607,0.7908399829474468,0.054982861825589396,0.900535045636683,0.45987810185216943
162.5,2.8361600344907854,197.50000000000003,0.5945329943223348,0.0038348134316847915,0.7947401771504555,0.05699618689597689,0.8870344723413474,0.4629481415753263
162.75,2.8405233576207713,197.24999999999997,0.5980091015259503,0.004087922694082424,0.798579540941333,0.05902272475104514,0.8726551651550409,0.46593447712637986
163.0,2.8448866807507573,196.99999999999997,0.6015018214841644,0.004349902559337426,0.8023542758108615,0.0610621112213155,0.8574134834877167,0.4688375938566574
163.25,2.849250003880743,196.74999999999997,0.6050108640428233,0.004620808299465651,0.8060606546312178,0.06311398425505481,0.8413257867493226,0.4716579771174867
163.5,2.853613327010729,196.50000000000003,0.6085359229408398,0.004900693611353812,0.8096950216559693,0.06517798391827449,0.8244084343498097,0.474396112260196
163.75,2.8579766501407144,196.24999999999997,0.6120766761216556,0.005189610626000762,0.8132537925200775,0.06725375239473147,0.8066777856991185,0.4770524846361145
164.0,2.8623399732707004,196.00000000000003,0.6156327860446957,0.005487609917758096,0.8167334542398919,0.06934093398592546,0.7881502002072089,0.4796275795965685
164.25,2.8667032964006864,195.74999999999997,0.6192038999968372,0.00579474051356943,0.8201305652131581,0.07143917511110306,0.7688420372840179,0.4821218824928875
164.5,2.871066619530672,195.50000000000003,0.6227896504038595,0.006111049902212118,0.823441755219009,0.07354812430725331,0.7487696563395067,0.48453587867639836
164.75,2.875429942660658,195.25,0.626389655141914,0.00643658404353642,0.8266637254179744,0.07566743222911225,0.7279494167836098,0.4868700534984305
165.0,2.8797932657906435,195.00000000000003,0.6300035178489751,0.0067713873777072164,0.8297932483519707,0.0777967516491582,0.7063976780262916,0.48912489231031064
165.25,2.8841565889206295,194.75,0.6336308282363097,0.007115502834442955,0.8328271679443108,0.07993573745761655,0.6841307994774852,0.491300880463368
165.5,2.8885199120506155,194.5,0.6372711623999276,0.007468971842257366,0.8357623994996956,0.08208404666245543,0.6611651405471508,0.4933985033089299
165.75,2.892883235180601,194.25,0.6409240831320491,0.007831834337699295,0.8385959297042203,0.08424133838938831,0.6375170606452325,0.4954182461983245
166.0,2.897246558310587,194.0,0.6445891402325615,0.008204128774592978,0.8413248166253708,0.08640727388187391,0.6132029191816795,0.4973605944828801
166.25,2.901609881440573,193.75,0.64826587082048,0.008585892133278317,0.8439461897120254,0.08858151650111469,0.5882390755664411,0.4992260335139244
166.5,2.9059732045705586,193.5,0.6519537996454077,0.008977159929852263,0.8464572497944536,0.09076373172605864,0.5626418892094653,0.501015048642786
166.75,2.9103365277005446,193.25,0.6556524393989956,0.009377966225407985,0.8488552690843176,0.09295358715339762,0.5364277195207019,0.5027281252207925
167.0,2.91469985083053,193.00000000000003,0.6593612910264026,0.009788343635275698,0.8511375911746701,0.09515075249756855,0.5096129259101021,0.5043657485992717
167.25,2.919063173960516,192.75,0.6630798440377579,0.010208323338263936,0.8533016310399582,0.0973548995907539,0.4822138677876027,0.5059284041295529
167.5,2.923426497090502,192.5,0.6668075768196151,0.010637935085898498,0.8553448750360166,0.09956570238287908,0.4542469045631653,0.5074165771629631
167.75,2.9277898202204877,192.25,0.6705439569464189,0.011077207211663609,0.857264880900076,0.1017828369416151,0.42572839564673404,0.5088307530508306
168.0,2.9321531433504737,192.0,0.6742884414919617,0.011526166640242419,0.8590592777507565,0.104005981452378,0.3966747004482583,0.5101714171444834
168.25,2.9365164664804593,191.75,0.6780404773408442,0.01198483889675761,0.8607257660880709,0.10623481621832766,0.36710217837768555,0.5114390547952496
168.5,2.9408797896104453,191.5,0.6817995014999358,0.012453248116010895,0.8622621177934238,0.10846902366036948,0.3370271888449664,0.5126341513544577
168.75,2.9452431127404313,191.25,0.6855649414098348,0.01293141705172407,0.8636661761296109,0.11070828831715274,0.30646609126004687,0.513757192173435
169.0,2.949606435870417,191.0,0.6893362152563276,0.013419367085779843,0.8649358557408212,0.11295229684507219,0.2754352450328784,0.5148086626035102
169.25,2.953969759000403,190.75,0.6931127322818501,0.01391711823746089,0.8660691426526335,0.11520073801826643,0.24395100957340812,0.5157890479960109
169.5,2.9583330821303884,190.5,0.6968938930969464,0.014424689172692018,0.8670640942720204,0.11745330272861958,0.21202974429158478,0.5166988337022657
169.75,2.9626964052603744,190.25,0.7006790899917299,0.014942097213278549,0.8679188393873447,0.11970968398575957,0.17968780859735756,0.5175385050736021
170.0,2.9670597283903604,189.99999999999997,0.7044677072473438,0.015469358346149154,0.8686315781683628,0.12196957691706033,0.14694156190067015,0.5183085474613486
170.25,2.971423051520346,189.75,0.7082591214474175,0.016006487232593347,0.8692005821662209,0.12423267876763783,0.11380736361148487,0.5190094462168328
170.5,2.975786374650332,189.49999999999997,0.7120527017895342,0.01655349721750521,0.8696241943134584,0.12649868890035662,0.08030157313973249,0.5196416866913834
170.75,2.980149697780318,189.25,0.7158478103966814,0.017110400338620435,0.8699008289240062,0.12876730879582168,0.0464405498953813,0.5202057542363278
171.0,2.9845130209103035,189.0,0.7196438026287202,0.017677207335759393,0.8700289716931868,0.1310382420523864,0.012240653288363287,0.5207021342029946
171.25,2.9888763440402895,188.75,0.7234400273938385,0.01825392766006617,0.8700071796977149,0.13331119438614641,-0.02228175727136555,0.5211313119427117
171.5,2.993239667170275,188.5,0.7272358274600146,0.018840569483249192,0.8698340813956965,0.13558587363094315,-0.057110322373857964,0.5214937728068069
171.75,2.997602990300261,188.25,0.7310305397664763,0.019437139706821926,0.8695083766266297,0.1378619897383621,-0.09222868260916466,0.5217900021466085
172.0,3.001966313430247,187.99999999999997,0.7348234957351615,0.02004364397134306,0.869028836611405,0.14013925477773445,-0.12762047856734393,0.5220204853134448
172.25,3.0063296365602326,187.75,0.7386140215821753,0.02066008666565633,0.8683943039523038,0.1424173829361337,-0.16326935083842728,0.5221857076586435
172.5,3.0106929596902186,187.49999999999997,0.7424014386292573,0.021286470936132673,0.8676036926329994,0.14469609051838178,-0.19915894001249176,0.5222861545335327
172.75,3.015056282820204,187.25,0.7461850636152318,0.021922798695908297,0.8666559880185577,0.14697509594704103,-0.23527288667956378,0.5223223112894404
173.0,3.01941960595019,186.99999999999997,0.7499642090074781,0.02256907063412772,0.8655502468554351,0.1492541197624227,-0.27159483142971946,0.5222946632776949
173.25,3.023782929080176,186.75000000000003,0.7537381833133804,0.02322528622518072,0.8642855972714824,0.1515328846225785,-0.3081084148529847,0.5222036958496243
173.5,3.0281462522101616,186.49999999999997,0.757506291391798,0.023891443737946938,0.8628612387759383,0.1538111153033091,-0.3447972775394362,0.5220498943565564
173.75,3.0325095753401476,186.25000000000003,0.7612678347645156,0.02456754024503205,0.8612764422594371,0.15608853869815556,-0.38164506007910015,0.5218337441498194
174.0,3.036872898470133,185.99999999999997,0.7650221119277131,0.02525357163201214,0.8595305499940025,0.15836488381840788,-0.41863540306205177,0.5215557305807416
174.25,3.041236221600119,185.75000000000003,0.7687684186634158,0.025949532606670322,0.8576229756330516,0.16063988179309643,-0.45575194707832056,0.5212163390006508
174.5,3.045599544730105,185.49999999999997,0.7725060483509641,0.026655416708240676,0.8555532042113912,0.1629132658690005,-0.4929783327179785,0.5208160547608748
174.75,3.0499628678600907,185.25000000000003,0.7762342922784645,0.027371216316645852,0.8533207921452229,0.16518477141063997,-0.5302982005710555,0.5203553632127422
175.0,3.0543261909900767,184.99999999999997,0.7799524399542584,0.028096922661739243,0.8509253672321373,0.16745413590028344,-0.5676951912276256,0.5198347497075807
175.25,3.0586895141200627,184.74999999999997,0.7836597794183742,0.02883252583254392,0.8483666286511189,0.16972109893794052,-0.6051529452777227,0.5192546995967187
175.5,3.0630528372500483,184.49999999999997,0.7873555975539929,0.02957801478649491,0.8456443469625424,0.17198540224136794,-0.6426551033114034,0.5186156982314839
175.75,3.0674161603800343,184.24999999999997,0.7910391803989059,0.030333377358677804,0.842758364108176,0.17424678964606582,-0.6801853059187193,0.5179182309632046
176.0,3.07177948351002,184.0,0.7947098134569759,0.031098600271070254,0.8397085934111774,0.17650500710527994,-0.7177271936897227,0.5171627831432087
176.25,3.076142806640006,183.75,0.7983667820095959,0.031873669141782024,0.8364950195760991,0.17875980268999977,-0.7552644072144642,0.5163498401228245
176.5,3.080506129769992,183.5,0.8020093714271505,0.03265856849429505,0.8331176986888827,0.1810109265889604,-0.7927805870829944,0.5154798872533798
176.75,3.0848694528999774,183.25000000000003,0.8056368674804746,0.03345328176670459,0.8295767582168637,0.18325813110864023,-0.8302593738853601,0.5145534098862029
177.0,3.0892327760299634,183.0,0.8092485566523165,0.03425779132095952,0.825872397008767,0.1855011706732649,-0.8676844082116284,0.5135708933726215
177.25,3.093596099159949,182.75000000000003,0.8128437264487921,0.03507207845210125,0.8220048852947127,0.18773980182480102,-0.9050393306518267,0.5125328230639643
177.5,3.097959422289935,182.5,0.8164216657108531,0.03589612339750681,0.817974564686209,0.18997378322296396,-0.9423077817960348,0.5114396843115585
177.75,3.102322745419921,182.25,0.8199816649257383,0.036729905346126746,0.8137818481761593,0.1922028756452101,-0.9794734022342809,0.510291962466733
178.0,3.1066860685499065,182.0,0.823523016538441,0.03757340244772711,0.8094272201388563,0.1944268419867429,-1.0165198325566234,0.5090901428808156
178.25,3.1110493916798925,181.75,0.8270450152631649,0.03842659182212871,0.8049112363299856,0.19664544726050928,-1.0534307133531153,0.507834710905134
178.5,3.115412714809878,181.5,0.8305469583947857,0.03928944956844904,0.8002345238866247,0.1988584585972017,-1.0901896852138062,0.5065261518910168
178.75,3.119776037939864,181.25,0.8340281461203107,0.040161950774340927,0.7953977813272433,0.20106564524525652,-1.1267803887287484,0.5051649511897917
179.0,3.12413936106985,181.0,0.8374878818303392,0.041044069525234095,0.7904017785517015,0.20326677857085543,-1.1631864644879926,0.5037515941527867
179.25,3.1285026841998356,180.75,0.8409254724305222,0.04193577891357503,0.7852473568412525,0.20546163205792412,-1.1993915530815915,0.5022865661313304
179.5,3.1328660073298216,180.5,0.8443402286530228,0.04283705104806823,0.7799354288585405,0.2076499813081337,-1.2353792950995932,0.5007703524767502
179.75,3.1372293304598076,180.24999999999997,0.8477314653679768,0.043747857062915396,0.7744669786476018,0.20983160404089965,-1.2711333311320592,0.49920343854037436
180.0,3.141592653589793,180.0,0.85109850189495,0.04466816712705601,0.7688430616338665,0.21200628009338118,-1.30663730176902,0.4975863096735315
180.25,3.145955976719779,179.75,0.8544406623144032,0.04559795045340942,0.7630648046241525,0.2141737914204839,-1.3418748476005453,0.4959194512275491
180.5,3.1503192998497647,179.5,0.8577572757791478,0.04653717530811263,0.7571334058066728,0.21633392209485716,-1.3768296092166807,0.49420334855375525
180.75,3.1546826229797507,179.25,0.8610476768258084,0.04748580901976307,0.7510501347510301,0.21848645830689478,-1.4114852272074783,0.49243848700347836
181.0,3.1590459461097367,179.0,0.8643112056862812,0.04844381798865727,0.7448163324082211,0.2206311883647359,-1.4458253421629879,0.490625351928046
181.25,3.163409269239722,178.75,0.8675472085991955,0.049411167696032265,0.7384334111106327,0.22276790269426353,-1.479833594673262,0.4887644286787867
181.5,3.167772592369708,178.5,0.8707550381213732,0.05038782271330611,0.7319028545720437,0.22489639383910628,-1.5134936253283506,0.486856202607028
181.75,3.1721359154996938,178.25,0.8739340534392889,0.05137374671131667,0.7252262178876258,0.22701645646063656,-1.546789074718306,0.48490115906409886
182.0,3.1764992386296798,178.0,0.8770836206805295,0.05236890246956438,0.718405127533941,0.22912788733797218,-1.5797035834331796,0.4828997834013263
182.25,3.1808625617596658,177.74999999999997,0.880203113225256,0.0533732518854515,0.7114412813689437,0.23123048536797536,-1.6122207920630274,0.4808525609700387
182.5,3.1852258848896513,177.5,0.8832919120176598,0.054386755983521384,0.7043364486319833,0.23332405156525218,-1.6443243411978856,0.47875997712156504
182.75,3.1895892080196373,177.25,0.8863494058774284,0.055409374924701216,0.6970924699437947,0.2354083890621549,-1.6759978714278196,0.4766225172072323
183.0,3.193952531149623,177.0,0.8893749918112004,0.05644106801554105,0.6897112573065093,0.23748330310877977,-1.707225023342878,0.4744406665783688
183.25,3.198315854279609,176.75,0.8923680753240282,0.057481793717453655,0.6821947941036489,0.23954860107296727,-1.7379894375331109,0.4722149105863027
183.5,3.202679177409595,176.49999999999997,0.8953280707308376,0.05853150965595644,0.6745451351001264,0.24160409244030365,-1.7682747545885746,0.46994573458236166
183.75,3.2070425005395804,176.25,0.8982544014678863,0.059590172629910176,0.6667644064422499,0.24364958881411755,-1.798064615099305,0.46763362391787505
184.0,3.2114058236695664,176.0,0.9011465004042276,0.060657738620761514,0.6588548056577149,0.24568490391548548,-1.8273426596553688,0.4652790639441693
184.25,3.2157691467995524,175.74999999999997,0.9040038101531674,0.06173416280178112,0.6508186016556092,0.24770985358322672,-1.8560925288468169,0.46288254001257306
184.5,3.220132469929538,175.50000000000003,0.9068257833837234,0.06281939954730542,0.6426581347264182,0.24972425577390456,-1.8842978632636864,0.4604445374744154
184.75,3.224495793059524,175.24999999999997,0.9096118831320906,0.06391340244197719,0.6343758165420095,0.2517279305618293,-1.9119423034960468,0.4579655416810226
185.0,3.2288591161895095,175.00000000000003,0.9123615831130935,0.06501612428998449,0.6259741301556533,0.2537207001390532,-1.9390094901339332,0.45544603798372446
185.25,3.2332224393194955,174.74999999999997,0.9150743680316542,0.06612751712430331,0.6174556300020001,0.25570238881537566,-1.965483063767412,0.4528865117338476
185.5,3.2375857624494815,174.49999999999997,0.9177497338942456,0.0672475322159356,0.6088229418971031,0.25767282301833905,-1.9913466649865237,0.4502874482827207
185.75,3.241949085579467,174.25000000000003,0.920387188320356,0.06837612008315097,0.6000787630384019,0.2596318312932306,-2.0165839343813183,0.4476493329816729
186.0,3.246312408709453,173.99999999999997,0.9229862508539488,0.06951323050072822,0.5912258620047246,0.2615792443030839,-2.0411785125418596,0.44497265118202967
186.25,3.2506757318394386,173.75000000000003,0.9255464532749185,0.07065881250919226,0.5822670787563007,0.2635148948286743,-2.0651140400581824,0.44225788823512213
186.5,3.2550390549694246,173.49999999999997,0.9280673399105572,0.07181281442405874,0.5732053246347398,0.2654386177685252,-2.0883741575203554,0.43950552949227534
186.75,3.2594023780994106,173.24999999999997,0.9305484679470084,0.07297518384507096,0.5640435823630541,0.2673502501389015,-2.1109425055184166,0.4367160603048197
187.0,3.263765701229396,172.99999999999997,0.9329894077407315,0.07414586766544262,0.554784906045641,0.2692496310738149,-2.132802724642422,0.43388996602408225
187.25,3.268129024359382,172.75,0.9353897431299599,0.07532481208109676,0.5454324211682917,0.2711366018250208,-2.153938455482422,0.43102773200139133
187.5,3.2724923474893677,172.50000000000003,0.9377490717461611,0.07651196259990711,0.5359893245981906,0.2730110057620195,-2.1743333386284656,0.4281298435880754
187.75,3.2768556706193537,172.25,0.9400670053254987,0.0777072640509382,0.5264588845839082,0.2748726883720567,-2.193971014670613,0.42519678613546114
188.0,3.2812189937493397,172.0,0.9423431700202886,0.07891066059368534,0.5168444407554151,0.2767214972601215,-2.212835124198907,0.4222290449948778
188.25,3.2855823168793252,171.75,0.9445772067104631,0.08012209572731543,0.5071494041240686,0.27855728214894815,-2.230909307803402,0.4192271055176534
188.5,3.2899456400093112,171.5,0.9467687713150287,0.08134151229990727,0.4973772570826188,0.28037989487901627,-2.2481772060741485,0.4161914530551155
188.75,3.294308963139297,171.25,0.948917535103527,0.0825688525176923,0.4875315534052076,0.28218918940854915,-2.264622459601198,0.4131225729585928
189.0,3.2986722862692828,171.0,0.9510231850074944,0.08380405795429469,0.47761591824736865,0.2839850218135155,-2.280228708974602,0.41002095057941246
189.25,3.3030356093992688,170.75,0.9530854239319223,0.08504706955997121,0.4676340481460282,0.28576725028762806,-2.2949795947844107,0.40688707126890356
189.5,3.3073989325292543,170.5,0.9551039710667174,0.0862978276708527,0.45758971101950346,0.28753573514234515,-2.308858757620677,0.4037214203783933
189.75,3.3117622556592403,170.25,0.9570785621981613,0.08755627201818394,0.4474867461675035,0.28929033880686855,-2.3218498380734527,0.4005244832592107
190.0,3.3161255787892263,170.0,0.9590089500203711,0.08882234173756376,0.43732906427112983,0.291030925828146,-2.3339364767327866,0.39729674526268255
190.25,3.320488901919212,169.75,0.9608949044467592,0.09009597537818592,0.4271206473928749,0.2927573628708688,-2.3451023141887317,0.39403869174013817
190.5,3.324852225049198,169.5,0.9627362129214934,0.09137711091207945,0.41686554897662403,0.2944695187174738,-2.35533099103134,0.39075080804290474
190.75,3.3292155481791834,169.25,0.9645326807309568,0.09266568574334877,0.4065678938476536,0.2961672642681418,-2.36460614785066,0.38743357952231094
191.0,3.3335788713091694,169.0,0.9662841313152084,0.09396163671741464,0.39623187821263195,0.29785047254079894,-2.3729114252367456,0.3840874915296843
191.25,3.3379421944391554,168.75,0.9679904065794427,0.09526490013025368,0.3858617696596194,0.2995190186711154,-2.380230463779648,0.3807130294163534
191.5,3.342305517569141,168.5,0.9696513672054499,0.0965754117376395,0.37546190715806826,0.3011727799125068,-2.386546904069417,0.37731067853364575
191.75,3.346668840699127,168.25,0.9712668929630761,0.09789310676438268,0.3650367010588218,0.3028116356361325,-2.391844386696105,0.37388092423289
192.0,3.351032163829113,168.0,0.9728368830216833,0.09921791991357254,0.35459063309411637,0.3044354673308974,-2.396106552249763,0.37042425186541367
192.25,3.3553954869590985,167.75,0.9743612562616091,0.1005497853758146,0.34412825637757904,0.30604415860345047,-2.399317041320442,0.3669411467825455
192.5,3.3597588100890845,167.5,0.9758399515856279,0.10188863683847404,0.33365419540422947,0.30763759517818573,-2.4014594944981935,0.36343209433561274
192.75,3.36412213321907,167.25,0.9772729282304093,0.10323440749491453,0.32317314605047875,0.30921566489724167,-2.40251755237307,0.3598975798759442
193.0,3.368485456349056,167.0,0.97866016607798,0.10458703005373926,0.31268987557412986,0.31077825772050155,-2.4024748555351207,0.3563380887548672
193.25,3.372848779479042,166.74999999999997,0.9800016659671824,0.10594643674803017,0.302209222614376,0.3123252657255933,-2.4013150445743983,0.3527541063237099
193.5,3.3772121026090276,166.5,0.981297450005135,0.10731255934458961,0.29173609719180865,0.3138565831078893,-2.3990217600809536,0.34914611793380157
193.75,3.3815754257390136,166.25,0.9825475618786937,0.10868532915318097,0.2812754807084014,0.31537210618050693,-2.395578642644838,0.34551460893646924
194.0,3.385938748868999,166.0,0.9837520671659101,0.11006467703576783,0.27083242594752627,0.31687173337430835,-2.3909693328561032,0.34186006468304075
194.25,3.390302071998985,165.75,0.9849110536474927,0.11145053341575495,0.2604120570739453,0.3183553652378999,-2.3851774713047997,0.33818297052484475
194.5,3.394665395128971,165.49999999999997,0.9860246316182666,0.11284282828722969,0.2500195696338106,0.31982290443763306,-2.3781866985809783,0.3344838118132084
194.75,3.3990287182589567,165.25,0.9870929341986333,0.1142414912241998,0.23966023055467317,0.3212742557576033,-2.369980655274694,0.3307630738994617
195.0,3.4033920413889427,164.99999999999997,0.9881161176460321,0.11564645138983676,0.22933937814546382,0.32270932609965214,-2.3605429819759913,0.32702124213493033
195.25,3.4077553645189282,164.75,0.989094361666398,0.1170576375457143,0.21906242209651852,0.32412802448336403,-2.34985731927493,0.3232588018709443
195.5,3.4121186876489142,164.50000000000003,0.990027869725624,0.11847497806105012,0.20883484347955364,0.3255302620460695,-2.337907307761555,0.31947623845883044
195.75,3.4164820107789002,164.24999999999997,0.9909168693610195,0.1198984009219447,0.19866219474768226,0.3269159520428431,-2.3246765880259175,0.3156740372499169
196.0,3.420845333908886,164.00000000000003,0.991761612492771,0.12132783374062273,0.188550099735414,0.3282850098465039,-2.3101488006580744,0.3118526835955329
196.25,3.425208657038872,163.74999999999997,0.992562375735403,0.12276320376467442,0.17850425365863906,0.3296373529476163,-2.294307586248069,0.3080126628470049
196.5,3.429571980168858,163.49999999999997,0.9933194607092363,0.1242044378862932,0.1685304231146509,0.3309729009544887,-2.2771365853859598,0.30415446035566235
196.75,3.4339353032988433,163.24999999999997,0.9940331943518497,0.12565146265151894,0.15863444608212823,0.3322915755931747,-2.2586194386617944,0.3002785614728324
197.0,3.4382986264288293,162.99999999999997,0.9947039292295392,0.12710420426947677,0.14882223192114316,0.333593300707472,-2.2387397866656262,0.29638545154984375
197.25,3.442661949558815,162.75000000000003,0.9953320438487783,0.12856258862161785,0.13909976137316118,0.3348780022589235,-2.2174812699875086,0.29247561593802457
197.5,3.447025272688801,162.49999999999997,0.9959179429676785,0.1300265412709607,0.1294730865610335,0.3361456083268171,-2.194827529217483,0.28854953998870136
197.75,3.451388595818787,162.24999999999997,0.9964620579074485,0.1314959874713293,0.11994833098901235,0.3373960491081841,-2.1707622049456106,0.28460770905320376
198.0,3.4557519189487724,161.99999999999997,0.9969648468638548,0.13297085217659577,0.1105316895427356,0.3386292569178017,-2.1452689377619385,0.2806506084828596
198.25,3.4601152420787584,161.74999999999997,0.997426795218682,0.1344510600499199,0.10122942848923455,0.3398451661881911,-2.11833136825652,0.27667872362899676
198.5,3.464478565208744,161.5,0.9978484158511925,0.13593653547298934,0.09204788547693224,0.3410437134696186,-2.0899331370194045,0.27269253984294334
198.75,3.46884188833873,161.25,0.9982302494495867,0.13742720255526064,0.08299346953564368,0.3422248374300948,-2.0600578846406457,0.26869254247602714
199.0,3.473205211468716,161.0,0.998572864822463,0.13892298514319878,0.0740726610765755,0.34338847885537516,-2.028689251710292,0.26467921687957685
199.25,3.4775685345987015,160.75,0.998876859210278,0.14042380682951827,0.06529201189232627,0.3445345806489599,-1.995810878818397,0.2606530484049197
199.5,3.4819318577286875,160.5,0.9991428585968065,0.14192959096242364,0.05665814515688636,0.3456630878320939,-1.9614064065550103,0.25661452240338445
199.75,3.486295180858673,160.25,0.9993715180206018,0.14344026065484894,0.04817775542563799,0.34677394754376645,-1.925459475510185,0.2525641242262988
200.0,3.490658503988659,160.0,0.9995635218864551,0.1449557387936995,0.039857608635355146,0.3478671090407118,-1.8879537262739698,0.24850233922499118
200.25,3.495021827118645,159.75,0.9997195842768566,0.1464759480490908,0.03170454210420367,0.3489425236974088,-1.8488727994364185,0.244429652750789
200.5,3.4993851502486306,159.5,0.9998404492634548,0.14800081088359007,0.023725464531741253,0.35000014500608084,-1.8082003355875815,0.24034655015502124
200.75,3.5037484733786166,159.25,0.9999268912185167,0.14953024956145666,0.015927355998917356,0.35103992857669636,-1.7659199753175099,0.23625351678901493
201.0,3.5081117965086026,159.0,0.9999797151263884,0.1510641861578812,0.008317267968073278,0.352061832136968,-1.7220153592162555,0.23215103800409903
201.25,3.512475119638588,158.75,0.9999997568949542,0.15260254256822747,0.00090232328294215,0.3530658155323534,-1.6764701278738694,0.22803959915160085
201.5,3.516838442768574,158.5,0.9999878300496767,0.15414524051727208,-0.006352569673554104,0.35405184072605456,-1.6516172829981646,0.22391968558284933
201.75,3.5212017658985597,158.25,0.999944458334533,0.1556922015684451,-0.013511815211160858,0.3550198717990186,-1.6299664280597022,0.21979178264917157
202.0,3.5255650890285457,158.0,0.9998700540996702,0.1572433471330702,-0.020576947761262055,0.3559698749499371,-1.6084789722513864,0.21565637570189647
202.25,3.5299284121585317,157.75,0.9997650264368256,0.1587985984796052,-0.027548679044887774,0.3569018184952463,-1.5871543462032147,0.2115139500923515
202.5,3.5342917352885173,157.5,0.9996297813376881,0.1603578767428827,-0.034427718298724666,0.3578156728691267,-1.5659919805451787,0.2073649911718651
202.75,3.5386550584185033,157.25,0.9994647217047372,0.16192110293335027,-0.04121477227511404,0.3587114106235045,-1.5449913059072713,0.20320998429176496
203.0,3.543018381548489,157.0,0.999270247362084,0.16348819794631042,-0.04791054524205007,0.35958900642804953,-1.52415175291949,0.19904941480337987
203.25,3.547381704678475,156.75,0.9990467550663107,0.16505908257116197,-0.05451573898318401,0.360448437070177,-1.5034727522118245,0.19488376805803684
203.5,3.551745027808461,156.5,0.9987946385173104,0.16663367750063973,-0.06103105279781945,0.36128968145504636,-1.4829537344142736,0.1907135294070649
203.75,3.5561083509384463,156.25,0.9985142883691278,0.16821190334005542,-0.0674571835009164,0.36211272060556216,-1.4625941301568288,0.18653918420179147
204.0,3.5604716740684323,156.0,0.9982060922407984,0.16979368061653688,-0.07379482542308957,0.36291753766237295,-1.442393370069483,0.1823612177935452
204.25,3.564834997198418,155.75,0.997870434727189,0.1713789297882704,-0.08004467041060664,0.36370411788387275,-1.4223508847822335,0.1781801155336533
204.5,3.569198320328404,155.5,0.9975076974098374,0.1729675712537393,-0.08620740782539216,0.36447244864619954,-1.4024661049250697,0.17399636277344485
204.75,3.57356164345839,155.24999999999997,0.9971182588677932,0.17455952536096608,-0.09228372454502431,0.3652225194432367,-1.3827384611279874,0.1698104448642462
205.0,3.5779249665883754,155.0,0.9967024946884564,0.17615471241674996,-0.09827430496273327,0.3659543218866116,-1.3631673840209888,0.16562284715738873
205.25,3.5822882897183614,154.75,0.9962607774784185,0.17775305269591168,-0.10417983098741035,0.3666678497056967,-1.3437523042340551,0.16143405500419714
205.5,3.5866516128483474,154.49999999999997,0.9957934768743023,0.17935446645053,-0.11000098204359664,0.36736309874760925,-1.3244926523971838,0.15724455375600035
205.75,3.591014935978333,154.25,0.9953009595536016,0.18095887391918264,-0.115738435071487,0.36804006697721053,-1.3053878591403771,0.15305482876412804
206.0,3.595378259108319,153.99999999999997,0.9947835892455216,0.18256619533619012,-0.1213928645269361,0.3686987544771072,-1.286437355093618,0.14886536537990588
206.25,3.5997415822383045,153.75,0.9942417267418184,0.18417635094085072,-0.12696494238144668,0.3693391634476501,-1.267640570886912,0.1446766489546643
206.5,3.6041049053682905,153.5,0.9936757299076394,0.1857892609866857,-0.13245533812218316,0.3699612982069352,-1.248996937150242,0.14048916483972992
206.75,3.6084682284982765,153.24999999999997,0.9930859536923631,0.18740484575067762,-0.13786471875196024,0.3705651651908029,-1.230505884513605,0.13630339838642977
207.0,3.612831551628262,153.00000000000003,0.9924727501404398,0.1890230255425095,-0.14319374878924623,0.3711507729528381,-1.2121668436070019,0.13211983494609525
207.25,3.617194874758248,152.74999999999997,0.9918364684022297,0.19064372071380864,-0.14844309026816907,0.3717181321643708,-1.1939792450604165,0.12793895987005038
207.5,3.6215581978882336,152.50000000000003,0.9911774547448458,0.19226685166738278,-0.15361340273850516,0.37226725561447493,-1.175942519503855,0.12376125850962731
207.75,3.6259215210182196,152.24999999999997,0.9904960525629906,0.19389233886646506,-0.15870534326569297,0.37279815820997037,-1.1580560975672964,0.1195872162161501
208.0,3.6302848441482056,151.99999999999997,0.9897926023897993,0.19552010284395016,-0.16371956643081792,0.3733108569754201,-1.1403194098807472,0.1154173183409498
208.25,3.634648167278191,151.75000000000003,0.9890674419076775,0.19715006421163728,-0.16865672433062473,0.3738053710531332,-1.122731887074199,0.11125205023535395
208.5,3.639011490408177,151.49999999999997,0.9883209059591418,0.198782143669471,-0.1735174665775135,0.3742817217031625,-1.1052929597776393,0.10709189725068897
208.75,3.6433748135381627,151.25000000000003,0.987553326557661,0.20041626201477825,-0.17830244029953438,0.3747399323033058,-1.0880020586210728,0.10293734473828493
209.0,3.6477381366681487,150.99999999999997,0.9867650328984936,0.20205234015151363,-0.183012290140399,0.3751800283491059,-1.07085861423448,0.09878887804946804
209.25,3.6521014597981347,150.74999999999997,0.985956351369531,0.2036902990994952,-0.18764765825946633,0.3756020374538497,-1.0538620572478665,0.09464698253556796
209.5,3.6564647829281203,150.49999999999997,0.9851276055621344,0.20533006000364773,-0.19220918433175488,0.37600598934856894,-1.0370118182912227,0.09051214354791227
209.75,3.6608281060581063,150.25,0.984279116281977,0.20697154414324304,-0.19669750554793694,0.3763919158820403,-1.020307327994541,0.08638484643782858
210.0,3.6651914291880923,150.0,0.9834112015598827,0.2086146729411379,-0.2011132566143381,0.376759851020785,-1.0037480169878172,0.08226557655664565
210.25,3.669554752318078,149.75,0.9825241766626671,0.2102593679730177,-0.2054570697529405,0.37710983084906885,-0.9873333159010442,0.0781548192556908
210.5,3.673918075448064,149.5,0.9816183541039765,0.21190555097663477,-0.20972957470137918,0.3774418935689024,-0.971062655364218,0.07405305988629288
210.75,3.6782813985780494,149.25,0.980694043655129,0.2135531438610495,-0.2139313987129451,0.377756079500041,-0.9549354660073309,0.06996078379977919
211.0,3.6826447217080354,149.0,0.9797515523559532,0.21520206871587044,-0.21806316655658392,0.37805243107998415,-0.9389511784603761,0.06587847634747845
211.25,3.6870080448380214,148.75,0.9787911845256296,0.21685224782049495,-0.2221255005168948,0.37833099286397687,-0.9231092233533502,0.061806622880718184
211.5,3.691371367968007,148.5,0.9778132417735295,0.2185036036533491,-0.22611902039413312,0.3785918115250082,-0.9074090313162446,0.057745708750827
211.75,3.695734691097993,148.25,0.9768180230100555,0.22015605890112966,-0.2300443435042075,0.3788349358538121,-0.8918500329790563,0.053696219309132334
212.0,3.7000980142279785,148.0,0.9758058244574814,0.22180953646804202,-0.23390208467868218,0.3790604167588672,-0.8764316589717771,0.04965863990696292
212.25,3.7044613373579645,147.75,0.9747769396607922,0.22346395948504294,-0.23769285626477632,0.37926830726639665,-0.8611533399244008,0.04563345589564613
212.5,3.7088246604879505,147.5,0.9737316594985242,0.22511925131907917,-0.24141726812536252,0.37945866252036864,-0.8460145064669234,0.04162115262651071
212.75,3.713187983617936,147.25,0.9726702721936051,0.22677533558232887,-0.24507592763896918,0.3796315397824955,-0.8310145892293379,0.03762221545088413
213.0,3.717551306747922,147.0,0.9715930633241934,0.22843213614144176,-0.24866943969977934,0.3797869984322348,-0.8161530188416368,0.033637129720095006
213.25,3.7219146298779076,146.75,0.9705003158345191,0.2300895771267799,-0.2521984067176298,0.3799250999667883,-0.8014292259338172,0.029666380785470823
213.5,3.7262779530078936,146.5,0.9693923100457231,0.23174758294165698,-0.25566342861801317,0.38004590800110283,-0.7868426411358701,0.025710453998340297
213.75,3.7306412761378795,146.25,0.9682693236666982,0.23340607827158033,-0.2590651028420757,0.38014948826786976,-0.7723926950777923,0.021769834710030748
214.0,3.735004599267865,146.0,0.9671316318049277,0.23506498809348952,-0.2624040243466192,0.3802359086175248,-0.7580788183895762,0.01784500827187112
214.25,3.739367922397851,145.75,0.9659795069773263,0.23672423768499873,-0.2656807856041,0.3803052390182488,-0.7439004417012154,0.013936460035188577
214.5,3.743731245527837,145.5,0.9648132191210805,0.23838375263363487,-0.26889597660262843,0.38035755155596734,-0.7298569956427058,0.010044675351311847
214.75,3.7480945686578226,145.25,0.9636330356044872,0.24004345884608014,-0.2720501848459706,0.38039292043435025,-0.7159479108440389,0.006170139571568466
215.0,3.7524578917878086,145.0,0.9624392212377951,0.24170328255741158,-0.275143995353546,0.38041142197481215,-0.7021726179352116,0.0023133380472871515
215.25,3.756821214917794,144.75,0.961232038284044,0.24336315034034117,-0.2781779906604299,0.38041313461651255,-0.6885305475462167,-0.0015252438702046348
215.5,3.76118453804778,144.5,0.9600117464699047,0.24502298911445597,-0.2811527508173521,0.38039813891635543,-0.6750211303070464,-0.005345120829578382
215.75,3.765547861177766,144.24999999999997,0.9587786029965195,0.2466827261554605,-0.2840688533906968,0.38036651754898965,-0.6616437968476958,-0.009145807479506928
216.0,3.7699111843077517,144.0,0.9575328625503421,0.24834228910441347,-0.28692687346250195,0.3803183553068086,-0.6483979777981628,-0.012926818468660436
216.25,3.7742745074377377,143.75,0.9562747773139769,0.25000160597697274,-0.28972738363046213,0.38025373909995025,-0.635283103788437,-0.01668766844571256
216.5,3.7786378305677233,143.5,0.9550045969770198,0.2516606051726318,-0.2924709540079255,0.38017275795629746,-0.6222986054485138,-0.020427872059334214
216.75,3.7830011536977093,143.25,0.9537225687468982,0.25331921548396263,-0.2951581522238951,0.3800755030214777,-0.6094439134083859,-0.02414694395819813
217.0,3.7873644768276953,142.99999999999997,0.9524289373597101,0.254977366105855,-0.29778954342302877,0.3799620675588631,-0.5967184582980474,-0.02784439879097615
217.25,3.791727799957681,142.75,0.951123945091066,0.25663498664475626,-0.30036569026563775,0.3798325469495704,-0.5841216707474968,-0.03151975120633881
217.5,3.796091123087667,142.49999999999997,0.9498078317669258,0.258292007127914,-0.30288715292769064,0.37968703869246107,-0.5716529813867215,-0.03517251585296021
217.75,3.8004544462176524,142.25,0.9484808347744429,0.25994835801261396,-0.30535448910080737,0.3795256424041412,-0.5593118208457234,-0.03880220737951008
218.0,3.8048177693476384,142.00000000000003,0.9471431890727994,0.26160397019542236,-0.307768253992266,0.3793484598189617,-0.5470976197544886,-0.04240834043466186
218.25,3.8091810924776244,141.74999999999997,0.9457951272040503,0.26325877502142536,-0.3101290003249972,0.37915559478901795,-0.5350098087430134,-0.04599042966708772
218.5,3.81354441560761,141.50000000000003,0.9444368793039624,0.26491270429346825,-0.3124372783375857,0.37894715328415035,-0.5230478184412961,-0.049547989725457986
218.75,3.817907738737596,141.24999999999997,0.9430686731128517,0.2665656902813992,-0.3146936357842735,0.37872324339194363,-0.5112110794793248,-0.053080535258446485
219.0,3.822271061867582,140.99999999999997,0.9416907339864271,0.2682176657313061,-0.31689861793495455,0.37848397531772726,-0.49949902248709815,-0.05658758091472414
219.25,3.8266343849975675,140.74999999999997,0.9403032849066283,0.2698685638747591,-0.31905276757517914,0.37822946138457547,-0.48791107809460765,-0.06006864134296239
219.5,3.8309977081275535,140.49999999999997,0.9389065464924664,0.27151831843805074,-0.3211566250061515,0.3779598160333072,-0.4764466769318489,-0.0635232311918342
219.75,3.835361031257539,140.25000000000003,0.9375007370108634,0.27316686365143505,-0.3232107280447309,0.37767515582248606,-0.4651052496288164,-0.06695086511001042
220.0,3.839724354387525,139.99999999999997,0.9360860723874925,0.2748141342583703,-0.3252156120234318,0.3773755994284199,-0.4538862268154998,-0.07035105774616457
220.25,3.844087677517511,139.74999999999997,0.9346627662176189,0.27646006552475666,-0.3271718097904218,0.3770612676451621,-0.44278903912189793,-0.07372332374896691
220.5,3.8484510006474966,139.49999999999997,0.933231029776938,0.27810459324817904,-0.3290798517095249,0.37673228338451,-0.4318131171780026,-0.07706717776709056
220.75,3.8528143237774826,139.24999999999997,0.9317910720324174,0.2797476537671456,-0.3309402656602184,0.3763887716760057,-0.42095789161380937,-0.08038213444920658
221.0,3.857177646907468,139.0,0.9303430996531356,0.28138918397032986,-0.33275357703763525,0.37603085966693667,-0.410222793059311,-0.0836677084439878
221.25,3.861540970037454,138.75,0.9288873170211223,0.28302912130580926,-0.3345203087525628,0.375658676622334,-0.3996072521445014,-0.08692341440010518
221.5,3.86590429316744,138.5,0.9274239262421986,0.28466740379030786,-0.33624098123144275,0.3752723539249742,-0.3891106994993757,-0.0901487669662316
221.75,3.8702676162974257,138.25,0.9259531271568162,0.2863039700184341,-0.337916112416372,0.37487202507537826,-0.3787325657539264,-0.09334328079103817
222.0,3.8746309394274117,138.0,0.9244751173508996,0.28793875917192346,-0.3395462177651016,0.37445782569181163,-0.36847228153814965,-0.09650647052319755
222.25,3.878994262557397,137.75,0.9229900921666832,0.28957171102887713,-0.3411318102510377,0.3740298935102848,-0.358329277482038,-0.09963785081138103
222.5,3.883357585687383,137.5,0.9214982447135531,0.2912027659730039,-0.3426734003632412,0.3735883683845527,-0.34830298421558503,-0.10273693630426106
222.75,3.887720908817369,137.25,0.9199997658788865,0.2928318650028595,-0.34417149610642717,0.373133392286115,-0.33839283236878653,-0.10580324165050918
223.0,3.8920842319473548,137.0,0.9184948443388923,0.2944589497410879,-0.345626603000966,0.37266510930421587,-0.32859825257163444,-0.10883628149879773
223.25,3.8964475550773408,136.75,0.9169836665694506,0.2960839624436604,-0.3470392240828821,0.3721836656458447,-0.31891867545412517,-0.11183557049779817
223.5,3.9008108782073267,136.5,0.9154664168569525,0.2977068460091178,-0.34840985990385503,0.3716892096357349,-0.3093535316462513,-0.11480062329618289
223.75,3.9051742013373123,136.25,0.9139432773091403,0.2993275439878086,-0.34973900853121903,0.3711818917163649,-0.2999022517780061,-0.11773095454262338
224.0,3.9095375244672983,136.0,0.9124144278659477,0.30094600059113186,-0.35102716554796265,0.37066186444795785,-0.2905642664793855,-0.1206260788857922
224.25,3.913900847597284,135.75,0.9108800463103401,0.3025621607007757,-0.35227482405272964,0.3701292825084812,-0.2813390063803826,-0.12348551097436045
224.5,3.91826417072727,135.5,0.9093403082791538,0.30417596987795925,-0.353482474659818,0.36958430269364756,-0.27222590211099085,-0.12630876545700084
224.75,3.922627493857256,135.25,0.9077953872739364,0.30578737437267045,-0.3546506054991806,0.36902708391691397,-0.2632243843012057,-0.1290953569823847
225.0,3.9269908169872414,135.0,0.9062454546717866,0.30739632113291016,-0.3557797022164252,0.36845778720948225,-0.25433388358101955,-0.13184480019918451
225.25,3.9313541401172274,134.75,0.9046906797361949,0.30900275781392916,-0.3568702479728136,0.3678765757202987,-0.2455538305804282,-0.1345566097560717
225.5,3.935717463247213,134.5,0.9031312296278826,0.31060663278747114,-0.3579227234452629,0.3672836147160544,-0.23688365592942467,-0.13723030030171862
225.75,3.940080786377199,134.25,0.9015672694156425,0.3122078951510111,-0.3589376068263448,0.36667907158118535,-0.22832279025800262,-0.13986538648479685
226.0,3.944444109507185,134.0,0.8999989620871789,0.3138064947369972,-0.35991537382428535,0.3660631158178716,-0.21987066419615706,-0.14246138295397867
226.25,3.9488074326371705,133.75,0.8984264685599468,0.3154023821220898,-0.3608564976629658,0.3654359190460387,-0.2115267083738808,-0.14501780435793568
226.5,3.9531707557671565,133.5,0.8968499476919933,0.3169955086364039,-0.36176144908192137,0.36479765500335615,-0.2032903534211697,-0.14753416534534025
226.75,3.957534078897142,133.25,0.8952695562927961,0.3185858263727469,-0.3626306963363428,0.3641484995452387,-0.19516102996801662,-0.15000998056486367
227.0,3.961897402027128,133.0,0.8936854491341044,0.32017328819586177,-0.3634647051970748,0.36348863064484527,-0.1871381686444149,-0.1524447646651785
227.25,3.966260725157114,132.74999999999997,0.8920977789607787,0.32175784775166505,-0.36426393895061726,0.36281822839307964,-0.17922120008035894,-0.1548380322949567
227.5,3.9706240482870996,132.5,0.8905066965016317,0.32333945947648834,-0.36502885839912425,0.3621374749985907,-0.17140955490584517,-0.15718929810286925
227.75,3.9749873714170856,132.25,0.8889123504802655,0.32491807860631927,-0.3657599218604052,0.36144655478777143,-0.163702663750865,-0.15949807673758898
228.0,3.9793506945470716,131.99999999999997,0.887314887625915,0.3264936611860413,-0.36645758516792354,0.3607456542047593,-0.156099957245412,-0.16176388284778823
228.25,3.983714017677057,131.75,0.8857144526842861,0.32806616407867273,-0.3671223016707978,0.3600349618114375,-0.14860086601948333,-0.16398623108213728
228.5,3.988077340807043,131.49999999999997,0.8841111884283955,0.3296355449746109,-0.36775452223380123,0.35931466828743264,-0.14120482070306928,-0.16616463608931004
228.75,3.9924406639370287,131.25,0.8825052356694124,0.3312017624008674,-0.3683546952373613,0.3585849664301173,-0.13391125192616757,-0.1682986125179765
229.0,3.9968039870670147,131.0,0.8808967332674954,0.3327647757303138,-0.3689232665775607,0.3578460511546073,-0.12671959031876967,-0.17038767501681032
229.25,4.001167310197,130.75000000000003,0.8792858181426364,0.3343245451909178,-0.3694606796661365,0.3570981194937644,-0.11962926651087061,-0.17243133823448245
229.5,4.005530633326987,130.49999999999997,0.8776726252854967,0.3358810318749865,-0.3699673754304807,0.3563413705981941,-0.11263971113246209,-0.17442911681966555
229.75,4.009893956456972,130.24999999999997,0.8760572877682511,0.33743419774840433,-0.3704437923136396,0.3555760057362474,-0.10575035481354207,-0.17638052542103072
230.0,4.014257279586958,130.00000000000003,0.8744399367554244,0.3389840056598754,-0.3708903662743144,0.35480222829401953,-0.09896062818410335,-0.17828507868724988
230.25,4.018620602716944,129.74999999999997,0.8728207015147318,0.34053041935016426,-0.37130753078686124,0.35402024377535,-0.09226996187413761,-0.18014229126699602
230.5,4.02298392584693,129.49999999999997,0.871199709427922,0.34207340346133397,-0.37169571684129044,0.3532302598018239,-0.08567778651364194,-0.18195167780894012
230.75,4.027347248976915,129.25000000000003,0.8695770860016138,0.3436129235459877,-0.3720553529432673,0.35243248611277045,-0.07918353273260959,-0.1837127529617539
231.0,4.031710572106901,129.00000000000003,0.8679529548781368,0.34514894607651103,-0.3723868651141119,0.3516271345652633,-0.07278663116103348,-0.18542503137411045
231.25,4.036073895236887,128.74999999999997,0.8663274378463728,0.3466814384543091,-0.37269067689079877,0.35081441913412126,-0.06648651242890723,-0.18708802769468091
231.5,4.040437218366873,128.49999999999997,0.8647006548525946,0.3482103690190489,-0.37296720932595706,0.3499945559119078,-0.060282607166226417,-0.18870125657213743
231.75,4.044800541496858,128.25000000000003,0.8630727240113072,0.3497357070578987,-0.3732168809878709,0.349167763108931,-0.05417434600298639,-0.19026423265515127
232.0,4.049163864626845,127.99999999999999,0.8614437616160847,0.351257422814771,-0.373440107960479,0.348334261053243,-0.04816115956917652,-0.1917764705923958
232.25,4.05352718775683,127.74999999999999,0.8598138821504149,0.35277548749955834,-0.3736373038433749,0.3474942721906418,-0.04224247849479546,-0.19323748503254157
232.5,4.057890510886816,127.50000000000003,0.8581831982985362,0.35428987329737816,-0.37380887975180604,0.3466480210846691,-0.03641773340983593,-0.19464679062426093
232.75,4.062253834016802,127.24999999999999,0.8565518209562771,0.3558005533778117,-0.3739552443166757,0.3457957344166114,-0.03068635494429015,-0.19600390201622644
233.0,4.066617157146788,126.99999999999999,0.8549198592418993,0.3573075019041423,-0.3740768036845411,0.3449376409855004,-0.02504777372815465,-0.19730833385710939
233.25,4.0709804802767735,126.74999999999999,0.8532874205069345,0.3588106940425988,-0.37417396151761434,0.34407397170811216,-0.019501420391421737,-0.19855960079558166
233.5,4.075343803406759,126.50000000000003,0.8516546103470267,0.36031010597159474,-0.3742471189937621,0.34320495961896746,-0.014046725564087653,-0.19975721748031533
233.75,4.0797071265367455,126.24999999999999,0.85002153261277,0.36180571489096913,-0.3742966748065059,0.3423308398703312,-0.00868311987614275,-0.20090069855998272
234.0,4.084070449666731,125.99999999999999,0.848388289420551,0.3632974990312253,-0.3743230251650219,0.3414518497322138,-0.003410033957583999,-0.20198955868325524
234.25,4.088433772796717,125.75000000000003,0.8467549811633877,0.36478543766277316,-0.3743265637941409,0.34056822859237046,0.0017731015615940046,-0.2030233124988048
234.5,4.092797095926703,125.5,0.8451217065217678,0.3662695111051699,-0.37430768193434844,0.33968021795629977,0.006866856051401128,-0.20400147465530394
234.75,4.097160419056689,125.25,0.8434885624744923,0.3677497007363576,-0.37426676834178474,0.3387880614472463,0.011871798881839032,-0.20492355980142413
235.0,4.101523742186674,125.0,0.8418556443095127,0.36922598900190684,-0.3742042092882446,0.3378920048061989,0.016788499422915496,-0.20578908258583728
235.25,4.105887065316661,124.74999999999996,0.8402230456347715,0.37069835942425544,-0.37412038856117746,0.3369922958918908,0.021617527044637364,-0.20659755765721555
235.5,4.110250388446646,124.5,0.8385908583890436,0.3721667966119482,-0.3740156874636879,0.33608918468080046,0.02635945111700817,-0.2073484996642304
235.75,4.114613711576632,124.25,0.8369591728527737,0.3736312862688802,-0.3738904848145344,0.3351829232671504,0.031014841010036195,-0.20804142325555447
236.0,4.118977034706618,123.99999999999996,0.835328077658919,0.37509181520353396,-0.3737451569481309,0.334273765862908,0.0355842660937272,-0.20867584307985923
236.25,4.123340357836604,123.75,0.8336976598037884,0.3765483713382205,-0.37358007771454577,0.333361968797786,0.04006829573808444,-0.20925127378581668
236.5,4.127703680966589,123.5,0.8320680046578808,0.3780009437183225,-0.3733956184795016,0.3324477905192406,0.04446749931311734,-0.20976723002209877
236.75,4.132067004096575,123.25,0.8304391959767274,0.37944952252153064,-0.37319214812437623,0.33153149159247364,0.048782446188830014,-0.21022322643737756
237.0,4.136430327226561,123.0,0.8288113159117305,0.38089409906708716,-0.37297003304620213,0.33061333470043125,0.05301370573522865,-0.2106187776803249
237.25,4.140793650356547,122.75,0.8271844450210037,0.3823346658250242,-0.3727296371576661,0.32969358464380416,0.057161847322319825,-0.21095339839961266
237.5,4.145156973486532,122.5,0.8255586622802122,0.3837712164254059,-0.3724713218871101,0.32877250834102817,0.06122744032010871,-0.2112266032439127
237.75,4.149520296616519,122.24999999999997,0.8239340450934121,0.385203745667568,-0.37219544617853023,0.32785037482828316,0.06521105409860244,-0.21143790686189737
238.0,4.153883619746504,122.0,0.8223106693038917,0.3866322495293567,-0.3719023664915778,0.3269274552594947,0.0691132580278049,-0.21158682390223807
238.25,4.15824694287649,121.75,0.8206886092050095,0.3880567251763727,-0.37159243680155846,0.3260040229063317,0.0729346214777235,-0.21167286901360713
238.5,4.162610266006476,121.49999999999997,0.819067937551036,0.3894771709712085,-0.37126600859943276,0.3250803531582084,0.0766757138183652,-0.21169555684467622
238.75,4.166973589136462,121.25000000000001,0.8174487255679939,0.3908935864826891,-0.3709234308918156,0.32415672352228425,0.08033710441973305,-0.21165440204411742
239.0,4.171336912266447,121.00000000000001,0.8158310429644953,0.392305972495115,-0.3705650502009771,0.3232334136234623,0.08391936265183565,-0.2115489192606027
239.25,4.175700235396434,120.74999999999997,0.814214957942585,0.39371433101749875,-0.37019121056484133,0.322310705204391,0.08742305788467836,-0.21137862314280384
239.5,4.180063558526419,120.49999999999997,0.8126005372085796,0.39511866529280804,-0.3698022535369878,0.32138888212546357,0.09084875948826594,-0.21114302833939286
239.75,4.184426881656405,120.25000000000001,0.810987845983906,0.39651897980720585,-0.36939851818665037,0.3204682303648175,0.0941970368326052,-0.21084164949904186
240.0,4.1887902047863905,120.00000000000001,0.8093769480159428,0.39791528029929,-0.3689803410987175,0.3195490380183348,0.0974684592877022,-0.21047400127042246
240.25,4.193153527916377,119.74999999999997,0.8077679055888597,0.3993075737693341,-0.3685480563737324,0.31863159529964263,0.10066359622356341,-0.2100395983022067
240.5,4.1975168510463625,119.50000000000001,0.8061607795344587,0.400695868488527,-0.36810199562789303,0.3177161945401129,0.10378301701019335,-0.20953795524306673
240.75,4.201880174176348,119.25000000000001,0.8045556292430124,0.40208017400821516,-0.3676424879930519,0.31680313018886164,0.10682729101759907,-0.20896858674167426
241.0,4.2062434973063345,118.99999999999997,0.8029525126741044,0.40346050116914145,-0.36716986011671615,0.3158926988127498,0.10979698761578706,-0.20833100744670116
241.25,4.21060682043632,118.74999999999997,0.8013514863674714,0.4048368621106856,-0.36668443616204816,0.31498519909638323,0.11269267617476163,-0.2076247320068195
241.5,4.214970143566306,118.50000000000001,0.7997526054538396,0.406209270280105,-0.3661865378078642,0.3140809318421126,0.11551492606452941,-0.2068492750707014
241.75,4.219333466696292,118.24999999999999,0.7981559236657672,0.4075777404417763,-0.36567648424863575,0.31318019997003216,0.118264306655097,-0.20600415128701835
242.0,4.223696789826278,117.99999999999999,0.7965614933484839,0.4089422886864327,-0.36515459219448876,0.31228330851798225,0.1209413873164696,-0.2050888753044427
242.25,4.228060112956263,117.75000000000003,0.7949693654707314,0.4103029324404075,-0.36462117587120413,0.3113905646415473,0.12354673741865325,-0.20410296177164627
242.5,4.232423436086249,117.50000000000003,0.7933795896356014,0.4116596904748735,-0.3640765470202169,0.3105022776140558,0.12608092633165427,-0.20304592533730073
242.75,4.236786759216235,117.24999999999999,0.7917922140913776,0.4130125829150826,-0.3635210148986172,0.30961875882658185,0.12854452342547895,-0.20191728065007822
243.0,4.241150082346221,116.99999999999999,0.790207285742376,0.414361631249606,-0.36295488627915007,0.308740321787944,0.13093809807013246,-0.20071654235865077
243.25,4.245513405476206,116.75000000000003,0.788624850159783,0.4157068583395771,-0.36237846545021485,0.3078672821247053,0.1332622196356206,-0.1994432251116904
243.5,4.249876728606193,116.49999999999999,0.7870449515924959,0.4170482884279293,-0.3617920542158652,0.3069999575811731,0.13551745749195065,-0.1980968435578685
243.75,4.254240051736178,116.24999999999999,0.7854676329779646,0.41838594714863686,-0.36119595189581044,0.30613866801940026,0.13770438100912713,-0.1966769123458575
244.0,4.258603374866164,116.00000000000003,0.7838929359530304,0.4197198615359564,-0.3605904553254138,0.30528373541918397,0.1398235595571564,-0.19518294612432946
244.25,4.26296669799615,115.74999999999999,0.7823209008647645,0.42105006003366685,-0.3599758588556935,0.3044354838780655,0.1418755625060452,-0.19361445954195564
244.5,4.267330021126136,115.49999999999999,0.7807515667813109,0.4223765725043085,-0.3593524543533224,0.3035942396113319,0.1438609592257984,-0.19197096724740867
244.75,4.271693344256121,115.24999999999999,0.7791849715027244,0.4236994302384257,-0.358720531200628,0.30276033095201393,0.14578031908642264,-0.1902519838893601
245.0,4.276056667386108,114.99999999999999,0.7776211515718119,0.42501866596380566,-0.35808037629559253,0.30193408835088775,0.1476342114579234,-0.18845702411648213
245.25,4.280419990516093,114.74999999999999,0.7760601422849706,0.4263343138547194,-0.357432274051853,0.30111584437647343,0.14942320571030718,-0.18658560257744627
245.5,4.284783313646079,114.5,0.7745019777030298,0.4276464095411616,-0.35677650639870073,0.30030593371503655,0.15114787121357964,-0.184637233920925
245.75,4.2891466367760644,114.25000000000003,0.7729466906620903,0.4289549901180921,-0.3561133527810823,0.29950469317058676,0.15280877733774625,-0.18261143279559017
246.0,4.293509959906051,114.0,0.7713943127843632,0.4302600941546757,-0.3554430901595982,0.2987124616648784,0.15440649345281438,-0.18050771385011288
246.25,4.297873283036036,113.75,0.7698448744890131,0.4315617617035219,-0.35476599301050454,0.297929580237411,0.1559415889287887,-0.17832559173316595
246.5,4.302236606166022,113.5,0.7682984050029941,0.43286003430992637,-0.35408233332571143,0.29715639204542843,0.1574146331356754,-0.17606458109342127
246.75,4.306599929296008,113.25,0.7667549323718921,0.4341549550211107,-0.3533923806127837,0.29639324236391895,0.1588261954434808,-0.17372419657955035
247.0,4.310963252425994,113.0,0.7652144834707654,0.43544656839546336,-0.35269640189494134,0.29564047858561604,0.16017684522221065,-0.17130395284022554
247.25,4.3153265755559795,112.75,0.7636770840149824,0.43673492051177976,-0.35199466171105853,0.29489845022099753,0.16146715184187077,-0.1688033645241184
247.5,4.319689898685966,112.49999999999996,0.7621427585710636,0.43802005897850227,-0.3512874221156642,0.2941675088982859,0.16269768467246754,-0.16622194627990078
247.75,4.3240532218159515,112.25,0.7606115305675215,0.4393020329429609,-0.3505749426789425,0.29344800836344864,0.1638690130840062,-0.16355921275624566
248.0,4.328416544945937,112.0,0.7590834223056987,0.44058089310061477,-0.3498574804867314,0.29274030448019767,0.1649817064464935,-0.16081467860182386
248.25,4.3327798680759235,111.74999999999996,0.7575584549706095,0.44185669170429065,-0.3491352901405242,0.292044755229989,0.1660363341299351,-0.15798785846530697
248.5,4.337143191205909,111.5,0.756036648641781,0.4431294825734243,-0.3484086237574688,0.29136172071202493,0.16703346550433645,-0.15507826699536884
248.75,4.341506514335895,111.25,0.7545180223040897,0.4443993211033017,-0.34767773097036736,0.2906915631432506,0.1679736699397043,-0.15208541884067944
249.0,4.34586983746588,111.0,0.7530025938586054,0.4456662642742977,-0.34694285892767723,0.290034646858357,0.16885751680604433,-0.14900882864991172
249.25,4.350233160595867,110.74999999999997,0.7514903801334273,0.4469303706611182,-0.34620425229351015,0.2893913383097792,0.1696855754733625,-0.14584801107173637
249.5,4.354596483725852,110.5,0.7499813968945284,0.44819170044203804,-0.34546215324763274,0.2887620060676977,0.1704584153116644,-0.1426024807548278
249.75,4.358959806855838,110.25000000000001,0.7484756588565911,0.4494503154081454,-0.34471680148546613,0.2881470208200365,0.1711766056909564,-0.13927175234785558
250.0,4.363323129985824,109.99999999999997,0.7469731796938496,0.4507062789725782,-0.34396843421808604,0.2875467553724653,0.1718407159812446,-0.13585534049949213
250.25,4.36768645311581,109.75000000000001,0.7454739720509312,0.4519596561797662,-0.34321728617222347,0.28696158464839827,0.17245131555253446,-0.1323527598584107
250.5,4.372049776245795,109.50000000000001,0.7439780475536923,0.45321051371467236,-0.3424635895902633,0.28639188568899376,0.17300897377483226,-0.12876352507328195
250.75,4.376413099375782,109.24999999999997,0.7424854168200621,0.4544589199120316,-0.34170757423024545,0.2858380376531552,0.17351426001814402,-0.12508715079277716
251.0,4.380776422505767,108.99999999999997,0.7409960894708811,0.45570494476559154,-0.34094946736586484,0.28530042181753085,0.17396774365247544,-0.12132315166557024
251.25,4.385139745635753,108.75000000000001,0.7395100741407412,0.4569486599373537,-0.34018949378647056,0.28477942157651337,0.17436999404783252,-0.11747104234033251
251.5,4.389503068765738,108.50000000000001,0.7380273784888252,0.4581901387668137,-0.3394278757970667,0.28427542244223997,0.17472158057422144,-0.1135303374657351
251.75,4.393866391895725,108.24999999999997,0.7365480092097473,0.45942945628020093,-0.3386648332183114,0.2837888120445927,0.1750230726016481,-0.10950055169044935
252.0,4.39822971502571,108.00000000000001,0.7350719720443946,0.460666689199719,-0.3379005833865189,0.2833199801311987,0.17527503950011816,-0.10538119966315003
252.25,4.402593038155696,107.75000000000001,0.7335992717907638,0.4619019159527875,-0.3371353411536566,0.2828693185674289,0.17547805063963787,-0.10117179603250612
252.5,4.406956361285682,107.49999999999997,0.7321299123148036,0.4631352166812811,-0.33636931888734733,0.28243722133639976,0.17563267539021324,-0.0968718554471903
252.75,4.411319684415668,107.24999999999997,0.7306638965612553,0.46436667325076997,-0.3356027264708686,0.2820240845389718,0.1757394831218501,-0.09248089255587529
253.0,4.4156830075456535,107.00000000000001,0.7292012265644905,0.46559636925976045,-0.33483577130315256,0.28163030639375086,0.17579904320455428,-0.08799842200723382
253.25,4.42004633067564,106.74999999999999,0.7277419034593515,0.46682439004893694,-0.3340686582987857,0.2812562872370865,0.1758119250083319,-0.08342395844993458
253.5,4.4244096538056255,106.49999999999999,0.7262859274919943,0.4680508227103988,-0.33330158988800973,0.28090242952307404,0.17577869790318906,-0.07875701653265284
253.75,4.428772976935611,106.25000000000003,0.7248332980307243,0.469275756096904,-0.3325347660167208,0.2805691378235527,0.17569993125913147,-0.07399711090405968
254.0,4.4331363000655974,105.99999999999999,0.723384013576839,0.47049928083110915,-0.33176838414646925,0.2802568188281066,0.17557619444616504,-0.06914375621282527
254.25,4.437499623195583,105.74999999999999,0.721938071775468,0.4717214893148073,-0.33100263925446133,0.27996588134406464,0.1754080568342959,-0.06419646710762332
254.5,4.4418629463255686,105.49999999999999,0.7204954694264111,0.4729424757381713,-0.33023772383355665,0.2796967362965003,0.17519608779353005,-0.05915475823712578
254.75,4.446226269455554,105.25000000000003,0.7190562024949809,0.47416233608899294,-0.32947382789227037,0.27944979672823195,0.17494085669387335,-0.05401814425000463
255.0,4.4505895925855405,104.99999999999999,0.7176202661228401,0.475381168161924,-0.32871113895477166,0.2792254777998222,0.17464293290533173,-0.04878613979492987
255.25,4.454952915715526,104.74999999999999,0.7161876546388442,0.47659907156771475,-0.32794984206088534,0.2790241967895786,0.17430288579791126,-0.04345825952057533
255.5,4.459316238845512,104.50000000000003,0.7147583615698794,0.47781614774245695,-0.32719011976608997,0.27884637309355365,0.1739212847416178,-0.03803401807561399
255.75,4.463679561975498,104.24999999999999,0.7133323796517029,0.4790324999568232,-0.326432152141519,0.27869242822554385,0.1734986991064572,-0.03251293010871377
256.0,4.468042885105484,103.99999999999999,0.7119097008397847,0.480248233325306,-0.3256761167739612,0.27856278581709093,0.1730356982624357,-0.026894510268550626
256.25,4.472406208235469,103.74999999999999,0.7104903163201447,0.4814634548154604,-0.32492218876585904,0.2784578716174812,0.1725328515795591,-0.02117827320379446
256.5,4.476769531365456,103.49999999999999,0.7090742165201959,0.48267827325714296,-0.3241705407353105,0.2783781134937455,0.17199072842783336,-0.015363733563118258
256.75,4.481132854495441,103.25,0.7076613911195813,0.48389279935175267,-0.3234213428160677,0.27832394143065936,0.17140989817726454,-0.009450405995192878
257.0,4.485496177625427,103.0,0.7062518290610159,0.48510714568147106,-0.3226747626575378,0.2782957875307432,0.1707909301978583,-0.003437805148691348
257.25,4.489859500755413,102.74999999999996,0.7048455185611264,0.4863214245183155,-0.3219309654247824,0.2782906124129467,0.17013439385962095,-0.0009819587021762464
257.5,4.494222823885399,102.5,0.7034424471212913,0.48753567998548475,-0.3211901137985181,0.27828149222662263,0.16944085853255825,-0.0031869614491869145
257.75,4.498586147015384,102.25,0.7020426015384793,0.4887498748860982,-0.3204523679751158,0.27826290056962805,0.16871089358667635,-0.005323455477322377
258.0,4.50294947014537,102.0,0.7006459679160918,0.48996396854342605,-0.31971788566660125,0.27823513513176995,0.16794506839198092,-0.0073920072680659565
258.25,4.507312793275356,101.75,0.6992525316748011,0.49117792157426243,-0.31898682210065477,0.2781984911311132,0.16714395231847812,-0.009393183302901389
258.5,4.511676116405342,101.5,0.6978622775633906,0.492391695878141,-0.3182593300206118,0.27815326131398127,0.16630811473617385,-0.011327550063312401
258.75,4.516039439535327,101.25,0.6964751896695964,0.49360525462655014,-0.31753555968546177,0.27809973595495546,0.16543812501507404,-0.013195674030782732
259.0,4.520402762665314,100.99999999999996,0.6950912514309449,0.49481856225214715,-0.31681565886984936,0.2780382028568757,0.16453455252518456,-0.014998121686796435
259.25,4.524766085795299,100.75,0.6937104456455949,0.496031584437973,-0.3160997728640741,0.2779689473508399,0.16359796663651188,-0.01673545951283627
259.5,4.529129408925285,100.5,0.6923327544831754,0.49724428810666943,-0.3153880444740891,0.27789225229620423,0.16262893671906134,-0.018408253990386942
259.75,4.533492732055271,100.24999999999996,0.690958159495628,0.49845664140969137,-0.3146806140215032,0.2778083980805832,0.16162803214283897,-0.020017071600932156
260.0,4.537856055185257,100.0,0.6895866416280461,0.4996686137165225,-0.3139776193435801,0.27771766261984965,0.1605958222778513,-0.021562478825954762
260.25,4.5422193783152425,99.75,0.6882181812295127,0.5008801756038923,-0.3132791957932371,0.27762032135813436,0.15953287649410358,-0.023045042146939376
260.5,4.546582701445229,99.49999999999997,0.6868527580639443,0.5020912988449888,-0.3125854762390468,0.2775166472678266,0.15843976416160196,-0.024465328045369696
260.75,4.5509460245752145,99.24999999999997,0.685490351320928,0.5033019563986736,-0.31189659106523693,0.27740691084957375,0.1573170546503526,-0.025823903002728913
261.0,4.5553093477052,99.00000000000001,0.6841309396265627,0.5045121223986978,-0.3112126681716892,0.27729138013228155,0.15616531733036165,-0.027121333500500822
261.25,4.559672670835186,98.75000000000001,0.6827745010542978,0.5057217721429178,-0.3105338329739401,0.27717032067311387,0.1549851215716346,-0.02835818602016961
261.5,4.564035993965172,98.49999999999997,0.6814210131357755,0.5069308820825082,-0.3098602084031809,0.27704399555749276,0.15377703674417725,-0.029535027043218986
261.75,4.568399317095158,98.25000000000001,0.6800704528716692,0.5081394298111774,-0.3091919149062581,0.2769126653990988,0.15254163221799646,-0.03065242305113205
262.0,4.572762640225143,98.00000000000001,0.678722796742523,0.5093473940543842,-0.30852907044567185,0.27677658833987046,0.15127947736309724,-0.031710940525393166
262.25,4.57712596335513,97.74999999999997,0.6773780207195931,0.5105547546585512,-0.3078717904995777,0.2766360200500047,0.14999114154948578,-0.03271114594748604
262.5,4.581489286485115,97.49999999999997,0.6760361002756874,0.5117614925802791,-0.30722018806178586,0.27649121372795654,0.1486771941471685,-0.033653605798894023
262.75,4.585852609615101,97.25000000000001,0.6746970103960052,0.512967589875564,-0.3065743736417611,0.27634242010043936,0.14733820452615126,-0.0345388865611009
263.0,4.590215932745087,96.99999999999997,0.6733607255889761,0.5141730296890115,-0.30593445526462243,0.27618988742242473,0.1459747420564393,-0.035367554715590846
263.25,4.594579255875073,96.74999999999997,0.6720272198971033,0.5153777962430497,-0.3053005384711443,0.27603386147714254,0.14458737610803934,-0.036140176743847154
263.5,4.598942579005058,96.50000000000001,0.6706964669078003,0.516581874827147,-0.30467272631775555,0.27587458557608074,0.14317667605095732,-0.03685731912735357
263.75,4.603305902135044,96.25000000000001,0.6693684397642317,0.5177852517870262,-0.3040511193765395,0.2757123005589857,0.14174321125519868,-0.0375195483475941
264.0,4.60766922526503,95.99999999999997,0.668043111176154,0.5189879145138787,-0.3034358157352341,0.27554724479386195,0.14028755109076937,-0.03812743088605243
264.25,4.612032548395016,95.74999999999999,0.6667204534307563,0.5201898514335797,-0.3028269109972325,0.27537965417697224,0.13881026492767595,-0.038681533224212084
264.5,4.616395871525001,95.50000000000001,0.6654004384034973,0.5213910519959037,-0.3022244982815823,0.27520976213283765,0.13731192213592433,-0.03918242184355682
264.75,4.620759194654988,95.24999999999999,0.6640830375689482,0.5225915066637407,-0.3016286682229854,0.2750377996142373,0.13579309208551973,-0.03963066322557063
265.0,4.625122517784973,94.99999999999999,0.6627682220116322,0.5237912069023074,-0.30103950897179893,0.2748639951022089,0.13425434414646883,-0.04002682385173698
265.25,4.629485840914959,94.75000000000003,0.6614559624368632,0.5249901451683661,-0.3004571061940344,0.274688574606048,0.13269624768877747,-0.04037147020353965
265.5,4.633849164044945,94.49999999999999,0.6601462291815866,0.5261883148994386,-0.2998815430713579,0.2745117616633086,0.13111937208245109,-0.04066516876246254
265.75,4.638212487174931,94.24999999999999,0.65883899222522,0.5273857105030193,-0.2993129003010906,0.274333777339803,0.1295242866974963,-0.0409084860099892
266.0,4.642575810304916,93.99999999999999,0.6575342212004917,0.5285823273457926,-0.298751256096208,0.2741548402296016,0.1279115609039187,-0.041101988427603424
266.25,4.646939133434903,93.74999999999999,0.6562318854042821,0.529778161742847,-0.2981966861853405,0.27397516645503317,0.12628176407172445,-0.04124624249678894
266.5,4.651302456564888,93.49999999999999,0.6549319538084629,0.5309732109468897,-0.297649263812773,0.27379496966668454,0.12463546557091933,-0.041341814699029505
266.75,4.655665779694874,93.24999999999999,0.6536343950707374,0.5321674731374622,-0.2971090597384452,0.27361446104340087,0.1229732347715094,-0.041389271515808825
267.0,4.6600291028248595,93.00000000000003,0.6523391775454805,0.5333609474101545,-0.2965761422379516,0.27343384929228565,0.12129564104350084,-0.04138917942861065
267.25,4.664392425954846,92.74999999999999,0.6510462692945778,0.5345536337658219,-0.29605057710254085,0.2732533406487005,0.11960325375689876,-0.04134210491891866
267.5,4.6687557490848315,92.49999999999999,0.6497556380982679,0.5357455330997972,-0.2955324276391171,0.2730731388762653,0.11789664228171017,-0.04124861446821669
267.75,4.673119072214817,92.25000000000003,0.6484672514659797,0.5369366471911079,-0.29502175467023867,0.2728934452668582,0.11617637598794067,-0.04110927455798842
268.0,4.6774823953448035,92.0,0.647181076647174,0.5381269786916912,-0.2945186165341184,0.27271445864061544,0.11444302424559567,-0.0409246516697175
268.25,4.681845718474789,91.75,0.6458970806421835,0.5393165311156068,-0.29402306908462433,0.2725363753459319,0.11269715642468191,-0.040695312284887784
268.5,4.686209041604775,91.5,0.6446152302130518,0.5405053088282545,-0.29353516569127874,0.2723593892594601,0.11093934189520481,-0.04042182288498297
268.75,4.690572364734761,91.24999999999996,0.6433354918943743,0.5416933170355879,-0.29305495723925884,0.27218369178611146,0.10917015002717041,-0.04010474995148672
269.0,4.694935687864747,91.0,0.6420578320041385,0.5428805617733288,-0.29258249212939663,0.27200947185905505,0.10739015019058525,-0.039744659965882945
269.25,4.699299010994732,90.75,0.6407822166545625,0.5440670498961844,-0.29211781627817845,0.27183691593971854,0.10559991175545465,-0.039342119409655193
269.5,4.703662334124719,90.49999999999996,0.639508611762936,0.5452527890670598,-0.29166097311774536,0.27166620801778774,0.10380000409178453,-0.03889769476428722
269.75,4.708025657254704,90.25,0.6382369830624613,0.5464377877462736,-0.2912120035958935,0.2714975296112067,0.10199099656958142,-0.038411952511262934
270.0,4.71238898038469,90.0,0.636967296113091,0.5476220551807751,-0.29077094617607335,0.2713310597661776,0.10017345855885086,-0.037885459132065855
270.25,4.716752303514675,89.75,0.6356995163123697,0.5488056013933559,-0.29033783683739006,0.2711669750571611,0.09834795942959869,-0.037318781108179794
270.5,4.721115626644662,89.49999999999996,0.6344336089062733,0.5499884371718673,-0.28991270907460354,0.27100544958687584,0.09651506855183087,-0.0367124849210884
270.75,4.725478949774647,89.25,0.6331695390000507,0.551170574058434,-0.2894955938981286,0.2708466549862989,0.09467535529555424,-0.03606713705227567
271.0,4.729842272904633,89.0,0.6319072715690599,0.5523520243386701,-0.2890865198340344,0.2706907604146655,0.09282938903077352,-0.03538330398322508
271.25,4.734205596034619,88.74999999999997,0.6306467714696121,0.5535328010308938,-0.28868551292404476,0.27053793255946906,0.09097773912749506,-0.03466155219542035
271.5,4.738568919164605,88.5,0.62938800344981,0.5547129178753409,-0.2882925967255388,0.27038833563646153,0.08912097495572564,-0.03390244817034549
271.75,4.74293224229459,88.25,0.6281309321603871,0.5558923893233827,-0.28790779231154934,0.27024213138965253,0.08725966588547004,-0.033106558389483974
272.0,4.747295565424577,87.99999999999997,0.6268755221655486,0.5570712305267388,-0.28753111827076466,0.2700994790913104,0.08539438128673457,-0.03227444933431947
272.25,4.751658888554562,87.74999999999997,0.6256217379538123,0.558249457326692,-0.28716259070752753,0.2699605355419617,0.08352569052952569,-0.03140668748633596
272.5,4.756022211684548,87.50000000000001,0.6243695439488459,0.5594270862433045,-0.28680222324183524,0.26982545507039096,0.08165416298384914,-0.030503839327017196
272.75,4.760385534814533,87.25000000000001,0.6231189045203102,0.5606041344646328,-0.28645002700933997,0.26969438953364117,0.07978036801971061,-0.02956647133784667
273.0,4.76474885794452,86.99999999999997,0.6218697839946956,0.5617806198359416,-0.2861060106613483,0.26956748831701344,0.07790487500711567,-0.028595150000308073
273.25,4.769112181074505,86.75000000000001,0.6206221466661672,0.5629565608489194,-0.2857701803648219,0.2694448983340672,0.07602825331607162,-0.02759044179588558
273.5,4.773475504204491,86.50000000000001,0.619375956807398,0.5641319766308941,-0.28544253980237655,0.2693267640266199,0.07415107231658317,-0.026552913206062508
273.75,4.777838827334477,86.24999999999997,0.6181311786804149,0.5653068869340471,-0.2851230901722834,0.2692132273647478,0.07227390137865652,-0.025483130712322513
274.0,4.782202150464463,86.00000000000001,0.6168877765474365,0.5664813121246279,-0.28481183018846795,0.2691044278467847,0.07039730987229845,-0.02438166079614991
274.25,4.7865654735944485,85.75000000000001,0.615645714681711,0.5676552731721713,-0.28450875608051013,0.26900050249932295,0.06852186716751377,-0.02324906993902785
274.5,4.790928796724435,85.49999999999997,0.6144049573783599,0.5688287916387099,-0.2842138615936449,0.2689015858772133,0.06664814263430885,-0.022085924622440124
274.75,4.7952921198544205,85.24999999999997,0.6131654689652161,0.5700018896679899,-0.28392713798876196,0.2688078100635645,0.06477670564269009,-0.020892791327870752
275.0,4.799655442984406,85.00000000000001,0.6119272138136634,0.5711745899746867,-0.28364857404240545,0.26871930466974364,0.06290812556266322,-0.019670236536803522
275.25,4.8040187661143925,84.74999999999997,0.6106901563494769,0.5723469158336202,-0.2833781560467742,0.26863619683537604,0.061042971764233664,-0.018418826730721604
275.5,4.808382089244378,84.49999999999999,0.609454261063665,0.5735188910689673,-0.2831158678097218,0.2685586112283451,0.05918181361740792,-0.017139128391109267
275.75,4.812745412374364,84.25000000000001,0.6082194925233059,0.57469054004348,-0.28286169065475675,0.2684866700447929,0.05732522049219232,-0.015831707999450252
276.0,4.817108735504349,84.00000000000003,0.6069858153823896,0.5758618876476989,-0.2826156034210417,0.2684204930091192,0.05547376175859189,-0.01449713203722793
276.25,4.821472058634336,83.74999999999999,0.6057531943926584,0.5770329592891681,-0.28237758246339456,0.26836019737398237,0.053628006786612836,-0.013135966985926034
276.5,4.825835381764321,83.49999999999999,0.6045215944144458,0.5782037808816501,-0.2821476016522874,0.2683058979202989,0.05178852494626162,-0.011748779327028712
276.75,4.830198704894307,83.25000000000003,0.6032909804275173,0.5793743788343417,-0.2819256323738476,0.26825770695724355,0.049955885607544125,-0.01033613554201959
277.0,4.834562028024293,82.99999999999999,0.6020613175419087,0.5805447800410886,-0.2817116435298565,0.2682157343222492,0.048130658140465514,-0.0088986021123819
277.25,4.838925351154279,82.74999999999999,0.6008325710087687,0.5817150118695992,-0.2815056015377506,0.2681800873810073,0.04631341191503271,-0.0074367455195999575
277.5,4.843288674284264,82.50000000000003,0.5996047062311975,0.5828851021506612,-0.28130747033062115,0.26815087102746715,0.0445047163012514,-0.005951132245157513
277.75,4.847651997414251,82.24999999999999,0.5983776887750857,0.5840550791673567,-0.2811172113572136,0.26812818768383645,0.04270514066912691,-0.004442328770537644
278.0,4.852015320544236,81.99999999999999,0.597151484379957,0.5852249716442752,-0.2809347835819286,0.2681121373005812,0.04091525438866587,-0.0029109015772246843
278.25,4.856378643674222,81.74999999999999,0.5959260589698054,0.5863948087367306,-0.28076014348482115,0.26810281735642555,0.03913562682987429,-0.0013574171467022108
278.5,4.860741966804208,81.49999999999994,0.594701378663937,0.5875646200199754,-0.28059324506160105,0.2681003228583519,0.03736682736275753,0.00021755803954632118
278.75,4.865105289934194,81.24999999999999,0.5934774097878104,0.5887344354784154,-0.28043403982363285,0.2681047463416009,0.035609425357322394,0.0018134575000363698
279.0,4.869468613064179,80.99999999999999,0.5922541188838739,0.5899042854948257,-0.28028247679793566,0.2681161778696715,0.033863990183574263,0.003429714753285031
279.25,4.873831936194165,80.75000000000003,0.5910314727224091,0.5910742008395644,-0.2801385025271834,0.26813470503432085,0.032131091211519296,0.005065763317808039
279.5,4.878195259324151,80.5,0.5898094383123678,0.592244212659789,-0.2800020610697045,0.2681604129555643,0.030411297811162908,0.0067210367121224015
279.75,4.882558582454137,80.25,0.5885879829122147,0.5934143524686697,-0.27987309399948224,0.2681933842816754,0.028705179352511864,0.008394968454743648
280.0,4.886921905584122,80.0,0.5873670740407649,0.5945846521346059,-0.27975154040615446,0.2682336991891861,0.027013305205571575,0.01008699206418834
280.25,4.891285228714109,79.74999999999996,0.5861466794880261,0.5957551438704406,-0.27963733689501385,0.26828143538288646,0.02533624474034806,0.011796541058972917
280.5,4.895648551844094,79.5,0.5849267673260374,0.5969258602226748,-0.2795304175870076,0.2683366680958248,0.02367456732684786,0.013523048957612922
280.75,4.90001187497408,79.25,0.5837073059197084,0.5980968340606841,-0.27943071411873766,0.2683994700893077,0.022028842335076328,0.015265949278625388
281.0,4.904375198104066,78.99999999999996,0.5824882639376616,0.5992680985659323,-0.2793381556424606,0.2684699116529,0.020399639135039296,0.017024675540526644
281.25,4.908738521234052,78.75,0.5812696103630709,0.600439687221186,-0.27925266882608796,0.26854806060442477,0.01878752709674341,0.018798661261832
281.5,4.9131018443640375,78.5,0.5800513145045012,0.6016116337997316,-0.2791741778531856,0.2686339822899632,0.017193075590194107,0.020587339961058704
281.75,4.917465167494023,78.25,0.5788333460067494,0.6027839723545882,-0.2791026044229741,0.2687277395838549,0.015616853985397309,0.022390145156722593
282.0,4.9218284906240095,78.0,0.5776156748616839,0.6039567372077239,-0.27903786775032896,0.26882939288869756,0.014059431652359266,0.024206510367340107
282.25,4.926191813753995,77.75,0.5763982714190848,0.60512996293927,-0.27897988456578016,0.2689390001353474,0.01252137796108577,0.02603586911142738
282.5,4.930555136883981,77.5,0.5751811063974837,0.6063036843767368,-0.2789285691155125,0.2690566167829184,0.011003262281582675,0.027877654907500785
282.75,4.934918460013967,77.24999999999997,0.573964150895004,0.6074779365842278,-0.27888383316136534,0.2691822958187832,0.009505653983855932,0.02973130127407684
283.0,4.939281783143953,77.0,0.5727473764002006,0.6086527548516547,-0.27884558598083287,0.2693160877585726,0.008029122437912175,0.0315962417296708
283.25,4.943645106273938,76.75,0.5715307548028995,0.6098281746839535,-0.27881373436706375,0.2694580406461753,0.006574237013756443,0.03347190979280001
283.5,4.948008429403925,76.49999999999997,0.5703142584050392,0.6110042317902984,-0.2787881826288615,0.2696082000537388,0.005141567081394953,0.035357738981980684
283.75,4.95237175253391,76.25000000000001,0.5690978599315095,0.6121809620733164,-0.27876883259068436,0.26976660908166833,0.0037316820108341388,0.03725316281572808
284.0,4.956735075663896,76.00000000000001,0.5678815325409916,0.6133584016183042,-0.278755583592645,0.26993330835862767,0.0023451511720794867,0.03915761481255949
284.25,4.961098398793882,75.74999999999997,0.5666652498367981,0.6145365866824415,-0.278748332490511,0.27010833604153883,0.000982543935136818,0.0410705284909912
284.5,4.965461721923868,75.49999999999997,0.565448985877714,0.6157155536840058,-0.2787469736557047,0.2702917278155818,-0.00035557032998747494,0.04299133736953879
284.75,4.969825045053853,75.25000000000001,0.5642327151888353,0.6168953391915886,-0.27875139897530277,0.27048351689419503,-0.0016686222532873278,0.044919474966718484
285.0,4.974188368183839,75.00000000000001,0.5630164127724095,0.6180759799133104,-0.2787614978520369,0.27068373401907525,-0.0029560424647574156,0.04685437480104733
285.25,4.978551691313825,74.74999999999997,0.5618000541186762,0.6192575126860348,-0.2787771572042934,0.2708924074601773,-0.004217261594391514,0.048795470391041505
285.5,4.982915014443811,74.50000000000001,0.5605836152167069,0.6204399744645828,-0.27879826146611303,0.27110956301571415,-0.00545171027218314,0.05074219525521622
285.75,4.987278337573796,74.25000000000001,0.5593670725652434,0.6216234023109504,-0.27882469258719156,0.27133522401215737,-0.006658819128127116,0.05269398291208886
286.0,4.991641660703783,73.99999999999997,0.5581504031835403,0.6228078333835213,-0.27885633003287924,0.2715694113042366,-0.00783801879221726,0.05465026688017569
286.25,4.996004983833768,73.74999999999997,0.5569335846222038,0.6239933049262825,-0.27889305078418103,0.2718121432749394,-0.008988739894447258,0.05661048067799221
286.5,5.000368306963754,73.50000000000001,0.555716594974031,0.6251798542580393,-0.27893472933775665,0.27206343583551207,-0.010110413064811327,0.05857405782405478
286.75,5.00473163009374,73.24999999999999,0.5544994128848512,0.6263675187616315,-0.27898123770592037,0.27232330242545894,-0.011202468933303868,0.06054043183688065
287.0,5.009094953223726,72.99999999999999,0.553282017564365,0.6275563358731457,-0.27903244541664135,0.2725917540125424,-0.012264338129918544,0.06250903623498505
287.25,5.013458276353711,72.75000000000003,0.5520643887969856,0.628746343071133,-0.2790882195135433,0.2728687990927833,-0.013295451284649163,0.06447930453688427
287.5,5.017821599483698,72.49999999999999,0.5508465069526757,0.6299375778658227,-0.2791484245559044,0.27315444369046077,-0.014295239027490476,0.06645067026109555
287.75,5.022184922613683,72.24999999999999,0.549628352997792,0.6311300777883371,-0.279212922618658,0.27344869135811206,-0.01526313198843605,0.06842256692613423
288.0,5.026548245743669,71.99999999999999,0.5484099085059216,0.6323238803799069,-0.2792815732923918,0.2737515431765326,-0.016198560797479934,0.0703944280505168
288.25,5.0309115688736545,71.75000000000003,0.5471911556687235,0.6335190231810865,-0.2793542336833482,0.27406299775477616,-0.017100956084616134,0.07236568715275929
288.5,5.035274892003641,71.49999999999999,0.5459720773067677,0.634715543720969,-0.2794307584134244,0.2743830512301549,-0.017969748479839072,0.07433577775137896
288.75,5.0396382151336265,71.24999999999999,0.5447526568803771,0.6359134795063998,-0.2795109996201722,0.27471169726823885,-0.01880436861314236,0.076304133364891
289.0,5.044001538263612,71.00000000000003,0.5435328785004655,0.6371128680111928,-0.279594806956798,0.27504892706285644,-0.019604247114520145,0.07827018751181176
289.25,5.0483648613935985,70.74999999999999,0.5423127269393778,0.6383137466653466,-0.27968202759216315,0.27539472933609466,-0.020368814613966717,0.08023337371065853
289.5,5.052728184523584,70.49999999999999,0.5410921876417317,0.6395161528442563,-0.2797725062107835,0.2757490903382982,-0.02109750174147587,0.0821931254799465
289.75,5.05709150765357,70.24999999999999,0.5398712467352562,0.6407201238579314,-0.27986608501282945,0.2761119938480704,-0.021789739127041626,0.08414887633819221
290.0,5.061454830783556,69.99999999999999,0.5386498910416312,0.6419256969402092,-0.27996260371412646,0.2764834211722726,-0.022444957400658123,0.08610005980391203
290.25,5.065818153913542,69.74999999999999,0.5374281080873289,0.6431329092379708,-0.28006189954615424,0.27686335114602445,-0.023062587192319437,0.08804610939562228
290.5,5.070181477043527,69.5,0.5362058861144533,0.6443417978003552,-0.2801638072560475,0.277251760132704,-0.023642059132019493,0.08998645863183916
290.75,5.074544800173513,69.25000000000003,0.5349832140915799,0.6455523995679744,-0.2802681591065956,0.2776486220239471,-0.024182803849752358,0.09192054103107847
291.0,5.078908123303499,69.0,0.5337600817245949,0.6467647513621297,-0.28037478487624234,0.27805390823964854,-0.02468425197551224,0.09384779011185773
291.25,5.083271446433485,68.75,0.5325364794675379,0.6479788898740246,-0.28048351185908654,0.27846758772796065,-0.025145834139292996,0.09576763939269203
291.5,5.08763476956347,68.5,0.5313123985334387,0.6491948516539812,-0.28059416486488137,0.2788896269652944,-0.025566980971088747,0.09767952239209811
291.75,5.091998092693457,68.25,0.5300878309051599,0.650412673100655,-0.2807065662190351,0.2793199899563189,-0.025947123100893456,0.09958287262859206
292.0,5.096361415823442,68.0,0.5288627693462346,0.6516323904502497,-0.28082053576261023,0.27975863823396147,-0.026285691158701267,0.10147712362069035
292.25,5.100724738953428,67.75,0.5276372074117082,0.6528540397657319,-0.28093589085232423,0.2802055308594077,-0.026582115774506164,0.10336170888690895
292.5,5.105088062083414,67.49999999999996,0.5264111394589778,0.6540776569260469,-0.2810524463605491,0.2806606244221013,-0.02683582757830223,0.10523606194576465
292.75,5.1094513852134,67.25,0.5251845606586323,0.6553032776153328,-0.28117001467531166,0.2811238730397445,-0.027046257200083412,0.10709961631577289
293.0,5.113814708343385,67.0,0.5239574670052914,0.6565309373121362,-0.28128840570029334,0.2815952283582976,-0.027212835269843846,0.10895180551545072
293.25,5.118178031473372,66.74999999999996,0.5227298553284476,0.657760671278627,-0.28140742685483033,0.28207463955197903,-0.027334992417577555,0.11079206306331439
293.5,5.122541354603357,66.5,0.5215017233033044,0.6589925145498124,-0.28152688307391327,0.28256205332326556,-0.027412159273278558,0.11261982247787926
293.75,5.126904677733343,66.25,0.5202730694616169,0.6602265019227542,-0.2816465768081878,0.2830574139028923,-0.027443766466940904,0.11443451727766252
294.0,5.1312680008633285,66.0,0.5190438932025323,0.6614626679457813,-0.2817663080239541,0.28356066304985245,-0.027429244628558662,0.11623558098118021
294.25,5.135631323993315,65.74999999999997,0.517814194803429,0.6627010469077063,-0.2818858742031669,0.28407174005139757,-0.02736802438812583,0.11802244710694888
294.5,5.1399946471233005,65.5,0.5165839754307577,0.6639416728270392,-0.2820050703434358,0.2845905817230372,-0.027259536375636485,0.11979454917348378
294.75,5.144357970253286,65.25000000000001,0.5153532371508801,0.6651845794412041,-0.28212368895802503,0.28511712240853965,-0.02710321122108467,0.12155132069930215
295.0,5.1487212933832724,64.99999999999997,0.5141219829409098,0.6664298001957532,-0.28224152007585357,0.28565129397993094,-0.026898479554464352,0.12329219520292016
295.25,5.153084616513258,64.75000000000001,0.5128902166995527,0.6676773682335806,-0.28235835124149494,0.28619302583749545,-0.026644772005769726,0.12501660620285343
295.5,5.1574479396432436,64.50000000000001,0.511657943257945,0.66892731638414,-0.2824739675151774,0.28674224490977596,-0.0263415192049947,0.12672398721761896
295.75,5.16181126277323,64.24999999999997,0.5104251683904955,0.6701796771526576,-0.28258815147278393,0.28729887565357354,-0.025988151782133297,0.1284137717657329
296.0,5.1661745859032155,63.99999999999997,0.5091918988257252,0.6714344827093474,-0.2827006832058522,0.287862840053947,-0.025584100367179653,0.13008539336571107
296.25,5.170537909033201,63.750000000000014,0.5079581422571059,0.6726917648786268,-0.28281134032157446,0.2884340576242141,-0.025128795590127883,0.13173828553606978
296.5,5.1749012321631875,63.49999999999997,0.506723907353901,0.6739515551283319,-0.2829198979427978,0.28901244540595045,-0.024621668080971753,0.13337188179532616
296.75,5.179264555293173,63.24999999999997,0.5054892037720061,0.6752138845589306,-0.2830261287080239,0.2895979179689897,-0.024062148469705523,0.13498561566199546
297.0,5.183627878423159,63.000000000000014,0.5042540421647888,0.6764787838927397,-0.2831298027714091,0.29019038741142406,-0.023449667386323335,0.13657892065459415
297.25,5.187991201553144,62.750000000000014,0.5030184341939268,0.6777462834631394,-0.2832306878027645,0.2907897633596042,-0.022783655460818935,0.13815123029163895
297.5,5.192354524683131,62.49999999999998,0.5017823925402515,0.6790164132037871,-0.28332854898755583,0.2913959529681385,-0.022063543323186427,0.13970197809164597
297.75,5.196717847813116,62.24999999999998,0.5005459309145845,0.6802892026378337,-0.28342314902690346,0.2920088609198937,-0.02128876160342006,0.14123059757313125
298.0,5.201081170943102,62.00000000000002,0.49930906406858044,0.681564680867138,-0.28351424813758247,0.29262838942599495,-0.02045874093151383,0.14273652225461098
298.25,5.205444494073088,61.74999999999998,0.4980718078055639,0.6828428765614822,-0.28360160405202284,0.2932544382258257,-0.01957291193746148,0.14421918565460198
298.5,5.209807817203074,61.49999999999998,0.49683417899137267,0.684123817947786,-0.2836849720183089,0.2938869045870275,-0.01863070525125734,0.14567802129161997
298.75,5.214171140333059,61.25000000000002,0.49559619556519596,0.6854075327993224,-0.28376410480017983,0.2945256833054999,-0.017631551502895658,0.14711246268418107
299.0,5.218534463463046,60.999999999999986,0.4943578765504136,0.6866940484249328,-0.2838387526770295,0.2951706667054014,-0.016574881322369825,0.14852194335080243
299.25,5.222897786593031,60.749999999999986,0.4931192420654385,0.6879833916582406,-0.2839086634439065,0.29582174463914773,-0.01546012533967435,0.1499058968099996
299.5,5.227261109723017,60.499999999999986,0.4918803133345545,0.689275588846868,-0.2839735824115139,0.29647880448741387,-0.014286714184803283,0.151263756580289
299.75,5.231624432853002,60.25000000000003,0.4906411126987577,0.6905706658416499,-0.2840332524062097,0.2971417311591323,-0.01305407848775069,0.1525949561801867
300.0,5.235987755982989,59.999999999999986,0.4894016636265947,0.6918686479858499,-0.2840874137700064,0.29781040709149426,-0.011761648878510146,0.1538989291282095
300.25,5.240351079112974,59.749999999999986,0.48816199072500555,0.693169560104373,-0.2841358043605713,0.29848471224994877,-0.010408855987076266,0.15517510894287323
300.5,5.24471440224296,59.50000000000003,0.48692211975016075,0.6944734264929836,-0.28417815955122633,0.2991645241282033,-0.008995130443442996,0.15642292914269407
300.75,5.249077725372946,59.249999999999986,0.4856820776183023,0.6957802709075187,-0.28421421223094817,0.299849717748224,-0.007519902877603855,0.15764182324618886
301.0,5.253441048502932,58.99999999999999,0.48444189241658514,0.6970901165531026,-0.28424369280436806,0.3005401656602343,-0.005982603919553396,0.15883122477187336
301.25,5.2578043716329175,58.74999999999999,0.48320159341391505,0.6984029860733634,-0.2842663291917721,0.30123573794271663,-0.004382664199285677,0.1599905672382639
301.5,5.262167694762904,58.49999999999999,0.48196121107178985,0.6997189015396466,-0.28428184682910085,0.3019363022024113,-0.002719514346794606,0.16111928416387683
301.75,5.2665310178928895,58.24999999999999,0.48072077705513855,0.7010378844402309,-0.2842899686679497,0.3026417235743172,-0.000992584992074066,0.16221680906722838
302.0,5.270894341022875,57.99999999999999,0.4794803230644685,0.7023599556695427,-0.2842922515843362,0.3033518647216911,-0.0011092810650806758,0.16328257546683503
302.25,5.2752576641528615,57.74999999999996,0.4782398456199347,0.7036851355173719,-0.2843025370175666,0.3040665858360483,-0.003600106049783107,0.16431601688121297
302.5,5.279620987282847,57.49999999999999,0.47699929968304267,0.7050134436580848,-0.28432362390167604,0.30478574463716174,-0.006060311261198988,0.1653165668288779
302.75,5.283984310412833,57.25,0.4757586384148631,0.7063448991398427,-0.28435537876114103,0.3055091963730636,-0.008489955572538099,0.16628365882834678
303.0,5.288347633542818,57.0,0.47451781555830386,0.7076795203738129,-0.2843976683773207,0.30623679382004354,-0.010889097857008444,0.16721672639813567
303.25,5.292710956672805,56.75,0.4732767854369884,0.7090173251233869,-0.2844503597884572,0.30696838728264964,-0.013257796987818362,0.1681152030567608
303.5,5.29707427980279,56.5,0.4720355029541347,0.7103583304933934,-0.28451332028967535,0.30770382459368834,-0.015596111838176519,0.16897852232273858
303.75,5.301437602932776,56.25,0.47079392359143457,0.711702552919314,-0.28458641743298296,0.30844295111422415,-0.017904101281291253,0.16980611771458493
304.0,5.305800926062762,55.99999999999996,0.46955200340793257,0.7130500081564984,-0.28466951902727056,0.3091856097335801,-0.020181824190371317,0.1705974227508166
304.25,5.310164249192748,55.75,0.46830969903890624,0.7144007112693787,-0.28476249313831153,0.30993164086933683,-0.02242933943862415,0.17135187094994933
304.5,5.314527572322733,55.5,0.467066967694743,0.7157546766206853,-0.28486520808876215,0.31068088246733394,-0.02464670589925931,0.17206889583049972
304.75,5.31889089545272,55.249999999999964,0.4658237671598213,0.7171119178606618,-0.2849775324581615,0.31143317000166915,-0.026833982445485228,0.17274793091098403
305.0,5.323254218582705,55.00000000000001,0.46458005579138983,0.718472447916278,-0.2850993350829313,0.3121883364746978,-0.028991227950509197,0.1733884097099184
305.25,5.327617541712691,54.75000000000001,0.46333579251844453,0.7198362789804484,-0.2852304850563764,0.3129462124170342,-0.03111850128754082,0.17398976574581923
305.5,5.331980864842677,54.499999999999964,0.46209093684060987,0.7212034225012446,-0.2853708517286845,0.3137066258875508,-0.03321586132978843,0.17455143253720282
305.75,5.336344187972663,54.249999999999964,0.4608454488270175,0.7225738891711102,-0.2855203047069257,0.31446940247337773,-0.035283366950459936,0.17507284360258515
306.0,5.340707511102648,54.00000000000001,0.4595992891151848,0.7239476889160776,-0.2856787138550534,0.3152343652899036,-0.03732107702276368,0.1755534324604828
306.25,5.345070834232634,53.75000000000001,0.4583524189098939,0.7253248308849819,-0.28584594929390367,0.3160013349807761,-0.03932905041990886,0.17599263262941173
306.5,5.34943415736262,53.49999999999997,0.4571047999820718,0.7267053234386759,-0.28602188140119533,0.3167701297179,-0.041307346015103816,0.17638987762788869
306.75,5.353797480492606,53.250000000000014,0.4558563946676695,0.7280891741392441,-0.28620638081153005,0.3175405652014385,-0.043256022681556115,0.17674460097442943
307.0,5.358160803622591,53.000000000000014,0.4546071658665391,0.7294763897392206,-0.28639931841639255,0.31831245465981384,-0.04517513929247516,0.17705623618755048
307.25,5.362524126752578,52.74999999999997,0.45335707704131545,0.7308669761708011,-0.2866005653641501,0.31908560884970577,-0.047064754721069406,0.17732421678576807
307.5,5.366887449882563,52.49999999999997,0.45210609221629466,0.7322609385350589,-0.2868099930600529,0.3198598360560523,-0.048924927840546535,0.1775479762875985
307.75,5.371250773012549,52.250000000000014,0.45085417597631217,0.7336582810911603,-0.28702747316623395,0.32063494209204974,-0.05075571752411525,0.1777269482115578
308.0,5.375614096142535,51.99999999999997,0.4496012934656221,0.7350590072455802,-0.2872528776017093,0.32141073029915346,-0.05255718264498464,0.1778605660761627
308.25,5.379977419272521,51.74999999999998,0.4483474103867782,0.7364631195413146,-0.2874860785423775,0.3221870015470756,-0.05432938207636246,0.17794826339992909
308.5,5.3843407424025065,51.500000000000014,0.44709249299951087,0.7378706196470981,-0.2877269484210202,0.3229635542337875,-0.05607237469145706,0.17798947370137333
308.75,5.388704065532492,51.250000000000014,0.4458365081196068,0.7392815083466184,-0.2879753599273017,0.3237401842855188,-0.0577862193634775,0.1779836304990117
309.0,5.3930673886624785,50.99999999999998,0.4445794231177886,0.7406957855277305,-0.2882311860077693,0.3245166851567569,-0.05947097496563217,0.17793016731136044
309.25,5.397430711792464,50.74999999999998,0.44332120591859425,0.7421134501716715,-0.28849429986585295,0.32529284783024764,-0.06112670037112905,0.1778285176569359
309.5,5.40179403492245,50.50000000000002,0.4420618249992554,0.7435345003422766,-0.2887645749618655,0.3260684608169949,-0.06275345445317655,0.17767811505425435
309.75,5.406157358052436,50.24999999999998,0.44080124938857596,0.7449589331751945,-0.2890418850130027,0.3268433101562618,-0.06435129608498387,0.17747839302183188
310.0,5.410520681182422,49.999999999999986,0.43953944866581357,0.7463867448671,-0.2893261039933432,0.32761717941556817,-0.06592028413975877,0.17722878507818499
310.25,5.414884004312407,49.75000000000002,0.43827639295955645,0.7478179306649115,-0.28961710613384817,0.32838984969069296,-0.06746047749070963,0.17692872474182994
310.5,5.419247327442394,49.499999999999986,0.4370120529466027,0.7492524848550056,-0.28991476592236193,0.32916109960567336,-0.06897193501104573,0.1765776455312827
310.75,5.423610650572379,49.249999999999986,0.4357463998508416,0.7506904007524302,-0.29021895810361154,0.3299307053128046,-0.07045471557397466,0.1761749809650597
311.0,5.427973973702365,48.999999999999986,0.4344794054421302,0.7521316706901215,-0.29052955767920663,0.33069844049264024,-0.07190887805270513,0.17572016456167736
311.25,5.432337296832351,48.749999999999986,0.43321104203517347,0.7535762860081187,-0.2908464399076402,0.33146407635399205,-0.07333448132044569,0.17521262983965186
311.5,5.436700619962337,48.499999999999986,0.4319412824884039,0.7550242370427777,-0.29116948030428763,0.33222738163392984,-0.07473158425040474,0.17465181031749932
311.75,5.441063943092322,48.249999999999986,0.43067010020285995,0.7564755131159877,-0.2914985546414074,0.3329881225977822,-0.07610024571579067,0.17403713951373623
312.0,5.445427266222308,48.00000000000003,0.42939746912106563,0.7579301025243854,-0.29183353894814046,0.3337460630391353,-0.07744052458981177,0.1733680509468787
312.25,5.449790589352294,47.74999999999999,0.4281233637259087,0.7593879925285701,-0.2921743095105111,0.3345009642798344,-0.07875247974567709,0.17264397813544302
312.5,5.45415391248228,47.49999999999999,0.42684775903952155,0.7608491693423184,-0.29252074287142604,0.33525258516998185,-0.08003617005659451,0.1718643545979455
312.75,5.458517235612265,47.25000000000003,0.4255706306221591,0.7623136181217993,-0.2928727158306749,0.33600068208793904,-0.08129165439577243,0.17102861385290255
313.0,5.462880558742252,46.99999999999999,0.4242919545710772,0.7637813229547907,-0.2932301054449305,0.33674500894032555,-0.08251899163641999,0.17013618941883002
313.25,5.467243881872237,46.74999999999999,0.4230117075194141,0.7652522668498912,-0.2935927890277478,0.337485317162019,-0.08371824065174488,0.16918651481424457
313.5,5.471607205002223,46.49999999999999,0.4217298666350674,0.7667264317257381,-0.29396064414956524,0.33822135571615525,-0.08488946031495583,0.1681790235576623
313.75,5.475970528132209,46.24999999999996,0.4204464096195741,0.7682037984002212,-0.2943335486377039,0.3389528710941287,-0.08603270949926152,0.1671131491675993
314.0,5.480333851262195,46.0,0.4191613147069902,0.7696843465796968,-0.2947113805763673,0.3396796073155913,-0.08714804707786979,0.16598832516257245
314.25,5.48469717439218,45.75,0.4178745606627684,0.7711680548482053,-0.29509401830664245,0.34040130592845413,-0.08823553192398964,0.16480398506109742
314.5,5.489060497522167,45.49999999999996,0.41658612678263834,0.7726549006566839,-0.29548134042649876,0.3411177060088859,-0.08929522291082949,0.1635595623816905
314.75,5.493423820652152,45.25,0.41529599289148655,0.7741448603121813,-0.29587322579078845,0.3418285441613136,-0.09032717891159732,0.16225449064286857
315.0,5.497787143782138,45.0,0.4140041393422329,0.7756379089670756,-0.29626955351124684,0.3425335545184228,-0.0913314587995021,0.16088820336314724
315.25,5.5021504669121235,44.75,0.41271054701471266,0.7771340206082861,-0.29667020295649205,0.34323246874115704,-0.09230812144775208,0.15946013406104295
315.5,5.50651379004211,44.499999999999964,0.41141519731455356,0.7786331680464901,-0.29707505375202475,0.34392501601871833,-0.09325722572955583,0.15796971625507178
315.75,5.5108771131720955,44.25,0.41011807217205687,0.7801353229053366,-0.2974839857802286,0.3446109230685663,-0.09417883051812137,0.15641638346375067
316.0,5.515240436302081,44.0,0.40881915404107383,0.7816404556106633,-0.29789687918037017,0.3452899141364196,-0.09507299468665766,0.1547995692055953
316.25,5.5196037594320675,43.749999999999964,0.4075184258978872,0.7831485353797099,-0.2983136143485989,0.3459617109962547,-0.09593977710837305,0.15311870699912175
316.5,5.523967082562053,43.50000000000001,0.4062158712400904,0.7846595302103323,-0.29873407193794665,0.3466260329503065,-0.09677923665647563,0.15137323036284714
316.75,5.528330405692039,43.25000000000001,0.404911474085464,0.7861734068702209,-0.2991581328583287,0.3472825968290679,-0.0975914322041742,0.1495625728152871
317.0,5.532693728822025,42.999999999999964,0.4036052189708578,0.7876901308861124,-0.299585678276543,0.34793111699129037,-0.09837642262467727,0.14768616787495756
317.25,5.537057051952011,42.74999999999997,0.4022970909510688,0.789209666533006,-0.3000165896162698,0.34857130532398295,-0.09913426679119298,0.14574344906037554
317.5,5.541420375081996,42.50000000000001,0.4009870755977204,0.7907319768233778,-0.3004507485580729,0.34920287124241384,-0.0998650235769298,0.14373384989005733
317.75,5.545783698211982,42.25000000000001,0.39967515899814077,0.7922570234963979,-0.30088803703939865,0.349825521690109,-0.10056875185509646,0.14165680388251856
318.0,5.550147021341968,41.99999999999997,0.3983613277542433,0.7937847670071425,-0.30132833725457614,0.3504389611388527,-0.10124551049890135,0.13951174455627555
318.25,5.554510344471954,41.750000000000014,0.39704556898140564,0.7953151665158101,-0.3017715316548173,0.35104289158868707,-0.10189535838155256,0.13729810542984558
318.5,5.558873667601939,41.500000000000014,0.39572787030734713,0.7968481798769376,-0.3022175029482171,0.351637012567913,-0.10251835437625897,0.13501532002174366
318.75,5.563236990731926,41.24999999999997,0.39440821987100994,0.7983837636286135,-0.302666134099753,0.3522210211330897,-0.1031145573562289,0.13266282185048617
319.0,5.567600313861911,41.000000000000014,0.393086606321438,0.7999218729816935,-0.30311730833128564,0.352794611869034,-0.10368402619467058,0.13024004443459075
319.25,5.571963636991897,40.750000000000014,0.3917630188166541,0.8014624618090164,-0.3035709091215585,0.3533574768888215,-0.1042268197647928,0.12774642129257216
319.5,5.576326960121883,40.49999999999998,0.39043744702254146,0.8030054826346181,-0.3040268202061974,0.353909305833786,-0.10474299693980382,0.12518138594294664
319.75,5.580690283251869,40.24999999999998,0.38910988111172207,0.8045508866229465,-0.30448492557771156,0.3544497858735189,-0.10523261659291207,0.1225443719042317
320.0,5.585053606381854,40.000000000000014,0.3877803117624352,0.8060986235680767,-0.3049451094854927,0.354978601705871,-0.10569573759732596,0.11983481269494317
320.25,5.589416929511841,39.74999999999998,0.3864487301574166,0.8076486418829274,-0.3054072564358156,0.35549543555695007,-0.1061324188262542,0.11705214183359634
320.5,5.593780252641826,39.49999999999998,0.38511512798277914,0.8092008885884729,-0.30587125119183756,0.3559999671811234,-0.10654271915290495,0.11419579283870862
320.75,5.598143575771812,39.25000000000002,0.3837794974268903,0.8107553093029611,-0.306336978773599,0.35649187386101516,-0.1069266974504867,0.11126519922879617
321.0,5.602506898901797,39.00000000000002,0.38244183117925135,0.8123118482311267,-0.3068043244580231,0.356970830407509,-0.10728441259220801,0.10825979452237462
321.25,5.606870222031784,38.749999999999986,0.38110212242937724,0.8138704481534069,-0.3072731737789159,0.357436509159746,-0.10761592345127735,0.10517901223796014
321.5,5.611233545161769,38.499999999999986,0.3797603648656763,0.8154310504151555,-0.3077434125269661,0.35788857998512597,-0.10792128890090305,0.10202228589406975
321.75,5.615596868291755,38.25000000000002,0.37841655267432783,0.8169935949158594,-0.3082149267497452,0.3583267102793062,-0.10820056781429359,0.09878904900922002
322.0,5.619960191421741,37.999999999999986,0.3770706805381613,0.8185580200983531,-0.30868760275170803,0.35875056496620356,-0.10845381906465751,0.09547873510192557
322.25,5.624323514551727,37.749999999999986,0.3757227436355377,0.8201242629380321,-0.3091613270941918,0.35915980649799145,-0.10868110152520312,0.09209077769070423
322.5,5.6286868376817125,37.50000000000003,0.3743727376392263,0.8216922589320695,-0.30963598659541636,0.359554094855103,-0.1088824740691389,0.08862461029407202
322.75,5.633050160811699,37.249999999999986,0.373020658715284,0.8232619420886322,-0.3101114683304852,0.3599330875462289,-0.10905799556967341,0.08507966643054414
323.0,5.6374134839416845,36.999999999999986,0.3716665035219364,0.8248332449160921,-0.31058765963138363,0.36029643960831836,-0.109207724900015,0.08145537961863789
323.25,5.64177680707167,36.749999999999986,0.3703102692084546,0.8264060984122449,-0.3110644480869805,0.36064380360657794,-0.10933172093337212,0.07775118337686952
323.5,5.6461401302016565,36.49999999999995,0.36895195341403564,0.8279804320535229,-0.3115417215430274,0.3609748296344739,-0.10943004254295322,0.07396651122375417
323.75,5.650503453331642,36.24999999999999,0.36759155426668205,0.8295561737842102,-0.31201936810215847,0.36128916531372945,-0.10950274860196678,0.07010079667781047
324.0,5.654866776461628,35.99999999999999,0.36622907038207897,0.8311332500056592,-0.3124972761238909,0.361586455794327,-0.1095498979836212,0.06615347325755255
324.25,5.659230099591613,35.750000000000036,0.3648645008624758,0.8327115855655036,-0.31297533422462454,0.36186634375450644,-0.109571549561125,0.06212397448149801
324.5,5.6635934227216,35.49999999999999,0.36349784529556295,0.8342911037468754,-0.31345343127764247,0.3621284694007665,-0.10956776220768656,0.05801173386816101
324.75,5.667956745851585,35.24999999999999,0.3621291037533535,0.8358717262576174,-0.31393145641311015,0.3623724704678634,-0.10953859479651441,0.05381618493606009
325.0,5.672320068981571,34.99999999999999,0.3607582767910603,0.8374533732195002,-0.314409299018076,0.3625979822188127,-0.1094841062008169,0.04953676120371038
325.25,5.676683392111557,34.74999999999996,0.35938536544597566,0.8390359631574368,-0.31488684873647144,0.36280463744488706,-0.10940435529380255,0.04517289618962798
325.5,5.681046715241543,34.5,0.3580103712363515,0.8406194129886966,-0.3153639954691105,0.3629920664656182,-0.10929940094867976,0.04072402341233096
325.75,5.685410038371528,34.25,0.3566332961602763,0.8422036380121224,-0.3158406293736902,0.3631598971287954,-0.10916930203865702,0.036189576390333524
326.0,5.689773361501515,33.99999999999996,0.3552541426945564,0.8437885518973434,-0.3163166408647902,0.3633077548104672,-0.10901411743694271,0.031568988642151956
326.25,5.6941366846315,33.75,0.35387291379359487,0.8453740666739902,-0.31679192061387335,0.363435262414939,-0.10883390601674543,0.026861693686304748
326.5,5.698500007761486,33.5,0.35248961288826874,0.846960092720912,-0.317266359549285,0.36354204037477583,-0.10862872665127347,0.022067125041305865
326.75,5.702863330891472,33.249999999999964,0.3511042438848101,0.8485465387553899,-0.31773984885625345,0.36362770665079963,-0.10839863821373526,0.01718471622567164
327.0,5.707226654021458,33.0,0.3497168111636854,0.8501333118223502,-0.3182122799768897,0.3636918767320919,-0.10814369957733941,0.012213900757920698
327.25,5.711589977151443,32.75,0.3483273195784725,0.8517203172835842,-0.3186835446101879,0.3637341636359911,-0.10786396961529428,0.00715411215656677
327.5,5.715953300281429,32.50000000000001,0.3469357744547418,0.8533074588069581,-0.3191535347120248,0.36375417790809533,-0.1075595072008083,0.0020047839401267946
327.75,5.720316623411415,32.249999999999964,0.3455421815889343,0.8548946383556317,-0.31962214249516,0.36375152762225926,-0.10723037120708988,-0.0032346503728832264
328.0,5.724679946541401,32.00000000000001,0.3441465472472423,0.85648175617727,-0.32008926042923586,0.3637258183805974,-0.10687662050734763,-0.008564757263945086
328.25,5.729043269671386,31.750000000000007,0.3427488781644857,0.8580687107932622,-0.3205547812407777,0.36367665331348126,-0.10649831397478983,-0.013986103214544585
328.5,5.733406592801373,31.499999999999968,0.3413491815429936,0.8596553989879334,-0.3210185979131938,0.3636036330795416,-0.10609551048262497,-0.019499254706165838
328.75,5.737769915931358,31.250000000000007,0.3399474650514832,0.8612417157977605,-0.3214806036867748,0.3635063558656667,-0.10566826890406163,-0.025104778220289756
329.0,5.742133239061344,31.00000000000001,0.33854373682393735,0.8628275545005883,-0.32194069205869474,0.3633844173870035,-0.10521664811230806,-0.030803240238402967
329.25,5.74649656219133,30.74999999999997,0.33713800545848494,0.8644128066048437,-0.3223987567830102,0.36323741088695666,-0.10474070698057274,-0.0365952072419889
329.5,5.750859885321316,30.49999999999997,0.3357302800162806,0.8659973618387492,-0.32285469187066057,0.36306492713718974,-0.10424050438206423,-0.04248124571252951
329.75,5.7552232084513015,30.250000000000014,0.3343205700203824,0.8675811081395407,-0.32330839158946795,0.36286655443762406,-0.10371609918999103,-0.04846192213150862
330.0,5.759586531581287,30.000000000000014,0.3329088854546314,0.869163931642681,-0.3237597504641379,0.36264187861643943,-0.10316755027756139,-0.05453780298041193
330.25,5.7639498547112735,29.749999999999975,0.3314952367625311,0.8707457166710748,-0.324208663276258,0.36239048303007354,-0.10259491651798375,-0.06070945474072293
330.5,5.768313177841259,29.500000000000014,0.33007963484612773,0.8723263457242829,-0.3246550250642991,0.36211194856322315,-0.10199825678446686,-0.06697744389392284
330.75,5.772676500971245,29.250000000000014,0.32866209106488636,0.8739056994677395,-0.3250987311236147,0.361805853628842,-0.10137762995021889,-0.07334233692149794
331.0,5.777039824101231,28.99999999999998,0.3272426172345726,0.8754836567219653,-0.32553967700644154,0.36147177416814336,-0.10073309488844823,-0.07980470030493195
331.25,5.781403147231217,28.74999999999998,0.3258212256261314,0.8770600944517822,-0.32597775852189875,0.3611092836505979,-0.10006471047236357,-0.08636510052570714
331.5,5.785766470361202,28.500000000000018,0.3243979289645656,0.8786348877555297,-0.3264128717359881,0.36071795307393495,-0.09937253557517338,-0.09302410406530663
331.75,5.790129793491189,28.24999999999998,0.322972740427814,0.8802079098542801,-0.32684491297159507,0.3602973509641412,-0.09865662907008577,-0.09978227740521739
332.0,5.794493116621174,27.99999999999998,0.3215456736456337,0.881779032081051,-0.32727377880848724,0.3598470433754633,-0.09791704983030945,-0.10664018702692031
332.25,5.79885643975116,27.75000000000002,0.3201167426984761,0.8833481238700228,-0.3276993660833149,0.3593665938904045,-0.09715385672905301,-0.11359839941189857
332.5,5.803219762881146,27.499999999999982,0.3186859621163667,0.8849150527457535,-0.3281215718896119,0.35885556361972715,-0.0963671086395244,-0.12065748104163973
332.75,5.807583086011132,27.249999999999982,0.3172533468777862,0.8864796843123918,-0.3285402935777942,0.3583135112024514,-0.09555686443493253,-0.1278179983976241
333.0,5.811946409141117,26.999999999999986,0.3158189124085471,0.8880418822428938,-0.3289554287551611,0.357739992805856,-0.0947231829884857,-0.13508051796133624
333.25,5.816309732271103,26.750000000000025,0.31438267458067437,0.8896015082682376,-0.3293668752858943,0.35713456212547773,-0.09386612317339246,-0.14244560621425897
333.5,5.820673055401089,26.499999999999986,0.3129446497112833,0.8911584221666387,-0.329774531291059,0.3564967703851117,-0.09298574386286085,-0.1499138296378794
333.75,5.825036378531075,26.249999999999986,0.31150485456146076,0.8927124817527634,-0.3301782951486022,0.35582616633681113,-0.09208210393009977,-0.1574857547136777
334.0,5.82939970166106,26.00000000000003,0.31006330633514256,0.8942635428669455,-0.3305780654933547,0.35512229626088776,-0.0911552622483177,-0.16516194792313796
334.25,5.833763024791047,25.74999999999999,0.308620022677992,0.8958114593644014,-0.33097374121702977,0.354384703965911,-0.09020527769072259,-0.172942975747747
334.5,5.838126347921032,25.49999999999999,0.30717502167628175,0.8973560831044428,-0.3313652214682234,0.35361293078870926,-0.08923220913052336,-0.18082940466898512
334.75,5.842489671051018,25.24999999999999,0.30572832185577026,0.8988972639396946,-0.33175240565241443,0.35280651559436876,-0.08823611544092826,-0.18882180116833738
335.0,5.846852994181004,24.999999999999993,0.3042799421805823,0.9004348497053077,-0.33213519343196485,0.35196499477623366,-0.0872170554951458,-0.19692073172728744
335.25,5.85121631731099,24.749999999999993,0.30282990205208765,0.9019686862081757,-0.3325134847261189,0.35108790225590714,-0.08617508816638443,-0.2051267628273192
335.5,5.8555796404409755,24.499999999999993,0.3013782213077803,0.9034986172161482,-0.33288717971100434,0.3501747694832499,-0.08511027232785257,-0.213440460949916
335.75,5.859942963570962,24.249999999999954,0.29992492022015743,0.9050244844472475,-0.33325617881963115,0.34922512543638123,-0.08402266685275846,-0.22186239257656348
336.0,5.8643062867009474,23.999999999999993,0.2984700194955998,0.9065461275588813,-0.3336203827418926,0.3482384966216789,-0.08291233061431116,-0.23039312418874044
336.25,5.868669609830933,23.749999999999996,0.2970135402732482,0.9080633841370609,-0.3339796924245645,0.34721440707377815,-0.08177932248571851,-0.23903322226793558
336.5,5.8730329329609186,23.499999999999996,0.2955555041238854,0.9095760896856133,-0.33433400907130567,0.3461523783555731,-0.08062370134018922,-0.24778325329563097
336.75,5.877396256090905,23.249999999999996,0.29409593304881354,0.9110840776153977,-0.33468323414265766,0.345051929558216,-0.07944552605093164,-0.25664378375331015
337.0,5.8817595792208905,23.0,0.2926348494787341,0.9125871792335197,-0.3350272693560447,0.34391257730111713,-0.07824485549115424,-0.26561538012245706
337.25,5.886122902350876,22.75,0.29117227627262654,0.9140852237325473,-0.3353660166857744,0.3427338357319453,-0.07702174853406554,-0.2746986088845552
337.5,5.8904862254808625,22.49999999999996,0.2897082367166278,0.915578038179725,-0.33569937836303654,0.34151521652662703,-0.07577626405287374,-0.28389403652109013
337.75,5.894849548610848,22.25,0.2882427545229118,0.9170654475061883,-0.3360272568759041,0.34025622888934826,-0.07450846092078789,-0.2932022295135411
338.0,5.899212871740834,22.0,0.2867758538285669,0.918547274496181,-0.3363495549693329,0.33895637955255176,-0.0732183980110158,-0.3026237543433959
338.25,5.90357619487082,21.749999999999964,0.2853075591944769,0.9200233397762677,-0.3366661756451614,0.3376151727769391,-0.07190613419676602,-0.3121591774921387
338.5,5.907939518000806,21.500000000000004,0.28383789560420014,0.9214934618045494,-0.33697702216211106,0.3362321103514705,-0.07057172835124743,-0.3218090654412482
338.75,5.912302841130791,21.250000000000004,0.2823668884628468,0.9229574568598797,-0.33728199803578607,0.33480669159336385,-0.0692152393476681,-0.33157398467221344
339.0,5.916666164260777,21.000000000000007,0.2808945635959597,0.9244151390310786,-0.33758100703867355,0.33333841334809533,-0.0678367260592365,-0.34145450166651586
339.25,5.921029487390763,20.749999999999964,0.27942094724839284,0.925866320206148,-0.3378739532001435,0.3318267699893997,-0.06643624735916089,-0.3514511829056416
339.5,5.925392810520749,20.500000000000007,0.27794606608319167,0.9273108100614855,-0.3381607408064484,0.33027125341926994,-0.06501386212065044,-0.36156459487106873
339.75,5.929756133650734,20.250000000000007,0.2764699471804695,0.928748416051102,-0.3384412744007239,0.32867135306795675,-0.06356962921691292,-0.3717953040442863
340.0,5.934119456780721,19.999999999999968,0.2749926180362893,0.9301789433958343,-0.33871545878298853,0.32702655589396923,-0.062103607521156755,-0.3821438769067777
340.25,5.938482779910706,19.75000000000001,0.27351410656154257,0.9316021950725601,-0.3389831990101433,0.3253363463840761,-0.06061585590659111,-0.39261087994002225
340.5,5.942846103040692,19.50000000000001,0.2720344410808262,0.9330179718034155,-0.3392444003959726,0.32360020655330185,-0.05910643324642366,-0.4031968796255084
340.75,5.947209426170678,19.24999999999997,0.27055365033132406,0.9344260720450072,-0.33949896851114303,0.3218176159449307,-0.05757539841386297,-0.41390244244472013
341.0,5.951572749300664,18.99999999999997,0.26907176346168576,0.9358262919776283,-0.33974680918320427,0.3199880516305054,-0.05602281028211785,-0.42472813487913685
341.25,5.955936072430649,18.750000000000014,0.2675888100309049,0.9372184254944741,-0.3399878284965892,0.3181109882098265,-0.05444872772439678,-0.4356745234102436
341.5,5.960299395560636,18.499999999999975,0.26610482000719765,0.938602264190857,-0.340221932792613,0.3161858978109517,-0.052853209613907486,-0.4467421745195284
341.75,5.964662718690621,18.249999999999975,0.2646198237668846,0.9399775973534199,-0.34044902866947385,0.31421225009019915,-0.051236314823859146,-0.4579316546884704
342.0,5.969026041820607,18.000000000000014,0.2631338520932672,0.941344211949353,-0.3406690229822528,0.3121895122321437,-0.04959810222746027,-0.4692435303985526
342.25,5.9733893649505925,17.750000000000018,0.26164693617550744,0.9427018926156084,-0.3408818228429138,0.3101171489496185,-0.04793863069791879,-0.4806783681312626
342.5,5.977752688080579,17.49999999999998,0.26015910760750793,0.9440504216481146,-0.34108733562030363,0.307994622483715,-0.046257959108443075,-0.4922367343680843
342.75,5.9821160112105645,17.24999999999998,0.25867039838679096,0.945389578990991,-0.3412854689401518,0.30582139260378405,-0.04455614633224214,-0.5039191955904978
343.0,5.98647933434055,17.00000000000002,0.2571808409133767,0.9467191422257643,-0.3414761306850706,0.30359691660743354,-0.04283325124252449,-0.5157263182799864
343.25,5.9908426574705365,16.74999999999998,0.25569046798866196,0.9480388865605833,-0.3416592289945553,0.30132064932052893,-0.0410893327124977,-0.5276586689180401
343.5,5.995205980600522,16.499999999999982,0.25419931281430175,0.9493485848194322,-0.34183467226498393,0.29899204309719574,-0.039324449615370974,-0.5397168139861361
343.75,5.999569303730508,16.25000000000002,0.25270740899108624,0.9506480074313474,-0.3420023691496174,0.29661054781981727,-0.03753866082435288,-0.5519013199657592
344.0,6.003932626860494,15.999999999999982,0.25121479051781953,0.9519369224196323,-0.3421622285585996,0.29417561089903327,-0.03573202521265095,-0.564212753338398
344.25,6.00829594999048,15.749999999999984,0.24972149179020148,0.9532150953910711,-0.34231415965895673,0.29168667727374425,-0.03390460165347459,-0.5766516805855312
344.5,6.012659273120465,15.499999999999986,0.2482275475997039,0.9544822895251448,-0.34245807187459826,0.28914318941110734,-0.03205644902003182,-0.5892186681886432
344.75,6.0170225962504515,15.249999999999986,0.24673299313245134,0.9557382655632461,-0.34259387488631654,0.28654458730653876,-0.030187626185531162,-0.6019142826292196
345.0,6.021385919380437,14.999999999999986,0.24523786396809985,0.9569827817978942,-0.34272147863178654,0.283890308483712,-0.028298192023181033,-0.6147390903887423
345.25,6.025749242510423,14.749999999999988,0.2437421960787158,0.9582155940619497,-0.34284079330556594,0.2811797879945599,-0.026388205406189896,-0.6276936579486965
345.5,6.030112565640408,14.500000000000028,0.24224602582765592,0.9594364557178297,-0.34295172935909574,0.27841245841927326,-0.024457725207766588,-0.6407785517905626
345.75,6.034475888770395,14.24999999999999,0.24074938996844464,0.9606451176467233,-0.34305419750069943,0.2755877498662994,-0.022506810301118518,-0.6539943383958319
346.0,6.03883921190038,13.99999999999999,0.23925232564365562,0.9618413282378055,-0.3431481086955832,0.2727050899723469,-0.020535519559455078,-0.6673415842459804
346.25,6.043202535030366,13.749999999999991,0.23775487038378915,0.9630248333774531,-0.34323337416583644,0.26976390390238053,-0.018543911855984443,-0.6808208558224952
346.5,6.047565858160352,13.499999999999993,0.2362570621061517,0.9641953764384593,-0.34330990539043094,0.26676361434962365,-0.01653204606391505,-0.6944327196068589
346.75,6.051929181290338,13.249999999999993,0.2347589391137354,0.9653526982692487,-0.34337761410522183,0.26370364153555836,-0.0144999810564554,-0.7081777420805568
347.0,6.056292504420323,12.999999999999993,0.23326054009409664,0.9664965371830928,-0.3434364123029467,0.2605834032099243,-0.012447775706813845,-0.7220564897250705
347.25,6.06065582755031,12.749999999999954,0.2317619041182355,0.9676266289473241,-0.34348621223322595,0.2574023146507194,-0.01037548888819846,-0.736069529021888
347.5,6.065019150680295,12.499999999999996,0.23026307063947576,0.9687427067725515,-0.3435269264025632,0.2541597886642016,-0.008283179473818889,-0.7502174264524851
347.75,6.069382473810281,12.249999999999996,0.22876407949234187,0.9698445013018758,-0.34355846757434444,0.2508552355848841,-0.006170906336882412,-0.7645007484983528
348.0,6.073745796940266,11.999999999999996,0.2272649708914401,0.9709317406001041,-0.34358074876883865,0.24748806327554024,-0.0040387283505979536,-0.7789200616409722
348.25,6.078109120070253,11.749999999999998,0.22576578543033676,0.9720041501429648,-0.3435936832631979,0.24405767712720147,-0.0018867043881737892,-0.7934759323618275
348.5,6.082472443200238,11.5,0.22426656408043782,0.9730614528063228,-0.34359718459145683,0.24056348005915693,0.00028510667718157474,-0.8081689271424018
348.75,6.086835766330224,11.25,0.2227673481898674,0.9741033688553944,-0.34359116654453287,0.23700487251895455,0.0024766459722596113,-0.82299961246418
349.0,6.09119908946021,10.999999999999961,0.22126817948234728,0.9751296159339624,-0.34357554317022626,0.23338125248239938,0.004687854623852262,-0.8379685548086467
349.25,6.095562412590196,10.750000000000002,0.21976910005607686,0.9761399090535905,-0.3435502287732204,0.22969201545355766,0.006918673758750049,-0.8530763206572793
349.5,6.0999257357201815,10.500000000000004,0.21827015238261005,0.9771339605828397,-0.3435151379150813,0.22593655446474964,0.009169044503745576,-0.8683234764915686
349.75,6.104289058850168,10.249999999999964,0.21677137930573667,0.9781114802364821,-0.34347018541425767,0.22211426007655624,0.011438907985630355,-0.8837105887929982
350.0,6.1086523819801535,10.000000000000004,0.21527282404036122,0.9790721750647152,-0.3434152863460815,0.2182245203778179,0.013728205331195068,-0.8992382240430448
350.25,6.113015705110139,9.750000000000005,0.21377453017138037,0.9800157494423793,-0.34335035604276676,0.21426672098563015,0.016036877667231962,-0.9149069487232
350.5,6.1173790282401255,9.499999999999966,0.21227654165256368,0.9809419050581706,-0.3432753100934113,0.2102402450453481,0.01836486612053295,-0.9307173293149459
350.75,6.121742351370111,9.249999999999968,0.21077890280543307,0.9818503409038558,-0.34319006434399496,0.2061444732305867,0.020712111817888644,-0.9466699322997629
351.0,6.126105674500097,9.000000000000007,0.2092816583181407,0.9827407532634891,-0.3430945348973811,0.20197878374321773,0.023078555886090635,-0.9627653241591335
351.25,6.130468997630082,8.750000000000009,0.20778485324434798,0.9836128357026255,-0.34298863811331526,0.19774255231337007,0.025464139451931322,-0.979004071374548
351.5,6.134832320760069,8.49999999999997,0.20628853300210595,0.9844662790575366,-0.3428722906084261,0.19343515219943186,0.02786880364220208,-0.9953867404274888
351.75,6.139195643890054,8.25000000000001,0.20479274337273443,0.9853007714244247,-0.34274540925622543,0.18905595418805182,0.030292489583693426,-1.0119138977994324
352.0,6.14355896702004,8.00000000000001,0.20329753049969915,0.9861159981486393,-0.3426079111871074,0.18460432659413242,0.03273513840319813,-1.0285861099718694
352.25,6.147922290150026,7.7499999999999725,0.20180294088749312,0.9869116418138906,-0.34245971378834905,0.180079635260837,0.03519669122750768,-1.0454039434262858
352.5,6.152285613280012,7.499999999999973,0.20030902140051524,0.9876873822314651,-0.34230073470411054,0.17548124355958797,0.03767708918341274,-1.0623679646441573
352.75,6.156648936409997,7.250000000000014,0.19881581926194863,0.9884428964294409,-0.3421308918354348,0.17080851239006503,0.04017627339770509,-1.0794787401069699
353.0,6.161012259539984,6.999999999999975,0.1973233820526396,0.9891778586419026,-0.34195010334024717,0.1660608001802035,0.042694184997177205,-1.0967368362962138
353.25,6.165375582669969,6.749999999999976,0.19583175770997904,0.9898919402981551,-0.34175828763335653,0.16123746288620183,0.04523076510861957,-1.1141428196933658
353.5,6.169738905799955,6.500000000000017,0.19434099452677894,0.9905848100119404,-0.34155536338645404,0.15633785399251407,0.04778595485882388,-1.1316972567799088
353.75,6.174102228929941,6.249999999999978,0.19285114115015198,0.9912561335706519,-0.34134124952811384,0.15136132451185047,0.05035969537458263,-1.1494007140373355
354.0,6.178465552059927,5.999999999999979,0.19136224658039272,0.9919055739245485,-0.34111586524379295,0.14630722298518395,0.05295192778268632,-1.1672537579471205
354.25,6.182828875189912,5.74999999999998,0.18987436016985426,0.9925327911759709,-0.3408791299758312,0.14117489548174275,0.0555625932099269,-1.1852569549907508
354.5,6.187192198319898,5.50000000000002,0.1883875316218287,0.9931374425685559,-0.3406309634234512,0.13596368559901484,0.05819163278309549,-1.2034108716497067
354.75,6.191555521449884,5.249999999999981,0.18690181098942527,0.9937191824764516,-0.34037128554275864,0.13067293446274314,0.06083898762898487,-1.221716074405482
355.0,6.19591884457987,4.999999999999982,0.18541724867445133,0.9942776623935321,-0.34010001654674143,0.1253019807269338,0.06350459887438527,-1.2401731297395502
355.25,6.200282167709855,4.750000000000023,0.1839338954262898,0.9948125309226128,-0.33981707690527135,0.11985016057384879,0.06618840764608844,-1.258782604133396
355.5,6.204645490839842,4.499999999999984,0.18245180234077796,0.9953234337646656,-0.3395223873451018,0.11431680771400551,0.06889035507088691,-1.2775450640685113
355.75,6.209008813969827,4.249999999999985,0.18097102085908884,0.9958100137080331,-0.3392158688498698,0.10870125338618504,0.07161038227557119,-1.2964610760263715
356.0,6.213372137099813,3.999999999999986,0.1794916027666083,0.9962719106176445,-0.33889744266009525,0.1030028263574231,0.07434843038693337,-1.3155312064884626
356.25,6.217735460229799,3.7499999999999867,0.17801360019181475,0.99670876142423,-0.3385670302731803,0.09722085292301452,0.07710444053176461,-1.3347560219362693
356.5,6.222098783359785,3.4999999999999876,0.17653706560515847,0.9971202001135361,-0.33822455344341035,0.09135465690651244,0.07987835383685676,-1.3541360888512743
356.75,6.2264621064897705,3.2499999999999885,0.17506205181794074,0.9975058577155402,-0.3378699341819538,0.08540355965972811,0.08267011142900127,-1.3736719737149625
357.0,6.230825429619756,3.0000000000000293,0.17358861198119288,0.997865362293666,-0.3375030947568613,0.07936688006273211,0.08547965443498927,-1.3933642430088131
357.25,6.2351887527497425,2.7499999999999902,0.17211679958455484,0.9981983389339986,-0.33712395769306663,0.07324393452384936,0.0883069239816136,-1.4132134632143205
357.5,6.239552075879728,2.499999999999991,0.17064666845515586,0.9985044097344987,-0.33673244577238676,0.06703403697966875,0.09115186119566458,-1.4332202008129584
357.75,6.243915399009714,2.250000000000032,0.16917827275649225,0.9987831937942186,-0.3363284820335211,0.060736498895034685,0.09401440720393375,-1.4533850222862106
358.0,6.2482787221397,1.999999999999993,0.16771166698730608,0.9990343072025167,-0.3359119897720517,0.05435062926304654,0.09689450313321386,-1.4737084941155705
358.25,6.252642045269686,1.7499999999999938,0.16624690598046643,0.9992573630282723,-0.3354828925404439,0.04787573460506823,0.09979209011029518,-1.4941911827825118
358.5,6.257005368399671,1.4999999999999947,0.1647840449018467,0.9994519713091008,-0.3350411141480457,0.041311118970717695,0.10270710926196978,-1.5148336547685222
358.75,6.261368691529658,1.2499999999999556,0.16332313924920389,0.9996177390405689,-0.33458657866108793,0.03465608393787108,0.10563950171502971,-1.5356364765550874
359.0,6.265732014659643,0.9999999999999964,0.16186424485105913,0.9997542701654093,-0.33411921040268405,0.027909928612667136,0.10858920859626503,-1.5566002146236835
359.25,6.270095337789629,0.7499999999999973,0.16040741786557475,0.9998611655627356,-0.33363893395283073,0.021071949629496323,0.11155617103246865,-1.5777254354558017
359.5,6.274458660919615,0.49999999999995826,0.1589527147794348,0.999938023037258,-0.33314567414840685,0.01414144115101058,0.1145403301504322,-1.5990127055329282
359.75,6.278821984049601,0.2499999999999991,0.15750019240672475,0.9999844373084971,-0.33263935608317535,0.007117694868123439,0.11754162707694574,-1.6204625913365338
360.0,6.283185307179586,0.0,0.1560499078878084,1.0,-0.33211990510778044,0.0,0.12056000293880242,-1.6420756593481147
