motor_time_fraction,motor_angle_deg,small_fraction_0_1,large_fraction_0_1,dsmall_dt,dlarge_dt
0.000000000000000000e+00,0.000000000000000000e+00,1.221711203929746609e-01,8.961951547257472894e-01,1.369352195179335041e+00,3.432026228344360774e+00
6.944444444444444709e-04,2.500000000000000000e-01,1.231221638040824601e-01,8.985676812217043841e-01,1.369657126448103002e+00,3.400783214472402616e+00
1.388888888888888942e-03,5.000000000000000000e-01,1.240734281867017230e-01,9.009183723272041755e-01,1.369988967243848998e+00,3.369140954934697785e+00
2.083333333333333304e-03,7.500000000000000000e-01,1.250249330049936491e-01,9.032469521547402680e-01,1.370349951799344046e+00,3.337103399351024624e+00
2.777777777777777884e-03,1.000000000000000000e+00,1.259766992672866348e-01,9.055531475893056070e-01,1.370742292944544527e+00,3.304674582758778456e+00
3.472222222222222463e-03,1.250000000000000000e+00,1.269287495109243102e-01,9.078366883474194848e-01,1.371168181273935360e+00,3.271858624778180680e+00
4.166666666666666609e-03,1.500000000000000000e+00,1.278811077865361912e-01,9.100973070355707906e-01,1.371629784321593659e+00,3.238659728755942435e+00
4.861111111111111188e-03,1.750000000000000000e+00,1.288337996417407982e-01,9.123347392080576324e-01,1.372129245744266202e+00,3.205082180887589338e+00
5.555555555555555768e-03,2.000000000000000000e+00,1.297868521042818690e-01,9.145487234242105634e-01,1.372668684512740489e+00,3.171130349318672437e+00
6.250000000000000347e-03,2.250000000000000000e+00,1.307402936646070990e-01,9.167390013049830921e-01,1.373250194111788725e+00,3.136808683225077221e+00
6.944444444444444926e-03,2.500000000000000000e+00,1.316941542578953517e-01,9.189053175888989289e-01,1.373875841748967597e+00,3.102121711872681598e+00
7.638888888888889506e-03,2.750000000000000000e+00,1.326484652455349189e-01,9.210474201873366518e-01,1.374547667572539877e+00,3.067074043656577764e+00
8.333333333333333218e-03,3.000000000000000000e+00,1.336032593960646830e-01,9.231650602391415772e-01,1.375267683898799387e+00,3.031670365120113342e+00
9.027777777777778664e-03,3.250000000000000444e+00,1.345585708655801516e-01,9.252579921645481820e-01,1.376037874449061338e+00,2.995915439953991122e+00
9.722222222222222376e-03,3.500000000000000000e+00,1.355144351776143286e-01,9.273259737184027518e-01,1.376860193596583182e+00,2.959814107975686337e+00
1.041666666666666782e-02,3.750000000000000444e+00,1.364708892024983911e-01,9.293687660426682706e-01,1.377736565623685738e+00,2.923371284089433697e+00
1.111111111111111154e-02,4.000000000000000000e+00,1.374279711362098033e-01,9.313861337182012257e-01,1.378668883989323746e+00,2.886591957227051086e+00
1.180555555555555525e-02,4.250000000000000000e+00,1.383857204787167505e-01,9.333778448157866725e-01,1.379659010607370506e+00,2.849481189269867265e+00
1.250000000000000069e-02,4.500000000000000000e+00,1.393441780118239715e-01,9.353436709464187926e-01,1.380708775135861099e+00,2.812044113952024027e+00
1.319444444444444441e-02,4.750000000000000000e+00,1.403033857765291770e-01,9.372833873108107339e-01,1.381819974277451069e+00,2.774285935745441467e+00
1.388888888888888985e-02,5.000000000000000000e+00,1.412633870498982425e-01,9.391967727481268513e-01,1.382994371091323060e+00,2.736211928726715037e+00
1.458333333333333356e-02,5.250000000000000000e+00,1.422242263214656688e-01,9.410836097839206937e-01,1.384233694316801433e+00,2.697827435426247256e+00
1.527777777777777901e-02,5.500000000000000000e+00,1.431859492691703317e-01,9.429436846772675240e-01,1.385539637708891325e+00,2.659137865659901845e+00
1.597222222222222446e-02,5.750000000000000888e+00,1.441486027348332088e-01,9.447767874670794930e-01,1.386913859385992209e+00,2.620148695343474721e+00
1.666666666666666644e-02,6.000000000000000000e+00,1.451122346991873258e-01,9.465827120175920317e-01,1.388357981190006862e+00,2.580865465290292704e+00
1.736111111111111188e-02,6.250000000000000000e+00,1.460768942564664441e-01,9.483612560630088062e-01,1.389873588059074239e+00,2.541293779992241930e+00
1.805555555555555733e-02,6.500000000000000888e+00,1.470426315885647039e-01,9.501122212512965737e-01,1.391462227413144737e+00,2.501439306384541261e+00
1.874999999999999931e-02,6.750000000000000000e+00,1.480094979387708287e-01,9.518354131871126222e-01,1.393125408552623901e+00,2.461307772594576004e+00
1.944444444444444475e-02,7.000000000000000000e+00,1.489775455850931296e-01,9.535306414738621283e-01,1.394864602070283510e+00,2.420904966675113457e+00
2.013888888888889020e-02,7.250000000000000888e+00,1.499468278131779186e-01,9.551977197548685572e-01,1.396681239276662101e+00,2.380236735322225350e+00
2.083333333333333565e-02,7.500000000000000888e+00,1.509173988888345974e-01,9.568364657536478912e-01,1.398576711639150982e+00,2.339308982578244933e+00
2.152777777777777762e-02,7.750000000000000000e+00,1.518893140301760536e-01,9.584467013132784707e-01,1.400552370234968480e+00,2.298127668520100197e+00
2.222222222222222307e-02,8.000000000000000000e+00,1.528626293793851343e-01,9.600282524348547897e-01,1.402609525218220687e+00,2.256698807933345652e+00
2.291666666666666852e-02,8.250000000000000000e+00,1.538374019741129695e-01,9.615809493150128118e-01,1.404749445301229471e+00,2.215028468972252362e+00
2.361111111111111049e-02,8.500000000000000000e+00,1.548136897185258543e-01,9.631046263825259190e-01,1.406973357250327128e+00,2.173122771806288878e+00
2.430555555555555594e-02,8.750000000000000000e+00,1.557915513540040764e-01,9.645991223339499543e-01,1.409282445396291772e+00,2.130987887253342983e+00
2.500000000000000139e-02,9.000000000000000000e+00,1.567710464295073991e-01,9.660642801683186898e-01,1.411677851159593322e+00,2.088630035400043994e+00
2.569444444444444683e-02,9.250000000000000000e+00,1.577522352716164145e-01,9.674999472208745122e-01,1.414160672590639711e+00,2.046055484209539088e+00
2.638888888888888881e-02,9.500000000000000000e+00,1.587351789542579827e-01,9.689059751958307709e-01,1.416731963925169868e+00,2.003270548117071392e+00
2.708333333333333426e-02,9.750000000000000000e+00,1.597199392681291630e-01,9.702822201981514683e-01,1.419392735154973550e+00,1.960281586613750404e+00
2.777777777777777971e-02,1.000000000000000000e+01,1.607065786898276838e-01,9.716285427643458483e-01,1.422143951614079471e+00,1.917095002818845595e+00
2.847222222222222168e-02,1.025000000000000000e+01,1.616951603507001123e-01,9.729448078922653398e-01,1.424986533580571590e+00,1.873717242041004649e+00
2.916666666666666713e-02,1.050000000000000000e+01,1.626857480054197114e-01,9.742308850699019640e-01,1.427921355894181676e+00,1.830154790328744507e+00
2.986111111111111258e-02,1.075000000000000000e+01,1.636784060003033392e-01,9.754866483031698898e-01,1.430949247589794915e+00,1.786414173010606898e+00
3.055555555555555802e-02,1.100000000000000000e+01,1.646731992413803247e-01,9.767119761426762414e-01,1.434070991547003127e+00,1.742501953225348732e+00
3.125000000000000000e-02,1.125000000000000000e+01,1.656701931622232837e-01,9.779067517094646167e-01,1.437287324155847923e+00,1.698424730442546382e+00
3.194444444444444892e-02,1.150000000000000178e+01,1.666694536915516722e-01,9.790708627197266534e-01,1.440598934998863490e+00,1.654189138974001327e+00
3.263888888888889089e-02,1.175000000000000000e+01,1.676710472206215941e-01,9.802042015084817539e-01,1.444006466549550671e+00,1.609801846476337506e+00
3.333333333333333287e-02,1.200000000000000000e+01,1.686750405704111055e-01,9.813066650522067613e-01,1.447510513887395600e+00,1.565269552445161416e+00
3.402777777777778179e-02,1.225000000000000178e+01,1.696815009586136458e-01,9.823781549904255783e-01,1.451111624429537006e+00,1.520598986701197308e+00
3.472222222222222376e-02,1.250000000000000000e+01,1.706904959664505006e-01,9.834185776462368578e-01,1.454810297679195230e+00,1.475796907868777152e+00
3.541666666666666574e-02,1.275000000000000000e+01,1.717020935053149566e-01,9.844278440457877588e-01,1.458606984990947542e+00,1.430870101847077747e+00
3.611111111111111466e-02,1.300000000000000178e+01,1.727163617832594700e-01,9.854058699366823326e-01,1.462502089352960555e+00,1.385825380274513297e+00
3.680555555555555663e-02,1.325000000000000000e+01,1.737333692713367295e-01,9.863525758053196535e-01,1.466495965186250139e+00,1.340669578986672494e+00
3.749999999999999861e-02,1.350000000000000000e+01,1.747531846698079927e-01,9.872678868931606955e-01,1.470588918161066516e+00,1.295409556468201329e+00
3.819444444444444753e-02,1.375000000000000178e+01,1.757758768742294364e-01,9.881517332119184038e-01,1.474781205030461839e+00,1.250052192299039300e+00
3.888888888888888951e-02,1.400000000000000000e+01,1.768015149414293163e-01,9.890040495576655211e-01,1.479073033481131949e+00,1.204604385595406724e+00
3.958333333333333148e-02,1.425000000000000000e+01,1.778301680553869279e-01,9.898247755238580581e-01,1.483464562001575837e+00,1.159073053445948354e+00
4.027777777777778040e-02,1.450000000000000178e+01,1.788619054930271068e-01,9.906138555132737444e-01,1.487955899767654522e+00,1.113465129343442106e+00
4.097222222222222238e-02,1.475000000000000000e+01,1.798967965899395949e-01,9.913712387488561317e-01,1.492547106545577984e+00,1.067787561612481895e+00
4.166666666666667129e-02,1.500000000000000178e+01,1.809349107060394812e-01,9.920968792834675698e-01,1.497238192612390995e+00,1.022047311833532701e+00
4.236111111111111327e-02,1.525000000000000000e+01,1.819763171911761845e-01,9.927907360085489463e-01,1.502029118693979592e+00,9.762513532637825397e-01
4.305555555555555525e-02,1.550000000000000000e+01,1.830210853507069080e-01,9.934527726616761978e-01,1.506919795920651950e+00,9.304066692551850037e-01
4.375000000000000416e-02,1.575000000000000178e+01,1.840692844110446424e-01,9.940829578330221405e-01,1.511910085800311165e+00,8.845202516701183848e-01
4.444444444444444614e-02,1.600000000000000000e+01,1.851209834851942626e-01,9.946812649707160725e-01,1.516999800209243299e+00,8.385990992950632661e-01
4.513888888888888812e-02,1.625000000000000000e+01,1.861762515382879568e-01,9.952476723851003682e-01,1.522188701400559507e+00,7.926502162527087059e-01
4.583333333333333703e-02,1.650000000000000000e+01,1.872351573531325919e-01,9.957821632518844002e-01,1.527476502030271410e+00,7.466806104129118937e-01
4.652777777777777901e-02,1.675000000000000000e+01,1.882977694957816139e-01,9.962847256141950103e-01,1.532862865201039204e+00,7.006972918029088504e-01
4.722222222222222099e-02,1.700000000000000000e+01,1.893641562811430590e-01,9.967553523835221974e-01,1.538347404523571216e+00,6.547072710171976118e-01
4.791666666666666990e-02,1.725000000000000000e+01,1.904343857386368855e-01,9.971940413395621317e-01,1.543929684195683105e+00,6.087175576275035693e-01
4.861111111111111188e-02,1.750000000000000000e+01,1.915085255779127860e-01,9.976007951289530551e-01,1.549609219098995183e+00,5.627351585932462985e-01
4.930555555555556080e-02,1.775000000000000355e+01,1.925866431546416624e-01,9.979756212629107281e-01,1.555385474913265398e+00,5.167670766729020038e-01
5.000000000000000278e-02,1.800000000000000000e+01,1.936688054363923106e-01,9.983185321137600932e-01,1.561257868248318026e+00,4.708203088367031719e-01
5.069444444444444475e-02,1.825000000000000000e+01,1.947550789686058048e-01,9.986295449103642641e-01,1.567225766793555630e+00,4.249018446810524652e-01
5.138888888888889367e-02,1.850000000000000000e+01,1.958455298406808209e-01,9.989086817324540624e-01,1.573288489485010322e+00,3.790186648450948881e-01
5.208333333333333565e-02,1.875000000000000000e+01,1.969402236521788918e-01,9.991559695038583211e-01,1.579445306689895911e+00,3.331777394298351402e-01
5.277777777777777762e-02,1.900000000000000000e+01,1.980392254791665529e-01,9.993714399846395091e-01,1.585695440408624313e+00,2.873860264202193759e-01
5.347222222222222654e-02,1.925000000000000000e+01,1.991425998407011788e-01,9.995551297621292353e-01,1.592038064494216254e+00,2.416504701105913755e-01
5.416666666666666852e-02,1.950000000000000000e+01,2.002504106654774685e-01,9.997070802408797308e-01,1.598472304889064333e+00,1.959779995339300251e-01
5.486111111111111049e-02,1.975000000000000000e+01,2.013627212586430182e-01,9.998273376315168770e-01,1.604997239878986903e+00,1.503755268952672308e-01
5.555555555555555941e-02,2.000000000000000000e+01,2.024795942687967476e-01,9.999159529385160949e-01,1.611611900364483541e+00,1.048499460097059993e-01
5.625000000000000139e-02,2.025000000000000000e+01,2.036010916551813932e-01,9.999729819468864411e-01,1.618315270149141449e+00,5.940813074543239980e-02
5.694444444444444337e-02,2.050000000000000000e+01,2.047272746550827527e-01,9.999984852077825614e-01,1.625106286245100229e+00,1.405693347212294900e-02
5.763888888888889228e-02,2.075000000000000000e+01,2.058582037514460061e-01,9.999925280230368418e-01,1.631983839195488173e+00,-3.119681648484117290e-02
5.833333333333333426e-02,2.100000000000000000e+01,2.069939386407231019e-01,9.999551804286204160e-01,1.638946773413735958e+00,-7.634631438396224934e-02
5.902777777777778317e-02,2.125000000000000355e+01,2.081345382009606171e-01,9.998865171770412452e-01,1.645993887539688894e+00,-1.213847816006183855e-01
5.972222222222222515e-02,2.150000000000000000e+01,2.092800604601410264e-01,9.997866177186743863e-01,1.653123934812382512e+00,-1.663054671530591611e-01
6.041666666666666713e-02,2.175000000000000000e+01,2.104305625647882871e-01,9.996555661820388794e-01,1.660335623459404664e+00,-2.111016492210134043e-01
6.111111111111111605e-02,2.200000000000000000e+01,2.115861007488506196e-01,9.994934513530213671e-01,1.667627617102707127e+00,-2.557666366565225502e-01
6.180555555555555802e-02,2.225000000000000000e+01,2.127467303028691414e-01,9.993003666530546614e-01,1.674998535180759474e+00,-3.002937704865959456e-01
6.250000000000000000e-02,2.250000000000000000e+01,2.139125055434468736e-01,9.990764101162532551e-01,1.682446953386911748e+00,-3.446764254073199085e-01
6.319444444444444198e-02,2.275000000000000000e+01,2.150834797830264711e-01,9.988216843655167709e-01,1.689971404123842280e+00,-3.889080112690193047e-01
6.388888888888889783e-02,2.300000000000000355e+01,2.162597052999903069e-01,9.985362965876035668e-01,1.697570376973948303e+00,-4.329819745520980812e-01
6.458333333333333981e-02,2.325000000000000355e+01,2.174412333090912086e-01,9.982203585071851570e-01,1.705242319185543254e+00,-4.768917998331741459e-01
6.527777777777778179e-02,2.350000000000000000e+01,2.186281139322281963e-01,9.978739863598816706e-01,1.712985636174706006e+00,-5.206310112411426383e-01
6.597222222222222376e-02,2.375000000000000000e+01,2.198203961695741893e-01,9.974973008642947780e-01,1.720798692042639910e+00,-5.641931739027744586e-01
6.666666666666666574e-02,2.400000000000000000e+01,2.210181278710696418e-01,9.970904271930373097e-01,1.728679810108371129e+00,-6.075718953774981168e-01
6.736111111111110772e-02,2.425000000000000000e+01,2.222213557082906576e-01,9.966534949427707790e-01,1.736627273456639697e+00,-6.507608270809837059e-01
6.805555555555556357e-02,2.450000000000000355e+01,2.234301251467035732e-01,9.961866381032588036e-01,1.744639325500799698e+00,-6.937536656971751148e-01
6.875000000000000555e-02,2.475000000000000355e+01,2.246444804183147792e-01,9.956899950254451959e-01,1.752714170560560003e+00,-7.365441545783932842e-01
6.944444444444444753e-02,2.500000000000000000e+01,2.258644644947269686e-01,9.951637083885607193e-01,1.760849974454400391e+00,-7.791260851331736070e-01
7.013888888888888951e-02,2.525000000000000000e+01,2.270901190606126330e-01,9.946079251662739429e-01,1.769044865106456532e+00,-8.214932982014619967e-01
7.083333333333333148e-02,2.550000000000000000e+01,2.283214844876133021e-01,9.940227965918899677e-01,1.777296933167706872e+00,-8.636396854168316706e-01
7.152777777777778734e-02,2.575000000000000355e+01,2.295585998086748236e-01,9.934084781226069083e-01,1.785604232651257783e+00,-9.055591905553684873e-01
7.222222222222222932e-02,2.600000000000000355e+01,2.308015026928290359e-01,9.927651294028430051e-01,1.793964781581521395e+00,-9.472458108708745605e-01
7.291666666666667129e-02,2.625000000000000000e+01,2.320502294204316307e-01,9.920929142266384781e-01,1.802376562657113324e+00,-9.886935984160721835e-01
7.361111111111111327e-02,2.650000000000000000e+01,2.333048148588635351e-01,9.913920004991459978e-01,1.810837523927223858e+00,-1.029896661349439357e+00
7.430555555555555525e-02,2.675000000000000000e+01,2.345652924387083560e-01,9.906625601972205430e-01,1.819345579481278952e+00,-1.070849165227374167e+00
7.499999999999999722e-02,2.700000000000000000e+01,2.358316941304119119e-01,9.899047693291131989e-01,1.827898610151662329e+00,-1.111545334281341280e+00
7.569444444444445308e-02,2.725000000000000355e+01,2.371040504214347588e-01,9.891188078932867667e-01,1.836494464229284862e+00,-1.151979452679687599e+00
7.638888888888889506e-02,2.750000000000000355e+01,2.383823902939064265e-01,9.883048598363599613e-01,1.845130958191760095e+00,-1.192145865773799995e+00
7.708333333333333703e-02,2.775000000000000000e+01,2.396667412027891630e-01,9.874631130101890752e-01,1.853805877443984951e+00,-1.232038981328300364e+00
7.777777777777777901e-02,2.800000000000000000e+01,2.409571290545600430e-01,9.865937591281050967e-01,1.862516977070855839e+00,-1.271653270734951935e+00
7.847222222222222099e-02,2.825000000000000000e+01,2.422535781864207649e-01,9.856969937203100551e-01,1.871261982601911456e+00,-1.310983270209984397e+00
7.916666666666666297e-02,2.850000000000000000e+01,2.435561113460413818e-01,9.847730160884498041e-01,1.880038590787642017e+00,-1.350023581974533426e+00
7.986111111111111882e-02,2.875000000000000355e+01,2.448647496718481253e-01,9.838220292593726768e-01,1.888844470387228469e+00,-1.388768875417893289e+00
8.055555555555556080e-02,2.900000000000000355e+01,2.461795126738616779e-01,9.828442399380854511e-01,1.897677262967449208e+00,-1.427213888243289652e+00
8.125000000000000278e-02,2.925000000000000000e+01,2.475004182150938314e-01,9.818398584599199452e-01,1.906534583712518716e+00,-1.465353427595898816e+00
8.194444444444444475e-02,2.950000000000000000e+01,2.488274824935112761e-01,9.808090987419251228e-01,1.915414022244574577e+00,-1.503182371172816723e+00
8.263888888888888673e-02,2.975000000000000000e+01,2.501607200245711260e-01,9.797521782334901452e-01,1.924313143454577046e+00,-1.540695668314701505e+00
8.333333333333334259e-02,3.000000000000000355e+01,2.515001436243386457e-01,9.786693178662190240e-01,1.933229488343329194e+00,-1.577888341078830248e+00
8.402777777777778456e-02,3.025000000000000355e+01,2.528457643931913967e-01,9.775607420030665295e-01,1.942160574872371814e+00,-1.614755485293285497e+00
8.472222222222222654e-02,3.050000000000000000e+01,2.541975917001180751e-01,9.764266783867475707e-01,1.951103898824465999e+00,-1.651292271592032623e+00
8.541666666666666852e-02,3.075000000000000000e+01,2.555556331676184789e-01,9.752673580874342552e-01,1.960056934673387374e+00,-1.687493946430605352e+00
8.611111111111111049e-02,3.100000000000000000e+01,2.569198946572089914e-01,9.740830154497557292e-01,1.969017136462753337e+00,-1.723355833082166111e+00
8.680555555555555247e-02,3.125000000000000000e+01,2.582903802555442385e-01,9.728738880391130106e-01,1.977981938693613939e+00,-1.758873332613697382e+00
8.750000000000000833e-02,3.150000000000000355e+01,2.596670922611555299e-01,9.716402165873202490e-01,1.986948757220491357e+00,-1.794041924842071367e+00
8.819444444444445030e-02,3.175000000000000355e+01,2.610500311718156330e-01,9.703822449375935077e-01,1.995914990155607027e+00,-1.828857169269771932e+00
8.888888888888889228e-02,3.200000000000000000e+01,2.624391956725338204e-01,9.691002199888932855e-01,2.004878018780983595e+00,-1.863314706000042342e+00
8.958333333333333426e-02,3.225000000000000000e+01,2.638345826241876302e-01,9.677943916396407609e-01,2.013835208468143900e+00,-1.897410256631231196e+00
9.027777777777777624e-02,3.250000000000000000e+01,2.652361870527946697e-01,9.664650127308190841e-01,2.022783909605092578e+00,-1.931139625130122717e+00
9.097222222222223209e-02,3.275000000000000000e+01,2.666440021394320126e-01,9.651123389884753712e-01,2.031721458530285851e+00,-1.964498698684029376e+00
9.166666666666667407e-02,3.300000000000000000e+01,2.680580192108051318e-01,9.637366289656408291e-01,2.040645178473295296e+00,-1.997483448531464756e+00
9.236111111111111605e-02,3.325000000000000000e+01,2.694782277304734186e-01,9.623381439836775630e-01,2.049552380501840965e+00,-2.030089930771171947e+00
9.305555555555555802e-02,3.350000000000000000e+01,2.709046152907350624e-01,9.609171480730750448e-01,2.058440364474904083e+00,-2.062314287149330294e+00
9.375000000000000000e-02,3.375000000000000000e+01,2.723371676051754564e-01,9.594739079137035720e-01,2.067306420001588485e+00,-2.094152745824739981e+00
9.444444444444444198e-02,3.400000000000000000e+01,2.737758685018840676e-01,9.580086927745492531e-01,2.076147827405445234e+00,-2.125601622111825684e+00
9.513888888888889783e-02,3.425000000000000000e+01,2.752206999173425483e-01,9.565217744529349586e-01,2.084961858693914927e+00,-2.156657319201253475e+00
9.583333333333333981e-02,3.450000000000000000e+01,2.766716418909873632e-01,9.550134272132532187e-01,2.093745778532591473e+00,-2.187316328858012859e+00
9.652777777777778179e-02,3.475000000000000000e+01,2.781286725604508181e-01,9.534839277252188383e-01,2.102496845223979616e+00,-2.217575232096801852e+00
9.722222222222222376e-02,3.500000000000000000e+01,2.795917681574839331e-01,9.519335550016647662e-01,2.111212311690429111e+00,-2.247430699834545020e+00
9.791666666666666574e-02,3.525000000000000000e+01,2.810609030045618795e-01,9.503625903358862148e-01,2.119889426460916937e+00,-2.276879493519904152e+00
9.861111111111112160e-02,3.550000000000000711e+01,2.825360495121774229e-01,9.487713172385636717e-01,2.128525434661360904e+00,-2.305918465739634993e+00
9.930555555555556357e-02,3.575000000000000000e+01,2.840171781768215942e-01,9.471600213742650265e-01,2.137117579008130708e+00,-2.334544560801652846e+00
1.000000000000000056e-01,3.600000000000000000e+01,2.855042575796570281e-01,9.455289904975573423e-01,2.145663100804438894e+00,-2.362754815294680899e+00
1.006944444444444475e-01,3.625000000000000000e+01,2.869972543858830272e-01,9.438785143887342688e-01,2.154159240939266695e+00,-2.390546358624339174e+00
1.013888888888888895e-01,3.650000000000000000e+01,2.884961333447952359e-01,9.422088847891799679e-01,2.162603240888520073e+00,-2.417916413525582175e+00
1.020833333333333315e-01,3.675000000000000000e+01,2.900008572905415916e-01,9.405203953363880931e-01,2.170992343718058493e+00,-2.444862296551351122e+00
1.027777777777777873e-01,3.700000000000000000e+01,2.915113871435751070e-01,9.388133414986451486e-01,2.179323795088277116e+00,-2.471381418537345720e+00
1.034722222222222293e-01,3.725000000000000000e+01,2.930276819128049270e-01,9.370880205094035409e-01,2.187594844259915128e+00,-2.497471285042818678e+00
1.041666666666666713e-01,3.750000000000000000e+01,2.945496986984458831e-01,9.353447313013555364e-01,2.195802745100744247e+00,-2.523129496767293034e+00
1.048611111111111133e-01,3.775000000000000000e+01,2.960773926955675983e-01,9.335837744402237792e-01,2.203944757092811013e+00,-2.548353749943126356e+00
1.055555555555555552e-01,3.800000000000000000e+01,2.976107171983434774e-01,9.318054520582915723e-01,2.212018146339888247e+00,-2.573141836703834340e+00
1.062499999999999972e-01,3.825000000000000000e+01,2.991496236049980828e-01,9.300100677876848021e-01,2.220020186574819920e+00,-2.597491645428105400e+00
1.069444444444444531e-01,3.850000000000000000e+01,3.006940614234555609e-01,9.281979266934198280e-01,2.227948160166398406e+00,-2.621401161059448537e+00
1.076388888888888951e-01,3.875000000000000000e+01,3.022439782776857875e-01,9.263693352062426500e-01,2.235799359125456132e+00,-2.644868465401394086e+00
1.083333333333333370e-01,3.900000000000000000e+01,3.037993199147493995e-01,9.245246010552700122e-01,2.243571086109825252e+00,-2.667891737388224715e+00
1.090277777777777790e-01,3.925000000000000000e+01,3.053600302125401011e-01,9.226640332004483191e-01,2.251260655427841151e+00,-2.690469253331166044e+00
1.097222222222222210e-01,3.950000000000000000e+01,3.069260511882230813e-01,9.207879417648549003e-01,2.258865394040033614e+00,-2.712599387140008922e+00
1.104166666666666768e-01,3.975000000000000711e+01,3.084973230073684847e-01,9.188966379668497275e-01,2.266382642558688598e+00,-2.734280610520137156e+00
1.111111111111111188e-01,4.000000000000000000e+01,3.100737839937782181e-01,9.169904340521012331e-01,2.273809756244934199e+00,-2.755511493144919832e+00
1.118055555555555608e-01,4.025000000000000000e+01,3.116553706400043700e-01,9.150696432255005508e-01,2.281144106003017757e+00,-2.776290702803462906e+00
1.125000000000000028e-01,4.050000000000000000e+01,3.132420176185561900e-01,9.131345795829800549e-01,2.288383079371441031e+00,-2.796617005523708066e+00
1.131944444444444448e-01,4.075000000000000000e+01,3.148336577937957959e-01,9.111855580432577373e-01,2.295524081510615932e+00,-2.816489265670859332e+00
1.138888888888888867e-01,4.100000000000000000e+01,3.164302222345163895e-01,9.092228942795200775e-01,2.302564536186706867e+00,-2.835906446021160043e+00
1.145833333333333426e-01,4.125000000000000000e+01,3.180316402272040377e-01,9.072469046510623913e-01,2.309501886751328392e+00,-2.854867607811009123e+00
1.152777777777777846e-01,4.150000000000000000e+01,3.196378392899772436e-01,9.052579061349036449e-01,2.316333597116766452e+00,-2.873371910761445935e+00
1.159722222222222265e-01,4.175000000000000000e+01,3.212487451872028110e-01,9.032562162573929410e-01,2.323057152726389241e+00,-2.891418613078016620e+00
1.166666666666666685e-01,4.200000000000000000e+01,3.228642819447828938e-01,9.012421530258251101e-01,2.329670061519924396e+00,-2.909007071426056967e+00
1.173611111111111105e-01,4.225000000000000000e+01,3.244843718661115650e-01,8.992160348600812814e-01,2.336169854893260567e+00,-2.926136740881414955e+00
1.180555555555555663e-01,4.250000000000000711e+01,3.261089355486949670e-01,8.971781805243127517e-01,2.342554088652462063e+00,-2.942807174856673313e+00
1.187500000000000083e-01,4.275000000000000000e+01,3.277378919014328207e-01,8.951289090586832531e-01,2.348820343961656842e+00,-2.959018025002903673e+00
1.194444444444444503e-01,4.300000000000000000e+01,3.293711581625550777e-01,8.930685397111901569e-01,2.354966228284486540e+00,-2.974769041087015786e+00
1.201388888888888923e-01,4.325000000000000000e+01,3.310086499182104958e-01,8.909973918695778261e-01,2.360989376318778366e+00,-2.990060070844755558e+00
1.208333333333333343e-01,4.350000000000000000e+01,3.326502811217019184e-01,8.889157849933607691e-01,2.366887450924139102e+00,-3.004891059809439380e+00
1.215277777777777762e-01,4.375000000000000000e+01,3.342959641133627091e-01,8.868240385459775776e-01,2.372658144042133266e+00,-3.019262051116467838e+00
1.222222222222222321e-01,4.400000000000000000e+01,3.359456096410703418e-01,8.847224719270829763e-01,2.378299177608734993e+00,-3.033173185283729811e+00
1.229166666666666741e-01,4.425000000000000000e+01,3.375991268813895996e-01,8.826114044050075158e-01,2.383808304458747251e+00,-3.046624699967970695e+00
1.236111111111111160e-01,4.450000000000000000e+01,3.392564234613426044e-01,8.804911550493900174e-01,2.389183309221857510e+00,-3.059616929697217547e+00
1.243055555555555580e-01,4.475000000000000000e+01,3.409174054807964094e-01,8.783620426640059708e-01,2.394422009210040336e+00,-3.072150305579364638e+00
1.250000000000000000e-01,4.500000000000000000e+01,3.425819775354652652e-01,8.762243857198057650e-01,2.399522255295972961e+00,-3.084225354987034429e+00
1.256944444444444420e-01,4.525000000000000000e+01,3.442500427405185692e-01,8.740785022881815136e-01,2.404481932782185361e+00,-3.095842701218806337e+00
1.263888888888888840e-01,4.550000000000000000e+01,3.459215027547895560e-01,8.719247099744756868e-01,2.409298962260622901e+00,-3.107003063136959398e+00
1.270833333333333259e-01,4.575000000000000000e+01,3.475962578055774577e-01,8.697633258517489807e-01,2.413971300462321334e+00,-3.117707254781831860e+00
1.277777777777777957e-01,4.600000000000000711e+01,3.492742067140364726e-01,8.675946663948267412e-01,2.418496941096914821e+00,-3.127956184962946917e+00
1.284722222222222376e-01,4.625000000000000711e+01,3.509552469211432713e-01,8.654190474146351564e-01,2.422873915681650114e+00,-3.137750856827029811e+00
1.291666666666666796e-01,4.650000000000000711e+01,3.526392745142374885e-01,8.632367839928452025e-01,2.427100294359653798e+00,-3.147092367403067747e+00
1.298611111111111216e-01,4.675000000000000711e+01,3.543261842541261530e-01,8.610481904168418854e-01,2.431174186707119933e+00,-3.155981907124571606e+00
1.305555555555555636e-01,4.700000000000000000e+01,3.560158696027445058e-01,8.588535801150324334e-01,2.435093742529177430e+00,-3.164420759329169108e+00
1.312500000000000056e-01,4.725000000000000000e+01,3.577082227513657120e-01,8.566532655925096496e-01,2.438857152644116066e+00,-3.172410299735726635e+00
1.319444444444444475e-01,4.750000000000000000e+01,3.594031346493516965e-01,8.544475583670859686e-01,2.442462649655719353e+00,-3.179951995899144013e+00
1.326388888888888895e-01,4.775000000000000000e+01,3.611004950334345542e-01,8.522367689057149809e-01,2.445908508713402707e+00,-3.187047406643007008e+00
1.333333333333333315e-01,4.800000000000000000e+01,3.628001924575233739e-01,8.500212065613130807e-01,2.449193048259920236e+00,-3.193698181470274289e+00
1.340277777777777735e-01,4.825000000000000000e+01,3.645021143230243177e-01,8.478011795099985592e-01,2.452314630766328829e+00,-3.199906059952187132e+00
1.347222222222222154e-01,4.850000000000000000e+01,3.662061469096677402e-01,8.455769946887632393e-01,2.455271663453977293e+00,-3.205672871095599508e+00
1.354166666666666852e-01,4.875000000000000711e+01,3.679121754068315209e-01,8.433489577335895326e-01,2.458062599003251414e+00,-3.211000532688908393e+00
1.361111111111111271e-01,4.900000000000000711e+01,3.696200839453516740e-01,8.411173729180307923e-01,2.460685936248799166e+00,-3.215891050626810799e+00
1.368055555555555691e-01,4.925000000000000711e+01,3.713297556298120194e-01,8.388825430922653981e-01,2.463140220861016250e+00,-3.220346518214082909e+00
1.375000000000000111e-01,4.950000000000000711e+01,3.730410725713010911e-01,8.366447696226450015e-01,2.465424046013508619e+00,-3.224369115448595835e+00
1.381944444444444531e-01,4.975000000000000000e+01,3.747539159206279558e-01,8.344043523317441480e-01,2.467536053036308630e+00,-3.227961108283790459e+00
1.388888888888888951e-01,5.000000000000000000e+01,3.764681659019875615e-01,8.321615894389319257e-01,2.469474932054603666e+00,-3.231124847870840533e+00
1.395833333333333370e-01,5.025000000000000000e+01,3.781837018470630696e-01,8.299167775014755222e-01,2.471239422612718339e+00,-3.233862769780731838e+00
1.402777777777777790e-01,5.050000000000000000e+01,3.799004022295573435e-01,8.276702113561912322e-01,2.472828314283146867e+00,-3.236177393206479458e+00
1.409722222222222210e-01,5.075000000000000000e+01,3.816181447001415483e-01,8.254221840616560169e-01,2.474240447260393605e+00,-3.238071320145759380e+00
1.416666666666666630e-01,5.100000000000000000e+01,3.833368061218115908e-01,8.231729868409944917e-01,2.475474712939391253e+00,-3.239547234564156053e+00
1.423611111111111049e-01,5.125000000000000000e+01,3.850562626056397986e-01,8.209229090252516681e-01,2.476530054478293330e+00,-3.240607901539312774e+00
1.430555555555555747e-01,5.150000000000000711e+01,3.867763895469127355e-01,8.186722379973687680e-01,2.477405467345419332e+00,-3.241256166386223825e+00
1.437500000000000167e-01,5.175000000000000711e+01,3.884970616616424954e-01,8.164212591367716598e-01,2.478099999850137181e+00,-3.241494953763927267e+00
1.444444444444444586e-01,5.200000000000000711e+01,3.902181530234423712e-01,8.141702557645857929e-01,2.478612753657493784e+00,-3.241327266763882164e+00
1.451388888888889006e-01,5.225000000000000711e+01,3.919395371007525219e-01,8.119195090894919531e-01,2.478942884286378323e+00,-3.240756185980274928e+00
1.458333333333333426e-01,5.250000000000000000e+01,3.936610867944069780e-01,8.096692981542321643e-01,2.479089601591030423e+00,-3.239784868562549214e+00
1.465277777777777846e-01,5.275000000000000000e+01,3.953826744755289946e-01,8.074198997827803925e-01,2.479052170225706675e+00,-3.238416547250432487e+00
1.472222222222222265e-01,5.300000000000000000e+01,3.971041720237427075e-01,8.051715885281901519e-01,2.478829910092318123e+00,-3.236654529391741697e+00
1.479166666666666685e-01,5.325000000000000000e+01,3.988254508656901565e-01,8.029246366211274522e-01,2.478422196770855734e+00,-3.234502195943262937e+00
1.486111111111111105e-01,5.350000000000000000e+01,4.005463820138410735e-01,8.006793139191079600e-01,2.477828461932431114e+00,-3.231963000454983526e+00
1.493055555555555525e-01,5.375000000000000000e+01,4.022668361055836139e-01,7.984358878564399298e-01,2.477048193734771253e+00,-3.229040468037993605e+00
1.499999999999999944e-01,5.400000000000000000e+01,4.039866834425828168e-01,7.961946233948931084e-01,2.476080937199992782e+00,-3.225738194316342344e+00
1.506944444444444364e-01,5.425000000000000000e+01,4.057057940303961385e-01,7.939557829751001661e-01,2.474926294574506969e+00,-3.222059844363156955e+00
1.513888888888889062e-01,5.450000000000000711e+01,4.074240376183326240e-01,7.917196264687013096e-01,2.473583925670891137e+00,-3.218009151621340713e+00
1.520833333333333481e-01,5.475000000000000711e+01,4.091412837395420055e-01,7.894864111312455135e-01,2.472053548191594174e+00,-3.213589916809153291e+00
1.527777777777777901e-01,5.500000000000000711e+01,4.108574017513237919e-01,7.872563915558540293e-01,2.470334938034319361e+00,-3.208806006811000255e+00
1.534722222222222321e-01,5.525000000000000000e+01,4.125722608756413057e-01,7.850298196276628282e-01,2.468427929578963287e+00,-3.203661353553734603e+00
1.541666666666666741e-01,5.550000000000000000e+01,4.142857302398283426e-01,7.828069444790479725e-01,2.466332415955966084e+00,-3.198159952868822931e+00
1.548611111111111160e-01,5.575000000000000000e+01,4.159976789174756884e-01,7.805880124456452407e-01,2.464048349295957063e+00,-3.192305863340664462e+00
1.555555555555555580e-01,5.600000000000000000e+01,4.177079759694855010e-01,7.783732670231775508e-01,2.461575740960578518e+00,-3.186103205141437300e+00
1.562500000000000000e-01,5.625000000000000000e+01,4.194164904852776821e-01,7.761629488250930686e-01,2.458914661754366460e+00,-3.179556158852766767e+00
1.569444444444444420e-01,5.650000000000000000e+01,4.211230916241386346e-01,7.739572955410264354e-01,2.456065242117583924e+00,-3.172668964274579562e+00
1.576388888888888840e-01,5.675000000000000000e+01,4.228276486566956982e-01,7.717565418960932178e-01,2.453027672299914030e+00,-3.165445919221467896e+00
1.583333333333333259e-01,5.700000000000000000e+01,4.245300310065064364e-01,7.695609196110230199e-01,2.449802202514901772e+00,-3.157891378306919350e+00
1.590277777777777957e-01,5.725000000000000711e+01,4.262301082917483996e-01,7.673706573631409178e-01,2.446389143075068606e+00,-3.150009751715745487e+00
1.597222222222222376e-01,5.750000000000000711e+01,4.279277503669954852e-01,7.651859807482068732e-01,2.442788864507607016e+00,-3.141805503965071633e+00
1.604166666666666796e-01,5.775000000000000711e+01,4.296228273650685159e-01,7.630071122431171249e-01,2.439001797650584002e+00,-3.133283152654223080e+00
1.611111111111111216e-01,5.800000000000000711e+01,4.313152097389456041e-01,7.608342711694796590e-01,2.435028433729579334e+00,-3.124447267203881218e+00
1.618055555555555636e-01,5.825000000000000000e+01,4.330047683037183681e-01,7.586676736580679759e-01,2.430869324414691945e+00,-3.115302467584846635e+00
1.625000000000000056e-01,5.850000000000000000e+01,4.346913742785819545e-01,7.565075326141601497e-01,2.426525081857854982e+00,-3.105853423036787575e+00
1.631944444444444475e-01,5.875000000000000000e+01,4.363748993288432687e-01,7.543540576837732825e-01,2.421996378710405740e+00,-3.096104850777308570e+00
1.638888888888888895e-01,5.900000000000000000e+01,4.380552156079348114e-01,7.522074552207955733e-01,2.417283948120879433e+00,-3.086061514701738506e+00
1.645833333333333315e-01,5.925000000000000000e+01,4.397321957994203001e-01,7.500679282550255511e-01,2.412388583712945511e+00,-3.075728224073965400e+00
1.652777777777777735e-01,5.950000000000000000e+01,4.414057131589774197e-01,7.479356764611237995e-01,2.407311139543503398e+00,-3.065109832208715801e+00
1.659722222222222154e-01,5.975000000000000000e+01,4.430756415563457673e-01,7.458108961284805050e-01,2.402052530040872380e+00,-3.054211235145626979e+00
1.666666666666666852e-01,6.000000000000000711e+01,4.447418555172237276e-01,7.436937801320098185e-01,2.396613729923060987e+00,-3.043037370315495149e+00
1.673611111111111271e-01,6.025000000000000711e+01,4.464042302651020089e-01,7.415845179038702550e-01,2.390995774096118076e+00,-3.031593215199069213e+00
1.680555555555555691e-01,6.050000000000000711e+01,4.480626417630204639e-01,7.394832954061197894e-01,2.385199757532520781e+00,-3.019883785978759949e+00
1.687500000000000111e-01,6.075000000000000711e+01,4.497169667552324834e-01,7.373902951043104226e-01,2.379226835129640172e+00,-3.007914136183640785e+00
1.694444444444444531e-01,6.100000000000000000e+01,4.513670828087642528e-01,7.353056959420254390e-01,2.373078221548245548e+00,-2.995689355328127412e+00
1.701388888888888951e-01,6.125000000000000000e+01,4.530128683548562130e-01,7.332296733163630176e-01,2.366755191031085115e+00,-2.983214567544697715e+00
1.708333333333333370e-01,6.150000000000000000e+01,4.546542027302694633e-01,7.311623990543736351e-01,2.360259077201544820e+00,-2.970494930211041051e+00
1.715277777777777790e-01,6.175000000000000000e+01,4.562909662184477799e-01,7.291040413904499307e-01,2.353591272842410653e+00,-2.957535632572020567e+00
1.722222222222222210e-01,6.200000000000000000e+01,4.579230400905172638e-01,7.270547649446778005e-01,2.346753229654766848e+00,-2.944341894356809597e+00
1.729166666666666630e-01,6.225000000000000000e+01,4.595503066461126274e-01,7.250147307021473919e-01,2.339746457997053497e+00,-2.930918964391617809e+00
1.736111111111111049e-01,6.250000000000000000e+01,4.611726492540151323e-01,7.229840959932299915e-01,2.332572526604330676e+00,-2.917272119208346837e+00
1.743055555555555747e-01,6.275000000000000711e+01,4.627899523925887992e-01,7.209630144748222502e-01,2.325233062287806352e+00,-2.903406661649600817e+00
1.750000000000000167e-01,6.300000000000000711e+01,4.644021016900005128e-01,7.189516361125601884e-01,2.317729749614657830e+00,-2.889327919470401351e+00
1.756944444444444586e-01,6.325000000000000711e+01,4.660089839642121978e-01,7.169501071640048684e-01,2.310064330568227131e+00,-2.875041243937006552e+00
1.763888888888889006e-01,6.350000000000000711e+01,4.676104872627290243e-01,7.149585701628028422e-01,2.302238604188643567e+00,-2.860552008423217440e+00
1.770833333333333426e-01,6.375000000000000000e+01,4.692065009020919275e-01,7.129771639038217090e-01,2.294254426193954366e+00,-2.845865607004554487e+00
1.777777777777777846e-01,6.400000000000000000e+01,4.707969155071002887e-01,7.110060234292621129e-01,2.286113708581835269e+00,-2.830987453050677782e+00
1.784722222222222265e-01,6.425000000000000000e+01,4.723816230497506763e-01,7.090452800157488467e-01,2.277818419211963263e+00,-2.815922977816456729e+00
1.791666666666666685e-01,6.450000000000000000e+01,4.739605168878794905e-01,7.070950611623996185e-01,2.269370581369154038e+00,-2.800677629032043647e+00
1.798611111111111105e-01,6.475000000000000000e+01,4.755334918034958558e-01,7.051554905798733675e-01,2.260772273307346314e+00,-2.785256869492365173e+00
1.805555555555555525e-01,6.500000000000000000e+01,4.771004440407899394e-01,7.032266881803995728e-01,2.252025627774547178e+00,-2.769666175646389394e+00
1.812499999999999944e-01,6.525000000000000000e+01,4.786612713438063160e-01,7.013087700687846704e-01,2.243132831518839243e+00,-2.753911036186559969e+00
1.819444444444444642e-01,6.550000000000000000e+01,4.802158729937669457e-01,6.994018485344002389e-01,2.234096124775572623e+00,-2.737996950638784455e+00
1.826388888888889062e-01,6.575000000000000000e+01,4.817641498460308869e-01,6.975060320441486272e-01,2.224917800735852769e+00,-2.721929427953351688e+00
1.833333333333333481e-01,6.600000000000000000e+01,4.833060043666805861e-01,6.956214252364073536e-01,2.215600204996464928e+00,-2.705713985097149443e+00
1.840277777777777901e-01,6.625000000000000000e+01,4.848413406687172023e-01,6.937481289159505016e-01,2.206145734991356022e+00,-2.689356145647579410e+00
1.847222222222222321e-01,6.650000000000000000e+01,4.863700645478561957e-01,6.918862400498451137e-01,2.196556839404820050e+00,-2.672861438388534072e+00
1.854166666666666741e-01,6.675000000000000000e+01,4.878920835179092474e-01,6.900358517643229161e-01,2.186836017566530455e+00,-2.656235395908819186e+00
1.861111111111111160e-01,6.700000000000000000e+01,4.894073068457389097e-01,6.881970533426243763e-01,2.176985818828567787e+00,-2.639483553203383792e+00
1.868055555555555580e-01,6.725000000000000000e+01,4.909156455857752732e-01,6.863699302238108757e-01,2.167008841924607854e+00,-2.622611446277752556e+00
1.875000000000000000e-01,6.750000000000000000e+01,4.924170126140807180e-01,6.845545640025481049e-01,2.156907734311424463e+00,-2.605624610756010817e+00
1.881944444444444420e-01,6.775000000000000000e+01,4.939113226619522568e-01,6.827510324298525779e-01,2.146685191492875511e+00,-2.588528580492734488e+00
1.888888888888888840e-01,6.800000000000000000e+01,4.953984923490470371e-01,6.809594094148010424e-01,2.136343956326554494e+00,-2.571328886189213403e+00
1.895833333333333537e-01,6.825000000000001421e+01,4.968784402160220659e-01,6.791797650271995668e-01,2.125886818313283744e+00,-2.554031054014345159e+00
1.902777777777777957e-01,6.850000000000000000e+01,4.983510867566729452e-01,6.774121655012086407e-01,2.115316612869627466e+00,-2.536640604230570695e+00
1.909722222222222376e-01,6.875000000000000000e+01,4.998163544495627386e-01,6.756566732399195141e-01,2.104636220583628425e+00,-2.519163049825196232e+00
1.916666666666666796e-01,6.900000000000000000e+01,5.012741677891274783e-01,6.739133468208816646e-01,2.093848566453953453e+00,-2.501603895147487933e+00
1.923611111111111216e-01,6.925000000000000000e+01,5.027244533162487095e-01,6.721822410025711791e-01,2.082956619112661834e+00,-2.483968634551869226e+00
1.930555555555555636e-01,6.950000000000000000e+01,5.041671396482791945e-01,6.704634067318018253e-01,2.071963390031794194e+00,-2.466262751047601398e+00
1.937500000000000056e-01,6.975000000000000000e+01,5.056021575085126729e-01,6.687568911520699322e-01,2.060871932713995935e+00,-2.448491714955290277e+00
1.944444444444444475e-01,7.000000000000000000e+01,5.070294397550868526e-01,6.670627376128316355e-01,2.049685341867401700e+00,-2.430660982570570727e+00
1.951388888888888895e-01,7.025000000000000000e+01,5.084489214093069753e-01,6.653809856797023858e-01,2.038406752564995816e+00,-2.412775994835317128e+00
1.958333333333333315e-01,7.050000000000000000e+01,5.098605396833805203e-01,6.637116711455796070e-01,2.027039339388678751e+00,-2.394842176016730662e+00
1.965277777777777735e-01,7.075000000000000000e+01,5.112642340075522762e-01,6.620548260426791787e-01,2.015586315558283825e+00,-2.376864932394642249e+00
1.972222222222222432e-01,7.100000000000001421e+01,5.126599460566303446e-01,6.604104786554779727e-01,2.004050932045761790e+00,-2.358849650957373534e+00
1.979166666666666852e-01,7.125000000000000000e+01,5.140476197758898635e-01,6.587786535345633299e-01,1.992436476674799062e+00,-2.340801698106489859e+00
1.986111111111111271e-01,7.150000000000000000e+01,5.154272014063487894e-01,6.571593715113749345e-01,1.980746273206108965e+00,-2.322726418370784529e+00
1.993055555555555691e-01,7.175000000000000000e+01,5.167986395094019691e-01,6.555526497138380870e-01,1.968983680408646242e+00,-2.304629133129820762e+00
2.000000000000000111e-01,7.200000000000000000e+01,5.181618849908057323e-01,6.539585015828810466e-01,1.957152091117010606e+00,-2.286515139347363501e+00
2.006944444444444531e-01,7.225000000000000000e+01,5.195168911240038989e-01,6.523769368898261201e-01,1.945254931275297805e+00,-2.268389708315019071e+00
2.013888888888888951e-01,7.250000000000000000e+01,5.208636135727843230e-01,6.508079617546512763e-01,1.933295658967666641e+00,-2.250258084406408177e+00
2.020833333333333370e-01,7.275000000000000000e+01,5.222020104132577556e-01,6.492515786651126275e-01,1.921277763435899733e+00,-2.232125483842193336e+00
2.027777777777777790e-01,7.300000000000000000e+01,5.235320421551509229e-01,6.477077864967205612e-01,1.909204764084222461e+00,-2.213997093466262278e+00
2.034722222222222210e-01,7.325000000000000000e+01,5.248536717624027181e-01,6.461765805335617507e-01,1.897080209471676771e+00,-2.195878069533387045e+00
2.041666666666666630e-01,7.350000000000000000e+01,5.261668646730581766e-01,6.446579524899594960e-01,1.884907676292320700e+00,-2.177773536508666119e+00
2.048611111111111327e-01,7.375000000000001421e+01,5.274715888184481338e-01,6.431518905329631774e-01,1.872690768343556300e+00,-2.159688585879039557e+00
2.055555555555555747e-01,7.400000000000000000e+01,5.287678146416499025e-01,6.416583793056587215e-01,1.860433115482874378e+00,-2.141628274977194657e+00
2.062500000000000167e-01,7.425000000000000000e+01,5.300555151152189781e-01,6.401773999512914148e-01,1.848138372573305377e+00,-2.123597625818134826e+00
2.069444444444444586e-01,7.450000000000000000e+01,5.313346657581849986e-01,6.387089301381929651e-01,1.835810218417897044e+00,-2.105601623948718082e+00
2.076388888888889006e-01,7.475000000000000000e+01,5.326052446523029671e-01,6.372529440855010385e-01,1.823452354683508192e+00,-2.087645217310446277e+00
2.083333333333333426e-01,7.500000000000000000e+01,5.338672324575545192e-01,6.358094125896666116e-01,1.811068504814235425e+00,-2.069733315115776850e+00
2.090277777777777846e-01,7.525000000000000000e+01,5.351206124268914621e-01,6.343783030517333721e-01,1.798662412934787236e+00,-2.051870786738254626e+00
2.097222222222222265e-01,7.550000000000000000e+01,5.363653704202124839e-01,6.329595795053872820e-01,1.786237842744117676e+00,-2.034062460616718138e+00
2.104166666666666685e-01,7.575000000000000000e+01,5.376014949175703661e-01,6.315532026457576498e-01,1.773798576399645333e+00,-2.016313123173854027e+00
2.111111111111111105e-01,7.600000000000000000e+01,5.388289770316002647e-01,6.301591298589676038e-01,1.761348413392376466e+00,-1.998627517749363758e+00
2.118055555555555525e-01,7.625000000000000000e+01,5.400478105191631739e-01,6.287773152524185338e-01,1.748891169413265168e+00,-1.981010343548010644e+00
2.124999999999999944e-01,7.650000000000000000e+01,5.412579917922004658e-01,6.274077096858000635e-01,1.736430675211135366e+00,-1.963466254602778349e+00
2.131944444444444642e-01,7.675000000000000000e+01,5.424595199277917335e-01,6.260502608028152283e-01,1.723970775442502656e+00,-1.945999858753420186e+00
2.138888888888889062e-01,7.700000000000000000e+01,5.436523966774108318e-01,6.247049130636094239e-01,1.711515327513629003e+00,-1.928615716640620148e+00
2.145833333333333481e-01,7.725000000000000000e+01,5.448366264753762289e-01,6.233716077778914677e-01,1.699068200415155827e+00,-1.911318340716011033e+00
2.152777777777777901e-01,7.750000000000000000e+01,5.460122164464886740e-01,6.220502831387382248e-01,1.686633273549650980e+00,-1.894112194268295024e+00
2.159722222222222321e-01,7.775000000000000000e+01,5.471791764128526303e-01,6.207408742570682536e-01,1.674214435552415781e+00,-1.877001690465680106e+00
2.166666666666666741e-01,7.800000000000000000e+01,5.483375188998768079e-01,6.194433131967755912e-01,1.661815583105909377e+00,-1.859991191414876566e+00
2.173611111111111160e-01,7.825000000000000000e+01,5.494872591414488028e-01,6.181575290105114640e-01,1.649440619748126835e+00,-1.843085007236849204e+00
2.180555555555555580e-01,7.850000000000000000e+01,5.506284150842807312e-01,6.168834477761009349e-01,1.637093454675294657e+00,-1.826287395159561733e+00
2.187500000000000000e-01,7.875000000000000000e+01,5.517610073914209767e-01,6.156209926335843852e-01,1.624778001539231687e+00,-1.809602558627906532e+00
2.194444444444444420e-01,7.900000000000000000e+01,5.528850594449297162e-01,6.143700838228711714e-01,1.612498177239737540e+00,-1.793034646431032497e+00
2.201388888888888840e-01,7.925000000000000000e+01,5.540005973477134527e-01,6.131306387219922494e-01,1.600257900712368286e+00,-1.776587751847266361e+00
2.208333333333333537e-01,7.950000000000001421e+01,5.551076499245165552e-01,6.119025718859422147e-01,1.588061091711955752e+00,-1.760265911806817352e+00
2.215277777777777957e-01,7.975000000000000000e+01,5.562062487220668094e-01,6.106857950860942186e-01,1.575911669592240827e+00,-1.744073106072465018e+00
2.222222222222222376e-01,8.000000000000000000e+01,5.572964280083725352e-01,6.094802173501798759e-01,1.563813552081978919e+00,-1.728013256438386325e+00
2.229166666666666796e-01,8.025000000000000000e+01,5.583782247711673863e-01,6.082857450028171797e-01,1.551770654057889498e+00,-1.712090225947329847e+00
2.236111111111111216e-01,8.050000000000000000e+01,5.594516787155034976e-01,6.071022817065773181e-01,1.539786886314816750e+00,-1.696307818126289613e+00
2.243055555555555636e-01,8.075000000000000000e+01,5.605168322604888731e-01,6.059297285035749603e-01,1.527866154333471727e+00,-1.680669776240833357e+00
2.250000000000000056e-01,8.100000000000000000e+01,5.615737305351687914e-01,6.047679838575693578e-01,1.516012357046129466e+00,-1.665179782568281253e+00
2.256944444444444475e-01,8.125000000000000000e+01,5.626224213735487867e-01,6.036169436965649338e-01,1.504229385600639457e+00,-1.649841457689847690e+00
2.263888888888888895e-01,8.150000000000000000e+01,5.636629553087599831e-01,6.024765014558954856e-01,1.492521122123153132e+00,-1.634658359801915983e+00
2.270833333333333315e-01,8.175000000000000000e+01,5.646953855663628952e-01,6.013465481217806774e-01,1.480891438479906119e+00,-1.619633984046588981e+00
2.277777777777777735e-01,8.200000000000000000e+01,5.657197680567936926e-01,6.002269722753411640e-01,1.469344195038465140e+00,-1.604771761861644830e+00
2.284722222222222432e-01,8.225000000000001421e+01,5.667361613669482656e-01,5.991176601370565846e-01,1.457883239428785949e+00,-1.590075060350025771e+00
2.291666666666666852e-01,8.250000000000000000e+01,5.677446267509059785e-01,5.980184956116569861e-01,1.446512405304485549e+00,-1.575547181668996766e+00
2.298611111111111271e-01,8.275000000000000000e+01,5.687452281197953319e-01,5.969293603334295817e-01,1.435235511104687056e+00,-1.561191362439083630e+00
2.305555555555555691e-01,8.300000000000000000e+01,5.697380320307970925e-01,5.958501337119300745e-01,1.424056358816824464e+00,-1.547010773172899922e+00
2.312500000000000111e-01,8.325000000000000000e+01,5.707231076752915522e-01,5.947806929780836693e-01,1.412978732740786780e+00,-1.533008517723986275e+00
2.319444444444444531e-01,8.350000000000000000e+01,5.717005268661458084e-01,5.937209132306613402e-01,1.402006398254773023e+00,-1.519187632755733652e+00
2.326388888888888951e-01,8.375000000000000000e+01,5.726703640241470605e-01,5.926706674831183630e-01,1.391143100583242420e+00,-1.505551087230529328e+00
2.333333333333333370e-01,8.400000000000000000e+01,5.736326961635784816e-01,5.916298267107802378e-01,1.380392563567341302e+00,-1.492101781919158654e+00
2.340277777777777790e-01,8.425000000000000000e+01,5.745876028769445476e-01,5.905982598983632315e-01,1.369758488438175714e+00,-1.478842548930599854e+00
2.347222222222222210e-01,8.450000000000000000e+01,5.755351663188442712e-01,5.895758340878123338e-01,1.359244552593315891e+00,-1.465776151262251359e+00
2.354166666666666630e-01,8.475000000000000000e+01,5.764754711889963357e-01,5.885624144264461899e-01,1.348854408376911840e+00,-1.452905282370678064e+00
2.361111111111111327e-01,8.500000000000001421e+01,5.774086047144185718e-01,5.875578642153926889e-01,1.338591681863785965e+00,-1.440232565762935790e+00
2.368055555555555747e-01,8.525000000000000000e+01,5.783346566307639991e-01,5.865620449583007767e-01,1.328459971647901083e+00,-1.427760554608546339e+00
2.375000000000000167e-01,8.550000000000000000e+01,5.792537191628184257e-01,5.855748164103145026e-01,1.318462847635553326e+00,-1.415491731372143791e+00
2.381944444444444586e-01,8.575000000000000000e+01,5.801658870041599414e-01,5.845960366272953124e-01,1.308603849843688938e+00,-1.403428507466879527e+00
2.388888888888889006e-01,8.600000000000000000e+01,5.810712572959872979e-01,5.836255620152779322e-01,1.298886487203706475e+00,-1.391573222928594866e+00
2.395833333333333426e-01,8.625000000000000000e+01,5.819699296051193960e-01,5.826632473801446332e-01,1.289314236371120970e+00,-1.379928146110807274e+00
2.402777777777777846e-01,8.650000000000000000e+01,5.828620059011688781e-01,5.817089459775047766e-01,1.279890540541462451e+00,-1.368495473400537898e+00
2.409722222222222265e-01,8.675000000000000000e+01,5.837475905328980419e-01,5.807625095627642064e-01,1.270618808272784062e+00,-1.357277328955008855e+00
2.416666666666666685e-01,8.700000000000000000e+01,5.846267902037569630e-01,5.798237884413699472e-01,1.261502412315142152e+00,-1.346275764459207380e+00
2.423611111111111105e-01,8.725000000000000000e+01,5.854997139466135980e-01,5.788926315192164385e-01,1.252544688447420063e+00,-1.335492758904346378e+00
2.430555555555555525e-01,8.750000000000000000e+01,5.863664730976771988e-01,5.779688863531986520e-01,1.243748934321864841e+00,-1.324930218387218250e+00
2.437500000000000222e-01,8.775000000000001421e+01,5.872271812696225890e-01,5.770523992018958825e-01,1.235118408316698169e+00,-1.314589975930435584e+00
2.444444444444444642e-01,8.800000000000000000e+01,5.880819543239205194e-01,5.761430150763749980e-01,1.226656328397166540e+00,-1.304473791323552456e+00
2.451388888888889062e-01,8.825000000000000000e+01,5.889309103423802094e-01,5.752405777910950535e-01,1.218365870985388622e+00,-1.294583350985059500e+00
2.458333333333333481e-01,8.850000000000000000e+01,5.897741695979105137e-01,5.743449300149022774e-01,1.210250169839363510e+00,-1.284920267845223396e+00
2.465277777777777901e-01,8.875000000000000000e+01,5.906118545245052642e-01,5.734559133220971106e-01,1.202312314941494709e+00,-1.275486081249739057e+00
2.472222222222222321e-01,8.900000000000000000e+01,5.914440896864602282e-01,5.725733682435630856e-01,1.194555351396985543e+00,-1.266282256884186497e+00
2.479166666666666741e-01,8.925000000000000000e+01,5.922710017468294508e-01,5.716971343179386711e-01,1.186982278342450625e+00,-1.257310186719220679e+00
2.486111111111111160e-01,8.950000000000000000e+01,5.930927194351259812e-01,5.708270501428230892e-01,1.179596047865111519e+00,-1.248571188976479229e+00
2.493055555555555580e-01,8.975000000000000000e+01,5.939093735142773056e-01,5.699629534259946784e-01,1.172399563932898348e+00,-1.240066508115137633e+00
2.500000000000000000e-01,9.000000000000000000e+01,5.947210967468405940e-01,5.691046810366348074e-01,1.165395681335823719e+00,-1.231797314839071733e+00
2.506944444444444420e-01,9.025000000000000000e+01,5.955280238604865328e-01,5.682520690565382449e-01,1.158587204638962254e+00,-1.223764706124545354e+00
2.513888888888888840e-01,9.050000000000000000e+01,5.963302915127622894e-01,5.674049528312968826e-01,1.151976887147368789e+00,-1.215969705268381107e+00
2.520833333333333259e-01,9.075000000000000000e+01,5.971280382551364951e-01,5.665631670214443805e-01,1.145567429883282085e+00,-1.208413261956511775e+00
2.527777777777777679e-01,9.100000000000000000e+01,5.979214044963423458e-01,5.657265456535436332e-01,1.139361480575937335e+00,-1.201096252352863436e+00
2.534722222222222099e-01,9.125000000000000000e+01,5.987105324650194849e-01,5.648949221712084023e-01,1.133361632664322771e+00,-1.194019479208452639e+00
2.541666666666666519e-01,9.150000000000000000e+01,5.994955661716713236e-01,5.640681294860400152e-01,1.127570424313202535e+00,-1.187183671990637235e+00
2.548611111111110938e-01,9.175000000000000000e+01,6.002766513699423490e-01,5.632460000284686963e-01,1.121990337442727137e+00,-1.180589487032404072e+00
2.555555555555555913e-01,9.200000000000001421e+01,6.010539355172256348e-01,5.624283657984826545e-01,1.116623796771959887e+00,-1.174237507701591410e+00
2.562500000000000333e-01,9.225000000000001421e+01,6.018275677346127672e-01,5.616150584162353798e-01,1.111473168876621287e+00,-1.168128244589957898e+00
2.569444444444444753e-01,9.250000000000001421e+01,6.025976987661930684e-01,5.608059091725117185e-01,1.106540761261372241e+00,-1.162262135721956025e+00
2.576388888888889173e-01,9.275000000000001421e+01,6.033644809377142204e-01,5.600007490790447351e-01,1.101828821446937168e+00,-1.156639546783116979e+00
2.583333333333333592e-01,9.300000000000001421e+01,6.041280681146142806e-01,5.591994089186652639e-01,1.097339536072382549e+00,-1.151260771367900171e+00
2.590277777777778012e-01,9.325000000000001421e+01,6.048886156594358576e-01,5.584017192952746012e-01,1.093075030012835569e+00,-1.146126031246902377e+00
2.597222222222222432e-01,9.350000000000001421e+01,6.056462803886313306e-01,5.576075106836227979e-01,1.089037365512948163e+00,-1.141235476653259084e+00
2.604166666666666852e-01,9.375000000000000000e+01,6.064012205287747648e-01,5.568166134788828936e-01,1.085228541336394681e+00,-1.136589186588134570e+00
2.611111111111111271e-01,9.400000000000000000e+01,6.071535956721871852e-01,5.560288580460063246e-01,1.081650491931689384e+00,-1.132187169145121519e+00
2.618055555555555691e-01,9.425000000000000000e+01,6.079035667319868663e-01,5.552440747688455192e-01,1.078305086614615327e+00,-1.128029361853420065e+00
2.625000000000000111e-01,9.450000000000000000e+01,6.086512958965809572e-01,5.544620940990327984e-01,1.075194128767523294e+00,-1.124115632039628165e+00
2.631944444444444531e-01,9.475000000000000000e+01,6.093969465836048816e-01,5.536827466046015944e-01,1.072319355055798118e+00,-1.120445777207993876e+00
2.638888888888888951e-01,9.500000000000000000e+01,6.101406833933233909e-01,5.529058630183357748e-01,1.069682434661739734e+00,-1.117019525438948557e+00
2.645833333333333370e-01,9.525000000000000000e+01,6.108826720615071482e-01,5.521312742858386358e-01,1.067284968536146295e+00,-1.113836535805758254e+00
2.652777777777777790e-01,9.550000000000000000e+01,6.116230794117948344e-01,5.513588116133030237e-01,1.065128488667826945e+00,-1.110896398809121388e+00
2.659722222222222210e-01,9.575000000000000000e+01,6.123620733075545441e-01,5.505883065149759226e-01,1.063214457371335131e+00,-1.108198636829517136e+00
2.666666666666666630e-01,9.600000000000000000e+01,6.130998226032564613e-01,5.498195908603022986e-01,1.061544266593142272e+00,-1.105742704597132642e+00
2.673611111111111049e-01,9.625000000000000000e+01,6.138364970953716915e-01,5.490524969207354333e-01,1.060119237236513801e+00,-1.103527989679166543e+00
2.680555555555555469e-01,9.650000000000000000e+01,6.145722674728063550e-01,5.482868574162043096e-01,1.058940618505316289e+00,-1.101553812984322978e+00
2.687499999999999889e-01,9.675000000000000000e+01,6.153073052668893705e-01,5.475225055612243930e-01,1.058009587266999230e+00,-1.099819429284291772e+00
2.694444444444444309e-01,9.700000000000000000e+01,6.160417828009222552e-01,5.467592751106392646e-01,1.057327247434968642e+00,-1.098324027752006993e+00
2.701388888888888729e-01,9.725000000000000000e+01,6.167758731393081506e-01,5.459970004049841119e-01,1.056894629370584093e+00,-1.097066732516478016e+00
2.708333333333333703e-01,9.750000000000001421e+01,6.175097500362722869e-01,5.452355164154581990e-01,1.056712689304999619e+00,-1.096046603233980621e+00
2.715277777777778123e-01,9.775000000000001421e+01,6.182435878841876509e-01,5.444746587884939926e-01,1.056782308781043289e+00,-1.095262635675387619e+00
2.722222222222222543e-01,9.800000000000001421e+01,6.189775616615198484e-01,5.437142638899133962e-01,1.057104294115367882e+00,-1.094713762329416751e+00
2.729166666666666963e-01,9.825000000000001421e+01,6.197118468804062585e-01,5.429541688486602125e-01,1.057679375881050321e+00,-1.094398853021570472e+00
2.736111111111111382e-01,9.850000000000001421e+01,6.204466195338826928e-01,5.421942116000962875e-01,1.058508208410851026e+00,-1.094316715548534491e+00
2.743055555555555802e-01,9.875000000000001421e+01,6.211820560427716575e-01,5.414342309288528998e-01,1.059591369321307042e+00,-1.094466096327809446e+00
2.750000000000000222e-01,9.900000000000001421e+01,6.219183332022486521e-01,5.406740665112249600e-01,1.060929359057862120e+00,-1.094845681062320386e+00
2.756944444444444642e-01,9.925000000000000000e+01,6.226556281280991589e-01,5.399135589570994709e-01,1.062522600461196509e+00,-1.095454095419777119e+00
2.763888888888889062e-01,9.950000000000000000e+01,6.233941182026818684e-01,5.391525498514050385e-01,1.064371438354924537e+00,-1.096289905726534286e+00
2.770833333333333481e-01,9.975000000000000000e+01,6.241339810206133487e-01,5.383908817950781023e-01,1.066476139154843850e+00,-1.097351619675698275e+00
2.777777777777777901e-01,1.000000000000000000e+02,6.248753943341891492e-01,5.376283984455291209e-01,1.068836890499880621e+00,-1.098637687049228040e+00
2.784722222222222321e-01,1.002500000000000000e+02,6.256185359985549921e-01,5.368649445566042733e-01,1.071453800904884401e+00,-1.100146500453774712e+00
2.791666666666666741e-01,1.005000000000000000e+02,6.263635839166459274e-01,5.361003660180314601e-01,1.074326899435429583e+00,-1.101876396069998654e+00
2.798611111111111160e-01,1.007500000000000000e+02,6.271107159839065526e-01,5.353345098943407265e-01,1.077456135404749382e+00,-1.103825654415100832e+00
2.805555555555555580e-01,1.010000000000000000e+02,6.278601100328089490e-01,5.345672244632508896e-01,1.080841378092955773e+00,-1.105992501118298943e+00
2.812500000000000000e-01,1.012500000000000000e+02,6.286119437771819918e-01,5.337983592535133770e-01,1.084482416488654399e+00,-1.108375107708972740e+00
2.819444444444444420e-01,1.015000000000000000e+02,6.293663947563717942e-01,5.330277650822043967e-01,1.088378959053085682e+00,-1.110971592417223652e+00
2.826388888888888840e-01,1.017500000000000000e+02,6.301236402792433910e-01,5.322552940914563324e-01,1.092530633506911819e+00,-1.113780020986544050e+00
2.833333333333333259e-01,1.020000000000000000e+02,6.308838573680439765e-01,5.314807997846220378e-01,1.096936986639743816e+00,-1.116798407498343471e+00
2.840277777777777679e-01,1.022500000000000000e+02,6.316472227021409092e-01,5.307041370618605924e-01,1.101597484142527117e+00,-1.120024715208025157e+00
2.847222222222222099e-01,1.025000000000000000e+02,6.324139125616515811e-01,5.299251622551404139e-01,1.106511510462870662e+00,-1.123456857392352237e+00
2.854166666666666519e-01,1.027500000000000000e+02,6.331841027709819159e-01,5.291437331626490659e-01,1.111678368683409523e+00,-1.127092698207789567e+00
2.861111111111111494e-01,1.030000000000000142e+02,6.339579686422854854e-01,5.283597090826027687e-01,1.117097280423293260e+00,-1.130930053559554116e+00
2.868055555555555913e-01,1.032500000000000142e+02,6.347356849188660055e-01,5.275729508464507278e-01,1.122767385762853953e+00,-1.134966691981059039e+00
2.875000000000000333e-01,1.035000000000000142e+02,6.355174257185324249e-01,5.267833208514623999e-01,1.128687743191554071e+00,-1.139200335523480323e+00
2.881944444444444753e-01,1.037500000000000142e+02,6.363033644769282571e-01,5.259906830926962540e-01,1.134857329579242791e+00,-1.143628660655123586e+00
2.888888888888889173e-01,1.040000000000000142e+02,6.370936738908471453e-01,5.251949031943390356e-01,1.141275040170805832e+00,-1.148249299170301718e+00
2.895833333333333592e-01,1.042500000000000142e+02,6.378885258615545339e-01,5.243958484404112053e-01,1.147939688604236785e+00,-1.153059839107432705e+00
2.902777777777778012e-01,1.045000000000000142e+02,6.386880914381287688e-01,5.235933878048315560e-01,1.154850006952179875e+00,-1.158057825676026109e+00
2.909722222222222432e-01,1.047500000000000142e+02,6.394925407608401668e-01,5.227873919808351255e-01,1.162004645786982593e+00,-1.163240762192284006e+00
2.916666666666666852e-01,1.050000000000000000e+02,6.403020430045824885e-01,5.219777334097386312e-01,1.169402174269277950e+00,-1.168606111022976624e+00
2.923611111111111271e-01,1.052500000000000000e+02,6.411167663223747981e-01,5.211642863090474309e-01,1.177041080260128325e+00,-1.174151294537310930e+00
2.930555555555555691e-01,1.055000000000000000e+02,6.419368777889497002e-01,5.203469266998989040e-01,1.184919770456732024e+00,-1.179873696066463085e+00
2.937500000000000111e-01,1.057500000000000000e+02,6.427625433444426051e-01,5.195255324338367009e-01,1.193036570551714082e+00,-1.185770660870464566e+00
2.944444444444444531e-01,1.060000000000000000e+02,6.435939277382013435e-01,5.186999832189117532e-01,1.201389725415992427e+00,-1.191839497112136659e+00
2.951388888888888951e-01,1.062500000000000000e+02,6.444311944727296737e-01,5.178701606451034944e-01,1.209977399305217416e+00,-1.198077476837743793e+00
2.958333333333333370e-01,1.065000000000000000e+02,6.452745057477841106e-01,5.170359482090587377e-01,1.218797676089772519e+00,-1.204481836964059971e+00
2.965277777777777790e-01,1.067500000000000000e+02,6.461240224046358449e-01,5.161972313381427702e-01,1.227848559508310844e+00,-1.211049780271526544e+00
2.972222222222222210e-01,1.070000000000000000e+02,6.469799038705200678e-01,5.153538974137984452e-01,1.237127973444809292e+00,-1.217778476403182930e+00
2.979166666666666630e-01,1.072500000000000000e+02,6.478423081032835817e-01,5.145058357942097205e-01,1.246633762229093945e+00,-1.224665062869038090e+00
2.986111111111111049e-01,1.075000000000000000e+02,6.487113915362496819e-01,5.136529378362663101e-01,1.256363690960814905e+00,-1.231706646055590326e+00
2.993055555555555469e-01,1.077500000000000000e+02,6.495873090233174052e-01,5.127950969168252326e-01,1.266315445856799338e+00,-1.238900302240141915e+00
2.999999999999999889e-01,1.080000000000000000e+02,6.504702137843083598e-01,5.119322084532661465e-01,1.276486634621752936e+00,-1.246243078609602817e+00
3.006944444444444309e-01,1.082500000000000000e+02,6.513602573505804516e-01,5.110641699233383628e-01,1.286874786842225671e+00,-1.253731994283465045e+00
3.013888888888888729e-01,1.085000000000000000e+02,6.522575895109218314e-01,5.101908808842958720e-01,1.297477354403789640e+00,-1.261364041340608200e+00
3.020833333333333703e-01,1.087500000000000142e+02,6.531623582577444909e-01,5.093122429913178317e-01,1.308291711931353962e+00,-1.269136185849624843e+00
3.027777777777778123e-01,1.090000000000000142e+02,6.540747097335898319e-01,5.084281600152126268e-01,1.319315157252508364e+00,-1.277045368902337996e+00
3.034722222222222543e-01,1.092500000000000142e+02,6.549947881779648595e-01,5.075385378594028385e-01,1.330544911883861037e+00,-1.285088507650191003e+00
3.041666666666666963e-01,1.095000000000000142e+02,6.559227358745243208e-01,5.066432845761905668e-01,1.341978121540210012e+00,-1.293262496343171808e+00
3.048611111111111382e-01,1.097500000000000142e+02,6.568586930986134442e-01,5.057423103822993316e-01,1.353611856666496083e+00,-1.301564207370966564e+00
3.055555555555555802e-01,1.100000000000000142e+02,6.578027980651885986e-01,5.048355276736925523e-01,1.365443112992400732e+00,-1.309990492306002174e+00
3.062500000000000222e-01,1.102500000000000142e+02,6.587551868771313046e-01,5.039228510396679406e-01,1.377468812109490237e+00,-1.318538182948064685e+00
3.069444444444444642e-01,1.105000000000000000e+02,6.597159934739691423e-01,5.030041972762254732e-01,1.389685802070767418e+00,-1.327204092370165789e+00
3.076388888888889062e-01,1.107500000000000000e+02,6.606853495810234289e-01,5.020794853987076145e-01,1.402090858012511099e+00,-1.335985015965330147e+00
3.083333333333333481e-01,1.110000000000000000e+02,6.616633846589936585e-01,5.011486366537150072e-01,1.414680682798272748e+00,-1.344877732493996003e+00
3.090277777777777901e-01,1.112500000000000000e+02,6.626502258539989088e-01,5.002115745302916361e-01,1.427451907684867960e+00,-1.353879005131685354e+00
3.097222222222222321e-01,1.115000000000000000e+02,6.636459979480882065e-01,4.992682247703846832e-01,1.440401093010238887e+00,-1.362985582516638816e+00
3.104166666666666741e-01,1.117500000000000000e+02,6.646508233102362828e-01,4.983185153785762433e-01,1.453524728903012209e+00,-1.372194199797093672e+00
3.111111111111111160e-01,1.120000000000000000e+02,6.656648218478398160e-01,4.973623766310877881e-01,1.466819236013598982e+00,-1.381501579677880009e+00
3.118055555555555580e-01,1.122500000000000000e+02,6.666881109587290410e-01,4.963997410840578217e-01,1.480280966266669385e+00,-1.390904433466012335e+00
3.125000000000000000e-01,1.125000000000000000e+02,6.677208054837087126e-01,4.954305435810953395e-01,1.493906203634818519e+00,-1.400399462114982452e+00
3.131944444444444420e-01,1.127500000000000000e+02,6.687630176596436327e-01,4.944547212601066444e-01,1.507691164933256944e+00,-1.409983357267401205e+00
3.138888888888888840e-01,1.130000000000000000e+02,6.698148570731038420e-01,4.934722135594006298e-01,1.521632000635314785e+00,-1.419652802295710226e+00
3.145833333333333259e-01,1.132500000000000000e+02,6.708764306145830192e-01,4.924829622230703641e-01,1.535724795708594437e+00,-1.429404473340627924e+00
3.152777777777777679e-01,1.135000000000000000e+02,6.719478424333045208e-01,4.914869113056558603e-01,1.549965570471544485e+00,-1.439235040347023098e+00
3.159722222222222099e-01,1.137500000000000000e+02,6.730291938926294959e-01,4.904840071760879772e-01,1.564350281470267223e+00,-1.449141168096917065e+00
3.166666666666666519e-01,1.140000000000000000e+02,6.741205835260807300e-01,4.894741985209156709e-01,1.578874822375336606e+00,-1.459119517239280128e+00
3.173611111111111494e-01,1.142500000000000142e+02,6.752221069939962073e-01,4.884574363468194291e-01,1.593535024898414587e+00,-1.469166745316351719e+00
3.180555555555555913e-01,1.145000000000000142e+02,6.763338570408260475e-01,4.874336739824141618e-01,1.608326659728429364e+00,-1.479279507786141146e+00
3.187500000000000333e-01,1.147500000000000142e+02,6.774559234530863616e-01,4.864028670793417719e-01,1.623245437487109255e+00,-1.489454459040839174e+00
3.194444444444444753e-01,1.150000000000000142e+02,6.785883930179830159e-01,4.853649736126597336e-01,1.638287009703603747e+00,-1.499688253420815576e+00
3.201388888888889173e-01,1.152500000000000142e+02,6.797313494827188496e-01,4.843199538805264548e-01,1.653446969807971678e+00,-1.509977546223916889e+00
3.208333333333333592e-01,1.155000000000000142e+02,6.808848735144985564e-01,4.832677705031859228e-01,1.668720854143282084e+00,-1.520318994709766836e+00
3.215277777777778012e-01,1.157500000000000142e+02,6.820490426612397794e-01,4.822083884212602922e-01,1.684104142996075248e+00,-1.530709259098765873e+00
3.222222222222222432e-01,1.160000000000000142e+02,6.832239313130101799e-01,4.811417748933466410e-01,1.699592261644919722e+00,-1.541145003565514982e+00
3.229166666666666852e-01,1.162500000000000000e+02,6.844096106641945898e-01,4.800678994929293841e-01,1.715180581426801076e+00,-1.551622897226352382e+00
3.236111111111111271e-01,1.165000000000000000e+02,6.856061486764125634e-01,4.789867341046055715e-01,1.730864420821084382e+00,-1.562139615120743175e+00
3.243055555555555691e-01,1.167500000000000000e+02,6.868136100421924350e-01,4.778982529196344475e-01,1.746639046550749308e+00,-1.572691839186208584e+00
3.250000000000000111e-01,1.170000000000000000e+02,6.880320561494162046e-01,4.768024324308098305e-01,1.762499674700645169e+00,-1.583276259226540805e+00
3.256944444444444531e-01,1.172500000000000000e+02,6.892615450465481297e-01,4.756992514266624728e-01,1.778441471852453493e+00,-1.593889573873005894e+00
3.263888888888888951e-01,1.175000000000000000e+02,6.905021314086565720e-01,4.745886909849998392e-01,1.794459556236089215e+00,-1.604528491538262269e+00
3.270833333333333370e-01,1.177500000000000000e+02,6.917538665042396451e-01,4.734707344657828609e-01,1.810548998897223871e+00,-1.615189731362740577e+00
3.277777777777777790e-01,1.180000000000000000e+02,6.930167981628693186e-01,4.723453675033512100e-01,1.826704824880642786e+00,-1.625870024153177829e+00
3.284722222222222210e-01,1.182500000000000000e+02,6.942909707436614175e-01,4.712125779979963180e-01,1.842922014429122957e+00,-1.636566113313088211e+00
3.291666666666666630e-01,1.185000000000000000e+02,6.955764251045839508e-01,4.700723561068951284e-01,1.859195504197520998e+00,-1.647274755764858378e+00
3.298611111111111049e-01,1.187500000000000000e+02,6.968731985726132061e-01,4.689246942344026947e-01,1.875520188481755168e+00,-1.657992722863245838e+00
3.305555555555555469e-01,1.190000000000000000e+02,6.981813249147494904e-01,4.677695870217153384e-01,1.891890920462358849e+00,-1.668716801299999331e+00
3.312499999999999889e-01,1.192500000000000000e+02,6.995008343099000658e-01,4.666070313359093058e-01,1.908302513462285299e+00,-1.679443793999363166e+00
3.319444444444444309e-01,1.195000000000000000e+02,7.008317533216414930e-01,4.654370262583585327e-01,1.924749742218624826e+00,-1.690170521004208837e+00
3.326388888888889284e-01,1.197500000000000142e+02,7.021741048718689315e-01,4.642595730725434522e-01,1.941227344167907543e+00,-1.700893820352544772e+00
3.333333333333333703e-01,1.200000000000000142e+02,7.035279082153433894e-01,4.630746752512516218e-01,1.957730020744640420e+00,-1.711610548944173305e+00
3.340277777777778123e-01,1.202500000000000142e+02,7.048931789151446914e-01,4.618823384431821610e-01,1.974252438692762901e+00,-1.722317583397245944e+00
3.347222222222222543e-01,1.205000000000000142e+02,7.062699288190409375e-01,4.606825704589567749e-01,1.990789231389636260e+00,-1.733011820894485355e+00
3.354166666666666963e-01,1.207500000000000142e+02,7.076581660367782245e-01,4.594753812565493534e-01,2.007335000182244755e+00,-1.743690180018842906e+00
3.361111111111111382e-01,1.210000000000000142e+02,7.090578949183072854e-01,4.582607829261373111e-01,2.023884315735242190e+00,-1.754349601578371498e+00
3.368055555555555802e-01,1.212500000000000142e+02,7.104691160329460464e-01,4.570387896743832723e-01,2.040431719390479959e+00,-1.764987049420072562e+00
3.375000000000000222e-01,1.215000000000000142e+02,7.118918261494925348e-01,4.558094178081580905e-01,2.056971724537666635e+00,-1.775599511232520245e+00
3.381944444444444642e-01,1.217500000000000000e+02,7.133260182172924679e-01,4.545726857177073699e-01,2.073498817995784282e+00,-1.786183999337039641e+00
3.388888888888889062e-01,1.220000000000000000e+02,7.147716813482698495e-01,4.533286138592750314e-01,2.090007461404882694e+00,-1.796737551467214367e+00
3.395833333333333481e-01,1.222500000000000000e+02,7.162288007999286776e-01,4.520772247371878660e-01,2.106492092627908708e+00,-1.807257231536542275e+00
3.402777777777777901e-01,1.225000000000000000e+02,7.176973579593294295e-01,4.508185428854126764e-01,2.122947127162153169e+00,-1.817740130394017273e+00
3.409722222222222321e-01,1.227500000000000000e+02,7.191773303280507568e-01,4.495525948485922796e-01,2.139366959559966475e+00,-1.828183366567449397e+00
3.416666666666666741e-01,1.230000000000000000e+02,7.206686915081402800e-01,4.482794091625684763e-01,2.155745964858349240e+00,-1.838584086994323297e+00
3.423611111111111160e-01,1.232500000000000000e+02,7.221714111890609189e-01,4.469990163344048084e-01,2.172078500017024627e+00,-1.848939467740013720e+00
3.430555555555555580e-01,1.235000000000000000e+02,7.236854551356395326e-01,4.457114488219111048e-01,2.188358905364625517e+00,-1.859246714703168823e+00
3.437500000000000000e-01,1.237500000000000000e+02,7.252107851770205338e-01,4.444167410126870776e-01,2.204581506052572859e+00,-1.869503064308076112e+00
3.444444444444444420e-01,1.240000000000000000e+02,7.267473591966348012e-01,4.431149292026850262e-01,2.220740613516282380e+00,-1.879705784183851369e+00
3.451388888888888840e-01,1.242500000000000000e+02,7.282951311231827818e-01,4.418060515743096328e-01,2.236830526943282660e+00,-1.889852173830262938e+00
3.458333333333333259e-01,1.245000000000000000e+02,7.298540509226409956e-01,4.404901481740578495e-01,2.252845534747852430e+00,-1.899939565270034825e+00
3.465277777777777679e-01,1.247500000000000000e+02,7.314240645912952754e-01,4.391672608897098096e-01,2.268779916051776979e+00,-1.909965323687462746e+00
3.472222222222222099e-01,1.250000000000000000e+02,7.330051141498021838e-01,4.378374334270841994e-01,2.284627942170814663e+00,-1.919926848053194135e+00
3.479166666666667074e-01,1.252500000000000142e+02,7.345971376382866014e-01,4.365007112863604766e-01,2.300383878106471158e+00,-1.929821571735008678e+00
3.486111111111111494e-01,1.255000000000000142e+02,7.362000691124758189e-01,4.351571417379864748e-01,2.316041984042677360e+00,-1.939646963094465715e+00
3.493055555555555913e-01,1.257500000000000142e+02,7.378138386408756855e-01,4.338067737981712857e-01,2.331596516846950351e+00,-1.949400526069265283e+00
3.500000000000000333e-01,1.260000000000000142e+02,7.394383723029889222e-01,4.324496582039843440e-01,2.347041731575640444e+00,-1.959079800741191812e+00
3.506944444444444753e-01,1.262500000000000142e+02,7.410735921885821531e-01,4.310858473880597175e-01,2.362371882982836624e+00,-1.968682363889508569e+00
3.513888888888889173e-01,1.265000000000000142e+02,7.427194163980003205e-01,4.297153954529261966e-01,2.377581227032523614e+00,-1.978205829529669835e+00
3.520833333333333592e-01,1.267500000000000142e+02,7.443757590435323701e-01,4.283383581449649036e-01,2.392664022413583780e+00,-1.987647849437242709e+00
3.527777777777778012e-01,1.270000000000000142e+02,7.460425302518316482e-01,4.269547928280088001e-01,2.407614532057201551e+00,-1.997006113656899284e+00
3.534722222222222432e-01,1.272500000000000142e+02,7.477196361673879021e-01,4.255647584565961372e-01,2.422427024656274241e+00,-2.006278350996392845e+00
3.541666666666666852e-01,1.275000000000000000e+02,7.494069789570574347e-01,4.241683155488829016e-01,2.437095776186409157e+00,-2.015462329505387284e+00
3.548611111111111271e-01,1.277500000000000000e+02,7.511044568156484136e-01,4.227655261592306313e-01,2.451615071428070003e+00,-2.024555856939060927e+00
3.555555555555555691e-01,1.280000000000000000e+02,7.528119639725650014e-01,4.213564538504765977e-01,2.465979205489464476e+00,-2.033556781206369291e+00
3.562500000000000111e-01,1.282500000000000000e+02,7.545293906995071964e-01,4.199411636658971769e-01,2.480182485329756492e+00,-2.042462990802879741e+00
3.569444444444444531e-01,1.285000000000000000e+02,7.562566233192303811e-01,4.185197221008781221e-01,2.494219231282165161e+00,-2.051272415228110990e+00
3.576388888888888951e-01,1.287500000000000000e+02,7.579935442153609149e-01,4.170921970742978435e-01,2.508083778576532197e+00,-2.059983025387260192e+00
3.583333333333333370e-01,1.290000000000000000e+02,7.597400318432697697e-01,4.156586578996399606e-01,2.521770478860950959e+00,-2.068592833977275891e+00
3.590277777777777790e-01,1.292500000000000000e+02,7.614959607420028753e-01,4.142191752558403994e-01,2.535273701722012607e+00,-2.077099895857190681e+00
3.597222222222222210e-01,1.295000000000000000e+02,7.632612015472637346e-01,4.127738211578851901e-01,2.548587836203254575e+00,-2.085502308402650939e+00
3.604166666666666630e-01,1.297500000000000000e+02,7.650356210054535255e-01,4.113226689271660685e-01,2.561707292321392604e+00,-2.093798211844577928e+00
3.611111111111111049e-01,1.300000000000000000e+02,7.668190819887612530e-01,4.098657931616066508e-01,2.574626502579908660e+00,-2.101985789591919840e+00
3.618055555555555469e-01,1.302500000000000000e+02,7.686114435113030607e-01,4.084032697055708927e-01,2.587339923479566650e+00,-2.110063268538430403e+00
3.624999999999999889e-01,1.305000000000000000e+02,7.704125607463128134e-01,4.069351756195626058e-01,2.599842037025448693e+00,-2.118028919353442507e+00
3.631944444444444309e-01,1.307500000000000000e+02,7.722222850443729580e-01,4.054615891497302949e-01,2.612127352230078969e+00,-2.125881056756582677e+00
3.638888888888889284e-01,1.310000000000000000e+02,7.740404639526921038e-01,4.039825896971848129e-01,2.624190406612211479e+00,-2.133618039776413511e+00
3.645833333333333703e-01,1.312500000000000000e+02,7.758669412354192163e-01,4.024982577871462630e-01,2.636025767690871380e+00,-2.141238271992957021e+00
3.652777777777778123e-01,1.315000000000000000e+02,7.777015568949955382e-01,4.010086750379227571e-01,2.647628034474226233e+00,-2.148740201764084645e+00
3.659722222222222543e-01,1.317500000000000000e+02,7.795441471945356859e-01,3.995139241297436250e-01,2.658991838942867947e+00,-2.156122322435761074e+00
3.666666666666666963e-01,1.320000000000000000e+02,7.813945446812399220e-01,3.980140887734480160e-01,2.670111847527087523e+00,-2.163383172536117449e+00
3.673611111111111382e-01,1.322500000000000000e+02,7.832525782108279433e-01,3.965092536790454369e-01,2.680982762577730494e+00,-2.170521335953353503e+00
3.680555555555555802e-01,1.325000000000000000e+02,7.851180729729929642e-01,3.949995045241598834e-01,2.691599323830218715e+00,-2.177535442097480178e+00
3.687500000000000222e-01,1.327500000000000000e+02,7.869908505178687674e-01,3.934849279223643359e-01,2.701956309861315741e+00,-2.184424166045869420e+00
3.694444444444444642e-01,1.330000000000000000e+02,7.888707287835072801e-01,3.919656113914230522e-01,2.712048539538244096e+00,-2.191186228672663994e+00
3.701388888888889062e-01,1.332500000000000000e+02,7.907575221243585695e-01,3.904416433214465965e-01,2.721870873459721896e+00,-2.197820396762033557e+00
3.708333333333333481e-01,1.335000000000000000e+02,7.926510413407480415e-01,3.889131129429762579e-01,2.731418215388535575e+00,-2.204325483105304517e+00
3.715277777777777901e-01,1.337500000000000000e+02,7.945510937093481774e-01,3.873801102950052977e-01,2.740685513675215290e+00,-2.210700346581988995e+00
3.722222222222222321e-01,1.340000000000000000e+02,7.964574830146325946e-01,3.858427261929489593e-01,2.749667762672441729e+00,-2.216943892224733759e+00
3.729166666666666741e-01,1.342500000000000000e+02,7.983700095813105468e-01,3.843010521965774529e-01,2.758360004139751354e+00,-2.223055071268245086e+00
3.736111111111111160e-01,1.345000000000000000e+02,8.002884703077336459e-01,3.827551805779170202e-01,2.766757328638168367e+00,-2.229032881182205550e+00
3.743055555555555580e-01,1.347500000000000000e+02,8.022126587002661458e-01,3.812052042891369008e-01,2.774854876914346846e+00,-2.234876365688242661e+00
3.750000000000000000e-01,1.350000000000000000e+02,8.041423649086144598e-01,3.796512169304275264e-01,2.782647841273841571e+00,-2.240584614760989801e+00
3.756944444444444420e-01,1.352500000000000000e+02,8.060773757621051416e-01,3.780933127178855990e-01,2.790131466943110539e+00,-2.246156764613312262e+00
3.763888888888888840e-01,1.355000000000000000e+02,8.080174748069044455e-01,3.765315864514133803e-01,2.797301053419865902e+00,-2.251591997665738365e+00
3.770833333333333259e-01,1.357500000000000000e+02,8.099624423441736942e-01,3.749661334826449033e-01,2.804151955811382102e+00,-2.256889542500167600e+00
3.777777777777777679e-01,1.360000000000000000e+02,8.119120554691460212e-01,3.733970496829110419e-01,2.810679586160381938e+00,-2.262048673797941500e+00
3.784722222222222099e-01,1.362500000000000000e+02,8.138660881111240419e-01,3.718244314112507110e-01,2.816879414758129307e+00,-2.267068712262325647e+00
3.791666666666667074e-01,1.365000000000000284e+02,8.158243110743798043e-01,3.702483754824837936e-01,2.822746971444328068e+00,-2.271949024525508065e+00
3.798611111111111494e-01,1.367500000000000000e+02,8.177864920799571280e-01,3.686689791353521262e-01,2.828277846893492598e+00,-2.276689023040183280e+00
3.805555555555555913e-01,1.370000000000000000e+02,8.197523958083596796e-01,3.670863400007422506e-01,2.833467693887385508e+00,-2.281288165955823288e+00
3.812500000000000333e-01,1.372500000000000000e+02,8.217217839431198989e-01,3.655005560699980949e-01,2.838312228573176110e+00,-2.285745956979715832e+00
3.819444444444444753e-01,1.375000000000000000e+02,8.236944152152330112e-01,3.639117256633371267e-01,2.842807231706956372e+00,-2.290061945222894302e+00
3.826388888888889173e-01,1.377500000000000000e+02,8.256700454484551255e-01,3.623199473983775842e-01,2.846948549882252433e+00,-2.294235725031037010e+00
3.833333333333333592e-01,1.380000000000000000e+02,8.276484276054423272e-01,3.607253201587879987e-01,2.850732096743176847e+00,-2.298266935800457045e+00
3.840277777777778012e-01,1.382500000000000000e+02,8.296293118347332074e-01,3.591279430630711644e-01,2.854153854181875172e+00,-2.302155261779307960e+00
3.847222222222222432e-01,1.385000000000000000e+02,8.316124455185528452e-01,3.575279154334891629e-01,2.857209873519928944e+00,-2.305900431854097654e+00
3.854166666666666852e-01,1.387500000000000000e+02,8.335975733214331385e-01,3.559253367651440958e-01,2.859896276673349114e+00,-2.309502219321663663e+00
3.861111111111111271e-01,1.390000000000000000e+02,8.355844372396372677e-01,3.543203066952197999e-01,2.862209257300848630e+00,-2.312960441646709331e+00
3.868055555555555691e-01,1.392500000000000000e+02,8.375727766513743067e-01,3.527129249723988114e-01,2.864145081935054460e+00,-2.316274960205056299e+00
3.875000000000000111e-01,1.395000000000000000e+02,8.395623283677935422e-01,3.511032914264617943e-01,2.865700091096315294e+00,-2.319445680012739874e+00
3.881944444444444531e-01,1.397500000000000000e+02,8.415528266847469574e-01,3.494915059380789835e-01,2.866870700388805648e+00,-2.322472549441075618e+00
3.888888888888888951e-01,1.400000000000000000e+02,8.435440034353062222e-01,3.478776684088067395e-01,2.867653401578588390e+00,-2.325355559917876125e+00
3.895833333333333370e-01,1.402500000000000000e+02,8.455355880430219795e-01,3.462618787312935487e-01,2.868044763653330165e+00,-2.328094745614930350e+00
3.902777777777777790e-01,1.405000000000000000e+02,8.475273075759109931e-01,3.446442367597102874e-01,2.868041433863360634e+00,-2.330690183121924886e+00
3.909722222222222210e-01,1.407500000000000000e+02,8.495188868011640526e-01,3.430248422804095809e-01,2.867640138743765998e+00,-2.333141991106948865e+00
3.916666666666666630e-01,1.410000000000000000e+02,8.515100482405515425e-01,3.414037949828271357e-01,2.866837685117227696e+00,-2.335450329963761895e+00
3.923611111111111049e-01,1.412500000000000000e+02,8.535005122265226785e-01,3.397811944306314280e-01,2.865630961077296313e+00,-2.337615401445973351e+00
3.930555555555555469e-01,1.415000000000000000e+02,8.554899969589787601e-01,3.381571400331320199e-01,2.864016936951830683e+00,-2.339637448288311994e+00
3.937499999999999889e-01,1.417500000000000000e+02,8.574782185627094488e-01,3.365317310169566589e-01,2.861992666246305106e+00,-2.341516753815165774e+00
3.944444444444444864e-01,1.420000000000000284e+02,8.594648911454766393e-01,3.349050663980023268e-01,2.859555286566711096e+00,-2.343253641536550802e+00
3.951388888888889284e-01,1.422500000000000000e+02,8.614497268567309352e-01,3.332772449536737791e-01,2.856702020521783680e+00,-2.344848474731718202e+00
3.958333333333333703e-01,1.425000000000000000e+02,8.634324359469504051e-01,3.316483651954126866e-01,2.853430176604281332e+00,-2.346301656020556514e+00
3.965277777777778123e-01,1.427500000000000000e+02,8.654127268275805251e-01,3.300185253415314213e-01,2.849737150051064205e+00,-2.347613626923001462e+00
3.972222222222222543e-01,1.430000000000000000e+02,8.673903061315668683e-01,3.283878232903541527e-01,2.845620423681703315e+00,-2.348784867406619625e+00
3.979166666666666963e-01,1.432500000000000000e+02,8.693648787744602258e-01,3.267563565936790204e-01,2.841077568715388413e+00,-2.349815895422607603e+00
3.986111111111111382e-01,1.435000000000000000e+02,8.713361480160830563e-01,3.251242224305641026e-01,2.836106245565877870e+00,-2.350707266430346998e+00
3.993055555555555802e-01,1.437500000000000000e+02,8.733038155227401678e-01,3.234915175814482291e-01,2.830704204614250319e+00,-2.351459572910761686e+00
4.000000000000000222e-01,1.440000000000000000e+02,8.752675814299565316e-01,3.218583384026146854e-01,2.824869286959247994e+00,-2.352073443868675007e+00
4.006944444444444642e-01,1.442500000000000000e+02,8.772271444057319068e-01,3.202247808010023067e-01,2.818599425144952431e+00,-2.352549544324361364e+00
4.013888888888889062e-01,1.445000000000000000e+02,8.791822017142877366e-01,3.185909402093751730e-01,2.811892643865609109e+00,-2.352888574794523624e+00
4.020833333333333481e-01,1.447500000000000000e+02,8.811324492803007669e-01,3.169569115618547372e-01,2.804747060647355905e+00,-2.353091270762894816e+00
4.027777777777777901e-01,1.450000000000000000e+02,8.830775817535987393e-01,3.153227892698247103e-01,2.797160886506673716e+00,-2.353158402140703487e+00
4.034722222222222321e-01,1.452500000000000000e+02,8.850172925743057251e-01,3.136886671982129782e-01,2.789132426585344326e+00,-2.353090772717203905e+00
4.041666666666666741e-01,1.455000000000000000e+02,8.869512740384212224e-01,3.120546386421584328e-01,2.780660080761721442e+00,-2.352889219600504678e+00
4.048611111111111160e-01,1.457500000000000000e+02,8.888792173638137006e-01,3.104207963040704898e-01,2.771742344238140365e+00,-2.352554612648931176e+00
4.055555555555555580e-01,1.460000000000000000e+02,8.908008127566164891e-01,3.087872322710852879e-01,2.762377808104270027e+00,-2.352087853893131353e+00
4.062500000000000000e-01,1.462500000000000000e+02,8.927157494780035840e-01,3.071540379929275089e-01,2.752565159876238621e+00,-2.351489876949185653e+00
4.069444444444444420e-01,1.465000000000000000e+02,8.946237159113323845e-01,3.055213042601825357e-01,2.742303184011374295e+00,-2.350761646422927509e+00
4.076388888888888840e-01,1.467500000000000000e+02,8.965243996296370366e-01,3.038891211829844452e-01,2.731590762398378391e+00,-2.349904157305722219e+00
4.083333333333333259e-01,1.470000000000000000e+02,8.984174874634504038e-01,3.022575781701278830e-01,2.720426874822804653e+00,-2.348918434361970675e+00
4.090277777777777679e-01,1.472500000000000000e+02,9.003026655689436719e-01,3.006267639086068200e-01,2.708810599407671660e+00,-2.347805531508522670e+00
4.097222222222222654e-01,1.475000000000000284e+02,9.021796194963620508e-01,2.989967663435878498e-01,2.696741113029084591e+00,-2.346566531186314641e+00
4.104166666666667074e-01,1.477500000000000284e+02,9.040480342587385865e-01,2.973676726588219688e-01,2.684217691706725528e+00,-2.345202543724407285e+00
4.111111111111111494e-01,1.480000000000000000e+02,9.059075944008750936e-01,2.957395692575012225e-01,2.671239710969087522e+00,-2.343714706696739203e+00
4.118055555555555913e-01,1.482500000000000000e+02,9.077579840685621182e-01,2.941125417435631051e-01,2.657806646193328071e+00,-2.342104184271787126e+00
4.125000000000000333e-01,1.485000000000000000e+02,9.095988870780309377e-01,2.924866749034509827e-01,2.643918072919642093e+00,-2.340372166555435562e+00
4.131944444444444753e-01,1.487500000000000000e+02,9.114299869856118397e-01,2.908620526883314850e-01,2.629573667140030491e+00,-2.338519868927265488e+00
4.138888888888889173e-01,1.490000000000000000e+02,9.132509671575858023e-01,2.892387581967756360e-01,2.614773205561382596e+00,-2.336548531370567616e+00
4.145833333333333592e-01,1.492500000000000000e+02,9.150615108402081477e-01,2.876168736579076679e-01,2.599516565842769467e+00,-2.334459417796283631e+00
4.152777777777778012e-01,1.495000000000000000e+02,9.168613012298915121e-01,2.859964804150244566e-01,2.583803726806865431e+00,-2.332253815361176486e+00
4.159722222222222432e-01,1.497500000000000000e+02,9.186500215435211558e-01,2.843776589096917440e-01,2.567634768625433495e+00,-2.329933033780477114e+00
4.166666666666666852e-01,1.500000000000000000e+02,9.204273550888958377e-01,2.827604886663178663e-01,2.551009872978778237e+00,-2.327498404635249596e+00
4.173611111111111271e-01,1.502500000000000000e+02,9.221929853352660578e-01,2.811450482772116510e-01,2.533929323189138216e+00,-2.324951280674788734e+00
4.180555555555555691e-01,1.505000000000000000e+02,9.239465959839580078e-01,2.795314153881257591e-01,2.516393504327925523e+00,-2.322293035114245008e+00
4.187500000000000111e-01,1.507500000000000000e+02,9.256878710390625820e-01,2.779196666842893015e-01,2.498402903296789823e+00,-2.319525060927797089e+00
4.194444444444444531e-01,1.510000000000000000e+02,9.274164948781711271e-01,2.763098778769332853e-01,2.479958108882467371e+00,-2.316648770137634372e+00
4.201388888888888951e-01,1.512500000000000000e+02,9.291321523231398372e-01,2.747021236903101626e-01,2.461059811785349716e+00,-2.313665593098965800e+00
4.208333333333333370e-01,1.515000000000000000e+02,9.308345287108674704e-01,2.730964778492129819e-01,2.441708804621795181e+00,-2.310576977781405361e+00
4.215277777777777790e-01,1.517500000000000000e+02,9.325233099640608536e-01,2.714930130669923614e-01,2.421905981900108529e+00,-2.307384389046909678e+00
4.222222222222222210e-01,1.520000000000000000e+02,9.341981826619787377e-01,2.698918010340788376e-01,2.401652339970233641e+00,-2.304089307924633623e+00
4.229166666666666630e-01,1.522500000000000000e+02,9.358588341111301334e-01,2.682929124070068116e-01,2.380948976947104612e+00,-2.300693230882886020e+00
4.236111111111111049e-01,1.525000000000000000e+02,9.375049524159098091e-01,2.666964167979472000e-01,2.359797092607684554e+00,-2.297197669098514083e+00
4.243055555555555469e-01,1.527500000000000000e+02,9.391362265491531858e-01,2.651023827647476794e-01,2.338197988261711657e+00,-2.293604147723973696e+00
4.249999999999999889e-01,1.530000000000000000e+02,9.407523464225941989e-01,2.635108778014819686e-01,2.316153066596130738e+00,-2.289914205152332016e+00
4.256944444444444864e-01,1.532500000000000284e+02,9.423530029572027011e-01,2.619219683295110346e-01,2.293663831493287564e+00,-2.286129392280522588e+00
4.263888888888889284e-01,1.535000000000000000e+02,9.439378881533891930e-01,2.603357196890563885e-01,2.270731887822869943e+00,-2.282251271771059020e+00
4.270833333333333703e-01,1.537500000000000000e+02,9.455066951610551218e-01,2.587521961312854724e-01,2.247358941207668881e+00,-2.278281417312549628e+00
4.277777777777778123e-01,1.540000000000000000e+02,9.470591183494716514e-01,2.571714608109122446e-01,2.223546797763177096e+00,-2.274221412879222193e+00
4.284722222222222543e-01,1.542500000000000000e+02,9.485948533769676949e-01,2.555935757793118546e-01,2.199297363811119954e+00,-2.270072851989777707e+00
4.291666666666666963e-01,1.545000000000000000e+02,9.501135972604104474e-01,2.540186019781495164e-01,2.174612645566941005e+00,-2.265837336965810245e+00
4.298611111111111382e-01,1.547500000000000000e+02,9.516150484444616531e-01,2.524465992335251929e-01,2.149494748801311861e+00,-2.261516478190073620e+00
4.305555555555555802e-01,1.550000000000000000e+02,9.530989068705851830e-01,2.508776262506329791e-01,2.123945878475792526e+00,-2.257111893364889710e+00
4.312500000000000222e-01,1.552500000000000000e+02,9.545648740457988168e-01,2.493117406089357668e-01,2.097968338352645290e+00,-2.252625206770909827e+00
4.319444444444444642e-01,1.555000000000000000e+02,9.560126531111408088e-01,2.477489987578540553e-01,2.071564530578978047e+00,-2.248058048526571540e+00
4.326388888888889062e-01,1.557500000000000000e+02,9.574419489098415781e-01,2.461894560129681830e-01,2.044736955245230359e+00,-2.243412053848451659e+00
4.333333333333333481e-01,1.560000000000000000e+02,9.588524680551792079e-01,2.446331665527353982e-01,2.017488209918187003e+00,-2.238688862312830263e+00
4.340277777777777901e-01,1.562500000000000000e+02,9.602439189980014334e-01,2.430801834157176045e-01,1.989820989148567865e+00,-2.233890117118706886e+00
4.347222222222222321e-01,1.565000000000000000e+02,9.616160120938987976e-01,2.415305584983213627e-01,1.961738083953339817e+00,-2.229017464352538447e+00
4.354166666666666741e-01,1.567500000000000000e+02,9.629684596700052168e-01,2.399843425530471808e-01,1.933242381272890720e+00,-2.224072552254975577e+00
4.361111111111111160e-01,1.570000000000000000e+02,9.643009760914194040e-01,2.384415851872475067e-01,1.904336863403160551e+00,-2.219057030489837601e+00
4.368055555555555580e-01,1.572500000000000000e+02,9.656132778272159545e-01,2.369023348623919001e-01,1.875024607402913546e+00,-2.213972549415620161e+00
4.375000000000000000e-01,1.575000000000000000e+02,9.669050835160427626e-01,2.353666388938361054e-01,1.845308784476248798e+00,-2.208820759359752195e+00
4.381944444444444420e-01,1.577500000000000000e+02,9.681761140312772351e-01,2.338345434510955556e-01,1.815192659330563396e+00,-2.203603309895914464e+00
4.388888888888888840e-01,1.580000000000000000e+02,9.694260925457274247e-01,2.323060935586182818e-01,1.784679589510069553e+00,-2.198321849124624805e+00
4.395833333333333259e-01,1.582500000000000000e+02,9.706547445958668696e-01,2.307813330970565624e-01,1.753773024705062467e+00,-2.192978022957382755e+00
4.402777777777777679e-01,1.585000000000000000e+02,9.718617981455756061e-01,2.292603048050353143e-01,1.722476506037136978e+00,-2.187573474404619134e+00
4.409722222222222654e-01,1.587500000000000284e+02,9.730469836493800262e-01,2.277430502814112301e-01,1.690793665320456496e+00,-2.182109842867686389e+00
4.416666666666667074e-01,1.590000000000000284e+02,9.742100341151697096e-01,2.262296099880264089e-01,1.658728224299387488e+00,-2.176588763435171270e+00
4.423611111111111494e-01,1.592500000000000000e+02,9.753506851663790167e-01,2.247200232529431296e-01,1.626283993862531085e+00,-2.171011866183734984e+00
4.430555555555555913e-01,1.595000000000000000e+02,9.764686751036111279e-01,2.232143282741683166e-01,1.593464873233520152e+00,-2.165380775483789488e+00
4.437500000000000333e-01,1.597500000000000000e+02,9.775637449656953137e-01,2.217125621238540678e-01,1.560274849138655773e+00,-2.159697109310183105e+00
4.444444444444444753e-01,1.600000000000000000e+02,9.786356385901574528e-01,2.202147607529781337e-01,1.526717994951692914e+00,-2.153962478558199667e+00
4.451388888888889173e-01,1.602500000000000000e+02,9.796841026730872537e-01,2.187209589964955181e-01,1.492798469815922902e+00,-2.148178486365072359e+00
4.458333333333333592e-01,1.605000000000000000e+02,9.807088868283891925e-01,2.172311905789598152e-01,1.458520517743823186e+00,-2.142346727437262732e+00
4.465277777777778012e-01,1.607500000000000000e+02,9.817097436464016225e-01,2.157454881206105624e-01,1.423888466694513522e+00,-2.136468787383755341e+00
4.472222222222222432e-01,1.610000000000000000e+02,9.826864287518651819e-01,2.142638831439194202e-01,1.388906727629198867e+00,-2.130546242055565198e+00
4.479166666666666852e-01,1.612500000000000000e+02,9.836387008612290650e-01,2.127864060805952084e-01,1.353579793544938736e+00,-2.124580656891730257e+00
4.486111111111111271e-01,1.615000000000000000e+02,9.845663218392789462e-01,2.113130862790387754e-01,1.317912238486888654e+00,-2.118573586271983444e+00
4.493055555555555691e-01,1.617500000000000000e+02,9.854690567550712377e-01,2.098439520122463153e-01,1.281908716539370552e+00,-2.112526572876351150e+00
4.500000000000000111e-01,1.620000000000000000e+02,9.863466739371590242e-01,2.083790304861542209e-01,1.245573960795959279e+00,-2.106441147051890894e+00
4.506944444444444531e-01,1.622500000000000000e+02,9.871989450280963529e-01,2.069183478484214467e-01,1.208912782308886102e+00,-2.100318826186777788e+00
4.513888888888888951e-01,1.625000000000000000e+02,9.880256450382058908e-01,2.054619291976440554e-01,1.171930069018062515e+00,-2.094161114091992903e+00
4.520833333333333370e-01,1.627500000000000000e+02,9.888265523985946270e-01,2.040097985929958391e-01,1.134630784659930391e+00,-2.087969500390771227e+00
4.527777777777777790e-01,1.630000000000000000e+02,9.896014490134055208e-01,2.025619790642912976e-01,1.097019967656518658e+00,-2.081745459916083618e+00
4.534722222222222210e-01,1.632500000000000000e+02,9.903501203112931028e-01,2.011184926224625635e-01,1.059102729984903402e+00,-2.075490452116291351e+00
4.541666666666666630e-01,1.635000000000000000e+02,9.910723552961021587e-01,1.996793602704481918e-01,1.020884256027460246e+00,-2.069205920469253446e+00
4.548611111111111049e-01,1.637500000000000000e+02,9.917679465967472741e-01,1.982446020144836285e-01,9.823698014031391201e-01,-2.062893291905012028e+00
4.555555555555555469e-01,1.640000000000000000e+02,9.924366905162701480e-01,1.968142368757916649e-01,9.435646917800952771e-01,-2.056553976237311065e+00
4.562500000000000444e-01,1.642500000000000284e+02,9.930783870800666824e-01,1.953882829026628298e-01,9.044743216700269484e-01,-2.050189365604118130e+00
4.569444444444444864e-01,1.645000000000000284e+02,9.936928400832727437e-01,1.939667571829220005e-01,8.651041532044663196e-01,-2.043800833917338355e+00
4.576388888888889284e-01,1.647500000000000000e+02,9.942798571372915006e-01,1.925496758567742106e-01,8.254597148934104123e-01,-2.037389736321916001e+00
4.583333333333333703e-01,1.650000000000000000e+02,9.948392497154527891e-01,1.911370541300215498e-01,7.855466003665761976e-01,-2.030957408664500363e+00
4.590277777777778123e-01,1.652500000000000000e+02,9.953708331977941803e-01,1.897289062876469923e-01,7.453704670976645241e-01,-2.024505166971870551e+00
4.597222222222222543e-01,1.655000000000000000e+02,9.958744269149497619e-01,1.883252457077563558e-01,7.049370351118972033e-01,-2.018034306939272327e+00
4.604166666666666963e-01,1.657500000000000000e+02,9.963498541911335327e-01,1.869260848758717841e-01,6.642520856772565763e-01,-2.011546103428863752e+00
4.611111111111111382e-01,1.660000000000000000e+02,9.967969423862108602e-01,1.855314353995711207e-01,6.233214599797023414e-01,-2.005041809978421075e+00
4.618055555555555802e-01,1.662500000000000000e+02,9.972155229368443452e-01,1.841413080234631794e-01,5.821510577827477828e-01,-1.998522658320473377e+00
4.625000000000000222e-01,1.665000000000000000e+02,9.976054313967015474e-01,1.827557126444947777e-01,5.407468360717780920e-01,-1.991989857912046302e+00
4.631944444444444642e-01,1.667500000000000000e+02,9.979665074757189114e-01,1.813746583275797075e-01,4.991148076833972214e-01,-1.985444595475134522e+00
4.638888888888889062e-01,1.670000000000000000e+02,9.982985950784047935e-01,1.799981533215439522e-01,4.572610399202733933e-01,-1.978888034548099473e+00
4.645833333333333481e-01,1.672500000000000000e+02,9.986015423411803704e-01,1.786262050753766595e-01,4.151916531517341746e-01,-1.972321315048097379e+00
4.652777777777777901e-01,1.675000000000000000e+02,9.988752016687409974e-01,1.772588202547843161e-01,3.729128194005932317e-01,-1.965745552844726518e+00
4.659722222222222321e-01,1.677500000000000000e+02,9.991194297694315773e-01,1.758960047590339415e-01,3.304307609165066939e-01,-1.959161839345002987e+00
4.666666666666666741e-01,1.680000000000000000e+02,9.993340876896267266e-01,1.745377637380814972e-01,2.877517487362669657e-01,-1.952571241089807952e+00
4.673611111111111160e-01,1.682500000000000000e+02,9.995190408471082977e-01,1.731841016099780750e-01,2.448821012314512102e-01,-1.945974799361957608e+00
4.680555555555555580e-01,1.685000000000000000e+02,9.996741590634288244e-01,1.718350220785420379e-01,2.018281826437341442e-01,-1.939373529805992646e+00
4.687500000000000000e-01,1.687500000000000000e+02,9.997993165952530070e-01,1.704905281512918980e-01,1.585964016083521999e-01,-1.932768422059843338e+00
4.694444444444444420e-01,1.690000000000000000e+02,9.998943921646703537e-01,1.691506221576313251e-01,1.151932096660161220e-01,-1.926160439398463486e+00
4.701388888888888840e-01,1.692500000000000000e+02,9.999592689884718721e-01,1.678153057672768511e-01,7.162509976376234266e-02,-1.919550518389567140e+00
4.708333333333333259e-01,1.695000000000000000e+02,9.999938348063801552e-01,1.664845800089205519e-01,2.789860474506815693e-02,-1.912939568561570214e+00
4.715277777777778234e-01,1.697500000000000284e+02,9.999979819082278620e-01,1.651584452891189381e-01,-1.597970417033769616e-02,-1.906328472083838488e+00
4.722222222222222654e-01,1.700000000000000284e+02,9.999716071600770473e-01,1.638369014114001154e-01,-6.000321891651155815e-02,-1.899718083459360551e+00
4.729166666666667074e-01,1.702500000000000284e+02,9.999146120292734530e-01,1.625199475955789730e-01,-1.041652961208986150e-01,-1.893109229229921198e+00
4.736111111111111494e-01,1.705000000000000000e+02,9.998269026084276589e-01,1.612075824972742655e-01,-1.484592586529244751e-01,-1.886502707693891168e+00
4.743055555555555913e-01,1.707500000000000000e+02,9.997083896383162083e-01,1.598998042276157938e-01,-1.928783971813177733e-01,-1.879899288636697419e+00
4.750000000000000333e-01,1.710000000000000000e+02,9.995589885297037069e-01,1.585966103731350219e-01,-2.374159717396180369e-01,-1.873299713074081163e+00
4.756944444444444753e-01,1.712500000000000000e+02,9.993786193840671350e-01,1.572979980158296376e-01,-2.820652132995601358e-01,-1.866704693008200744e+00
4.763888888888889173e-01,1.715000000000000000e+02,9.991672070132330274e-01,1.560039637533928714e-01,-3.268193253518117403e-01,-1.860114911196671272e+00
4.770833333333333592e-01,1.717500000000000000e+02,9.989246809579074293e-01,1.547145037195984951e-01,-3.716714854937231971e-01,-1.853531020934600759e+00
4.777777777777778012e-01,1.720000000000000000e+02,9.986509755051063975e-01,1.534296136048325654e-01,-4.166148470236324397e-01,-1.846953645849690906e+00
4.784722222222222432e-01,1.722500000000000000e+02,9.983460297044739473e-01,1.521492886767639441e-01,-4.616425405412636906e-01,-1.840383379710461398e+00
4.791666666666666852e-01,1.725000000000000000e+02,9.980097873834880007e-01,1.508735238011416624e-01,-5.067476755538713462e-01,-1.833820786247654322e+00
4.798611111111111271e-01,1.727500000000000000e+02,9.976421971615480055e-01,1.496023134627127438e-01,-5.519233420876111795e-01,-1.827266398988867779e+00
4.805555555555555691e-01,1.730000000000000000e+02,9.972432124629442285e-01,1.483356517862512158e-01,-5.971626123037675482e-01,-1.820720721106469764e+00
4.812500000000000111e-01,1.732500000000000000e+02,9.968127915286987273e-01,1.470735325576861818e-01,-6.424585421193965695e-01,-1.814184225278826279e+00
4.819444444444444531e-01,1.735000000000000000e+02,9.963508974272852203e-01,1.458159492453228179e-01,-6.878041728319008730e-01,-1.807657353564882108e+00
4.826388888888888951e-01,1.737500000000000000e+02,9.958574980642143082e-01,1.445628950211449437e-01,-7.331925327471884302e-01,-1.801140517292133092e+00
4.833333333333333370e-01,1.740000000000000000e+02,9.953325661904901533e-01,1.433143627821927280e-01,-7.786166388108769487e-01,-1.794634096958001468e+00
4.840277777777777790e-01,1.742500000000000000e+02,9.947760794099314019e-01,1.420703451720011501e-01,-8.240694982422148707e-01,-1.788138442144656448e+00
4.847222222222222210e-01,1.745000000000000000e+02,9.941880201853590115e-01,1.408308346020956392e-01,-8.695441101701705255e-01,-1.781653871447277382e+00
4.854166666666666630e-01,1.747500000000000000e+02,9.935683758436455459e-01,1.395958232735320936e-01,-9.150334672713489326e-01,-1.775180672415786143e+00
4.861111111111111049e-01,1.750000000000000000e+02,9.929171385796251581e-01,1.383653031984711512e-01,-9.605305574092469767e-01,-1.768719101510047409e+00
4.868055555555555469e-01,1.752500000000000000e+02,9.922343054588690370e-01,1.371392662217814640e-01,-1.006028365274388436e+00,-1.762269384068544609e+00
4.875000000000000444e-01,1.755000000000000284e+02,9.915198784193177683e-01,1.359177040426579053e-01,-1.051519874024978929e+00,-1.755831714290527978e+00
4.881944444444444864e-01,1.757500000000000284e+02,9.907738642717756061e-01,1.347006082362489920e-01,-1.096998066927522331e+00,-1.749406255231628293e+00
4.888888888888889284e-01,1.760000000000000000e+02,9.899962746992669871e-01,1.334879702752812813e-01,-1.142455928997113679e+00,-1.742993138812921394e+00
4.895833333333333703e-01,1.762500000000000000e+02,9.891871262552512922e-01,1.322797815516743025e-01,-1.187886448636793713e+00,-1.736592465843430855e+00
4.902777777777778123e-01,1.765000000000000000e+02,9.883464403607027382e-01,1.310760333981339232e-01,-1.233282619275692715e+00,-1.730204306056046804e+00
4.909722222222222543e-01,1.767500000000000000e+02,9.874742433000500696e-01,1.298767171097166828e-01,-1.278637441005389563e+00,-1.723828698156833372e+00
4.916666666666666963e-01,1.770000000000000000e+02,9.865705662159848233e-01,1.286818239653559903e-01,-1.323943922214145585e+00,-1.717465649887693457e+00
4.923611111111111382e-01,1.772500000000000000e+02,9.856354451031300590e-01,1.274913452493379173e-01,-1.369195081218534948e+00,-1.711115138102357269e+00
4.930555555555555802e-01,1.775000000000000000e+02,9.846689208005819927e-01,1.263052722727225630e-01,-1.414383947892007498e+00,-1.704777108855653367e+00
4.937500000000000222e-01,1.777500000000000000e+02,9.836710389833193124e-01,1.251235963946965568e-01,-1.459503565290030336e+00,-1.698451477506015550e+00
4.944444444444444642e-01,1.780000000000000000e+02,9.826418501524857296e-01,1.239463090438508303e-01,-1.504546991271269452e+00,-1.692138128831178312e+00
4.951388888888889062e-01,1.782500000000000000e+02,9.815814096245486509e-01,1.227734017393730254e-01,-1.549507300114483899e+00,-1.685836917157005121e+00
4.958333333333333481e-01,1.785000000000000000e+02,9.804897775193363030e-01,1.216048661121462426e-01,-1.594377584130610481e+00,-1.679547666499386471e+00
4.965277777777777901e-01,1.787500000000000000e+02,9.793670187469565303e-01,1.204406939257449127e-01,-1.639150955269659704e+00,-1.673270170719153738e+00
4.972222222222222321e-01,1.790000000000000000e+02,9.782132029936024820e-01,1.192808770973176752e-01,-1.683820546722005318e+00,-1.667004193689931579e+00
4.979166666666666741e-01,1.792500000000000000e+02,9.770284047062487431e-01,1.181254077183502837e-01,-1.728379514513568749e+00,-1.660749469478854490e+00
4.986111111111111160e-01,1.795000000000000000e+02,9.758127030762404619e-01,1.169742780752977829e-01,-1.772821039094579110e+00,-1.654505702540078449e+00
4.993055555555555580e-01,1.797500000000000000e+02,9.745661820217825788e-01,1.158274806700786697e-01,-1.817138326921371894e+00,-1.648272567920999965e+00
5.000000000000000000e-01,1.800000000000000000e+02,9.732889301693332662e-01,1.146850082404204385e-01,-1.861324612030910597e+00,-1.642049711481094354e+00
5.006944444444444420e-01,1.802500000000000000e+02,9.719810408339054630e-01,1.135468537800495697e-01,-1.905373157607522350e+00,-1.635836750123285332e+00
5.013888888888888840e-01,1.805000000000000000e+02,9.706426119982852763e-01,1.124130105587166084e-01,-1.949277257541492947e+00,-1.629633272037750436e+00
5.020833333333333259e-01,1.807500000000000000e+02,9.692737462911682478e-01,1.112834721420468270e-01,-1.993030237979091401e+00,-1.623438836958057241e+00
5.027777777777777679e-01,1.810000000000000000e+02,9.678745509642244782e-01,1.101582324112097278e-01,-2.036625458863569271e+00,-1.617252976429533362e+00
5.034722222222222099e-01,1.812500000000000000e+02,9.664451378680959381e-01,1.090372855823971421e-01,-2.080056315466810357e+00,-1.611075194089753415e+00
5.041666666666666519e-01,1.815000000000000000e+02,9.649856234273345157e-01,1.079206262261032390e-01,-2.123316239911122061e+00,-1.604904965961037488e+00
5.048611111111110938e-01,1.817500000000000000e+02,9.634961286142850190e-01,1.068082492861960608e-01,-2.166398702680870425e+00,-1.598741740754839213e+00
5.055555555555555358e-01,1.820000000000000000e+02,9.619767789219225707e-01,1.057001500987752446e-01,-2.209297214123451703e+00,-1.592584940187900200e+00
5.062499999999999778e-01,1.822500000000000000e+02,9.604277043356538313e-01,1.045963244108040063e-01,-2.252005325939298697e+00,-1.586433959310045827e+00
5.069444444444444198e-01,1.825000000000000000e+02,9.588490393040837168e-01,1.034967683985118792e-01,-2.294516632660466016e+00,-1.580288166843506925e+00
5.076388888888888618e-01,1.827500000000000000e+02,9.572409227087620431e-01,1.024014786855559495e-01,-2.336824773117403442e+00,-1.574146905533598373e+00
5.083333333333333037e-01,1.830000000000000000e+02,9.556034978329146501e-01,1.013104523609355129e-01,-2.378923431893590124e+00,-1.568009492510662684e+00
5.090277777777777457e-01,1.832500000000000000e+02,9.539369123291698838e-01,1.002236869966513788e-01,-2.420806340767549969e+00,-1.561875219663088954e+00
5.097222222222221877e-01,1.835000000000000000e+02,9.522413181862856568e-01,9.914118066510226035e-02,-2.462467280141968029e+00,-1.555743354021305480e+00
5.104166666666667407e-01,1.837500000000000284e+02,9.505168716948916297e-01,9.806293195621071379e-02,-2.503900080459445121e+00,-1.549613138152557301e+00
5.111111111111111827e-01,1.840000000000000284e+02,9.487637334122521748e-01,9.698893999427191104e-02,-2.545098623604558963e+00,-1.543483790566350322e+00
5.118055555555556246e-01,1.842500000000000284e+02,9.469820681260576745e-01,9.591920445451578014e-02,-2.586056844291887646e+00,-1.537354506130366172e+00
5.125000000000000666e-01,1.845000000000000284e+02,9.451720448172615807e-01,9.485372557937757354e-02,-2.626768731439578897e+00,-1.531224456496727004e+00
5.131944444444445086e-01,1.847500000000000284e+02,9.433338366219647941e-01,9.379250419446941156e-02,-2.667228329528103181e+00,-1.525092790538411291e+00
5.138888888888889506e-01,1.850000000000000284e+02,9.414676207923646789e-01,9.273554172424434972e-02,-2.707429739943894020e+00,-1.518958634795669838e+00
5.145833333333333925e-01,1.852500000000000284e+02,9.395735786567734893e-01,9.168284020734741857e-02,-2.747367122307477594e+00,-1.512821093932275041e+00
5.152777777777778345e-01,1.855000000000000284e+02,9.376518955787230825e-01,9.063440231164619776e-02,-2.787034695785721716e+00,-1.506679251201398229e+00
5.159722222222222765e-01,1.857500000000000284e+02,9.357027609151608027e-01,8.959023134893526197e-02,-2.826426740387931957e+00,-1.500532168920980736e+00
5.166666666666667185e-01,1.860000000000000284e+02,9.337263679737533018e-01,8.855033128930615838e-02,-2.865537598245376572e+00,-1.494378888958368901e+00
5.173611111111111605e-01,1.862500000000000284e+02,9.317229139693068429e-01,8.751470677517898811e-02,-2.904361674873974675e+00,-1.488218433224069770e+00
5.180555555555556024e-01,1.865000000000000284e+02,9.296925999793167472e-01,8.648336313498665440e-02,-2.942893440419762197e+00,-1.482049804174395469e+00
5.187500000000000444e-01,1.867500000000000284e+02,9.276356308986578592e-01,8.545630639650800275e-02,-2.981127430886851393e+00,-1.475871985322855684e+00
5.194444444444444864e-01,1.870000000000000284e+02,9.255522153934281349e-01,8.443354329984255335e-02,-3.019058249347548184e+00,-1.469683941760050461e+00
5.201388888888889284e-01,1.872500000000000000e+02,9.234425658539594517e-01,8.341508131002110804e-02,-3.056680567134304916e+00,-1.463484620681897441e+00
5.208333333333333703e-01,1.875000000000000000e+02,9.213068983470056317e-01,8.240092862924675021e-02,-3.093989125013225649e+00,-1.457272951925982829e+00
5.215277777777778123e-01,1.877500000000000000e+02,9.191454325671227776e-01,8.139109420876103340e-02,-3.130978734338777603e+00,-1.451047848515829797e+00
5.222222222222222543e-01,1.880000000000000000e+02,9.169583917872534684e-01,8.038558776032878050e-02,-3.167644278189475582e+00,-1.444808207212884277e+00
5.229166666666666963e-01,1.882500000000000000e+02,9.147460028085308004e-01,7.938441976733782990e-02,-3.203980712484162829e+00,-1.438552909075992314e+00
5.236111111111111382e-01,1.885000000000000000e+02,9.125084959093124892e-01,7.838760149550687284e-02,-3.239983067078675560e+00,-1.432280820028179802e+00
5.243055555555555802e-01,1.887500000000000000e+02,9.102461047934601313e-01,7.739514500319770451e-02,-3.275646446842578552e+00,-1.425990791430497451e+00
5.250000000000000222e-01,1.890000000000000000e+02,9.079590665378788339e-01,7.640706315132655968e-02,-3.310966032715670693e+00,-1.419681660662720502e+00
5.256944444444444642e-01,1.892500000000000000e+02,9.056476215393294282e-01,7.542336961286928709e-02,-3.345937082744052660e+00,-1.413352251710694674e+00
5.263888888888889062e-01,1.895000000000000000e+02,9.033120134605292506e-01,7.444407888195793410e-02,-3.380554933095416992e+00,-1.407001375760078776e+00
5.270833333333333481e-01,1.897500000000000000e+02,9.009524891755540388e-01,7.346920628256051189e-02,-3.414814999053378042e+00,-1.400627831796291911e+00
5.277777777777777901e-01,1.900000000000000000e+02,8.985692987145572630e-01,7.249876797674451034e-02,-3.448712775990516288e+00,-1.394230407210407474e+00
5.284722222222222321e-01,1.902500000000000000e+02,8.961626952078221020e-01,7.153278097251566936e-02,-3.482243840319953154e+00,-1.387807878410774798e+00
5.291666666666666741e-01,1.905000000000000000e+02,8.937329348291563891e-01,7.057126313123093797e-02,-3.515403850425176557e+00,-1.381359011440163487e+00
5.298611111111111160e-01,1.907500000000000000e+02,8.912802767386561742e-01,6.961423317458194371e-02,-3.548188547567885820e+00,-1.374882562598141122e+00
5.305555555555555580e-01,1.910000000000000000e+02,8.888049830248394567e-01,6.866171069114215819e-02,-3.580593756773662761e+00,-1.368377279068501373e+00
5.312500000000000000e-01,1.912500000000000000e+02,8.863073186461771780e-01,6.771371614247892468e-02,-3.612615387695189639e+00,-1.361841899551472723e+00
5.319444444444444420e-01,1.915000000000000000e+02,8.837875513720313547e-01,6.677027086882383888e-02,-3.644249435452854069e+00,-1.355275154900483559e+00
5.326388888888888840e-01,1.917500000000000000e+02,8.812459517230158967e-01,6.583139709429942921e-02,-3.675491981452506884e+00,-1.348675768763242466e+00
5.333333333333333259e-01,1.920000000000000000e+02,8.786827929108012025e-01,6.489711793169948562e-02,-3.706339194180148233e+00,-1.342042458226873292e+00
5.340277777777777679e-01,1.922500000000000000e+02,8.760983507773696388e-01,6.396745738681962334e-02,-3.736787329973411342e+00,-1.335373934466891566e+00
5.347222222222222099e-01,1.925000000000000000e+02,8.734929037337489932e-01,6.304244036233652704e-02,-3.766832733769564623e+00,-1.328668903399743417e+00
5.354166666666666519e-01,1.927500000000000000e+02,8.708667326982304502e-01,6.212209266123251000e-02,-3.796471839829944628e+00,-1.321926066338690475e+00
5.361111111111110938e-01,1.930000000000000000e+02,8.682201210340945163e-01,6.120644098976323055e-02,-3.825701172440564957e+00,-1.315144120652761428e+00
5.368055555555555358e-01,1.932500000000000000e+02,8.655533544868564411e-01,6.029551295996741361e-02,-3.854517346588774984e+00,-1.308321760428553082e+00
5.374999999999999778e-01,1.935000000000000000e+02,8.628667211210516719e-01,5.938933709171539954e-02,-3.882917068615806322e+00,-1.301457677134605362e+00
5.381944444444444198e-01,1.937500000000000000e+02,8.601605112565763323e-01,5.848794281429663122e-02,-3.910897136845020494e+00,-1.294550560288107111e+00
5.388888888888888618e-01,1.940000000000000000e+02,8.574350174045989315e-01,5.759136046754166627e-02,-3.938454442185751692e+00,-1.287599098123678898e+00
5.395833333333333037e-01,1.942500000000000000e+02,8.546905342030632902e-01,5.669962130248070581e-02,-3.965585968712555420e+00,-1.280601978263994578e+00
5.402777777777777457e-01,1.945000000000000000e+02,8.519273583517947834e-01,5.581275748153533001e-02,-3.992288794219786219e+00,-1.273557888391955384e+00
5.409722222222221877e-01,1.947500000000000000e+02,8.491457885472333267e-01,5.493080207824238559e-02,-4.018560090751305935e+00,-1.266465516924187185e+00
5.416666666666667407e-01,1.950000000000000284e+02,8.463461254168046510e-01,5.405378907651079562e-02,-4.044397125105274604e+00,-1.259323553685600894e+00
5.423611111111111827e-01,1.952500000000000284e+02,8.435286714529515173e-01,5.318175336940916820e-02,-4.069797259313849835e+00,-1.252130690584756456e+00
5.430555555555556246e-01,1.955000000000000284e+02,8.406937309468383024e-01,5.231473075748307999e-02,-4.094757951097738768e+00,-1.244885622289769733e+00
5.437500000000000666e-01,1.957500000000000284e+02,8.378416099217518287e-01,5.145275794660567059e-02,-4.119276754295449372e+00,-1.237587046904512711e+00
5.444444444444445086e-01,1.960000000000000284e+02,8.349726160662095387e-01,5.059587254535515000e-02,-4.143351319267202904e+00,-1.230233666644852120e+00
5.451388888888889506e-01,1.962500000000000284e+02,8.320870586667988844e-01,4.974411306192582510e-02,-4.166979393273377852e+00,-1.222824188514657573e+00
5.458333333333333925e-01,1.965000000000000284e+02,8.291852485407615880e-01,4.889751890056807243e-02,-4.190158820827436514e+00,-1.215357324981333198e+00
5.465277777777778345e-01,1.967500000000000284e+02,8.262674979683397591e-01,4.805613035755931101e-02,-4.212887544023259601e+00,-1.207831794650615187e+00
5.472222222222222765e-01,1.970000000000000284e+02,8.233341206249085165e-01,4.721998861670825831e-02,-4.235163602836797381e+00,-1.200246322940362376e+00
5.479166666666667185e-01,1.972500000000000284e+02,8.203854315129018859e-01,4.638913574438956883e-02,-4.256985135402024056e+00,-1.192599642753110478e+00
5.486111111111111605e-01,1.975000000000000284e+02,8.174217468935618403e-01,4.556361468411428139e-02,-4.278350378261110087e+00,-1.184890495147103540e+00
5.493055555555556024e-01,1.977500000000000284e+02,8.144433842185175854e-01,4.474346925063245328e-02,-4.299257666588795601e+00,-1.177117630005572790e+00
5.500000000000000444e-01,1.980000000000000284e+02,8.114506620612221832e-01,4.392874412357374025e-02,-4.319705434390907151e+00,-1.169279806703984681e+00
5.506944444444444864e-01,1.982500000000000284e+02,8.084439000482572801e-01,4.311948484062420872e-02,-4.339692214677012494e+00,-1.161375794775013182e+00
5.513888888888889284e-01,1.985000000000000000e+02,8.054234187905284781e-01,4.231573779024226656e-02,-4.359216639607184085e+00,-1.153404374570998536e+00
5.520833333333333703e-01,1.987500000000000000e+02,8.023895398143672253e-01,4.151755020391643958e-02,-4.378277440612848181e+00,-1.145364337923593823e+00
5.527777777777778123e-01,1.990000000000000000e+02,7.993425854925572116e-01,4.072497014796460507e-02,-4.396873448491730230e+00,-1.137254488800397478e+00
5.534722222222222543e-01,1.992500000000000000e+02,7.962828789753065850e-01,3.993804651488020580e-02,-4.415003593476892974e+00,-1.129073643958279582e+00
5.541666666666666963e-01,1.995000000000000000e+02,7.932107441211770915e-01,3.915682901422452844e-02,-4.432666905279864622e+00,-1.120820633593177407e+00
5.548611111111111382e-01,1.997500000000000000e+02,7.901265054279946742e-01,3.838136816306871035e-02,-4.449862513107901485e+00,-1.112494301986094891e+00
5.555555555555555802e-01,2.000000000000000000e+02,7.870304879637577411e-01,3.761171527599065784e-02,-4.466589645655366425e+00,-1.104093508145060021e+00
5.562500000000000222e-01,2.002500000000000000e+02,7.839230172975580890e-01,3.684792245462521765e-02,-4.482847631069299510e+00,-1.095617126442798073e+00
5.569444444444444642e-01,2.005000000000000000e+02,7.808044194305375774e-01,3.609004257677497080e-02,-4.498635896889178198e+00,-1.087064047249863830e+00
5.576388888888889062e-01,2.007500000000000000e+02,7.776750207268914306e-01,3.533812928508123230e-02,-4.513953969960949664e+00,-1.078433177563002499e+00
5.583333333333333481e-01,2.010000000000000000e+02,7.745351478449457039e-01,3.459223697526222358e-02,-4.528801476325345021e+00,-1.069723441628477545e+00
5.590277777777777901e-01,2.012500000000000000e+02,7.713851276683159064e-01,3.385242078391900722e-02,-4.543178141080576715e+00,-1.060933781560138289e+00
5.597222222222222321e-01,2.015000000000000000e+02,7.682252872371733154e-01,3.311873657591386105e-02,-4.557083788219468801e+00,-1.052063157951982353e+00
5.604166666666666741e-01,2.017500000000000000e+02,7.650559536796319726e-01,3.239124093132716292e-02,-4.570518340441068084e+00,-1.043110550484969146e+00
5.611111111111111160e-01,2.020000000000000000e+02,7.618774541432740133e-01,3.166999113199175236e-02,-4.583481818936871122e+00,-1.034074958527850807e+00
5.618055555555555580e-01,2.022500000000000000e+02,7.586901157268369777e-01,3.095504514761595466e-02,-4.595974343151702612e+00,-1.024955401731797222e+00
5.625000000000000000e-01,2.025000000000000000e+02,7.554942654120689882e-01,3.024646162149210310e-02,-4.607996130519372180e+00,-1.015750920618561537e+00
5.631944444444444420e-01,2.027500000000000000e+02,7.522902299957821004e-01,2.954429985580244236e-02,-4.619547496173201040e+00,-1.006460577161965464e+00
5.638888888888888840e-01,2.030000000000000000e+02,7.490783360221131559e-01,2.884861979652094885e-02,-4.630628852631516246e+00,-9.970834553624817742e-01
5.645833333333333259e-01,2.032500000000000000e+02,7.458589097150103431e-01,2.815948201791949185e-02,-4.641240709458264391e+00,-9.876186618146780560e-01
5.652777777777777679e-01,2.035000000000000000e+02,7.426322769109666710e-01,2.747694770668345290e-02,-4.651383672898810495e+00,-9.780653262673002502e-01
5.659722222222222099e-01,2.037500000000000000e+02,7.393987629920130145e-01,2.680107864563910022e-02,-4.661058445491116586e+00,-9.684226021757782465e-01
5.666666666666666519e-01,2.040000000000000000e+02,7.361586928189911561e-01,2.613193719710214802e-02,-4.670265825652373692e+00,-9.586896672469229497e-01
5.673611111111110938e-01,2.042500000000000000e+02,7.329123906651204834e-01,2.546958628584859372e-02,-4.679006707241282648e+00,-9.488657239756208561e-01
5.680555555555555358e-01,2.045000000000000000e+02,7.296601801498788786e-01,2.481408938171749193e-02,-4.687282079096100063e+00,-9.389500001732785650e-01
5.687499999999999778e-01,2.047500000000000000e+02,7.264023841732127895e-01,2.416551048184904793e-02,-4.695093024548619987e+00,-9.289417494878381421e-01
5.694444444444444198e-01,2.050000000000000000e+02,7.231393248500898041e-01,2.352391409256368929e-02,-4.702440720914253802e+00,-9.188402519151364078e-01
5.701388888888888618e-01,2.052500000000000000e+02,7.198713234454193755e-01,2.288936521089103560e-02,-4.709326438958373551e+00,-9.086448143014038692e-01
5.708333333333333037e-01,2.055000000000000000e+02,7.165987003093468033e-01,2.226192930575116025e-02,-4.715751542339097213e+00,-8.983547708367090046e-01
5.715277777777777457e-01,2.057500000000000000e+02,7.133217748129463409e-01,2.164167229879761234e-02,-4.721717487026697135e+00,-8.879694835391276353e-01
5.722222222222222987e-01,2.060000000000000284e+02,7.100408652843209767e-01,2.102866054492616779e-02,-4.727225820699837655e+00,-8.774883427294786209e-01
5.729166666666667407e-01,2.062500000000000284e+02,7.067562889451378672e-01,2.042296081245962430e-02,-4.732278182118788479e+00,-8.669107674963885124e-01
5.736111111111111827e-01,2.065000000000000284e+02,7.034683618475944256e-01,1.982464026301010082e-02,-4.736876300475894475e+00,-8.562362061515171874e-01
5.743055555555556246e-01,2.067500000000000284e+02,7.001773988118561443e-01,1.923376643103060640e-02,-4.741021994723427113e+00,-8.454641366747578379e-01
5.750000000000000666e-01,2.070000000000000284e+02,6.968837133639593784e-01,1.865040720306052752e-02,-4.744717172879095557e+00,-8.345940671492245722e-01
5.756944444444445086e-01,2.072500000000000284e+02,6.935876176742103993e-01,1.807463079667270475e-02,-4.747963831309391480e+00,-8.236255361858391133e-01
5.763888888888889506e-01,2.075000000000000284e+02,6.902894224960861580e-01,1.750650573912877414e-02,-4.750764053991031410e+00,-8.125581133373509513e-01
5.770833333333333925e-01,2.077500000000000284e+02,6.869894371056559645e-01,1.694610084575162018e-02,-4.753120011750706198e+00,-8.013913995016097580e-01
5.777777777777778345e-01,2.080000000000000284e+02,6.836879692415409604e-01,1.639348519802075188e-02,-4.755033961483375649e+00,-7.901250273139232005e-01
5.784722222222222765e-01,2.082500000000000284e+02,6.803853250454201529e-01,1.584872812139908813e-02,-4.756508245349372110e+00,-7.787586615283315084e-01
5.791666666666667185e-01,2.085000000000000284e+02,6.770818090031048841e-01,1.531189916290039664e-02,-4.757545289950535938e+00,-7.672919993876354816e-01
5.798611111111111605e-01,2.087500000000000284e+02,6.737777238861888396e-01,1.478306806840047442e-02,-4.758147605485658183e+00,-7.557247709820237302e-01
5.805555555555556024e-01,2.090000000000000284e+02,6.704733706942966887e-01,1.426230475970726927e-02,-4.758317784885488066e+00,-7.440567395961361630e-01
5.812500000000000444e-01,2.092500000000000284e+02,6.671690485979350216e-01,1.374967931139064320e-02,-4.758058502927562827e+00,-7.322877020444193974e-01
5.819444444444444864e-01,2.095000000000000284e+02,6.638650548819682307e-01,1.324526192738559663e-02,-4.757372515331144136e+00,-7.204174889946227678e-01
5.826388888888889284e-01,2.097500000000000000e+02,6.605616848897294391e-01,1.274912291737370293e-02,-4.756262657832520446e+00,-7.084459652792906015e-01
5.833333333333333703e-01,2.100000000000000000e+02,6.572592319677786898e-01,1.226133267295309928e-02,-4.754731845240993238e+00,-6.963730301951096546e-01
5.840277777777778123e-01,2.102500000000000000e+02,6.539579874113264912e-01,1.178196164360471691e-02,-4.752783070475785188e+00,-6.841986177899896937e-01
5.847222222222222543e-01,2.105000000000000000e+02,6.506582404103273820e-01,1.131108031246321963e-02,-4.750419403584209554e+00,-6.719226971377244562e-01
5.854166666666666963e-01,2.107500000000000000e+02,6.473602779962682741e-01,1.084875917190172845e-02,-4.747643990741371667e+00,-6.595452726001213017e-01
5.861111111111111382e-01,2.110000000000000000e+02,6.440643849896532380e-01,1.039506869893949866e-02,-4.744460053231706276e+00,-6.470663840764703245e-01
5.868055555555555802e-01,2.112500000000000000e+02,6.407708439482019402e-01,9.950079330479028386e-03,-4.740870886412680285e+00,-6.344861072402375735e-01
5.875000000000000222e-01,2.115000000000000000e+02,6.374799351157771632e-01,9.513861438385555480e-03,-4.736879858660946852e+00,-6.218045537628640318e-01
5.881944444444444642e-01,2.117500000000000000e+02,6.341919363720455172e-01,9.086485304413626299e-03,-4.732490410301277706e+00,-6.090218715245641068e-01
5.888888888888889062e-01,2.120000000000000000e+02,6.309071231828929927e-01,8.668021094993573483e-03,-4.727706052518604984e+00,-5.961382448120152722e-01
5.895833333333333481e-01,2.122500000000000000e+02,6.276257685515962415e-01,8.258538835883519683e-03,-4.722530366253487877e+00,-5.831538945028382770e-01
5.902777777777777901e-01,2.125000000000000000e+02,6.243481429707715691e-01,7.858108386699763290e-03,-4.716967001081328270e+00,-5.700690782367714426e-01
5.909722222222222321e-01,2.127500000000000000e+02,6.210745143751048580e-01,7.466799415330861375e-03,-4.711019674075693331e+00,-5.568840905734487867e-01
5.916666666666666741e-01,2.130000000000000000e+02,6.178051480948764107e-01,7.084681372248928521e-03,-4.704692168656054108e+00,-5.435992631366864947e-01
5.923611111111111160e-01,2.132500000000000000e+02,6.145403068102931465e-01,6.711823464724014920e-03,-4.697988333420313189e+00,-5.302149647452083503e-01
5.930555555555555580e-01,2.135000000000000000e+02,6.112802505066342595e-01,6.348294630952567089e-03,-4.690912080962442943e+00,-5.167316015297173104e-01
5.937500000000000000e-01,2.137500000000000000e+02,6.080252364302255463e-01,5.994163514110527856e-03,-4.683467386675592259e+00,-5.031496170362420584e-01
5.944444444444444420e-01,2.140000000000000000e+02,6.047755190452469565e-01,5.649498436337377881e-03,-4.675658287541037517e+00,-4.894694923157058009e-01
5.951388888888888840e-01,2.142500000000000000e+02,6.015313499913891304e-01,5.314367372665196841e-03,-4.667488880903293058e+00,-4.756917459996264363e-01
5.958333333333333259e-01,2.145000000000000000e+02,5.982929780423634769e-01,4.988837924897744636e-03,-4.658963323231788856e+00,-4.618169343619063505e-01
5.965277777777777679e-01,2.147500000000000000e+02,5.950606490652751157e-01,4.672977295453109060e-03,-4.650085828869437776e+00,-4.478456513666506100e-01
5.972222222222222099e-01,2.150000000000000000e+02,5.918346059808742288e-01,4.366852261177295129e-03,-4.640860668768507225e+00,-4.337785287019677583e-01
5.979166666666666519e-01,2.152500000000000000e+02,5.886150887246834884e-01,4.070529147139319640e-03,-4.631292169214114018e+00,-4.196162357996980896e-01
5.986111111111110938e-01,2.155000000000000000e+02,5.854023342090215465e-01,3.784073800417081784e-03,-4.621384710535767049e+00,-4.053594798410395383e-01
5.993055555555555358e-01,2.157500000000000000e+02,5.821965762859220295e-01,3.507551563885803747e-03,-4.611142725807291676e+00,-3.910090057480312131e-01
5.999999999999999778e-01,2.160000000000000000e+02,5.789980457109590306e-01,3.241027250014848725e-03,-4.600570699535556862e+00,-3.765655961608559421e-01
6.006944444444444198e-01,2.162500000000000000e+02,5.758069701079910896e-01,2.984565114687281161e-03,-4.589673166338354982e+00,-3.620300714009515586e-01
6.013888888888888618e-01,2.165000000000000000e+02,5.726235739348203291e-01,2.738228831048968893e-03,-4.578454709611837536e+00,-3.474032894198927912e-01
6.020833333333333037e-01,2.167500000000000000e+02,5.694480784497879533e-01,2.502081463399116138e-03,-4.566919960187891370e+00,-3.326861457340441475e-01
6.027777777777777457e-01,2.170000000000000000e+02,5.662807016792986703e-01,2.276185441128984483e-03,-4.555073594981845275e+00,-3.178795733449500949e-01
6.034722222222222987e-01,2.172500000000000284e+02,5.631216583862918013e-01,2.060602532723939968e-03,-4.542920335630898698e+00,-3.029845426454785828e-01
6.041666666666667407e-01,2.175000000000000284e+02,5.599711600396615196e-01,1.855393819832730452e-03,-4.530464947123681085e+00,-2.880020613117173500e-01
6.048611111111111827e-01,2.177500000000000284e+02,5.568294147846266640e-01,1.660619671418485594e-03,-4.517712236421306038e+00,-2.729331741805840483e-01
6.055555555555556246e-01,2.180000000000000284e+02,5.536966274140658895e-01,1.476339717999730107e-03,-4.504667051070360806e+00,-2.577789631132166304e-01
6.062500000000000666e-01,2.182500000000000284e+02,5.505729993408186029e-01,1.302612825989498671e-03,-4.491334277808204156e+00,-2.425405468441283741e-01
6.069444444444445086e-01,2.185000000000000284e+02,5.474587285709523465e-01,1.139497072146015456e-03,-4.477718841160983843e+00,-2.272190808161344833e-01
6.076388888888889506e-01,2.187500000000000284e+02,5.443540096780123960e-01,9.870497181425858055e-04,-4.463825702034788456e+00,-2.118157570010971436e-01
6.083333333333333925e-01,2.190000000000000284e+02,5.412590337782480221e-01,8.453271852658215567e-04,-4.449659856300310246e+00,-1.963318037065032440e-01
6.090277777777778345e-01,2.192500000000000284e+02,5.381739885068234086e-01,7.143850292541390401e-04,-4.435226333371455887e+00,-1.807684853679065728e-01
6.097222222222222765e-01,2.195000000000000284e+02,5.350990579950208881e-01,5.942779152852080199e-04,-4.420530194778313771e+00,-1.651271023272828931e-01
6.104166666666667185e-01,2.197500000000000284e+02,5.320344228484334970e-01,4.850595931213780537e-04,-4.405576532734850836e+00,-1.494089905973278731e-01
6.111111111111111605e-01,2.200000000000000284e+02,5.289802601261568427e-01,3.867828724250190657e-04,-4.390370468701799922e+00,-1.336155216117564382e-01
6.118055555555556024e-01,2.202500000000000284e+02,5.259367433209779508e-01,2.994995982502361340e-04,-4.374917151945108884e+00,-1.177481019616432034e-01
6.125000000000000444e-01,2.205000000000000284e+02,5.229040423405681981e-01,2.232606267251634657e-04,-4.359221758090387588e+00,-1.018081731178797078e-01
6.131944444444444864e-01,2.207500000000000284e+02,5.198823234896819967e-01,1.581158009284881500e-04,-4.343289487673756000e+00,-8.579721113979123237e-02
6.138888888888889284e-01,2.210000000000000000e+02,5.168717494533595636e-01,1.041139269763304909e-04,-4.327125564689491277e+00,-6.971672636998951789e-02
6.145833333333333703e-01,2.212500000000000000e+02,5.138724792811446562e-01,6.130275032337876326e-05,-4.310735235134940169e+00,-5.356826311554025583e-02
6.152777777777778123e-01,2.215000000000000000e+02,5.108846683723073934e-01,2.972893229154488826e-05,-4.294123765553036876e+00,-3.735339931550511056e-02
6.159722222222222543e-01,2.217500000000000000e+02,5.079084684620860379e-01,9.438026833539986391e-06,-4.277296441572899788e+00,-2.107374619495397394e-02
6.166666666666666963e-01,2.220000000000000000e+02,5.049440276089383062e-01,4.744575424174429352e-07,-4.260258566448898776e+00,-4.730947905534418386e-03
6.173611111111111382e-01,2.222500000000000000e+02,5.019914901828089748e-01,2.881494913051668094e-06,-4.243015459598598049e+00,1.167331884733173800e-02
6.180555555555555802e-01,2.225000000000000000e+02,4.990509968544146746e-01,1.670123386970781822e-05,-4.225572455140011563e+00,2.813734519049253952e-02
6.187500000000000222e-01,2.227500000000000000e+02,4.961226845855417067e-01,4.197457156507854588e-05,-4.207934900428553782e+00,4.465939048229111002e-02
6.194444444444444642e-01,2.230000000000000000e+02,4.932066866203627109e-01,7.874118546124400197e-05,-4.190108154594144096e+00,6.123768272482574965e-02
6.201388888888889062e-01,2.232500000000000000e+02,4.903031324777665234e-01,1.270395117010384898e-04,-4.172097587078818393e+00,7.787041898917788918e-02
6.208333333333333481e-01,2.235000000000000000e+02,4.874121479447054983e-01,1.869067237798852305e-04,-4.153908576175316725e+00,9.455576585345069895e-02
6.215277777777777901e-01,2.237500000000000000e+02,4.845338550705560188e-01,2.583787115257444363e-04,-4.135546507567023689e+00,1.112918598535311415e-01
6.222222222222222321e-01,2.240000000000000000e+02,4.816683721624915870e-01,3.414900603966441323e-04,-4.117016772869668273e+00,1.280768079464446596e-01
6.229166666666666741e-01,2.242500000000000000e+02,4.788158137818708249e-01,4.362740311043759151e-04,-4.098324768175233501e+00,1.449086879861525845e-01
6.236111111111111160e-01,2.245000000000000000e+02,4.759762907416313360e-01,5.427625395725431314e-04,-4.079475892598416920e+00,1.617855492117016292e-01
6.243055555555555580e-01,2.247500000000000000e+02,4.731499101046971467e-01,6.609861372387265850e-04,-4.060475546826132209e+00,1.787054127475379561e-01
6.250000000000000000e-01,2.250000000000000000e+02,4.703367751833867905e-01,7.909739917067371744e-04,-4.041329131670359232e+00,1.956662721158956841e-01
6.256944444444444420e-01,2.252500000000000000e+02,4.675369855398301966e-01,9.327538677609877732e-04,-4.022042046624841660e+00,2.126660937610677926e-01
6.263888888888888840e-01,2.255000000000000000e+02,4.647506369873832810e-01,1.086352108746636326e-03,-4.002619688425975042e+00,2.297028175854412546e-01
6.270833333333333259e-01,2.257500000000000000e+02,4.619778215930399057e-01,1.251793618327681117e-03,-3.983067449618293399e+00,2.467743574971352216e-01
6.277777777777777679e-01,2.260000000000000000e+02,4.592186276808419287e-01,1.429101842629076002e-03,-3.963390717124969598e+00,2.638786019690608220e-01
6.284722222222222099e-01,2.262500000000000000e+02,4.564731398362751325e-01,1.618298752770312016e-03,-3.943594870823720733e+00,2.810134146092828078e-01
6.291666666666666519e-01,2.265000000000000000e+02,4.537414389116573576e-01,1.819404827800082981e-03,-3.923685282128495544e+00,2.981766347424668062e-01
6.298611111111110938e-01,2.267500000000000000e+02,4.510236020325040784e-01,2.032439038036821990e-03,-3.903667312577366211e+00,3.153660780022908283e-01
6.305555555555555358e-01,2.270000000000000000e+02,4.483197026048775236e-01,2.257418828826646823e-03,-3.883546312426986447e+00,3.325795369345952435e-01
6.312499999999999778e-01,2.272500000000000000e+02,4.456298103237059105e-01,2.494360104722067976e-03,-3.863327619254017797e+00,3.498147816111339958e-01
6.319444444444444198e-01,2.275000000000000000e+02,4.429539911820716269e-01,2.743277214090637274e-03,-3.843016556563902064e+00,3.670695602537310531e-01
6.326388888888888618e-01,2.277500000000000000e+02,4.402923074814656390e-01,3.004182934161967605e-03,-3.822618432407379974e+00,3.843415998686315338e-01
6.333333333333333037e-01,2.280000000000000000e+02,4.376448178429963587e-01,3.277088456517216440e-03,-3.802138538005098045e+00,4.016286068909019069e-01
6.340277777777778567e-01,2.282500000000000284e+02,4.350115772195530806e-01,3.562003373030606188e-03,-3.781582146380723319e+00,4.189282678386397341e-01
6.347222222222222987e-01,2.285000000000000284e+02,4.323926369089153843e-01,3.858935662267612247e-03,-3.760954511002920775e+00,4.362382499768216459e-01
6.354166666666667407e-01,2.287500000000000284e+02,4.297880445678007311e-01,4.167891676348653256e-03,-3.740260864436531385e+00,4.535562019905881037e-01
6.361111111111111827e-01,2.290000000000000284e+02,4.271978442268464238e-01,4.488876128281776845e-03,-3.719506417003389576e+00,4.708797546677492285e-01
6.368055555555556246e-01,2.292500000000000284e+02,4.246220763065197690e-01,4.821892079774907532e-03,-3.698696355453089168e+00,4.882065215902893773e-01
6.375000000000000666e-01,2.295000000000000284e+02,4.220607776339452832e-01,5.166940929529271337e-03,-3.677835841644058856e+00,5.055340998346983250e-01
6.381944444444445086e-01,2.297500000000000284e+02,4.195139814606447803e-01,5.524022402023184668e-03,-3.656930011235331346e+00,5.228600706808782528e-01
6.388888888888889506e-01,2.300000000000000284e+02,4.169817174811825677e-01,5.893134536790038160e-03,-3.635983972389350782e+00,5.401820003294209860e-01
6.395833333333333925e-01,2.302500000000000284e+02,4.144640118527092021e-01,6.274273678199026802e-03,-3.615002804486166177e+00,5.574974406270140070e-01
6.402777777777778345e-01,2.305000000000000284e+02,4.119608872153894819e-01,6.667434465740731432e-03,-3.593991556849327473e+00,5.748039297998036590e-01
6.409722222222222765e-01,2.307500000000000284e+02,4.094723627137157318e-01,7.072609824825255506e-03,-3.572955247483891483e+00,5.920989931944136142e-01
6.416666666666667185e-01,2.310000000000000284e+02,4.069984540186906141e-01,7.489790958097793452e-03,-3.551898861826807696e+00,6.093801440264424718e-01
6.423611111111111605e-01,2.312500000000000284e+02,4.045391733508755250e-01,7.918967337276566765e-03,-3.530827351510076539e+00,6.266448841361654809e-01
6.430555555555556024e-01,2.315000000000000284e+02,4.020945295042899215e-01,8.360126695517030096e-03,-3.509745633136944321e+00,6.438907047512594239e-01
6.437500000000000444e-01,2.317500000000000284e+02,3.996645278711583593e-01,8.813255020308937565e-03,-3.488658587071537642e+00,6.611150872562432390e-01
6.444444444444444864e-01,2.320000000000000284e+02,3.972491704674951385e-01,9.278336546910728386e-03,-3.467571056242189531e+00,6.783155039684168885e-01
6.451388888888889284e-01,2.322500000000000000e+02,3.948484559595092924e-01,9.755353752322901487e-03,-3.446487844958816549e+00,6.954894189200974131e-01
6.458333333333333703e-01,2.325000000000000000e+02,3.924623796908317530e-01,1.024428734980871274e-02,-3.425413717744635989e+00,7.126342886468217674e-01
6.465277777777778123e-01,2.327500000000000000e+02,3.900909337105455399e-01,1.074511628396307601e-02,-3.404353398182550006e+00,7.297475629813329201e-01
6.472222222222222543e-01,2.330000000000000000e+02,3.877341068020142001e-01,1.125781772633536321e-02,-3.383311567776490225e+00,7.468266858530449026e-01
6.479166666666666963e-01,2.332500000000000000e+02,3.853918845124917891e-01,1.178236707160858904e-02,-3.362292864828001715e+00,7.638690960928000706e-01
6.486111111111111382e-01,2.335000000000000000e+02,3.830642491835116181e-01,1.231873793434042422e-02,-3.341301883328386513e+00,7.808722282425744066e-01
6.493055555555555802e-01,2.337500000000000000e+02,3.807511799820383902e-01,1.286690214626643423e-02,-3.320343171866715348e+00,7.978335133699190340e-01
6.500000000000000222e-01,2.340000000000000000e+02,3.784526529323697930e-01,1.342682975417154589e-02,-3.299421232553906957e+00,8.147503798869060176e-01
6.506944444444444642e-01,2.342500000000000000e+02,3.761686409487828842e-01,1.399848901833226737e-02,-3.278540519963246247e+00,8.316202543732283958e-01
6.513888888888889062e-01,2.345000000000000000e+02,3.738991138689093940e-01,1.458184641153005556e-02,-3.257705440087561133e+00,8.484405624032721471e-01
6.520833333333333481e-01,2.347500000000000000e+02,3.716440384878303971e-01,1.517686661864264125e-02,-3.236920349313350265e+00,8.652087293768255805e-01
6.527777777777777901e-01,2.350000000000000000e+02,3.694033785928741986e-01,1.578351253681117145e-02,-3.216189553412091229e+00,8.819221813532289733e-01
6.534722222222222321e-01,2.352500000000000000e+02,3.671770949991118305e-01,1.640174527618911901e-02,-3.195517306549022774e+00,8.985783458886146269e-01
6.541666666666666741e-01,2.355000000000000000e+02,3.649651455855354443e-01,1.703152416127357363e-02,-3.174907810309648859e+00,9.151746528759981958e-01
6.548611111111111160e-01,2.357500000000000000e+02,3.627674853319020065e-01,1.767280673282020306e-02,-3.154365212744161262e+00,9.317085353879879239e-01
6.555555555555555580e-01,2.360000000000000000e+02,3.605840663562387416e-01,1.832554875034476602e-02,-3.133893607430093375e+00,9.481774305217510745e-01
6.562500000000000000e-01,2.362500000000000000e+02,3.584148379529911166e-01,1.898970419521153752e-02,-3.113497032553387278e+00,9.645787802460312754e-01
6.569444444444444420e-01,2.365000000000000000e+02,3.562597466318039863e-01,1.966522527431157144e-02,-3.093179470008125431e+00,9.809100322498803814e-01
6.576388888888888840e-01,2.367500000000000000e+02,3.541187361569183567e-01,2.035206242432968660e-02,-3.072944844515132612e+00,9.971686407929073459e-01
6.583333333333333259e-01,2.370000000000000000e+02,3.519917475871762735e-01,2.105016431660359719e-02,-3.052797022759681234e+00,1.013352067556656300e+00
6.590277777777777679e-01,2.372500000000000000e+02,3.498787193166189580e-01,2.175947786257326558e-02,-3.032739812548523428e+00,1.029457782496901341e+00
6.597222222222222099e-01,2.375000000000000000e+02,3.477795871156587060e-01,2.247994821982318703e-02,-3.012776961986400437e+00,1.045483264696587922e+00
6.604166666666666519e-01,2.377500000000000000e+02,3.456942841728207760e-01,2.321151879871708248e-02,-2.992912158672295320e+00,1.061426003219065439e+00
6.611111111111110938e-01,2.380000000000000000e+02,3.436227411370335605e-01,2.395413126962517986e-02,-2.973149028915579084e+00,1.077283497961396552e+00
6.618055555555555358e-01,2.382500000000000000e+02,3.415648861604593800e-01,2.470772557074363274e-02,-2.953491136972250075e+00,1.093053260507399482e+00
6.624999999999999778e-01,2.385000000000000000e+02,3.395206449418431971e-01,2.547223991650595862e-02,-2.933941984301442485e+00,1.108732814980217807e+00
6.631944444444444198e-01,2.387500000000000000e+02,3.374899407703755849e-01,2.624761080658790866e-02,-2.914505008842388722e+00,1.124319698894036934e+00
6.638888888888888618e-01,2.390000000000000000e+02,3.354726945700499119e-01,2.703377303550080074e-02,-2.895183584311991076e+00,1.139811464004699904e+00
6.645833333333333037e-01,2.392500000000000000e+02,3.334688249444965336e-01,2.783065970277780188e-02,-2.875981019523173643e+00,1.155205677158990918e+00
6.652777777777778567e-01,2.395000000000000284e+02,3.314782482222867754e-01,2.863820222374711955e-02,-2.856900557724152190e+00,1.170499921142195587e+00
6.659722222222222987e-01,2.397500000000000284e+02,3.295008785026889431e-01,2.945633034089457924e-02,-2.837945375958816019e+00,1.185691795523722059e+00
6.666666666666667407e-01,2.400000000000000284e+02,3.275366277018572636e-01,3.028497213581249001e-02,-2.819118584448295106e+00,1.200778917500477494e+00
6.673611111111111827e-01,2.402500000000000284e+02,3.255854055994455432e-01,3.112405404173252191e-02,-2.800423225993904808e+00,1.215758922737727010e+00
6.680555555555556246e-01,2.405000000000000284e+02,3.236471198856282760e-01,3.197350085664272396e-02,-2.781862275401580931e+00,1.230629466207102229e+00
6.687500000000000666e-01,2.407500000000000284e+02,3.217216762085122750e-01,3.283323575698452595e-02,-2.763438638927919300e+00,1.245388223021531404e+00
6.694444444444445086e-01,2.410000000000000284e+02,3.198089782219287192e-01,3.370318031192829494e-02,-2.745155153747945054e+00,1.260032889266740508e+00
6.701388888888889506e-01,2.412500000000000284e+02,3.179089276335818615e-01,3.458325449822591963e-02,-2.727014587444718252e+00,1.274561182829135442e+00
6.708333333333333925e-01,2.415000000000000284e+02,3.160214242535490659e-01,3.547337671563693257e-02,-2.709019637520869939e+00,1.288970844219662570e+00
6.715277777777778345e-01,2.417500000000000284e+02,3.141463660431125238e-01,3.637346380292326431e-02,-2.691172930932202778e+00,1.303259637393434422e+00
6.722222222222222765e-01,2.420000000000000284e+02,3.122836491639027212e-01,3.728343105441526972e-02,-2.673477023643381578e+00,1.317425350564857656e+00
6.729166666666667185e-01,2.422500000000000284e+02,3.104331680273476057e-01,3.820319223713816714e-02,-2.655934400205854917e+00,1.331465797017898245e+00
6.736111111111111605e-01,2.425000000000000284e+02,3.085948153444045272e-01,3.913265960850292186e-02,-2.638547473358059392e+00,1.345378815911279391e+00
6.743055555555556024e-01,2.427500000000000284e+02,3.067684821755640168e-01,4.007174393455154721e-02,-2.621318583647975320e+00,1.359162273078271976e+00
6.750000000000000444e-01,2.430000000000000284e+02,3.049540579811044205e-01,4.102035450875823192e-02,-2.604249999078101840e+00,1.372814061820868181e+00
6.756944444444444864e-01,2.432500000000000284e+02,3.031514306715886731e-01,4.197839917137830001e-02,-2.587343914772903819e+00,1.386332103697985874e+00
6.763888888888889284e-01,2.435000000000000000e+02,3.013604866585840036e-01,4.294578432934306744e-02,-2.570602452668788729e+00,1.399714349307442873e+00
6.770833333333333703e-01,2.437500000000000000e+02,2.995811109055859789e-01,4.392241497669538419e-02,-2.554027661226643708e+00,1.412958779061495473e+00
6.777777777777778123e-01,2.440000000000000000e+02,2.978131869791377784e-01,4.490819471556160847e-02,-2.537621515166972319e+00,1.426063403955553754e+00
6.784722222222222543e-01,2.442500000000000000e+02,2.960565971001237751e-01,4.590302577765461439e-02,-2.521385915227674523e+00,1.439026266329894943e+00
6.791666666666666963e-01,2.445000000000000000e+02,2.943112221952250973e-01,4.690680904630333686e-02,-2.505322687944468107e+00,1.451845440624029981e+00
6.798611111111111382e-01,2.447500000000000000e+02,2.925769419485163003e-01,4.791944407900401021e-02,-2.489433585453983078e+00,1.464519034123542562e+00
6.805555555555555802e-01,2.450000000000000000e+02,2.908536348531946536e-01,4.894082913048704991e-02,-2.473720285319530365e+00,1.477045187699031592e+00
6.812500000000000222e-01,2.452500000000000000e+02,2.891411782634219496e-01,4.997086117629310348e-02,-2.458184390379567930e+00,1.489422076536951023e+00
6.819444444444444642e-01,2.455000000000000000e+02,2.874394484462607924e-01,5.100943593685662580e-02,-2.442827428618813634e+00,1.501647910862103696e+00
6.826388888888889062e-01,2.457500000000000000e+02,2.857483206336957071e-01,5.205644790208512757e-02,-2.427650853062047087e+00,1.513720936651453464e+00
6.833333333333333481e-01,2.460000000000000000e+02,2.840676690747186983e-01,5.311179035643270874e-02,-2.412656041690543152e+00,1.525639436339067512e+00
6.840277777777777901e-01,2.462500000000000000e+02,2.823973670874663777e-01,5.417535540445962694e-02,-2.397844297381133138e+00,1.537401729511872928e+00
6.847222222222222321e-01,2.465000000000000000e+02,2.807372871113883450e-01,5.524703399687209970e-02,-2.383216847867850152e+00,1.549006173596050306e+00
6.854166666666666741e-01,2.467500000000000000e+02,2.790873007594375510e-01,5.632671595703463846e-02,-2.368774845726129286e+00,1.560451164533720902e+00
6.861111111111111160e-01,2.470000000000000000e+02,2.774472788702641024e-01,5.741429000794919663e-02,-2.354519368379515587e+00,1.571735137449724595e+00
6.868055555555555580e-01,2.472500000000000000e+02,2.758170915603925799e-01,5.850964379969466472e-02,-2.340451418128821626e+00,1.582856567308276174e+00
6.875000000000000000e-01,2.475000000000000000e+02,2.741966082763757639e-01,5.961266393731743524e-02,-2.326571922203681364e+00,1.593813969559169097e+00
6.881944444444444420e-01,2.477500000000000000e+02,2.725856978469024527e-01,6.072323600916858244e-02,-2.312881732836443049e+00,1.604605900773367511e+00
6.888888888888888840e-01,2.480000000000000000e+02,2.709842285348477708e-01,6.184124461567597209e-02,-2.299381627358317637e+00,1.615230959267677679e+00
6.895833333333333259e-01,2.482500000000000000e+02,2.693920680892463171e-01,6.296657339855041280e-02,-2.286072308317705026e+00,1.625687785718349598e+00
6.902777777777777679e-01,2.485000000000000000e+02,2.678090837971779936e-01,6.409910507041037542e-02,-2.272954403620629282e+00,1.635975063763285053e+00
6.909722222222222099e-01,2.487500000000000000e+02,2.662351425355493073e-01,6.523872144482201207e-02,-2.260028466693170479e+00,1.646091520592647628e+00
6.916666666666666519e-01,2.490000000000000000e+02,2.646701108227502708e-01,6.638530346674630100e-02,-2.247294976665812793e+00,1.656035927527731877e+00
6.923611111111110938e-01,2.492500000000000000e+02,2.631138548701792979e-01,6.753873124338287404e-02,-2.234754338579596045e+00,1.665807100587729295e+00
6.930555555555555358e-01,2.495000000000000000e+02,2.615662406336176637e-01,6.869888407540292175e-02,-2.222406883613972095e+00,1.675403901044260291e+00
6.937499999999999778e-01,2.497500000000000000e+02,2.600271338644349339e-01,6.986564048856429288e-02,-2.210252869336221782e+00,1.684825235963466117e+00
6.944444444444444198e-01,2.500000000000000000e+02,2.584964001606164796e-01,7.103887826569733888e-02,-2.198292479972352442e+00,1.694070058735379192e+00
6.951388888888888618e-01,2.502500000000000000e+02,2.569739050175945394e-01,7.221847447905448136e-02,-2.186525826699303288e+00,1.703137369590429051e+00
6.958333333333334147e-01,2.505000000000000284e+02,2.554595138788702813e-01,7.340430552301359379e-02,-2.174952947958361360e+00,1.712026216102819687e+00
6.965277777777778567e-01,2.507500000000000284e+02,2.539530921864083801e-01,7.459624714712678739e-02,-2.163573809789620661e+00,1.720735693680647049e+00
6.972222222222222987e-01,2.510000000000000284e+02,2.524545054307933967e-01,7.579417448950473424e-02,-2.152388306187343225e+00,1.729264946042494699e+00
6.979166666666667407e-01,2.512500000000000284e+02,2.509636192011325262e-01,7.699796211052735428e-02,-2.141396259476077368e+00,1.737613165680339300e+00
6.986111111111111827e-01,2.515000000000000284e+02,2.494802992346911441e-01,7.820748402686983347e-02,-2.130597420707367462e+00,1.745779594308557225e+00
6.993055555555556246e-01,2.517500000000000284e+02,2.480044114662416366e-01,7.942261374583839406e-02,-2.119991470076894036e+00,1.753763523298909943e+00
7.000000000000000666e-01,2.520000000000000284e+02,2.465358220771198539e-01,8.064322429999999653e-02,-2.109578017361857238e+00,1.761564294101227279e+00
7.006944444444445086e-01,2.522500000000000284e+02,2.450743975439685640e-01,8.186918828210179577e-02,-2.099356602378454895e+00,1.769181298649687095e+00
7.013888888888889506e-01,2.525000000000000284e+02,2.436200046871580538e-01,8.310037788026529426e-02,-2.089326695459246430e+00,1.776613979754469108e+00
7.020833333333333925e-01,2.527500000000000284e+02,2.421725107188650861e-01,8.433666491345015448e-02,-2.079487697950227698e+00,1.783861831478675608e+00
7.027777777777778345e-01,2.530000000000000284e+02,2.407317832908031363e-01,8.557792086717212754e-02,-2.069838942727424413e+00,1.790924399500273712e+00
7.034722222222222765e-01,2.532500000000000284e+02,2.392976905415874489e-01,8.682401692946779825e-02,-2.060379694732787037e+00,1.797801281458931477e+00
7.041666666666667185e-01,2.535000000000000284e+02,2.378701011437166779e-01,8.807482402709566893e-02,-2.051109151529211250e+00,1.804492127287651515e+00
7.048611111111111605e-01,2.537500000000000284e+02,2.364488843501683368e-01,8.933021286196175803e-02,-2.042026443874448649e+00,1.810996639528931196e+00
7.055555555555556024e-01,2.540000000000000284e+02,2.350339100405852144e-01,9.059005394775901387e-02,-2.033130636313697170e+00,1.817314573635406605e+00
7.062500000000000444e-01,2.542500000000000284e+02,2.336250487670464837e-01,9.185421764680987144e-02,-2.024420727790660290e+00,1.823445738254762194e+00
7.069444444444444864e-01,2.545000000000000284e+02,2.322221717994054913e-01,9.312257420710209899e-02,-2.015895652276841421e+00,1.829389995498847732e+00
7.076388888888889284e-01,2.547500000000000000e+02,2.308251511701855663e-01,9.439499379950626323e-02,-2.007554279418833687e+00,1.835147261196782953e+00
7.083333333333333703e-01,2.550000000000000000e+02,2.294338597190223039e-01,9.567134655516057462e-02,-1.999395415203390147e+00,1.840717505131960641e+00
7.090277777777778123e-01,2.552500000000000000e+02,2.280481711366329212e-01,9.695150260301882428e-02,-1.991417802640010892e+00,1.846100751262859774e+00
7.097222222222222543e-01,2.555000000000000000e+02,2.266679600083099655e-01,9.823533210754306633e-02,-1.983620122460812984e+00,1.851297077927479995e+00
7.104166666666666963e-01,2.557500000000000000e+02,2.252931018569225285e-01,9.952270530653263558e-02,-1.976000993837426556e+00,1.856306618031312583e+00
7.111111111111111382e-01,2.560000000000000000e+02,2.239234731854102267e-01,1.008134925490803413e-01,-1.968558975114668375e+00,1.861129559218779095e+00
7.118055555555555802e-01,2.562500000000000000e+02,2.225589515187668121e-01,1.021075643336389616e-01,-1.961292564560721985e+00,1.865766144027955598e+00
7.125000000000000222e-01,2.565000000000000000e+02,2.211994154454928752e-01,1.034047913461916407e-01,-1.954200201133569292e+00,1.870216670028554962e+00
7.131944444444444642e-01,2.567500000000000000e+02,2.198447446585158893e-01,1.047050444985102302e-01,-1.947280265263392485e+00,1.874481489942994017e+00
7.138888888888889062e-01,2.570000000000000000e+02,2.184948199955545067e-01,1.060081949664939821e-01,-1.940531079650683832e+00,1.878561011750580434e+00
7.145833333333333481e-01,2.572500000000000000e+02,2.171495234789288242e-01,1.073141142285734123e-01,-1.933950910079783148e+00,1.882455698774588404e+00
7.152777777777777901e-01,2.575000000000000000e+02,2.158087383547999671e-01,1.086226741041681904e-01,-1.927537966247548251e+00,1.886166069752229557e+00
7.159722222222222321e-01,2.577500000000000000e+02,2.144723491318249187e-01,1.099337467921891742e-01,-1.921290402606885328e+00,1.889692698887463607e+00
7.166666666666666741e-01,2.580000000000000000e+02,2.131402416192252347e-01,1.112472049095702270e-01,-1.915206319224848519e+00,1.893036215886505058e+00
7.173611111111111160e-01,2.582500000000000000e+02,2.118123029642517696e-01,1.125629215298186159e-01,-1.909283762654995664e+00,1.896197305976024428e+00
7.180555555555555580e-01,2.585000000000000000e+02,2.104884216890416382e-01,1.138807702215714340e-01,-1.903520726823732856e+00,1.899176709903951599e+00
7.187500000000000000e-01,2.587500000000000000e+02,2.091684877268505938e-01,1.152006250871484838e-01,-1.897915153930311183e+00,1.901975223922865110e+00
7.194444444444444420e-01,2.590000000000000000e+02,2.078523924576599069e-01,1.165223608010862583e-01,-1.892464935360196776e+00,1.904593699755878111e+00
7.201388888888888840e-01,2.592500000000000000e+02,2.065400287431434501e-01,1.178458526486408087e-01,-1.887167912611489307e+00,1.907033044544986122e+00
7.208333333333333259e-01,2.595000000000000000e+02,2.052312909609842195e-01,1.191709765642516711e-01,-1.882021878234082513e+00,1.909294220781895479e+00
7.215277777777777679e-01,2.597500000000000000e+02,2.039260750385378795e-01,1.204976091699496571e-01,-1.877024576781249010e+00,1.911378246221209887e+00
7.222222222222222099e-01,2.600000000000000000e+02,2.026242784858295065e-01,1.218256278136982534e-01,-1.872173705773323649e+00,1.913286193776030597e+00
7.229166666666666519e-01,2.602500000000000000e+02,2.013258004278779267e-01,1.231549106076560707e-01,-1.867466916673180988e+00,1.915019191395886722e+00
7.236111111111110938e-01,2.605000000000000000e+02,2.000305416363368782e-01,1.244853364663512513e-01,-1.862901815873147404e+00,1.916578421927042530e+00
7.243055555555555358e-01,2.607500000000000000e+02,1.987384045604485838e-01,1.258167851447488106e-01,-1.858475965693065612e+00,1.917965122955128887e+00
7.249999999999999778e-01,2.610000000000000000e+02,1.974492933573007702e-01,1.271491372762044159e-01,-1.854186885389131900e+00,1.919180586630082175e+00
7.256944444444444198e-01,2.612500000000000000e+02,1.961631139213770580e-01,1.284822744102911696e-01,-1.850032052173205654e+00,1.920226159473464200e+00
7.263888888888888618e-01,2.615000000000000000e+02,1.948797739133990015e-01,1.298160790504852002e-01,-1.846008902242240124e+00,1.921103242168081593e+00
7.270833333333334147e-01,2.617500000000000568e+02,1.935991827884470107e-01,1.311504346917000685e-01,-1.842114831817495357e+00,1.921813289329980856e+00
7.277777777777778567e-01,2.620000000000000000e+02,1.923212518233596291e-01,1.324852258576546538e-01,-1.838347198193195142e+00,1.922357809262808637e+00
7.284722222222222987e-01,2.622500000000000000e+02,1.910458941433980096e-01,1.338203381380668744e-01,-1.834703320794280890e+00,1.922738363694563635e+00
7.291666666666667407e-01,2.625000000000000000e+02,1.897730247481737575e-01,1.351556582256581707e-01,-1.831180482242913854e+00,1.922956567496793889e+00
7.298611111111111827e-01,2.627500000000000000e+02,1.885025605368343127e-01,1.364910739529551220e-01,-1.827775929433383961e+00,1.923014088386233889e+00
7.305555555555556246e-01,2.630000000000000000e+02,1.872344203324999568e-01,1.378264743288783456e-01,-1.824486874615070198e+00,1.922912646608935683e+00
7.312500000000000666e-01,2.632500000000000000e+02,1.859685249059415402e-01,1.391617495751079348e-01,-1.821310496483091512e+00,1.922654014606985040e+00
7.319444444444445086e-01,2.635000000000000000e+02,1.847047969985023685e-01,1.404967911622091725e-01,-1.818243941276316722e+00,1.922240016667777773e+00
7.326388888888889506e-01,2.637500000000000000e+02,1.834431613442564224e-01,1.418314918455087503e-01,-1.815284323882352613e+00,1.921672528555959936e+00
7.333333333333333925e-01,2.640000000000000000e+02,1.821835446913901979e-01,1.431657457007113055e-01,-1.812428728949164070e+00,1.920953477128104936e+00
7.340277777777778345e-01,2.642500000000000000e+02,1.809258758228179109e-01,1.444994481592406510e-01,-1.809674212002970961e+00,1.920084839930160214e+00
7.347222222222222765e-01,2.645000000000000000e+02,1.796700855760129945e-01,1.458324960432960948e-01,-1.807017800572054744e+00,1.919068644777758292e+00
7.354166666666667185e-01,2.647500000000000000e+02,1.784161068620619128e-01,1.471647876006098865e-01,-1.804456495316116849e+00,1.917906969319449040e+00
7.361111111111111605e-01,2.650000000000000000e+02,1.771638746839259704e-01,1.484962225388995749e-01,-1.801987271160817361e+00,1.916601940583004371e+00
7.368055555555556024e-01,2.652500000000000000e+02,1.759133261539186088e-01,1.498267020599947930e-01,-1.799607078437150065e+00,1.915155734504786267e+00
7.375000000000000444e-01,2.655000000000000000e+02,1.746644005103892283e-01,1.511561288936327796e-01,-1.797312844025267253e+00,1.913570575442337551e+00
7.381944444444444864e-01,2.657500000000000000e+02,1.734170391336073147e-01,1.524844073309122583e-01,-1.795101472502403483e+00,1.911848735670304666e+00
7.388888888888889284e-01,2.660000000000000000e+02,1.721711855608532848e-01,1.538114432573875756e-01,-1.792969847294523245e+00,1.909992534859748625e+00
7.395833333333333703e-01,2.662500000000000000e+02,1.709267855007045034e-01,1.551371441857982980e-01,-1.790914831831338594e+00,1.908004339541001126e+00
7.402777777777778123e-01,2.665000000000000000e+02,1.696837868465213561e-01,1.564614192884176969e-01,-1.788933270704311074e+00,1.905886562550151764e+00
7.409722222222222543e-01,2.667500000000000000e+02,1.684421396891245259e-01,1.577841794290146815e-01,-1.787021990827287965e+00,1.903641662459322204e+00
7.416666666666666963e-01,2.670000000000000000e+02,1.672017963286682729e-01,1.591053371944116390e-01,-1.785177802599399399e+00,1.901272142990820591e+00
7.423611111111111382e-01,2.672500000000000000e+02,1.659627112857059994e-01,1.604248069256290488e-01,-1.783397501069840851e+00,1.898780552415316514e+00
7.430555555555555802e-01,2.675000000000000000e+02,1.647248413114424104e-01,1.617425047486110712e-01,-1.781677867104189961e+00,1.896169482934208839e+00
7.437500000000000222e-01,2.677500000000000000e+02,1.634881453971800125e-01,1.630583486045123209e-01,-1.780015668551872432e+00,1.893441570046275668e+00
7.444444444444444642e-01,2.680000000000000000e+02,1.622525847829510981e-01,1.643722582795414389e-01,-1.778407661414425300e+00,1.890599491898798501e+00
7.451388888888889062e-01,2.682500000000000000e+02,1.610181229653416257e-01,1.656841554343476963e-01,-1.776850591014178748e+00,1.887645968623282267e+00
7.458333333333333481e-01,2.685000000000000000e+02,1.597847257044992808e-01,1.669939636329427768e-01,-1.775341193162998099e+00,1.884583761655963752e+00
7.465277777777777901e-01,2.687500000000000000e+02,1.585523610303331832e-01,1.683016083711442457e-01,-1.773876195330712502e+00,1.881415673043245418e+00
7.472222222222222321e-01,2.690000000000000000e+02,1.573209992479021602e-01,1.696070171045297725e-01,-1.772452317812881928e+00,1.878144544732220700e+00
7.479166666666666741e-01,2.692500000000000000e+02,1.560906129419905863e-01,1.709101192758980259e-01,-1.771066274897508785e+00,1.874773257846497287e+00
7.486111111111111160e-01,2.695000000000000000e+02,1.548611769808756200e-01,1.722108463422168667e-01,-1.769714776030365089e+00,1.871304731947455169e+00
7.493055555555555580e-01,2.697500000000000000e+02,1.536326685192863362e-01,1.735091318010571204e-01,-1.768394526978545267e+00,1.867741924281154375e+00
7.500000000000000000e-01,2.700000000000000000e+02,1.524050670005555885e-01,1.748049112164944685e-01,-1.767102230991900003e+00,1.864087829011059183e+00
7.506944444444444420e-01,2.702500000000000000e+02,1.511783541579637680e-01,1.760981222444792105e-01,-1.765834589961982504e+00,1.860345476436798595e+00
7.513888888888888840e-01,2.705000000000000000e+02,1.499525140152809244e-01,1.773887046576535231e-01,-1.764588305578152383e+00,1.856517932199126308e+00
7.520833333333333259e-01,2.707500000000000000e+02,1.487275328865086677e-01,1.786766003696137195e-01,-1.763360080480482983e+00,1.852608296471304428e+00
7.527777777777777679e-01,2.710000000000000000e+02,1.475033993748179617e-01,1.799617534586082368e-01,-1.762146619409106219e+00,1.848619703137128090e+00
7.534722222222222099e-01,2.712500000000000000e+02,1.462801043706940252e-01,1.812441101906570595e-01,-1.760944630349651652e+00,1.844555318955768852e+00
7.541666666666666519e-01,2.715000000000000000e+02,1.450576410492858404e-01,1.825236190420886639e-01,-1.759750825674426977e+00,1.840418342713685096e+00
7.548611111111110938e-01,2.717500000000000000e+02,1.438360048669660440e-01,1.838002307214822439e-01,-1.758561923278983752e+00,1.836212004363797057e+00
7.555555555555555358e-01,2.720000000000000000e+02,1.426151935570997564e-01,1.850738981910099723e-01,-1.757374647713718208e+00,1.831939564152186062e+00
7.562499999999999778e-01,2.722500000000000000e+02,1.413952071250336173e-01,1.863445766871664466e-01,-1.756185731310175191e+00,1.827604311732486053e+00
7.569444444444444198e-01,2.725000000000000000e+02,1.401760478423028367e-01,1.876122237408782978e-01,-1.754991915301700400e+00,1.823209565268269383e+00
7.576388888888889728e-01,2.727500000000000568e+02,1.389577202400603118e-01,1.888767991969905191e-01,-1.753789950938093201e+00,1.818758670523624721e+00
7.583333333333334147e-01,2.730000000000000568e+02,1.377402311017378311e-01,1.901382652331113920e-01,-1.752576600593938938e+00,1.814254999942169988e+00
7.590277777777778567e-01,2.732500000000000000e+02,1.365235894549352291e-01,1.913965863778193666e-01,-1.751348638870269259e+00,1.809701951714763668e+00
7.597222222222222987e-01,2.735000000000000000e+02,1.353078065625515636e-01,1.926517295282139108e-01,-1.750102853689227356e+00,1.805102948836144527e+00
7.604166666666667407e-01,2.737500000000000000e+02,1.340928959131547915e-01,1.939036639668116069e-01,-1.748836047381387537e+00,1.800461438150780857e+00
7.611111111111111827e-01,2.740000000000000000e+02,1.328788732106008508e-01,1.951523613777731425e-01,-1.747545037765429798e+00,1.795780889388150170e+00
7.618055555555556246e-01,2.742500000000000000e+02,1.316657563629056449e-01,1.963977958624584241e-01,-1.746226659219820121e+00,1.791064794187749110e+00
7.625000000000000666e-01,2.745000000000000000e+02,1.304535654703765646e-01,1.976399439542984859e-01,-1.744877763746183641e+00,1.786316665114061841e+00
7.631944444444445086e-01,2.747500000000000000e+02,1.292423228130051560e-01,1.988787846329846676e-01,-1.743495222024049829e+00,1.781540034661794225e+00
7.638888888888889506e-01,2.750000000000000000e+02,1.280320528371341193e-01,2.001142993379596280e-01,-1.742075924456650160e+00,1.776738454251616250e+00
7.645833333333333925e-01,2.752500000000000000e+02,1.268227821414003864e-01,2.013464719812075310e-01,-1.740616782207473401e+00,1.771915493216693172e+00
7.652777777777778345e-01,2.755000000000000000e+02,1.256145394619598010e-01,2.025752889593413208e-01,-1.739114728227226792e+00,1.767074737780305993e+00
7.659722222222222765e-01,2.757500000000000000e+02,1.244073556570040456e-01,2.038007391649732380e-01,-1.737566718270956212e+00,1.762219790024817767e+00
7.666666666666667185e-01,2.760000000000000000e+02,1.232012636905733677e-01,2.050228139973676034e-01,-1.735969731904966284e+00,1.757354266852285463e+00
7.673611111111111605e-01,2.762500000000000000e+02,1.219962986156764712e-01,2.062415073723685710e-01,-1.734320773503285062e+00,1.752481798937001400e+00
7.680555555555556024e-01,2.765000000000000000e+02,1.207924975567171849e-01,2.074568157315994366e-01,-1.732616873233347787e+00,1.747606029670265126e+00
7.687500000000000444e-01,2.767500000000000000e+02,1.195898996912450468e-01,2.086687380509249512e-01,-1.730855088030622824e+00,1.742730614097667940e+00
7.694444444444444864e-01,2.770000000000000000e+02,1.183885462310315800e-01,2.098772758481720624e-01,-1.729032502561901774e+00,1.737859217849199611e+00
7.701388888888889284e-01,2.772500000000000000e+02,1.171884804024796445e-01,2.110824331901089423e-01,-1.727146230176941133e+00,1.732995516062471708e+00
7.708333333333333703e-01,2.775000000000000000e+02,1.159897474263790890e-01,2.122842166986704249e-01,-1.725193413848210788e+00,1.728143192299360642e+00
7.715277777777778123e-01,2.777500000000000000e+02,1.147923944970120069e-01,2.134826355564304334e-01,-1.723171227098443836e+00,1.723305937456383052e+00
7.722222222222222543e-01,2.780000000000000000e+02,1.135964707606198776e-01,2.146777015113146836e-01,-1.721076874915754340e+00,1.718487448669109297e+00
7.729166666666666963e-01,2.782500000000000000e+02,1.124020272932370612e-01,2.158694288805527994e-01,-1.718907594656001292e+00,1.713691428210920353e+00
7.736111111111111382e-01,2.785000000000000000e+02,1.112091170779036381e-01,2.170578345538615450e-01,-1.716660656932196272e+00,1.708921582386437876e+00
7.743055555555555802e-01,2.787500000000000000e+02,1.100177949812673889e-01,2.182429379958576721e-01,-1.714333366490664812e+00,1.704181620419917609e+00
7.750000000000000222e-01,2.790000000000000000e+02,1.088281177295766372e-01,2.194247612476998566e-01,-1.711923063073697904e+00,1.699475253338958769e+00
7.756944444444444642e-01,2.792500000000000000e+02,1.076401438840843966e-01,2.206033289279510090e-01,-1.709427122268485588e+00,1.694806192853816729e+00
7.763888888888889062e-01,2.795000000000000000e+02,1.064539338158635995e-01,2.217786682326627068e-01,-1.706842956342046191e+00,1.690178150232662935e+00
7.770833333333333481e-01,2.797500000000000000e+02,1.052695496800514774e-01,2.229508089346751154e-01,-1.704168015061950481e+00,1.685594835173107597e+00
7.777777777777777901e-01,2.800000000000000000e+02,1.040870553895237027e-01,2.241197833821356733e-01,-1.701399786502559186e+00,1.681059954670315992e+00
7.784722222222222321e-01,2.802500000000000000e+02,1.029065165880189425e-01,2.252856264962267985e-01,-1.698535797836606687e+00,1.676577211882038121e+00
7.791666666666666741e-01,2.805000000000000000e+02,1.017280006227165717e-01,2.264483757681063358e-01,-1.695573616111853754e+00,1.672150304990895453e+00
7.798611111111111160e-01,2.807500000000000000e+02,1.005515765162790509e-01,2.276080712550579699e-01,-1.692510849012607510e+00,1.667782926064240723e+00
7.805555555555555580e-01,2.810000000000000000e+02,9.937731493837317909e-02,2.287647555758469120e-01,-1.689345145605914755e+00,1.663478759911935168e+00
7.812500000000000000e-01,2.812500000000000000e+02,9.820528817667691091e-02,2.299184739052833049e-01,-1.686074197072182868e+00,1.659241482942367618e+00
7.819444444444444420e-01,2.815000000000000000e+02,9.703557010738601829e-02,2.310692739679893193e-01,-1.682695737420071280e+00,1.655074762017060275e+00
7.826388888888888840e-01,2.817500000000000000e+02,9.586823616522711922e-02,2.322172060313732189e-01,-1.679207544185393308e+00,1.650982253304189573e+00
7.833333333333333259e-01,2.820000000000000000e+02,9.470336331299254728e-02,2.333623228978038699e-01,-1.675607439113900421e+00,1.646967601131366976e+00
7.840277777777777679e-01,2.822500000000000000e+02,9.354103001060870559e-02,2.345046798959888046e-01,-1.671893288827727586e+00,1.643034436838007650e+00
7.847222222222222099e-01,2.825000000000000000e+02,9.238131618374244292e-02,2.356443348715583919e-01,-1.668063005475305394e+00,1.639186377627641189e+00
7.854166666666666519e-01,2.827500000000000000e+02,9.122430319196662973e-02,2.367813481768488715e-01,-1.664114547364598629e+00,1.635427025420488345e+00
7.861111111111110938e-01,2.830000000000000000e+02,9.007007379648900025e-02,2.379157826598923553e-01,-1.660045919579468121e+00,1.631759965706656601e+00
7.868055555555555358e-01,2.832500000000000000e+02,8.891871212746126074e-02,2.390477036526063581e-01,-1.655855174579024203e+00,1.628188766400291421e+00
7.874999999999999778e-01,2.835000000000000000e+02,8.777030365087414021e-02,2.401771789581940986e-01,-1.651540412779755718e+00,1.624716976695020243e+00
7.881944444444444198e-01,2.837500000000000000e+02,8.662493513505770126e-02,2.413042788377458836e-01,-1.647099783120347105e+00,1.621348125921048933e+00
7.888888888888889728e-01,2.840000000000000568e+02,8.548269461679570969e-02,2.424290759960467667e-01,-1.642531483609007692e+00,1.618085722404217108e+00
7.895833333333334147e-01,2.842500000000000568e+02,8.434367136706250045e-02,2.435516455665980573e-01,-1.637833761853128678e+00,1.614933252327407365e+00
7.902777777777778567e-01,2.845000000000000000e+02,8.320795585640096415e-02,2.446720650958434662e-01,-1.633004915571218296e+00,1.611894178594593496e+00
7.909722222222222987e-01,2.847500000000000000e+02,8.207563971995070207e-02,2.457904145266109619e-01,-1.628043293086896881e+00,1.608971939697918518e+00
7.916666666666667407e-01,2.850000000000000000e+02,8.094681572214026954e-02,2.469067761807655914e-01,-1.622947293804900104e+00,1.606169948588111573e+00
7.923611111111111827e-01,2.852500000000000000e+02,7.982157772105220872e-02,2.480212347410841456e-01,-1.617715368668903864e+00,1.603491591548606543e+00
7.930555555555556246e-01,2.855000000000000000e+02,7.870002063247963364e-02,2.491338772323440365e-01,-1.612346020601114871e+00,1.600940227073691435e+00
7.937500000000000666e-01,2.857500000000000000e+02,7.758224039368248615e-02,2.502447930016387101e-01,-1.606837804923479718e+00,1.598519184751037159e+00
7.944444444444445086e-01,2.860000000000000000e+02,7.646833392685857544e-02,2.513540736979146262e-01,-1.601189329760453584e+00,1.596231764148942966e+00
7.951388888888889506e-01,2.862500000000000000e+02,7.535839910233922689e-02,2.524618132507425727e-01,-1.595399256423164491e+00,1.594081233708636747e+00
7.958333333333333925e-01,2.865000000000000000e+02,7.425253470152713697e-02,2.535681078483166817e-01,-1.589466299774961344e+00,1.592070829641976104e+00
7.965277777777778345e-01,2.867500000000000000e+02,7.315084037958602403e-02,2.546730559146915263e-01,-1.583389228578226282e+00,1.590203754834880412e+00
7.972222222222222765e-01,2.870000000000000000e+02,7.205341662789488399e-02,2.557767580862613244e-01,-1.577166865822350328e+00,1.588483177756837783e+00
7.979166666666667185e-01,2.872500000000000000e+02,7.096036473628231089e-02,2.568793171874824699e-01,-1.570798089032851674e+00,1.586912231376820026e+00
7.986111111111111605e-01,2.875000000000000000e+02,6.987178675505241465e-02,2.579808382058459970e-01,-1.564281830561536024e+00,1.585494012085935767e+00
7.993055555555556024e-01,2.877500000000000000e+02,6.878778545681649148e-02,2.590814282661025869e-01,-1.557617077857665011e+00,1.584231578627172121e+00
8.000000000000000444e-01,2.880000000000000000e+02,6.770846429814064704e-02,2.601811966037515522e-01,-1.550802873720036779e+00,1.583127951032532899e+00
8.006944444444444864e-01,2.882500000000000000e+02,6.663392738102758006e-02,2.612802545377893026e-01,-1.543838316529996035e+00,1.582186109567927934e+00
8.013888888888889284e-01,2.885000000000000000e+02,6.556427941424265715e-02,2.623787154427297819e-01,-1.536722560465286991e+00,1.581408993686126419e+00
8.020833333333333703e-01,2.887500000000000000e+02,6.449962567449681050e-02,2.634766947199024822e-01,-1.529454815694708980e+00,1.580799500988106177e+00
8.027777777777778123e-01,2.890000000000000000e+02,6.344007196750198196e-02,2.645743097680293698e-01,-1.522034348553598537e+00,1.580360486193136182e+00
8.034722222222222543e-01,2.892500000000000000e+02,6.238572458891167988e-02,2.656716799530914885e-01,-1.514460481700054872e+00,1.580094760117889852e+00
8.041666666666666963e-01,2.895000000000000000e+02,6.133669028515943006e-02,2.667689265774879082e-01,-1.506732594251952717e+00,1.580005088664947044e+00
8.048611111111111382e-01,2.897500000000000000e+02,6.029307621420740282e-02,2.678661728484991178e-01,-1.498850121904657051e+00,1.580094191820964999e+00
8.055555555555555802e-01,2.900000000000000000e+02,5.925498990622223017e-02,2.689635438460551420e-01,-1.490812557029522312e+00,1.580364742664872146e+00
8.062500000000000222e-01,2.902500000000000000e+02,5.822253922418831051e-02,2.700611664898177056e-01,-1.482619448753129232e+00,1.580819366386373881e+00
8.069444444444444642e-01,2.905000000000000000e+02,5.719583232447144477e-02,2.711591695055887707e-01,-1.474270403017254649e+00,1.581460639315099170e+00
8.076388888888889062e-01,2.907500000000000000e+02,5.617497761734919354e-02,2.722576833910442806e-01,-1.465765082619638893e+00,1.582291087960689069e+00
8.083333333333333481e-01,2.910000000000000000e+02,5.516008372751875916e-02,2.733568403808078195e-01,-1.457103207235528108e+00,1.583313188064136456e+00
8.090277777777777901e-01,2.912500000000000000e+02,5.415125945459771384e-02,2.744567744108667440e-01,-1.448284553420063236e+00,1.584529363660693635e+00
8.097222222222222321e-01,2.915000000000000000e+02,5.314861373362703145e-02,2.755576210823460492e-01,-1.439308954591473677e+00,1.585941986154630001e+00
8.104166666666666741e-01,2.917500000000000000e+02,5.215225559559556745e-02,2.766595176246401944e-01,-1.430176300995203764e+00,1.587553373406156432e+00
8.111111111111111160e-01,2.920000000000000000e+02,5.116229412799467441e-02,2.777626028579144868e-01,-1.420886539648987368e+00,1.589365788830808812e+00
8.118055555555555580e-01,2.922500000000000000e+02,5.017883843541668526e-02,2.788670171549905152e-01,-1.411439674268854860e+00,1.591381440511574930e+00
8.125000000000000000e-01,2.925000000000000000e+02,4.920199760021273100e-02,2.799729024026145208e-01,-1.401835765176246973e+00,1.593602480324068704e+00
8.131944444444444420e-01,2.927500000000000000e+02,4.823188064322191104e-02,2.810804019621234162e-01,-1.392074929186227772e+00,1.596031003075036425e+00
8.138888888888888840e-01,2.930000000000000000e+02,4.726859648458226620e-02,2.821896606295209997e-01,-1.382157339476844271e+00,1.598669045654463439e+00
8.145833333333333259e-01,2.932500000000000000e+02,4.631225390464217134e-02,2.833008245949658055e-01,-1.372083225439788778e+00,1.601518586201587935e+00
8.152777777777777679e-01,2.935000000000000000e+02,4.536296150497892699e-02,2.844140414016874119e-01,-1.361852872512370416e+00,1.604581543285073408e+00
8.159722222222222099e-01,2.937500000000000000e+02,4.442082766954371514e-02,2.855294599043360360e-01,-1.351466621990941697e+00,1.607859775097634669e+00
8.166666666666666519e-01,2.940000000000000000e+02,4.348596052593865779e-02,2.866472302267811800e-01,-1.340924870825798143e+00,1.611355078665368090e+00
8.173611111111110938e-01,2.942500000000000000e+02,4.255846790684624653e-02,2.877675037193642149e-01,-1.330228071397740131e+00,1.615069189072065647e+00
8.180555555555555358e-01,2.945000000000000000e+02,4.163845731161874147e-02,2.888904329156163353e-01,-1.319376731276354686e+00,1.619003778698771434e+00
8.187499999999999778e-01,2.947500000000000000e+02,4.072603586804052905e-02,2.900161714884577635e-01,-1.308371412960093849e+00,1.623160456478836666e+00
8.194444444444445308e-01,2.950000000000000568e+02,3.982131029427994628e-02,2.911448742058815875e-01,-1.297212733598344991e+00,1.627540767168726088e+00
8.201388888888889728e-01,2.952500000000000568e+02,3.892438686103884271e-02,2.922766968861371661e-01,-1.285901364695563931e+00,1.632146190634828464e+00
8.208333333333334147e-01,2.955000000000000568e+02,3.803537135391237001e-02,2.934117963524265904e-01,-1.274438031797581861e+00,1.636978141156527178e+00
8.215277777777778567e-01,2.957500000000000000e+02,3.715436903597677670e-02,2.945503303871182532e-01,-1.262823514160294591e+00,1.642037966745744315e+00
8.222222222222222987e-01,2.960000000000000000e+02,3.628148461060852481e-02,2.956924576854993991e-01,-1.251058644400764530e+00,1.647326948483231135e+00
8.229166666666667407e-01,2.962500000000000000e+02,3.541682218455528136e-02,2.968383378090685976e-01,-1.239144308130986083e+00,1.652846299871811198e+00
8.236111111111111827e-01,2.965000000000000000e+02,3.456048523126622335e-02,2.979881311383865139e-01,-1.227081443574408182e+00,1.658597166206813300e+00
8.243055555555556246e-01,2.967500000000000000e+02,3.371257655449346607e-02,2.991419988254981899e-01,-1.214871041165342946e+00,1.664580623963924255e+00
8.250000000000000666e-01,2.970000000000000000e+02,3.287319825217938779e-02,3.003001027459325512e-01,-1.202514143131496738e+00,1.670797680204673785e+00
8.256944444444445086e-01,2.972500000000000000e+02,3.204245168063829530e-02,3.014626054502978492e-01,-1.190011843059724406e+00,1.677249271999763369e+00
8.263888888888889506e-01,2.975000000000000000e+02,3.122043741904648867e-02,3.026296701154799207e-01,-1.177365285445219456e+00,1.683936265870460636e+00
8.270833333333333925e-01,2.977500000000000000e+02,3.040725523424960344e-02,3.038014604954635822e-01,-1.164575665224258483e+00,1.690859457248252484e+00
8.277777777777778345e-01,2.980000000000000000e+02,2.960300404590184356e-02,3.049781408717810449e-01,-1.151644227290751443e+00,1.698019569952959884e+00
8.284722222222222765e-01,2.982500000000000000e+02,2.880778189194569891e-02,3.061598760036048361e-01,-1.138572265996760535e+00,1.705417255689516853e+00
8.291666666666667185e-01,2.985000000000000000e+02,2.802168589444332947e-02,3.073468310775007151e-01,-1.125361124637116017e+00,1.713053093563594365e+00
8.298611111111111605e-01,2.987500000000000000e+02,2.724481222577261608e-02,3.085391716568477438e-01,-1.112012194918432284e+00,1.720927589616260800e+00
8.305555555555556024e-01,2.990000000000000000e+02,2.647725607519640922e-02,3.097370636309433323e-01,-1.098526916412633225e+00,1.729041176377846156e+00
8.312500000000000444e-01,2.992500000000000000e+02,2.571911161581737909e-02,3.109406731638033050e-01,-1.084906775995265971e+00,1.737394212441215169e+00
8.319444444444444864e-01,2.995000000000000000e+02,2.497047197192693233e-02,3.121501666426765298e-01,-1.071153307268715382e+00,1.745986982054572589e+00
8.326388888888889284e-01,2.997500000000000000e+02,2.423142918676102556e-02,3.133657106262797143e-01,-1.057268089970641922e+00,1.754819694734009561e+00
8.333333333333333703e-01,3.000000000000000000e+02,2.350207419067172621e-02,3.145874717927696906e-01,-1.043252749367826526e+00,1.763892484895924762e+00
8.340277777777778123e-01,3.002500000000000000e+02,2.278249676972376320e-02,3.158156168874722836e-01,-1.029108955635555267e+00,1.773205411509471086e+00
8.347222222222222543e-01,3.005000000000000000e+02,2.207278553472754798e-02,3.170503126703714813e-01,-1.014838423222925945e+00,1.782758457769193505e+00
8.354166666666666963e-01,3.007500000000000000e+02,2.137302789071917133e-02,3.182917258633798374e-01,-1.000442910204214941e+00,1.792551530787987124e+00
8.361111111111111382e-01,3.010000000000000000e+02,2.068331000689273627e-02,3.195400230974050904e-01,-9.859242176165138316e-01,1.802584461310513086e+00
8.368055555555555802e-01,3.012500000000000000e+02,2.000371678699988665e-02,3.207953708592221065e-01,-9.712841887839730459e-01,1.812857003447206461e+00
8.375000000000000222e-01,3.015000000000000000e+02,1.933433184022185017e-02,3.220579354381687409e-01,-9.565247086288076739e-01,1.823368834428997776e+00
8.381944444444444642e-01,3.017500000000000000e+02,1.867523745252550396e-02,3.233278828726766641e-01,-9.416477029693849365e-01,1.834119554382875217e+00
8.388888888888889062e-01,3.020000000000000000e+02,1.802651455850973194e-02,3.246053788966573594e-01,-9.266551378055565280e-01,1.845108686128393627e+00
8.395833333333333481e-01,3.022500000000000000e+02,1.738824271375406447e-02,3.258905888857508981e-01,-9.115490185915909871e-01,1.856335674995228224e+00
8.402777777777777901e-01,3.025000000000000000e+02,1.676050006767556069e-02,3.271836778034548088e-01,-8.963313894969228146e-01,1.867799888661912266e+00
8.409722222222222321e-01,3.027500000000000000e+02,1.614336333690363778e-02,3.284848101471524728e-01,-8.810043326549312770e-01,1.879500617015799957e+00
8.416666666666666741e-01,3.030000000000000000e+02,1.553690777917973546e-02,3.297941498940471505e-01,-8.655699674001143817e-01,1.891437072034404032e+00
8.423611111111111160e-01,3.032500000000000000e+02,1.494120716779218441e-02,3.311118604470240090e-01,-8.500304494938540900e-01,1.903608387688134451e+00
8.430555555555555580e-01,3.035000000000000000e+02,1.435633376655160061e-02,3.324381045804492563e-01,-8.343879703390916225e-01,1.916013619864561424e+00
8.437500000000000000e-01,3.037500000000000000e+02,1.378235830531549660e-02,3.337730443859280860e-01,-8.186447561841284637e-01,1.928651746314257398e+00
8.444444444444444420e-01,3.040000000000000000e+02,1.321934995606912841e-02,3.351168412180294820e-01,-8.028030673159117780e-01,1.941521666618271968e+00
8.451388888888888840e-01,3.042500000000000000e+02,1.266737630957211896e-02,3.364696556399954797e-01,-7.868651972430538155e-01,1.954622202177324297e+00
8.458333333333333259e-01,3.045000000000000000e+02,1.212650335257272824e-02,3.378316473694540356e-01,-7.708334718688247822e-01,1.967952096222750136e+00
8.465277777777777679e-01,3.047500000000000000e+02,1.159679544560249242e-02,3.392029752241434437e-01,-7.547102486544973177e-01,1.981510013849253404e+00
8.472222222222222099e-01,3.050000000000000000e+02,1.107831530135401817e-02,3.405837970676693360e-01,-7.384979157732628474e-01,1.995294542069508070e+00
8.479166666666666519e-01,3.052500000000000000e+02,1.057112396364964964e-02,3.419742697553044830e-01,-7.221988912550717510e-01,2.009304189890644743e+00
8.486111111111110938e-01,3.055000000000000000e+02,1.007528078700706438e-02,3.433745490798537081e-01,-7.058156221226109528e-01,2.023537388412643079e+00
8.493055555555555358e-01,3.057500000000000000e+02,9.590843416807780936e-03,3.447847897175912446e-01,-6.893505835188179498e-01,2.037992490948667967e+00
8.499999999999999778e-01,3.060000000000000000e+02,9.117867770075211917e-03,3.462051451742885200e-01,-6.728062778261933996e-01,2.052667773167350163e+00
8.506944444444445308e-01,3.062500000000000568e+02,8.656408016864966873e-03,3.476357677313532957e-01,-6.561852337781561850e-01,2.067561433257040449e+00
8.513888888888889728e-01,3.065000000000000568e+02,8.206516562278056218e-03,3.490768083920841591e-01,-6.394900055628788271e-01,2.082671592112007808e+00
8.520833333333334147e-01,3.067500000000000568e+02,7.768244029096174792e-03,3.505284168280677903e-01,-6.227231719197588999e-01,2.097996293540621338e+00
8.527777777777778567e-01,3.070000000000000000e+02,7.341639241048020584e-03,3.519907413257241102e-01,-6.058873352289871894e-01,2.113533504495496818e+00
8.534722222222222987e-01,3.072500000000000000e+02,6.926749206711001888e-03,3.534639287330199053e-01,-5.889851205944162116e-01,2.129281115325538210e+00
8.541666666666667407e-01,3.075000000000000000e+02,6.523619104050232438e-03,3.549481244063678598e-01,-5.720191749200803644e-01,2.145236940049963348e+00
8.548611111111111827e-01,3.077500000000000000e+02,6.132292265602089926e-03,3.564434721577199872e-01,-5.549921659806877905e-01,2.161398716654157948e+00
8.555555555555556246e-01,3.080000000000000000e+02,5.752810164305712827e-03,3.579501142018741700e-01,-5.379067814864462171e-01,2.177764107407443195e+00
8.562500000000000666e-01,3.082500000000000000e+02,5.385212399984654237e-03,3.594681911040130129e-01,-5.207657281424038498e-01,2.194330699202613033e+00
8.569444444444445086e-01,3.085000000000000000e+02,5.029536686484143218e-03,3.609978417274815055e-01,-5.035717307028132472e-01,2.211096003917293107e+00
8.576388888888889506e-01,3.087500000000000000e+02,4.685818839466970344e-03,3.625392031818240324e-01,-4.863275310207037516e-01,2.228057458796965484e+00
8.583333333333333925e-01,3.090000000000000000e+02,4.354092764870228296e-03,3.640924107710981072e-01,-4.690358870930171342e-01,2.245212426859711119e+00
8.590277777777778345e-01,3.092500000000000000e+02,4.034390448027088197e-03,3.656575979424728229e-01,-4.516995721016687226e-01,2.262558197322489750e+00
8.597222222222222765e-01,3.095000000000000000e+02,3.726741943456333885e-03,3.672348962351326684e-01,-4.343213734508268309e-01,2.280091986048999875e+00
8.604166666666667185e-01,3.097500000000000000e+02,3.431175365319706627e-03,3.688244352294985373e-01,-4.169040918007639318e-01,2.297810936018944261e+00
8.611111111111111605e-01,3.100000000000000000e+02,3.147716878554522157e-03,3.704263424967851881e-01,-3.994505400985220445e-01,2.315712117818667259e+00
8.618055555555556024e-01,3.102500000000000000e+02,2.876390690677178147e-03,3.720407435489026526e-01,-3.819635426058735073e-01,2.333792530153090183e+00
8.625000000000000444e-01,3.105000000000000000e+02,2.617219044264050814e-03,3.736677617887227409e-01,-3.644459339247684837e-01,2.352049100378772906e+00
8.631944444444444864e-01,3.107500000000000000e+02,2.370222210110894349e-03,3.753075184607235215e-01,-3.469005580206496187e-01,2.370478685058113655e+00
8.638888888888889284e-01,3.110000000000000000e+02,2.135418481068625078e-03,3.769601326020248777e-01,-3.293302672439706869e-01,2.389078070534442766e+00
8.645833333333333703e-01,3.112500000000000000e+02,1.912824166561743382e-03,3.786257209938310719e-01,-3.117379213502500246e-01,2.407843973528037029e+00
8.652777777777778123e-01,3.115000000000000000e+02,1.702453587785658726e-03,3.803043981132931961e-01,-2.941263865189735482e-01,2.426773041752793514e+00
8.659722222222222543e-01,3.117500000000000000e+02,1.504319073587261557e-03,3.819962760858099937e-01,-2.764985343716651056e-01,2.445861854553576187e+00
8.666666666666666963e-01,3.120000000000000000e+02,1.318430957026617018e-03,3.837014646377761018e-01,-2.588572409894819293e-01,2.465106923563962216e+00
8.673611111111111382e-01,3.122500000000000000e+02,1.144797572620389172e-03,3.854200710497928117e-01,-2.412053859306978465e-01,2.484504693384382179e+00
8.680555555555555802e-01,3.125000000000000000e+02,9.834252542695175615e-04,3.871522001103612776e-01,-2.235458512482678961e-01,2.504051542280384623e+00
8.687500000000000222e-01,3.127500000000000000e+02,8.343183338671107327e-04,3.888979540700632787e-01,-2.058815205079913835e-01,2.523743782900999211e+00
8.694444444444444642e-01,3.130000000000000000e+02,6.974791405884717263e-04,3.906574325962500760e-01,-1.882152778074355493e-01,2.543577663016902246e+00
8.701388888888889062e-01,3.132500000000000000e+02,5.729080008621994288e-04,3.924307327282484104e-01,-1.705500067960857291e-01,2.563549366278369490e+00
8.708333333333333481e-01,3.135000000000000000e+02,4.606032390216069990e-04,3.942179488331035153e-01,-1.528885896969048586e-01,2.583655012992722710e+00
8.715277777777777901e-01,3.137500000000000000e+02,3.605611786340372693e-04,3.960191725618661396e-01,-1.352339063297593458e-01,2.603890660921159839e+00
8.722222222222222321e-01,3.140000000000000000e+02,2.727761445080747419e-04,3.978344928064375119e-01,-1.175888331369966677e-01,2.624252306094794651e+00
8.729166666666666741e-01,3.142500000000000000e+02,1.972404653777974442e-04,3.996639956569935093e-01,-9.995624221141360954e-02,2.644735883649662167e+00
8.736111111111111160e-01,3.145000000000000000e+02,1.339444772582176096e-04,4.015077643599896384e-01,-8.233900032709438876e-02,2.665337268680588068e+00
8.743055555555555580e-01,3.147500000000000000e+02,8.287652747634965120e-05,4.033658792767687573e-01,-6.473996797329209518e-02,2.686052277113609499e+00
8.750000000000000000e-01,3.150000000000000000e+02,4.402297936812103155e-05,4.052384178427778094e-01,-4.716199839180597320e-02,2.706876666596873537e+00
8.756944444444444420e-01,3.152500000000000000e+02,1.736821764662350249e-05,4.071254545274148873e-01,-2.960793661801883192e-02,2.727806137409678477e+00
8.763888888888888840e-01,3.155000000000000000e+02,2.894654431264547847e-06,4.090270607945082904e-01,-1.208061852608469100e-02,2.748836333389564235e+00
8.770833333333333259e-01,3.157500000000000000e+02,5.827359407948141917e-07,4.109433050634481166e-01,5.417130121537575178e-03,2.769962842877102371e+00
8.777777777777777679e-01,3.160000000000000000e+02,1.041094984325140721e-05,4.128742526709806571e-01,2.288249461986449629e-02,2.791181199678315128e+00
8.784722222222222099e-01,3.162500000000000000e+02,3.235583326301885785e-05,4.148199658336762519e-01,4.031267226214029636e-02,2.812486884044324231e+00
8.791666666666666519e-01,3.165000000000000000e+02,6.639198143628247172e-05,4.167805036110831529e-01,5.770487327526831189e-02,2.833875323668156643e+00
8.798611111111110938e-01,3.167500000000000000e+02,1.124920570174966469e-04,4.187559218695789398e-01,7.505632174961340830e-02,2.855341894698316896e+00
8.805555555555555358e-01,3.170000000000000000e+02,1.706268000273361020e-04,4.207462732469346434e-01,9.236425656289132258e-02,2.876881922769023880e+00
8.812500000000000888e-01,3.172500000000000568e+02,2.407650384399610019e-04,4.227516071175964618e-01,1.096259322977895800e-01,2.898490684046751475e+00
8.819444444444445308e-01,3.175000000000000568e+02,3.228736994076294108e-04,4.247719695587005018e-01,1.268386201530574686e-01,2.920163406292821229e+00
8.826388888888889728e-01,3.177500000000000568e+02,4.169178211123176180e-04,4.268074033168329784e-01,1.439996088477485670e-01,2.941895269941923186e+00
8.833333333333334147e-01,3.180000000000000568e+02,5.228605652453569138e-04,4.288579477755430913e-01,1.611062055183499209e-01,2.963681409196109229e+00
8.840277777777778567e-01,3.182500000000000000e+02,6.406632301068664785e-04,4.309236389236217879e-01,1.781557366084533800e-01,2.985516913134093731e+00
8.847222222222222987e-01,3.185000000000000000e+02,7.702852643195349028e-04,4.330045093241536303e-01,1.951455487506848496e-01,3.007396826835612380e+00
8.854166666666667407e-01,3.187500000000000000e+02,9.116842811533709375e-04,4.351005880843593077e-01,2.120730096406841791e-01,3.029316152520461713e+00
8.861111111111111827e-01,3.190000000000000000e+02,1.064816073452951300e-03,4.372119008262300155e-01,2.289355089027154122e-01,3.051269850702043929e+00
8.868055555555556246e-01,3.192500000000000000e+02,1.229634629165097474e-03,4.393384696579696325e-01,2.457304589467457778e-01,3.073252841355023524e+00
8.875000000000000666e-01,3.195000000000000000e+02,1.406092147455429873e-03,4.414803131462512464e-01,2.624552958166120331e-01,3.095260005096909683e+00
8.881944444444445086e-01,3.197500000000000000e+02,1.594139055414812338e-03,4.436374462893021287e-01,2.791074800291155622e-01,3.117286184383154524e+00
8.888888888888889506e-01,3.200000000000000000e+02,1.793724025341005782e-03,4.458098804908200430e-01,2.956844974036415552e-01,3.139326184715589108e+00
8.895833333333333925e-01,3.202500000000000000e+02,2.004793992597148078e-03,4.479976235347326585e-01,3.121838598821192745e-01,3.161374775863742492e+00
8.902777777777778345e-01,3.205000000000000000e+02,2.227294174032382144e-03,4.502006795608146095e-01,3.286031063390482121e-01,3.183426693098915461e+00
8.909722222222222765e-01,3.207500000000000000e+02,2.461168086964883334e-03,4.524190490411598153e-01,3.449398033812872133e-01,3.205476638440499126e+00
8.916666666666667185e-01,3.210000000000000000e+02,2.706357568714077948e-03,4.546527287575275467e-01,3.611915461373833569e-01,3.227519281914405180e+00
8.923611111111111605e-01,3.212500000000000000e+02,2.962802796678965043e-03,4.569017117795634575e-01,3.773559590361583171e-01,3.249549262823113960e+00
8.930555555555556024e-01,3.215000000000000000e+02,3.230442308952317758e-03,4.591659874439098510e-01,3.934306965743422091e-01,3.271561191027184456e+00
8.937500000000000444e-01,3.217500000000000000e+02,3.509213025464748541e-03,4.614455413342080647e-01,4.094134440729491065e-01,3.293549648237755978e+00
8.944444444444444864e-01,3.220000000000000000e+02,3.799050269649518856e-03,4.637403552620000258e-01,4.253019184221842885e-01,3.315509189319759908e+00
8.951388888888889284e-01,3.222500000000000000e+02,4.099887790620928077e-03,4.660504072485433524e-01,4.410938688146545661e-01,3.337434343605574671e+00
8.958333333333333703e-01,3.225000000000000000e+02,4.411657785858365613e-03,4.683756715075376165e-01,4.567870774666068501e-01,3.359319616218638949e+00
8.965277777777778123e-01,3.227500000000000000e+02,4.734290924385022026e-03,4.707161184287761424e-01,4.723793603269925145e-01,3.381159489406836638e+00
8.972222222222222543e-01,3.230000000000000000e+02,5.067716370436740198e-03,4.730717145627238440e-01,4.878685677741105842e-01,3.402948423885161944e+00
8.979166666666666963e-01,3.232500000000000000e+02,5.411861807609481476e-03,4.754424226060355863e-01,5.032525852996356797e-01,3.424680860187459874e+00
8.986111111111111382e-01,3.235000000000000000e+02,5.766653463477963530e-03,4.778282013880118528e-01,5.185293341797745370e-01,3.446351220026745654e+00
8.993055555555555802e-01,3.237500000000000000e+02,6.132016134673306910e-03,4.802290058580021004e-01,5.336967721333382153e-01,3.467953907663884561e+00
9.000000000000000222e-01,3.240000000000000000e+02,6.507873212418124713e-03,4.826447870737653467e-01,5.487528939665775596e-01,3.489483311284147238e+00
9.006944444444444642e-01,3.242500000000000000e+02,6.894146708498678430e-03,4.850754921907854400e-01,5.636957322044833241e-01,3.510933804381404677e+00
9.013888888888889062e-01,3.245000000000000000e+02,7.290757281676183386e-03,4.875210644525517223e-01,5.785233577084309964e-01,3.532299747149470814e+00
9.020833333333333481e-01,3.247500000000000000e+02,7.697624264517466224e-03,4.899814431818063643e-01,5.932338802799089761e-01,3.553575487880356487e+00
9.027777777777777901e-01,3.250000000000000000e+02,8.114665690644092336e-03,4.924565637727695844e-01,6.078254492502096484e-01,3.574755364368945809e+00
9.034722222222222321e-01,3.252500000000000000e+02,8.541798322383657716e-03,4.949463576843378676e-01,6.222962540558230060e-01,3.595833705323829843e+00
9.041666666666666741e-01,3.255000000000000000e+02,8.978937678815232526e-03,4.974507524342643427e-01,6.366445247993813839e-01,3.616804831783850815e+00
9.048611111111111160e-01,3.257500000000000000e+02,9.425998064202393070e-03,4.999696715943282577e-01,6.508685327960135325e-01,3.637663058539996719e+00
9.055555555555555580e-01,3.260000000000000000e+02,9.882892596796453294e-03,5.025030347864907210e-01,6.649665911048604494e-01,3.658402695562329221e+00
9.062500000000000000e-01,3.262500000000000000e+02,1.034953323800710638e-02,5.050507576800428167e-01,6.789370550456537146e-01,3.679018049431451498e+00
9.069444444444444420e-01,3.265000000000000000e+02,1.082583082192294967e-02,5.076127519897499774e-01,6.927783227001437227e-01,3.699503424774269078e+00
9.076388888888888840e-01,3.267500000000000000e+02,1.131169508517978518e-02,5.101889254749965019e-01,7.064888353982730074e-01,3.719853125703537877e+00
9.083333333333333259e-01,3.270000000000000000e+02,1.180703469715677426e-02,5.127791819399285522e-01,7.200670781888859340e-01,3.740061457260923206e+00
9.090277777777777679e-01,3.272500000000000000e+02,1.231175729049505466e-02,5.153834212345992372e-01,7.335115802948559693e-01,3.760122726863077247e+00
9.097222222222222099e-01,3.275000000000000000e+02,1.282576949192961412e-02,5.180015392571244437e-01,7.468209155525098453e-01,3.780031245750473445e+00
9.104166666666666519e-01,3.277500000000000000e+02,1.334897695341752746e-02,5.206334279568395340e-01,7.599937028351656521e-01,3.799781330438473770e+00
9.111111111111110938e-01,3.280000000000000000e+02,1.388128438355608167e-02,5.232789753384677889e-01,7.730286064606903818e-01,3.819367304170369959e+00
9.118055555555555358e-01,3.282500000000000000e+02,1.442259557927870993e-02,5.259380654672957123e-01,7.859243365829210459e-01,3.838783498371881819e+00
9.125000000000000888e-01,3.285000000000000568e+02,1.497281345781705832e-02,5.286105784753648562e-01,7.986796495668855300e-01,3.858024254106867001e+00
9.131944444444445308e-01,3.287500000000000568e+02,1.553184008891629608e-02,5.312963905686652888e-01,8.112933483476169050e-01,3.877083923533681364e+00
9.138888888888889728e-01,3.290000000000000568e+02,1.609957672729750780e-02,5.339953740353503564e-01,8.237642827725539796e-01,3.895956871361961671e+00
9.145833333333334147e-01,3.292500000000000568e+02,1.667592384534708275e-02,5.367073972549558647e-01,8.360913499273342486e-01,3.914637476309325681e+00
9.152777777777778567e-01,3.295000000000000000e+02,1.726078116603150733e-02,5.394323247086355577e-01,8.482734944449565884e-01,3.933120132557641480e+00
9.159722222222222987e-01,3.297500000000000000e+02,1.785404769601879257e-02,5.421700169904042355e-01,8.603097087981590452e-01,3.951399251208452146e+00
9.166666666666667407e-01,3.300000000000000000e+02,1.845562175899467111e-02,5.449203308193921735e-01,8.721990335749629786e-01,3.969469261737203603e+00
9.173611111111111827e-01,3.302500000000000000e+02,1.906540102917019669e-02,5.476831190531108451e-01,8.839405577372950740e-01,3.987324613445810684e+00
9.180555555555556246e-01,3.305000000000000000e+02,1.968328256495710873e-02,5.504582307017242826e-01,8.955334188626027370e-01,4.004959776913257663e+00
9.187500000000000666e-01,3.307500000000000000e+02,2.030916284280944936e-02,5.532455109433278562e-01,9.069768033683963671e-01,4.022369245443731423e+00
9.194444444444445086e-01,3.310000000000000000e+02,2.094293779121061613e-02,5.560448011402305823e-01,9.182699467196543397e-01,4.039547536512005266e+00
9.201388888888889506e-01,3.312500000000000000e+02,2.158450282480443502e-02,5.588559388562432950e-01,9.294121336190442895e-01,4.056489193205583987e+00
9.208333333333333925e-01,3.315000000000000000e+02,2.223375287864667524e-02,5.616787578749642407e-01,9.404026981798863094e-01,4.073188785663294453e+00
9.215277777777778345e-01,3.317500000000000000e+02,2.289058244257380012e-02,5.645130882190608768e-01,9.512410240818184315e-01,4.089640912509850956e+00
9.222222222222222765e-01,3.320000000000000000e+02,2.355488559567324447e-02,5.673587561705527582e-01,9.619265447091455146e-01,4.105840202286099583e+00
9.229166666666667185e-01,3.322500000000000000e+02,2.422655604084347422e-02,5.702155842920784146e-01,9.724587432717933799e-01,4.121781314874429114e+00
9.236111111111111605e-01,3.325000000000000000e+02,2.490548713943206358e-02,5.730833914491556547e-01,9.828371529088819614e-01,4.137458942919099769e+00
9.243055555555556024e-01,3.327500000000000000e+02,2.559157194593913651e-02,5.759619928334224204e-01,9.930613567748530768e-01,4.152867813240944450e+00
9.250000000000000444e-01,3.330000000000000000e+02,2.628470324277594125e-02,5.788511999868627411e-01,1.003130988108184241e+00,4.168002688246214227e+00
9.256944444444444864e-01,3.332500000000000000e+02,2.698477357506375365e-02,5.817508208270047998e-01,1.013045730282618795e+00,4.182858367329043148e+00
9.263888888888889284e-01,3.335000000000000000e+02,2.769167528546276694e-02,5.846606596730906658e-01,1.022805316840945666e+00,4.197429688267218850e+00
9.270833333333333703e-01,3.337500000000000000e+02,2.840530054901834606e-02,5.875805172732168069e-01,1.032409531511328193e+00,4.211711528610883271e+00
9.277777777777778123e-01,3.340000000000000000e+02,2.912554140801353053e-02,5.905101908324321691e-01,1.041858208206154046e+00,4.225698807063722917e+00
9.284722222222222543e-01,3.342500000000000000e+02,2.985228980681205874e-02,5.934494740417954883e-01,1.051151231003462083e+00,4.239386484856329851e+00
9.291666666666666963e-01,3.345000000000000000e+02,3.058543762668534255e-02,5.963981571083796229e-01,1.060288534110915615e+00,4.252769567111292837e+00
9.298611111111111382e-01,3.347500000000000000e+02,3.132487672060652734e-02,5.993560267862277913e-01,1.069270101812397344e+00,4.265843104199726454e+00
9.305555555555555802e-01,3.350000000000000000e+02,3.207049894800341472e-02,6.023228664082410644e-01,1.078095968397196680e+00,4.278602193088732797e+00
9.312500000000000222e-01,3.352500000000000000e+02,3.282219620945222432e-02,6.052984559190037750e-01,1.086766218071878898e+00,4.291041978679576374e+00
9.319444444444444642e-01,3.355000000000000000e+02,3.357986048130948836e-02,6.082825719085318550e-01,1.095280984854827055e+00,4.303157655136058857e+00
9.326388888888889062e-01,3.357500000000000000e+02,3.434338385026046436e-02,6.112749876469426580e-01,1.103640452453549914e+00,4.314944467202834311e+00
9.333333333333333481e-01,3.360000000000000000e+02,3.511265854777885498e-02,6.142754731200338325e-01,1.111844854124753867e+00,4.326397711513213729e+00
9.340277777777777901e-01,3.362500000000000000e+02,3.588757698448032801e-02,6.172837950657683592e-01,1.119894472517292794e+00,4.337512737886162206e+00
9.347222222222222321e-01,3.365000000000000000e+02,3.666803178436614519e-02,6.202997170116566483e-01,1.127789639498007812e+00,4.348284950612071320e+00
9.354166666666666741e-01,3.367500000000000000e+02,3.745391581893483396e-02,6.233229993130278146e-01,1.135530735960565973e+00,4.358709809726992290e+00
9.361111111111111160e-01,3.370000000000000000e+02,3.824512224115732967e-02,6.263533991921783617e-01,1.143118191617340962e+00,4.368782832274939132e+00
9.368055555555555580e-01,3.372500000000000000e+02,3.904154451930336861e-02,6.293906707783982757e-01,1.150552484774428841e+00,4.378499593557922509e+00
9.375000000000000000e-01,3.375000000000000000e+02,3.984307647060195134e-02,6.324345651488576525e-01,1.157834142089899432e+00,4.387855728373383890e+00
9.381944444444444420e-01,3.377500000000000000e+02,4.064961229473294108e-02,6.354848303703487522e-01,1.164963738315332398e+00,4.396846932238628547e+00
9.388888888888888840e-01,3.380000000000000000e+02,4.146104660712714163e-02,6.385412115418730439e-01,1.171941896020790574e+00,4.405468962601982952e+00
9.395833333333333259e-01,3.382500000000000000e+02,4.227727447207709627e-02,6.416034508380668022e-01,1.178769285303270076e+00,4.413717640040265344e+00
9.402777777777777679e-01,3.385000000000000000e+02,4.309819143563401594e-02,6.446712875534525988e-01,1.185446623478798811e+00,4.421588849442299463e+00
9.409722222222222099e-01,3.387500000000000000e+02,4.392369355828669442e-02,6.477444581475036989e-01,1.191974674758233155e+00,4.429078541178070871e+00
9.416666666666666519e-01,3.390000000000000000e+02,4.475367744741128723e-02,6.508226962905236945e-01,1.198354249906931734e+00,4.436182732253261207e+00
9.423611111111110938e-01,3.392500000000000000e+02,4.558804028947818082e-02,6.539057329103147298e-01,1.204586205888370065e+00,4.442897507448766881e+00
9.430555555555556468e-01,3.395000000000000568e+02,4.642667988200369078e-02,6.569932962396354270e-01,1.210671445491881881e+00,4.449219020444952655e+00
9.437500000000000888e-01,3.397500000000000568e+02,4.726949466524191235e-02,6.600851118644328608e-01,1.216610916944611542e+00,4.455143494930239534e+00
9.444444444444445308e-01,3.400000000000000568e+02,4.811638375359862663e-02,6.631809027728419181e-01,1.222405613507849598e+00,4.460667225693788041e+00
9.451388888888889728e-01,3.402500000000000568e+02,4.896724696676039296e-02,6.662803894049339481e-01,1.228056573057894063e+00,4.465786579701917169e+00
9.458333333333334147e-01,3.405000000000000568e+02,4.982198486052770436e-02,6.693832897032088169e-01,1.233564877651549097e+00,4.470497997157956149e+00
9.465277777777778567e-01,3.407500000000000000e+02,5.068049875733889043e-02,6.724893191638158241e-01,1.238931653076487338e+00,4.474797992545268777e+00
9.472222222222222987e-01,3.410000000000000000e+02,5.154269077648072905e-02,6.755981908884973741e-01,1.244158068386544302e+00,4.478683155653079062e+00
9.479166666666667407e-01,3.412500000000000000e+02,5.240846386396756651e-02,6.787096156372337541e-01,1.249245335422202841e+00,4.482150152584885028e+00
9.486111111111111827e-01,3.415000000000000000e+02,5.327772182208241614e-02,6.818233018815836877e-01,1.254194708316367146e+00,4.485195726749099165e+00
9.493055555555556246e-01,3.417500000000000000e+02,5.415036933857340917e-02,6.849389558587084537e-01,1.259007482985618820e+00,4.487816699831678413e+00
9.500000000000000666e-01,3.420000000000000000e+02,5.502631201548702222e-02,6.880562816260635817e-01,1.263684996607173927e+00,4.490009972750460321e+00
9.506944444444445086e-01,3.422500000000000000e+02,5.590545639763758873e-02,6.911749811167461344e-01,1.268228627081651405e+00,4.491772526590878556e+00
9.513888888888889506e-01,3.425000000000000000e+02,5.678771000069445657e-02,6.942947541954859192e-01,1.272639792481922605e+00,4.493101423522882776e+00
9.520833333333333925e-01,3.427500000000000000e+02,5.767298133888656975e-02,6.974152987152687500e-01,1.276919950488152988e+00,4.493993807698686282e+00
9.527777777777778345e-01,3.430000000000000000e+02,5.856117995230619017e-02,7.005363105745736618e-01,1.281070597809315981e+00,4.494446906131168262e+00
9.534722222222222765e-01,3.432500000000000000e+02,5.945221643380696475e-02,7.036574837752127554e-01,1.285093269591305321e+00,4.494458029552636624e+00
9.541666666666667185e-01,3.435000000000000000e+02,6.034600245548797648e-02,7.067785104807654539e-01,1.288989538811918356e+00,4.494024573253702748e+00
9.548611111111111605e-01,3.437500000000000000e+02,6.124245079475171966e-02,7.098990810755819725e-01,1.292761015662859059e+00,4.493144017902023002e+00
9.555555555555556024e-01,3.440000000000000000e+02,6.214147535992894239e-02,7.130188842243544434e-01,1.296409346919042971e+00,4.491813930340680550e+00
9.562500000000000444e-01,3.442500000000000000e+02,6.304299121545985096e-02,7.161376069322273885e-01,1.299936215295351971e+00,4.490031964365960526e+00
9.569444444444444864e-01,3.445000000000000000e+02,6.394691460662733917e-02,7.192549346054515347e-01,1.303343338791132844e+00,4.487795861484286775e+00
9.576388888888889284e-01,3.447500000000000000e+02,6.485316298382823308e-02,7.223705511125467771e-01,1.306632470022596415e+00,4.485103451648106088e+00
9.583333333333333703e-01,3.450000000000000000e+02,6.576165502637666693e-02,7.254841388459727369e-01,1.309805395543428119e+00,4.481952653970503242e+00
9.590277777777778123e-01,3.452500000000000000e+02,6.667231066583385879e-02,7.285953787842897045e-01,1.312863935153766537e+00,4.478341477418313232e+00
9.597222222222222543e-01,3.455000000000000000e+02,6.758505110885261458e-02,7.317039505547897615e-01,1.315809941197833233e+00,4.474268021483560176e+00
9.604166666666666963e-01,3.457500000000000000e+02,6.849979885952812986e-02,7.348095324965875363e-01,1.318645297850478570e+00,4.469730476832987520e+00
9.611111111111111382e-01,3.460000000000000000e+02,6.941647774125515868e-02,7.379118017241576011e-01,1.321371920392812482e+00,4.464727125935499252e+00
9.618055555555555802e-01,3.462500000000000000e+02,7.033501291807231492e-02,7.410104341912960857e-01,1.323991754477266136e+00,4.459256343667327371e+00
9.625000000000000222e-01,3.465000000000000000e+02,7.125533091549650366e-02,7.441051047554960718e-01,1.326506775382252590e+00,4.453316597894728446e+00
9.631944444444444642e-01,3.467500000000000000e+02,7.217735964083309141e-02,7.471954872427185590e-01,1.328918987256764384e+00,4.446906450034062708e+00
9.638888888888889062e-01,3.470000000000000000e+02,7.310102840296234250e-02,7.502812545125481236e-01,1.331230422355076604e+00,4.440024555589018540e+00
9.645833333333333481e-01,3.472500000000000000e+02,7.402626793158652296e-02,7.533620785237107320e-01,1.333443140261921345e+00,4.432669664664906861e+00
9.652777777777777901e-01,3.475000000000000000e+02,7.495301039593757486e-02,7.564376303999379436e-01,1.335559227108308766e+00,4.424840622459793593e+00
9.659722222222222321e-01,3.477500000000000000e+02,7.588118942293851921e-02,7.595075804961725074e-01,1.337580794778335358e+00,4.416536369732346756e+00
9.666666666666666741e-01,3.480000000000000000e+02,7.681074011480872044e-02,7.625715984650814905e-01,1.339509980107193243e+00,4.407755943246249863e+00
9.673611111111111160e-01,3.482500000000000000e+02,7.774159906611005644e-02,7.656293533238767157e-01,1.341348944070720917e+00,4.398498476191043061e+00
9.680555555555555580e-01,3.485000000000000000e+02,7.867370438022711077e-02,7.686805135214126450e-01,1.343099870966708131e+00,4.388763198579255231e+00
9.687500000000000000e-01,3.487500000000000000e+02,7.960699568527740411e-02,7.717247470055602632e-01,1.344764967588286675e+00,4.378549437619682294e+00
9.694444444444444420e-01,3.490000000000000000e+02,8.054141414944383792e-02,7.747617212908254336e-01,1.346346462389666598e+00,4.367856618066728203e+00
9.701388888888888840e-01,3.492500000000000000e+02,8.147690249572332732e-02,7.777911035261994011e-01,1.347846604644506785e+00,4.356684262545663877e+00
9.708333333333333259e-01,3.495000000000000000e+02,8.241340501609356606e-02,7.808125605632374455e-01,1.349267663597228051e+00,4.345031991853694819e+00
9.715277777777777679e-01,3.497500000000000000e+02,8.335086758508251925e-02,7.838257590243258299e-01,1.350611927607516805e+00,4.332899525236753924e+00
9.722222222222222099e-01,3.500000000000000000e+02,8.428923767274550116e-02,7.868303653711414825e-01,1.351881703288382308e+00,4.320286680641912902e+00
9.729166666666666519e-01,3.502500000000000000e+02,8.522846435703841650e-02,7.898260459732716621e-01,1.353079314637983144e+00,4.307193374945331499e+00
9.736111111111110938e-01,3.505000000000000000e+02,8.616849833558903882e-02,7.928124671769904985e-01,1.354207102165593035e+00,4.293619624155633474e+00
9.743055555555556468e-01,3.507500000000000568e+02,8.710929193685798544e-02,7.957892953741619868e-01,1.355267422011940281e+00,4.279565543592684485e+00
9.750000000000000888e-01,3.510000000000000568e+02,8.805079913068562802e-02,7.987561970712614423e-01,1.356262645064291172e+00,4.265031348041655512e+00
9.756944444444445308e-01,3.512500000000000568e+02,8.899297553822473061e-02,8.017128389584950998e-01,1.357195156066538066e+00,4.250017351882339867e+00
9.763888888888889728e-01,3.515000000000000568e+02,8.993577844125333343e-02,8.046588879790016469e-01,1.358067352724567911e+00,4.234523969193642934e+00
9.770833333333334147e-01,3.517500000000000568e+02,9.087916679086344152e-02,8.075940113981158186e-01,1.358881644807320654e+00,4.218551713833224248e+00
9.777777777777778567e-01,3.520000000000000000e+02,9.182310121552550441e-02,8.105178768726800653e-01,1.359640453243715630e+00,4.202101199492227046e+00
9.784722222222222987e-01,3.522500000000000000e+02,9.276754402852251113e-02,8.134301525203840866e-01,1.360346209215889335e+00,4.185173139725075764e+00
9.791666666666667407e-01,3.525000000000000000e+02,9.371245923475586548e-02,8.163305069891192423e-01,1.361001353248908252e+00,4.167768347954293517e+00
9.798611111111111827e-01,3.527500000000000000e+02,9.465781253691572805e-02,8.192186095263253032e-01,1.361608334297424339e+00,4.149887737450331571e+00
9.805555555555556246e-01,3.530000000000000000e+02,9.560357134101700460e-02,8.220941300483134428e-01,1.362169608829469247e+00,4.131532321286413456e+00
9.812500000000000666e-01,3.532500000000000000e+02,9.654970476129845491e-02,8.249567392095524809e-01,1.362687639907730563e+00,4.112703212268328912e+00
9.819444444444445086e-01,3.535000000000000000e+02,9.749618362448253528e-02,8.278061084718972840e-01,1.363164896268684645e+00,4.093401622839240694e+00
9.826388888888889506e-01,3.537500000000000000e+02,9.844298047339464230e-02,8.306419101737361199e-01,1.363603851399806111e+00,4.073628864959488283e+00
9.833333333333333925e-01,3.540000000000000000e+02,9.939006956994222985e-02,8.334638175990569664e-01,1.364006982615253660e+00,4.053386349961348500e+00
9.840277777777778345e-01,3.542500000000000000e+02,1.003374268974511763e-01,8.362715050463939148e-01,1.364376770130281136e+00,4.032675588378869413e+00
9.847222222222222765e-01,3.545000000000000000e+02,1.012850301623580973e-01,8.390646478976536704e-01,1.364715696134765066e+00,4.011498189752713550e+00
9.854166666666667185e-01,3.547500000000000000e+02,1.022328587952594792e-01,8.418429226867910620e-01,1.365026243866087841e+00,3.989855862410115250e+00
9.861111111111111605e-01,3.550000000000000000e+02,1.031808939513180895e-01,8.446060071683332282e-01,1.365310896681759756e+00,3.967750413219905958e+00
9.868055555555556024e-01,3.552500000000000000e+02,1.041291185100241407e-01,8.473535803857141779e-01,1.365572137132039954e+00,3.945183747322753565e+00
9.875000000000000444e-01,3.555000000000000000e+02,1.050775170743116632e-01,8.500853227394196132e-01,1.365812446032961480e+00,3.922157867836591372e+00
9.881944444444444864e-01,3.557500000000000000e+02,1.060260759690339893e-01,8.528009160549182566e-01,1.366034301539945206e+00,3.898674875537326390e+00
9.888888888888889284e-01,3.560000000000000000e+02,1.069747832387943492e-01,8.555000436503612526e-01,1.366240178222473567e+00,3.874736968514888691e+00
9.895833333333333703e-01,3.562500000000000000e+02,1.079236286451339677e-01,8.581823904040348783e-01,1.366432546140003534e+00,3.850346441804706199e+00
9.902777777777778123e-01,3.565000000000000000e+02,1.088726036630799365e-01,8.608476428215472431e-01,1.366613869919557134e+00,3.825505686994675081e+00
9.909722222222222543e-01,3.567500000000000000e+02,1.098217014770541122e-01,8.634954891027386559e-01,1.366786607835197564e+00,3.800217191807677253e+00
9.916666666666666963e-01,3.570000000000000000e+02,1.107709169761409013e-01,8.661256192082861238e-01,1.366953210889771730e+00,3.774483539659825748e+00
9.923611111111111382e-01,3.572500000000000000e+02,1.117202467487201090e-01,8.687377249259987666e-01,1.367116121899258907e+00,3.748307409194444606e+00
9.930555555555555802e-01,3.575000000000000000e+02,1.126696890764650599e-01,8.713314999367787195e-01,1.367277774579929384e+00,3.721691573791939600e+00
9.937500000000000222e-01,3.577500000000000000e+02,1.136192439277064897e-01,8.739066398802334268e-01,1.367440592638773600e+00,3.694638901055660174e+00
9.944444444444444642e-01,3.580000000000000000e+02,1.145689129501678977e-01,8.764628424199232271e-01,1.367606988867376749e+00,3.667152352273882254e+00
9.951388888888889062e-01,3.582500000000000000e+02,1.155186994630704594e-01,8.789998073082253560e-01,1.367779364239679163e+00,3.639234981858024298e+00
9.958333333333333481e-01,3.585000000000000000e+02,1.164686084486152851e-01,8.815172364508024883e-01,1.367960107013789894e+00,3.610889936757219587e+00
9.965277777777777901e-01,3.587500000000000000e+02,1.174186465428428278e-01,8.840148339706546121e-01,1.368151591838316250e+00,3.582120455849410856e+00
9.972222222222222321e-01,3.590000000000000000e+02,1.183688220258708040e-01,8.864923062717383617e-01,1.368356178863390449e+00,3.552929869309123134e+00
9.979166666666666741e-01,3.592500000000000000e+02,1.193191448115211023e-01,8.889493621021447023e-01,1.368576212856777552e+00,3.523321597951976969e+00
9.986111111111111160e-01,3.595000000000000000e+02,1.202696264363306150e-01,8.913857126168072131e-01,1.368814022325316904e+00,3.493299152556238685e+00
9.993055555555555580e-01,3.597500000000000000e+02,1.212202800479564024e-01,8.938010714397346401e-01,1.369071918642059238e+00,3.462866133161440541e+00
1.000000000000000000e+00,3.600000000000000000e+02,1.221711203929746192e-01,8.961951547257470674e-01,1.369352195179335041e+00,3.432026228344362551e+00
