motor_time_fraction,motor_angle_deg,source16_small,source16_large,mobile7_small,mobile7_large,source16_dsmall_dt,source16_dlarge_dt,mobile7_dsmall_dt,mobile7_dlarge_dt
0.000000000000000000e+00,0.000000000000000000e+00,1.679741504021792786e-01,9.893793721445750533e-01,2.418639786963569238e-01,9.400493164791378087e-01,2.091811071223600216e+00,-1.750524135956655236e+00,1.890913048308371369e+00,-2.866850926325384297e+00
3.472222222222222355e-04,1.250000000000000000e-01,1.687006660733738339e-01,9.887641010817566078e-01,2.425206211338711004e-01,9.390514069542035269e-01,2.092914444919945272e+00,-1.793334167298028081e+00,1.891346573029558664e+00,-2.881065325570898228e+00
6.944444444444444709e-04,2.500000000000000000e-01,1.694275599125848464e-01,9.881340727357423859e-01,2.431774132479448958e-01,9.380486062611882447e-01,2.093989318998929150e+00,-1.835526087167572262e+00,1.891775185293991690e+00,-2.895024054471686092e+00
1.041666666666666652e-03,3.750000000000000000e-01,1.701548220241116960e-01,9.874895017285700849e-01,2.438343533328648227e-01,9.370410031745177726e-01,2.095035693460550075e+00,-1.877099895565322196e+00,1.892198885101670447e+00,-2.908727113027743894e+00
1.388888888888888942e-03,5.000000000000000000e-01,1.708824425122544566e-01,9.868306026822791788e-01,2.444914396829164505e-01,9.360286864686163666e-01,2.096053568304809822e+00,-1.918055592491260786e+00,1.892617672452595379e+00,-2.922174501239081401e+00
1.736111111111111232e-03,6.250000000000000000e-01,1.716104114813123416e-01,9.861575902189084752e-01,2.451486705923854592e-01,9.350117449179099482e-01,2.097042943531707948e+00,-1.958393177945372043e+00,1.893031547346766041e+00,-2.935366219105695507e+00
2.083333333333333304e-03,7.500000000000000000e-01,1.723387190355845644e-01,9.854706789604967820e-01,2.458060443555580843e-01,9.339902672968237729e-01,2.098003819141243120e+00,-1.998112651927688166e+00,1.893440509784182657e+00,-2.948302266627579549e+00
2.430555555555555594e-03,8.750000000000000000e-01,1.730673552793712544e-01,9.847700835290825738e-01,2.464635592667198671e-01,9.329643423797826518e-01,2.098936195133417559e+00,-2.037214014438192500e+00,1.893844559764845004e+00,-2.960982643804742853e+00
2.777777777777777884e-03,1.000000000000000000e+00,1.737963103169716805e-01,9.840560185467055465e-01,2.471212136201565990e-01,9.319340589412119513e-01,2.099840071508229045e+00,-2.075697265476869724e+00,1.894243697288753081e+00,-2.973407350637182311e+00
3.125000000000000173e-03,1.125000000000000000e+00,1.745255742526850562e-01,9.833286986354036197e-01,2.477790057101545429e-01,9.308995057555375929e-01,2.100715448265678909e+00,-2.113562405043752701e+00,1.894637922355907333e+00,-2.985576387124891262e+00
3.472222222222222463e-03,1.250000000000000000e+00,1.752551371908114830e-01,9.825883384172158230e-01,2.484369338309992681e-01,9.298607715971838328e-01,2.101562325405766707e+00,-2.150809433138823668e+00,1.895027234966307539e+00,-2.997489753267880364e+00
3.819444444444444753e-03,1.375000000000000000e+00,1.759849892356502021e-01,9.818351525141811864e-01,2.490949962769763715e-01,9.288179452405762593e-01,2.102380702928492884e+00,-2.187438349762068412e+00,1.895411635119953475e+00,-3.009147449066144286e+00
4.166666666666666609e-03,1.500000000000000000e+00,1.767151204915004548e-01,9.810693555483384065e-01,2.497531913423722272e-01,9.277711154601410160e-01,2.103170580833856551e+00,-2.223449154913516690e+00,1.895791122816845364e+00,-3.020549474519679478e+00
4.513888888888889332e-03,1.625000000000000222e+00,1.774455210626623702e-01,9.802911621417261800e-01,2.504115173214723766e-01,9.267203710303016928e-01,2.103931959121859485e+00,-2.258841848593152957e+00,1.896165698056982984e+00,-3.031695829628493932e+00
4.861111111111111188e-03,1.750000000000000000e+00,1.781761810534351620e-01,9.795007869163838699e-01,2.510699725085625555e-01,9.256658007254853215e-01,2.104664837792499466e+00,-2.293616430800964778e+00,1.896535360840366558e+00,-3.042586514392579211e+00
5.208333333333333912e-03,1.875000000000000222e+00,1.789070905681180434e-01,9.786984444943496175e-01,2.517285551979289160e-01,9.246074933201154922e-01,2.105369216845777824e+00,-2.327772901536979244e+00,1.896900111166996528e+00,-3.053221528811943308e+00
5.555555555555555768e-03,2.000000000000000000e+00,1.796382397110111717e-01,9.778843494976625639e-01,2.523872636838573325e-01,9.235455375886183482e-01,2.106045096281694562e+00,-2.361311260801181700e+00,1.897259949036872007e+00,-3.063600872886584003e+00
5.902777777777777624e-03,2.125000000000000000e+00,1.803696185864133994e-01,9.770587165483619607e-01,2.530460962606330688e-01,9.224800223054189230e-01,2.106692476100248790e+00,-2.394231508593560598e+00,1.897614874449993216e+00,-3.073724546616498188e+00
6.250000000000000347e-03,2.250000000000000000e+00,1.811012172986249391e-01,9.762217602684857276e-01,2.537050512225428323e-01,9.214110362449432490e-01,2.107311356301441840e+00,-2.426533644914140808e+00,1.897964887406360601e+00,-3.083592550001684973e+00
6.597222222222222203e-03,2.375000000000000000e+00,1.818330259519450320e-01,9.753736952800731164e-01,2.543641268638716091e-01,9.203386681816151382e-01,2.107901736885272381e+00,-2.458217669762909452e+00,1.898309987905973495e+00,-3.093204883042149689e+00
6.944444444444444926e-03,2.500000000000000000e+00,1.825650346506727806e-01,9.745147362051633788e-01,2.550233214789060510e-01,9.192630068898614004e-01,2.108463617851740857e+00,-2.489283583139855427e+00,1.898650175948832564e+00,-3.102561545737886117e+00
7.291666666666666782e-03,2.625000000000000000e+00,1.832972334991084529e-01,9.736450976657947676e-01,2.556826333619315883e-01,9.181841411441058476e-01,2.108996999200847711e+00,-2.519731385045001826e+00,1.898985451534937363e+00,-3.111662538088901808e+00
7.638888888888889506e-03,2.750000000000000000e+00,1.840296126015512068e-01,9.727649942840059794e-01,2.563420608072337625e-01,9.171021597187744012e-01,2.109501880932592499e+00,-2.549561075478336658e+00,1.899315814664288338e+00,-3.120507860095192321e+00
7.986111111111112229e-03,2.875000000000000444e+00,1.847621620623002836e-01,9.718746406818365990e-01,2.570016021090992253e-01,9.160171513882927607e-01,2.109978263046975222e+00,-2.578772654439848822e+00,1.899641265336884821e+00,-3.129097511756754102e+00
8.333333333333333218e-03,3.000000000000000000e+00,1.854948719856558403e-01,9.709742514813246572e-01,2.576612555618131850e-01,9.149292049270852933e-01,2.110426145543996768e+00,-2.607366121929561409e+00,1.899961803552727480e+00,-3.137431493073595146e+00
8.680555555555555941e-03,3.125000000000000000e+00,1.862277324759170349e-01,9.700640413045096278e-01,2.583210194596615716e-01,9.138384091095774764e-01,2.110845528423656248e+00,-2.635341477947451327e+00,1.900277429311815869e+00,-3.145509804045710567e+00
9.027777777777778664e-03,3.250000000000000444e+00,1.869607336373831086e-01,9.691442247734297633e-01,2.589808920969305372e-01,9.127448527101952314e-01,2.111236411685953218e+00,-2.662698722493541226e+00,1.900588142614150211e+00,-3.153332444673098145e+00
9.374999999999999653e-03,3.375000000000000000e+00,1.876938655743542184e-01,9.682150165101242045e-01,2.596408717679057343e-01,9.116486245033630365e-01,2.111598795330888567e+00,-2.689437855567820002e+00,1.900893943459730506e+00,-3.160899414955764541e+00
9.722222222222222376e-03,3.500000000000000000e+00,1.884271183911296055e-01,9.672766311366319814e-01,2.603009567668728153e-01,9.105498132635063691e-01,2.111932679358461407e+00,-2.715558877170276553e+00,1.901194831848556532e+00,-3.168210714893706204e+00
1.006944444444444510e-02,3.625000000000000444e+00,1.891604821920084556e-01,9.663292832749912353e-01,2.609611453881179877e-01,9.094485077650510396e-01,2.112238063768673069e+00,-2.741061787300932640e+00,1.901490807780628733e+00,-3.175266344486918690e+00
1.041666666666666782e-02,3.750000000000000444e+00,1.898939470812909258e-01,9.653731875472412183e-01,2.616214359259269595e-01,9.083447967824211933e-01,2.112514948561522665e+00,-2.765946585959777604e+00,1.901781871255946887e+00,-3.182066303735410440e+00
1.076388888888888881e-02,3.875000000000000000e+00,1.906275031632762296e-01,9.644085585754209600e-01,2.622818266745853277e-01,9.072387690900428625e-01,2.112763333737010640e+00,-2.790213273146801232e+00,1.902068022274510106e+00,-3.188610592639177010e+00
1.111111111111111154e-02,4.000000000000000000e+00,1.913611405422636358e-01,9.634356109815688241e-01,2.629423159283795219e-01,9.061305134623414137e-01,2.112983219295135662e+00,-2.813861848862023507e+00,1.902349260836320166e+00,-3.194899211198216182e+00
1.145833333333333426e-02,4.125000000000000000e+00,1.920948493225531628e-01,9.624545593877239513e-01,2.636029019815949725e-01,9.050201186737416581e-01,2.113174605235899950e+00,-2.836892313105434660e+00,1.902625586941375957e+00,-3.200932159412531952e+00
1.180555555555555525e-02,4.250000000000000000e+00,1.928286196084441628e-01,9.614656184159253716e-01,2.642635831285173320e-01,9.039076734986687400e-01,2.113337491559301284e+00,-2.859304665877024920e+00,1.902897000589677035e+00,-3.206709437282124320e+00
1.215277777777777797e-02,4.375000000000000000e+00,1.935624415042357938e-01,9.604690026882113374e-01,2.649243576634329189e-01,9.027932667115486920e-01,2.113471878265341442e+00,-2.881098907176812940e+00,1.903163501781224509e+00,-3.212231044806988844e+00
1.250000000000000069e-02,4.500000000000000000e+00,1.942963051142281572e-01,9.594649268266207676e-01,2.655852238806274968e-01,9.016769870868056591e-01,2.113577765354019089e+00,-2.902275037004789837e+00,1.903425090516018159e+00,-3.217496981987130855e+00
1.284722222222222342e-02,4.625000000000000000e+00,1.950302005427205498e-01,9.584536054531933580e-01,2.662461800743865514e-01,9.005589233988662290e-01,2.113655152825335115e+00,-2.922833055360947174e+00,1.903681766794056873e+00,-3.222507248822546355e+00
1.319444444444444441e-02,4.750000000000000000e+00,1.957641178940121851e-01,9.574352531899664731e-01,2.669072245389963460e-01,8.994391644221541027e-01,2.113704040679289520e+00,-2.942772962245301382e+00,1.903933530615342207e+00,-3.227261845313238453e+00
1.354166666666666713e-02,4.875000000000000000e+00,1.964980472724031646e-01,9.564100846589800309e-01,2.675683555687426440e-01,8.983177989310955347e-01,2.113724428915881859e+00,-2.962094757657844468e+00,1.904180381979873049e+00,-3.231760771459205817e+00
1.388888888888888985e-02,5.000000000000000000e+00,1.972319787821923687e-01,9.553783144822728390e-01,2.682295714579109869e-01,8.971949157001156694e-01,2.113716317535112132e+00,-2.980798441598568882e+00,1.904422320887649400e+00,-3.236004027260447558e+00
1.423611111111111084e-02,5.125000000000000000e+00,1.979659025276800377e-01,9.543401572818829282e-01,2.688908705007876376e-01,8.960706035036399841e-01,2.113679706536980341e+00,-2.998884014067489279e+00,1.904659347338672370e+00,-3.239991612716963676e+00
1.458333333333333356e-02,5.250000000000000000e+00,1.986998086131653574e-01,9.532958276798496611e-01,2.695522509916580267e-01,8.949449511160929571e-01,2.113614595921486927e+00,-3.016351475064598553e+00,1.904891461332941072e+00,-3.243723527828756836e+00
1.493055555555555629e-02,5.375000000000000000e+00,1.994336871429474856e-01,9.522455402982121786e-01,2.702137112248085282e-01,8.938180473119008429e-01,2.113520985688631448e+00,-3.033200824589889155e+00,1.905118662870455282e+00,-3.247199772595822598e+00
1.527777777777777901e-02,5.500000000000000000e+00,2.001675282213266627e-01,9.511895097590087333e-01,2.708752494945246281e-01,8.926899808654876756e-01,2.113398875838413904e+00,-3.049432062643375740e+00,1.905340951951215889e+00,-3.250420347018166733e+00
1.562500000000000000e-02,5.625000000000000000e+00,2.009013219526020466e-01,9.501279506842781331e-01,2.715368640950919787e-01,8.915608405512795986e-01,2.113248266370834738e+00,-3.065045189225050759e+00,1.905558328575221783e+00,-3.253385251095784358e+00
1.597222222222222446e-02,5.750000000000000888e+00,2.016350584410728231e-01,9.490610776960599626e-01,2.721985533207970653e-01,8.904307151437019785e-01,2.113069157285893507e+00,-3.080040204334908882e+00,1.905770792742474296e+00,-3.256094484828676361e+00
1.631944444444444545e-02,5.875000000000000000e+00,2.023687277910392046e-01,9.479891054163920305e-01,2.728603154659253183e-01,8.892996934171794043e-01,2.112861548583589766e+00,-3.094417107972961212e+00,1.905978344452972317e+00,-3.258548048216844961e+00
1.666666666666666644e-02,6.000000000000000000e+00,2.031023201068003492e-01,9.469122484673140328e-01,2.735221488247623900e-01,8.881678641461373536e-01,2.112625440263924848e+00,-3.108175900139197090e+00,1.906180983706716070e+00,-3.260745941260287495e+00
1.701388888888889089e-02,6.125000000000000888e+00,2.038358254926555535e-01,9.458307214708639998e-01,2.741840516915946546e-01,8.870353161050015256e-01,2.112360832326897420e+00,-3.121316580833627174e+00,1.906378710503705998e+00,-3.262688163959004850e+00
1.736111111111111188e-02,6.250000000000000000e+00,2.045692340529049191e-01,9.447447390490809616e-01,2.748460223607077091e-01,8.859021380681966207e-01,2.112067724772508814e+00,-3.133839150056245693e+00,1.906571524843941656e+00,-3.264374716312998803e+00
1.770833333333333287e-02,6.375000000000000000e+00,2.053025358940810119e-01,9.436545158240040587e-01,2.755080591263869838e-01,8.847684188101478941e-01,2.111746243482676810e+00,-3.145743607807053532e+00,1.906759426727423490e+00,-3.265805598322267578e+00
1.805555555555555733e-02,6.500000000000000888e+00,2.060357220648976750e-01,9.425602664176725431e-01,2.761701602829190749e-01,8.836342471052812675e-01,2.111403136186491558e+00,-3.157029954086044921e+00,1.906942416154150832e+00,-3.266980809986811174e+00
1.840277777777777832e-02,6.625000000000000000e+00,2.067687860134912181e-01,9.414622054521241123e-01,2.768323241245895239e-01,8.824997117280212189e-01,2.111042243476333180e+00,-3.167698188893229183e+00,1.907120493124124350e+00,-3.267900351306629592e+00
1.874999999999999931e-02,6.750000000000000000e+00,2.075017215643705504e-01,9.403605475493985733e-01,2.774945489456838166e-01,8.813649014527931147e-01,2.110663565352200344e+00,-3.177748312228598770e+00,1.907293657637343598e+00,-3.268564222281723719e+00
1.909722222222222376e-02,6.875000000000000888e+00,2.082345225420443036e-01,9.392555073315341785e-01,2.781568330404884382e-01,8.802299050540228764e-01,2.110267101814094381e+00,-3.187180324092161232e+00,1.907461909693809021e+00,-3.268972422912092224e+00
1.944444444444444475e-02,7.000000000000000000e+00,2.089671827710221363e-01,9.381472994205695137e-01,2.788191747032889301e-01,8.790948113061348712e-01,2.109852852862013961e+00,-3.195994224483912127e+00,1.907625249293519731e+00,-3.269124953197737327e+00
1.979166666666666574e-02,7.125000000000000000e+00,2.096996960758127637e-01,9.370361384385443859e-01,2.794815722283708337e-01,8.779597089835547985e-01,2.109420818495959971e+00,-3.204190013403847903e+00,1.907783676436476616e+00,-3.269021813138655919e+00
2.013888888888889020e-02,7.250000000000000888e+00,2.104320562809250117e-01,9.359222390074966036e-01,2.801440239100205232e-01,8.768246868607082467e-01,2.108970998715931966e+00,-3.211767690851976109e+00,1.907937191122679899e+00,-3.268663002734851108e+00
2.048611111111111119e-02,7.375000000000000000e+00,2.111642572108684557e-01,9.348058157494653075e-01,2.808065280425236510e-01,8.756898337120198050e-01,2.108503393521930835e+00,-3.218727256828293637e+00,1.908085793352128245e+00,-3.268048521986320232e+00
2.083333333333333565e-02,7.500000000000000888e+00,2.118962926901518107e-01,9.336870832864898606e-01,2.814690829201658140e-01,8.745552383119147288e-01,2.108018002913955691e+00,-3.225068711332796045e+00,1.908229483124822767e+00,-3.267178370893065065e+00
2.118055555555555663e-02,7.625000000000000000e+00,2.126281565432838194e-01,9.325662562406084044e-01,2.821316868372332753e-01,8.734209894348192726e-01,2.107514826892006532e+00,-3.230792054365490884e+00,1.908368260440763464e+00,-3.266052549455085607e+00
2.152777777777777762e-02,7.750000000000000000e+00,2.133598425947741684e-01,9.314435492338599687e-01,2.827943380880117985e-01,8.722871758551573595e-01,2.106993865456083359e+00,-3.235897285926374156e+00,1.908502125299950114e+00,-3.264671057672379639e+00
2.187500000000000208e-02,7.875000000000000888e+00,2.140913446691312672e-01,9.303191768882836943e-01,2.834570349667868139e-01,8.711538863473549110e-01,2.106455118606186616e+00,-3.240384406015444529e+00,1.908631077702382051e+00,-3.263033895544950269e+00
2.222222222222222307e-02,8.000000000000000000e+00,2.148226565908647467e-01,9.291933538259178338e-01,2.841197757678447511e-01,8.700212096858375155e-01,2.105898586342315859e+00,-3.244253414632704668e+00,1.908755117648060606e+00,-3.261141063072795721e+00
2.256944444444444406e-02,8.125000000000000000e+00,2.155537721844833221e-01,9.280662946688014170e-01,2.847825587854709850e-01,8.688892346450295401e-01,2.105324268664471532e+00,-3.247504311778153685e+00,1.908874245136984449e+00,-3.258992560255915993e+00
2.291666666666666852e-02,8.250000000000000000e+00,2.162846852744960413e-01,9.269382140389739178e-01,2.854453823139517787e-01,8.677580499993571284e-01,2.104732165572653191e+00,-3.250137097451789803e+00,1.908988460169154688e+00,-3.256588387094311976e+00
2.326388888888888951e-02,8.375000000000000000e+00,2.170153896854117026e-01,9.258093265584730336e-01,2.861082446475728402e-01,8.666277445232448695e-01,2.104122277066861280e+00,-3.252151771653617018e+00,1.909097762744570215e+00,-3.253928543587983224e+00
2.361111111111111049e-02,8.500000000000000000e+00,2.177458792417398536e-01,9.246798468493381273e-01,2.867711440806195999e-01,8.654984069911180189e-01,2.103494603147094910e+00,-3.253548334383632223e+00,1.909202152863231916e+00,-3.251013029736928406e+00
2.395833333333333495e-02,8.625000000000000000e+00,2.184761477679890151e-01,9.235499895336085618e-01,2.874340789073785429e-01,8.643701261774028310e-01,2.102849143813355415e+00,-3.254326785641835418e+00,1.909301630525140014e+00,-3.247841845541150185e+00
2.430555555555555594e-02,8.750000000000000000e+00,2.192061890886687070e-01,9.224199692333222567e-01,2.880970474221353217e-01,8.632429908565231180e-01,2.102185899065641905e+00,-3.254487125428227934e+00,1.909396195730293178e+00,-3.244414991000646342e+00
2.465277777777778040e-02,8.875000000000001776e+00,2.199359970282878107e-01,9.212900005705181306e-01,2.887600479191753666e-01,8.621170898029048013e-01,2.101504868903954826e+00,-3.254029353742808883e+00,1.909485848478692738e+00,-3.240732466115416432e+00
2.500000000000000139e-02,9.000000000000000000e+00,2.206655654113549581e-01,9.201602981672361015e-01,2.894230786927851629e-01,8.609925117909738024e-01,2.100806053328293288e+00,-3.252953470585579598e+00,1.909570588770338251e+00,-3.236794270885464897e+00
2.534722222222222238e-02,9.125000000000000000e+00,2.213948880623798077e-01,9.190310766455135338e-01,2.900861380372501963e-01,8.598693455951540443e-01,2.100089452338658624e+00,-3.251259475956538303e+00,1.909650416605229495e+00,-3.232600405310785963e+00
2.569444444444444683e-02,9.250000000000000000e+00,2.221239588058711301e-01,9.179025506273901236e-01,2.907492242468562305e-01,8.587476799898714486e-01,2.099355065935049502e+00,-3.248947369855685441e+00,1.909725331983366248e+00,-3.228150869391381850e+00
2.604166666666666782e-02,9.375000000000000000e+00,2.228527714663376125e-01,9.167749347349046785e-01,2.914123356158894174e-01,8.576276037495518256e-01,2.098602894117467255e+00,-3.246017152283023233e+00,1.909795334904749398e+00,-3.223445663127255223e+00
2.638888888888888881e-02,9.500000000000000000e+00,2.235813198682889413e-01,9.156484435900954511e-01,2.920754704386355205e-01,8.565092056486194316e-01,2.097832936885910549e+00,-3.242468823238547682e+00,1.909860425369378278e+00,-3.218484786518401197e+00
2.673611111111111327e-02,9.625000000000000000e+00,2.243095978362338316e-01,9.145232918150020263e-01,2.927386270093800813e-01,8.553925744614999660e-01,2.097045194240380273e+00,-3.238302382722262784e+00,1.909920603377253112e+00,-3.213268239564823325e+00
2.708333333333333426e-02,9.750000000000000000e+00,2.250375991946810261e-01,9.133996940316625457e-01,2.934018036224094184e-01,8.542777989626192392e-01,2.096239666180876426e+00,-3.233517830734164988e+00,1.909975868928373455e+00,-3.207796022266521607e+00
2.743055555555555525e-02,9.875000000000000000e+00,2.257653177681401557e-01,9.122778648621160391e-01,2.940649985720091286e-01,8.531649679264011743e-01,2.095416352707398122e+00,-3.228115167274255626e+00,1.910026222022740194e+00,-3.202068134623493378e+00
2.777777777777777971e-02,1.000000000000000000e+01,2.264927473811199354e-01,9.111580189284017584e-01,2.947282101524648645e-01,8.520541701272721369e-01,2.094575253819946248e+00,-3.222094392342537805e+00,1.910071662660352665e+00,-3.196084576635739971e+00
2.812500000000000069e-02,1.012500000000000000e+01,2.272198818581291357e-01,9.100403708525577340e-01,2.953914366580629447e-01,8.509454943396571602e-01,2.093716369518521248e+00,-3.215455505939006198e+00,1.910112190841210644e+00,-3.189845348303264494e+00
2.847222222222222168e-02,1.025000000000000000e+01,2.279467150236773876e-01,9.089251352566234399e-01,2.960546763830889105e-01,8.498390293379810556e-01,2.092839699803121345e+00,-3.208198508063663024e+00,1.910147806565315021e+00,-3.183350449626061618e+00
2.881944444444444614e-02,1.037500000000000000e+01,2.286732407022734059e-01,9.078125267626377948e-01,2.967179276218284145e-01,8.487348638966698555e-01,2.091945244673748316e+00,-3.200323398716511836e+00,1.910178509832665350e+00,-3.176599880604136672e+00
2.916666666666666713e-02,1.050000000000000000e+01,2.293994527184259613e-01,9.067027599926390513e-01,2.973811886685678862e-01,8.476330867901479271e-01,2.091033004130401718e+00,-3.191830177897546417e+00,1.910204300643261188e+00,-3.169593641237483883e+00
2.951388888888889159e-02,1.062500000000000178e+01,2.301253448966446291e-01,9.055960495686660172e-01,2.980444578175928672e-01,8.465337867928408588e-01,2.090102978173080661e+00,-3.182718845606769875e+00,1.910225178997102979e+00,-3.162331731526106804e+00
2.986111111111111258e-02,1.075000000000000000e+01,2.308509110614379578e-01,9.044926101127583884e-01,2.987077333631888987e-01,8.454370526791740170e-01,2.089155166801786478e+00,-3.172989401844184876e+00,1.910241144894191168e+00,-3.154814151470004102e+00
3.020833333333333356e-02,1.087500000000000000e+01,2.315761450373154950e-01,9.033926562469539734e-01,2.993710135996423549e-01,8.443429732235729901e-01,2.088189570016517838e+00,-3.162641846609785201e+00,1.910252198334524643e+00,-3.147040901069179775e+00
3.055555555555555802e-02,1.100000000000000000e+01,2.323010406487859836e-01,9.022964025932920240e-01,3.000342968212386108e-01,8.432516372004622562e-01,2.087206187817275627e+00,-3.151676179903574848e+00,1.910258339318104071e+00,-3.139011980323627160e+00
3.090277777777777901e-02,1.112500000000000000e+01,2.330255917203584992e-01,9.012040637738119031e-01,3.006975813222639848e-01,8.421631333842679590e-01,2.086205020204059402e+00,-3.140092401725557369e+00,1.910259567844929673e+00,-3.130727389233353808e+00
3.125000000000000000e-02,1.125000000000000000e+01,2.337497920765417569e-01,9.001158544105514192e-01,3.013608653970041851e-01,8.410775505494143545e-01,2.085186067176869606e+00,-3.127890512075723883e+00,1.910255883915001007e+00,-3.122187127798351280e+00
3.159722222222222099e-02,1.137500000000000000e+01,2.344736355418453322e-01,8.990319891255496021e-01,3.020241473397449194e-01,8.399949774703271421e-01,2.084149328735706241e+00,-3.115070510954078831e+00,1.910247287528318516e+00,-3.113391196018624463e+00
3.194444444444444892e-02,1.150000000000000178e+01,2.351971159407777734e-01,8.979526825408461477e-01,3.026874254447717849e-01,8.389155029214316883e-01,2.083094804880568418e+00,-3.101632398360627985e+00,1.910233778684881090e+00,-3.104339593894172911e+00
3.229166666666666990e-02,1.162500000000000178e+01,2.359202270978486560e-01,8.968781492784788645e-01,3.033506980063712666e-01,8.378392156771536925e-01,2.082022495611457025e+00,-3.087576174295360687e+00,1.910215357384690060e+00,-3.095032321425000177e+00
3.263888888888889089e-02,1.175000000000000000e+01,2.366429628375667227e-01,8.958086039604871154e-01,3.040139633188286283e-01,8.367662045119172998e-01,2.080932400928372061e+00,-3.072901838758282267e+00,1.910192023627745428e+00,-3.085469378611098268e+00
3.298611111111111188e-02,1.187500000000000000e+01,2.373653169844407163e-01,8.947442612089099301e-01,3.046772196764301333e-01,8.356965582001489867e-01,2.079824520831313528e+00,-3.057609391749398497e+00,1.910163777414046082e+00,-3.075650765452475621e+00
3.333333333333333287e-02,1.200000000000000000e+01,2.380872833629802954e-01,8.936853356457853392e-01,3.053404653734616003e-01,8.346303655162727875e-01,2.078698855320280536e+00,-3.041698833268696944e+00,1.910130618743592912e+00,-3.065576481949124243e+00
3.368055555555555386e-02,1.212500000000000000e+01,2.388088557976941195e-01,8.926320418931527056e-01,3.060036987042084045e-01,8.335677152347147345e-01,2.077555404395273975e+00,-3.025170163316184269e+00,1.910092547616385472e+00,-3.055246528101047687e+00
3.402777777777778179e-02,1.225000000000000178e+01,2.395300281130910147e-01,8.915845945730510591e-01,3.066669179629570308e-01,8.325086961299000832e-01,2.076394168056293399e+00,-3.008023381891867132e+00,1.910049564032423763e+00,-3.044660903908250837e+00
3.437500000000000278e-02,1.237500000000000178e+01,2.402507941336806119e-01,8.905432083075185412e-01,3.073301214439931317e-01,8.314533969762535337e-01,2.075215146303339253e+00,-2.990258488995732211e+00,1.910001667991707786e+00,-3.033819609370724812e+00
3.472222222222222376e-02,1.250000000000000000e+01,2.409711476839715705e-01,8.895080977185947368e-01,3.079933074416020822e-01,8.304019065482006745e-01,2.074018339136411093e+00,-2.971875484627793718e+00,1.909948859494238427e+00,-3.022722644488474053e+00
3.506944444444444475e-02,1.262500000000000000e+01,2.416910825884727165e-01,8.884794774283178986e-01,3.086564742500704228e-01,8.293543136201673160e-01,2.072803746555509363e+00,-2.952874368788035664e+00,1.909891138540014133e+00,-3.011370009261503000e+00
3.541666666666666574e-02,1.275000000000000000e+01,2.424105926716935977e-01,8.874575620587268343e-01,3.093196201636836951e-01,8.283107069665778255e-01,2.071571368560633619e+00,-2.933255141476466488e+00,1.909828505129036458e+00,-2.999761703689802328e+00
3.576388888888889367e-02,1.287500000000000178e+01,2.431296717581430122e-01,8.864425662318607957e-01,3.099827434767274958e-01,8.272711753618575692e-01,2.070321205151784305e+00,-2.913017802693085745e+00,1.909760959261304292e+00,-2.987897727773376477e+00
3.611111111111111466e-02,1.300000000000000178e+01,2.438483136723297307e-01,8.854347045697585905e-01,3.106458424834881438e-01,8.262358075804324686e-01,2.069053256328960977e+00,-2.892162352437902317e+00,1.909688500936818301e+00,-2.975778081512231221e+00
3.645833333333333565e-02,1.312500000000000000e+01,2.445665122387632451e-01,8.844341916944586934e-01,3.113089154782512913e-01,8.252046923967268910e-01,2.067767522092164079e+00,-2.870688790710899330e+00,1.909611130155578262e+00,-2.963402764906355458e+00
3.680555555555555663e-02,1.325000000000000000e+01,2.452842612819524648e-01,8.834412422280002453e-01,3.119719607553024798e-01,8.241779185851670908e-01,2.066464002441392722e+00,-2.848597117512094101e+00,1.909528846917583511e+00,-2.950771777955760289e+00
3.715277777777777762e-02,1.337500000000000000e+01,2.460015546264060493e-01,8.824560390009521527e-01,3.126349766089281390e-01,8.231555749201773242e-01,2.065142697376648240e+00,-2.826196711063372558e+00,1.909441651222834935e+00,-2.937885120660435057e+00
3.749999999999999861e-02,1.350000000000000000e+01,2.467183860966336295e-01,8.814785863753905604e-01,3.132979613334138103e-01,8.221377501761834017e-01,2.063803606897929299e+00,-2.803958221161703790e+00,1.909349543071332533e+00,-2.924742793020385090e+00
3.784722222222222654e-02,1.362500000000000178e+01,2.474347495171436706e-01,8.805088264800130515e-01,3.139609132230450905e-01,8.211245331276101345e-01,2.062446731005237677e+00,-2.781886585205152418e+00,1.909252522463075863e+00,-2.911344795035610389e+00
3.819444444444444753e-02,1.375000000000000178e+01,2.481506387124457480e-01,8.795467013794212585e-01,3.146238305721083539e-01,8.201160125488838881e-01,2.061072069698571152e+00,-2.759981803193701122e+00,1.909150589398064479e+00,-2.897691126706116282e+00
3.854166666666666852e-02,1.387500000000000000e+01,2.488660475070486600e-01,8.785921531382179239e-01,3.152867116748889198e-01,8.191122772144283637e-01,2.059679622977931057e+00,-2.738243875127358340e+00,1.909043743876299937e+00,-2.883781788031891669e+00
3.888888888888888951e-02,1.400000000000000000e+01,2.495809697254614268e-01,8.776451238210059014e-01,3.159495548256731623e-01,8.181134108889768219e-01,2.058269390843316948e+00,-2.716672801006133398e+00,1.908931985897780681e+00,-2.869684508797646139e+00
3.923611111111111049e-02,1.412500000000000000e+01,2.502953991921927357e-01,8.767055554923867122e-01,3.166123583187467339e-01,8.171194328550996921e-01,2.056841373294729713e+00,-2.695268580830007643e+00,1.908815315462507378e+00,-2.855641634612898994e+00
3.958333333333333148e-02,1.425000000000000000e+01,2.510093297317523287e-01,8.757733902169633211e-01,3.172751204483953980e-01,8.161303176230791934e-01,2.055395570332168020e+00,-2.674031214598990847e+00,1.908693732570480028e+00,-2.841674770103862269e+00
3.993055555555555941e-02,1.437500000000000178e+01,2.517227551686486153e-01,8.748485700593384706e-01,3.179378395089047515e-01,8.151460388006667168e-01,2.053931981955632757e+00,-2.652960702313091446e+00,1.908567237221699076e+00,-2.827783915270535520e+00
4.027777777777778040e-02,1.450000000000000178e+01,2.524356693273911434e-01,8.739310370841135711e-01,3.186005137945612242e-01,8.141665699956143198e-01,2.052450608165123480e+00,-2.632057043972291233e+00,1.908435829416163410e+00,-2.813969070112924076e+00
4.062500000000000139e-02,1.462500000000000000e+01,2.531480660324886833e-01,8.730207333558915872e-01,3.192631415996501354e-01,8.131918848156722834e-01,2.050951448960640633e+00,-2.611320239576600422e+00,1.908299509153873919e+00,-2.800230234631017279e+00
4.097222222222222238e-02,1.475000000000000000e+01,2.538599391084500612e-01,8.721176009392750395e-01,3.199257212184578036e-01,8.122219568685931090e-01,2.049434504342183772e+00,-2.590750289126026118e+00,1.908158276434829714e+00,-2.786567408824826675e+00
4.131944444444444337e-02,1.487500000000000000e+01,2.545712823797848245e-01,8.712215818988658933e-01,3.205882509452697704e-01,8.112567597621278548e-01,2.047899774309753784e+00,-2.570347192620552779e+00,1.908012131259032129e+00,-2.772980592694340718e+00
4.166666666666667129e-02,1.500000000000000178e+01,2.552820896710016885e-01,8.703326182992668913e-01,3.212507290743719657e-01,8.102962671040279119e-01,2.046347258863348895e+00,-2.550110950060187509e+00,1.907861073626480053e+00,-2.759469786239564737e+00
4.201388888888889228e-02,1.512500000000000178e+01,2.559923548066095345e-01,8.694506522050807762e-01,3.219131539000499309e-01,8.093404525020455598e-01,2.044776958002970879e+00,-2.530041561444938747e+00,1.907705103537174374e+00,-2.746034989460504505e+00
4.236111111111111327e-02,1.525000000000000000e+01,2.567020716111177991e-01,8.685756256809088471e-01,3.225755237165902067e-01,8.083892895639309684e-01,2.043188871728618849e+00,-2.510139026774791393e+00,1.907544220991114203e+00,-2.732676202357149364e+00
4.270833333333333426e-02,1.537500000000000000e+01,2.574112339090353641e-01,8.677074807913546239e-01,3.232378368182779460e-01,8.074427518974366391e-01,2.041583000040292806e+00,-2.490403346049760547e+00,1.907378425988300208e+00,-2.719393424929503311e+00
4.305555555555555525e-02,1.550000000000000000e+01,2.581198355248709442e-01,8.668461596010197390e-01,3.239000914993995783e-01,8.065008131103138522e-01,2.039959342937993636e+00,-2.470834519269829777e+00,1.907207718528731055e+00,-2.706186657177573007e+00
4.340277777777777624e-02,1.562500000000000000e+01,2.588278702831341427e-01,8.659916041745067128e-01,3.245622860542405896e-01,8.055634468103138879e-01,2.038317900421720008e+00,-2.451432546435007520e+00,1.907032098612408744e+00,-2.693055899101348682e+00
4.375000000000000416e-02,1.575000000000000178e+01,2.595353320083336746e-01,8.651437565764185100e-01,3.252244187770866324e-01,8.046306266051881373e-01,2.036658672491471922e+00,-2.432197427545301771e+00,1.906851566239332385e+00,-2.680001150700833445e+00
4.409722222222222515e-02,1.587500000000000178e+01,2.602422145249783103e-01,8.643025588713567631e-01,3.258864879622242472e-01,8.037023261026889909e-01,2.034981659147252042e+00,-2.413129162600696986e+00,1.906666121409501757e+00,-2.667022411976034402e+00
4.444444444444444614e-02,1.600000000000000000e+01,2.609485116575777086e-01,8.634679531239241035e-01,3.265484919039386980e-01,8.027785189105665076e-01,2.033286860389056816e+00,-2.394227751601201160e+00,1.906475764122916638e+00,-2.654119682926939561e+00
4.479166666666666713e-02,1.612500000000000000e+01,2.616542172306406400e-01,8.626398813987233849e-01,3.272104288965159147e-01,8.018591786365736329e-01,2.031574276216888020e+00,-2.375493194546820952e+00,1.906280494379578139e+00,-2.641292963553560913e+00
4.513888888888888812e-02,1.625000000000000000e+01,2.623593250686757083e-01,8.618182857603563507e-01,3.278722972342420494e-01,8.009442788884605369e-01,2.029843906630745654e+00,-2.356925491437541709e+00,1.906080312179484704e+00,-2.628542253855886468e+00
4.548611111111111605e-02,1.637500000000000000e+01,2.630638289961926835e-01,8.610031082734257435e-01,3.285340952114026991e-01,8.000337932739792768e-01,2.028095751630628829e+00,-2.338524642273371867e+00,1.905875217522637444e+00,-2.615867553833921999e+00
4.583333333333333703e-02,1.650000000000000000e+01,2.637677228376999472e-01,8.601942910025340838e-01,3.291958211222834607e-01,7.991276954008816880e-01,2.026329811216539323e+00,-2.320290647054317201e+00,1.905665210409036581e+00,-2.603268863487668394e+00
4.618055555555555802e-02,1.662500000000000000e+01,2.644710004177071028e-01,8.593917760122832261e-01,3.298574732611707638e-01,7.982259588769191616e-01,2.024546085388475358e+00,-2.302223505780363944e+00,1.905450290838680782e+00,-2.590746182817130094e+00
4.652777777777777901e-02,1.675000000000000000e+01,2.651736555607229207e-01,8.585955053672761350e-01,3.305190499223499834e-01,7.973285573098427559e-01,2.022744574146437380e+00,-2.284323218451519644e+00,1.905230458811571603e+00,-2.578299511822296441e+00
4.687500000000000000e-02,1.687500000000000000e+01,2.658756820912564489e-01,8.578054211321152200e-01,3.311805494001073269e-01,7.964354643074043061e-01,2.020925277490424943e+00,-2.266589785067790963e+00,1.905005714327707933e+00,-2.565928850503178094e+00
4.722222222222222099e-02,1.700000000000000000e+01,2.665770738338164025e-01,8.570214653714021136e-01,3.318419699887285579e-01,7.955466534773549814e-01,2.019088195420440712e+00,-2.249023205629164135e+00,1.904776057387090438e+00,-2.553634198859765281e+00
4.756944444444444892e-02,1.712500000000000000e+01,2.672778246129124402e-01,8.562435801497398913e-01,3.325033099824993843e-01,7.946620984274465060e-01,2.017233327936480247e+00,-2.231623480135644932e+00,1.904541487989718451e+00,-2.541415556892062000e+00
4.791666666666666990e-02,1.725000000000000000e+01,2.679779282530529994e-01,8.554717075317311847e-01,3.331645676757055141e-01,7.937817727654300493e-01,2.015360675038547988e+00,-2.214390608587241793e+00,1.904302006135593084e+00,-2.529272924600069139e+00
4.826388888888889089e-02,1.737500000000000000e+01,2.686773785787476831e-01,8.547057895819774043e-01,3.338257413626332104e-01,7.929056500990580014e-01,2.013470236726641271e+00,-2.197324590983940507e+00,1.904057611824712337e+00,-2.517206301983791583e+00
4.861111111111111188e-02,1.750000000000000000e+01,2.693761694145052621e-01,8.539457683650816255e-01,3.344868293375679036e-01,7.920337040360808656e-01,2.011562013000760540e+00,-2.180425427325747734e+00,1.903808305057078432e+00,-2.505215689043218674e+00
4.895833333333333287e-02,1.762500000000000000e+01,2.700742945848347842e-01,8.531915859456465911e-01,3.351478298947958567e-01,7.911659081842508101e-01,2.009636003860905351e+00,-2.163693117612670580e+00,1.903554085832690257e+00,-2.493301085778361958e+00
4.930555555555556080e-02,1.775000000000000355e+01,2.707717479142449091e-01,8.524431843882738224e-01,3.358087413286026668e-01,7.903022361513185601e-01,2.007692209307077924e+00,-2.147127661844694835e+00,1.903294954151547813e+00,-2.481462492189209890e+00
4.965277777777778179e-02,1.787500000000000000e+01,2.714685232272453508e-01,8.517005057575661731e-01,3.364695619332743193e-01,7.894426615450362839e-01,2.005730629339274707e+00,-2.130729060021828047e+00,1.903030910013651100e+00,-2.469699908275766909e+00
5.000000000000000278e-02,1.800000000000000000e+01,2.721646143483445468e-01,8.509634921181261635e-01,3.371302900030963001e-01,7.885871579731557057e-01,2.003751263957499695e+00,-2.114497312144075991e+00,1.902761953419000784e+00,-2.458013334038040565e+00
5.034722222222222376e-02,1.812500000000000000e+01,2.728600151020521003e-01,8.502320855345557593e-01,3.377909238323549834e-01,7.877356990434272177e-01,2.001754113161750226e+00,-2.098432418211426675e+00,1.902488084367596421e+00,-2.446402769476019312e+00
5.069444444444444475e-02,1.825000000000000000e+01,2.735547193128767263e-01,8.495062280714579250e-01,3.384514617153356331e-01,7.868882583636029882e-01,1.999739176952025854e+00,-2.082534378223892091e+00,1.902209302859437567e+00,-2.434868214589708035e+00
5.104166666666666574e-02,1.837500000000000000e+01,2.742487208053272507e-01,8.487858617934345151e-01,3.391119019463247342e-01,7.860448095414349634e-01,1.997706455328329023e+00,-2.066803192181459359e+00,1.901925608894524444e+00,-2.423409669379111619e+00
5.138888888888889367e-02,1.850000000000000000e+01,2.749420134039132768e-01,8.480709287650881611e-01,3.397722428196078837e-01,7.852053261846737575e-01,1.995655948290657289e+00,-2.051238860084136029e+00,1.901637002472857274e+00,-2.412027133844220739e+00
5.173611111111111466e-02,1.862500000000000000e+01,2.756345909331434640e-01,8.473613710510211616e-01,3.404324826294705675e-01,7.843697819010712058e-01,1.993587655839011985e+00,-2.035841381931920768e+00,1.901343483594436501e+00,-2.400720607985039390e+00
5.208333333333333565e-02,1.875000000000000000e+01,2.763264472175265829e-01,8.466571307158363702e-01,3.410926196701992152e-01,7.835381502983790325e-01,1.991501577973393555e+00,-2.020610757724820239e+00,1.901045052259261015e+00,-2.389490091801573346e+00
5.243055555555555663e-02,1.887500000000000000e+01,2.770175760815723476e-01,8.459581498241354192e-01,3.417526522360794239e-01,7.827104049843484068e-01,1.989397714693801111e+00,-2.005546987462822006e+00,1.900741708467331481e+00,-2.378335585293812837e+00
5.277777777777777762e-02,1.900000000000000000e+01,2.777079713497894176e-01,8.452643704405212732e-01,3.424125786213967348e-01,7.818865195667309420e-01,1.987276066000234209e+00,-1.990650071145938949e+00,1.900433452218648123e+00,-2.367257088461762304e+00
5.312499999999999861e-02,1.912500000000000000e+01,2.783976268466865633e-01,8.445757346295960089e-01,3.430723971204375777e-01,7.810664676532784734e-01,1.985136631892694403e+00,-1.975920008774158187e+00,1.900120283513210717e+00,-2.356254601305427077e+00
5.347222222222222654e-02,1.925000000000000000e+01,2.790865363967733881e-01,8.438921844559620355e-01,3.437321060274874940e-01,7.802502228517417260e-01,1.982979412371179695e+00,-1.961356800347486162e+00,1.899802202351018821e+00,-2.345328123824797384e+00
5.381944444444444753e-02,1.937500000000000000e+01,2.797746938245583848e-01,8.432136619842223180e-01,3.443917036368321360e-01,7.794377587698725351e-01,1.980804407435692749e+00,-1.946960445865928424e+00,1.899479208732073099e+00,-2.334477656019877223e+00
5.416666666666666852e-02,1.950000000000000000e+01,2.804620929545511010e-01,8.425401092789782664e-01,3.450511882427577115e-01,7.786290490154228472e-01,1.978611617086230456e+00,-1.932730945329473426e+00,1.899151302656373330e+00,-2.323703197890672367e+00
5.451388888888888951e-02,1.962500000000000000e+01,2.811487276112603073e-01,8.418714684048329566e-01,3.457105581395497063e-01,7.778240671961434982e-01,1.976401041322794816e+00,-1.918668298738127387e+00,1.898818484123919514e+00,-2.313004749437173047e+00
5.486111111111111049e-02,1.975000000000000000e+01,2.818345916191951073e-01,8.412076814263889091e-01,3.463698116214946054e-01,7.770227869197865456e-01,1.974172680145384939e+00,-1.904772506091894968e+00,1.898480753134711652e+00,-2.302382310659388143e+00
5.520833333333333842e-02,1.987500000000000355e+01,2.825196788028641603e-01,8.405486904082478672e-01,3.470289469828776729e-01,7.762251817941028254e-01,1.971926533554002381e+00,-1.891043567390766178e+00,1.898138109688749298e+00,-2.291835881557308774e+00
5.555555555555555941e-02,2.000000000000000000e+01,2.832039829867771807e-01,8.398944374150124625e-01,3.476879625179849498e-01,7.754312254268442839e-01,1.969662601548645142e+00,-1.877481482634745680e+00,1.897790553786032675e+00,-2.281365462130939825e+00
5.590277777777778040e-02,2.012500000000000000e+01,2.838874979954426059e-01,8.392448645112857708e-01,3.483468565211020884e-01,7.746408914257622014e-01,1.967380884129315000e+00,-1.864086251823839246e+00,1.897438085426562449e+00,-2.270971052380280852e+00
5.625000000000000139e-02,2.025000000000000000e+01,2.845702176533699279e-01,8.385999137616690913e-01,3.490056272865153519e-01,7.738541533986086352e-01,1.965081381296009733e+00,-1.850857874958035998e+00,1.897080704610337509e+00,-2.260652652305337185e+00
5.659722222222222238e-02,2.037500000000000000e+01,2.852521357850679729e-01,8.379595272307657217e-01,3.496642731085100042e-01,7.730709849531340883e-01,1.962764093048731118e+00,-1.837796352037346370e+00,1.896718411337359633e+00,-2.250410261906098608e+00
5.694444444444444337e-02,2.050000000000000000e+01,2.859332462150458998e-01,8.373236469831774054e-01,3.503227922813725304e-01,7.722913596970910621e-01,1.960429019387478489e+00,-1.824901683061760815e+00,1.896351205607626822e+00,-2.240243881182574448e+00
5.729166666666667129e-02,2.062500000000000000e+01,2.866135427678122571e-01,8.366922150835067740e-01,3.509811830993885273e-01,7.715152512382301708e-01,1.958076160312252956e+00,-1.812173868031283552e+00,1.895979087421139297e+00,-2.230153510134756711e+00
5.763888888888889228e-02,2.075000000000000000e+01,2.872930192678767591e-01,8.360651735963561260e-01,3.516394438568438141e-01,7.707426331843032496e-01,1.955705515823052743e+00,-1.799612906945915247e+00,1.895602056777898614e+00,-2.220139148762648507e+00
5.798611111111111327e-02,2.087500000000000000e+01,2.879716695397478432e-01,8.354424645863285370e-01,3.522975728480239321e-01,7.699734791430622449e-01,1.953317085919879625e+00,-1.787218799805659453e+00,1.895220113677903662e+00,-2.210200797066255163e+00
5.833333333333333426e-02,2.100000000000000000e+01,2.886494874079351125e-01,8.348240301180254175e-01,3.529555683672153110e-01,7.692077627222577707e-01,1.950910870602731606e+00,-1.774991546610508175e+00,1.894833258121154218e+00,-2.200338455045567798e+00
5.868055555555555525e-02,2.112500000000000000e+01,2.893264666969473375e-01,8.342098122560498430e-01,3.536134287087033257e-01,7.684454575296421064e-01,1.948486869871609795e+00,-1.762931147360470296e+00,1.894441490107650949e+00,-2.190552122700590409e+00
5.902777777777778317e-02,2.125000000000000355e+01,2.900026012312933443e-01,8.335997530650037790e-01,3.542711521667741836e-01,7.676865371729663101e-01,1.946045083726515079e+00,-1.751037602055536047e+00,1.894044809637393634e+00,-2.180841800031326994e+00
5.937500000000000416e-02,2.137500000000000000e+01,2.906778848354826250e-01,8.329937946094896351e-01,3.549287370357135929e-01,7.669309752599819952e-01,1.943585512167446128e+00,-1.739310910695710310e+00,1.893643216710382271e+00,-2.171207487037770001e+00
5.972222222222222515e-02,2.150000000000000000e+01,2.913523113340239501e-01,8.323918789541101537e-01,3.555861816098071504e-01,7.661787453984403307e-01,1.941108155194402940e+00,-1.727751073280993310e+00,1.893236711326616639e+00,-2.161649183719923428e+00
6.006944444444444614e-02,2.162500000000000000e+01,2.920258745514260901e-01,8.317939481634676335e-01,3.562434841833411747e-01,7.654298211960935960e-01,1.938613012807386626e+00,-1.716358089811389709e+00,1.892825293486096960e+00,-2.152166890077790828e+00
6.041666666666666713e-02,2.175000000000000000e+01,2.926985683121986481e-01,8.311999443021642620e-01,3.569006430506013183e-01,7.646841762606926274e-01,1.936100085006396077e+00,-1.705131960286889736e+00,1.892408963188822790e+00,-2.142760606111364652e+00
6.076388888888888812e-02,2.187500000000000000e+01,2.933703864408504502e-01,8.306098094348025596e-01,3.575576565058730671e-01,7.639417841999889269e-01,1.933569371791431291e+00,-1.694072684707502940e+00,1.891987720434794795e+00,-2.133430331820648007e+00
6.111111111111111605e-02,2.200000000000000000e+01,2.940413227618901004e-01,8.300234856259848248e-01,3.582145228434429063e-01,7.632026186217344410e-01,1.931020873162493823e+00,-1.683180263073220440e+00,1.891561565224012975e+00,-2.124176067205645779e+00
6.145833333333333703e-02,2.212500000000000000e+01,2.947113710998273128e-01,8.294409149403134673e-01,3.588712403575963217e-01,7.624666531336800057e-01,1.928454589119581453e+00,-1.672454695384046675e+00,1.891130497556476664e+00,-2.114997812266349975e+00
6.180555555555555802e-02,2.225000000000000000e+01,2.953805252791705249e-01,8.288620394423913407e-01,3.595278073426190213e-01,7.617338613435775674e-01,1.925870519662697067e+00,-1.661895981639985642e+00,1.890694517432186306e+00,-2.105895567002764590e+00
6.215277777777777901e-02,2.237500000000000000e+01,2.960487791244293398e-01,8.282868011968199662e-01,3.601842220927972127e-01,7.610042168591786282e-01,1.923268664791836891e+00,-1.651504121841028683e+00,1.890253624851141900e+00,-2.096869331414891846e+00
6.250000000000000000e-02,2.250000000000000000e+01,2.967161264601124726e-01,8.277151422682021975e-01,3.608404829024163818e-01,7.602776932882343575e-01,1.920649024507003144e+00,-1.641279115987180459e+00,1.889807819813343448e+00,-2.087919105502726858e+00
6.284722222222222099e-02,2.262500000000000000e+01,2.973825611107290268e-01,8.271470047211407772e-01,3.614965880657627917e-01,7.595542642384968124e-01,1.918011598808195828e+00,-1.631220964078445412e+00,1.889357102318790949e+00,-2.079044889266275842e+00
6.319444444444444198e-02,2.275000000000000000e+01,2.980480769007877728e-01,8.265823306202375598e-01,3.621525358771220948e-01,7.588339033177167181e-01,1.915356387695415386e+00,-1.621329666114814660e+00,1.888901472367483958e+00,-2.070246682705530361e+00
6.354166666666666297e-02,2.287500000000000000e+01,2.987126676547982584e-01,8.260210620300951767e-01,3.628083246307800547e-01,7.581165841336461320e-01,1.912683391168660263e+00,-1.611605222096292200e+00,1.888440929959423142e+00,-2.061524485820495745e+00
6.388888888888889783e-02,2.300000000000000355e+01,2.993763271972689211e-01,8.254631410153160376e-01,3.634639526210224347e-01,7.574022802940361121e-01,1.909992609227932236e+00,-1.602047632022882695e+00,1.887975475094608280e+00,-2.052878298611171104e+00
6.423611111111111882e-02,2.312500000000000355e+01,3.000390493527094193e-01,8.249085096405021078e-01,3.641194181421354981e-01,7.566909654066388269e-01,1.907284041873229530e+00,-1.592656895894577707e+00,1.887505107773039370e+00,-2.044308121077559992e+00
6.458333333333333981e-02,2.325000000000000355e+01,3.007008279456285793e-01,8.243571099702565741e-01,3.647747194884045085e-01,7.559826130792051124e-01,1.904557689104552809e+00,-1.583433013711381454e+00,1.887029827994716413e+00,-2.035813953219656192e+00
6.493055555555556080e-02,2.337500000000000355e+01,3.013616568005352825e-01,8.238088840691814019e-01,3.654298549541158958e-01,7.552771969194869150e-01,1.901813550921902518e+00,-1.574375985473297268e+00,1.886549635759638743e+00,-2.027395795037465032e+00
6.527777777777778179e-02,2.350000000000000000e+01,3.020215297419384104e-01,8.232637740018787786e-01,3.660848228335552568e-01,7.545746905352350709e-01,1.899051627325279101e+00,-1.565485811180318265e+00,1.886064531067807470e+00,-2.019053646530980739e+00
6.562500000000000278e-02,2.362500000000000000e+01,3.026804405943473997e-01,8.227217218329511139e-01,3.667396214210084104e-01,7.538750675342018592e-01,1.896271918314681004e+00,-1.556762490832447554e+00,1.885574513919221928e+00,-2.010787507700207311e+00
6.597222222222222376e-02,2.375000000000000000e+01,3.033383831822709653e-01,8.221826696270013723e-01,3.673942490107610648e-01,7.531783015241382273e-01,1.893474423890110225e+00,-1.548206024429689132e+00,1.885079584313882561e+00,-2.002597378545143858e+00
6.631944444444444475e-02,2.387500000000000000e+01,3.039953513302184884e-01,8.216465594486314084e-01,3.680487038970993718e-01,7.524843661127958994e-01,1.890659144051564766e+00,-1.539816411972036114e+00,1.884579742251788481e+00,-1.994483259065793712e+00
6.666666666666666574e-02,2.400000000000000000e+01,3.046513388626988506e-01,8.211133333624439645e-01,3.687029843743088731e-01,7.517932349079262666e-01,1.887826078799045293e+00,-1.531593653459494497e+00,1.884074987732940576e+00,-1.986445149262150434e+00
6.701388888888888673e-02,2.412500000000000000e+01,3.053063396042207667e-01,8.205829334330408953e-01,3.693570887366758315e-01,7.511048815172812754e-01,1.884975228132553138e+00,-1.523537748892058286e+00,1.883565320757338402e+00,-1.978483049134220684e+00
6.736111111111110772e-02,2.425000000000000000e+01,3.059603473792938400e-01,8.200553017250251653e-01,3.700110152784857886e-01,7.504192795486115397e-01,1.882106592052085858e+00,-1.515648698269730810e+00,1.883050741324982624e+00,-1.970596958681998245e+00
6.770833333333334259e-02,2.437500000000000355e+01,3.066133560124267854e-01,8.195303803029988510e-01,3.706647622940247300e-01,7.497364026096688949e-01,1.879220170557644787e+00,-1.507926501592512070e+00,1.882531249435872134e+00,-1.962786877905485561e+00
6.805555555555556357e-02,2.450000000000000355e+01,3.072653593281284290e-01,8.190081112315645839e-01,3.713183280775781414e-01,7.490562243082055094e-01,1.876315963649231255e+00,-1.500371158860405174e+00,1.882006845090008262e+00,-1.955052806804685739e+00
6.840277777777778456e-02,2.462500000000000355e+01,3.079163511509083739e-01,8.184884365753244406e-01,3.719717109234324526e-01,7.483787182519718861e-01,1.873393971326842378e+00,-1.492982670073403462e+00,1.881477528287389900e+00,-1.947394745379593450e+00
6.875000000000000555e-02,2.475000000000000355e+01,3.085663253052752797e-01,8.179712983988810526e-01,3.726249091258729274e-01,7.477038580487199715e-01,1.870454193590479708e+00,-1.485761035231513594e+00,1.880943299028017268e+00,-1.939812693630211360e+00
6.909722222222222654e-02,2.487500000000000000e+01,3.092152756157380833e-01,8.174566387668367184e-01,3.732779209791859953e-01,7.470316173062013787e-01,1.867496630440145022e+00,-1.478706254334729131e+00,1.880404157311890811e+00,-1.932306651556542576e+00
6.944444444444444753e-02,2.500000000000000000e+01,3.098631959068060548e-01,8.169443997437937366e-01,3.739307447776571425e-01,7.463619696321673880e-01,1.864521281875834768e+00,-1.471818327383053404e+00,1.879860103139009864e+00,-1.924876619158580437e+00
6.979166666666666852e-02,2.512500000000000000e+01,3.105100800029882979e-01,8.164345233943547386e-01,3.745833788155721322e-01,7.456948886343695015e-01,1.861528147897550944e+00,-1.465097254376486635e+00,1.879311136509375535e+00,-1.917522596436329163e+00
7.013888888888888951e-02,2.525000000000000000e+01,3.111559217287934720e-01,8.159269517831219121e-01,3.752358213872172832e-01,7.450303479205594437e-01,1.858517228505294439e+00,-1.458543035315030822e+00,1.878757257422986049e+00,-1.910244583389790307e+00
7.048611111111111049e-02,2.537500000000000000e+01,3.118007149087310137e-01,8.154216269746977774e-01,3.758880707868777482e-01,7.443683210984882725e-01,1.855488523699062586e+00,-1.452155670198680859e+00,1.878198465879843848e+00,-1.903042580018959207e+00
7.083333333333333148e-02,2.550000000000000000e+01,3.124444533673098601e-01,8.149184910336849663e-01,3.765401253088401234e-01,7.437087817759079345e-01,1.852442033478857386e+00,-1.445935159027442074e+00,1.877634761879946268e+00,-1.895916586323841413e+00
7.118055555555555247e-02,2.562500000000000000e+01,3.130871309290387261e-01,8.144174860246852221e-01,3.771919832473898948e-01,7.430517035605694875e-01,1.849377757844679282e+00,-1.439881501801309138e+00,1.877066145423295085e+00,-1.888866602304430264e+00
7.152777777777778734e-02,2.575000000000000355e+01,3.137287414184272150e-01,8.139185540123013984e-01,3.778436428968128813e-01,7.423970600602245451e-01,1.846295696796526276e+00,-1.433994698520285382e+00,1.876492616509889855e+00,-1.881892627960729314e+00
7.187500000000000833e-02,2.587500000000000355e+01,3.143692786599836531e-01,8.134216370611359048e-01,3.784951025513946798e-01,7.417448248826248314e-01,1.843195850334400809e+00,-1.428274749184372361e+00,1.875914175139730355e+00,-1.874994663292739006e+00
7.222222222222222932e-02,2.600000000000000355e+01,3.150087364782178101e-01,8.129266772357907067e-01,3.791463605054218311e-01,7.410949716355218486e-01,1.840078218458299997e+00,-1.422721653793565411e+00,1.875330821312816587e+00,-1.868172708300461338e+00
7.256944444444445030e-02,2.612500000000000355e+01,3.156471086976384566e-01,8.124336166008687687e-01,3.797974150531793769e-01,7.404474739266667660e-01,1.836942801168225614e+00,-1.417335412347867418e+00,1.874742555029148994e+00,-1.861426762983891203e+00
7.291666666666667129e-02,2.625000000000000000e+01,3.162843891427545295e-01,8.119423972209722784e-01,3.804482644889539134e-01,7.398023053638114188e-01,1.833789598464177439e+00,-1.412116024847279938e+00,1.874149376288726909e+00,-1.854756827343034153e+00
7.326388888888889228e-02,2.637500000000000000e+01,3.169205716380749105e-01,8.114529611607034232e-01,3.810989071070309264e-01,7.391594395547069762e-01,1.830618610346156361e+00,-1.407063491291798973e+00,1.873551285091551000e+00,-1.848162901377883971e+00
7.361111111111111327e-02,2.650000000000000000e+01,3.175556500081089806e-01,8.109652504846649457e-01,3.817493412016962351e-01,7.385188501071048295e-01,1.827429836814160824e+00,-1.402177811681426522e+00,1.872948281437621043e+00,-1.841644985088444431e+00
7.395833333333333426e-02,2.662500000000000000e+01,3.181896180773654548e-01,8.104792072574589223e-01,3.823995650672356028e-01,7.378805106287569249e-01,1.824223277868192383e+00,-1.397458986016165028e+00,1.872340365326937039e+00,-1.835203078474714644e+00
7.430555555555555525e-02,2.675000000000000000e+01,3.188224696703536587e-01,8.099947735436877627e-01,3.830495769979351817e-01,7.372443947274146536e-01,1.820998933508248596e+00,-1.392907014296009827e+00,1.871727536759498989e+00,-1.828837181536698164e+00
7.465277777777777624e-02,2.687500000000000000e+01,3.194541986115826959e-01,8.095118914079540984e-01,3.836993752880804576e-01,7.366104760108292959e-01,1.817756803734331239e+00,-1.388521896520964916e+00,1.871109795735306447e+00,-1.822547294274388774e+00
7.499999999999999722e-02,2.700000000000000000e+01,3.200847987255611149e-01,8.090305029148601168e-01,3.843489582319576936e-01,7.359787280867524650e-01,1.814496888546441422e+00,-1.384303632691026964e+00,1.870487142254359858e+00,-1.816333416687792246e+00
7.534722222222221821e-02,2.712500000000000000e+01,3.207142638367984078e-01,8.085505501290082275e-01,3.849983241238524867e-01,7.353491245629354411e-01,1.811219187944576259e+00,-1.380252222806197970e+00,1.869859576316659666e+00,-1.810195548776903474e+00
7.569444444444445308e-02,2.725000000000000355e+01,3.213425877698035116e-01,8.080719751150010621e-01,3.856474712580508224e-01,7.347216390471298375e-01,1.807923701928737525e+00,-1.376367666866477268e+00,1.869227097922204317e+00,-1.804133690541725121e+00
7.604166666666667407e-02,2.737500000000000355e+01,3.219697643490851968e-01,8.075947199374406971e-01,3.862963979288381866e-01,7.340962451470876005e-01,1.804610430498926332e+00,-1.372649964871866857e+00,1.868589707070996031e+00,-1.798147841982258965e+00
7.638888888888889506e-02,2.750000000000000355e+01,3.225957873991529001e-01,8.071187266609296529e-01,3.869451024305008424e-01,7.334729164705594551e-01,1.801279373655139793e+00,-1.369099116822363404e+00,1.867947403763032810e+00,-1.792238003098500787e+00
7.673611111111111605e-02,2.762500000000000000e+01,3.232206507445155586e-01,8.066439373500705612e-01,3.875935830573243868e-01,7.328516266252973477e-01,1.797930531397379683e+00,-1.365715122717970242e+00,1.867300187998315986e+00,-1.786404173890452807e+00
7.708333333333333703e-02,2.775000000000000000e+01,3.238443482096818316e-01,8.061702940694653874e-01,3.882418381035949162e-01,7.322323492190527805e-01,1.794563903725646670e+00,-1.362497982558684040e+00,1.866648059776844670e+00,-1.780646354358117245e+00
7.743055555555555802e-02,2.787500000000000000e+01,3.244668736191612668e-01,8.056977388837165410e-01,3.888898658635981942e-01,7.316150578595770337e-01,1.791179490639938754e+00,-1.359447696344506573e+00,1.865991019098619308e+00,-1.774964544501489216e+00
7.777777777777777901e-02,2.800000000000000000e+01,3.250882207974627458e-01,8.052262138574267647e-01,3.895376646316197622e-01,7.309997261546214986e-01,1.787777292140257046e+00,-1.356564264075437620e+00,1.865329065963640343e+00,-1.769358744320572052e+00
7.812500000000000000e-02,2.812500000000000000e+01,3.257083835690949836e-01,8.047556610551984679e-01,3.901852327019458833e-01,7.303863277119382325e-01,1.784357308226602656e+00,-1.353847685751478513e+00,1.864662200371906664e+00,-1.763828953815366640e+00
7.847222222222222099e-02,2.825000000000000000e+01,3.263273557585674722e-01,8.042860225416333941e-01,3.908325683688620433e-01,7.297748361392781824e-01,1.780919538898973364e+00,-1.351297961372626810e+00,1.863990422323419605e+00,-1.758375172985869428e+00
7.881944444444444198e-02,2.837500000000000000e+01,3.269451311903891488e-01,8.038172403813348410e-01,3.914796699266546165e-01,7.291652250443931838e-01,1.777463984157370058e+00,-1.348915090938884953e+00,1.863313731818177610e+00,-1.752997401832084634e+00
7.916666666666666297e-02,2.850000000000000000e+01,3.275617036890685618e-01,8.033492566389046630e-01,3.921265356696090887e-01,7.285574680350342947e-01,1.773990644001794736e+00,-1.346699074450250500e+00,1.862632128856181790e+00,-1.747695640354007596e+00
7.951388888888889783e-02,2.862500000000000355e+01,3.281770670791155364e-01,8.028820133789450475e-01,3.927731638920113344e-01,7.279515387189532394e-01,1.770499518432243846e+00,-1.344649911906724560e+00,1.861945613437431923e+00,-1.742469888551641199e+00
7.986111111111111882e-02,2.875000000000000355e+01,3.287912151850386766e-01,8.024154526660589593e-01,3.934195528881468951e-01,7.273474107039014092e-01,1.766990607448719164e+00,-1.342767603308307356e+00,1.861254185561928232e+00,-1.737320146424984557e+00
8.020833333333333981e-02,2.887500000000000355e+01,3.294041418492041351e-01,8.019495165648485857e-01,3.940657009523022558e-01,7.267450575976308613e-01,1.763464917553685174e+00,-1.341052148654999776e+00,1.860557845229670049e+00,-1.732246413974040555e+00
8.055555555555556080e-02,2.900000000000000355e+01,3.300158484472893727e-01,8.014841471399160033e-01,3.947116063787627360e-01,7.261444530078923210e-01,1.759976400943037200e+00,-1.339503547946799600e+00,1.859856592440658041e+00,-1.727248691198804309e+00
8.090277777777778179e-02,2.912500000000000000e+01,3.306263555398077369e-01,8.010192864558641768e-01,3.953572674618145988e-01,7.255455705424377344e-01,1.756555765487472831e+00,-1.338121801183708826e+00,1.859150427194891542e+00,-1.722326978099280481e+00
8.125000000000000278e-02,2.925000000000000000e+01,3.312356866966042479e-01,8.005548765772948494e-01,3.960026824957434965e-01,7.249483838090182708e-01,1.753203011186994065e+00,-1.336906908365726121e+00,1.858439349492370773e+00,-1.717481274675464631e+00
8.159722222222222376e-02,2.937500000000000000e+01,3.318438654875248139e-01,8.000908595688107638e-01,3.966478497748353038e-01,7.243528664153856544e-01,1.749918138041598237e+00,-1.335858869492851930e+00,1.857723359333096402e+00,-1.712711580927358757e+00
8.194444444444444475e-02,2.950000000000000000e+01,3.324509154824147883e-01,7.996271774950145517e-01,3.972927675933755620e-01,7.237589919692914986e-01,1.746701146051287346e+00,-1.334977684565086697e+00,1.857002456717067540e+00,-1.708017896854965301e+00
8.229166666666666574e-02,2.962500000000000000e+01,3.330568602511200238e-01,7.991637724205081783e-01,3.979374342456507008e-01,7.231667340784869724e-01,1.743552035216059615e+00,-1.334263353582429978e+00,1.856276641644284853e+00,-1.703400222458280044e+00
8.263888888888888673e-02,2.975000000000000000e+01,3.336617233634857627e-01,7.987005864098943864e-01,3.985818480259460395e-01,7.225760663507236892e-01,1.740470805535915932e+00,-1.333715876544881995e+00,1.855545914114748340e+00,-1.698858557737304986e+00
8.298611111111110772e-02,2.987500000000000000e+01,3.342655283893572471e-01,7.982375615277751413e-01,3.992260072285478412e-01,7.219869623937533731e-01,1.737457457010857409e+00,-1.333335253452442304e+00,1.854810274128457337e+00,-1.694392902692041902e+00
8.333333333333334259e-02,3.000000000000000355e+01,3.348682988985806075e-01,7.977746398387529636e-01,3.998699101477417583e-01,7.213993958153269714e-01,1.734511989640881602e+00,-1.333121484305111348e+00,1.854069721685411842e+00,-1.690003257322487240e+00
8.368055555555556357e-02,3.012500000000000355e+01,3.354700584610010305e-01,7.973117634074304849e-01,4.005135550778137210e-01,7.208133402231964304e-01,1.731634403425990287e+00,-1.333074569102888907e+00,1.853324256785612967e+00,-1.685689621628642554e+00
8.402777777777778456e-02,3.025000000000000355e+01,3.360708306464637030e-01,7.968488742984102258e-01,4.011569403130492151e-01,7.202287692251131412e-01,1.728824698366183688e+00,-1.333194507845774979e+00,1.852573879429059822e+00,-1.681451995610510064e+00
8.437500000000000555e-02,3.037500000000000355e+01,3.366706390248148661e-01,7.963859145762941516e-01,4.018000641477346702e-01,7.196456564288284952e-01,1.726082874461460026e+00,-1.333481300533770009e+00,1.851818589615752186e+00,-1.677290379268085996e+00
8.472222222222222654e-02,3.050000000000000000e+01,3.372695071658995958e-01,7.959228263056847830e-01,4.024429248761553501e-01,7.190639754420941054e-01,1.723408931711821079e+00,-1.333934947166873108e+00,1.851058387345690948e+00,-1.673204772601372126e+00
8.506944444444444753e-02,3.062500000000000000e+01,3.378674586395631896e-01,7.954595515511845294e-01,4.030855207925976846e-01,7.184836998726614743e-01,1.720802870117266847e+00,-1.334555447745085166e+00,1.850293272618874996e+00,-1.669195175610369564e+00
8.541666666666666852e-02,3.075000000000000000e+01,3.384645170156517224e-01,7.949960323773958004e-01,4.037278501913473261e-01,7.179048033282818819e-01,1.718264689677795332e+00,-1.335342802268405737e+00,1.849523245435305441e+00,-1.665261588295076089e+00
8.576388888888888951e-02,3.087500000000000000e+01,3.390607058640103255e-01,7.945322108489210056e-01,4.043699113666896494e-01,7.173272594167069416e-01,1.715794390393408309e+00,-1.336297010736835267e+00,1.848748305794981617e+00,-1.661404010655492813e+00
8.611111111111111049e-02,3.100000000000000000e+01,3.396560487544843521e-01,7.940680290303627764e-01,4.050117026129112507e-01,7.167510417456882665e-01,1.713391972264106222e+00,-1.337418073150372644e+00,1.847968453697903746e+00,-1.657622442691620623e+00
8.645833333333333148e-02,3.112500000000000000e+01,3.402505692569199325e-01,7.936034289863230784e-01,4.056532222242972829e-01,7.161761239229771370e-01,1.711057435289887074e+00,-1.338705989509018979e+00,1.847183689144071828e+00,-1.653916884403457743e+00
8.680555555555555247e-02,3.125000000000000000e+01,3.408442909411621424e-01,7.931383527814045431e-01,4.062944684951342866e-01,7.156024795563252772e-01,1.708790779470752419e+00,-1.340160759812773827e+00,1.846394012133485196e+00,-1.650287335791006171e+00
8.715277777777778734e-02,3.137500000000000355e+01,3.414372373770563351e-01,7.926727424802093580e-01,4.069354397197076922e-01,7.150300822534839673e-01,1.706592004806702256e+00,-1.341782384061637412e+00,1.845599422666145406e+00,-1.646733796854263465e+00
8.750000000000000833e-02,3.150000000000000355e+01,3.420294321344485855e-01,7.922065401473403767e-01,4.075761341923034298e-01,7.144589056222047097e-01,1.704461111297735698e+00,-1.343570862255609955e+00,1.844799920742050459e+00,-1.643256267593230735e+00
8.784722222222222932e-02,3.162500000000000355e+01,3.426208987831840802e-01,7.917396878473993427e-01,4.082165502072070407e-01,7.138889232702391174e-01,1.702398098943852522e+00,-1.345526194394691011e+00,1.843995506361202352e+00,-1.639854748007908425e+00
8.819444444444445030e-02,3.175000000000000355e+01,3.432116608931080615e-01,7.912721276449891095e-01,4.088566860587050100e-01,7.133201088053386929e-01,1.700402967745054950e+00,-1.347648380478879915e+00,1.843186179523599089e+00,-1.636529238098297645e+00
8.854166666666667129e-02,3.187500000000000000e+01,3.438017420340664931e-01,7.908038016047119756e-01,4.094965400410825462e-01,7.127524358352547162e-01,1.698475717701340093e+00,-1.349937420508177777e+00,1.842371940229242888e+00,-1.633279737864395509e+00
8.888888888888889228e-02,3.200000000000000000e+01,3.443911657759048950e-01,7.903346517911704616e-01,4.101361104486260789e-01,7.121858779677390228e-01,1.696616348812709729e+00,-1.352393314482583930e+00,1.841552788478132197e+00,-1.630106247306205125e+00
8.923611111111111327e-02,3.212500000000000000e+01,3.449799556884682317e-01,7.898646202689666440e-01,4.107753955756211495e-01,7.116204088105425596e-01,1.694824861079164080e+00,-1.355016062402099264e+00,1.840728724270267014e+00,-1.627008766423722941e+00
8.958333333333333426e-02,3.225000000000000000e+01,3.455681353416026891e-01,7.893936491027030433e-01,4.114143937163536879e-01,7.110560019714173841e-01,1.693101254500701591e+00,-1.357805664266723333e+00,1.839899747605647562e+00,-1.623987295216951843e+00
8.993055555555555525e-02,3.237500000000000000e+01,3.461557283051532319e-01,7.889216803569822911e-01,4.120531031651091802e-01,7.104926310581144433e-01,1.691445529077324039e+00,-1.360762120076455028e+00,1.839065858484274951e+00,-1.621041833685890277e+00
9.027777777777777624e-02,3.250000000000000000e+01,3.467427581489659350e-01,7.884486560964064639e-01,4.126915222161740560e-01,7.099302696783859057e-01,1.689857684809029648e+00,-1.363885429831296126e+00,1.838227056906147405e+00,-1.618172381830540241e+00
9.062499999999999722e-02,3.262500000000000000e+01,3.473292484428859295e-01,7.879745183855780821e-01,4.133296491638336345e-01,7.093688914399827183e-01,1.688337721695819527e+00,-1.367175593531244848e+00,1.837383342871266478e+00,-1.615378939650899293e+00
9.097222222222223209e-02,3.275000000000000000e+01,3.479152227567589017e-01,7.874992092890993334e-01,4.139674823023742900e-01,7.088084699506568276e-01,1.686885639737693232e+00,-1.370632611176303417e+00,1.836534716379630616e+00,-1.612661507146969431e+00
9.131944444444445308e-02,3.287500000000000000e+01,3.485007046604300940e-01,7.870226708715729602e-01,4.146050199260816749e-01,7.082489788181590695e-01,1.685501438934651652e+00,-1.374256482766470722e+00,1.835681177431241151e+00,-1.610020084318748879e+00
9.166666666666667407e-02,3.300000000000000000e+01,3.490857177237453035e-01,7.865448451976012612e-01,4.152422603292414971e-01,7.076903916502411684e-01,1.684185119286694121e+00,-1.378047208301746540e+00,1.834822726026097195e+00,-1.607454671166238080e+00
9.201388888888889506e-02,3.312500000000000000e+01,3.496702855165497725e-01,7.860656743317865347e-01,4.158792018061394091e-01,7.071326820546551817e-01,1.682936680793820416e+00,-1.382004787782129318e+00,1.833959362164199414e+00,-1.604965267689438813e+00
9.236111111111111605e-02,3.325000000000000000e+01,3.502544316086894094e-01,7.855851003387310794e-01,4.165158426510617851e-01,7.065758236391519453e-01,1.681756123456030760e+00,-1.386129221207622386e+00,1.833091085845547585e+00,-1.602551873888349077e+00
9.270833333333333703e-02,3.337500000000000000e+01,3.508381795700095118e-01,7.851030652830375267e-01,4.171521811582939998e-01,7.060197900114830727e-01,1.680643447273324931e+00,-1.390420508578222192e+00,1.832217897070141488e+00,-1.600214489762969317e+00
9.305555555555555802e-02,3.350000000000000000e+01,3.514215529703554330e-01,7.846195112293080642e-01,4.177882156221224275e-01,7.054645547794003990e-01,1.679598652245703816e+00,-1.394878649893932510e+00,1.831339795837981566e+00,-1.597953115313300199e+00
9.340277777777777901e-02,3.362500000000000000e+01,3.520045753795730814e-01,7.841343802421452125e-01,4.184239443368324984e-01,7.049100915506549825e-01,1.678621738373166306e+00,-1.399503645154751341e+00,1.830456782149066930e+00,-1.595767750539340613e+00
9.375000000000000000e-02,3.375000000000000000e+01,3.525872703675076991e-01,7.836476143861513810e-01,4.190593655967100317e-01,7.043563739329984363e-01,1.677712705655712844e+00,-1.404295494360678909e+00,1.829568856003398913e+00,-1.593658395441091447e+00
9.409722222222222099e-02,3.387500000000000000e+01,3.531696615040046949e-01,7.831591557259289793e-01,4.196944776960412349e-01,7.038033755341825959e-01,1.676871554093343430e+00,-1.409254197511712992e+00,1.828676017400976406e+00,-1.591625050018552923e+00
9.444444444444444198e-02,3.400000000000000000e+01,3.537517723589098106e-01,7.826689463260801949e-01,4.203292789291114828e-01,7.032510699619582972e-01,1.676098283686058510e+00,-1.414379754607857587e+00,1.827778266341799851e+00,-1.589667714271723709e+00
9.479166666666667684e-02,3.412500000000000711e+01,3.543336265020686215e-01,7.821769282512076593e-01,4.209637675902070941e-01,7.026994308240775977e-01,1.675392894433856972e+00,-1.419672165649109141e+00,1.826875602825869027e+00,-1.587786388200604915e+00
9.513888888888889783e-02,3.425000000000000000e+01,3.549152475033262588e-01,7.816830435659135601e-01,4.215979419736137213e-01,7.021484317282917775e-01,1.674755386336739704e+00,-1.425131430635470986e+00,1.825968026853184156e+00,-1.585981071805196763e+00
9.548611111111111882e-02,3.437500000000000000e+01,3.554966589325286863e-01,7.811872343348005288e-01,4.222318003736172942e-01,7.015980462823522279e-01,1.674185759394706707e+00,-1.430757549566941567e+00,1.825055538423745016e+00,-1.584251765085498365e+00
9.583333333333333981e-02,3.450000000000000000e+01,3.560778843595212018e-01,7.806894426224706418e-01,4.228653410845031879e-01,7.010482480940106731e-01,1.673684013607757537e+00,-1.436550522443520661e+00,1.824138137537552273e+00,-1.582598468041510165e+00
9.618055555555556080e-02,3.462500000000000000e+01,3.566589473541491584e-01,7.801896104935266418e-01,4.234985624005579985e-01,7.004990107710185043e-01,1.673250148975892637e+00,-1.442510349265206271e+00,1.823215824194605039e+00,-1.581021180673232385e+00
9.652777777777778179e-02,3.475000000000000000e+01,3.572398714862584646e-01,7.796876800125706053e-01,4.241314626160669343e-01,6.999503079211270018e-01,1.672884165499111786e+00,-1.448637030032002615e+00,1.822288598394904202e+00,-1.579519902980664581e+00
9.687500000000000278e-02,3.487500000000000000e+01,3.578206803256944735e-01,7.791835932442052748e-01,4.247640400253163695e-01,6.994021131520880008e-01,1.672586063177414983e+00,-1.454930564743905252e+00,1.821356460138448652e+00,-1.578094634963807419e+00
9.722222222222222376e-02,3.500000000000000000e+01,3.584013974423023163e-01,7.786772922530325047e-01,4.253962929225919010e-01,6.988544000716526705e-01,1.672355842010802229e+00,-1.461390953400918846e+00,1.820419409425239277e+00,-1.576745376622659789e+00
9.756944444444444475e-02,3.512500000000000000e+01,3.589820464059281790e-01,7.781687191036552598e-01,4.260282196021793477e-01,6.983071422875726242e-01,1.672193501999273524e+00,-1.468018196003041176e+00,1.819477446255275188e+00,-1.575472127957222135e+00
9.791666666666666574e-02,3.525000000000000000e+01,3.595626507864169152e-01,7.776578158606756164e-01,4.266598183583643622e-01,6.977603134075993641e-01,1.672099043142828645e+00,-1.474812292550269577e+00,1.818530570628557719e+00,-1.574274888967495123e+00
9.826388888888888673e-02,3.537500000000000000e+01,3.601432341536147108e-01,7.771445245886962061e-01,4.272910874854332075e-01,6.972138870394847254e-01,1.672072465441468259e+00,-1.481773243042608934e+00,1.817578782545085758e+00,-1.573153659653478309e+00
9.861111111111112160e-02,3.550000000000000711e+01,3.607238200773666414e-01,7.766287873523191054e-01,4.279220252776714251e-01,6.966678367909794334e-01,1.672113768895191699e+00,-1.488901047480057027e+00,1.816622082004860195e+00,-1.572108440015171249e+00
9.895833333333334259e-02,3.562500000000000000e+01,3.613044321275182824e-01,7.761105462161469459e-01,4.285526300293651669e-01,6.961221362698357673e-01,1.672222953503998966e+00,-1.496195705862610970e+00,1.815660469007880140e+00,-1.571139230052574831e+00
9.930555555555556357e-02,3.575000000000000000e+01,3.618850938739150980e-01,7.755897432447820261e-01,4.291829000348001411e-01,6.955767590838046743e-01,1.672400019267890725e+00,-1.503657218190276090e+00,1.814693943554145816e+00,-1.570246029765688611e+00
9.965277777777778456e-02,3.587500000000000000e+01,3.624658288864027189e-01,7.750663294859413410e-01,4.298128335882620554e-01,6.950316788406377677e-01,1.672644966186866311e+00,-1.511198165413299543e+00,1.813722505643657446e+00,-1.569428839154512145e+00
1.000000000000000056e-01,3.600000000000000000e+01,3.630466607348265540e-01,7.745403064160570894e-01,4.304424289840366735e-01,6.944868691480867717e-01,1.672957794260925946e+00,-1.518685558991752060e+00,1.812746155276415250e+00,-1.568687658219046099e+00
1.003472222222222265e-01,3.612500000000000000e+01,3.636276129890324005e-01,7.740116930964534570e-01,4.310716845164103694e-01,6.939423036139028556e-01,1.673338503490069851e+00,-1.526118003796262279e+00,1.811764892452418785e+00,-1.568022486959290029e+00
1.006944444444444475e-01,3.625000000000000000e+01,3.642087092188656117e-01,7.734805086065659196e-01,4.317005984796683515e-01,6.933979558458376324e-01,1.673787093874297804e+00,-1.533495499826823760e+00,1.810778717171668495e+00,-1.567433325375243935e+00
1.010416666666666685e-01,3.637500000000000000e+01,3.647899729941712632e-01,7.729467720258299535e-01,4.323291691680970494e-01,6.928537994516429377e-01,1.674303565413609585e+00,-1.540818047083442721e+00,1.809787629434163714e+00,-1.566920173466908706e+00
1.013888888888888895e-01,3.650000000000000000e+01,3.653714278847957631e-01,7.724105024336808123e-01,4.329573948759819491e-01,6.923098080390694964e-01,1.674887918108005636e+00,-1.548085645566116719e+00,1.808791629239904664e+00,-1.566483031234283452e+00
1.017361111111111105e-01,3.662500000000000000e+01,3.659530974605838538e-01,7.718717189095540832e-01,4.335852738976088139e-01,6.917659552158694769e-01,1.675540151957485735e+00,-1.555298295274845088e+00,1.807790716588892233e+00,-1.566121898677367730e+00
1.020833333333333315e-01,3.675000000000000000e+01,3.665350052913812773e-01,7.713304405328851310e-01,4.342128045272639070e-01,6.912222145897940484e-01,1.676260266962049661e+00,-1.562455996209624942e+00,1.806784891481124866e+00,-1.565836775796162650e+00
1.024305555555555663e-01,3.687500000000000711e+01,3.671171749470338308e-01,7.707866863831092097e-01,4.348399850592328808e-01,6.906785597685948241e-01,1.677048263121697858e+00,-1.569558748370462276e+00,1.805774153916603897e+00,-1.565627662590667990e+00
1.027777777777777873e-01,3.700000000000000000e+01,3.676996299973867011e-01,7.702404755396620173e-01,4.354668137878012213e-01,6.901349643600230843e-01,1.677904140436430103e+00,-1.576606551757351316e+00,1.804758503895328658e+00,-1.565494559060882862e+00
1.031250000000000083e-01,3.712500000000000000e+01,3.682823940122852413e-01,7.696918270819783636e-01,4.360932890072554136e-01,6.895914019718308863e-01,1.678827898906246174e+00,-1.583599406370297613e+00,1.803737941417299373e+00,-1.565437465206808376e+00
1.034722222222222293e-01,3.725000000000000000e+01,3.688654905615755819e-01,7.691407600894942798e-01,4.367194090118808880e-01,6.890478462117689551e-01,1.679819538531146739e+00,-1.590537312209298948e+00,1.802712466482515596e+00,-1.565456381028444088e+00
1.038194444444444503e-01,3.737500000000000000e+01,3.694489432151027986e-01,7.685872936416447976e-01,4.373451720959634637e-01,6.885042706875892371e-01,1.680879059311130908e+00,-1.597420269274354432e+00,1.801682079090978439e+00,-1.565551306525789554e+00
1.041666666666666713e-01,3.750000000000000000e+01,3.700327755427123000e-01,7.680314468178656151e-01,4.379705765537893480e-01,6.879606490070433455e-01,1.682006461246199125e+00,-1.604248277565461844e+00,1.800646779242686790e+00,-1.565722241698845663e+00
1.045138888888888923e-01,3.762500000000000000e+01,3.706170111142499390e-01,7.674732386975917642e-01,4.385956206796438051e-01,6.874169547778822276e-01,1.683201744336352057e+00,-1.611021337082626292e+00,1.799606566937641317e+00,-1.565969186547611303e+00
1.048611111111111133e-01,3.775000000000000000e+01,3.712016734995612355e-01,7.669126883602590539e-01,4.392203027678133753e-01,6.868731616078580515e-01,1.684464908581589038e+00,-1.617739447825842891e+00,1.798561442175841130e+00,-1.566292141072087585e+00
1.052083333333333343e-01,3.787500000000000000e+01,3.717867862684911540e-01,7.663498148853022940e-01,4.398446211125836558e-01,6.863292431047216535e-01,1.685795953981909179e+00,-1.624402609795116748e+00,1.797511404957287118e+00,-1.566691105272274287e+00
1.055555555555555552e-01,3.800000000000000000e+01,3.723723729908859914e-01,7.657846373521575156e-01,4.404685740082403544e-01,6.857851728762248689e-01,1.687194880537314035e+00,-1.631010822990444975e+00,1.796456455281978837e+00,-1.567166079148170965e+00
1.059027777777777762e-01,3.812500000000000000e+01,3.729584572365905459e-01,7.652171748402596396e-01,4.410921597490690682e-01,6.852409245301191998e-01,1.688661688247802273e+00,-1.637564087411825131e+00,1.795396593149916731e+00,-1.567717062699777841e+00
1.062499999999999972e-01,3.825000000000000000e+01,3.735450625754508924e-01,7.646474464290443640e-01,4.417153766293563377e-01,6.846964716741561485e-01,1.690196377113375226e+00,-1.644062403059262545e+00,1.794331818561100578e+00,-1.568344055927094249e+00
1.065972222222222321e-01,3.837500000000000000e+01,3.741322125773124396e-01,7.640754711979469427e-01,4.423382229433873158e-01,6.841517879160869953e-01,1.691798947134032227e+00,-1.650505769932754330e+00,1.793262131515530378e+00,-1.569047058830121744e+00
1.069444444444444531e-01,3.850000000000000000e+01,3.747199308120204297e-01,7.635012682264029626e-01,4.429606969854484322e-01,6.836068468636635753e-01,1.693469398309773721e+00,-1.656894188032298265e+00,1.792187532013205908e+00,-1.569826071408858326e+00
1.072916666666666741e-01,3.862500000000000000e+01,3.753082408494203270e-01,7.629248565938473448e-01,4.435827970498252837e-01,6.830616221246369468e-01,1.695207730640598154e+00,-1.663227657357899014e+00,1.791108020054126726e+00,-1.570681093663305772e+00
1.076388888888888951e-01,3.875000000000000000e+01,3.758971662593581509e-01,7.623462553797160091e-01,4.442045214308036893e-01,6.825160873067588341e-01,1.697013944126507523e+00,-1.669506177909554800e+00,1.790023595638294163e+00,-1.571612125593463638e+00
1.079861111111111160e-01,3.887500000000000000e+01,3.764867306116788659e-01,7.617654836634443205e-01,4.448258684226692461e-01,6.819702160177807393e-01,1.698888038767500053e+00,-1.675729749687262293e+00,1.788934258765707330e+00,-1.572619167199331702e+00
1.083333333333333370e-01,3.900000000000000000e+01,3.770769574762284360e-01,7.611825605244673110e-01,4.454468363197083836e-01,6.814239818654542757e-01,1.700830014563577519e+00,-1.681898372691027266e+00,1.787840009436366229e+00,-1.573702218480909076e+00
1.086805555555555580e-01,3.912500000000000000e+01,3.776678704228522143e-01,7.605975050422207895e-01,4.460674234162063656e-01,6.808773584575307236e-01,1.702839871514739034e+00,-1.688012046920843501e+00,1.786740847650271302e+00,-1.574861279438197315e+00
1.090277777777777790e-01,3.925000000000000000e+01,3.782594930213954987e-01,7.600103362961396769e-01,4.466876280064496774e-01,6.803303194017615851e-01,1.704917609620983709e+00,-1.694070772376717438e+00,1.785636773407421884e+00,-1.576096350071195085e+00
1.093750000000000000e-01,3.937500000000000000e+01,3.788518488417040864e-01,7.594210733656597823e-01,4.473074483847236937e-01,6.797828383058984736e-01,1.707063228882313322e+00,-1.700074549058645523e+00,1.784527786707818864e+00,-1.577407430379903497e+00
1.097222222222222210e-01,3.950000000000000000e+01,3.794449614536235527e-01,7.588297353302161374e-01,4.479268828453141782e-01,6.792348887776926691e-01,1.709276729298727204e+00,-1.706023376966628646e+00,1.783413887551461352e+00,-1.578794520364322551e+00
1.100694444444444420e-01,3.962500000000000000e+01,3.800388544269989177e-01,7.582363412692447735e-01,4.485459296825073938e-01,6.786864444248960071e-01,1.711558110870224247e+00,-1.711917256100663476e+00,1.782295075938349571e+00,-1.580257620024450693e+00
1.104166666666666768e-01,3.975000000000000711e+01,3.806335513316763119e-01,7.576409102621801672e-01,4.491645871905890486e-01,6.781374788552595456e-01,1.713907373596806227e+00,-1.717756186460755341e+00,1.781171351868484187e+00,-1.581796729360289921e+00
1.107638888888888978e-01,3.987500000000000000e+01,3.812290757375009220e-01,7.570434613884589048e-01,4.497828536638446839e-01,6.775879656765352310e-01,1.716324517478472034e+00,-1.723540168046899579e+00,1.780042715341864534e+00,-1.583411848371838238e+00
1.111111111111111188e-01,4.000000000000000000e+01,3.818254512143181567e-01,7.564440137275152409e-01,4.504007273965605074e-01,6.770378784964741214e-01,1.718809542515220778e+00,-1.729269200859100630e+00,1.778909166358490612e+00,-1.585102977059097640e+00
1.114583333333333398e-01,4.012500000000000000e+01,3.824227013319738688e-01,7.558425863587850957e-01,4.510182066830223380e-01,6.764871909228278302e-01,1.721362448707054904e+00,-1.734943284897356053e+00,1.777770704918362421e+00,-1.586870115422067462e+00
1.118055555555555608e-01,4.025000000000000000e+01,3.830208496603133561e-01,7.552391983617036120e-01,4.516352898175157726e-01,6.759358765633480814e-01,1.723983236053973300e+00,-1.740562420161666068e+00,1.776627331021480849e+00,-1.588713263460747038e+00
1.121527777777777818e-01,4.037500000000000000e+01,3.836199197691819718e-01,7.546338688157067098e-01,4.522519750943269634e-01,6.753839090257862665e-01,1.726671904555974413e+00,-1.746126606652028457e+00,1.775479044667844564e+00,-1.590632421175136368e+00
1.125000000000000028e-01,4.050000000000000000e+01,3.842199352284256797e-01,7.540266168002294211e-01,4.528682608077413962e-01,6.748312619178936655e-01,1.729428454213060462e+00,-1.751635844368447437e+00,1.774325845857454675e+00,-1.592627588565236563e+00
1.128472222222222238e-01,4.062500000000000000e+01,3.848209196078897221e-01,7.534174613947073329e-01,4.534841452520453897e-01,6.742779088474221139e-01,1.732252885025231226e+00,-1.757090133310919011e+00,1.773167734590309852e+00,-1.594698765631046067e+00
1.131944444444444448e-01,4.075000000000000000e+01,3.854228964774193411e-01,7.528064216785752549e-01,4.540996267215244853e-01,6.737238234221226696e-01,1.735145196992484262e+00,-1.762489473479447399e+00,1.772004710866411203e+00,-1.596845952372566213e+00
1.135416666666666657e-01,4.087500000000000000e+01,3.860258894068606672e-01,7.521935167312693293e-01,4.547147035104647239e-01,6.731689792497470570e-01,1.738105390114822679e+00,-1.767833864874030381e+00,1.770836774685758508e+00,-1.599069148789797001e+00
1.138888888888888867e-01,4.100000000000000000e+01,3.866299219660586095e-01,7.515787656322246990e-01,4.553293739131515361e-01,6.726133499380467784e-01,1.741133464392244257e+00,-1.773123307494665291e+00,1.769663926048351987e+00,-1.601368354882737988e+00
1.142361111111111216e-01,4.112500000000000711e+01,3.872350177248592984e-01,7.509621874608766179e-01,4.559436362238713514e-01,6.720569090947735580e-01,1.744229419824750771e+00,-1.778357801341357236e+00,1.768486164954190976e+00,-1.603743570651388284e+00
1.145833333333333426e-01,4.125000000000000000e+01,3.878412002531078095e-01,7.503438012966603399e-01,4.565574887369093227e-01,6.714996303276783429e-01,1.747393256412341778e+00,-1.783537346414103775e+00,1.767303491403276583e+00,-1.606194796095749222e+00
1.149305555555555636e-01,4.137500000000000000e+01,3.884484931206498848e-01,7.497236262190120071e-01,4.571709297465521016e-01,6.709414872445131905e-01,1.750624974155016389e+00,-1.788661942712902686e+00,1.766115905395607255e+00,-1.608722031215819470e+00
1.152777777777777846e-01,4.150000000000000000e+01,3.890569198973305998e-01,7.491016813073660963e-01,4.577839575470851186e-01,6.703824534530289370e-01,1.753924573052774161e+00,-1.793731590237758411e+00,1.764923406931183658e+00,-1.611325276011601471e+00
1.156250000000000056e-01,4.162500000000000000e+01,3.896665041529960849e-01,7.484779856411584165e-01,4.583965704327942481e-01,6.698225025609776395e-01,1.757292053105617313e+00,-1.798746288988668507e+00,1.763725996010006458e+00,-1.614004530483093003e+00
1.159722222222222265e-01,4.175000000000000000e+01,3.902772694574913048e-01,7.478525582998246657e-01,4.590087666979650316e-01,6.692616081761105784e-01,1.760727414313542294e+00,-1.803706038965630754e+00,1.762523672632075433e+00,-1.616759794630294955e+00
1.163194444444444475e-01,4.187500000000000000e+01,3.908892393806621679e-01,7.472254183627996538e-01,4.596205446368838432e-01,6.686997439061794779e-01,1.764230656676553322e+00,-1.808610840168650258e+00,1.761316436797389695e+00,-1.619591068453205773e+00
1.166666666666666685e-01,4.200000000000000000e+01,3.915024374923541939e-01,7.465965849095195228e-01,4.602319025438362243e-01,6.681368833589352851e-01,1.767801780194648620e+00,-1.813460692597721913e+00,1.760104288505950354e+00,-1.622498351951828122e+00
1.170138888888888895e-01,4.212500000000000000e+01,3.921168873624127360e-01,7.459660770194187496e-01,4.608428387131082715e-01,6.675730001421300575e-01,1.771440784867827967e+00,-1.818255596252849715e+00,1.758887227757756522e+00,-1.625481645126159558e+00
1.173611111111111105e-01,4.225000000000000000e+01,3.927326125606830920e-01,7.453339137719333651e-01,4.614533514389856372e-01,6.670080678635148530e-01,1.775147670696089808e+00,-1.822995551134032777e+00,1.757665254552808642e+00,-1.628540947976202080e+00
1.177083333333333315e-01,4.237500000000000000e+01,3.933496366570109481e-01,7.447001142464984014e-01,4.620634390157539739e-01,6.664420612487649276e-01,1.778922437679435697e+00,-1.827680557241270209e+00,1.756438368891107160e+00,-1.631660429483549501e+00
1.180555555555555663e-01,4.250000000000000711e+01,3.939679832212421573e-01,7.440646975225498894e-01,4.626730997376997112e-01,6.658749710983573600e-01,1.782765085817867190e+00,-1.832310614574560015e+00,1.755206570772650743e+00,-1.634777329150523206e+00
1.184027777777777873e-01,4.262500000000000000e+01,3.945876758232220727e-01,7.434276826795224169e-01,4.632823318991082240e-01,6.653068002616562282e-01,1.786675615111382731e+00,-1.836885723133906412e+00,1.753969860197440722e+00,-1.637885182535010919e+00
1.187500000000000083e-01,4.275000000000000000e+01,3.952087380327960475e-01,7.427890887968520151e-01,4.638911337942653312e-01,6.647375518797318250e-01,1.790654025559982321e+00,-1.841405882919305625e+00,1.752728237165476211e+00,-1.640983989637013973e+00
1.190972222222222293e-01,4.287500000000000000e+01,3.958311934198096016e-01,7.421489349539736047e-01,4.644995037174572960e-01,6.641672290936539991e-01,1.794700317163665959e+00,-1.845871093930761431e+00,1.751481701676757874e+00,-1.644073750456534144e+00
1.194444444444444503e-01,4.300000000000000000e+01,3.964550655541080881e-01,7.415072402303228838e-01,4.651074399629696599e-01,6.635958350444934872e-01,1.798814489922431870e+00,-1.850281356168271385e+00,1.750230253731285046e+00,-1.647154464993569212e+00
1.197916666666666713e-01,4.312500000000000000e+01,3.970803780055372489e-01,7.408640237053351063e-01,4.657149408250881306e-01,6.630233728733206933e-01,1.802996543836282051e+00,-1.854636669631835932e+00,1.748973893329058837e+00,-1.650226133248120064e+00
1.201388888888888923e-01,4.325000000000000000e+01,3.977071543439428813e-01,7.402193044584459702e-01,4.663220045980989159e-01,6.624498457212059099e-01,1.807246478905217835e+00,-1.858937034321453519e+00,1.747712620470078138e+00,-1.653288755220184925e+00
1.204861111111111133e-01,4.337500000000000000e+01,3.983354181391701165e-01,7.395731015690905075e-01,4.669286295762875016e-01,6.618752567292190969e-01,1.811564295129238111e+00,-1.863182450237127030e+00,1.746446435154343835e+00,-1.656342330909766014e+00
1.208333333333333343e-01,4.350000000000000000e+01,3.989651929610645853e-01,7.389254341167043050e-01,4.675348140539402064e-01,6.612996090384309911e-01,1.815949992508341770e+00,-1.867372917378853581e+00,1.745175337381854819e+00,-1.659386860316862000e+00
1.211805555555555552e-01,4.362500000000000000e+01,3.995965023794715854e-01,7.382763211807225057e-01,4.681405563253426272e-01,6.607229057899114411e-01,1.820403571042528146e+00,-1.871508435746636279e+00,1.743899327152611534e+00,-1.662422343441473993e+00
1.215277777777777762e-01,4.375000000000000000e+01,4.002293699642370250e-01,7.376257818405806965e-01,4.687458546847804719e-01,6.601451501247309617e-01,1.824925030731800346e+00,-1.875589005340473570e+00,1.742618404466614201e+00,-1.665448780283601771e+00
1.218750000000000111e-01,4.387500000000000711e+01,4.008638192852059245e-01,7.369738351757144645e-01,4.693507074265396706e-01,6.595663451839598457e-01,1.829514371576154597e+00,-1.879614626160365454e+00,1.741332569323863488e+00,-1.668466170843244889e+00
1.222222222222222321e-01,4.400000000000000000e+01,4.014998739122244698e-01,7.363205002655589526e-01,4.699551128449062087e-01,6.589864941086688299e-01,1.834171593575594894e+00,-1.883585298206310155e+00,1.740041821724357840e+00,-1.671474515120402016e+00
1.225694444444444531e-01,4.412500000000000000e+01,4.021375574151376808e-01,7.356657961895497477e-01,4.705590692341656833e-01,6.584056000399275410e-01,1.838896696730119240e+00,-1.887501021478311003e+00,1.738746161668098589e+00,-1.674473813115076037e+00
1.229166666666666741e-01,4.425000000000000000e+01,4.027768933637912996e-01,7.350097420271221038e-01,4.711625748886043019e-01,6.578236661188069379e-01,1.843689681039727857e+00,-1.891361795976365112e+00,1.737445589155084846e+00,-1.677464064827264068e+00
1.232638888888888951e-01,4.437500000000000000e+01,4.034179053280304017e-01,7.343523568577112748e-01,4.717656281025077170e-01,6.572406954863766471e-01,1.848550546504418302e+00,-1.895167621700475147e+00,1.736140104185316835e+00,-1.680445270256968993e+00
1.236111111111111160e-01,4.450000000000000000e+01,4.040606168777011176e-01,7.336936597607527366e-01,4.723682271701616919e-01,6.566566912837072945e-01,1.853479293124195015e+00,-1.898918498650639552e+00,1.734829706758795220e+00,-1.683417429404189036e+00
1.239583333333333370e-01,4.462500000000000000e+01,4.047050515826483563e-01,7.330336698156824093e-01,4.729703703858520458e-01,6.560716566518690618e-01,1.858475920899053557e+00,-1.902614426826857441e+00,1.733514396875519559e+00,-1.686380542268924421e+00
1.243055555555555580e-01,4.475000000000000000e+01,4.053512330127183039e-01,7.323724061019351028e-01,4.735720560438649862e-01,6.554855947319329079e-01,1.863540429828998146e+00,-1.906255406229131033e+00,1.732194174535489406e+00,-1.689334608851173813e+00
1.246527777777777790e-01,4.487500000000000000e+01,4.059991847377560359e-01,7.317098876989464040e-01,4.741732824384858325e-01,6.548985086649682374e-01,1.868672819914026784e+00,-1.909841436857457886e+00,1.730869039738705428e+00,-1.692279629150940323e+00
1.250000000000000000e-01,4.500000000000000000e+01,4.066489303276072387e-01,7.310461336861513448e-01,4.747740478640009032e-01,6.543104015920461203e-01,1.873873091154139692e+00,-1.913372518711840886e+00,1.729538992485167181e+00,-1.695215603168220619e+00
1.253472222222222210e-01,4.512500000000000000e+01,4.073004933521170989e-01,7.303811631429859563e-01,4.753743506146959064e-01,6.537212766542361830e-01,1.879141243549334872e+00,-1.916848651792278035e+00,1.728204032774874443e+00,-1.698142530903017589e+00
1.256944444444444420e-01,4.525000000000000000e+01,4.079538973811313585e-01,7.297149951488850483e-01,4.759741889848564389e-01,6.531311369926088295e-01,1.884477277099613213e+00,-1.920269836098770000e+00,1.726864160607828769e+00,-1.701060412355330120e+00
1.260416666666666630e-01,4.537500000000000000e+01,4.086091659844958701e-01,7.290476487832845409e-01,4.765735612687688194e-01,6.525399857482351296e-01,1.889881191804978267e+00,-1.923636071631314781e+00,1.725519375984027715e+00,-1.703969247525157105e+00
1.263888888888888840e-01,4.550000000000000000e+01,4.092663227320557096e-01,7.283791431256196880e-01,4.771724657607185893e-01,6.519478260621843768e-01,1.895352987665428035e+00,-1.926947358389915932e+00,1.724169678903472835e+00,-1.706869036412500540e+00
1.267361111111111049e-01,4.562500000000000000e+01,4.099253911936566186e-01,7.277094972553257435e-01,4.777709007549914011e-01,6.513546610755276411e-01,1.900892664680960964e+00,-1.930203696374569899e+00,1.722815069366164797e+00,-1.709759779017357983e+00
1.270833333333333259e-01,4.575000000000000000e+01,4.105863949391437284e-01,7.270387302518380723e-01,4.783688645458735733e-01,6.507604939293347712e-01,1.906500222851576165e+00,-1.933405085585280236e+00,1.721455547372101380e+00,-1.712641475339732100e+00
1.274305555555555469e-01,4.587500000000000000e+01,4.112493575383630584e-01,7.263668611945919285e-01,4.789663554276508695e-01,6.501653277646761708e-01,1.912175662177277191e+00,-1.936551526022044500e+00,1.720091112921284360e+00,-1.715514125379621557e+00
1.277777777777777957e-01,4.600000000000000711e+01,4.119143025611599618e-01,7.256939091630232319e-01,4.795633716946088865e-01,6.495691657226222437e-01,1.917918982658062710e+00,-1.939643017684863580e+00,1.718721766013713070e+00,-1.718377729137026577e+00
1.281250000000000167e-01,4.612500000000000711e+01,4.125812535773796252e-01,7.250198932365672366e-01,4.801599116410333323e-01,6.489720109442431717e-01,1.923730184293930057e+00,-1.942679560573735920e+00,1.717347506649388178e+00,-1.721232286611946716e+00
1.284722222222222376e-01,4.625000000000000711e+01,4.132502341568680682e-01,7.243448324946588635e-01,4.807559735612106366e-01,6.483738665706095805e-01,1.929609267084883673e+00,-1.945661154688664185e+00,1.715968334828308572e+00,-1.724077797804381307e+00
1.288194444444444586e-01,4.637500000000000711e+01,4.139212678694705883e-01,7.236687460167341435e-01,4.813515557494260078e-01,6.477747357427916519e-01,1.935556231030921337e+00,-1.948587800029645933e+00,1.714584250550475364e+00,-1.726914262714331461e+00
1.291666666666666796e-01,4.650000000000000711e+01,4.145943782850323722e-01,7.229916528822279975e-01,4.819466564999658753e-01,6.471746216018592346e-01,1.941571076132040385e+00,-1.951459496596683385e+00,1.713195253815887886e+00,-1.729741681341797843e+00
1.295138888888889006e-01,4.662500000000000711e+01,4.152695889733996060e-01,7.223135721705757906e-01,4.825412741071157807e-01,6.465735272888830654e-01,1.947653802388246147e+00,-1.954276244389775208e+00,1.711801344624545917e+00,-1.732560053686780011e+00
1.298611111111111216e-01,4.675000000000000711e+01,4.159469235044170876e-01,7.216345229612134426e-01,4.831354068651614875e-01,6.459714559449334370e-01,1.953804409799533737e+00,-1.957038043408921624e+00,1.710402522976450568e+00,-1.735369379749276852e+00
1.302083333333333426e-01,4.687500000000000000e+01,4.166264054479310586e-01,7.209545243335759857e-01,4.837290530683890921e-01,6.453684107110806423e-01,1.960022898365907151e+00,-1.959744893654121523e+00,1.708998788871600283e+00,-1.738169659529289035e+00
1.305555555555555636e-01,4.700000000000000000e+01,4.173080583737865390e-01,7.202735953670987845e-01,4.843222110110840806e-01,6.447643947283949739e-01,1.966309268087365503e+00,-1.962396795125376903e+00,1.707590142309997061e+00,-1.740960893026816558e+00
1.309027777777777846e-01,4.712500000000000000e+01,4.179919058518293262e-01,7.195917551412174262e-01,4.849148789875329379e-01,6.441594111379467247e-01,1.972663518963907459e+00,-1.964993747822685988e+00,1.706176583291638682e+00,-1.743743080241858978e+00
1.312500000000000056e-01,4.725000000000000000e+01,4.186779714519043294e-01,7.189090227353670537e-01,4.855070552920210392e-01,6.435534630808059653e-01,1.979085650995531243e+00,-1.967535751746050110e+00,1.704758111816526256e+00,-1.746516221174418071e+00
1.315972222222222265e-01,4.737500000000000000e+01,4.193662787438579564e-01,7.182254172289831429e-01,4.860987382188342587e-01,6.429465536980433216e-01,1.985575664182241296e+00,-1.970022806895469492e+00,1.703334727884659783e+00,-1.749280315824492282e+00
1.319444444444444475e-01,4.750000000000000000e+01,4.200568512975349500e-01,7.175409577015015028e-01,4.866899260622583601e-01,6.423386861307289752e-01,1.992133558524032955e+00,-1.972454913270942578e+00,1.701906431496039707e+00,-1.752035364192082056e+00
1.322916666666666685e-01,4.762500000000000000e+01,4.207497126827813849e-01,7.168556632323569433e-01,4.872806171165795508e-01,6.417298635199333301e-01,1.998759334020911327e+00,-1.974832070872470480e+00,1.700473222650664917e+00,-1.754781366277186505e+00
1.326388888888888895e-01,4.775000000000000000e+01,4.214448864694425589e-01,7.161695529009854955e-01,4.878708096760832058e-01,6.411200890067265679e-01,2.005452990672873970e+00,-1.977154279700052530e+00,1.699035101348536747e+00,-1.757518322079806961e+00
1.329861111111111105e-01,4.787500000000000000e+01,4.221423962273640473e-01,7.154826457868216361e-01,4.884605020350556437e-01,6.405093657321793144e-01,2.012214528479920439e+00,-1.979421539753689396e+00,1.697592067589653864e+00,-1.760246231599941868e+00
1.333333333333333315e-01,4.800000000000000000e+01,4.228422655263909258e-01,7.147949609693012851e-01,4.890496924877825724e-01,6.398976968373611962e-01,2.019043947442048292e+00,-1.981633851033381077e+00,1.696144121374016489e+00,-1.762965094837593227e+00
1.336805555555555525e-01,4.812500000000000000e+01,4.235445179363691026e-01,7.141065175278599186e-01,4.896383793285494779e-01,6.392850854633430613e-01,2.025941247559259750e+00,-1.983791213539127574e+00,1.694691262701626178e+00,-1.765674911792759705e+00
1.340277777777777735e-01,4.825000000000000000e+01,4.242491770271444307e-01,7.134173345419332346e-01,4.902265608516428452e-01,6.386715347511950913e-01,2.032906428831558365e+00,-1.985893627270927775e+00,1.693233491572480709e+00,-1.768375682465441967e+00
1.343749999999999944e-01,4.837500000000000000e+01,4.249562663685619301e-01,7.127274310909559318e-01,4.908142353513481049e-01,6.380570478419879121e-01,2.039939491258941917e+00,-1.987941092228783679e+00,1.691770807986581637e+00,-1.771067406855638682e+00
1.347222222222222154e-01,4.850000000000000000e+01,4.256658095304673428e-01,7.120368262543640414e-01,4.914014011219509093e-01,6.374416278767913724e-01,2.047040434841408629e+00,-1.989933608412692623e+00,1.690303211943928519e+00,-1.773750084963350515e+00
1.350694444444444364e-01,4.862500000000000000e+01,4.263778300827057999e-01,7.113455391115924842e-01,4.919880564577376880e-01,6.368252779966757648e-01,2.054209259578956281e+00,-1.991871175822656825e+00,1.688830703444521131e+00,-1.776423716788578577e+00
1.354166666666666852e-01,4.875000000000000711e+01,4.270923515951233762e-01,7.106535887420766251e-01,4.925741996529939826e-01,6.362080013427113823e-01,2.061445965471591091e+00,-1.993753794458676065e+00,1.687353282488359030e+00,-1.779088302331322646e+00
1.357638888888889062e-01,4.887500000000000711e+01,4.278093976375653140e-01,7.099609942252521622e-01,4.931598290020055564e-01,6.355898010559688505e-01,2.068750552519310837e+00,-1.995581464320749232e+00,1.685870949075443548e+00,-1.781743841591581612e+00
1.361111111111111271e-01,4.900000000000000711e+01,4.285289917798769110e-01,7.092677746405547934e-01,4.937449427990582285e-01,6.349706802775183512e-01,2.076123020722110635e+00,-1.997354185408877214e+00,1.684383703205774241e+00,-1.784390334569356584e+00
1.364583333333333481e-01,4.912500000000000711e+01,4.292511575919041311e-01,7.085739490674189955e-01,4.943295393384381509e-01,6.343506421484302882e-01,2.083563370079998034e+00,-1.999071957723059789e+00,1.682891544879350221e+00,-1.787027781264644899e+00
1.368055555555555691e-01,4.925000000000000711e+01,4.299759186434922720e-01,7.078795365852809107e-01,4.949136169144307540e-01,6.337296898097749542e-01,2.091071600592969038e+00,-2.000734781263296291e+00,1.681394474096172376e+00,-1.789656181677449442e+00
1.371527777777777901e-01,4.937500000000000711e+01,4.307032985044865758e-01,7.071845562735757929e-01,4.954971738213224675e-01,6.331078264026223090e-01,2.098647712261021425e+00,-2.002342656029588497e+00,1.679892490856240039e+00,-1.792275535807770215e+00
1.375000000000000111e-01,4.950000000000000711e+01,4.314333207447330620e-01,7.064890272117387848e-01,4.960802083533986107e-01,6.324850550680427563e-01,2.106291705084160970e+00,-2.003895582021935073e+00,1.678385595159553656e+00,-1.794885843655606328e+00
1.378472222222222321e-01,4.962500000000000000e+01,4.321660089340766953e-01,7.057929684792054736e-01,4.966627188049451136e-01,6.318613789471069220e-01,2.114003579062381011e+00,-2.005393559240335133e+00,1.676873787006113670e+00,-1.797487105220958004e+00
1.381944444444444531e-01,4.975000000000000000e+01,4.329013866423636614e-01,7.050963991554114463e-01,4.972447034702480728e-01,6.312368011808850987e-01,2.121783334195688209e+00,-2.006836587684790452e+00,1.675357066395919192e+00,-1.800079320503823688e+00
1.385416666666666741e-01,4.987500000000000000e+01,4.336394774394390916e-01,7.043993383197916236e-01,4.978261606435929743e-01,6.306113249104471352e-01,2.129630970484080343e+00,-2.008224667355300586e+00,1.673835433328971112e+00,-1.802662489504206489e+00
1.388888888888888951e-01,5.000000000000000000e+01,4.343803048951485613e-01,7.037018050517823697e-01,4.984070886192660810e-01,6.299849532768641014e-01,2.137546487927555638e+00,-2.009557798251865091e+00,1.672308887805268318e+00,-1.805236612222103076e+00
1.392361111111111160e-01,5.012500000000000000e+01,4.351238925793372014e-01,7.030038184308177174e-01,4.989874856915531565e-01,6.293576894212054018e-01,2.145529886526112762e+00,-2.010835980374483523e+00,1.670777429824811255e+00,-1.807801688657516337e+00
1.395833333333333370e-01,5.025000000000000000e+01,4.358702640618511981e-01,7.023053975363338086e-01,4.995673501547399642e-01,6.287295364845417733e-01,2.153581166279756154e+00,-2.012059213723157214e+00,1.669241059387600368e+00,-1.810357718810444938e+00
1.399305555555555580e-01,5.037500000000000000e+01,4.366194429125354604e-01,7.016065614477663415e-01,5.001466803031120456e-01,6.281004976079436197e-01,2.161700327188480930e+00,-2.013227498297884832e+00,1.667699776493635655e+00,-1.812904702680888880e+00
1.402777777777777790e-01,5.050000000000000000e+01,4.373714527012361186e-01,7.009073292445499037e-01,5.007254744309557193e-01,6.274705759324813448e-01,2.169887369252292864e+00,-2.014340834098667710e+00,1.666153581142916673e+00,-1.815442640268847496e+00
1.406250000000000000e-01,5.062500000000000000e+01,4.381263169977982486e-01,7.002077200061207485e-01,5.013037315502278934e-01,6.268397745992249082e-01,2.178142292471189290e+00,-2.015399221125504958e+00,1.664611857774815240e+00,-1.817971531574322341e+00
1.409722222222222210e-01,5.075000000000000000e+01,4.388840593720675920e-01,6.995077528119135746e-01,5.018814591978212336e-01,6.262080967492449357e-01,2.186465096845169320e+00,-2.016402659378396134e+00,1.663105738765715103e+00,-1.820491376597311417e+00
1.413194444444444420e-01,5.087500000000000000e+01,4.396447033938891691e-01,6.988074467413640800e-01,5.024586704982617613e-01,6.255755455236113871e-01,2.194855782374230291e+00,-2.017351148857342569e+00,1.661637698173911382e+00,-1.823002175337816944e+00
1.416666666666666630e-01,5.100000000000000000e+01,4.404082726331088327e-01,6.981068208739075187e-01,5.030353786732216781e-01,6.249421240633947772e-01,2.203314349058374422e+00,-2.018244689562343375e+00,1.660207735999404743e+00,-1.825503927795837811e+00
1.420138888888888840e-01,5.112500000000000000e+01,4.411747906595726021e-01,6.974058942889798107e-01,5.036115969443744067e-01,6.243078355096652876e-01,2.211840796897607486e+00,-2.019083281493398996e+00,1.658815852242193856e+00,-1.827996633971374463e+00
1.423611111111111049e-01,5.125000000000000000e+01,4.419442810431253865e-01,6.967046860660157659e-01,5.041873385333920377e-01,6.236726830034937663e-01,2.220435125891923711e+00,-2.019866924650508544e+00,1.657462046902278940e+00,-1.830480293864425567e+00
1.427083333333333259e-01,5.137500000000000000e+01,4.427167673121515379e-01,6.960032152844510822e-01,5.047626166619473276e-01,6.230366696859498399e-01,2.229094999135533328e+00,-2.020595619033673351e+00,1.656146319979661330e+00,-1.832954907474991568e+00
1.430555555555555747e-01,5.150000000000000711e+01,4.434922555041318493e-01,6.953015010237209026e-01,5.053374445517131441e-01,6.223997986981039121e-01,2.237695149971250963e+00,-2.021269364642892086e+00,1.654868671474339026e+00,-1.835420474803074242e+00
1.434027777777777957e-01,5.162500000000000711e+01,4.442707071130344576e-01,6.945995623632608140e-01,5.059118354243621329e-01,6.217620731810266088e-01,2.246164280609475483e+00,-2.021888161478165635e+00,1.653629101386312916e+00,-1.837876995848672257e+00
1.437500000000000167e-01,5.175000000000000711e+01,4.450520766457358723e-01,6.938974183825060704e-01,5.064858025015669396e-01,6.211234962757878897e-01,2.254502391050213106e+00,-2.022452009539494000e+00,1.652427609715583889e+00,-1.840324470611785612e+00
1.440972222222222376e-01,5.187500000000000711e+01,4.458363186091111596e-01,6.931950881608923698e-01,5.070593590049999877e-01,6.204840711234582695e-01,2.262709481293457170e+00,-2.022960908826875848e+00,1.651264196462150835e+00,-1.842762899092414530e+00
1.444444444444444586e-01,5.200000000000000711e+01,4.466233875100370510e-01,6.924925907778546330e-01,5.076325181563343669e-01,6.198438008651083742e-01,2.270785551339213892e+00,-2.023414859340313843e+00,1.650138861626013975e+00,-1.845192281290557457e+00
1.447916666666666796e-01,5.212500000000000711e+01,4.474132378553889455e-01,6.917899453128290022e-01,5.082052931772421678e-01,6.192026886418080522e-01,2.278730601187480609e+00,-2.023813861079805321e+00,1.649051605207173754e+00,-1.847612617206216168e+00
1.451388888888889006e-01,5.225000000000000711e+01,4.482058241520427977e-01,6.910871708452499540e-01,5.087776972893968130e-01,6.185607375946274855e-01,2.286544630838257319e+00,-2.024157914045352058e+00,1.648002427205629283e+00,-1.850023906839391108e+00
1.454861111111111216e-01,5.237500000000000711e+01,4.490011009068740622e-01,6.903842864545535196e-01,5.093497437144705042e-01,6.179179508646372998e-01,2.294227640291540471e+00,-2.024447018236952722e+00,1.646991327621381229e+00,-1.852426150190081833e+00
1.458333333333333426e-01,5.250000000000000000e+01,4.497990226267589708e-01,6.896813112201748419e-01,5.099214456741357759e-01,6.172743315929076768e-01,2.301779629547333617e+00,-2.024681173654608202e+00,1.646018306454429814e+00,-1.854819347258287898e+00
1.461805555555555636e-01,5.262500000000000000e+01,4.505995438185737556e-01,6.889782642215497299e-01,5.104928163900658289e-01,6.166298829205093535e-01,2.309200598605638977e+00,-2.024860380298318052e+00,1.645083363704774593e+00,-1.857203498044007750e+00
1.465277777777777846e-01,5.275000000000000000e+01,4.514026189891939822e-01,6.882751645381128824e-01,5.110638690839326426e-01,6.159846079885117343e-01,2.316490547466454775e+00,-2.024984638168081830e+00,1.644186499372416010e+00,-1.859578602547244719e+00
1.468750000000000056e-01,5.287500000000000000e+01,4.522082026454954939e-01,6.875720312493005526e-01,5.116346169774097508e-01,6.153385099379860002e-01,2.323649476129780123e+00,-2.025053947263901311e+00,1.643327713457352734e+00,-1.861944660767995918e+00
1.472222222222222265e-01,5.300000000000000000e+01,4.530162492943537456e-01,6.868688834345471061e-01,5.122050732921691329e-01,6.146915919100018888e-01,2.330677384595612356e+00,-2.025068307585775162e+00,1.642507005959586319e+00,-1.864301672706263124e+00
1.475694444444444475e-01,5.312500000000000000e+01,4.538267134426454130e-01,6.861657401732886852e-01,5.127752512498837678e-01,6.140438570456299150e-01,2.337574272863957248e+00,-2.025027719133702941e+00,1.641724376879115654e+00,-1.866649638362045671e+00
1.479166666666666685e-01,5.325000000000000000e+01,4.546395495972455625e-01,6.854626205449605436e-01,5.133451640722260789e-01,6.133953084859403715e-01,2.344340140934808581e+00,-2.024932181907685980e+00,1.640979826215942072e+00,-1.868988557735344447e+00
1.482638888888888895e-01,5.337500000000000000e+01,4.554547122650308144e-01,6.847595436289979354e-01,5.139148249808690450e-01,6.127459493720039951e-01,2.350974988808172572e+00,-2.024781695907723389e+00,1.640273353970064685e+00,-1.871318430826157009e+00
1.486111111111111105e-01,5.350000000000000000e+01,4.562721559528767346e-01,6.840565285048365585e-01,5.144842471974848674e-01,6.120957828448901905e-01,2.357478816484047002e+00,-2.024576261133815169e+00,1.639604960141483714e+00,-1.873639257634486022e+00
1.489583333333333315e-01,5.362500000000000000e+01,4.570918351676591662e-01,6.833535942519113338e-01,5.150534439437469691e-01,6.114448120456702496e-01,2.363851623962430981e+00,-2.024315877585961321e+00,1.638974644730198049e+00,-1.875951038160329931e+00
1.493055555555555525e-01,5.375000000000000000e+01,4.579137044162536196e-01,6.826507599496579592e-01,5.156224284413275516e-01,6.107930401154134659e-01,2.370093411243321402e+00,-2.024000545264162287e+00,1.638382407736209689e+00,-1.878253772403689625e+00
1.496527777777777735e-01,5.387500000000000000e+01,4.587377182055366598e-01,6.819480446775116889e-01,5.161912139118992604e-01,6.101404701951907983e-01,2.376204178326724925e+00,-2.023630264168417625e+00,1.637828249159517080e+00,-1.880547460364564882e+00
1.499999999999999944e-01,5.400000000000000000e+01,4.595638310423835193e-01,6.812454675149084427e-01,5.167598135771346302e-01,6.094871054260724286e-01,2.382183925212635778e+00,-2.023205034298727778e+00,1.637312169000121553e+00,-1.882832102042955702e+00
1.503472222222222154e-01,5.412500000000000000e+01,4.603919974336706522e-01,6.805430475412829194e-01,5.173282406587068616e-01,6.088329489491289825e-01,2.388032651901057957e+00,-2.022724855655092302e+00,1.636834167258021111e+00,-1.885107697438860530e+00
1.506944444444444364e-01,5.425000000000000000e+01,4.612221718862736242e-01,6.798408038360709282e-01,5.178965083782880452e-01,6.081780039054304199e-01,2.393750358391990574e+00,-2.022189728237511641e+00,1.636394243933217751e+00,-1.887374246552281365e+00
1.510416666666666852e-01,5.437500000000000711e+01,4.620543089070683340e-01,6.791387554787075009e-01,5.184646299575512707e-01,6.075222734360468113e-01,2.399337044685433185e+00,-2.021599652045985351e+00,1.635992399025710586e+00,-1.889631749383217985e+00
1.513888888888889062e-01,5.450000000000000711e+01,4.628883630029303475e-01,6.784369215486283355e-01,5.190326186181691837e-01,6.068657606820486716e-01,2.404792710781382237e+00,-2.020954627080512989e+00,1.635628632535499172e+00,-1.891880205931670833e+00
1.517361111111111271e-01,5.462500000000000711e+01,4.637242886807361741e-01,6.777353211252687970e-01,5.196004875818142077e-01,6.062084687845062936e-01,2.410117356679843947e+00,-2.020254653341095885e+00,1.635302944462584618e+00,-1.894119616197638134e+00
1.520833333333333481e-01,5.475000000000000711e+01,4.645620404473609910e-01,6.770339732880644723e-01,5.201682500701589884e-01,6.055504008844901920e-01,2.415310982380813432e+00,-2.019499730827734041e+00,1.635015334806966480e+00,-1.896349980181121220e+00
1.524305555555555691e-01,5.487500000000000711e+01,4.654015728096814186e-01,6.763328971164502823e-01,5.207359193048765045e-01,6.048915601230708816e-01,2.420373587884294686e+00,-2.018689859540425680e+00,1.634765803568644094e+00,-1.898571297882118758e+00
1.527777777777777901e-01,5.500000000000000711e+01,4.662428402745728562e-01,6.756321116898622581e-01,5.213035085076391795e-01,6.042319496413181001e-01,2.425305173190285046e+00,-2.017825039479172133e+00,1.634554350747618345e+00,-1.900783569300631637e+00
1.531250000000000111e-01,5.512500000000000711e+01,4.670857973489113135e-01,6.749316360877349874e-01,5.218710309001198810e-01,6.035715725803021403e-01,2.430105738298786289e+00,-2.016905270643973402e+00,1.634380976343889014e+00,-1.902986794436660967e+00
1.534722222222222321e-01,5.525000000000000000e+01,4.679303985395721899e-01,6.742314893895043904e-01,5.224384997039912548e-01,6.029104320810935169e-01,2.434775283209793972e+00,-2.015930553034828598e+00,1.634245680357455655e+00,-1.905180973290205859e+00
1.538194444444444531e-01,5.537500000000000000e+01,4.687765983534317726e-01,6.735316906746057208e-01,5.230059281409256133e-01,6.022485312847627448e-01,2.439313807923312538e+00,-2.014900886651738166e+00,1.634148462788318490e+00,-1.907366105861265870e+00
1.541666666666666741e-01,5.550000000000000000e+01,4.696243512973663492e-01,6.728322590224748989e-01,5.235733294325961573e-01,6.015858733323801166e-01,2.443721312439343318e+00,-2.013816271494702992e+00,1.634089323636478186e+00,-1.909542192149840334e+00
1.545138888888888951e-01,5.562500000000000000e+01,4.704736118782513188e-01,6.721332135125462903e-01,5.241407168006750883e-01,6.009224613650155922e-01,2.447997796757882316e+00,-2.012676707563722633e+00,1.634068262901934077e+00,-1.911709232155931470e+00
1.548611111111111160e-01,5.575000000000000000e+01,4.713243346029626357e-01,6.714345732242562592e-01,5.247081034668354960e-01,6.002582985237397972e-01,2.452143260878931752e+00,-2.011482194858796646e+00,1.634085280584685718e+00,-1.913867225879536837e+00
1.552083333333333370e-01,5.587500000000000000e+01,4.721764739783758102e-01,6.707363572370396154e-01,5.252755026527499149e-01,5.995933879496226915e-01,2.456157704802488961e+00,-2.010232733379925030e+00,1.634140376684733997e+00,-1.916016173320658655e+00
1.555555555555555580e-01,5.600000000000000000e+01,4.730299845113672963e-01,6.700385846303319459e-01,5.258429275800909908e-01,5.989277327837347897e-01,2.460041128528557941e+00,-2.008928323127107340e+00,1.634233551202078250e+00,-1.918156074479295814e+00
1.559027777777777790e-01,5.612500000000000000e+01,4.738848207088123821e-01,6.693412744835687267e-01,5.264103914705310361e-01,5.982613361671464958e-01,2.463793532057135138e+00,-2.007568964100344910e+00,1.634364804136719140e+00,-1.920286929355448313e+00
1.562500000000000000e-01,5.625000000000000000e+01,4.747409370775876880e-01,6.686444458761853227e-01,5.269779075457433626e-01,5.975942012409282134e-01,2.467414915388223662e+00,-2.006154656299636407e+00,1.634534135488656448e+00,-1.922408737949115709e+00
1.565972222222222210e-01,5.637500000000000000e+01,4.755982881245687244e-01,6.679481178876168768e-01,5.275454890274001718e-01,5.969263311461496802e-01,2.470905278521821735e+00,-2.004685399724983608e+00,1.634741545257889284e+00,-1.924521500260298668e+00
1.569444444444444420e-01,5.650000000000000000e+01,4.764568283566311679e-01,6.672523095972991980e-01,5.281131491371744424e-01,5.962577290238819661e-01,2.474264621457929803e+00,-2.003161194376384735e+00,1.634987033444419202e+00,-1.926625216288996967e+00
1.572916666666666630e-01,5.662500000000000000e+01,4.773165122806507510e-01,6.665570400846672072e-01,5.286809010967387090e-01,5.955883980151949197e-01,2.477492944196545643e+00,-2.001582040253839789e+00,1.635270600048245315e+00,-1.928719886035210829e+00
1.576388888888888840e-01,5.675000000000000000e+01,4.781772944035039830e-01,6.658623284291567135e-01,5.292487581277656172e-01,5.949183412611585009e-01,2.480590246737673255e+00,-1.999947937357350103e+00,1.635592245069367623e+00,-1.930805509498940475e+00
1.579861111111111049e-01,5.687500000000000000e+01,4.790391292320660410e-01,6.651681937102031927e-01,5.298167334519275906e-01,5.942475619028437794e-01,2.483556529081309527e+00,-1.998258885686914788e+00,1.635951968507785903e+00,-1.932882086680185463e+00
1.583333333333333259e-01,5.700000000000000000e+01,4.799019712732133791e-01,6.644746550072415658e-01,5.303848402908979409e-01,5.935760630813209371e-01,2.486391791227456238e+00,-1.996514885242534287e+00,1.636349770363501044e+00,-1.934949617578944903e+00
1.586805555555555747e-01,5.712500000000000711e+01,4.807657750338216740e-01,6.637817313997075308e-01,5.309530918663487586e-01,5.929038479376597115e-01,2.489096033176112499e+00,-1.994715936024207714e+00,1.636785650636511935e+00,-1.937008102195220793e+00
1.590277777777777957e-01,5.725000000000000711e+01,4.816304950207668245e-01,6.630894419670365636e-01,5.315215013999530225e-01,5.922309196129310616e-01,2.491669254927278754e+00,-1.992862038031936622e+00,1.637259609326819465e+00,-1.939057540529010915e+00
1.593750000000000167e-01,5.737500000000000711e+01,4.824960857409241743e-01,6.623978057886639181e-01,5.320900821133833780e-01,5.915572812482047249e-01,2.494111456480953670e+00,-1.990953191265718791e+00,1.637771646434422967e+00,-1.941097932580317709e+00
1.597222222222222376e-01,5.750000000000000711e+01,4.833625017011704550e-01,6.617068419440249594e-01,5.326588472283123599e-01,5.908829359845512164e-01,2.496422637837139913e+00,-1.988989395725556220e+00,1.638321761959323331e+00,-1.943129278349139621e+00
1.600694444444444586e-01,5.762500000000000711e+01,4.842296974083807326e-01,6.610165695125551633e-01,5.332278099664127247e-01,5.902078869630411617e-01,2.498602798995834373e+00,-1.986970651411449351e+00,1.638909955901519444e+00,-1.945151577835476653e+00
1.604166666666666796e-01,5.775000000000000711e+01,4.850976273694315721e-01,6.603270075736898947e-01,5.337969835493571180e-01,5.895321373247446317e-01,2.500651939957039716e+00,-1.984896958323395744e+00,1.639536228261011974e+00,-1.947164831039329025e+00
1.607638888888889006e-01,5.787500000000000711e+01,4.859662460911986503e-01,6.596381752068648519e-01,5.343663811988180745e-01,5.888556902107320301e-01,2.502570060720754608e+00,-1.982768316461397173e+00,1.640200579037800477e+00,-1.949169037960696071e+00
1.611111111111111216e-01,5.800000000000000711e+01,4.868355080805576440e-01,6.589500914915146224e-01,5.349360161364686839e-01,5.881785487620732056e-01,2.504357161286979050e+00,-1.980584725825452530e+00,1.640903008231886284e+00,-1.951164198599579791e+00
1.614583333333333426e-01,5.812500000000000000e+01,4.877053678443842299e-01,6.582627755070753484e-01,5.355059015839812586e-01,5.875007161198388950e-01,2.506013241655713486e+00,-1.978346186415562480e+00,1.641643515843267620e+00,-1.953150312955978629e+00
1.618055555555555636e-01,5.825000000000000000e+01,4.885757798895545290e-01,6.575762463329821728e-01,5.360760507630283334e-01,5.868221954250992800e-01,2.507538301826957028e+00,-1.976052698231727023e+00,1.642422101871944928e+00,-1.955127381029893030e+00
1.621527777777777846e-01,5.837500000000000000e+01,4.894466987229448285e-01,6.568905208604992607e-01,5.366464768952831088e-01,5.861429898189247645e-01,2.508932341800710564e+00,-1.973725555432418677e+00,1.643238766317919097e+00,-1.957095402821322772e+00
1.625000000000000056e-01,5.850000000000000000e+01,4.903180788514305277e-01,6.562056036971025685e-01,5.372171932024177865e-01,5.854631024423857522e-01,2.510195361576974538e+00,-1.971397152319017465e+00,1.644093509181189461e+00,-1.959054378330267410e+00
1.628472222222222265e-01,5.862500000000000000e+01,4.911898747818876920e-01,6.555214951668146828e-01,5.377882129061053451e-01,5.847825364365525358e-01,2.511327361155748061e+00,-1.969067828727135261e+00,1.644986330461756241e+00,-1.961004307556727388e+00
1.631944444444444475e-01,5.875000000000000000e+01,4.920620410211916651e-01,6.548381955892457196e-01,5.383595492280183192e-01,5.841012949424949641e-01,2.512328340537030691e+00,-1.966737584656769178e+00,1.645917230159619216e+00,-1.962945190500702930e+00
1.635416666666666685e-01,5.887500000000000000e+01,4.929345320762191229e-01,6.541557052840063502e-01,5.389312153898294655e-01,5.834193811012836628e-01,2.513198299720824203e+00,-1.964406420107921214e+00,1.646886208274778607e+00,-1.964877027162194478e+00
1.638888888888888895e-01,5.900000000000000000e+01,4.938073024538452427e-01,6.534740245707075790e-01,5.395032246132110965e-01,5.827367980539889247e-01,2.513937238707126820e+00,-1.962074335080591814e+00,1.647893264807233304e+00,-1.966799817541201145e+00
1.642361111111111105e-01,5.912500000000000000e+01,4.946803066609464783e-01,6.527931537689596331e-01,5.400755901198364128e-01,5.820535489416812647e-01,2.514545157495938987e+00,-1.959741329574778756e+00,1.648938399756985529e+00,-1.968713561637722931e+00
1.645833333333333315e-01,5.925000000000000000e+01,4.955534992043984510e-01,6.521130931983730727e-01,5.406483251313776162e-01,5.813696369054305313e-01,2.515022056087261149e+00,-1.957407403590483597e+00,1.650021613124033504e+00,-1.970618259451760057e+00
1.649305555555555525e-01,5.937500000000000000e+01,4.964268345910770597e-01,6.514338431785586803e-01,5.412214428695079071e-01,5.806850650863077945e-01,2.515367934481093304e+00,-1.955072557127706556e+00,1.651142904908377895e+00,-1.972513910983312524e+00
1.652777777777777735e-01,5.950000000000000000e+01,4.973002673278577590e-01,6.507554040291267938e-01,5.417949565558994873e-01,5.799998366253824589e-01,2.515582792677434565e+00,-1.952736790186446969e+00,1.652302275110018703e+00,-1.974400516232380998e+00
1.656249999999999944e-01,5.962500000000000000e+01,4.981737519216168364e-01,6.500777760696880847e-01,5.423688794122250023e-01,5.793139546637252613e-01,2.515666630676286264e+00,-1.950400102766704391e+00,1.653499723728955484e+00,-1.976278075198964812e+00
1.659722222222222154e-01,5.975000000000000000e+01,4.990472428792303572e-01,6.494009596198535572e-01,5.429432246601576528e-01,5.786274223424063834e-01,2.515619448477647513e+00,-1.948062494868480599e+00,1.654735250765188681e+00,-1.978146587883063745e+00
1.663194444444444642e-01,5.987500000000000711e+01,4.999206947075740537e-01,6.487249549992331055e-01,5.435180055213696404e-01,5.779402428024964511e-01,2.515441246081517868e+00,-1.945723966491773371e+00,1.656008856218718517e+00,-1.980006054284677797e+00
1.666666666666666852e-01,6.000000000000000711e+01,5.007940619135236027e-01,6.480497625274375117e-01,5.440932352175336106e-01,5.772524191850655351e-01,2.515132023487899104e+00,-1.943384517636584041e+00,1.657320540089543881e+00,-1.981856474403807633e+00
1.670138888888889062e-01,6.012500000000000711e+01,5.016672990039550140e-01,6.473753825240778914e-01,5.446689269703226532e-01,5.765639546311840391e-01,2.514691780696789447e+00,-1.941044148302912387e+00,1.658670302377665884e+00,-1.983697848240452588e+00
1.673611111111111271e-01,6.025000000000000711e+01,5.025403604857437978e-01,6.467018153087641386e-01,5.452450940014091918e-01,5.758748522819221449e-01,2.514120517708189784e+00,-1.938702858490758629e+00,1.660058143083084969e+00,-1.985530175794613106e+00
1.677083333333333481e-01,6.037500000000000711e+01,5.034132008657664636e-01,6.460290612011071465e-01,5.458217495324658719e-01,5.751851152783499233e-01,2.513418234522100114e+00,-1.936360648200121881e+00,1.661484062205799361e+00,-1.987353457066289630e+00
1.680555555555555691e-01,6.050000000000000711e+01,5.042857746508981887e-01,6.453571205207176975e-01,5.463989067851651171e-01,5.744947467615382219e-01,2.512584931138519995e+00,-1.934017517431003697e+00,1.662948059745810170e+00,-1.989167692055481496e+00
1.684027777777777901e-01,6.062500000000000711e+01,5.051580363480155933e-01,6.446859935872057967e-01,5.469765789811802392e-01,5.738037498725572227e-01,2.511620607557448981e+00,-1.931673466183402077e+00,1.664450135703117839e+00,-1.990972880762187369e+00
1.687500000000000111e-01,6.075000000000000711e+01,5.060299404639941878e-01,6.440156807201827815e-01,5.475547793421831066e-01,5.731121277524771074e-01,2.510525263778888405e+00,-1.929328494457319465e+00,1.665990290077720815e+00,-1.992769023186409028e+00
1.690972222222222321e-01,6.087500000000000000e+01,5.069014415057098155e-01,6.433461822392585461e-01,5.481335210898471422e-01,5.724198835423679466e-01,2.509298899802837379e+00,-1.926982602252753196e+00,1.667568522869620873e+00,-1.994556119328146915e+00
1.694444444444444531e-01,6.100000000000000000e+01,5.077724939800380977e-01,6.426774984640439836e-01,5.487128174458447694e-01,5.717270203833002551e-01,2.507941515629296347e+00,-1.924635789569704603e+00,1.669184834078817570e+00,-1.996334169187400143e+00
1.697916666666666741e-01,6.112500000000000000e+01,5.086430523938549886e-01,6.420096297141495434e-01,5.492926816318483008e-01,5.710335414163444367e-01,2.506453111258265309e+00,-1.922288056408173684e+00,1.670839223705309129e+00,-1.998103172764168711e+00
1.701388888888888951e-01,6.125000000000000000e+01,5.095130712540369977e-01,6.413425763091863407e-01,5.498731268695309371e-01,5.703394497825704512e-01,2.504833686689743821e+00,-1.919939402768161330e+00,1.672531691749098215e+00,-1.999863130058452843e+00
1.704861111111111160e-01,6.137500000000000000e+01,5.103825050674595243e-01,6.406763385687642698e-01,5.504541663805648799e-01,5.696447486230495905e-01,2.503083241923731883e+00,-1.917589828649665318e+00,1.674262238210183051e+00,-2.001614041070251648e+00
1.708333333333333370e-01,6.150000000000000000e+01,5.112513083409984116e-01,6.400109168124943348e-01,5.510358133866233299e-01,5.689494410788511480e-01,2.501201776960229051e+00,-1.915239334052688092e+00,1.676030863088564526e+00,-2.003355905799565573e+00
1.711805555555555580e-01,6.162500000000000000e+01,5.121194355815292809e-01,6.393463113599868741e-01,5.516180811093784886e-01,5.682535302910455277e-01,2.499189291799237544e+00,-1.912887918977228097e+00,1.677837566384242418e+00,-2.005088724246395948e+00
1.715277777777777790e-01,6.175000000000000000e+01,5.129868412959286417e-01,6.386825225308523368e-01,5.522009827705034457e-01,5.675570194007032443e-01,2.497045786440754256e+00,-1.910535583423284889e+00,1.679682348097216504e+00,-2.006812496410741886e+00
1.718750000000000000e-01,6.187500000000000000e+01,5.138534799910716711e-01,6.380195506447021714e-01,5.527845315916701807e-01,5.668599115488945905e-01,2.494771260884782293e+00,-1.908182327390860689e+00,1.681565208227485675e+00,-2.008527222292602943e+00
1.722222222222222210e-01,6.200000000000000000e+01,5.147193061738348785e-01,6.373573960211457168e-01,5.533687407945522274e-01,5.661622098766903033e-01,2.492365715131318993e+00,-1.905828150879953276e+00,1.683486146775052594e+00,-2.010232901891979118e+00
1.725694444444444420e-01,6.212500000000000000e+01,5.155842743510939963e-01,6.366960589797941994e-01,5.539536236008214543e-01,5.654639175251598981e-01,2.489829149180365242e+00,-1.903473053890562872e+00,1.685445163739914820e+00,-2.011929535208870412e+00
1.729166666666666630e-01,6.225000000000000000e+01,5.164483390297246457e-01,6.360355398402587346e-01,5.545391932321512840e-01,5.647650376353743340e-01,2.487161563031921485e+00,-1.901117036422691697e+00,1.687442259122074129e+00,-2.013617122243277269e+00
1.732638888888888840e-01,6.237500000000000000e+01,5.173114547166024479e-01,6.353758389221488834e-01,5.551254629102139182e-01,5.640655733484033485e-01,2.484362956685988166e+00,-1.898760098476336644e+00,1.689477432921530076e+00,-2.015295662995199688e+00
1.736111111111111049e-01,6.250000000000000000e+01,5.181735759186035795e-01,6.347169565450756501e-01,5.557124458566820024e-01,5.633655278053174564e-01,2.481433330142564841e+00,-1.896402240051499488e+00,1.691550685138280885e+00,-2.016965157464638114e+00
1.739583333333333537e-01,6.262500000000000711e+01,5.190346571426043276e-01,6.340588930286498170e-01,5.563001552932286264e-01,5.626649041471871726e-01,2.478372683401650622e+00,-1.894043461148180230e+00,1.693662015772328999e+00,-2.018625605651591215e+00
1.743055555555555747e-01,6.275000000000000711e+01,5.198946528954803137e-01,6.334016486924818334e-01,5.568886044415261027e-01,5.619637055150830118e-01,2.475181016463245953e+00,-1.891683761766379090e+00,1.695811424823673308e+00,-2.020277007556058990e+00
1.746527777777777957e-01,6.287500000000000711e+01,5.207535176841071589e-01,6.327452238561822595e-01,5.574778065232469659e-01,5.612619350500746007e-01,2.471858329327350390e+00,-1.889323141906094961e+00,1.697998912292313367e+00,-2.021919363178044105e+00
1.750000000000000167e-01,6.300000000000000711e+01,5.216112060153609287e-01,6.320896188393618775e-01,5.580677747600644167e-01,5.605595958932328982e-01,2.468404621993964820e+00,-1.886961601567328950e+00,1.700224478178250731e+00,-2.023552672517543005e+00
1.753472222222222376e-01,6.312500000000000711e+01,5.224676723961170222e-01,6.314348339616306927e-01,5.586585223736507677e-01,5.598566911856275308e-01,2.464819894463090577e+00,-1.884599140750079949e+00,1.702488122481484067e+00,-2.025176935574557913e+00
1.756944444444444586e-01,6.325000000000000711e+01,5.233228713332521709e-01,6.307808695425997092e-01,5.592500625856786645e-01,5.591532240683293464e-01,2.461104146734724551e+00,-1.882235759454348845e+00,1.704789845202013598e+00,-2.026792152349088383e+00
1.760416666666666796e-01,6.337500000000000711e+01,5.241767573336413300e-01,6.301277259018799315e-01,5.598424086178207526e-01,5.584491976824084158e-01,2.457257378808869852e+00,-1.879871457680136082e+00,1.707129646339838658e+00,-2.028398322841134416e+00
1.763888888888889006e-01,6.350000000000000711e+01,5.250292849041612309e-01,6.294754033590811426e-01,5.604355736917498998e-01,5.577446151689353648e-01,2.453279590685523814e+00,-1.877506235427439663e+00,1.709507525894960800e+00,-2.029995447050694679e+00
1.767361111111111216e-01,6.362500000000000711e+01,5.258804085516873839e-01,6.288239022338144579e-01,5.610295710291385296e-01,5.570394796689803751e-01,2.449170782364686882e+00,-1.875140092696261807e+00,1.711923483867378692e+00,-2.031583524977770505e+00
1.770833333333333426e-01,6.375000000000000000e+01,5.267300827830955212e-01,6.281732228456902156e-01,5.616244138516597317e-01,5.563337943236132954e-01,2.444930953846359944e+00,-1.872773029486601182e+00,1.714377520257093668e+00,-2.033162556622362782e+00
1.774305555555555636e-01,6.387500000000000000e+01,5.275782621052613752e-01,6.275233655143188649e-01,5.622201153809859298e-01,5.556275622739047515e-01,2.440560105130544333e+00,-1.870405045798457566e+00,1.716869635064104394e+00,-2.034732541984470178e+00
1.777777777777777846e-01,6.400000000000000000e+01,5.284249010250611223e-01,6.268743305593111881e-01,5.628166888387895472e-01,5.549207866609250361e-01,2.436058236217238271e+00,-1.868036141631832070e+00,1.719399828288411092e+00,-2.036293481064093580e+00
1.781250000000000056e-01,6.412500000000000000e+01,5.292699540493708277e-01,6.262261183002780784e-01,5.634141474467436739e-01,5.542134706257446641e-01,2.431425347106441315e+00,-1.865666316986725137e+00,1.721968099930014873e+00,-2.037845373861231213e+00
1.784722222222222265e-01,6.425000000000000000e+01,5.301133756850661127e-01,6.255787290568296521e-01,5.640125044265206222e-01,5.535056173094338172e-01,2.426661437798153464e+00,-1.863295571863134326e+00,1.724574449988913738e+00,-2.039388220375884853e+00
1.788194444444444475e-01,6.437500000000000000e+01,5.309551204390228207e-01,6.249321631485768025e-01,5.646117729997934820e-01,5.527972298530630102e-01,2.421766508292375164e+00,-1.860923906261062521e+00,1.727218878465109908e+00,-2.040922020608053167e+00
1.791666666666666685e-01,6.450000000000000000e+01,5.317951428181165729e-01,6.242864208951297567e-01,5.652119663882346767e-01,5.520883113977018697e-01,2.416740558589108190e+00,-1.858551320180507282e+00,1.729901385358602939e+00,-2.042446774557737932e+00
1.795138888888888895e-01,6.462500000000000000e+01,5.326333973292237678e-01,6.236415026160991859e-01,5.658130978135169631e-01,5.513788650844211325e-01,2.411583588688348989e+00,-1.856177813621469719e+00,1.732621970669391720e+00,-2.043962482224937371e+00
1.798611111111111105e-01,6.475000000000000000e+01,5.334698384792198045e-01,6.229974086310959835e-01,5.664151804973126536e-01,5.506688940542910915e-01,2.406295598590102891e+00,-1.853803386583949608e+00,1.735380634397475585e+00,-2.045469143609652818e+00
1.802083333333333315e-01,6.487500000000000000e+01,5.343044207749809704e-01,6.223541392597305988e-01,5.670182276612948380e-01,5.499584014483823724e-01,2.400876588294363234e+00,-1.851428039067948284e+00,1.738177376542857422e+00,-2.046966758711882939e+00
1.805555555555555525e-01,6.500000000000000000e+01,5.351370987233829979e-01,6.217116948216134809e-01,5.676222525271359398e-01,5.492473904077647129e-01,2.395326557801134015e+00,-1.849051771073463524e+00,1.741012197105533899e+00,-2.048455327531629067e+00
1.809027777777777735e-01,6.512500000000000000e+01,5.359678268313017302e-01,6.210700756363555231e-01,5.682272683165089378e-01,5.485358640735089608e-01,2.389645507110414346e+00,-1.846674582600497105e+00,1.743885096085507902e+00,-2.049934850068890313e+00
1.812499999999999944e-01,6.525000000000000000e+01,5.367965596056126776e-01,6.204292820235667305e-01,5.688332882510863664e-01,5.478238255866847428e-01,2.383833436222206448e+00,-1.844296473649048140e+00,1.746796073482778544e+00,-2.051405326323666678e+00
1.815972222222222154e-01,6.537500000000000000e+01,5.376232515531920164e-01,6.197893143028582186e-01,5.694403255525406493e-01,5.471112780883629068e-01,2.377890345136508987e+00,-1.841917444219115740e+00,1.749745129297344048e+00,-2.052866756295959050e+00
1.819444444444444642e-01,6.550000000000000000e+01,5.384478571809160341e-01,6.191501727938401034e-01,5.700483934425448762e-01,5.463982247196136344e-01,2.371816233853318412e+00,-1.839537494310701904e+00,1.752732263529207080e+00,-2.054319139985766984e+00
1.822916666666666852e-01,6.562500000000000000e+01,5.392703309956601299e-01,6.185118578161237224e-01,5.706575051427713596e-01,5.456846686215074405e-01,2.365611102372637831e+00,-1.837156623923806409e+00,1.755757476178366305e+00,-2.055762477393089593e+00
1.826388888888889062e-01,6.575000000000000000e+01,5.400906275043002580e-01,6.178743696893189696e-01,5.712676738748928562e-01,5.449706129351141737e-01,2.359274950694466355e+00,-1.834774833058427035e+00,1.758820767244820615e+00,-2.057196768517928209e+00
1.829861111111111271e-01,6.587500000000000000e+01,5.409087012137123729e-01,6.172377087330366274e-01,5.718789128605822336e-01,5.442560608015046819e-01,2.352807778818804874e+00,-1.832392121714566446e+00,1.761922136728572674e+00,-2.058622013360281500e+00
1.833333333333333481e-01,6.600000000000000000e+01,5.417245066307717627e-01,6.166018752668873670e-01,5.724912353215120264e-01,5.435410153617485918e-01,2.346209586745656495e+00,-1.830008489892222867e+00,1.765061584629620706e+00,-2.060038211920151241e+00
1.836805555555555691e-01,6.612500000000000000e+01,5.425379982623553810e-01,6.159668696104815266e-01,5.731046544793549913e-01,5.428254797569166401e-01,2.339480374475014557e+00,-1.827623937591396741e+00,1.768239110947965376e+00,-2.061445364197535657e+00
1.840277777777777901e-01,6.625000000000000000e+01,5.433491306153380718e-01,6.153326920834303326e-01,5.737191835557834407e-01,5.421094571280790086e-01,2.332620142006884834e+00,-1.825238464812089179e+00,1.771454715683604908e+00,-2.062843470192436079e+00
1.843750000000000111e-01,6.637500000000000000e+01,5.441578581965964556e-01,6.146993430053433460e-01,5.743348357724704645e-01,5.413929506163064342e-01,2.325628889341262440e+00,-1.822852071554298181e+00,1.774708398836541967e+00,-2.064232529904851177e+00
1.847222222222222321e-01,6.650000000000000000e+01,5.449641355130061537e-01,6.140668226958322373e-01,5.749516243510884861e-01,5.406759633626689876e-01,2.318506616478150040e+00,-1.820464757818025747e+00,1.778000160406773889e+00,-2.065612543334781392e+00
1.850694444444444531e-01,6.662500000000000000e+01,5.457679170714428984e-01,6.134351314745066786e-01,5.755695625133104842e-01,5.399584985082365174e-01,2.311253323417547190e+00,-1.818076523603270100e+00,1.781330000394303781e+00,-2.066983510482228059e+00
1.854166666666666741e-01,6.675000000000000000e+01,5.465691573787823110e-01,6.128042696609778961e-01,5.761886634808089935e-01,5.392405591940794274e-01,2.303869010159456998e+00,-1.815687368910032129e+00,1.784697918799129868e+00,-2.068345431347189400e+00
1.857638888888888951e-01,6.687500000000000000e+01,5.473678109419006788e-01,6.121742375748560061e-01,5.768089404752562155e-01,5.385221485612685655e-01,2.296353676703876356e+00,-1.813297293738311833e+00,1.788103915621250595e+00,-2.069698305929666304e+00
1.861111111111111160e-01,6.700000000000000000e+01,5.481638322676741781e-01,6.115450355357520129e-01,5.774304067183255729e-01,5.378032697508737803e-01,2.288707323050803044e+00,-1.810906298088109656e+00,1.791547990860668849e+00,-2.071042134229659215e+00
1.864583333333333370e-01,6.712500000000000000e+01,5.489571758629782083e-01,6.109166638632760327e-01,5.780530754316891562e-01,5.370839259039659197e-01,2.280929949200239282e+00,-1.808514381959424711e+00,1.795030144517382187e+00,-2.072376916247166356e+00
1.868055555555555580e-01,6.725000000000000000e+01,5.497477962346887237e-01,6.102891228770391807e-01,5.786769598370201662e-01,5.363641201616149434e-01,2.273021555152184625e+00,-1.806121545352258106e+00,1.798550376591393718e+00,-2.073702651982189504e+00
1.871527777777777790e-01,6.737500000000000000e+01,5.505356478896812344e-01,6.096624128966519063e-01,5.793020731559909153e-01,5.356438556648907001e-01,2.264982140906643959e+00,-1.803727788266608290e+00,1.802108687082701222e+00,-2.075019341434728215e+00
1.875000000000000000e-01,6.750000000000000000e+01,5.513206853348323611e-01,6.090365342417242145e-01,5.799284286102741603e-01,5.349231355548640376e-01,2.256811706463609735e+00,-1.801333110702475926e+00,1.805705075991304920e+00,-2.076326984604782488e+00
1.878472222222222210e-01,6.762500000000000000e+01,5.521028630770173917e-01,6.084114872318673317e-01,5.805560394215423248e-01,5.342019629726050267e-01,2.248510251823088169e+00,-1.798937512659860793e+00,1.809339543317203480e+00,-2.077625581492351881e+00
1.881944444444444420e-01,6.775000000000000000e+01,5.528821356231125028e-01,6.077872721866918182e-01,5.811849188114686093e-01,5.334803410591845152e-01,2.240077776985073044e+00,-1.796540994138765113e+00,1.813012089060399568e+00,-2.078915132097436391e+00
1.885416666666666630e-01,6.787500000000000000e+01,5.536584574799935377e-01,6.071638894258077901e-01,5.818150800017251045e-01,5.327582729556720187e-01,2.231514281949567469e+00,-1.794143555139185109e+00,1.816722713220890961e+00,-2.080195636420036909e+00
1.888888888888888840e-01,6.800000000000000000e+01,5.544317831545363395e-01,6.065413392688265848e-01,5.824465362139851221e-01,5.320357618031386071e-01,2.222819766716571888e+00,-1.791745195661124557e+00,1.820471415798679882e+00,-2.081467094460152101e+00
1.892361111111111049e-01,6.812500000000000000e+01,5.552020671536163077e-01,6.059196220353578743e-01,5.830793006699207526e-01,5.313128107426537960e-01,2.213994231286089409e+00,-1.789345915704580348e+00,1.824258196793764775e+00,-2.082729506217782856e+00
1.895833333333333537e-01,6.825000000000001421e+01,5.559692639841101736e-01,6.052987380450127741e-01,5.837133865912051967e-01,5.305894229152883224e-01,2.205037675658113372e+00,-1.786945715269553814e+00,1.828083056206146528e+00,-2.083982871692929617e+00
1.899305555555555747e-01,6.837500000000000000e+01,5.567333281528931144e-01,6.046786876174018444e-01,5.843488071995104338e-01,5.298656014621124788e-01,2.195950099832650437e+00,-1.784544594356044511e+00,1.831945994035822700e+00,-2.085227190885591941e+00
1.902777777777777957e-01,6.850000000000000000e+01,5.574942141668414175e-01,6.040594710721357563e-01,5.849855757165096648e-01,5.291413495241968912e-01,2.186731503809693500e+00,-1.782142552964054216e+00,1.835847010282796399e+00,-2.086462463795768940e+00
1.906250000000000167e-01,6.862500000000000000e+01,5.582518765328308152e-01,6.034410887288249592e-01,5.856237053638754242e-01,5.284166702426112971e-01,2.177381887589246556e+00,-1.779739591093580264e+00,1.839786104947065404e+00,-2.087688690423461502e+00
1.909722222222222376e-01,6.875000000000000000e+01,5.590062697577371509e-01,6.028235409070800133e-01,5.862632093632803576e-01,5.276915667584263225e-01,2.167901251171309607e+00,-1.777335708744625320e+00,1.843763278028632380e+00,-2.088905870768669182e+00
1.913194444444444586e-01,6.887500000000000000e+01,5.597573483484361567e-01,6.022068279265113677e-01,5.869041009363974437e-01,5.269660422127120381e-01,2.158289594555886204e+00,-1.774930905917186941e+00,1.847778529527495550e+00,-2.090114004831393313e+00
1.916666666666666796e-01,6.900000000000000000e+01,5.605050668118040091e-01,6.015909501067296938e-01,5.875463933048989951e-01,5.262400997465388475e-01,2.148546917742968354e+00,-1.772525182611265793e+00,1.851831859443654471e+00,-2.091313092611632118e+00
1.920138888888889006e-01,6.912500000000000000e+01,5.612493796547161073e-01,6.009759077673459959e-01,5.881900996904574352e-01,5.255137425009771546e-01,2.138673220732564495e+00,-1.770118538826863430e+00,1.855923267777108698e+00,-2.092503134109386487e+00
1.923611111111111216e-01,6.925000000000000000e+01,5.619902413840490718e-01,6.003617012279702791e-01,5.888352333147460760e-01,5.247869736170974742e-01,2.128668503524666189e+00,-1.767710974563978299e+00,1.860052754527860230e+00,-2.093684129324655974e+00
1.927083333333333426e-01,6.937500000000000000e+01,5.627276065066781907e-01,5.997483308082135478e-01,5.894818073994371188e-01,5.240597962359699880e-01,2.118532766119277877e+00,-1.765302489822610621e+00,1.864220319695906625e+00,-2.094856078257440579e+00
1.930555555555555636e-01,6.950000000000000000e+01,5.634614295294796404e-01,5.991357968276859181e-01,5.901298351662034314e-01,5.233322134986644336e-01,2.108266008516398671e+00,-1.762893084602760396e+00,1.868425963281251434e+00,-2.096018980907740747e+00
1.934027777777777846e-01,6.962500000000000000e+01,5.641916649593287092e-01,5.985240996059983942e-01,5.907793298367178814e-01,5.226042285462517700e-01,2.097868230716033899e+00,-1.760482758904427847e+00,1.872669685283892216e+00,-2.097172837275556923e+00
1.937500000000000056e-01,6.975000000000000000e+01,5.649182673031016844e-01,5.979132394627612035e-01,5.914303046326525592e-01,5.218758445198019569e-01,2.087339432718179122e+00,-1.758071512727612307e+00,1.876951485703827416e+00,-2.098317647360888660e+00
1.940972222222222265e-01,6.987500000000000000e+01,5.656411910676748533e-01,5.973032167175854612e-01,5.920827727756807768e-01,5.211470645603855090e-01,2.076679614522829898e+00,-1.755659346072315996e+00,1.881271364541060587e+00,-2.099453411163735517e+00
1.944444444444444475e-01,7.000000000000000000e+01,5.663603907599236154e-01,5.966940316900812835e-01,5.927367474874747355e-01,5.204178918090729411e-01,2.065888776129990223e+00,-1.753246258938535806e+00,1.885629321795588842e+00,-2.100580128684097048e+00
1.947916666666666685e-01,7.012500000000000000e+01,5.670758208867239247e-01,5.960856846998595637e-01,5.933922419897074141e-01,5.196883294069341019e-01,2.054966917539660098e+00,-1.750832251326274847e+00,1.890025357467415068e+00,-2.101697799921974585e+00
1.951388888888888895e-01,7.025000000000000000e+01,5.677874359549514027e-01,5.954781760665305290e-01,5.940492695040514581e-01,5.189583804950395063e-01,2.043914038751843965e+00,-1.748417323235529786e+00,1.894459471556536823e+00,-2.102806424877367686e+00
1.954861111111111105e-01,7.037500000000000000e+01,5.684951904714824478e-01,5.948715061097049617e-01,5.947078432521794022e-01,5.182280482144592249e-01,2.032730139766533828e+00,-1.746001474666303066e+00,1.898931664062955438e+00,-2.103906003550275905e+00
1.958333333333333315e-01,7.050000000000000000e+01,5.691990389431922370e-01,5.942656751489934219e-01,5.953679764557637810e-01,5.174973357062638835e-01,2.021415220583737682e+00,-1.743584705618593134e+00,1.903441934986668249e+00,-2.104996535940699687e+00
1.961805555555555525e-01,7.062500000000000000e+01,5.698989358769573910e-01,5.936606835040066921e-01,5.960296823364776841e-01,5.167662461115239969e-01,2.009969281203446645e+00,-1.741167016092402431e+00,1.907990284327679475e+00,-2.106078022048638587e+00
1.965277777777777735e-01,7.075000000000000000e+01,5.705948357796534198e-01,5.930565314943549993e-01,5.966929741159930911e-01,5.160347825713091918e-01,1.998392321625665602e+00,-1.738748406087728293e+00,1.912576712085985342e+00,-2.107150461874093494e+00
1.968749999999999944e-01,7.087500000000000000e+01,5.712866931581562779e-01,5.924532194396493479e-01,5.973578650159837578e-01,5.153029482266905381e-01,1.986684341850393665e+00,-1.736328875604572719e+00,1.917201218261588735e+00,-2.108213855417062632e+00
1.972222222222222432e-01,7.100000000000001421e+01,5.719744625193416976e-01,5.918507476594999650e-01,5.980243682581215525e-01,5.145707462187375514e-01,1.974845341877632166e+00,-1.733908424642933710e+00,1.921863802854488990e+00,-2.109268202677548221e+00
1.975694444444444642e-01,7.112500000000000000e+01,5.726580983700854111e-01,5.912491164735174110e-01,5.986924970640793431e-01,5.138381796885210795e-01,1.962875321707384657e+00,-1.731487053202812154e+00,1.926564465864685216e+00,-2.110313503655548484e+00
1.979166666666666852e-01,7.125000000000000000e+01,5.733375552172633727e-01,5.906483262013124680e-01,5.993622646555295530e-01,5.131052517771110821e-01,1.950774281339647365e+00,-1.729064761284208718e+00,1.931303207292176083e+00,-2.111349758351065198e+00
1.982638888888889062e-01,7.137500000000000000e+01,5.740127875677519809e-01,5.900483771624958074e-01,6.000336842541451610e-01,5.123719656255785182e-01,1.938542220774414737e+00,-1.726641548887123623e+00,1.936080027136964699e+00,-2.112376966764096586e+00
1.986111111111111271e-01,7.150000000000000000e+01,5.746837499284266348e-01,5.894492696766777673e-01,6.007067690815987016e-01,5.116383243749929033e-01,1.926179140011692104e+00,-1.724217416011555093e+00,1.940894925399048176e+00,-2.113395128894643982e+00
1.989583333333333481e-01,7.162500000000000000e+01,5.753503968061634000e-01,5.888510040634691300e-01,6.013815323595631535e-01,5.109043311664251963e-01,1.913685039051479020e+00,-1.721792362657504905e+00,1.945747902078429625e+00,-2.114404244742705608e+00
1.993055555555555691e-01,7.175000000000000000e+01,5.760126827078375644e-01,5.882535806424802338e-01,6.020579873097109402e-01,5.101699891409451348e-01,1.901059917893780593e+00,-1.719366388824971947e+00,1.950638957175107713e+00,-2.115404314308283240e+00
1.996527777777777901e-01,7.187500000000000000e+01,5.766705621403259707e-01,5.876569997333218609e-01,6.027361471537147075e-01,5.094353014396232338e-01,1.888303776538587275e+00,-1.716939494513956443e+00,1.955568090689081551e+00,-2.116395337591376435e+00
2.000000000000000111e-01,7.200000000000000000e+01,5.773239896105036850e-01,5.870612616556047936e-01,6.034160251132469899e-01,5.087002712035298968e-01,1.875416614985908614e+00,-1.714511679724459503e+00,1.960535302620350029e+00,-2.117377314591985193e+00
2.003472222222222321e-01,7.212500000000000000e+01,5.779729196252469947e-01,5.864663667289390370e-01,6.040976344099807660e-01,5.079649015737356388e-01,1.862398433235734618e+00,-1.712082944456478684e+00,1.965540592968916478e+00,-2.118350245310109070e+00
2.006944444444444531e-01,7.225000000000000000e+01,5.786173066914316321e-01,5.858723152729358175e-01,6.047809882655883484e-01,5.072291956913106414e-01,1.849249231288070172e+00,-1.709653288710016872e+00,1.970583961734777345e+00,-2.119314129745748065e+00
2.010416666666666741e-01,7.237500000000000000e+01,5.792571053159335515e-01,5.852791076072051402e-01,6.054660999017430489e-01,5.064931566973245314e-01,1.835969009142915276e+00,-1.707222712485071847e+00,1.975665408917936627e+00,-2.120268967898903512e+00
2.013888888888888951e-01,7.250000000000000000e+01,5.798922700056283741e-01,5.846867440513578984e-01,6.061529825401169580e-01,5.057567877328484895e-01,1.822557766800276147e+00,-1.704791215781644054e+00,1.980784934518392548e+00,-2.121214759769573632e+00
2.017361111111111160e-01,7.262500000000000000e+01,5.805227552673920544e-01,5.840952249250046524e-01,6.068416494023826102e-01,5.050200919389522536e-01,1.809015504260146345e+00,-1.702358798599734380e+00,1.985942538536141999e+00,-2.122151505357759316e+00
2.020833333333333370e-01,7.275000000000000000e+01,5.811485156081008796e-01,5.835045505477561845e-01,6.075321137102133173e-01,5.042830724567064493e-01,1.795342221522520987e+00,-1.699925460939343047e+00,1.991138220971190087e+00,-2.123079204663460562e+00
2.024305555555555580e-01,7.287500000000000000e+01,5.817695055346303601e-01,5.829147212392226107e-01,6.082243886852811698e-01,5.035457324271818136e-01,1.781537918587405400e+00,-1.697491202800468502e+00,1.996371981823532815e+00,-2.123997857686676483e+00
2.027777777777777790e-01,7.300000000000000000e+01,5.823856795538564501e-01,5.823257373190149355e-01,6.089184875492593685e-01,5.028080749914479730e-01,1.767602595454799586e+00,-1.695056024183112298e+00,2.001643821093173514e+00,-2.124907464427407966e+00
2.031250000000000000e-01,7.312500000000000000e+01,5.829969921726549931e-01,5.817375991067434970e-01,6.096144235238203368e-01,5.020701032905751093e-01,1.753536252124703321e+00,-1.692619925087272659e+00,2.006953738780110186e+00,-2.125808024885655012e+00
2.034722222222222210e-01,7.325000000000000000e+01,5.836033978979014991e-01,5.811503069220187445e-01,6.103122098306367205e-01,5.013318204656339594e-01,1.739338888597122601e+00,-1.690182905512951139e+00,2.012301734884343940e+00,-2.126699539061418065e+00
2.038194444444444420e-01,7.337500000000000000e+01,5.842048512364723667e-01,5.805638610844516823e-01,6.110118596913807210e-01,5.005932296576945939e-01,1.725010504872051875e+00,-1.687744965460146851e+00,2.017687809405871224e+00,-2.127582006954695792e+00
2.041666666666666630e-01,7.350000000000000000e+01,5.848013066952435501e-01,5.799782619136527595e-01,6.117133863277259831e-01,4.998543340078277497e-01,1.710551100949485370e+00,-1.685306104928861348e+00,2.023111962344697368e+00,-2.128455428565489083e+00
2.045138888888888840e-01,7.362500000000000000e+01,5.853927187810905597e-01,5.793935097292324254e-01,6.124168029613443753e-01,4.991151366571032755e-01,1.695960676829427971e+00,-1.682866323919092633e+00,2.028574193700817485e+00,-2.129319803893797936e+00
2.048611111111111327e-01,7.375000000000001421e+01,5.859790420008894607e-01,5.788096048508014624e-01,6.131221228139089874e-01,4.983756407465917970e-01,1.681239232511880566e+00,-1.680425622430842258e+00,2.034074503474236018e+00,-2.130175132939621907e+00
2.052083333333333537e-01,7.387500000000001421e+01,5.865602309215904864e-01,5.782265475979702085e-01,6.138293591070924649e-01,4.976358494173631630e-01,1.666390154000070511e+00,-1.677984000464108227e+00,2.039612891664950745e+00,-2.131021415702961885e+00
2.055555555555555747e-01,7.400000000000000000e+01,5.871362654531655512e-01,5.776443382903493351e-01,6.145385250625675644e-01,4.968957658104879993e-01,1.651594943392691306e+00,-1.675541458018892316e+00,2.045189358272961666e+00,-2.131858652183816982e+00
2.059027777777777957e-01,7.412500000000000000e+01,5.877071900458346043e-01,5.770629772475492913e-01,6.152496339020062655e-01,4.961553930670365431e-01,1.636956905900676773e+00,-1.673097995095193857e+00,2.050803903298267006e+00,-2.132686842382187198e+00
2.062500000000000167e-01,7.425000000000000000e+01,5.882730592735959663e-01,5.764824647891811926e-01,6.159626988470821018e-01,4.954147343280794202e-01,1.622476041524020252e+00,-1.670653611693014184e+00,2.056456526740870761e+00,-2.133505986298072976e+00
2.065972222222222376e-01,7.437500000000000000e+01,5.888339277104480685e-01,5.759028012348550440e-01,6.166777331194670531e-01,4.946737927346863684e-01,1.608152350262727959e+00,-1.668208307812350633e+00,2.062147228600768489e+00,-2.134316083931474317e+00
2.069444444444444586e-01,7.450000000000000000e+01,5.893898499303892313e-01,5.753239869041817389e-01,6.173947499408345418e-01,4.939325714279282353e-01,1.593985832116799672e+00,-1.665762083453206310e+00,2.067876008877964633e+00,-2.135117135282390333e+00
2.072916666666666796e-01,7.462500000000000000e+01,5.899408805074175532e-01,5.747460221167716155e-01,6.181137625328567697e-01,4.931910735488748698e-01,1.579976487086241166e+00,-1.663314938615578109e+00,2.073642867572457416e+00,-2.135909140350822799e+00
2.076388888888889006e-01,7.475000000000000000e+01,5.904870740155317987e-01,5.741689071922354559e-01,6.188347841172066044e-01,4.924493022385968422e-01,1.566124315171041781e+00,-1.660866873299468027e+00,2.079447804684246393e+00,-2.136692099136769940e+00
2.079861111111111216e-01,7.487500000000000000e+01,5.910284850287301772e-01,5.735926424501840426e-01,6.195578279155561363e-01,4.917072606381642785e-01,1.552429316371211510e+00,-1.658417887504876287e+00,2.085290820213328900e+00,-2.137466011640233532e+00
2.083333333333333426e-01,7.500000000000000000e+01,5.915651681210111201e-01,5.730172282102272696e-01,6.202829071495787883e-01,4.909649518886479713e-01,1.538891490686739472e+00,-1.655967981231801112e+00,2.091171914159710266e+00,-2.138230877861211354e+00
2.086805555555555636e-01,7.512500000000000000e+01,5.920971778663732810e-01,5.724426647919764743e-01,6.210100350409466508e-01,4.902223791311174916e-01,1.525510838117632550e+00,-1.653517154480243612e+00,2.097091086523386050e+00,-2.138986697799705183e+00
2.090277777777777846e-01,7.525000000000000000e+01,5.926245688388147581e-01,5.718689525150417730e-01,6.217392248113329245e-01,4.894795455066438539e-01,1.512287358663889414e+00,-1.651065407250204675e+00,2.103048337304360249e+00,-2.139733471455713687e+00
2.093750000000000056e-01,7.537500000000000000e+01,5.931473956123337610e-01,5.712960916990339477e-01,6.224704896824102551e-01,4.887364541562967402e-01,1.499221052325515835e+00,-1.648612739541682304e+00,2.109043666502630199e+00,-2.140471198829238197e+00
2.097222222222222265e-01,7.550000000000000000e+01,5.936657127609289430e-01,5.707240826635634479e-01,6.232038428758506221e-01,4.879931082211468318e-01,1.486311919102506263e+00,-1.646159151354677608e+00,2.115077074118194567e+00,-2.141199879920278271e+00
2.100694444444444475e-01,7.562500000000000000e+01,5.941795748585987358e-01,5.701529257282412777e-01,6.239392976133276703e-01,4.872495108422642551e-01,1.473559958994855368e+00,-1.643704642689191919e+00,2.121148560151057794e+00,-2.141919514728833462e+00
2.104166666666666685e-01,7.575000000000000000e+01,5.946890364793414596e-01,5.695826212126773314e-01,6.246768671165129350e-01,4.865056651607196914e-01,1.460965172002569146e+00,-1.641249213545221908e+00,2.127258124601214107e+00,-2.142630103254904217e+00
2.107638888888888895e-01,7.587500000000000000e+01,5.951941521971555460e-01,5.690131694364829462e-01,6.254165646070802831e-01,4.857615743175832668e-01,1.448527558125647152e+00,-1.638792863922771570e+00,2.133405767468669723e+00,-2.143331645498490090e+00
2.111111111111111105e-01,7.600000000000000000e+01,5.956949765860395374e-01,5.684445707192680164e-01,6.261584033067018051e-01,4.850172414539248300e-01,1.436247117364088721e+00,-1.636335593821837353e+00,2.139591488753421977e+00,-2.144024141459591970e+00
2.114583333333333315e-01,7.612500000000000000e+01,5.961915642199911991e-01,5.678768253806433242e-01,6.269023964370501467e-01,4.842726697108151179e-01,1.424123849717899848e+00,-1.633877403242421034e+00,2.145815288455469982e+00,-2.144707591138208524e+00
2.118055555555555525e-01,7.625000000000000000e+01,5.966839696730094067e-01,5.673099337402195408e-01,6.276485572197978424e-01,4.835278622293242567e-01,1.412157755187075203e+00,-1.631418292184521723e+00,2.152077166574811962e+00,-2.145381994534341086e+00
2.121527777777777735e-01,7.637500000000000000e+01,5.971722475190927026e-01,5.667438961176076706e-01,6.283968988766178709e-01,4.827828221505231499e-01,1.400348833771609680e+00,-1.628958260648141643e+00,2.158377123111452800e+00,-2.146047351647988766e+00
2.124999999999999944e-01,7.650000000000000000e+01,5.976564523322392963e-01,5.661787128324174967e-01,6.291474346291825448e-01,4.820375526154812018e-01,1.388697085471508386e+00,-1.626497308633277905e+00,2.164715158065387168e+00,-2.146703662479152008e+00
2.128472222222222432e-01,7.662500000000001421e+01,5.981366386864476192e-01,5.656143842042603564e-01,6.299001776991651758e-01,4.812920567652694270e-01,1.377202510286771320e+00,-1.624035436139932731e+00,2.171091271436620396e+00,-2.147350927027829925e+00
2.131944444444444642e-01,7.675000000000000000e+01,5.986128611557158807e-01,5.650509105527462550e-01,6.306551413082380764e-01,4.805463377409576187e-01,1.365865108217398260e+00,-1.621572643168104344e+00,2.177505463225149818e+00,-2.147989145294023849e+00
2.135416666666666852e-01,7.687500000000000000e+01,5.990851743140424013e-01,5.644882921974859746e-01,6.314123386780737812e-01,4.798003986836162915e-01,1.354684879263394093e+00,-1.619108929717793632e+00,2.183957733430976322e+00,-2.148618317277733336e+00
2.138888888888889062e-01,7.700000000000000000e+01,5.995536327354257233e-01,5.639265294580900756e-01,6.321717830303449359e-01,4.790542427343157383e-01,1.343661823424753932e+00,-1.616644295789000374e+00,2.190448082054095469e+00,-2.149238442978958386e+00
2.142361111111111271e-01,7.712500000000000000e+01,6.000182909938645004e-01,5.633656226541693401e-01,6.329334875867244081e-01,4.783078730341263629e-01,1.332795940701473336e+00,-1.614178741381725679e+00,2.196976509094513919e+00,-2.149849522397698554e+00
2.145833333333333481e-01,7.725000000000000000e+01,6.004792036633569419e-01,5.628055721053341065e-01,6.336974655688845104e-01,4.775612927241187355e-01,1.322087231093557191e+00,-1.611712266495967771e+00,2.203543014552226342e+00,-2.150451555533953840e+00
2.149305555555555691e-01,7.737500000000000000e+01,6.009364253179013682e-01,5.622463781311952680e-01,6.344637301984987765e-01,4.768145049453627604e-01,1.311535694601005053e+00,-1.609244871131728649e+00,2.210147598427237181e+00,-2.151044542387724690e+00
2.152777777777777901e-01,7.750000000000000000e+01,6.013900105314958777e-01,5.616880410513628297e-01,6.352322946972390749e-01,4.760675128389285082e-01,1.301141331223821584e+00,-1.606776555289005648e+00,2.216790260719544658e+00,-2.151628482959010658e+00
2.156250000000000111e-01,7.762500000000000000e+01,6.018400138781395681e-01,5.611305611854479070e-01,6.360031722867783843e-01,4.753203195458866603e-01,1.290904140961997904e+00,-1.604307318967800544e+00,2.223471001429148775e+00,-2.152203377247813076e+00
2.159722222222222321e-01,7.775000000000000000e+01,6.022864899318299825e-01,5.605739388530610601e-01,6.367763761887890173e-01,4.745729282073073985e-01,1.280824123815542448e+00,-1.601837162168114226e+00,2.230189820556045976e+00,-2.152769225254129726e+00
2.163194444444444531e-01,7.787500000000000000e+01,6.027294932665664406e-01,5.600181743738125162e-01,6.375519196249441745e-01,4.738253419642614594e-01,1.270901279784446780e+00,-1.599366084889944473e+00,2.236946718100242482e+00,-2.153326026977962382e+00
2.166666666666666741e-01,7.800000000000000000e+01,6.031690784563467078e-01,5.594632680673130576e-01,6.383298158169159464e-01,4.730775639578185254e-01,1.261135608868715785e+00,-1.596894087133292173e+00,2.243741694061731629e+00,-2.153873782419309713e+00
2.170138888888888951e-01,7.812500000000000000e+01,6.036053000751693265e-01,5.589092202531734666e-01,6.391100779863777559e-01,4.723295973290493333e-01,1.251527111068348797e+00,-1.594421168898158436e+00,2.250574748440520967e+00,-2.154412491578173494e+00
2.173611111111111160e-01,7.825000000000000000e+01,6.040382126970325061e-01,5.583560312510040813e-01,6.398927193550020265e-01,4.715814452190237871e-01,1.242075786383349811e+00,-1.591947330184541487e+00,2.257445881236606056e+00,-2.154942154454552394e+00
2.177083333333333370e-01,7.837500000000000000e+01,6.044678708959346780e-01,5.578037013804153510e-01,6.406777531444607376e-01,4.708331107688125128e-01,1.232781634813715277e+00,-1.589472570992442213e+00,2.264355092449984674e+00,-2.155462771048446413e+00
2.180555555555555580e-01,7.850000000000000000e+01,6.048943292458747178e-01,5.572522309610185021e-01,6.414651925764274232e-01,4.700845971194855810e-01,1.223644656359440530e+00,-1.586996891321861280e+00,2.271302382080662152e+00,-2.155974341359855995e+00
2.184027777777777790e-01,7.862500000000000000e+01,6.053176423208505019e-01,5.567016203124233176e-01,6.422550508725741736e-01,4.693359074121138952e-01,1.214664851020530456e+00,-1.584520291172797357e+00,2.278287750128634048e+00,-2.156476865388781139e+00
2.187500000000000000e-01,7.875000000000000000e+01,6.057378646948606837e-01,5.561518697542409129e-01,6.430473412545741896e-01,4.685870447877672484e-01,1.205842218796984167e+00,-1.582042770545251553e+00,2.285311196593903915e+00,-2.156970343135220958e+00
2.190972222222222210e-01,7.887500000000000000e+01,6.061550509419035837e-01,5.556029796060816262e-01,6.438420769441000058e-01,4.678380123875157670e-01,1.197176759688802550e+00,-1.579564329439222981e+00,2.292372721476470865e+00,-2.157454774599177227e+00
2.194444444444444420e-01,7.900000000000000000e+01,6.065692556359774112e-01,5.550549501875560177e-01,6.446392711628240457e-01,4.670888133524299102e-01,1.188668473695988270e+00,-1.577084967854711639e+00,2.299472324776333565e+00,-2.157930159780648172e+00
2.197916666666666630e-01,7.912500000000000000e+01,6.069805333510807088e-01,5.545077818182746476e-01,6.454389371324187330e-01,4.663394508235801927e-01,1.180317360818537997e+00,-1.574604685791717751e+00,2.306610006493490239e+00,-2.158396498679635123e+00
2.201388888888888840e-01,7.925000000000000000e+01,6.073889386612119079e-01,5.539614748178486314e-01,6.462410880745574904e-01,4.655899279420370185e-01,1.172123421056448400e+00,-1.572123483250242648e+00,2.313785766627945772e+00,-2.158853791296136748e+00
2.204861111111111327e-01,7.937500000000001421e+01,6.077945261403694399e-01,5.534160295058878631e-01,6.470457372109126304e-01,4.648402478488701806e-01,1.164086654409723476e+00,-1.569641360230284333e+00,2.320999605179697500e+00,-2.159302037630153936e+00
2.208333333333333537e-01,7.950000000000001421e+01,6.081973503625515143e-01,5.528714462020034581e-01,6.478528977631563546e-01,4.640904136851507489e-01,1.156207060878362558e+00,-1.567158316731844581e+00,2.328251522148742758e+00,-2.159741237681686687e+00
2.211805555555555747e-01,7.962500000000000000e+01,6.085974659017566735e-01,5.523277252258054215e-01,6.486625829529624188e-01,4.633404285919481835e-01,1.148484640462365425e+00,-1.564674352754921394e+00,2.335541517535087319e+00,-2.160171391450735001e+00
2.215277777777777957e-01,7.975000000000000000e+01,6.089949273319831269e-01,5.517848668969047576e-01,6.494748060020024694e-01,4.625902957103331659e-01,1.140919393161736073e+00,-1.562189468299516104e+00,2.342869591338728075e+00,-2.160592498937298434e+00
2.218750000000000167e-01,7.987500000000000000e+01,6.093897892272294170e-01,5.512428715349120267e-01,6.502895801319493740e-01,4.618400181813759886e-01,1.133511318976470506e+00,-1.559703663365627824e+00,2.350235743559661916e+00,-2.161004560141377873e+00
2.222222222222222376e-01,8.000000000000000000e+01,6.097821061614940863e-01,5.507017394594377890e-01,6.511069185644763335e-01,4.610895991461471111e-01,1.126260417906566280e+00,-1.557216937953258551e+00,2.357639974197895061e+00,-2.161407575062972430e+00
2.225694444444444586e-01,8.012500000000000000e+01,6.101719327087752331e-01,5.501614709900924938e-01,6.519268345212554383e-01,4.603390417457169925e-01,1.119166689952026283e+00,-1.554729292062406065e+00,2.365082283253421735e+00,-2.161801543702082107e+00
2.229166666666666796e-01,8.025000000000000000e+01,6.105593234430714000e-01,5.496220664464869232e-01,6.527493412239597781e-01,4.595883491211555927e-01,1.112230135112850293e+00,-1.552240725693071699e+00,2.372562670726248157e+00,-2.162186466058707346e+00
2.232638888888889006e-01,8.037500000000000000e+01,6.109443329383807963e-01,5.490835261482314156e-01,6.535744518942618875e-01,4.588375244135331488e-01,1.105450753389040974e+00,-1.549751238845254342e+00,2.380081136616369886e+00,-2.162562342132847704e+00
2.236111111111111216e-01,8.050000000000000000e+01,6.113270157687020756e-01,5.485458504149366421e-01,6.544021797538345231e-01,4.580865707639198980e-01,1.098828544780593663e+00,-1.547260831518954882e+00,2.387637680923788253e+00,-2.162929171924503624e+00
2.239583333333333426e-01,8.062500000000000000e+01,6.117074265080334472e-01,5.480090395662136071e-01,6.552325380243497754e-01,4.573354913133864663e-01,1.092363509287512802e+00,-1.544769503714173320e+00,2.395232303648500594e+00,-2.163286955433675107e+00
2.243055555555555636e-01,8.075000000000000000e+01,6.120856197303733426e-01,5.474730939216720937e-01,6.560655399274811783e-01,4.565842892030033684e-01,1.086055646909793726e+00,-1.542277255430908767e+00,2.402865004790511350e+00,-2.163635692660362153e+00
2.246527777777777846e-01,8.087500000000000000e+01,6.124616500097203042e-01,5.469380121673638184e-01,6.569011986849007112e-01,4.558329675738403419e-01,1.079904957647438657e+00,-1.539799983629393187e+00,2.410535784349815636e+00,-2.163975383604563874e+00
2.250000000000000056e-01,8.100000000000000000e+01,6.128355719200726526e-01,5.464037838189899077e-01,6.577395275182815748e-01,4.550815295669681237e-01,1.073911441500447816e+00,-1.537361871980536865e+00,2.418244642326419225e+00,-2.164306028266281601e+00
2.253472222222222265e-01,8.112500000000000000e+01,6.132074400354283750e-01,5.458703951944776644e-01,6.585805396492961927e-01,4.543299783234567291e-01,1.068075098468823647e+00,-1.534963174185520307e+00,2.425991578720319453e+00,-2.164627626645514891e+00
2.256944444444444475e-01,8.125000000000000000e+01,6.135773089297862359e-01,5.453378326084611372e-01,6.594242482996169885e-01,4.535783169843765061e-01,1.062395928552563484e+00,-1.532603890244343958e+00,2.433776593531512322e+00,-2.164940178742263299e+00
2.260416666666666685e-01,8.137500000000000000e+01,6.139452331771448890e-01,5.448060823755748183e-01,6.602706666909172739e-01,4.528265486907977477e-01,1.056873931751664886e+00,-1.530284020157008928e+00,2.441599686760004939e+00,-2.165243684556527271e+00
2.263888888888888895e-01,8.150000000000000000e+01,6.143112673515023214e-01,5.442751308104524233e-01,6.611198080448689174e-01,4.520746765837913017e-01,1.051509108066130960e+00,-1.528003563923513664e+00,2.449460858405790198e+00,-2.165538144088306360e+00
2.267361111111111105e-01,8.162500000000000000e+01,6.146754660268570758e-01,5.437449642277283335e-01,6.619716855831454527e-01,4.513227038044269612e-01,1.046301457495961040e+00,-1.525762521543859718e+00,2.457360108468876092e+00,-2.165823557337601013e+00
2.270833333333333315e-01,8.175000000000000000e+01,6.150378837772073615e-01,5.432155689420361533e-01,6.628263125274190815e-01,4.505706334937748525e-01,1.041250980041155128e+00,-1.523560893018044871e+00,2.465297436949256848e+00,-2.166099924304410784e+00
2.274305555555555525e-01,8.187500000000000000e+01,6.153985751765517209e-01,5.426869312680102642e-01,6.636837013998919677e-01,4.498184687929054903e-01,1.036357675701715664e+00,-1.521398678346070898e+00,2.473260592781284739e+00,-2.166367244988736562e+00
2.277777777777777735e-01,8.200000000000000000e+01,6.157575947988883636e-01,5.421590375202848255e-01,6.645438481171090928e-01,4.490662128428892785e-01,1.031621544477640207e+00,-1.519275877527937135e+00,2.481174063165916266e+00,-2.166625519390577015e+00
2.281250000000000222e-01,8.212500000000001421e+01,6.161149972182160539e-01,5.416318740134939969e-01,6.654067316970736501e-01,4.483138687847963433e-01,1.027042586368926536e+00,-1.517192490563644913e+00,2.489024922205405943e+00,-2.166874747509933918e+00
2.284722222222222432e-01,8.225000000000001421e+01,6.164708370085331124e-01,5.411054270622716045e-01,6.662723303997351021e-01,4.475614397596975325e-01,1.022620801375577981e+00,-1.515148517453192012e+00,2.496813169899747997e+00,-2.167114929346805052e+00
2.288194444444444642e-01,8.237500000000000000e+01,6.168251687438375264e-01,5.405796829812518078e-01,6.671406224850426891e-01,4.468089289086626392e-01,1.018356189497592990e+00,-1.513143958196580208e+00,2.504538806248945981e+00,-2.167346064901192193e+00
2.291666666666666852e-01,8.250000000000000000e+01,6.171780469981282824e-01,5.400546280850686554e-01,6.680115862129466509e-01,4.460563393727619008e-01,1.014248750734972004e+00,-1.511178812793808390e+00,2.512201831253000783e+00,-2.167568154173094896e+00
2.295138888888889062e-01,8.262500000000000000e+01,6.175295263454029238e-01,5.395302486883563065e-01,6.688851998433962276e-01,4.453036742930657210e-01,1.010298485087717468e+00,-1.509253081244876782e+00,2.519802244911911515e+00,-2.167781197162512719e+00
2.298611111111111271e-01,8.275000000000000000e+01,6.178796613596605480e-01,5.390065311057488096e-01,6.697614416363407708e-01,4.445509368106445036e-01,1.006505392555826495e+00,-1.507366763549785604e+00,2.527340047225674624e+00,-2.167985193869446103e+00
2.302083333333333481e-01,8.287500000000000000e+01,6.182285066148995867e-01,5.384834616518803241e-01,6.706402898517305200e-01,4.437981300665684858e-01,1.002869473139298639e+00,-1.505519859708535524e+00,2.534815238194297660e+00,-2.168180144293894607e+00
2.305555555555555691e-01,8.300000000000000000e+01,6.185761166851180270e-01,5.379610266413847874e-01,6.715217227495143826e-01,4.430452572019082935e-01,9.993907268381345688e-01,-1.503712369721125430e+00,2.542227817817773516e+00,-2.168366048435858673e+00
2.309027777777777901e-01,8.312500000000000000e+01,6.189225461443145226e-01,5.374392123888965811e-01,6.724057185896427091e-01,4.422923213577341084e-01,9.960691536523346157e-01,-1.501944293587556212e+00,2.549577786096104859e+00,-2.168542906295338302e+00
2.312500000000000111e-01,8.325000000000000000e+01,6.192678495664871718e-01,5.369180052090491984e-01,6.732922556320646290e-01,4.415393256751156126e-01,9.929047535819004455e-01,-1.500215631307826314e+00,2.556865143029293908e+00,-2.168710717872333493e+00
2.315972222222222321e-01,8.337500000000000000e+01,6.196120815256346281e-01,5.363973914164772427e-01,6.741813121367298267e-01,4.407862732951237095e-01,9.898975266268290607e-01,-1.498526382881937513e+00,2.564089888617338442e+00,-2.168869483166843359e+00
2.319444444444444531e-01,8.350000000000000000e+01,6.199552965957551010e-01,5.358773573258149847e-01,6.750728663635874316e-01,4.400331673588285808e-01,9.870474727871231257e-01,-1.496876548309889365e+00,2.571252022860234909e+00,-2.169019202178868788e+00
2.322916666666666741e-01,8.362500000000000000e+01,6.202975493508472438e-01,5.353578892516956955e-01,6.759668965725880163e-01,4.392800110073007969e-01,9.843545920627796431e-01,-1.495266127591681427e+00,2.578351545757989971e+00,-2.169159874908410224e+00
2.326388888888888951e-01,8.375000000000000000e+01,6.206388943649092660e-01,5.348389735087540897e-01,6.768633810236801551e-01,4.385268073816101508e-01,9.818188844538008331e-01,-1.493695120727313697e+00,2.585388457310597410e+00,-2.169291501355466778e+00
2.329861111111111160e-01,8.387500000000000000e+01,6.209793862119398211e-01,5.343205964116243267e-01,6.777622979768145317e-01,4.377735596228274906e-01,9.794403499601861407e-01,-1.492163527716786842e+00,2.592362757518063443e+00,-2.169414081520038895e+00
2.333333333333333370e-01,8.400000000000000000e+01,6.213190794659366745e-01,5.338027442749400109e-01,6.786636256919400534e-01,4.370202708720226092e-01,9.772189885819364541e-01,-1.490671348560099974e+00,2.599274446380385406e+00,-2.169527615402126131e+00
2.336805555555555580e-01,8.412500000000000000e+01,6.216580287008989236e-01,5.332854034133354126e-01,6.795673424290062936e-01,4.362669442702659661e-01,9.751548003190509961e-01,-1.489218583257253536e+00,2.606123523897558858e+00,-2.169632103001728485e+00
2.340277777777777790e-01,8.425000000000000000e+01,6.219962884908244449e-01,5.327685601414449135e-01,6.804734264479632699e-01,4.355135829586279650e-01,9.732477851715288786e-01,-1.487805231808247974e+00,2.612909990069594013e+00,-2.169727544318846846e+00
2.343750000000000000e-01,8.437500000000000000e+01,6.223339134097118919e-01,5.322522007739023397e-01,6.813818560087598897e-01,4.347601900781791207e-01,9.714979431393709897e-01,-1.486431294213082399e+00,2.619633844896478436e+00,-2.169813939353480325e+00
2.347222222222222210e-01,8.450000000000000000e+01,6.226709580315595849e-01,5.317363116253418509e-01,6.822926093713467255e-01,4.340067687699896148e-01,9.699052742225771073e-01,-1.485096770471757699e+00,2.626295088378221898e+00,-2.169891288105629368e+00
2.350694444444444420e-01,8.462500000000000000e+01,6.230074769303659554e-01,5.312208790103971623e-01,6.832056647956727957e-01,4.332533221751293517e-01,9.684697784211475646e-01,-1.483801660584272764e+00,2.632893720514823066e+00,-2.169959590575293529e+00
2.354166666666666630e-01,8.475000000000000000e+01,6.233435246801293239e-01,5.307058892437027664e-01,6.841210005416876738e-01,4.324998534346688461e-01,9.671914557350829167e-01,-1.482545964550628481e+00,2.639429741306274835e+00,-2.170018846762473252e+00
2.357638888888889117e-01,8.487500000000001421e+01,6.236791558548481218e-01,5.301913286398927116e-01,6.850385948693410443e-01,4.317463656896785573e-01,9.660703061643812761e-01,-1.481329682370824630e+00,2.645903150752586974e+00,-2.170069056667168983e+00
2.361111111111111327e-01,8.500000000000001421e+01,6.240144250285206695e-01,5.296771835136011575e-01,6.859584260385822585e-01,4.309928620812287781e-01,9.651063297090447524e-01,-1.480152814044861653e+00,2.652313948853748382e+00,-2.170110220289378944e+00
2.364583333333333537e-01,8.512500000000001421e+01,6.243493867751455095e-01,5.291634401794618192e-01,6.868804723093615561e-01,4.302393457503900231e-01,9.642995263690717911e-01,-1.479015359572738220e+00,2.658662135609770161e+00,-2.170142337629104912e+00
2.368055555555555747e-01,8.525000000000000000e+01,6.246840956687209623e-01,5.286500849521093004e-01,6.878047119416277333e-01,4.294858198382323633e-01,9.636498961444629474e-01,-1.477917318954455883e+00,2.664947711020643428e+00,-2.170165408686346442e+00
2.371527777777777957e-01,8.537500000000000000e+01,6.250186062832453482e-01,5.281371041461770943e-01,6.887311231953310298e-01,4.287322874858258692e-01,9.631574390352185544e-01,-1.476858692190013977e+00,2.671170675086377511e+00,-2.170179433461103091e+00
2.375000000000000167e-01,8.550000000000000000e+01,6.253529731927170987e-01,5.276244840762995825e-01,6.896596843304211299e-01,4.279787518342410002e-01,9.628221550413383900e-01,-1.475839479279412059e+00,2.677331027806966635e+00,-2.170184411953375303e+00
2.378472222222222376e-01,8.562500000000000000e+01,6.256872509711344232e-01,5.271122110571109243e-01,6.905903736068468302e-01,4.272252160245481045e-01,9.626440441628221212e-01,-1.474859680222650349e+00,2.683428769182405471e+00,-2.170180344163163078e+00
2.381944444444444586e-01,8.575000000000000000e+01,6.260214941924960863e-01,5.266002714032453902e-01,6.915231692845585920e-01,4.264716831978175304e-01,9.626231063996700810e-01,-1.473919295019729736e+00,2.689463899212705122e+00,-2.170167230090466415e+00
2.385416666666666796e-01,8.587500000000000000e+01,6.263557574308005194e-01,5.260886514293364735e-01,6.924580496235054339e-01,4.257181564951199593e-01,9.627593417518823804e-01,-1.473018323670649554e+00,2.695436417897856263e+00,-2.170145069735284427e+00
2.388888888888889006e-01,8.600000000000000000e+01,6.266900952600457098e-01,5.255773374500187778e-01,6.933949928836374843e-01,4.249646390575252397e-01,9.630527502194586864e-01,-1.472156766175409359e+00,2.701346325237866886e+00,-2.170113863097618001e+00
2.392361111111111216e-01,8.612500000000000000e+01,6.270245622542300890e-01,5.250663157799261294e-01,6.943339773249039837e-01,4.242111340261034425e-01,9.635033318023991100e-01,-1.471334622534010039e+00,2.707193621232732994e+00,-2.170073610177467138e+00
2.395833333333333426e-01,8.625000000000000000e+01,6.273592129873523104e-01,5.245555727336925766e-01,6.952749812072547275e-01,4.234576445419251378e-01,9.641110865007038733e-01,-1.470551892746450706e+00,2.712978305882451924e+00,-2.170024310974831838e+00
2.399305555555555636e-01,8.637500000000000000e+01,6.276941020334105836e-01,5.240450946259523901e-01,6.962179827906388452e-01,4.227041737460608406e-01,9.648760143143724211e-01,-1.469808576812731804e+00,2.718700379187027227e+00,-2.169965965489711657e+00
2.402777777777777846e-01,8.650000000000000000e+01,6.280292839664034510e-01,5.235348677713396182e-01,6.971629603350065763e-01,4.219507247795808436e-01,9.657981152434054195e-01,-1.469104674732853333e+00,2.724359841146460237e+00,-2.169898573722107482e+00
2.406250000000000056e-01,8.662500000000000000e+01,6.283648133603290109e-01,5.230248784844880872e-01,6.981098921003069391e-01,4.211973007835550509e-01,9.668773892878027576e-01,-1.468440186506815515e+00,2.729956691760743848e+00,-2.169822135672017982e+00
2.409722222222222265e-01,8.675000000000000000e+01,6.287007447891861389e-01,5.225151130800322896e-01,6.990587563464901733e-01,4.204439048990544214e-01,9.681138364475642133e-01,-1.467815112134617905e+00,2.735490931029888717e+00,-2.169736651339444489e+00
2.413194444444444475e-01,8.687500000000000000e+01,6.290371328269727114e-01,5.220055578726061629e-01,7.000095313335056302e-01,4.196905402671484153e-01,9.695074567226894535e-01,-1.467229451616260949e+00,2.740962558953885964e+00,-2.169642120724385670e+00
2.416666666666666685e-01,8.700000000000000000e+01,6.293740320476872707e-01,5.214961991768435334e-01,7.009621953213024392e-01,4.189372100289078804e-01,9.710582501131783673e-01,-1.466683204951744202e+00,2.746371575532738696e+00,-2.169538543826842858e+00
2.420138888888888895e-01,8.712500000000000000e+01,6.297114970253285815e-01,5.209870233073787826e-01,7.019167265698309510e-01,4.181839173254030539e-01,9.727662166190321757e-01,-1.466176372141068107e+00,2.751717980766449578e+00,-2.169425920646815165e+00
2.423611111111111105e-01,8.725000000000000000e+01,6.300495823338945200e-01,5.204780165788457369e-01,7.028731033390404059e-01,4.174306652977045062e-01,9.746313562402505459e-01,-1.465708953184232222e+00,2.757001774655012394e+00,-2.169304251184303034e+00
2.427083333333333315e-01,8.737500000000000000e+01,6.303883425473838509e-01,5.199691653058788887e-01,7.038313038888799333e-01,4.166774570868821970e-01,9.766536689768329227e-01,-1.465280948081236767e+00,2.762222957198432916e+00,-2.169173535439306466e+00
2.430555555555555525e-01,8.750000000000000000e+01,6.307278322397946724e-01,5.194604558031118424e-01,7.047913064792999949e-01,4.159242958340062524e-01,9.788331548287791950e-01,-1.464892356832081743e+00,2.767381528396706702e+00,-2.169033773411825017e+00
2.434027777777777735e-01,8.762500000000000000e+01,6.310681059851253050e-01,5.189518743851789795e-01,7.057530893702500530e-01,4.151711846801472983e-01,9.811698137960890298e-01,-1.464543179436767151e+00,2.772477488249838640e+00,-2.168884965101858686e+00
2.437500000000000222e-01,8.775000000000001421e+01,6.314092183573746242e-01,5.184434073667142373e-01,7.067166308216793480e-01,4.144181267663753498e-01,9.836636458787638704e-01,-1.464233415895292767e+00,2.777510836757826507e+00,-2.168727110509408362e+00
2.440972222222222432e-01,8.787500000000001421e+01,6.317512239305406174e-01,5.179350410623519974e-01,7.076819090935372314e-01,4.136651252337611440e-01,9.863146510768020514e-01,-1.463963066207659258e+00,2.782481573920666307e+00,-2.168560209634473157e+00
2.444444444444444642e-01,8.800000000000000000e+01,6.320941772786219381e-01,5.174267617867258640e-01,7.086489024457739427e-01,4.129121832233750289e-01,9.891228293902052382e-01,-1.463732130373865958e+00,2.787389699738366033e+00,-2.168384262477053959e+00
2.447916666666666852e-01,8.812500000000000000e+01,6.324381329756166847e-01,5.169185558544705517e-01,7.096175891383386114e-01,4.121593038762870198e-01,9.920881808189725426e-01,-1.463540608393912867e+00,2.792235214210916361e+00,-2.168199269037149435e+00
2.451388888888889062e-01,8.825000000000000000e+01,6.327831455955236217e-01,5.164104095802193317e-01,7.105879474311812549e-01,4.114064903335671874e-01,9.952107053631042977e-01,-1.463388500267800207e+00,2.797018117338327059e+00,-2.168005229314760030e+00
2.454861111111111271e-01,8.837500000000000000e+01,6.331292697123405144e-01,5.159023092786068077e-01,7.115599555842514468e-01,4.106537457362861021e-01,9.984904030225986160e-01,-1.463275805995528422e+00,2.801738409120591466e+00,-2.167802143309887075e+00
2.458333333333333481e-01,8.850000000000000000e+01,6.334765599000662384e-01,5.153942412642670279e-01,7.125335918574980942e-01,4.099010732255140566e-01,1.001927273797457385e+00,-1.463202525577096624e+00,2.806396089557709583e+00,-2.167590011022528351e+00
2.461805555555555691e-01,8.862500000000000000e+01,6.338250707326993361e-01,5.148861918518341518e-01,7.135088345108717700e-01,4.091484759423214546e-01,1.005521317687681382e+00,-1.463168659012505479e+00,2.810991158649685406e+00,-2.167368832452686078e+00
2.465277777777777901e-01,8.875000000000000000e+01,6.341748567842377948e-01,5.143781473559418949e-01,7.144856618043212704e-01,4.083959568449335720e-01,1.009272534693269607e+00,-1.463174206301754543e+00,2.815523616396514495e+00,-2.167140218517677575e+00
2.468750000000000111e-01,8.887500000000000000e+01,6.345259726286802682e-01,5.138700940912249715e-01,7.154640519977968349e-01,4.076435181165239952e-01,1.013180924814222283e+00,-1.463219167444844038e+00,2.819993462798201733e+00,-2.166905907755523053e+00
2.472222222222222321e-01,8.900000000000000000e+01,6.348784728400248545e-01,5.133620183723166530e-01,7.164439833512479261e-01,4.068911617349416088e-01,1.017246488050537412e+00,-1.463303542441773963e+00,2.824400697854744458e+00,-2.166665900791943322e+00
2.475694444444444531e-01,8.912500000000000000e+01,6.352324119922703183e-01,5.128539065138515429e-01,7.174254341246241173e-01,4.061388896780341873e-01,1.021469224402217879e+00,-1.463427331292544542e+00,2.828745321566141335e+00,-2.166420197626937494e+00
2.479166666666666741e-01,8.925000000000000000e+01,6.355878446594146469e-01,5.123457448304635786e-01,7.184083825778742050e-01,4.053867039236496717e-01,1.025849133869261687e+00,-1.463590533997155774e+00,2.833027333932393699e+00,-2.166168798260505124e+00
2.482638888888888951e-01,8.937500000000000000e+01,6.359448254154568270e-01,5.118375196367871416e-01,7.193928069709488726e-01,4.046346064496358919e-01,1.030386216451670611e+00,-1.463793150555606548e+00,2.837246734953501104e+00,-2.165911702692646656e+00
2.486111111111111160e-01,8.950000000000000000e+01,6.363034088343946237e-01,5.113292172474558361e-01,7.203786855637971387e-01,4.038825992338402893e-01,1.035080472149443764e+00,-1.464035180967898420e+00,2.841403524629465771e+00,-2.165648910923363868e+00
2.489583333333333370e-01,8.962500000000000000e+01,6.366636494902268018e-01,5.108208239771042658e-01,7.213659966163691317e-01,4.031306842541107494e-01,1.039931900962581590e+00,-1.464316625234030722e+00,2.845497702960286368e+00,-2.165380422952654538e+00
2.493055555555555580e-01,8.975000000000000000e+01,6.370256019569514594e-01,5.103123261403659239e-01,7.223547183886142031e-01,4.023788634882946580e-01,1.044940502891081424e+00,-1.464637483354002789e+00,2.849529269945960674e+00,-2.165106238780519110e+00
2.496527777777777790e-01,8.987500000000000000e+01,6.373893208085671391e-01,5.098037100518750808e-01,7.233448291404813713e-01,4.016271389142399006e-01,1.050106277934945043e+00,-1.464997755327816176e+00,2.853498225586490022e+00,-2.164826358406958029e+00
2.500000000000000000e-01,9.000000000000000000e+01,6.377548606190722724e-01,5.092949620262663402e-01,7.243363071319212088e-01,4.008755125097944183e-01,1.055429226094175110e+00,-1.465397441155469327e+00,2.857404569881874856e+00,-2.164540781831970406e+00
2.503472222222222210e-01,9.012500000000000000e+01,6.381222759624655128e-01,5.087860683781729731e-01,7.253291306228828450e-01,4.001239862528059854e-01,1.060909347368769406e+00,-1.465836540836963131e+00,2.861248302832117396e+00,-2.164249509055557130e+00
2.506944444444444420e-01,9.025000000000000000e+01,6.384916214127446255e-01,5.082770154222299164e-01,7.263232778733154094e-01,3.993725621211219878e-01,1.066546641758728153e+00,-1.466315054372297144e+00,2.865029424437215422e+00,-2.163952540077718201e+00
2.510416666666666630e-01,9.037500000000000000e+01,6.388629515439084861e-01,5.077677894730703301e-01,7.273187271431695855e-01,3.986212420925902555e-01,1.072341109264050463e+00,-1.466832981761471588e+00,2.868747934697166713e+00,-2.163649874898451841e+00
2.513888888888888840e-01,9.050000000000000000e+01,6.392363209299551929e-01,5.072583768453289288e-01,7.283154566923942808e-01,3.978700281450583409e-01,1.078292749884735224e+00,-1.467390323004486907e+00,2.872403833611976598e+00,-2.163341513517761161e+00
2.517361111111111049e-01,9.062500000000000000e+01,6.396117841448831776e-01,5.067487638536395389e-01,7.293134447809386245e-01,3.971189222563740739e-01,1.084401563620783548e+00,-1.467987078101342435e+00,2.875997121181637528e+00,-2.163027455935644827e+00
2.520833333333333259e-01,9.075000000000000000e+01,6.399893957626912044e-01,5.062389368126366529e-01,7.303126696687534114e-01,3.963679264043857287e-01,1.090667550472198766e+00,-1.468623247052038172e+00,2.879527797406157941e+00,-2.162707702152101952e+00
2.524305555555555469e-01,9.087500000000000000e+01,6.403692103573773720e-01,5.057288820369537641e-01,7.313131096157872157e-01,3.956170425669400248e-01,1.097090710438978212e+00,-1.469298829856574784e+00,2.882995862285531175e+00,-2.162382252167133423e+00
2.527777777777777679e-01,9.100000000000000000e+01,6.407512825029402226e-01,5.052185858412254760e-01,7.323147428819903881e-01,3.948662727218856805e-01,1.103671043521121664e+00,-1.470013826514950939e+00,2.886401315819762559e+00,-2.162051105980737908e+00
2.531249999999999889e-01,9.112500000000000000e+01,6.411356667733776327e-01,5.047080345400853929e-01,7.333175477273121690e-01,3.941156188470693600e-01,1.110408549718626903e+00,-1.470768237027168190e+00,2.889744158008848984e+00,-2.161714263592918073e+00
2.534722222222222099e-01,9.125000000000000000e+01,6.415224177426885888e-01,5.041972144481677853e-01,7.343215024117022427e-01,3.933650829203396149e-01,1.117303229031498590e+00,-1.471562061393226095e+00,2.893024388852790896e+00,-2.161371725003670363e+00
2.538194444444444309e-01,9.137500000000000000e+01,6.419115899848711893e-01,5.036861118801070347e-01,7.353265851951097387e-01,3.926146669195437200e-01,1.124355081459731842e+00,-1.472395299613123543e+00,2.896242008351585628e+00,-2.161023490212998777e+00
2.541666666666666519e-01,9.150000000000000000e+01,6.423032380739239766e-01,5.031747131505368564e-01,7.363327743374848966e-01,3.918643728225298384e-01,1.131564107003332209e+00,-1.473267951686862087e+00,2.899397016505239399e+00,-2.160669559220900204e+00
2.545138888888888729e-01,9.162500000000000000e+01,6.426974165838452713e-01,5.026630045740914099e-01,7.373400480987768457e-01,3.911142026071454669e-01,1.138930305662296583e+00,-1.474180017614440619e+00,2.902489413313744659e+00,-2.160309932027375979e+00
2.548611111111110938e-01,9.175000000000000000e+01,6.430941800886335047e-01,5.021509724654048545e-01,7.383483847389359367e-01,3.903641582512379915e-01,1.146453677436625185e+00,-1.475131497395859803e+00,2.905519198777109402e+00,-2.159944608632425211e+00
2.552083333333333703e-01,9.187500000000001421e+01,6.434935831622868863e-01,5.016386031391111278e-01,7.393577625179112989e-01,3.896142417326552421e-01,1.154134222326318016e+00,-1.476122391031119863e+00,2.908486372895327854e+00,-2.159573589036050123e+00
2.555555555555555913e-01,9.200000000000001421e+01,6.438956803788038474e-01,5.011258829098443890e-01,7.403681596956522837e-01,3.888644550292453816e-01,1.161971940331371966e+00,-1.477152698520219909e+00,2.911390935668403124e+00,-2.159196873238246717e+00
2.559027777777778123e-01,9.212500000000001421e+01,6.443005263121829307e-01,5.006127980922387977e-01,7.413795545321083535e-01,3.881148001188555741e-01,1.169966831451789924e+00,-1.478222419863160386e+00,2.914232887096333435e+00,-2.158814461239018989e+00
2.562500000000000333e-01,9.225000000000001421e+01,6.447081755364225675e-01,5.000993350009287353e-01,7.423919252872300811e-01,3.873652789793339268e-01,1.178118895687575440e+00,-1.479331555059941294e+00,2.917012227179117456e+00,-2.158426353038365608e+00
2.565972222222222543e-01,9.237500000000001421e+01,6.451186826255210782e-01,4.995854799505475285e-01,7.434052502209663738e-01,3.866158935885282699e-01,1.186428133038724519e+00,-1.480480104110562412e+00,2.919728955916759627e+00,-2.158032548636286574e+00
2.569444444444444753e-01,9.250000000000001421e+01,6.455321021534768944e-01,4.990712192557299476e-01,7.444195075932664718e-01,3.858666459242861002e-01,1.194894543505238271e+00,-1.481668067015023960e+00,2.922383073309254620e+00,-2.157633048032780554e+00
2.572916666666666963e-01,9.262500000000001421e+01,6.459484886942883364e-01,4.985565392311096522e-01,7.454346756640808369e-01,3.851175379644548036e-01,1.203518127087116474e+00,-1.482895443773326383e+00,2.924974579356607318e+00,-2.157227851227848880e+00
2.576388888888889173e-01,9.275000000000001421e+01,6.463678968219533916e-01,4.980414261913208573e-01,7.464507326933584874e-01,3.843685716868824875e-01,1.212298883784354908e+00,-1.484162234385469237e+00,2.927503474058815058e+00,-2.156816958221491554e+00
2.579861111111111382e-01,9.287500000000001421e+01,6.467903811104710465e-01,4.975258664509976669e-01,7.474676569410491078e-01,3.836197490694167600e-01,1.221236813596957571e+00,-1.485468438851452078e+00,2.929969757415876508e+00,-2.156400369013706353e+00
2.583333333333333592e-01,9.300000000000001421e+01,6.472159961338397327e-01,4.970098463247742959e-01,7.484854266671028267e-01,3.828710720899057285e-01,1.230331916524928237e+00,-1.486814057171275127e+00,2.932373429427797440e+00,-2.155978083604497275e+00
2.586805555555555802e-01,9.312500000000001421e+01,6.476447964660573264e-01,4.964933521272846262e-01,7.495040201314682182e-01,3.821225427261962238e-01,1.239584192568262688e+00,-1.488199089344939274e+00,2.934714490094568973e+00,-2.155550101993862544e+00
2.590277777777778012e-01,9.325000000000001421e+01,6.480768366811228143e-01,4.959763701731628727e-01,7.505234155940959662e-01,3.813741629561370194e-01,1.248993641726961590e+00,-1.489623535372442964e+00,2.936992939416199544e+00,-2.155116424181801271e+00
2.593750000000000222e-01,9.337500000000001421e+01,6.485121713530339616e-01,4.954588867770429728e-01,7.515435913149350888e-01,3.806259347575748353e-01,1.258560264001020501e+00,-1.491087395253787973e+00,2.939208777392686489e+00,-2.154677050168313901e+00
2.597222222222222432e-01,9.350000000000001421e+01,6.489508550557895328e-01,4.949408882535589749e-01,7.525645255539353817e-01,3.798778601083580564e-01,1.268284059390447860e+00,-1.492590668988973190e+00,2.941362004024024923e+00,-2.154231979953401765e+00
2.600694444444444642e-01,9.362500000000000000e+01,6.493929423633877374e-01,4.944223609173453160e-01,7.535861965710459742e-01,3.791299409863340686e-01,1.278165027895235006e+00,-1.494133356577998173e+00,2.943452619310222396e+00,-2.153781213537061312e+00
2.604166666666666852e-01,9.375000000000000000e+01,6.498384878498273398e-01,4.939032910830356560e-01,7.546085826262174390e-01,3.783821793693510904e-01,1.288203169515390378e+00,-1.495715458020864252e+00,2.945480623251275354e+00,-2.153324750919296093e+00
2.607638888888889062e-01,9.387500000000000000e+01,6.502875460891064385e-01,4.933836650652645428e-01,7.556316619793981282e-01,3.776345772352564523e-01,1.298398484250910201e+00,-1.497336973317570319e+00,2.947446015847180689e+00,-2.152862592100106998e+00
2.611111111111111271e-01,9.400000000000000000e+01,6.507401716552233539e-01,4.928634691786655808e-01,7.566554128905387255e-01,3.768871365618976510e-01,1.308750972101794030e+00,-1.498997902468117038e+00,2.949348797097943731e+00,-2.152394737079489140e+00
2.614583333333333481e-01,9.412500000000000000e+01,6.511964191221765175e-01,4.923426897378729294e-01,7.576798136195883604e-01,3.761398593271224611e-01,1.319260633068038091e+00,-1.500698245472504411e+00,2.951188967003560926e+00,-2.151921185857446517e+00
2.618055555555555691e-01,9.425000000000000000e+01,6.516563430639643606e-01,4.918213130575207481e-01,7.587048424264964952e-01,3.753927475087789345e-01,1.329927467149645937e+00,-1.502438002330732214e+00,2.952966525564035383e+00,-2.151441938433978240e+00
2.621527777777777901e-01,9.437500000000000000e+01,6.521199980545853148e-01,4.912993254522435294e-01,7.597304775712131475e-01,3.746458030847145682e-01,1.340751474346622008e+00,-1.504217173042800004e+00,2.954681472779363993e+00,-2.150956994809083866e+00
2.625000000000000111e-01,9.450000000000000000e+01,6.525874386680379224e-01,4.907767132366747664e-01,7.607566973136874466e-01,3.738990280327774696e-01,1.351732654658962751e+00,-1.506035757608708670e+00,2.956333808649550310e+00,-2.150466354982763839e+00
2.628472222222222321e-01,9.462500000000000000e+01,6.530587194783202820e-01,4.902534627254488964e-01,7.617834799138696322e-01,3.731524243308149691e-01,1.362871008086667723e+00,-1.507893756028456878e+00,2.957923533174591668e+00,-2.149970018955017270e+00
2.631944444444444531e-01,9.475000000000000000e+01,6.535338950594308249e-01,4.897295602331997455e-01,7.628108036317089446e-01,3.724059939566748412e-01,1.374166534629732039e+00,-1.509791168302046405e+00,2.959450646354485848e+00,-2.149467986725843716e+00
2.635416666666666741e-01,9.487500000000000000e+01,6.540130199853682047e-01,4.892049920745614733e-01,7.638386467271547353e-01,3.716597388882044717e-01,1.385619234288165025e+00,-1.511727994429476363e+00,2.960915148189237733e+00,-2.148960258295245396e+00
2.638888888888888951e-01,9.500000000000000000e+01,6.544961488301301866e-01,4.886797445641681836e-01,7.648669874601565777e-01,3.709136611032520792e-01,1.397229107061957798e+00,-1.513704234410746530e+00,2.962317038678842884e+00,-2.148446833663222311e+00
2.642361111111111160e-01,9.512500000000000000e+01,6.549833361677162014e-01,4.881538040166543690e-01,7.658958040906648224e-01,3.701677625796654381e-01,1.408996152951119463e+00,-1.515719888245856684e+00,2.963656317823307074e+00,-2.147927712829772240e+00
2.645833333333333370e-01,9.525000000000000000e+01,6.554746365721239032e-01,4.876271567466534118e-01,7.669250748786281546e-01,3.694220452952917677e-01,1.420920371955645134e+00,-1.517774955934807934e+00,2.964932985622625417e+00,-2.147402895794896516e+00
2.649305555555555580e-01,9.537500000000000000e+01,6.559701046173516126e-01,4.870997890687998599e-01,7.679547780839970361e-01,3.686765112279793977e-01,1.433001764075534812e+00,-1.519869437477598284e+00,2.966147042076797025e+00,-2.146872382558594694e+00
2.652777777777777790e-01,9.550000000000000000e+01,6.564697948773978720e-01,4.865716872977275398e-01,7.689848919667204852e-01,3.679311623555754918e-01,1.445240329310784055e+00,-1.522003332874230841e+00,2.967298487185827227e+00,-2.146336173120866775e+00
2.656250000000000000e-01,9.562500000000000000e+01,6.569737619262613348e-01,4.860428377480706663e-01,7.700153947867484083e-01,3.671860006559278244e-01,1.457636067661401968e+00,-1.524176642124703163e+00,2.968387320949712915e+00,-2.145794267481712314e+00
2.659722222222222210e-01,9.575000000000000000e+01,6.574820603379398776e-01,4.855132267344634545e-01,7.710462648040297129e-01,3.664410281068844477e-01,1.470188979127379225e+00,-1.526389365229014805e+00,2.969413543368452313e+00,-2.145246665641132200e+00
2.663194444444444420e-01,9.587500000000000000e+01,6.579947446864323757e-01,4.849828405715396751e-01,7.720774802785151936e-01,3.656962466862930250e-01,1.482899063708726040e+00,-1.528641502187168433e+00,2.970377154442048528e+00,-2.144693367599127765e+00
2.666666666666666630e-01,9.600000000000000000e+01,6.585118695457371496e-01,4.844516655739338207e-01,7.731090194701532026e-01,3.649516583720012752e-01,1.495766321405436639e+00,-1.530933052999161381e+00,2.971278154170498009e+00,-2.144134373355695899e+00
2.670138888888888840e-01,9.612500000000000000e+01,6.590334894898525198e-01,4.839196880562794956e-01,7.741408606388944236e-01,3.642072651418564178e-01,1.508790752217511910e+00,-1.533264017664995427e+00,2.972116542553806529e+00,-2.143569682910838825e+00
2.673611111111111049e-01,9.625000000000000000e+01,6.595596590927764735e-01,4.833868943332109702e-01,7.751729820446878749e-01,3.634630689737067266e-01,1.521972356144945415e+00,-1.535634396184669903e+00,2.972892319591969201e+00,-2.142999296264555653e+00
2.677083333333333259e-01,9.637500000000000000e+01,6.600904328706935775e-01,4.828532707193624596e-01,7.762053619474829080e-01,3.627190718453995877e-01,1.535307874578720311e+00,-1.538044188558184810e+00,2.973605485284986027e+00,-2.142423213416844607e+00
2.680555555555555469e-01,9.650000000000000000e+01,6.606258409502662188e-01,4.823188035293681231e-01,7.772379786072300956e-01,3.619752757347828309e-01,1.548622634213242533e+00,-1.540493394785539261e+00,2.974256039632859228e+00,-2.141841434367709684e+00
2.684027777777777679e-01,9.662500000000000000e+01,6.611658513461569076e-01,4.817834790778616760e-01,7.782708102838777897e-01,3.612316826197046749e-01,1.561817216568992084e+00,-1.542982014866735474e+00,2.974843982635586137e+00,-2.141253959117149108e+00
2.687499999999999889e-01,9.675000000000000000e+01,6.617104223301432109e-01,4.812472836794776665e-01,7.793038352373766742e-01,3.604882944780123388e-01,1.574891621645968742e+00,-1.545510048801770564e+00,2.975369314293172529e+00,-2.140660787665162434e+00
2.690972222222222099e-01,9.687500000000000000e+01,6.622595121740035840e-01,4.807102036488496988e-01,7.803370317276759893e-01,3.597451132875530977e-01,1.587845849444167179e+00,-1.548077496590647417e+00,2.975832034605612630e+00,-2.140061920011749663e+00
2.694444444444444309e-01,9.700000000000000000e+01,6.628130791495167040e-01,4.801722253006120433e-01,7.813703780147251976e-01,3.590021410261753365e-01,1.600679899963598496e+00,-1.550684358233364257e+00,2.976232143572906441e+00,-2.139457356156910794e+00
2.697916666666666519e-01,9.712500000000000000e+01,6.633710815284599160e-01,4.796333349493990261e-01,7.824038523584735394e-01,3.582593796717266077e-01,1.613393773204251813e+00,-1.553330633729920862e+00,2.976569641195058402e+00,-2.138847096100646272e+00
2.701388888888888729e-01,9.725000000000000000e+01,6.639334775826121193e-01,4.790935189098443070e-01,7.834374330188714763e-01,3.575168312020549632e-01,1.625987469166137345e+00,-1.556016323080318786e+00,2.976844527472063628e+00,-2.138231139842955653e+00
2.704861111111110938e-01,9.737500000000000000e+01,6.645002255837515470e-01,4.785527634965822674e-01,7.844710982558679158e-01,3.567744975950071784e-01,1.638460987849250206e+00,-1.558741426284556919e+00,2.977056802403926561e+00,-2.137609487383838047e+00
2.708333333333333703e-01,9.750000000000001421e+01,6.650712838036559882e-01,4.780110550242468448e-01,7.855048263294128752e-01,3.560323808284317493e-01,1.650814329253590618e+00,-1.561505943342636149e+00,2.977206465990643203e+00,-2.136982138723296121e+00
2.711805555555555913e-01,9.762500000000001421e+01,6.656466105141038980e-01,4.774683798074724206e-01,7.865385954994559281e-01,3.552904828801764503e-01,1.663047493379157471e+00,-1.564309874254554256e+00,2.977293518232215774e+00,-2.136349093861328097e+00
2.715277777777778123e-01,9.775000000000001421e+01,6.662261639868730656e-01,4.769247241608925991e-01,7.875723840259465369e-01,3.545488057280885008e-01,1.675160480225947213e+00,-1.567153219020313903e+00,2.977317959128645164e+00,-2.135710352797933087e+00
2.718750000000000333e-01,9.787500000000001421e+01,6.668099024937420571e-01,4.763800743991417619e-01,7.886061701688337200e-01,3.538073513500158418e-01,1.687153289793964284e+00,-1.570035977639913982e+00,2.977279788679928707e+00,-2.135065915533113756e+00
2.722222222222222543e-01,9.800000000000001421e+01,6.673977843064893278e-01,4.758344168368541238e-01,7.896399321880683830e-01,3.530661217238062477e-01,1.699025922083213347e+00,-1.572958150113353160e+00,2.977179006886068180e+00,-2.134415782066866107e+00
2.725694444444444753e-01,9.812500000000001421e+01,6.679897676968926667e-01,4.752877377886632893e-01,7.906736483435993224e-01,3.523251188273076040e-01,1.710778377093689517e+00,-1.575919736440634100e+00,2.977015613747064915e+00,-2.133759952399193693e+00
2.729166666666666963e-01,9.825000000000001421e+01,6.685858109367306401e-01,4.747400235692039727e-01,7.917072968953757783e-01,3.515843446383676296e-01,1.722410654825393239e+00,-1.578920736621754362e+00,2.976789609262914915e+00,-2.133098426530097402e+00
2.732638888888889173e-01,9.837500000000001421e+01,6.691858722977810370e-01,4.741912604931096675e-01,7.927408561033483236e-01,3.508438011348332664e-01,1.733922755278323846e+00,-1.581961150656716164e+00,2.976500993433622178e+00,-2.132431204459571905e+00
2.736111111111111382e-01,9.850000000000001421e+01,6.697899100518222015e-01,4.736414348750146996e-01,7.937743042274659766e-01,3.501034902945530103e-01,1.745314678452477342e+00,-1.585040978545518398e+00,2.976149766259181817e+00,-2.131758286187622975e+00
2.739583333333333592e-01,9.862500000000001421e+01,6.703978824706321449e-01,4.730905330295531175e-01,7.948076195276785327e-01,3.493634140953742473e-01,1.756586424347858166e+00,-1.588160220288161062e+00,2.975735927739599607e+00,-2.131079671714247503e+00
2.743055555555555802e-01,9.875000000000001421e+01,6.710097478259896553e-01,4.725385412713593025e-01,7.958407802639348994e-01,3.486235745151450849e-01,1.767737992964470761e+00,-1.591318875884642381e+00,2.975259477874873326e+00,-2.130395361039445046e+00
2.746527777777778012e-01,9.887500000000001421e+01,6.716254643896726328e-01,4.719854459150668591e-01,7.968737646961854271e-01,3.478839735317127979e-01,1.778769384302310685e+00,-1.594516945334965907e+00,2.974720416665000755e+00,-2.129705354163217823e+00
2.750000000000000222e-01,9.900000000000001421e+01,6.722449904334593107e-01,4.714312332753103352e-01,7.979065510843798004e-01,3.471446131229256604e-01,1.789680598361377495e+00,-1.597754428639128754e+00,2.974118744109984558e+00,-2.129009651085564059e+00
2.753472222222222432e-01,9.912500000000001421e+01,6.728682842291273669e-01,4.708758896667234461e-01,7.989391176884674817e-01,3.464054952666305587e-01,1.800471635141667193e+00,-1.601031325797133142e+00,2.973454460209822514e+00,-2.128308251806483753e+00
2.756944444444444642e-01,9.925000000000000000e+01,6.734953040484558118e-01,4.703194014039402404e-01,7.999714427683979334e-01,3.456666219406757112e-01,1.811142494643188883e+00,-1.604347636808977740e+00,2.972727564964517288e+00,-2.127601156325978682e+00
2.760416666666666852e-01,9.937500000000000000e+01,6.741260081632222123e-01,4.697617548015952660e-01,8.010035045841203960e-01,3.449279951229087815e-01,1.821693176865933461e+00,-1.607703361674661879e+00,2.971938058374069325e+00,-2.126888364644047957e+00
2.763888888888889062e-01,9.950000000000000000e+01,6.747603548452052458e-01,4.692029361743220717e-01,8.020352813955851090e-01,3.441896167911777660e-01,1.832123681809909366e+00,-1.611098500394187338e+00,2.971085940438474626e+00,-2.126169876760690691e+00
2.767361111111111271e-01,9.962500000000000000e+01,6.753983023661831453e-01,4.686429318367549279e-01,8.030667514627412018e-01,3.434514889233298285e-01,1.842434009475112600e+00,-1.614533052967553450e+00,2.970171211157737634e+00,-2.125445692675907772e+00
2.770833333333333481e-01,9.975000000000000000e+01,6.760398089979338110e-01,4.680817281035282162e-01,8.040978930455390250e-01,3.427136134972131876e-01,1.852624159861543163e+00,-1.618007019394758217e+00,2.969193870531852131e+00,-2.124715812389698311e+00
2.774305555555555691e-01,9.987500000000000000e+01,6.766848330122351429e-01,4.675193112892755964e-01,8.051286844039273749e-01,3.419759924906752291e-01,1.862694132969196614e+00,-1.621520399675805413e+00,2.968153918560824778e+00,-2.123980235902063640e+00
2.777777777777777901e-01,1.000000000000000000e+02,6.773333326808658184e-01,4.669556677086312280e-01,8.061591037978563801e-01,3.412386278815635610e-01,1.872643928798077395e+00,-1.625073193810692818e+00,2.967051355244652466e+00,-2.123238963213001540e+00
2.781250000000000111e-01,1.001250000000000000e+02,6.779852662756042925e-01,4.663907836762296033e-01,8.071891294872747258e-01,3.405015216477264017e-01,1.882473547348189946e+00,-1.628665401799418877e+00,2.965886180583336085e+00,-2.122491994322514675e+00
2.784722222222222321e-01,1.002500000000000000e+02,6.786405920682282433e-01,4.658246455067042158e-01,8.082187397321328737e-01,3.397646757670112483e-01,1.892182988619528938e+00,-1.632297023641987144e+00,2.964658394576876965e+00,-2.121739329230603044e+00
2.788194444444444531e-01,1.003750000000000000e+02,6.792992683305162371e-01,4.652572395146896134e-01,8.092479127923806193e-01,3.390280922172658196e-01,1.901772252612096148e+00,-1.635968059338394065e+00,2.963367997225270223e+00,-2.120980967937263983e+00
2.791666666666666741e-01,1.005000000000000000e+02,6.799612533342462850e-01,4.646885520148195114e-01,8.102766269279672029e-01,3.382917729763374459e-01,1.911241339325889799e+00,-1.639678508888642972e+00,2.962014988528520743e+00,-2.120216910442499270e+00
2.795138888888888951e-01,1.006250000000000000e+02,6.806265053511963981e-01,4.641185693217281805e-01,8.113048603988425311e-01,3.375557200220742349e-01,1.920590248760907226e+00,-1.643428372292732531e+00,2.960599368486625860e+00,-2.119447156746308902e+00
2.798611111111111160e-01,1.007500000000000000e+02,6.812949826531448094e-01,4.635472777500496688e-01,8.123325914649554003e-01,3.368199353323237388e-01,1.929818980917152205e+00,-1.647217649550662522e+00,2.959121137099585575e+00,-2.118671706848691549e+00
2.802083333333333370e-01,1.008750000000000000e+02,6.819666435118703074e-01,4.629746636144182470e-01,8.133597983862557168e-01,3.360844208849341763e-01,1.938927535794627621e+00,-1.651046340662431389e+00,2.957580294367405216e+00,-2.117890560749650319e+00
2.805555555555555580e-01,1.010000000000000000e+02,6.826414461991506810e-01,4.624007132294676858e-01,8.143864594226933873e-01,3.353491786577524336e-01,1.947915913393330589e+00,-1.654914445628041797e+00,2.955976840290076790e+00,-2.117103718449180771e+00
2.809027777777777790e-01,1.011250000000000000e+02,6.833193489867641635e-01,4.618254129098324778e-01,8.154125528342179852e-01,3.346142106286271178e-01,1.956784113713260442e+00,-1.658821964447491304e+00,2.954310774867603406e+00,-2.116311179947287346e+00
2.812500000000000000e-01,1.012500000000000000e+02,6.840003101464887658e-01,4.612487489701462273e-01,8.164380568807791949e-01,3.338795187754050597e-01,1.965532136754414294e+00,-1.662768897120782796e+00,2.952582098099987284e+00,-2.115512945243967380e+00
2.815972222222222210e-01,1.013750000000000000e+02,6.846842879501029433e-01,4.606707077250431492e-01,8.174629498223265900e-01,3.331451050759345889e-01,1.974159982516799250e+00,-1.666755243647914719e+00,2.950790809987224428e+00,-2.114709014339221316e+00
2.819444444444444420e-01,1.015000000000000000e+02,6.853712406693847070e-01,4.600912754891576251e-01,8.184872099188089667e-01,3.324109715080629801e-01,1.982667651000407316e+00,-1.670781004028885741e+00,2.948936910529321054e+00,-2.113899387233049598e+00
2.822916666666666630e-01,1.016250000000000000e+02,6.860611265761125122e-01,4.595104385771233702e-01,8.195108154301771197e-01,3.316771200496386185e-01,1.991055142205246931e+00,-1.674846178263698304e+00,2.947020399726268280e+00,-2.113084063925451783e+00
2.826388888888888840e-01,1.017500000000000000e+02,6.867539039420644809e-01,4.589281833035748770e-01,8.205337446163797344e-01,3.309435526785088899e-01,1.999322456131313208e+00,-1.678950766352349744e+00,2.945041277578075878e+00,-2.112263044416427427e+00
2.829861111111111049e-01,1.018750000000000000e+02,6.874495310390189573e-01,4.583444959831456389e-01,8.215559757373671612e-01,3.302102713725210137e-01,2.007469592778606593e+00,-1.683094768294843613e+00,2.942999544084736741e+00,-2.111436328705977417e+00
2.833333333333333259e-01,1.020000000000000000e+02,6.881479661387533975e-01,4.577593629304701484e-01,8.225774870530888627e-01,3.294772781095232084e-01,2.015496552147124198e+00,-1.687278184091177469e+00,2.940895199246251757e+00,-2.110603916794102197e+00
2.836805555555555469e-01,1.021250000000000000e+02,6.888491675130468117e-01,4.571727704601823983e-01,8.235982568234938572e-01,3.287445748673630819e-01,2.023403334236869355e+00,-1.691501013741352200e+00,2.938728243062624035e+00,-2.109765808680800880e+00
2.840277777777777679e-01,1.022500000000000000e+02,6.895530934336773221e-01,4.565847048869168257e-01,8.246182633085318292e-01,3.280121636238882976e-01,2.031189939047844728e+00,-1.695763257245365141e+00,2.936498675533852687e+00,-2.108922004366073466e+00
2.843749999999999889e-01,1.023750000000000000e+02,6.902597021724229398e-01,4.559951525253068128e-01,8.256374847681527962e-01,3.272800463569470186e-01,2.038856366580046764e+00,-1.700064914603220734e+00,2.934206496659936825e+00,-2.108072503849920398e+00
2.847222222222222099e-01,1.025000000000000000e+02,6.909689520010618979e-01,4.554040996899871296e-01,8.266558994623066647e-01,3.265482250443865753e-01,2.046402616833476795e+00,-1.704405985814914759e+00,2.931851706440872452e+00,-2.107217307132340789e+00
2.850694444444444309e-01,1.026250000000000000e+02,6.916808011913722076e-01,4.548115326955912696e-01,8.276734856509425642e-01,3.258167016640545199e-01,2.053828689808130825e+00,-1.708786470880450770e+00,2.929434304876666229e+00,-2.106356414213335526e+00
2.854166666666666519e-01,1.027500000000000000e+02,6.923952080151325461e-01,4.542174378567535586e-01,8.286902215940099570e-01,3.250854781937985716e-01,2.061134585504015071e+00,-1.713206369799827433e+00,2.926954291967317268e+00,-2.105489825092903278e+00
2.857638888888888729e-01,1.028750000000000000e+02,6.931121307441202584e-01,4.536218014881083227e-01,8.297060855514585276e-01,3.243545566114668377e-01,2.068320303921123759e+00,-1.717665682573042529e+00,2.924411667712822016e+00,-2.104617539771045820e+00
2.861111111111111494e-01,1.030000000000000142e+02,6.938315276501147988e-01,4.530246099042889996e-01,8.307210557832385156e-01,3.236239388949065932e-01,2.075385845059462664e+00,-1.722164409200101831e+00,2.921806432113180030e+00,-2.103739558247764041e+00
2.864583333333333703e-01,1.031250000000000142e+02,6.945533570048935124e-01,4.524258494199305258e-01,8.317351105492981622e-01,3.228936270219662785e-01,2.082331208919028676e+00,-1.726702549680998011e+00,2.919138585168397526e+00,-2.102855880523054388e+00
2.868055555555555913e-01,1.032500000000000142e+02,6.952775770802348543e-01,4.518255063496664503e-01,8.327482281095881511e-01,3.221636229704927246e-01,2.089156395499821794e+00,-1.731280104015736176e+00,2.916408126878469620e+00,-2.101966506596919970e+00
2.871527777777778123e-01,1.033750000000000142e+02,6.960041461479168357e-01,4.512235699000918254e-01,8.337603867240581668e-01,3.214339287183343719e-01,2.095861404801842465e+00,-1.735868929130484961e+00,2.913615057243398532e+00,-2.101071436469359455e+00
2.875000000000000333e-01,1.035000000000000142e+02,6.967330224797176896e-01,4.506200455124667603e-01,8.347715646526572275e-01,3.207045462433383287e-01,2.102446236825087134e+00,-1.740426211630363040e+00,2.910759376263180265e+00,-2.100170670140371953e+00
2.878472222222222543e-01,1.036250000000000142e+02,6.974641643474158714e-01,4.500149442892086293e-01,8.357817401553354619e-01,3.199754775233526471e-01,2.108910891569562462e+00,-1.744951502377231733e+00,2.907841083937817039e+00,-2.099264207609959687e+00
2.881944444444444753e-01,1.037500000000000142e+02,6.981975300227892811e-01,4.494082773385651985e-01,8.367908914920417773e-01,3.192467245362249351e-01,2.115255369035262234e+00,-1.749444801371089930e+00,2.904860180267311076e+00,-2.098352048878120879e+00
2.885416666666666963e-01,1.038750000000000142e+02,6.989330777776162629e-01,4.488000557687835679e-01,8.377989969227264133e-01,3.185182892598033000e-01,2.121479669222191777e+00,-1.753906108611941184e+00,2.901816665251661043e+00,-2.097434193944856862e+00
2.888888888888889173e-01,1.040000000000000142e+02,6.996707658836751609e-01,4.481902906881117254e-01,8.388060347073384992e-01,3.177901736719350723e-01,2.127583792130348428e+00,-1.758335424099781719e+00,2.898710538890866495e+00,-2.096510642810166303e+00
2.892361111111111382e-01,1.041250000000000142e+02,7.004105526127443193e-01,4.475789932047968267e-01,8.398119831058281637e-01,3.170623797504677488e-01,2.133567737759732630e+00,-1.762732747834614866e+00,2.895541801184926545e+00,-2.095581395474050979e+00
2.895833333333333592e-01,1.042500000000000142e+02,7.011523962366010831e-01,4.469661744270866932e-01,8.408168203781446470e-01,3.163349094732492706e-01,2.139431506110340830e+00,-1.767098079816439293e+00,2.892310452133841636e+00,-2.094646451936508225e+00
2.899305555555555802e-01,1.043750000000000142e+02,7.018962550270243517e-01,4.463518454632288690e-01,8.418205247842378558e-01,3.156077648181275785e-01,2.145175097182177471e+00,-1.771431420045255001e+00,2.889016491737611325e+00,-2.093705812197538929e+00
2.902777777777778012e-01,1.045000000000000142e+02,7.026420872557924691e-01,4.457360174214712312e-01,8.428230745840566973e-01,3.148809477629500586e-01,2.150798510975242994e+00,-1.775732768521060212e+00,2.885659919996240497e+00,-2.092759476257145312e+00
2.906250000000000222e-01,1.046250000000000142e+02,7.033898511946834464e-01,4.451187014100607686e-01,8.438244480375513001e-01,3.141544602855649293e-01,2.156301747489536069e+00,-1.780002125243857813e+00,2.882240736909722489e+00,-2.091807444115325154e+00
2.909722222222222432e-01,1.047500000000000142e+02,7.041395051154752949e-01,4.444999085372456360e-01,8.448246234046715708e-01,3.134283043638195765e-01,2.161684806725056696e+00,-1.784239490213645141e+00,2.878758942478061300e+00,-2.090849715772079787e+00
2.913194444444444642e-01,1.048750000000000000e+02,7.048910072899462476e-01,4.438796499112727667e-01,8.458235789453666387e-01,3.127024819755614971e-01,2.166947688681801321e+00,-1.788444863430425524e+00,2.875214536701253820e+00,-2.089886291227408321e+00
2.916666666666666852e-01,1.050000000000000000e+02,7.056443159898747597e-01,4.432579366403901489e-01,8.468212929195864103e-01,3.119769950986384655e-01,2.172090393359776161e+00,-1.792618244894196300e+00,2.871607519579303602e+00,-2.088917170481310759e+00
2.920138888888889062e-01,1.051250000000000000e+02,7.063993894870387313e-01,4.426347798328455485e-01,8.478177435872799039e-01,3.112518457108984782e-01,2.177112920758975889e+00,-1.796759634604957023e+00,2.867937891112206650e+00,-2.087942353533785766e+00
2.923611111111111271e-01,1.052500000000000000e+02,7.071561860532167287e-01,4.420101905968860101e-01,8.488129092083975813e-01,3.105270357901893097e-01,2.182015270879404945e+00,-1.800869032562710359e+00,2.864205651299967403e+00,-2.086961840384837341e+00
2.927083333333333481e-01,1.053750000000000000e+02,7.079146639601867630e-01,4.413841800407595772e-01,8.498067680428879056e-01,3.098025673143583458e-01,2.186797443721061995e+00,-1.804946438767453420e+00,2.860410800142584531e+00,-2.085975631034461042e+00
2.930555555555555691e-01,1.055000000000000000e+02,7.086747814797270673e-01,4.407567592727134054e-01,8.507992983507017826e-01,3.090784422612536386e-01,2.191459439283944821e+00,-1.808991853219188650e+00,2.856553337640054480e+00,-2.084983725482659978e+00
2.934027777777777901e-01,1.056250000000000000e+02,7.094364968836154306e-01,4.401279394009952606e-01,8.517904783917880085e-01,3.083546626087225184e-01,2.196001257568054310e+00,-1.813005275917915604e+00,2.852633263792379470e+00,-2.083986123729432816e+00
2.937500000000000111e-01,1.057500000000000000e+02,7.101997684436305303e-01,4.394977315338527424e-01,8.527802864260966009e-01,3.076312303346127597e-01,2.200422898573390462e+00,-1.816986706863633616e+00,2.848650578599563055e+00,-2.082982825774779556e+00
2.940972222222222321e-01,1.058750000000000000e+02,7.109645544315508214e-01,4.388661467795336724e-01,8.537687007135762451e-01,3.069081474167723589e-01,2.204724362299955942e+00,-1.820936146056341132e+00,2.844605282061602569e+00,-2.081973831618700643e+00
2.944444444444444531e-01,1.060000000000000000e+02,7.117308131191539822e-01,4.382331962462853725e-01,8.547556995141775138e-01,3.061854158330490905e-01,2.208905648747748973e+00,-1.824853593496039483e+00,2.840497374178494905e+00,-2.080959141261195633e+00
2.947916666666666741e-01,1.061250000000000000e+02,7.124985027782185787e-01,4.375988910423551093e-01,8.557412610878502024e-01,3.054630375612905624e-01,2.212966757916768668e+00,-1.828739049182730447e+00,2.836326854950242726e+00,-2.079938754702264969e+00
2.951388888888888951e-01,1.062500000000000000e+02,7.132675816805226221e-01,4.369632422759908152e-01,8.567253636945432183e-01,3.047410145793439940e-01,2.216907689807015913e+00,-1.832592513116412913e+00,2.832093724376846033e+00,-2.078912671941906876e+00
2.954861111111111160e-01,1.063750000000000000e+02,7.140380080978439015e-01,4.363262610554399790e-01,8.577079855942063569e-01,3.040193488650577702e-01,2.220728444418488490e+00,-1.836413985297086215e+00,2.827797982458306603e+00,-2.077880892980124461e+00
2.958333333333333370e-01,1.065000000000000000e+02,7.148097403019610940e-01,4.356879584889501444e-01,8.586891050467893027e-01,3.032980423962792216e-01,2.224429021751188174e+00,-1.840203465724750798e+00,2.823439629194620437e+00,-2.076843417816915505e+00
2.961805555555555580e-01,1.066250000000000000e+02,7.155827365646524330e-01,4.350483456847692443e-01,8.596687003122414072e-01,3.025770971508565110e-01,2.228009421805117185e+00,-1.843960954399404883e+00,2.819018664585792866e+00,-2.075800246452280895e+00
2.965277777777777790e-01,1.067500000000000000e+02,7.163569551576964844e-01,4.344074337511445449e-01,8.606467496505121328e-01,3.018565151066365804e-01,2.231469644580273304e+00,-1.847686451321050027e+00,2.814535088631821225e+00,-2.074751378886221076e+00
2.968750000000000000e-01,1.068750000000000000e+02,7.171323543528705935e-01,4.337652337963233684e-01,8.616232313215521632e-01,3.011362982414680922e-01,2.234809690076656974e+00,-1.851379956489688228e+00,2.809988901332700628e+00,-2.073696815118733827e+00
2.972222222222222210e-01,1.070000000000000000e+02,7.179088924219533263e-01,4.331217569285535363e-01,8.625981235853101836e-01,3.004164485331979328e-01,2.238029558294265975e+00,-1.855041469905317264e+00,2.805380102688438626e+00,-2.072636555149821813e+00
2.975694444444444420e-01,1.071250000000000000e+02,7.186865276367232491e-01,4.324770142560825925e-01,8.635714047017357675e-01,2.996969679596743208e-01,2.241129249233103415e+00,-1.858670991567937358e+00,2.800708692699030777e+00,-2.071570598979482813e+00
2.979166666666666630e-01,1.072500000000000000e+02,7.194652182689579289e-01,4.318310168871584143e-01,8.645430529307785994e-01,2.989778584987445864e-01,2.244108762893167963e+00,-1.862268521477546956e+00,2.795974671364480635e+00,-2.070498946607718604e+00
2.982638888888888840e-01,1.073750000000000000e+02,7.202449225904361541e-01,4.311837759300279904e-01,8.655130465323885858e-01,2.982591221282570593e-01,2.246968099274460062e+00,-1.865834059634149389e+00,2.791178038684784202e+00,-2.069421598034527854e+00
2.986111111111111049e-01,1.075000000000000000e+02,7.210255988729358245e-01,4.305353024929394756e-01,8.664813637665148560e-01,2.975407608260591807e-01,2.249707258376979713e+00,-1.869367606037741547e+00,2.786318794659944587e+00,-2.068338553259912782e+00
2.989583333333333259e-01,1.076250000000000000e+02,7.218072053882352845e-01,4.298856076841399698e-01,8.674479828931077607e-01,2.968227765699981702e-01,2.252326240200726470e+00,-1.872869160688325874e+00,2.781396939289957349e+00,-2.067249812283870281e+00
2.993055555555555469e-01,1.077500000000000000e+02,7.225897004081123232e-01,4.292347026118771836e-01,8.684128821721164293e-01,2.961051713379220796e-01,2.254825044745699447e+00,-1.876338723585901702e+00,2.776412472574828705e+00,-2.066155375106402570e+00
2.996527777777777679e-01,1.078750000000000000e+02,7.233730422043455066e-01,4.285825983843987164e-01,8.693760398634905462e-01,2.953879471076787944e-01,2.257203672011899531e+00,-1.879776294730467923e+00,2.771365394514553326e+00,-2.065055241727507873e+00
2.999999999999999889e-01,1.080000000000000000e+02,7.241571890487132901e-01,4.279293061099525008e-01,8.703374342271790187e-01,2.946711058571159780e-01,2.259462121999328499e+00,-1.883181874122024535e+00,2.766255705109137430e+00,-2.063949412147187967e+00
3.003472222222222099e-01,1.081250000000000000e+02,7.249420992129934627e-01,4.272748368967856925e-01,8.712970435231324196e-01,2.939546495640815160e-01,2.261600394707983686e+00,-1.886555461760572427e+00,2.761083404358575244e+00,-2.062837886365442408e+00
3.006944444444444309e-01,1.082500000000000000e+02,7.257277309689644795e-01,4.266192018531458352e-01,8.722548460113002111e-01,2.932385802064229607e-01,2.263618490137866868e+00,-1.889897057646112488e+00,2.755848492262867211e+00,-2.061720664382271195e+00
3.010416666666666519e-01,1.083750000000000000e+02,7.265140425884041298e-01,4.259624120872805286e-01,8.732108199516318559e-01,2.925228997619876425e-01,2.265516408288976269e+00,-1.893206661778643829e+00,2.750550968822014664e+00,-2.060597746197673885e+00
3.013888888888888729e-01,1.085000000000000000e+02,7.273009923430912016e-01,4.253044787074374833e-01,8.741649436040765941e-01,2.918076102086235579e-01,2.267294149161313666e+00,-1.896484274158166450e+00,2.745190834036018046e+00,-2.059469131811650477e+00
3.017361111111111494e-01,1.086250000000000142e+02,7.280885385048035952e-01,4.246454128218640767e-01,8.751171952285846656e-01,2.910927135241784813e-01,2.268951712754878614e+00,-1.899729894784679463e+00,2.739768087904875582e+00,-2.058334821224201416e+00
3.020833333333333703e-01,1.087500000000000142e+02,7.288766393453192105e-01,4.239852255388081859e-01,8.760675530851051995e-01,2.903782116865002427e-01,2.270489099069670225e+00,-1.902943523658183977e+00,2.734282730428589936e+00,-2.057194814435324481e+00
3.024305555555555913e-01,1.088750000000000142e+02,7.296652531364169469e-01,4.233239279665174104e-01,8.770159954335876584e-01,2.896641066734366721e-01,2.271906308105689387e+00,-1.906125160778678440e+00,2.728734761607162440e+00,-2.056049111445024113e+00
3.027777777777778123e-01,1.090000000000000142e+02,7.304543381498744825e-01,4.226615312132391833e-01,8.779625005339816157e-01,2.889504004628349887e-01,2.273203339862935657e+00,-1.909274806146163961e+00,2.723124181440589986e+00,-2.054897712253296760e+00
3.031250000000000333e-01,1.091250000000000142e+02,7.312438526574702724e-01,4.219980463872208265e-01,8.789070466462375331e-01,2.882370950325434666e-01,2.274380194341409478e+00,-1.912392459760642316e+00,2.717450989928870353e+00,-2.053740616860143753e+00
3.034722222222222543e-01,1.092500000000000142e+02,7.320337549309818836e-01,4.213334845967099951e-01,8.798496120303047618e-01,2.875241923604091587e-01,2.275436871541109518e+00,-1.915478121622111063e+00,2.711715187072004429e+00,-2.052577825265564648e+00
3.038194444444444753e-01,1.093750000000000142e+02,7.328240032421884376e-01,4.206678569499543996e-01,8.807901749461324314e-01,2.868116944242803390e-01,2.276373371462037998e+00,-1.918531791730571312e+00,2.705916772869997544e+00,-2.051409337469560779e+00
3.041666666666666963e-01,1.095000000000000142e+02,7.336145558628677232e-01,4.200011745552019171e-01,8.817287136536696712e-01,2.860996032020043378e-01,2.277189694104193141e+00,-1.921553470086021065e+00,2.700055747322847921e+00,-2.050235153472128591e+00
3.045138888888889173e-01,1.096250000000000142e+02,7.344053710647979738e-01,4.193334485206994811e-01,8.826652064128672759e-01,2.853879206714295402e-01,2.277885839467576279e+00,-1.924543156688463430e+00,2.694132110430549343e+00,-2.049055273273272970e+00
3.048611111111111382e-01,1.097500000000000142e+02,7.351964071197575334e-01,4.186646899546953571e-01,8.835996314836740417e-01,2.846766488104030546e-01,2.278461807552185636e+00,-1.927500851537896187e+00,2.688145862193110247e+00,-2.047869696872989920e+00
3.052083333333333592e-01,1.098750000000000142e+02,7.359876222995243022e-01,4.179949099654363676e-01,8.845319671260402083e-01,2.839657895967725998e-01,2.278917598358022545e+00,-1.930426554634320224e+00,2.682097002610523084e+00,-2.046678424271280328e+00
3.055555555555555802e-01,1.100000000000000142e+02,7.367789748758765134e-01,4.173241196611704451e-01,8.854621915999147941e-01,2.832553450083859503e-01,2.279253211885087005e+00,-1.933320265977736430e+00,2.675985531682793628e+00,-2.045481455468146414e+00
3.059027777777778012e-01,1.101250000000000142e+02,7.375704231205926220e-01,4.166523301501452448e-01,8.863902831652478165e-01,2.825453170230909361e-01,2.279468648133378128e+00,-1.936181985568143027e+00,2.669811449409916992e+00,-2.044278790463586404e+00
3.062500000000000222e-01,1.102500000000000142e+02,7.383619253054508613e-01,4.159795525406085881e-01,8.873162200819880718e-01,2.818357076187353316e-01,2.279563907102897247e+00,-1.939011713405539572e+00,2.663574755791900284e+00,-2.043070429257599407e+00
3.065972222222222432e-01,1.103750000000000142e+02,7.391534397022290204e-01,4.153057979408076861e-01,8.882399806100859108e-01,2.811265187731669668e-01,2.279538988793643473e+00,-1.941809449489927619e+00,2.657275450828738617e+00,-2.041856371850187646e+00
3.069444444444444642e-01,1.105000000000000000e+02,7.399449245827058874e-01,4.146310774589898052e-01,8.891615430094911288e-01,2.804177524642332830e-01,2.279393893205616362e+00,-1.944575193821307835e+00,2.650913534520429771e+00,-2.040636618241349787e+00
3.072916666666666852e-01,1.106250000000000000e+02,7.407363382186590295e-01,4.139554022034029335e-01,8.900808855401530773e-01,2.797094106697821103e-01,2.279128620338817246e+00,-1.947308946399679108e+00,2.644489006866975966e+00,-2.039411168431084054e+00
3.076388888888889062e-01,1.107500000000000000e+02,7.415276388818673459e-01,4.132787832822945595e-01,8.909979864620211076e-01,2.790014953676608345e-01,2.278743170193245238e+00,-1.950010707225041218e+00,2.638001867868378980e+00,-2.038180022419394888e+00
3.079861111111111271e-01,1.108750000000000000e+02,7.423187848441081815e-01,4.126012318039122828e-01,8.919128240350451264e-01,2.782940085357176185e-01,2.278237542768900337e+00,-1.952680476297395273e+00,2.631452117524636147e+00,-2.036943180206279180e+00
3.083333333333333481e-01,1.110000000000000000e+02,7.431097343771603247e-01,4.119227588765040360e-01,8.928253765191740410e-01,2.775869521518002370e-01,2.277611738065782987e+00,-1.955318253616738389e+00,2.624839755835751909e+00,-2.035700641791736931e+00
3.086805555555555691e-01,1.111250000000000000e+02,7.439004457528021197e-01,4.112433756083168634e-01,8.937356221743583129e-01,2.768803281937559646e-01,2.276865756083892744e+00,-1.957924039183073006e+00,2.618164782801724044e+00,-2.034452407175769473e+00
3.090277777777777901e-01,1.112500000000000000e+02,7.446908772428115775e-01,4.105630931075984202e-01,8.946435392605472936e-01,2.761741386394330200e-01,2.275999596823229165e+00,-1.960497832996400014e+00,2.611427198422546780e+00,-2.033198476358375473e+00
3.093750000000000111e-01,1.113750000000000000e+02,7.454809871189664872e-01,4.098819224825961949e-01,8.955491060376906676e-01,2.754683854666786225e-01,2.275013260283794025e+00,-1.963039635056718302e+00,2.604627002698228999e+00,-2.031938849339556263e+00
3.097222222222222321e-01,1.115000000000000000e+02,7.462707336530455260e-01,4.091998748415579534e-01,8.964523007657378972e-01,2.747630706533409906e-01,2.273906746465585549e+00,-1.965549445364027203e+00,2.597764195628763151e+00,-2.030673526119310957e+00
3.100694444444444531e-01,1.116250000000000000e+02,7.470600751168269271e-01,4.085169612927315730e-01,8.973531017046382230e-01,2.740581961772671216e-01,2.272680055368604179e+00,-1.968027263918326497e+00,2.590838777214155897e+00,-2.029402506697638664e+00
3.104166666666666741e-01,1.117500000000000000e+02,7.478489697820889237e-01,4.078331929443639869e-01,8.982514871143417734e-01,2.733537640163056226e-01,2.271333186992850361e+00,-1.970473090719617737e+00,2.583850747454402796e+00,-2.028125791074540718e+00
3.107638888888888951e-01,1.118750000000000000e+02,7.486373759206094158e-01,4.071485809047033499e-01,8.991474352547977889e-01,2.726497761483036575e-01,2.269866141338322763e+00,-1.972886925767898703e+00,2.576800106349506958e+00,-2.026843379250018007e+00
3.111111111111111160e-01,1.120000000000000000e+02,7.494252518041668587e-01,4.064631362819966509e-01,9.000409243859563979e-01,2.719462345511089452e-01,2.268278918405022715e+00,-1.975268769063172503e+00,2.569686853899465717e+00,-2.025555271224068754e+00
3.114583333333333370e-01,1.121250000000000000e+02,7.502125557045389304e-01,4.057768701844918224e-01,9.009319327677670630e-01,2.712431412025694821e-01,2.266571518192951107e+00,-1.977618620605437361e+00,2.562510990104279518e+00,-2.024261466996694292e+00
3.118055555555555580e-01,1.122500000000000000e+02,7.509992458935040860e-01,4.050897937204363530e-01,9.018204386601790246e-01,2.705404980805327653e-01,2.264743940702107050e+00,-1.979936480394692833e+00,2.555272514963947028e+00,-2.022961966567892400e+00
3.121527777777777790e-01,1.123750000000000000e+02,7.517852806428413359e-01,4.044019179980781753e-01,9.027064203231418560e-01,2.698383071628467356e-01,2.262796185932489212e+00,-1.982222348430938919e+00,2.547971428478473133e+00,-2.021656769937666187e+00
3.125000000000000000e-01,1.125000000000000000e+02,7.525706182243281361e-01,4.037132541256643892e-01,9.035898560166051308e-01,2.691365704273586679e-01,2.260728253884098482e+00,-1.984476224714176062e+00,2.540607730647855611e+00,-2.020345877106012544e+00
3.128472222222222210e-01,1.126250000000000000e+02,7.533552169097427198e-01,4.030238132114425387e-01,9.044707240005191995e-01,2.684352898519166697e-01,2.258540144556934859e+00,-1.986698109244405153e+00,2.533181421472091799e+00,-2.019029288072933692e+00
3.131944444444444420e-01,1.127500000000000000e+02,7.541390349708630980e-01,4.023336063636603344e-01,9.053490025348330805e-01,2.677344674143684045e-01,2.256231857950999231e+00,-1.988888002021624857e+00,2.525692500951182140e+00,-2.017707002838429631e+00
3.135416666666666630e-01,1.128750000000000000e+02,7.549220306794678370e-01,4.016426446905654313e-01,9.062246698794965694e-01,2.670341050925614246e-01,2.253803394066290267e+00,-1.991045903045836063e+00,2.518140969085127967e+00,-2.016379021402498140e+00
3.138888888888888840e-01,1.130000000000000000e+02,7.557041623073349479e-01,4.009509393004055400e-01,9.070977042944586843e-01,2.663342048643436155e-01,2.251254752902809297e+00,-1.993171812317038105e+00,2.510526825873932388e+00,-2.015045343765142327e+00
3.142361111111111049e-01,1.131250000000000000e+02,7.564853881262431079e-01,4.002585013014278159e-01,9.079680840396698871e-01,2.656347687075626407e-01,2.248585934460554991e+00,-1.995265729835231427e+00,2.502850071317590075e+00,-2.013705969926359529e+00
3.145833333333333259e-01,1.132500000000000000e+02,7.572656664079701061e-01,3.995653418018803582e-01,9.088357873750789739e-01,2.649357986000663856e-01,2.245796938739527793e+00,-1.997327655600415586e+00,2.495110705416105024e+00,-2.012360899886151078e+00
3.149305555555555469e-01,1.133750000000000000e+02,7.580449554242940646e-01,3.988714719100101558e-01,9.097007925606364065e-01,2.642372965197021251e-01,2.242887765739727701e+00,-1.999357589612591246e+00,2.487308728169473682e+00,-2.011010133644515641e+00
3.152777777777777679e-01,1.135000000000000000e+02,7.588232134469929946e-01,3.981769027340650857e-01,9.105630778562913141e-01,2.635392644443179111e-01,2.239858415461156493e+00,-2.001355531871758409e+00,2.479444139577696493e+00,-2.009653671201456326e+00
3.156249999999999889e-01,1.136250000000000000e+02,7.596003987478454622e-01,3.974816453822926920e-01,9.114226215219931593e-01,2.628417043517614626e-01,2.236708887903811949e+00,-2.003321482377915963e+00,2.471516939640776567e+00,-2.008291512556969582e+00
3.159722222222222099e-01,1.137500000000000000e+02,7.603764695986300337e-01,3.967857109629407963e-01,9.122794018176914044e-01,2.621446182198803321e-01,2.233439183067693623e+00,-2.005255441131064131e+00,2.463527128358713458e+00,-2.006923657711057629e+00
3.163194444444444309e-01,1.138750000000000000e+02,7.611513842711242761e-01,3.960891105842567761e-01,9.131333970033361780e-01,2.614480080265224049e-01,2.230049300952802849e+00,-2.007157408131203802e+00,2.455474705731507168e+00,-2.005550106663719578e+00
3.166666666666666519e-01,1.140000000000000000e+02,7.619251010371067556e-01,3.953918553544877867e-01,9.139845853388769426e-01,2.607518757495353445e-01,2.226539241559138738e+00,-2.009027383378335418e+00,2.447359671759153699e+00,-2.004170859414955874e+00
3.170138888888889284e-01,1.141250000000000142e+02,7.626975781683554834e-01,3.946939563818818719e-01,9.148329450842633825e-01,2.600562233667667589e-01,2.222909004886702178e+00,-2.010865366872457649e+00,2.439182026441654827e+00,-2.002785915964765184e+00
3.173611111111111494e-01,1.142500000000000142e+02,7.634687739366489145e-01,3.939954247746865201e-01,9.156784544994450714e-01,2.593610528560643669e-01,2.219158590935492725e+00,-2.012671358613570938e+00,2.430941769779010553e+00,-2.001395276313149729e+00
3.177083333333333703e-01,1.143750000000000142e+02,7.642386466137645051e-01,3.932962716411492754e-01,9.165210918443712496e-01,2.586663661952763871e-01,2.215287999705512600e+00,-2.014445358601675728e+00,2.422638901771224429e+00,-1.999998940460107955e+00
3.180555555555555913e-01,1.145000000000000142e+02,7.650071544714811544e-01,3.925965080895176817e-01,9.173608353789918235e-01,2.579721653622498723e-01,2.211297231196759139e+00,-2.016187366836771577e+00,2.414273422418291126e+00,-1.998596908405640304e+00
3.184027777777778123e-01,1.146250000000000142e+02,7.657742557815770956e-01,3.918961452280396163e-01,9.181976633632558116e-01,2.572784523348327079e-01,2.207186285409231452e+00,-2.017897383318857596e+00,2.405845331720217750e+00,-1.997189180149747445e+00
3.187500000000000333e-01,1.147500000000000142e+02,7.665399088158305618e-01,3.911951941649624565e-01,9.190315540571137864e-01,2.565852290908728350e-01,2.202955162342930873e+00,-2.019575408047935117e+00,2.397354629676998528e+00,-1.995775755692427822e+00
3.190972222222222543e-01,1.148750000000000142e+02,7.673040718460192311e-01,3.904936660085334132e-01,9.198624857205148775e-01,2.558924976082177505e-01,2.198603861997858733e+00,-2.021221441024004140e+00,2.388801316288634347e+00,-1.994356635033682767e+00
3.194444444444444753e-01,1.150000000000000142e+02,7.680667031439218917e-01,3.897915718670003637e-01,9.206904366134085471e-01,2.552002598647151732e-01,2.194132384374012368e+00,-2.022835482247064220e+00,2.380185391555125207e+00,-1.992931818173510283e+00
3.197916666666666963e-01,1.151250000000000142e+02,7.688277609813162217e-01,3.890889228486109075e-01,9.215153849957445908e-01,2.545085178382130997e-01,2.189540729471395331e+00,-2.024417531717115804e+00,2.371506855476471998e+00,-1.991501305111913478e+00
3.201388888888889173e-01,1.152500000000000142e+02,7.695872036299806762e-01,3.883857300616127550e-01,9.223373091274725821e-01,2.538172735065591379e-01,2.184828897290004512e+00,-2.025967589434158000e+00,2.362765708052674274e+00,-1.990065095848890797e+00
3.204861111111111382e-01,1.153750000000000142e+02,7.703449893616934885e-01,3.876820046142533949e-01,9.231561872685419834e-01,2.531265288476007846e-01,2.179996887829841246e+00,-2.027485655398190367e+00,2.353961949283732036e+00,-1.988623190384441131e+00
3.208333333333333592e-01,1.155000000000000142e+02,7.711010764482331137e-01,3.869777576147799825e-01,9.239719976789029232e-01,2.524362858391858144e-01,2.175044701090904198e+00,-2.028971729609215569e+00,2.345095579169643507e+00,-1.987175588718566033e+00
3.211805555555555802e-01,1.156250000000000142e+02,7.718554231613772298e-01,3.862730001714403949e-01,9.247847186185041979e-01,2.517465464591620017e-01,2.169972337073196034e+00,-2.030425812067231384e+00,2.336166597710414017e+00,-1.985722290851265504e+00
3.215277777777778012e-01,1.157500000000000142e+02,7.726079877729042922e-01,3.855677433924822872e-01,9.255943283472959360e-01,2.510573126853772874e-01,2.164779795776714089e+00,-2.031847902772237813e+00,2.327175004906038236e+00,-1.984263296782538877e+00
3.218750000000000222e-01,1.158750000000000142e+02,7.733587285545928669e-01,3.848619983861531479e-01,9.264008051252278220e-01,2.503685864956788909e-01,2.159467077201459251e+00,-2.033238001724236188e+00,2.318120800756516608e+00,-1.982798606512385042e+00
3.222222222222222432e-01,1.160000000000000142e+02,7.741076037782204100e-01,3.841557762607008542e-01,9.272041272122489852e-01,2.496803698679150030e-01,2.154034181347431964e+00,-2.034596108923224733e+00,2.309003985261852243e+00,-1.981328220040806443e+00
3.225694444444444642e-01,1.161250000000000000e+02,7.748545717155654877e-01,3.834490881243727278e-01,9.280042728683095543e-01,2.489926647799332315e-01,2.148481108214632673e+00,-2.035922224369204780e+00,2.299824558422043363e+00,-1.979852137367802190e+00
3.229166666666666852e-01,1.162500000000000000e+02,7.755995906384064442e-01,3.827419450854158689e-01,9.288012203533585476e-01,2.483054732095811845e-01,2.142807857803060489e+00,-2.037216348062176330e+00,2.290582520237090414e+00,-1.978370358493371839e+00
3.232638888888889062e-01,1.163750000000000000e+02,7.763426188185215127e-01,3.820343582520785430e-01,9.295949479273460936e-01,2.476187971347064420e-01,2.137014430112714081e+00,-2.038478480002138049e+00,2.281277870706991173e+00,-1.976882883417515613e+00
3.236111111111111271e-01,1.165000000000000000e+02,7.770836145276887041e-01,3.813263387326078502e-01,9.303854338502218768e-01,2.469326385331570284e-01,2.131100825143596555e+00,-2.039708620189092159e+00,2.271910609831749195e+00,-1.975389712140233733e+00
3.239583333333333481e-01,1.166250000000000000e+02,7.778225360376861408e-01,3.806178976352520005e-01,9.311726563819348046e-01,2.462469993827806070e-01,2.125067042895705693e+00,-2.040906768623035994e+00,2.262480737611362258e+00,-1.973890844661525090e+00
3.243055555555555691e-01,1.167500000000000000e+02,7.785593416202923889e-01,3.799090460682577608e-01,9.319565937824350055e-01,2.455618816614246191e-01,2.118913083369041495e+00,-2.042072925303972220e+00,2.252988254045829031e+00,-1.972386280981389683e+00
3.246527777777777901e-01,1.168750000000000000e+02,7.792939895472851264e-01,3.791997951398735078e-01,9.327372243116720529e-01,2.448772873469371447e-01,2.112638946563605291e+00,-2.043207090231898171e+00,2.243433159135154398e+00,-1.970876021099829956e+00
3.250000000000000111e-01,1.170000000000000000e+02,7.800264380904430306e-01,3.784901559583460640e-01,9.335145262295954094e-01,2.441932184171657638e-01,2.106244632479396639e+00,-2.044309263406816513e+00,2.233815452879334806e+00,-1.969360065016844130e+00
3.253472222222222321e-01,1.171250000000000000e+02,7.807566455215442236e-01,3.777801396319234173e-01,9.342884777961547593e-01,2.435096768499581121e-01,2.099730141116415094e+00,-2.045379444828725468e+00,2.224135135278369813e+00,-1.967838412732432429e+00
3.256944444444444531e-01,1.172500000000000000e+02,7.814845701123666055e-01,3.770697572688528898e-01,9.350590572712996762e-01,2.428266646231619086e-01,2.093095472474659768e+00,-2.046417634497626370e+00,2.214392206332258528e+00,-1.966311064246594409e+00
3.260416666666666741e-01,1.173750000000000000e+02,7.822101701346887426e-01,3.763590199773826361e-01,9.358262429149797335e-01,2.421441837146249554e-01,2.086340626554133326e+00,-2.047423832413516553e+00,2.204586666041005394e+00,-1.964778019559330957e+00
3.263888888888888951e-01,1.175000000000000000e+02,7.829334038602886459e-01,3.756479388657597562e-01,9.365900129871446156e-01,2.414622361021949992e-01,2.079465603354833103e+00,-2.048398038576399127e+00,2.194718514404606857e+00,-1.963239278670641408e+00
3.267361111111111160e-01,1.176250000000000000e+02,7.836542295609447706e-01,3.749365250422316276e-01,9.373503457477440071e-01,2.407808237637194537e-01,2.072470402876759543e+00,-2.049340252986272759e+00,2.184787751423063362e+00,-1.961694841580524651e+00
3.270833333333333370e-01,1.177500000000000000e+02,7.843726055084347948e-01,3.742247896150460162e-01,9.381072194567271483e-01,2.400999486770464542e-01,2.065355025119913979e+00,-2.050250475643137449e+00,2.174794377096376685e+00,-1.960144708288983573e+00
3.274305555555555580e-01,1.178750000000000000e+02,7.850884899745371737e-01,3.735127436924506328e-01,9.388606123740440568e-01,2.394196128200236917e-01,2.058119470084296410e+00,-2.051128706546993641e+00,2.164738391424545050e+00,-1.958588878796016175e+00
3.277777777777777790e-01,1.180000000000000000e+02,7.858018412310303624e-01,3.728003983826931877e-01,9.396105027596440840e-01,2.387398181704986355e-01,2.050763737769905504e+00,-2.051974945697840003e+00,2.154619794407569788e+00,-1.957027353101622680e+00
3.281250000000000000e-01,1.181250000000000000e+02,7.865126175496924832e-01,3.720877647940208366e-01,9.403568688734769143e-01,2.380605667063190045e-01,2.043287828176741261e+00,-2.052789193095677867e+00,2.144438586045448236e+00,-1.955460131205803531e+00
3.284722222222222210e-01,1.182500000000000000e+02,7.872207772023015471e-01,3.713748540346815674e-01,9.410996889754923433e-01,2.373818604053327119e-01,2.035691741304805014e+00,-2.053571448740506789e+00,2.134194766338182614e+00,-1.953887213108558729e+00
3.288194444444444420e-01,1.183750000000000000e+02,7.879262784606357872e-01,3.706616772129225912e-01,9.418389413256392784e-01,2.367037012453873934e-01,2.027975477154096318e+00,-2.054321712632327213e+00,2.123888335285773366e+00,-1.952308598809887608e+00
3.291666666666666630e-01,1.185000000000000000e+02,7.886290795964734368e-01,3.699482454369915074e-01,9.425746041838682920e-01,2.360260912043305459e-01,2.020139035724612953e+00,-2.055039984771138251e+00,2.113519292888217826e+00,-1.950724288309789278e+00
3.295138888888888840e-01,1.186250000000000000e+02,7.893291388815927290e-01,3.692345698151360267e-01,9.433066558101284027e-01,2.353490322600102491e-01,2.012182417016358915e+00,-2.055726265156941235e+00,2.103087639145519550e+00,-1.949134281608266406e+00
3.298611111111111049e-01,1.187500000000000000e+02,7.900264145877718969e-01,3.685206614556040261e-01,9.440350744643691838e-01,2.346725263902741110e-01,2.004105621029331985e+00,-2.056380553789734389e+00,2.092593374057676758e+00,-1.947538578705318102e+00
3.302083333333333259e-01,1.188750000000000000e+02,7.907208650350265877e-01,3.678065314666427721e-01,9.447598384065404309e-01,2.339965755729698227e-01,1.995911366595701786e+00,-2.057002850669519045e+00,2.082036497624690785e+00,-1.945937179600943034e+00
3.305555555555555469e-01,1.190000000000000000e+02,7.914124688928583229e-01,3.670921909564994756e-01,9.454809258965919394e-01,2.333211817859449644e-01,1.987745393016876694e+00,-2.057593155796294315e+00,2.071417009846556745e+00,-1.944330084295142314e+00
3.309027777777777679e-01,1.191250000000000000e+02,7.921012566541382194e-01,3.663776510334220693e-01,9.461983151944726167e-01,2.326463470070474493e-01,1.979690650459182910e+00,-2.058151469170061976e+00,2.060734910723280411e+00,-1.942717292787915939e+00
3.312499999999999889e-01,1.192500000000000000e+02,7.927872669407488582e-01,3.656629228056580971e-01,9.469119845601328134e-01,2.319720732141248853e-01,1.971747138922615994e+00,-2.058677790790820250e+00,2.049990200254860007e+00,-1.941098805079263245e+00
3.315972222222222099e-01,1.193750000000000000e+02,7.934705383745730423e-01,3.649480173814552142e-01,9.476219122535216588e-01,2.312983623850248249e-01,1.963914858407176611e+00,-2.059172120658569138e+00,2.039182878441293756e+00,-1.939474621169185120e+00
3.319444444444444309e-01,1.195000000000000000e+02,7.941511095774924645e-01,3.642329458690612420e-01,9.483280765345891705e-01,2.306252164975954311e-01,1.956193808912866983e+00,-2.059634458773309085e+00,2.028312945282584323e+00,-1.937844741057680009e+00
3.322916666666666519e-01,1.196250000000000000e+02,7.948290191713899278e-01,3.635177193767232806e-01,9.490304556632844779e-01,2.299526375296840897e-01,1.948583990439686220e+00,-2.060064805135040089e+00,2.017380400778729488e+00,-1.936209164744749911e+00
3.326388888888889284e-01,1.197500000000000142e+02,7.955043057781475691e-01,3.628023490126889294e-01,9.497290278995574875e-01,2.292806274591385751e-01,1.941085402987631658e+00,-2.060463159743763040e+00,2.006385244929729250e+00,-1.934567892230393493e+00
3.329861111111111494e-01,1.198750000000000142e+02,7.961770080196477473e-01,3.620868458852057881e-01,9.504237715033579947e-01,2.286091882638065509e-01,1.933698046556705963e+00,-2.060829522599477048e+00,1.995327477735584720e+00,-1.932920923514611200e+00
3.333333333333333703e-01,1.200000000000000142e+02,7.968471645177728213e-01,3.613712211025216225e-01,9.511146647346350180e-01,2.279383219215359302e-01,1.926421921146910243e+00,-2.061163893702181227e+00,1.984207099196297452e+00,-1.931268258597403253e+00
3.336805555555555913e-01,1.201250000000000142e+02,7.975148138944049281e-01,3.606554857728838104e-01,9.518016858533385749e-01,2.272680304101743209e-01,1.919257026758242501e+00,-2.061466273051877351e+00,1.973024109311865448e+00,-1.929609897478768987e+00
3.340277777777778123e-01,1.202500000000000142e+02,7.981799947714267596e-01,3.599396510045404507e-01,9.524848131194179057e-01,2.265983157075694143e-01,1.912203363390703403e+00,-2.061736660648563646e+00,1.961778508082289152e+00,-1.927945840158709734e+00
3.343750000000000333e-01,1.203750000000000142e+02,7.988427457707204526e-01,3.592237279057382549e-01,9.531640247928234722e-01,2.259291797915689015e-01,1.905260931044291617e+00,-2.061975056492241887e+00,1.950470295507565899e+00,-1.926276086637222607e+00
3.347222222222222543e-01,1.205000000000000142e+02,7.995031055141683662e-01,3.585077275847255995e-01,9.538392991335038484e-01,2.252606246400205847e-01,1.898429729719009362e+00,-2.062181460582911185e+00,1.939099471587702128e+00,-1.924600636914311158e+00
3.350694444444444753e-01,1.206250000000000142e+02,8.001611126236526372e-01,3.577916611497494181e-01,9.545106144014091631e-01,2.245926522307721829e-01,1.891709759414855530e+00,-2.062355872920571542e+00,1.927666036322691845e+00,-1.922919490989973612e+00
3.354166666666666963e-01,1.207500000000000142e+02,8.008168057210559576e-01,3.570755397090575323e-01,9.551779488564888787e-01,2.239252645416711374e-01,1.885101020131829008e+00,-2.062498293505223401e+00,1.916169989712535049e+00,-1.921232648864209747e+00
3.357638888888889173e-01,1.208750000000000142e+02,8.014702234282604643e-01,3.563593743708975969e-01,9.558412807586925686e-01,2.232584635505655835e-01,1.878603511869931575e+00,-2.062608722336865874e+00,1.904611331757236403e+00,-1.919540110537020672e+00
3.361111111111111382e-01,1.210000000000000142e+02,8.021214043671486271e-01,3.556431762435173227e-01,9.565005883679701393e-01,2.225922512353030458e-01,1.872217234629163229e+00,-2.062687159415499405e+00,1.892990062456793465e+00,-1.917841876008405499e+00
3.364583333333333592e-01,1.211250000000000142e+02,8.027703871596025831e-01,3.549269564351641981e-01,9.571558499442708312e-01,2.219266295737312988e-01,1.865942188409523528e+00,-2.062733604741123994e+00,1.881306181811205569e+00,-1.916137945278364230e+00
3.368055555555555802e-01,1.212500000000000142e+02,8.034172104275050241e-01,3.542107260540852676e-01,9.578070437475443288e-01,2.212616005436979505e-01,1.859778373211009805e+00,-2.062748058313740085e+00,1.869559689820472048e+00,-1.914428318346895752e+00
3.371527777777778012e-01,1.213750000000000142e+02,8.040619127927378651e-01,3.534944962085285747e-01,9.584541480377405387e-01,2.205971661230507752e-01,1.853725789033626725e+00,-2.062730520133347234e+00,1.857750586484595123e+00,-1.912712995214002731e+00
3.375000000000000222e-01,1.215000000000000142e+02,8.047045328771835759e-01,3.527782780067416080e-01,9.590971410748083681e-01,2.199333282896374364e-01,1.847784435877371623e+00,-2.062680990199944997e+00,1.845878871803574350e+00,-1.910991975879684057e+00
3.378472222222222432e-01,1.216250000000000142e+02,8.053451093027246266e-01,3.520620825569722445e-01,9.597360011186985007e-01,2.192700890213056253e-01,1.841954313742244276e+00,-2.062599468513534706e+00,1.833944545777406621e+00,-1.909265260343938619e+00
3.381944444444444642e-01,1.217500000000000000e+02,8.059836806912431539e-01,3.513459209674676398e-01,9.603707064293593998e-01,2.186074502959033383e-01,1.836235422628246239e+00,-2.062485955074114585e+00,1.821947608406097263e+00,-1.907532848606767750e+00
3.385416666666666852e-01,1.218750000000000000e+02,8.066202856646215169e-01,3.506298043464756153e-01,9.610012352667414159e-01,2.179454140912780724e-01,1.830627762535376402e+00,-2.062340449881686411e+00,1.809888059689642947e+00,-1.905794740668171450e+00
3.388888888888889062e-01,1.220000000000000000e+02,8.072549628447421854e-01,3.499137438022435487e-01,9.616275658907937895e-01,2.172839823852775465e-01,1.825131333463635208e+00,-2.062162952936248406e+00,1.797765899628044339e+00,-1.904050936528148608e+00
3.392361111111111271e-01,1.221250000000000000e+02,8.078877508534878515e-01,3.491977504430189838e-01,9.622496765614663161e-01,2.166231571557494240e-01,1.819746135413020882e+00,-2.061953464237802791e+00,1.785581128221297442e+00,-1.902301436186698336e+00
3.395833333333333481e-01,1.222500000000000000e+02,8.085186883127398749e-01,3.484818353770497978e-01,9.628675455387084581e-01,2.159629403805415626e-01,1.814472168383536976e+00,-2.061711983786347790e+00,1.773333745469410250e+00,-1.900546239643824631e+00
3.399305555555555691e-01,1.223750000000000000e+02,8.091478138443813917e-01,3.477660097125833127e-01,9.634811510824697889e-01,2.153033340375016536e-01,1.809309432375180826e+00,-2.061438511581883848e+00,1.761023751372377877e+00,-1.898785346899524384e+00
3.402777777777777901e-01,1.225000000000000000e+02,8.097751660702945387e-01,3.470502845578670725e-01,9.640904714527003261e-01,2.146443401044771937e-01,1.804257927387952209e+00,-2.061133047624410519e+00,1.748651145930199213e+00,-1.897018757953796930e+00
3.406250000000000111e-01,1.226250000000000000e+02,8.104007836123615638e-01,3.463346710211488433e-01,9.646954849093490880e-01,2.139859605593161795e-01,1.799317653421853347e+00,-2.060795591913929137e+00,1.736215929142877590e+00,-1.895246472806645155e+00
3.409722222222222321e-01,1.227500000000000000e+02,8.110247050924649370e-01,3.456191802106761135e-01,9.652961697123659812e-01,2.133281973798663300e-01,1.794488610476882240e+00,-2.060426144450437924e+00,1.723718101010412118e+00,-1.893468491458067060e+00
3.413194444444444531e-01,1.228750000000000000e+02,8.116469691324869062e-01,3.449038232346964272e-01,9.658925041217004681e-01,2.126710525439752253e-01,1.789770798553039999e+00,-2.060024705233938214e+00,1.711157661532801688e+00,-1.891684813908062202e+00
3.416666666666666741e-01,1.230000000000000000e+02,8.122676143543098304e-01,3.441886112014572174e-01,9.664844663973026773e-01,2.120145280294905010e-01,1.785164217650325069e+00,-2.059591274264430449e+00,1.698534610710045634e+00,-1.889895440156632356e+00
3.420138888888888951e-01,1.231250000000000000e+02,8.128866793798159573e-01,3.434735552192063612e-01,9.670720347991214050e-01,2.113586258142601260e-01,1.780668867768739450e+00,-2.059125851541912855e+00,1.685848948542146175e+00,-1.888100370203775968e+00
3.423611111111111160e-01,1.232500000000000000e+02,8.135042028308877571e-01,3.427586663961912916e-01,9.676551875871065578e-01,2.107033478761317080e-01,1.776284748908282252e+00,-2.058628437066386319e+00,1.673100675029102868e+00,-1.886299604049494150e+00
3.427083333333333370e-01,1.233750000000000000e+02,8.141202233294074775e-01,3.420439558406594416e-01,9.682339030212080422e-01,2.100486961929526886e-01,1.772011861068952809e+00,-2.058099030837851728e+00,1.660289790170911939e+00,-1.884493141693786011e+00
3.430555555555555580e-01,1.235000000000000000e+02,8.147347794972574775e-01,3.413294346608585772e-01,9.688081593613753206e-01,2.093946727425712029e-01,1.767850204250752677e+00,-2.057537632856307308e+00,1.647416293967578937e+00,-1.882680983136652220e+00
3.434027777777777790e-01,1.236250000000000000e+02,8.153479099563201160e-01,3.406151139650362425e-01,9.693779348675576335e-01,2.087412795028348311e-01,1.763799778453680966e+00,-2.056944243121754390e+00,1.634480186419102088e+00,-1.880863128378092552e+00
3.437500000000000000e-01,1.237500000000000000e+02,8.159596533284777520e-01,3.399010048614399260e-01,9.699432077997051094e-01,2.080885184515912922e-01,1.759860583677737456e+00,-2.056318861634192974e+00,1.621481467525482056e+00,-1.879039577418106788e+00
3.440972222222222210e-01,1.238750000000000000e+02,8.165700482356126333e-01,3.391871184583171717e-01,9.705039564177667666e-01,2.074363915666881109e-01,1.756032619922921478e+00,-2.055661488393622616e+00,1.608420137286713070e+00,-1.877210330256695148e+00
3.444444444444444420e-01,1.240000000000000000e+02,8.171791332996071189e-01,3.384734658639157456e-01,9.710601589816927337e-01,2.067849008259733390e-01,1.752315887189235033e+00,-2.054972123400042872e+00,1.595296195702802899e+00,-1.875375386893857632e+00
3.447916666666666630e-01,1.241250000000000000e+02,8.177869471423435677e-01,3.377600581864830809e-01,9.716117937514324732e-01,2.061340482072945290e-01,1.748710385476676787e+00,-2.054250766653454185e+00,1.582109642773747549e+00,-1.873534747329594019e+00
3.451388888888888840e-01,1.242500000000000000e+02,8.183935283857046716e-01,3.370469065342666104e-01,9.721588389869356694e-01,2.054838356884991779e-01,1.745216114785246297e+00,-2.053497418153857001e+00,1.568860478499546574e+00,-1.871688411563904308e+00
3.454861111111111049e-01,1.243750000000000000e+02,8.189989156515721236e-01,3.363340220155142668e-01,9.727012729481515629e-01,2.048342652474354209e-01,1.741833075114944673e+00,-2.052712077901250876e+00,1.555548702880202416e+00,-1.869836379596788722e+00
3.458333333333333259e-01,1.245000000000000000e+02,8.196031475618285045e-01,3.356214157384733721e-01,9.732390738950300602e-01,2.041853388619507825e-01,1.738561266465771915e+00,-2.051894745895636252e+00,1.542174315915713745e+00,-1.867978651428248371e+00
3.461805555555555469e-01,1.246250000000000000e+02,8.202062627383562843e-01,3.349090988113914147e-01,9.737722200875206235e-01,2.035370585098928153e-01,1.735400688837726690e+00,-2.051045422137012242e+00,1.528737317606078339e+00,-1.866115227058280590e+00
3.465277777777777679e-01,1.247500000000000000e+02,8.208082998030378219e-01,3.341970823425162718e-01,9.743006897855731596e-01,2.028894261691094880e-01,1.732351342230810332e+00,-2.050164106625378846e+00,1.515237707951301083e+00,-1.864246106486887600e+00
3.468749999999999889e-01,1.248750000000000000e+02,8.214092973777551432e-01,3.334853774400952653e-01,9.748244612491366867e-01,2.022424438174484362e-01,1.729413226645022394e+00,-2.049250799360737840e+00,1.501675486951379090e+00,-1.862371289714068734e+00
3.472222222222222099e-01,1.250000000000000000e+02,8.220092940843908291e-01,3.327739952123761058e-01,9.753435127381612224e-01,2.015961134327573789e-01,1.726586342080363323e+00,-2.048305500343087004e+00,1.488050654606314360e+00,-1.860490776739823771e+00
3.475694444444444309e-01,1.251250000000000000e+02,8.226083285448274607e-01,3.320629467676061708e-01,9.758578225125966732e-01,2.009504369928838408e-01,1.723870688536832008e+00,-2.047328209572427227e+00,1.474363210916100897e+00,-1.858604567564152710e+00
3.479166666666667074e-01,1.252500000000000142e+02,8.232064393809466196e-01,3.313522432140332263e-01,9.763673688323918354e-01,2.003054164756757349e-01,1.721266266014429114e+00,-2.046318927048758951e+00,1.460613155880742475e+00,-1.856712662187055773e+00
3.482638888888889284e-01,1.253750000000000142e+02,8.238036652146314420e-01,3.306418956599047609e-01,9.768721299574970596e-01,1.996610538589809192e-01,1.718773074513155086e+00,-2.045277652772082178e+00,1.446800489500243092e+00,-1.854815060608533406e+00
3.486111111111111494e-01,1.255000000000000142e+02,8.244000446677639538e-01,3.299319152134685407e-01,9.773720841478612531e-01,1.990173511206468904e-01,1.716391114033009258e+00,-2.044204386742395574e+00,1.432925211774599861e+00,-1.852911762828584941e+00
3.489583333333333703e-01,1.256250000000000142e+02,8.249956163622264027e-01,3.292223129829717765e-01,9.778672096634348776e-01,1.983743102385213675e-01,1.714120384573991629e+00,-2.043099128959700472e+00,1.418987322703807896e+00,-1.851002768847209934e+00
3.493055555555555913e-01,1.257500000000000142e+02,8.255904189199012588e-01,3.285131000766622900e-01,9.783574847641667294e-01,1.977319331904522359e-01,1.711960886136102644e+00,-2.041961879423997317e+00,1.404986822287875192e+00,-1.849088078664409718e+00
3.496527777777778123e-01,1.258750000000000142e+02,8.261844909626705480e-01,3.278042858541397875e-01,9.788428877100067149e-01,1.970902219542870482e-01,1.709912618719342303e+00,-2.040809655076413431e+00,1.390923710526797530e+00,-1.847167692280183182e+00
3.500000000000000333e-01,1.260000000000000142e+02,8.267778711124169622e-01,3.270958698585798574e-01,9.793233967609045187e-01,1.964491785078736341e-01,1.707975582323710162e+00,-2.039668343388398863e+00,1.376797987420575575e+00,-1.845241609694530993e+00
3.503472222222222543e-01,1.261250000000000142e+02,8.273705979910226382e-01,3.263878482100928680e-01,9.797989901768097143e-01,1.958088048290595462e-01,1.706149776949206220e+00,-2.038538215935024933e+00,1.362609652969207108e+00,-1.843309830907452485e+00
3.506944444444444753e-01,1.262500000000000142e+02,8.279627102203702682e-01,3.256802170252643402e-01,9.802696462176719860e-01,1.951691028956926421e-01,1.704435202595831145e+00,-2.037419272716289864e+00,1.348358707172696569e+00,-1.841372355918948323e+00
3.510416666666666963e-01,1.263750000000000142e+02,8.285542464223417669e-01,3.249729724206794623e-01,9.807353431434406854e-01,1.945300746856206686e-01,1.702831859263584269e+00,-2.036311513732194545e+00,1.334045150031040849e+00,-1.839429184729018951e+00
3.513888888888889173e-01,1.265000000000000142e+02,8.291452452188197153e-01,3.242661105129231447e-01,9.811960592140656079e-01,1.938917221766911780e-01,1.701339746952465815e+00,-2.035214938982738531e+00,1.319668981544238395e+00,-1.837480317337662816e+00
3.517361111111111382e-01,1.266250000000000142e+02,8.297357452316860282e-01,3.235596274185809085e-01,9.816517726894962159e-01,1.932540473467520281e-01,1.699958865662476004e+00,-2.034129548467922266e+00,1.305230201712293869e+00,-1.835525753744881250e+00
3.520833333333333592e-01,1.267500000000000142e+02,8.303257850828237308e-01,3.228535192542377752e-01,9.821024618296824160e-01,1.926170521736509100e-01,1.698689215393614393e+00,-2.033055342187745307e+00,1.290728810535205273e+00,-1.833565493950672920e+00
3.524305555555555802e-01,1.268750000000000142e+02,8.309154033941146267e-01,3.221477821364790439e-01,9.825481048945733376e-01,1.919807386352355705e-01,1.697530796145881649e+00,-2.031992320142207653e+00,1.276164808012971941e+00,-1.831599537955039603e+00
3.527777777777778012e-01,1.270000000000000142e+02,8.315046387874414080e-01,3.214424121818896252e-01,9.829886801441189981e-01,1.913451087093535896e-01,1.696483607919276215e+00,-2.030940482331310193e+00,1.261538194145591651e+00,-1.829627885757979522e+00
3.531250000000000222e-01,1.271250000000000142e+02,8.320935298846861006e-01,3.207374055070550956e-01,9.834241658382687490e-01,1.907101643738528252e-01,1.695547650713800092e+00,-2.029899828755052038e+00,1.246848968933069290e+00,-1.827650537359494010e+00
3.534722222222222432e-01,1.272500000000000142e+02,8.326821153077311743e-01,3.200327582285604766e-01,9.838545402369723858e-01,1.900759076065809683e-01,1.694722924529451946e+00,-2.028870359413433189e+00,1.232097132375403081e+00,-1.825667492759582844e+00
3.538194444444444642e-01,1.273750000000000000e+02,8.332704336784590993e-01,3.193284664629907899e-01,9.842797816001793709e-01,1.894423403853856547e-01,1.694009429366232666e+00,-2.027852074306453645e+00,1.217282684472588805e+00,-1.823678751958245359e+00
3.541666666666666852e-01,1.275000000000000000e+02,8.338585236187519012e-01,3.186245263269315009e-01,9.846998681878393889e-01,1.888094646881147975e-01,1.693407165224141586e+00,-2.026844973434114294e+00,1.202405625224633567e+00,-1.821684314955481998e+00
3.545138888888889062e-01,1.276250000000000000e+02,8.344464237504920501e-01,3.179209339369677423e-01,9.851147782599019020e-01,1.881772824926158660e-01,1.692916132103179150e+00,-2.025849056796414249e+00,1.187465954631533593e+00,-1.819684181751293206e+00
3.548611111111111271e-01,1.277500000000000000e+02,8.350341726955622379e-01,3.172176854096845910e-01,9.855244900763165949e-01,1.875457957767366901e-01,1.692536330003344913e+00,-2.024864324393353510e+00,1.172463672693285996e+00,-1.817678352345677428e+00
3.552083333333333481e-01,1.278750000000000000e+02,8.356218090758440464e-01,3.165147768616674018e-01,9.859289818970331520e-01,1.869150065183250442e-01,1.692267758924638876e+00,-2.023890776224932075e+00,1.157398779409896994e+00,-1.815666826738636885e+00
3.555555555555555691e-01,1.280000000000000000e+02,8.362093715132206118e-01,3.158122044095012515e-01,9.863282319820011468e-01,1.862849166952286195e-01,1.692110418867061705e+00,-2.022928412291150835e+00,1.142271274781364143e+00,-1.813649604930169357e+00
3.559027777777777901e-01,1.281250000000000000e+02,8.367968986295735156e-01,3.151099641697714393e-01,9.867222185911700416e-01,1.856555282852950517e-01,1.692064309830612734e+00,-2.021977232592008455e+00,1.127081158807686556e+00,-1.811626686920277063e+00
3.562500000000000111e-01,1.282500000000000000e+02,8.373844290467858942e-01,3.144080522590629867e-01,9.871109199844898541e-01,1.850268432663720042e-01,1.692129431815291962e+00,-2.021037237127506714e+00,1.111828431488860236e+00,-1.809598072708957561e+00
3.565972222222222321e-01,1.283750000000000000e+02,8.379720013867395512e-01,3.137064647939612483e-01,9.874943144219096025e-01,1.843988636163075012e-01,1.692305784821099834e+00,-2.020108425897643389e+00,1.096513092824894064e+00,-1.807563762296213072e+00
3.569444444444444531e-01,1.285000000000000000e+02,8.385596542713168455e-01,3.130051978910513566e-01,9.878723801633791934e-01,1.837715913129489564e-01,1.692593368848036350e+00,-2.019190798902419814e+00,1.081135142815782935e+00,-1.805523755682042486e+00
3.572916666666666741e-01,1.286250000000000000e+02,8.391474263224004693e-01,3.123042476669184997e-01,9.882450954688482003e-01,1.831450283341441443e-01,1.692992183896101066e+00,-2.018284356141836433e+00,1.065694581461523960e+00,-1.803478052866445802e+00
3.576388888888888951e-01,1.287500000000000000e+02,8.397353561618721152e-01,3.116036102381479767e-01,9.886124385982660856e-01,1.825191766577408947e-01,1.693502229965294203e+00,-2.017389097615891469e+00,1.050191408762123357e+00,-1.801426653849423021e+00
3.579861111111111160e-01,1.288750000000000000e+02,8.403234824116148083e-01,3.109032817213248645e-01,9.889743878115826448e-01,1.818940382615868989e-01,1.694123507055615763e+00,-2.016505023324586698e+00,1.034625624717579129e+00,-1.799369558630975030e+00
3.583333333333333370e-01,1.290000000000000000e+02,8.409118436935103524e-01,3.102032582330343513e-01,9.893309213687475623e-01,1.812696151235298481e-01,1.694856015167065744e+00,-2.015632133267921233e+00,1.018997229327889942e+00,-1.797306767211100720e+00
3.586805555555555580e-01,1.291250000000000000e+02,8.415004786294415506e-01,3.095035358898615141e-01,9.896820175297103006e-01,1.806459092214173223e-01,1.695699754299644146e+00,-2.014770427445895518e+00,1.003306222593053132e+00,-1.795238279589799646e+00
3.590277777777777790e-01,1.292500000000000000e+02,8.420894258412905398e-01,3.088041108083919295e-01,9.900276545544204332e-01,1.800229225330972072e-01,1.696654724453350749e+00,-2.013919905858509551e+00,9.875526045130745834e-01,-1.793164095767073807e+00
3.593750000000000000e-01,1.293750000000000000e+02,8.426787239509393457e-01,3.081049791052105080e-01,9.903678107028274225e-01,1.794006570364172770e-01,1.697720925628185995e+00,-2.013080568505762891e+00,9.717363750879525197e-01,-1.791084215742922092e+00
3.597222222222222210e-01,1.295000000000000000e+02,8.432684115802708824e-01,3.074061368969023822e-01,9.907024642348815080e-01,1.787791147092250010e-01,1.698898357824149663e+00,-2.012252415387655091e+00,9.558575343176818340e-01,-1.788998639517343392e+00
3.600694444444444420e-01,1.296250000000000000e+02,8.438585273511668428e-01,3.067075803000530176e-01,9.910315934105313751e-01,1.781582975293682924e-01,1.700187021041241975e+00,-2.011435446504187485e+00,9.399160822022712969e-01,-1.786907367090339482e+00
3.604166666666666630e-01,1.297500000000000000e+02,8.444491098855102518e-01,3.060093054312473804e-01,9.913551764897272633e-01,1.775382074746948424e-01,1.701586915279462042e+00,-2.010629661855358741e+00,9.239120187417148022e-01,-1.784810398461909919e+00
3.607638888888888840e-01,1.298750000000000000e+02,8.450401978051829133e-01,3.053113084070707695e-01,9.916731917324184131e-01,1.769188465230523699e-01,1.703098040538810976e+00,-2.009835061441170634e+00,9.078453439360142374e-01,-1.782707733632054925e+00
3.611111111111111049e-01,1.300000000000000000e+02,8.456318297320674082e-01,3.046135853441082619e-01,9.919856173985549530e-01,1.763002166522884551e-01,1.704720396819288775e+00,-2.009051645261621388e+00,8.917160577851661607e-01,-1.780599372600772057e+00
3.614583333333333259e-01,1.301250000000000000e+02,8.462240442880459845e-01,3.039161323589452679e-01,9.922924317480859013e-01,1.756823198402510944e-01,1.706453984120894329e+00,-2.008279413316712336e+00,8.755241602891765673e-01,-1.778485315368065089e+00
3.618055555555555469e-01,1.302500000000000000e+02,8.468168800950010011e-01,3.032189455681668089e-01,9.925936130409611646e-01,1.750651580647877015e-01,1.708298802443628306e+00,-2.007518365606442146e+00,8.592696514480426817e-01,-1.776365561933931803e+00
3.621527777777777679e-01,1.303750000000000000e+02,8.474103757748148169e-01,3.025220210883580174e-01,9.928891395371303163e-01,1.744487333037461063e-01,1.710254851787491148e+00,-2.006768502130810816e+00,8.429525312617615063e-01,-1.774240112298371530e+00
3.624999999999999889e-01,1.305000000000000000e+02,8.480045699493697908e-01,3.018253550361043591e-01,9.931789894965427079e-01,1.738330475349741389e-01,1.712322132152482190e+00,-2.006029822889820569e+00,8.265727997303383701e-01,-1.772108966461386714e+00
3.628472222222222099e-01,1.306250000000000000e+02,8.485995012405480598e-01,3.011289435279907445e-01,9.934631411791483568e-01,1.732181027363194903e-01,1.714500643538601654e+00,-2.005302327883469182e+00,8.101304568537719408e-01,-1.769972124422975135e+00
3.631944444444444309e-01,1.307500000000000000e+02,8.491952082702322047e-01,3.004327826806025836e-01,9.937415728448967256e-01,1.726039008856297408e-01,1.716790385945849096e+00,-2.004586017111757101e+00,7.936255026320595540e-01,-1.767829586183138346e+00
3.635416666666667074e-01,1.308750000000000284e+02,8.497917296603046955e-01,2.997368686105248425e-01,9.940142627537372766e-01,1.719904439607525815e-01,1.719191359374225847e+00,-2.003880890574684770e+00,7.770579370652003215e-01,-1.765681351741874794e+00
3.638888888888889284e-01,1.310000000000000000e+02,8.503891040326475581e-01,2.990411974343428203e-01,9.942811891656196943e-01,1.713777339395357591e-01,1.721703563823730798e+00,-2.003186948272251300e+00,7.604277601531960196e-01,-1.763527421099185144e+00
3.642361111111111494e-01,1.311250000000000000e+02,8.509873700091430404e-01,2.983457652686418715e-01,9.945423303404934412e-01,1.707657727998272978e-01,1.724326999294363949e+00,-2.002504190204458023e+00,7.437349718960508671e-01,-1.761367794255069397e+00
3.645833333333333703e-01,1.312500000000000000e+02,8.515865662116737234e-01,2.976505682300071287e-01,9.947976645383083127e-01,1.701545625194746947e-01,1.727061665786125522e+00,-2.001832616371304052e+00,7.269795722937612004e-01,-1.759202471209529550e+00
3.649305555555555913e-01,1.313750000000000000e+02,8.521867312621220769e-01,2.969556024350235579e-01,9.950471700190139934e-01,1.695441050763254742e-01,1.729907563299015516e+00,-2.001172226772789831e+00,7.101615613463241328e-01,-1.757031451962562496e+00
3.652777777777778123e-01,1.315000000000000000e+02,8.527879037823700159e-01,2.962608640002765692e-01,9.952908250425600567e-01,1.689344024482276607e-01,1.732864691833033932e+00,-2.000523021408915358e+00,6.932809390537453265e-01,-1.754854736514170011e+00
3.656250000000000333e-01,1.316250000000000000e+02,8.533901223943000103e-01,2.955663490423513506e-01,9.955286078688957430e-01,1.683254566130288343e-01,1.735933051388180548e+00,-1.999885000279679748e+00,6.763377054160223389e-01,-1.752672324864350761e+00
3.659722222222222543e-01,1.317500000000000000e+02,8.539934257197949741e-01,2.948720536778328682e-01,9.957604967579708477e-01,1.677172695485766307e-01,1.739112641964456474e+00,-1.999258163385083886e+00,6.593318604331512844e-01,-1.750484217013106303e+00
3.663194444444444753e-01,1.318750000000000000e+02,8.545978523807362670e-01,2.941779740233067542e-01,9.959864699697352775e-01,1.671098432327188799e-01,1.742403463561859489e+00,-1.998642510725127996e+00,6.422634041051391574e-01,-1.748290412960436191e+00
3.666666666666666963e-01,1.320000000000000000e+02,8.552034409990069141e-01,2.934841061953578634e-01,9.962065057641382726e-01,1.665031796433033007e-01,1.745805516180391814e+00,-1.998038042299811190e+00,6.251323364319829601e-01,-1.746090912706339759e+00
3.670138888888889173e-01,1.321250000000000000e+02,8.558102301964889413e-01,2.927904463105714394e-01,9.964205824011294066e-01,1.658972807581777509e-01,1.749318799820051895e+00,-1.997444758109133911e+00,6.079386574136820265e-01,-1.743885716250817453e+00
3.673611111111111382e-01,1.322500000000000000e+02,8.564182585950650406e-01,2.920969904855326149e-01,9.966286781406586970e-01,1.652921485551895608e-01,1.752943314480841508e+00,-1.996862658153096381e+00,5.906823670502331369e-01,-1.741674823593868604e+00
3.677083333333333592e-01,1.323750000000000000e+02,8.570275648166170157e-01,2.914037348368267999e-01,9.968307712426753842e-01,1.646877850121866993e-01,1.756679060162758654e+00,-1.996291742431697935e+00,5.733634653416436189e-01,-1.739458234735494990e+00
3.680555555555555802e-01,1.325000000000000000e+02,8.576381874830275587e-01,2.907106754810390714e-01,9.970268399671290416e-01,1.640841921070169684e-01,1.760526036865804222e+00,-1.995732010944939239e+00,5.559819522879094755e-01,-1.737235949675694835e+00
3.684027777777778012e-01,1.326250000000000000e+02,8.582501652161792505e-01,2.900178085347545065e-01,9.972168625739696868e-01,1.634813718175278097e-01,1.764484244589978879e+00,-1.995183463692820292e+00,5.385378278890272652e-01,-1.735007968414468360e+00
3.687500000000000222e-01,1.327500000000000000e+02,8.588635366379535618e-01,2.893251301145585708e-01,9.974008173231463381e-01,1.628793261215672195e-01,1.768553683335281290e+00,-1.994646100675341094e+00,5.210310921450038713e-01,-1.732774290951816454e+00
3.690972222222222432e-01,1.328750000000000000e+02,8.594783403702337399e-01,2.886326363370361747e-01,9.975786824746091241e-01,1.622780569969828335e-01,1.772734353101711902e+00,-1.994119921892500980e+00,5.034617450558358520e-01,-1.730534917287738894e+00
3.694444444444444642e-01,1.330000000000000000e+02,8.600946150349016994e-01,2.879403233187727840e-01,9.977504362883071742e-01,1.616775664216223152e-01,1.777026253889270935e+00,-1.993604927344300615e+00,4.858297866215237626e-01,-1.728289847422234349e+00
3.697916666666666852e-01,1.331250000000000000e+02,8.607123992538397994e-01,2.872481871763532535e-01,9.979160570241906170e-01,1.610778563733332447e-01,1.781429385697959500e+00,-1.993101117030739333e+00,4.681352168420631621e-01,-1.726039081355304594e+00
3.701388888888889062e-01,1.332500000000000000e+02,8.613317316489303987e-01,2.865562240263631044e-01,9.980755229422084707e-01,1.604789288299636463e-01,1.785943748527775821e+00,-1.992608490951818023e+00,4.503780357174623217e-01,-1.723782619086949630e+00
3.704861111111111271e-01,1.333750000000000000e+02,8.619526508420558564e-01,2.858644299853873583e-01,9.982288123023107529e-01,1.598807857693609891e-01,1.790569342378719897e+00,-1.992127049107536241e+00,4.325582432477169115e-01,-1.721520460617168569e+00
3.708333333333333481e-01,1.335000000000000000e+02,8.625751954550987532e-01,2.851728011700112586e-01,9.983759033644472591e-01,1.592834291693730753e-01,1.795306167250793727e+00,-1.991656791497893542e+00,4.146758394328229902e-01,-1.719252605945960299e+00
3.711805555555555691e-01,1.336250000000000000e+02,8.631994041099410042e-01,2.844813336968200490e-01,9.985167743885670077e-01,1.586868610078477071e-01,1.800154223143995091e+00,-1.991197718122891258e+00,3.967308242727889400e-01,-1.716979055073327487e+00
3.715277777777777901e-01,1.337500000000000000e+02,8.638253154284650792e-01,2.837900236823988065e-01,9.986514036346196832e-01,1.580910832626325757e-01,1.805113510058324655e+00,-1.990749828982527170e+00,3.787231977676096539e-01,-1.714699807999267689e+00
3.718750000000000111e-01,1.338750000000000000e+02,8.644529680325533372e-01,2.830988672433328301e-01,9.987797693625554141e-01,1.574960979115753168e-01,1.810184027993782863e+00,-1.990313124076804163e+00,3.606529599172857425e-01,-1.712414864723783126e+00
3.722222222222222321e-01,1.340000000000000000e+02,8.650824005440882480e-01,2.824078604962071970e-01,9.989018498323233297e-01,1.569019069325236493e-01,1.815365776950370602e+00,-1.989887603405719796e+00,3.425201107218144858e-01,-1.710124225246871132e+00
3.725694444444444531e-01,1.341250000000000000e+02,8.657136515849519487e-01,2.817169995576072061e-01,9.990176233038731146e-01,1.563085123033253199e-01,1.820658756928085209e+00,-1.989473266969274734e+00,3.243246501812019900e-01,-1.707827889568534152e+00
3.729166666666666741e-01,1.342500000000000000e+02,8.663467597770266870e-01,2.810262805441181011e-01,9.991270680371545643e-01,1.557159160018281308e-01,1.826062967926928904e+00,-1.989070114767469866e+00,3.060665782954448133e-01,-1.705525857688771296e+00
3.732638888888888951e-01,1.343750000000000000e+02,8.669817637421952661e-01,2.803356995723247924e-01,9.992301622921170301e-01,1.551241200058795233e-01,1.831578409946901242e+00,-1.988678146800303859e+00,2.877458950645401803e-01,-1.703218129607581899e+00
3.736111111111111160e-01,1.345000000000000000e+02,8.676187021023394896e-01,2.796452527588129122e-01,9.993268843287104186e-01,1.545331262933275773e-01,1.837205082988001559e+00,-1.988297363067777823e+00,2.693626004884937530e-01,-1.700904705324967292e+00
3.739583333333333370e-01,1.346250000000000000e+02,8.682576134793420497e-01,2.789549362201673710e-01,9.994172124068839702e-01,1.539429368420198174e-01,1.842942987050230297e+00,-1.987927763569891315e+00,2.509166945673039217e-01,-1.698585584840926810e+00
3.743055555555555580e-01,1.347500000000000000e+02,8.688985364950851942e-01,2.782647460729733568e-01,9.995011247865874804e-01,1.533535536298040458e-01,1.848792122133587013e+00,-1.987569348306644113e+00,2.324081773009693541e-01,-1.696260768155461118e+00
3.746527777777777790e-01,1.348750000000000000e+02,8.695415097714512820e-01,2.775746784338161133e-01,9.995785997277706336e-01,1.527649786345277039e-01,1.854752488238073926e+00,-1.987222117278036437e+00,2.138370486894862477e-01,-1.693930255268567331e+00
3.750000000000000000e-01,1.350000000000000000e+02,8.701865719303224500e-01,2.768847294192808839e-01,9.996496154903828923e-01,1.521772138340389546e-01,1.860824085363687708e+00,-1.986886070484068290e+00,1.952033087328625405e-01,-1.691594046180249444e+00
3.753472222222222210e-01,1.351250000000000000e+02,8.708337615935810572e-01,2.761948951459528567e-01,9.997141503343738300e-01,1.515902612061852117e-01,1.867006913510429689e+00,-1.986561207924739891e+00,1.765069574310941247e-01,-1.689252140890505016e+00
3.756944444444444420e-01,1.352500000000000000e+02,8.714831173831100175e-01,2.755051717304170533e-01,9.997721825196931311e-01,1.510041227288141663e-01,1.873300972678301868e+00,-1.986247529600051021e+00,1.577479947841777530e-01,-1.686904539399334269e+00
3.760416666666666630e-01,1.353750000000000000e+02,8.721346779207909128e-01,2.748155552892589393e-01,9.998236903062904801e-01,1.504188003797737316e-01,1.879706262867300914e+00,-1.985945035510001455e+00,1.389264207921206973e-01,-1.684551241706737867e+00
3.763888888888888840e-01,1.355000000000000000e+02,8.727884818285063240e-01,2.741260419390635361e-01,9.998686519541153395e-01,1.498342961369116266e-01,1.886222784077428161e+00,-1.985653725654591639e+00,1.200422354549195852e-01,-1.682192247812716035e+00
3.767361111111111049e-01,1.356250000000000000e+02,8.734445677281387210e-01,2.734366277964161429e-01,9.999070457231173936e-01,1.492506119780754037e-01,1.892850536308684051e+00,-1.985373600033821351e+00,1.010954387725732789e-01,-1.679827557717267883e+00
3.770833333333333259e-01,1.357500000000000000e+02,8.741029742415702408e-01,2.727473089779017257e-01,9.999388498732461050e-01,1.486677498811126708e-01,1.899589519561069473e+00,-1.985104658647690146e+00,8.208603074507897501e-02,-1.677457171420393411e+00
3.774305555555555469e-01,1.358750000000000000e+02,8.747637399906834643e-01,2.720580816001058611e-01,9.999640426644513802e-01,1.480857118238715076e-01,1.906439733834582428e+00,-1.984846901496198912e+00,6.301401137244400097e-02,-1.675081088922093731e+00
3.777777777777777679e-01,1.360000000000000000e+02,8.754269035973607505e-01,2.713689417796134595e-01,9.999826023566824595e-01,1.475044997841994387e-01,1.913401179129223584e+00,-1.984600328579347206e+00,4.387938065466441551e-02,-1.672699310222368174e+00
3.781249999999999889e-01,1.361250000000000000e+02,8.760925036834840141e-01,2.706798856330095981e-01,9.999945072098892496e-01,1.469241157399440445e-01,1.920473855444994493e+00,-1.984364939897134805e+00,2.468213859173625999e-02,-1.670311835321215854e+00
3.784722222222222099e-01,1.362500000000000000e+02,8.767605788709360581e-01,2.699909092768798535e-01,9.999997354840208796e-01,1.463445616689533213e-01,1.927657762781892270e+00,-1.984140735449561932e+00,5.422285183667985113e-03,-1.667918664218638769e+00
3.788194444444444864e-01,1.363750000000000284e+02,8.774311677815990196e-01,2.693020088278090807e-01,9.999982654390278114e-01,1.457658395490747105e-01,1.934952901139920467e+00,-1.983927715236628586e+00,-1.390017956954884941e-02,-1.665519796914634254e+00
3.791666666666667074e-01,1.365000000000000284e+02,8.781043090373551463e-01,2.686131804023828007e-01,9.999900753348586191e-01,1.451879513581562919e-01,1.942359270519074865e+00,-1.983725879258334990e+00,-3.328525566790636186e-02,-1.663115233409204752e+00
3.795138888888889284e-01,1.366250000000000000e+02,8.787800412600869082e-01,2.679244201171858131e-01,9.999751434314636533e-01,1.446108990740453126e-01,1.949876870919359906e+00,-1.983535227514680921e+00,-5.273294311141187712e-02,-1.660704973702349152e+00
3.798611111111111494e-01,1.367500000000000000e+02,8.794584030716767753e-01,2.672357240888037500e-01,9.999534479887923766e-01,1.440346846745899356e-01,1.957505702340771370e+00,-1.983355760005666379e+00,-7.224324190005834700e-02,-1.658289017794067899e+00
3.802083333333333703e-01,1.368750000000000000e+02,8.801394330940065514e-01,2.665470884338214663e-01,9.999249672667941402e-01,1.434593101376376578e-01,1.965245764783311921e+00,-1.983187476731291365e+00,-9.181615203384915769e-02,-1.655867365684360770e+00
3.805555555555555913e-01,1.370000000000000000e+02,8.808231699489591504e-01,2.658585092688243723e-01,9.998896795254186287e-01,1.428847774410361426e-01,1.973097058246980007e+00,-1.983030377691555435e+00,-1.114516735127840247e-01,-1.653440017373227544e+00
3.809027777777778123e-01,1.371250000000000000e+02,8.815096522584167094e-01,2.651699827103973228e-01,9.998475630246157486e-01,1.423110885626332200e-01,1.981059582731778290e+00,-1.982884462886459698e+00,-1.311498063368683187e-01,-1.651006972860668442e+00
3.812500000000000333e-01,1.372500000000000000e+02,8.821989186442613651e-01,2.644815048751260056e-01,9.997985960243346293e-01,1.417382454802766367e-01,1.989133338237703885e+00,-1.982749732316002600e+00,-1.509105505060918395e-01,-1.648568232146683465e+00
3.815972222222222543e-01,1.373750000000000000e+02,8.828910077283756985e-01,2.637930718795953311e-01,9.997427567845252883e-01,1.411662501718139728e-01,1.997318324764757458e+00,-1.982626185980186140e+00,-1.707339060204608461e-01,-1.646123795231272169e+00
3.819444444444444753e-01,1.375000000000000000e+02,8.835859581326422907e-01,2.631046798403903209e-01,9.996800235651368549e-01,1.405951046150929473e-01,2.005614542312941229e+00,-1.982513823879008541e+00,-1.906198728799778641e-01,-1.643673662114435441e+00
3.822916666666666963e-01,1.376250000000000000e+02,8.842838084789428343e-01,2.624163248740965515e-01,9.996103746261194578e-01,1.400248107879614456e-01,2.014021990882251867e+00,-1.982412646012470470e+00,-2.105684510846355384e-01,-1.641217832796172837e+00
3.826388888888889173e-01,1.377500000000000000e+02,8.849845973891601325e-01,2.617280030972989890e-01,9.995337882274224484e-01,1.394553706682671035e-01,2.022540670472690483e+00,-1.982322652380571704e+00,-2.305796406344378380e-01,-1.638756307276483470e+00
3.829861111111111382e-01,1.378750000000000000e+02,8.856883634851761000e-01,2.610397106265829881e-01,9.994502426289955110e-01,1.388867862338576398e-01,2.031170581084257964e+00,-1.982243842983312909e+00,-2.506534415293844575e-01,-1.636289085555369116e+00
3.833333333333333592e-01,1.380000000000000000e+02,8.863951453888738730e-01,2.603514435785334036e-01,9.993597160907879973e-01,1.383190594625807179e-01,2.039911722716955644e+00,-1.982176217820693864e+00,-2.707898537694794494e-01,-1.633816167632828442e+00
3.836805555555555802e-01,1.381250000000000000e+02,8.871049817221349221e-01,2.596631980697358122e-01,9.992621868727500356e-01,1.377521923322840847e-01,2.048764095370779525e+00,-1.982119776892713681e+00,-2.909888773547150143e-01,-1.631337553508861893e+00
3.840277777777778012e-01,1.382500000000000000e+02,8.878179111068420504e-01,2.589749702167752909e-01,9.991576332348304224e-01,1.371861868208154867e-01,2.057727699045731828e+00,-1.982074520199373246e+00,-3.112505122850947048e-01,-1.628853243183470134e+00
3.843750000000000222e-01,1.383750000000000000e+02,8.885339721648775058e-01,2.582867561362368614e-01,9.990460334369795081e-01,1.366210449060224763e-01,2.066802533741815218e+00,-1.982040447740672340e+00,-3.315747585606231840e-01,-1.626363236656650946e+00
3.847222222222222432e-01,1.385000000000000000e+02,8.892532035181235361e-01,2.575985519447058780e-01,9.989273657391465333e-01,1.360567685657531056e-01,2.075988599459024364e+00,-1.982017559516610961e+00,-3.519616161812921251e-01,-1.623867533928406992e+00
3.850694444444444642e-01,1.386250000000000000e+02,8.899756437884626115e-01,2.569103537587676955e-01,9.988016084012814044e-01,1.354933597778548993e-01,2.085285896197362376e+00,-1.982005855527189331e+00,-3.724110851471053030e-01,-1.621366134998736719e+00
3.854166666666666852e-01,1.387500000000000000e+02,8.907013315977767576e-01,2.562221576950072244e-01,9.986687396833332508e-01,1.349308205201755761e-01,2.094694423956828366e+00,-1.982005335772407228e+00,-3.929231654580634947e-01,-1.618859039867640792e+00
3.857638888888889062e-01,1.388750000000000000e+02,8.914303055679488885e-01,2.555339598700095971e-01,9.985287378452519791e-01,1.343691527705626887e-01,2.104214182737424998e+00,-1.982016000252264654e+00,-4.134978571141696424e-01,-1.616346248535118768e+00
3.861111111111111271e-01,1.390000000000000000e+02,8.921626043208610302e-01,2.548457564003603903e-01,9.983815811469870516e-01,1.338083585068642889e-01,2.113845172539148276e+00,-1.982037848966761606e+00,-4.341351601154167517e-01,-1.613827761001170868e+00
3.864583333333333481e-01,1.391250000000000000e+02,8.928982664783952083e-01,2.541575434026445146e-01,9.982272478484883749e-01,1.332484397069278459e-01,2.123587393361999531e+00,-1.982070881915897642e+00,-4.548350744618078756e-01,-1.611303577265796871e+00
3.868055555555555691e-01,1.392500000000000000e+02,8.936373306624341151e-01,2.534693169934471024e-01,9.980657162097051893e-01,1.326893983486010509e-01,2.133440845205981429e+00,-1.982115099099673428e+00,-4.755976001533478992e-01,-1.608773697328996777e+00
3.871527777777777901e-01,1.393750000000000000e+02,8.943798354948601093e-01,2.527810732893536194e-01,9.978969644905872904e-01,1.321312364097319281e-01,2.143405528071089972e+00,-1.982170500518088962e+00,-4.964227371900280517e-01,-1.606238121190771251e+00
3.875000000000000111e-01,1.395000000000000000e+02,8.951258195975554388e-01,2.520928084069491426e-01,9.977209709510842517e-01,1.315739558681678911e-01,2.153481441957326936e+00,-1.982237086171144025e+00,-5.173104855718526629e-01,-1.603696848851119849e+00
3.878472222222222321e-01,1.396250000000000000e+02,8.958753215924023516e-01,2.514045184628188045e-01,9.975377138511455355e-01,1.310175587017568533e-01,2.163668586864691434e+00,-1.982314856058838171e+00,-5.382608452988215664e-01,-1.601149880310042350e+00
3.881944444444444531e-01,1.397500000000000000e+02,8.966283801012834287e-01,2.507161995735477378e-01,9.973471714507209374e-01,1.304620468883462281e-01,2.173966962793187463e+00,-1.982403810181172288e+00,-5.592738163709397581e-01,-1.598597215567538310e+00
3.885416666666666741e-01,1.398750000000000000e+02,8.973850337460806958e-01,2.500278478557213524e-01,9.971493220097600307e-01,1.299074224057840676e-01,2.184376569742809249e+00,-1.982503948538145933e+00,-5.803493987881974681e-01,-1.596038854623609282e+00
3.888888888888888951e-01,1.400000000000000000e+02,8.981453211486765120e-01,2.493394594259246977e-01,9.969441437882125001e-01,1.293536872319180631e-01,2.194897407713559900e+00,-1.982615271129758883e+00,-6.014875925506001364e-01,-1.593474797478253713e+00
3.892361111111111160e-01,1.401250000000000000e+02,8.989092809309537913e-01,2.486510304007429339e-01,9.967316150460273638e-01,1.288008433445956002e-01,2.205529476705440306e+00,-1.982737777956011360e+00,-6.226883976581513158e-01,-1.590905044131472490e+00
3.895833333333333370e-01,1.402500000000000000e+02,8.996769517147940043e-01,2.479625568967613602e-01,9.965117140431554166e-01,1.282488927216648145e-01,2.216272776718447801e+00,-1.982871469016903365e+00,-6.439518141108429017e-01,-1.588329594583265392e+00
3.899305555555555580e-01,1.403750000000000000e+02,9.004483721220799541e-01,2.472740350305652202e-01,9.962844190395448996e-01,1.276978373409731748e-01,2.227127307752583274e+00,-1.983016344312435342e+00,-6.652778419086788908e-01,-1.585748448833632640e+00
3.902777777777777790e-01,1.405000000000000000e+02,9.012235807746939997e-01,2.465854609187395907e-01,9.960497082951462744e-01,1.271476791803685114e-01,2.238093069807847613e+00,-1.983172403842606402e+00,-6.866664810516595052e-01,-1.583161606882574013e+00
3.906250000000000000e-01,1.406250000000000000e+02,9.020026162945185000e-01,2.458968306778695212e-01,9.958075600699088925e-01,1.265984202176983764e-01,2.249170062884242149e+00,-1.983339647607416989e+00,-7.081177315397882976e-01,-1.580569068730088400e+00
3.909722222222222210e-01,1.407500000000000000e+02,9.027855173034354808e-01,2.452081404245405605e-01,9.955579526237823274e-01,1.260500624308107387e-01,2.260358286981763332e+00,-1.983518075606867326e+00,-7.296315933730579406e-01,-1.577970834376177578e+00
3.913194444444444420e-01,1.408750000000000000e+02,9.035723224233277451e-01,2.445193862753377301e-01,9.953008642167162634e-01,1.255026077975531507e-01,2.271657742100412491e+00,-1.983707687840956968e+00,-7.512080665514717648e-01,-1.575366903820841102e+00
3.916666666666666630e-01,1.410000000000000000e+02,9.043630702760772078e-01,2.438305643468459960e-01,9.950362731086604962e-01,1.249560582957731786e-01,2.283068428240191849e+00,-1.983908484309685916e+00,-7.728471510750344331e-01,-1.572757277064078085e+00
3.920138888888888840e-01,1.411250000000000000e+02,9.051577994835663388e-01,2.431416707556509627e-01,9.947641575595641550e-01,1.244104159033189438e-01,2.294590345401098741e+00,-1.984120465013054835e+00,-7.945488469437369528e-01,-1.570141954105889637e+00
3.923611111111111049e-01,1.412500000000000000e+02,9.059565486676776080e-01,2.424527016183376515e-01,9.944844958293771464e-01,1.238656825980378601e-01,2.306223493583132722e+00,-1.984343629951063281e+00,-8.163131541575844308e-01,-1.567520934946275535e+00
3.927083333333333259e-01,1.413750000000000000e+02,9.067593563487935659e-01,2.417636530514912507e-01,9.941972661780490439e-01,1.233218603577777711e-01,2.317962151927944525e+00,-1.984577979123711033e+00,-8.381400727165759790e-01,-1.564894219585235335e+00
3.930555555555555469e-01,1.415000000000000000e+02,9.075662182287210777e-01,2.410745211716967262e-01,9.939024468655295319e-01,1.227789511603862016e-01,2.329499661602887794e+00,-1.984823512530998313e+00,-8.600296026207168154e-01,-1.562261808022768372e+00
3.934027777777777679e-01,1.416250000000000000e+02,9.083770209645934957e-01,2.403853020955396547e-01,9.936000161517679619e-01,1.222369569837111758e-01,2.340661482172217145e+00,-1.985080230172925342e+00,-8.819817438699972811e-01,-1.559623700258876422e+00
3.937499999999999889e-01,1.417500000000000000e+02,9.091916341088052134e-01,2.396959919396051963e-01,9.932899522967140182e-01,1.216958798056001489e-01,2.351447613635933909e+00,-1.985348132049491676e+00,-9.039964964644223722e-01,-1.556979896293558374e+00
3.940972222222222099e-01,1.418750000000000000e+02,9.100099272137498474e-01,2.390065868204780675e-01,9.929722335603173855e-01,1.211557216039010065e-01,2.361858055994043415e+00,-1.985627218160697538e+00,-9.260738604039964184e-01,-1.554330396126813341e+00
3.944444444444444864e-01,1.420000000000000284e+02,9.108317698318214584e-01,2.383170828547439835e-01,9.926468382025276371e-01,1.206164843564611761e-01,2.371892809246539446e+00,-1.985917488506543149e+00,-9.482138356887150898e-01,-1.551675199758643320e+00
3.947916666666667074e-01,1.421250000000000284e+02,9.116570315154135518e-01,2.376274761589880491e-01,9.923137444832945686e-01,1.200781700411289038e-01,2.381551873393421559e+00,-1.986218943087028288e+00,-9.704164223185735016e-01,-1.549014307189047646e+00
3.951388888888889284e-01,1.422500000000000000e+02,9.124855818169201882e-01,2.369377628497953692e-01,9.919729306625673093e-01,1.195407806357515063e-01,2.390835248434692861e+00,-1.986531581902152732e+00,-9.926816202935768718e-01,-1.546347718418025652e+00
3.954861111111111494e-01,1.423750000000000000e+02,9.133172902887356503e-01,2.362479390437509930e-01,9.916243750002959878e-01,1.190043181181766468e-01,2.399742934370353353e+00,-1.986855404951916926e+00,-1.015009429613728642e+00,-1.543675433445577561e+00
3.958333333333333703e-01,1.425000000000000000e+02,9.141520264832533327e-01,2.355580008574404416e-01,9.912680557564298445e-01,1.184687844662523776e-01,2.408274931200400815e+00,-1.987190412236320647e+00,-1.037399850279020708e+00,-1.540997452271704038e+00
3.961805555555555913e-01,1.426250000000000000e+02,9.149896599528670738e-01,2.348679444074487366e-01,9.909039511909187858e-01,1.179341816578261815e-01,2.416431238924837466e+00,-1.987536603755363229e+00,-1.059852882289456844e+00,-1.538313774896404418e+00
3.965277777777778123e-01,1.427500000000000000e+02,9.158300602499711562e-01,2.341777658103610105e-01,9.905320395637120523e-01,1.174005116707457913e-01,2.424211857543661530e+00,-1.987893979509045783e+00,-1.082368525645037938e+00,-1.535624401319678700e+00
3.968750000000000333e-01,1.428750000000000000e+02,9.166730969269593077e-01,2.334874611827624513e-01,9.901522991347597724e-01,1.168677764828588567e-01,2.431616787056875229e+00,-1.988262539497368753e+00,-1.104946780345767987e+00,-1.532929331541527107e+00
3.972222222222222543e-01,1.430000000000000000e+02,9.175186395362253666e-01,2.327970266412384415e-01,9.897647081640108535e-01,1.163359780720133879e-01,2.438646027464476340e+00,-1.988642283720329695e+00,-1.127587646391637666e+00,-1.530228565561949861e+00
3.975694444444444753e-01,1.431250000000000000e+02,9.183665576301631717e-01,2.321064583023740024e-01,9.893692449114154241e-01,1.158051184160568403e-01,2.445299578766466642e+00,-1.989033212177931054e+00,-1.150291123782652081e+00,-1.527522103380946961e+00
3.979166666666666963e-01,1.432500000000000000e+02,9.192167207611666724e-01,2.314157522827543223e-01,9.889658876369227247e-01,1.152751994928369883e-01,2.451577440962844356e+00,-1.989435324870172161e+00,-1.173057212518815451e+00,-1.524809944998517297e+00
3.982638888888889173e-01,1.433750000000000000e+02,9.200689984816297073e-01,2.307249046989647556e-01,9.885546146004826618e-01,1.147462232802015369e-01,2.457479614053611261e+00,-1.989848621797052131e+00,-1.195885912600118450e+00,-1.522092090414662424e+00
3.986111111111111382e-01,1.435000000000000000e+02,9.209232603439463372e-01,2.300339116675903794e-01,9.881354040620446977e-01,1.142181917559982468e-01,2.463006098038765579e+00,-1.990273102958572071e+00,-1.218777224026565964e+00,-1.519368539629381232e+00
3.989583333333333592e-01,1.436250000000000000e+02,9.217793759005101784e-01,2.293427693052164373e-01,9.877082342815586280e-01,1.136911068980748368e-01,2.468156892918309087e+00,-1.990708768354731761e+00,-1.241731146798158436e+00,-1.516639292642674386e+00
3.993055555555555802e-01,1.437500000000000000e+02,9.226372147037152915e-01,2.286514737284279508e-01,9.872730835189736931e-01,1.131649706842789704e-01,2.472931998692240452e+00,-1.991155617985530535e+00,-1.264747680914899641e+00,-1.513904349454541665e+00
3.996527777777778012e-01,1.438750000000000000e+02,9.234966463059556263e-01,2.279600210538103855e-01,9.868299300342396885e-01,1.126397850924584360e-01,2.477331415360559674e+00,-1.991613651850968614e+00,-1.287826826376780698e+00,-1.511163710064982846e+00
4.000000000000000222e-01,1.440000000000000000e+02,9.243575402596246882e-01,2.272684073979487906e-01,9.863787520873064096e-01,1.121155521004608829e-01,2.481355142923267643e+00,-1.992082869951045998e+00,-1.310968583183806491e+00,-1.508417374473998152e+00
4.003472222222222432e-01,1.441250000000000000e+02,9.252197661171168708e-01,2.265766288774282711e-01,9.859195279381228749e-01,1.115922736861340164e-01,2.485003181380364357e+00,-1.992563272285764020e+00,-1.334172951335981461e+00,-1.505665342681587138e+00
4.006944444444444642e-01,1.442500000000000000e+02,9.260831934308257907e-01,2.258846816088342646e-01,9.854522358466395460e-01,1.110699518273257080e-01,2.488275530731848484e+00,-1.993054858855120681e+00,-1.357439930833295838e+00,-1.502907614687750693e+00
4.010416666666666852e-01,1.443750000000000000e+02,9.269476917531453974e-01,2.251925617087517928e-01,9.849768540728054411e-01,1.105485885018834685e-01,2.491172190977721357e+00,-1.993557629659117536e+00,-1.380769521675754730e+00,-1.500144190492488150e+00
4.013888888888889062e-01,1.445000000000000000e+02,9.278131306364694186e-01,2.245002652937661269e-01,9.844933608765700228e-01,1.100281856876551695e-01,2.493693162117982531e+00,-1.994071584697753252e+00,-1.404161723863358358e+00,-1.497375070095800176e+00
4.017361111111111271e-01,1.446250000000000000e+02,9.286793796331919149e-01,2.238077884804622886e-01,9.840017345178833086e-01,1.095087453624884188e-01,2.495838444152632452e+00,-1.994596723971028940e+00,-1.427616537396111385e+00,-1.494600253497685216e+00
4.020833333333333481e-01,1.447500000000000000e+02,9.295463082957067247e-01,2.231151273854257155e-01,9.835019532566949829e-01,1.089902695042309771e-01,2.497608037081671117e+00,-1.995133047478943933e+00,-1.451133962274003375e+00,-1.491819740698145269e+00
4.024305555555555691e-01,1.448750000000000000e+02,9.304137861764075756e-01,2.224222781252415126e-01,9.829939953529541752e-01,1.084727600907306050e-01,2.499001940905096752e+00,-1.995680555221498231e+00,-1.474713998497040324e+00,-1.489033531697179003e+00
4.027777777777777901e-01,1.450000000000000000e+02,9.312816828276889725e-01,2.217292368164947014e-01,9.824778390666106809e-01,1.079562190998349519e-01,2.500020155622911577e+00,-1.996239247198692723e+00,-1.498356646065226228e+00,-1.486241626494786194e+00
4.031250000000000111e-01,1.451250000000000000e+02,9.321498678019438655e-01,2.210359995757707474e-01,9.819534626576141845e-01,1.074406485093917646e-01,2.500662681235114260e+00,-1.996809123410526743e+00,-1.522061904978551983e+00,-1.483444025090968621e+00
4.034722222222222321e-01,1.452500000000000000e+02,9.330182106515665375e-01,2.203425625196547277e-01,9.814208443859143705e-01,1.069260502972488869e-01,2.500929517741705688e+00,-1.997390183856999624e+00,-1.545829775237022696e+00,-1.480640727485724950e+00
4.038194444444444531e-01,1.453750000000000000e+02,9.338865809289511599e-01,2.196489217647318859e-01,9.808799625114607013e-01,1.064124264412538018e-01,2.500820665142685417e+00,-1.997982428538112032e+00,-1.569660256840637036e+00,-1.477831733679055182e+00
4.041666666666666741e-01,1.455000000000000000e+02,9.347548481864914605e-01,2.189550734275871602e-01,9.803307952942027503e-01,1.058997789192542421e-01,2.500336123438053448e+00,-1.998585857453864412e+00,-1.593553349789401219e+00,-1.475017043670959094e+00
4.045138888888888951e-01,1.456250000000000000e+02,9.356228819765810556e-01,2.182610136248061550e-01,9.797733209940900911e-01,1.053881097090981489e-01,2.499475892627808893e+00,-1.999200470604256097e+00,-1.617509054083305031e+00,-1.472196657461437352e+00
4.048611111111111160e-01,1.457500000000000000e+02,9.364905518516140059e-01,2.175667384729738085e-01,9.792075178710726302e-01,1.048774207886330884e-01,2.498239972711953083e+00,-1.999826267989287754e+00,-1.641527369722353358e+00,-1.469370575050489958e+00
4.052083333333333370e-01,1.458750000000000000e+02,9.373577273639847052e-01,2.168722440886752811e-01,9.786333641850993859e-01,1.043677141357067517e-01,2.496628363690486019e+00,-2.000463249608958272e+00,-1.665608296706550639e+00,-1.466538796438116465e+00
4.055555555555555580e-01,1.460000000000000000e+02,9.382242780660859927e-01,2.161775265884959274e-01,9.780508381961205977e-01,1.038589917281670105e-01,2.494641065563407256e+00,-2.001111415463268539e+00,-1.689751835035887995e+00,-1.463701321624316654e+00
4.059027777777777790e-01,1.461250000000000000e+02,9.390900735103125951e-01,2.154825820890209354e-01,9.774599181640857282e-01,1.033512555438613478e-01,2.492278078330716351e+00,-2.001770765552218556e+00,-1.713957984710369420e+00,-1.460858150609091632e+00
4.062500000000000000e-01,1.462500000000000000e+02,9.399549832490583512e-01,2.147874067068352710e-01,9.768605823489437956e-01,1.028445075606376491e-01,2.489539401992413747e+00,-2.002441299875807879e+00,-1.738226745730000466e+00,-1.458009283392439404e+00
4.065972222222222210e-01,1.463750000000000000e+02,9.408188768347165443e-01,2.140919965585244000e-01,9.762528090106452616e-01,1.023387497563436332e-01,2.486425036548499889e+00,-2.003123018434036506e+00,-1.762558118094770920e+00,-1.455154719974362409e+00
4.069444444444444420e-01,1.465000000000000000e+02,9.416816238196814570e-01,2.133963477606734271e-01,9.756365764091390336e-01,1.018339841088269776e-01,2.482934981998974333e+00,-2.003815921226905328e+00,-1.786952101804685888e+00,-1.452294460354859762e+00
4.072916666666666630e-01,1.466250000000000000e+02,9.425430937563469280e-01,2.127004564298675404e-01,9.750118628043752400e-01,1.013302125959354011e-01,2.479069238343837966e+00,-2.004520008254413010e+00,-1.811408696859745371e+00,-1.449428504533930795e+00
4.076388888888888840e-01,1.467500000000000000e+02,9.434031561971071289e-01,2.120043186826917614e-01,9.743786464563030103e-01,1.008274371955165116e-01,2.474827805583088125e+00,-2.005235279516560887e+00,-1.835927903259954252e+00,-1.446556852511575730e+00
4.079861111111111049e-01,1.468750000000000000e+02,9.442616806943555652e-01,2.113079306357316112e-01,9.737369056248722510e-01,1.003256598854181531e-01,2.470210683716727473e+00,-2.005961735013347624e+00,-1.860509721005302541e+00,-1.443679504287794790e+00
4.083333333333333259e-01,1.470000000000000000e+02,9.451185368004860754e-01,2.106112884055720835e-01,9.730866185700324245e-01,9.982488264348811369e-02,2.465217872744755567e+00,-2.006699374744774111e+00,-1.885154150095795789e+00,-1.440796459862588197e+00
4.086805555555555469e-01,1.471250000000000000e+02,9.459735940678929422e-01,2.099143881087983110e-01,9.724277635517333263e-01,9.932510744757395982e-02,2.459849372667170186e+00,-2.007448198710840792e+00,-1.909861190531437991e+00,-1.437907719235954174e+00
4.090277777777777679e-01,1.472500000000000000e+02,9.468267220489696712e-01,2.092172258619956760e-01,9.717603188299244188e-01,9.882633627552345201e-02,2.454105183483975328e+00,-2.008208206911546334e+00,-1.934630842312220045e+00,-1.435013282407896273e+00
4.093749999999999889e-01,1.473750000000000000e+02,9.476777902961102118e-01,2.085197977817493387e-01,9.710842626645552755e-01,9.832857110518444799e-02,2.447985305195168770e+00,-2.008979399346891181e+00,-1.959463105438145947e+00,-1.432113149378411610e+00
4.097222222222222654e-01,1.475000000000000284e+02,9.485266683617088468e-01,2.078220999846442651e-01,9.703995733155754699e-01,9.783181391440436137e-02,2.441489737800748738e+00,-2.009761776016875778e+00,-1.984357979909221914e+00,-1.429207320147501070e+00
4.100694444444444864e-01,1.476250000000000284e+02,9.493732257981587486e-01,2.071241285872659488e-01,9.697062290429347975e-01,9.733606668103121640e-02,2.434618481300717896e+00,-2.010555336921500125e+00,-2.009315465725437289e+00,-1.426295794715164433e+00
4.104166666666667074e-01,1.477500000000000284e+02,9.502173321578544218e-01,2.064258797061993278e-01,9.690042081065827206e-01,9.684133138291241283e-02,2.427371535695074023e+00,-2.011360082060764221e+00,-2.034335562886802062e+00,-1.423378573081402143e+00
4.107638888888889284e-01,1.478750000000000000e+02,9.510588569931894831e-01,2.057273494580298401e-01,9.682934887664688128e-01,9.634760999789605818e-02,2.419748900983820672e+00,-2.012176011434667178e+00,-2.059418271393306021e+00,-1.420455655246213977e+00
4.111111111111111494e-01,1.480000000000000000e+02,9.518976698565577710e-01,2.050285339593426459e-01,9.675740492825427586e-01,9.585490450382962158e-02,2.411750577166955178e+00,-2.013003125043209884e+00,-2.084563591244954495e+00,-1.417527041209600158e+00
4.114583333333333703e-01,1.481250000000000000e+02,9.527336403003534571e-01,2.043294293267226558e-01,9.668458679147542423e-01,9.536321687856089135e-02,2.403376564244477098e+00,-2.013841422886391896e+00,-2.109771522441752811e+00,-1.414592730971559131e+00
4.118055555555555913e-01,1.482500000000000000e+02,9.535666378769700469e-01,2.036300316767553908e-01,9.661089229230525044e-01,9.487254909993755869e-02,2.394626862216387764e+00,-2.014690904964214102e+00,-2.135042064983690757e+00,-1.411652724532093561e+00
4.121527777777778123e-01,1.483750000000000000e+02,9.543965321388017120e-01,2.029303388452196599e-01,9.653631925673875624e-01,9.438290314580732865e-02,2.385501471082687619e+00,-2.015534840968656205e+00,-2.160375218870772773e+00,-1.408707021891201894e+00
4.125000000000000333e-01,1.485000000000000000e+02,9.552231926382419580e-01,2.022303583189705711e-01,9.646086551077088789e-01,9.389428099401790628e-02,2.376000390843376220e+00,-2.016347779476460822e+00,-2.185770984102999304e+00,-1.405755623048883907e+00
4.128472222222222543e-01,1.486250000000000000e+02,9.560464889276854006e-01,2.015301009502703522e-01,9.638452888039659161e-01,9.340668462241699666e-02,2.366123621498450458e+00,-2.017129453486964596e+00,-2.211229360680375233e+00,-1.402798528005140044e+00
4.131944444444444753e-01,1.487500000000000000e+02,9.568662905595251011e-01,2.008295775948473749e-01,9.630730719161082476e-01,9.292011600885238809e-02,2.355871163047915662e+00,-2.017879863000168861e+00,-2.236750348602890792e+00,-1.399835736759970306e+00
4.135416666666666963e-01,1.488750000000000000e+02,9.576824670861553424e-01,2.001287991084297613e-01,9.622919827040861129e-01,9.243457713117188279e-02,2.345243015491768723e+00,-2.018599008016072283e+00,-2.262333947870550421e+00,-1.396867249313375359e+00
4.138888888888889173e-01,1.490000000000000000e+02,9.584948880599700738e-01,1.994277763467455500e-01,9.615019994278480864e-01,9.195006996722290826e-02,2.334239178830007422e+00,-2.019286888534676194e+00,-2.287980158483359894e+00,-1.393893065665352982e+00
4.142361111111111382e-01,1.491250000000000000e+02,9.593034230333631340e-01,1.987265201655233626e-01,9.607031003473446296e-01,9.146659649485343324e-02,2.322859653062637530e+00,-2.019943504555978819e+00,-2.313688980441309440e+00,-1.390913185815905395e+00
4.145833333333333592e-01,1.492500000000000000e+02,9.601079415587281396e-01,1.980250414204912102e-01,9.598952637225248719e-01,9.098415869191119054e-02,2.311104438189655497e+00,-2.020568856079981934e+00,-2.339460413744402612e+00,-1.387927609765032377e+00
4.149305555555555802e-01,1.493750000000000000e+02,9.609083131884593731e-01,1.973233509673772978e-01,9.590784678133387198e-01,9.050275853624367706e-02,2.298973534211061320e+00,-2.021162943106684651e+00,-2.365294458392640298e+00,-1.384936337512733262e+00
4.152777777777778012e-01,1.495000000000000000e+02,9.617044074749505622e-01,1.966214596619098032e-01,9.582526908797355247e-01,9.002239800569876438e-02,2.286466941126854113e+00,-2.021725765636087413e+00,-2.391191114386027827e+00,-1.381939369059007383e+00
4.156250000000000222e-01,1.496250000000000000e+02,9.624960939705954344e-01,1.959193783598171534e-01,9.574179111816649712e-01,8.954307907812411593e-02,2.273584658937036540e+00,-2.022257323668189333e+00,-2.417150381724554986e+00,-1.378936704403856961e+00
4.159722222222222432e-01,1.497500000000000000e+02,9.632832422277880502e-01,1.952171179168274429e-01,9.565741069790766327e-01,8.906480373136757556e-02,2.260326687641608157e+00,-2.022757617202990854e+00,-2.443172260408226215e+00,-1.375928343547279997e+00
4.163194444444444642e-01,1.498750000000000000e+02,9.640657217989223593e-01,1.945146891886688212e-01,9.557212565319199715e-01,8.858757394327665402e-02,2.246693027240564966e+00,-2.023226646240492421e+00,-2.469256750437047288e+00,-1.372914286489276492e+00
4.166666666666666852e-01,1.500000000000000000e+02,9.648434022363920892e-01,1.938121030310697990e-01,9.548593381001452274e-01,8.811139169169916741e-02,2.232683677733913186e+00,-2.023664410780694034e+00,-2.495403851811007545e+00,-1.369894533229847777e+00
4.170138888888889062e-01,1.501250000000000000e+02,9.656161530925909675e-01,1.931093702997584149e-01,9.539883299437014186e-01,8.763625895448294567e-02,2.218298639121649707e+00,-2.024070910823595248e+00,-2.521613564530111873e+00,-1.366869083768992743e+00
4.173611111111111271e-01,1.502500000000000000e+02,9.663838439199134989e-01,1.924065018504627911e-01,9.531082103225380076e-01,8.716217770947552734e-02,2.203537911403772309e+00,-2.024446146369195620e+00,-2.547885888594366932e+00,-1.363837938106711611e+00
4.177083333333333481e-01,1.503750000000000000e+02,9.671463442707526337e-01,1.917035085389114102e-01,9.522189619646799219e-01,8.668914993452468687e-02,2.188401494580284545e+00,-2.024790117417496038e+00,-2.574166160913001988e+00,-1.360801096243005270e+00
4.180555555555555691e-01,1.505000000000000000e+02,9.679035236975030987e-01,1.910004012208323665e-01,9.513206127352752395e-01,8.621717760747825421e-02,2.172889388651186415e+00,-2.025102823968496502e+00,-2.600299302046166439e+00,-1.357758558177872832e+00
4.184027777777777901e-01,1.506250000000000000e+02,9.686552517525583994e-01,1.902971907519539208e-01,9.504132166843791696e-01,8.574626270618385115e-02,2.157001593616476143e+00,-2.025384266022197011e+00,-2.626275852701818181e+00,-1.354710323911314518e+00
4.187500000000000111e-01,1.507500000000000000e+02,9.694013979883125964e-01,1.895938879880041117e-01,9.494968281836854151e-01,8.527640720848903011e-02,2.140738109476151951e+00,-2.025634443578596677e+00,-2.652095812879962544e+00,-1.351656393443329440e+00
4.190972222222222321e-01,1.508750000000000000e+02,9.701418319571593063e-01,1.888905037847114221e-01,9.485715016048882342e-01,8.480761309224185696e-02,2.124098936230217838e+00,-2.025853356637695946e+00,-2.677759182580590647e+00,-1.348596766773919375e+00
4.194444444444444531e-01,1.510000000000000000e+02,9.708764232114925896e-01,1.881870489978040295e-01,9.476372913196803305e-01,8.433988233528982859e-02,2.107084073878672470e+00,-2.026041005199495704e+00,-2.703265961803706041e+00,-1.345531443903083213e+00
4.197916666666666741e-01,1.511250000000000000e+02,9.716050413037063960e-01,1.874835344830100559e-01,9.466942516997556289e-01,8.387321691548056679e-02,2.089693522421512739e+00,-2.026197389263994175e+00,-2.728616150549314057e+00,-1.342460424830820509e+00
4.201388888888888951e-01,1.512500000000000000e+02,9.723275557861943419e-01,1.867799710960578730e-01,9.457424371168079436e-01,8.340761881066202643e-02,2.071927281858743086e+00,-2.026322508831193137e+00,-2.753809748817404035e+00,-1.339383709557132818e+00
4.204861111111111160e-01,1.513750000000000000e+02,9.730438362113505990e-01,1.860763696926756583e-01,9.447819019425304221e-01,8.294308999868184318e-02,2.053785352190363955e+00,-2.026416363901092144e+00,-2.778846756607982638e+00,-1.336301298082019251e+00
4.208333333333333370e-01,1.515000000000000000e+02,9.737537521315688949e-01,1.853727411285916171e-01,9.438127005486168786e-01,8.247963245738773597e-02,2.035267733416372682e+00,-2.026478954473690308e+00,-2.803727173921048532e+00,-1.333213190405479587e+00
4.211805555555555580e-01,1.516250000000000000e+02,9.744571730992432901e-01,1.846690962595338159e-01,9.428348873067609048e-01,8.201724816462722945e-02,2.016374425536764825e+00,-2.026510280548987630e+00,-2.828451000756607492e+00,-1.330119386527512937e+00
4.215277777777777790e-01,1.517500000000000000e+02,9.751539686667674012e-01,1.839654459412308207e-01,9.418485165886559818e-01,8.155593909824844501e-02,1.997105428551550377e+00,-2.026510342126985886e+00,-2.853018237114649747e+00,-1.327019886448121300e+00
4.218750000000000000e-01,1.518750000000000000e+02,9.758440083865352888e-01,1.832618010294106703e-01,9.408536427659958123e-01,8.109570723609871301e-02,1.977460742460723342e+00,-2.026479139207682856e+00,-2.877428882995178849e+00,-1.323914690167303787e+00
4.222222222222222210e-01,1.520000000000000000e+02,9.765271618109409024e-01,1.825581723798015144e-01,9.398503202104737664e-01,8.063655455602589117e-02,1.957440367264281056e+00,-2.026416671791080315e+00,-2.901682938398201461e+00,-1.320803797685059511e+00
4.225694444444444420e-01,1.521250000000000000e+02,9.772032984923779697e-01,1.818545708481317802e-01,9.388386032937837689e-01,8.017848303587772618e-02,1.937044302962230402e+00,-2.026322939877177376e+00,-2.925780403323705592e+00,-1.317687209001390469e+00
4.229166666666666630e-01,1.522500000000000000e+02,9.778722879832404402e-01,1.811510072901296453e-01,9.378185463876191896e-01,7.972149465350192310e-02,1.916272549554568716e+00,-2.026197943465973594e+00,-2.949721277771698347e+00,-1.314564924116295108e+00
4.232638888888888840e-01,1.523750000000000000e+02,9.785339998359220415e-01,1.804474925615232594e-01,9.367902038636736206e-01,7.926559138674628413e-02,1.895125107041295776e+00,-2.026041682557469858e+00,-2.973505561742178838e+00,-1.311436943029773872e+00
4.236111111111111049e-01,1.525000000000000000e+02,9.791883036028170562e-01,1.797440375180407446e-01,9.357536300936404317e-01,7.881077521345825065e-02,1.873601975422405808e+00,-2.025854157151666612e+00,-2.997133255235152394e+00,-1.308303265741825872e+00
4.239583333333333259e-01,1.526250000000000000e+02,9.798350688363189898e-01,1.790406530154106390e-01,9.347088794492136588e-01,7.835704811148588855e-02,1.851703154697909026e+00,-2.025635367248562524e+00,-3.020604358250608357e+00,-1.305163892252453106e+00
4.243055555555555469e-01,1.527500000000000000e+02,9.804741650888219029e-01,1.783373499093609815e-01,9.336560063020865607e-01,7.790441205867670860e-02,1.829428644867800990e+00,-2.025385312848158037e+00,-3.043918870788552500e+00,-1.302018822561654243e+00
4.246527777777777679e-01,1.528750000000000000e+02,9.811054619127196341e-01,1.776341390556198663e-01,9.325950650239528406e-01,7.745286903287831870e-02,1.806778445932076593e+00,-2.025103993950453152e+00,-3.067076792848988820e+00,-1.298868056669428617e+00
4.249999999999999889e-01,1.530000000000000000e+02,9.817288288604059110e-01,1.769310313099158594e-01,9.315261099865059791e-01,7.700242101193881250e-02,1.783752557890744495e+00,-2.024791410555448312e+00,-3.090078124431907547e+00,-1.295711594575777559e+00
4.253472222222222654e-01,1.531250000000000284e+02,9.823441354842751272e-01,1.762280375279768330e-01,9.304491955614394572e-01,7.655306997370550648e-02,1.760350980743796478e+00,-2.024447562663143074e+00,-3.112922865537318895e+00,-1.292549436280700625e+00
4.256944444444444864e-01,1.532500000000000284e+02,9.829512513367205662e-01,1.755251685655313254e-01,9.293643761204471998e-01,7.610481789602638325e-02,1.736573714491241649e+00,-2.024072450273537438e+00,-3.135611016165213982e+00,-1.289381581784197817e+00
4.260416666666667074e-01,1.533750000000000284e+02,9.835500459701363996e-01,1.748224352783074587e-01,9.282717060352225769e-01,7.565766675674913400e-02,1.712420759133074899e+00,-2.023666073386632291e+00,-3.158142576315597250e+00,-1.286208031086268910e+00
4.263888888888889284e-01,1.535000000000000000e+02,9.841403889369165769e-01,1.741198485220333270e-01,9.271712396774592913e-01,7.521161853372120010e-02,1.687892114669291566e+00,-2.023228432002426302e+00,-3.180517545988471362e+00,-1.283028784186914129e+00
4.267361111111111494e-01,1.536250000000000000e+02,9.847221497894548259e-01,1.734174191524373854e-01,9.260630314188508239e-01,7.476667520479077234e-02,1.662987781099901641e+00,-2.022759526120919471e+00,-3.202735925183829657e+00,-1.279843841086133693e+00
4.270833333333333703e-01,1.537500000000000000e+02,9.852951980801448739e-01,1.727151580252477281e-01,9.249471356310905445e-01,7.432283874780513944e-02,1.637707758424899795e+00,-2.022259355742113129e+00,-3.224797713901675245e+00,-1.276653201783927605e+00
4.274305555555555913e-01,1.538750000000000000e+02,9.858594033613811147e-01,1.720130759961925049e-01,9.238236066858722673e-01,7.388011114061220075e-02,1.612052046644281367e+00,-2.021727920866006389e+00,-3.246702912142013453e+00,-1.273456866280294753e+00
4.277777777777778123e-01,1.540000000000000000e+02,9.864146351855571648e-01,1.713111839210001708e-01,9.226924989548898060e-01,7.343849436105977235e-02,1.586020645758056347e+00,-2.021165221492599695e+00,-3.268451519904835401e+00,-1.270254834575236913e+00
4.281250000000000333e-01,1.541250000000000000e+02,9.869607631050665297e-01,1.706094926553988200e-01,9.215538668098365305e-01,7.299799038699535114e-02,1.559613555766220072e+00,-2.020571257621892602e+00,-3.290043537190143752e+00,-1.267047106668752310e+00
4.284722222222222543e-01,1.542500000000000000e+02,9.874976566723036031e-01,1.699080130551165191e-01,9.204077646224053666e-01,7.255860119626675320e-02,1.532830776668766104e+00,-2.019946029253884667e+00,-3.311478963997945613e+00,-1.263833682560841387e+00
4.288194444444444753e-01,1.543750000000000000e+02,9.880251854396622235e-01,1.692067559758818340e-01,9.192542467642912385e-01,7.212032876672173909e-02,1.505672308465706211e+00,-2.019289536388577222e+00,-3.332757800328230768e+00,-1.260614562251506365e+00
4.291666666666666963e-01,1.545000000000000000e+02,9.885432189595360075e-01,1.685057322734228313e-01,9.180933676071866278e-01,7.168317507620804163e-02,1.478138151157034175e+00,-2.018601779025968934e+00,-3.353880046181002328e+00,-1.257389745740744136e+00
4.295138888888889173e-01,1.546250000000000000e+02,9.890516267843192377e-01,1.678049528034677440e-01,9.169251815227856817e-01,7.124714210257329650e-02,1.450228304742751551e+00,-2.017882757166060692e+00,-3.374845701556262512e+00,-1.254159233028556697e+00
4.298611111111111382e-01,1.547500000000000000e+02,9.895502784664055307e-01,1.671044284217446385e-01,9.157497428827814367e-01,7.081223182366513935e-02,1.421942769222850567e+00,-2.017132470808852052e+00,-3.395654766454014872e+00,-1.250923024114941828e+00
4.302083333333333592e-01,1.548750000000000000e+02,9.900390435581888360e-01,1.664041699839820254e-01,9.145671060588681511e-01,7.037844621733160833e-02,1.393281544597344102e+00,-2.016350919954343457e+00,-3.416307240874250528e+00,-1.247681118999902194e+00
4.305555555555555802e-01,1.550000000000000000e+02,9.905177916120627701e-01,1.657041883459080822e-01,9.133773254227390836e-01,6.994578726142008929e-02,1.364244630866225938e+00,-2.015538104602534020e+00,-3.436803124816974364e+00,-1.244433517683436907e+00
4.309027777777778012e-01,1.551250000000000000e+02,9.909863921804216158e-01,1.650044943632507644e-01,9.121804553460874931e-01,6.951425693377842607e-02,1.334832028029490081e+00,-2.014694024753424628e+00,-3.457142418282189933e+00,-1.241180220165544412e+00
4.312500000000000222e-01,1.552500000000000000e+02,9.914447148156591005e-01,1.643050988917386379e-01,9.109765502006074156e-01,6.908385721225428211e-02,1.305043736087148520e+00,-2.013818680407014838e+00,-3.477325121269887909e+00,-1.237921226446227152e+00
4.315972222222222432e-01,1.553750000000000000e+02,9.918926290701689519e-01,1.636060127870998249e-01,9.097656643579924429e-01,6.865459007469554287e-02,1.274879755039195040e+00,-2.012912071563305094e+00,-3.497351233780074509e+00,-1.234656536525484460e+00
4.319444444444444642e-01,1.555000000000000000e+02,9.923300044963451194e-01,1.629072469050625305e-01,9.085478521899360560e-01,6.822645749894984402e-02,1.244340084885630526e+00,-2.011974198222295396e+00,-3.517220755812749289e+00,-1.231386150403315227e+00
4.322916666666666852e-01,1.556250000000000000e+02,9.927567106465819968e-01,1.622088121013548490e-01,9.073231680681314026e-01,6.779946146286471020e-02,1.213424725626446987e+00,-2.011005060383984855e+00,-3.536933687367915802e+00,-1.228110068079718786e+00
4.326388888888889062e-01,1.557500000000000000e+02,9.931726170732726455e-01,1.615107192317052076e-01,9.060916663642728519e-01,6.737360394428808241e-02,1.182133677261659521e+00,-2.010004658048374360e+00,-3.556490028445565610e+00,-1.224828289554698246e+00
4.329861111111111271e-01,1.558750000000000000e+02,9.935775933288115702e-01,1.608129791518418117e-01,9.048534014500533296e-01,6.694888692106770733e-02,1.150466939791259913e+00,-2.008972991215463022e+00,-3.575889779045704042e+00,-1.221540814828250943e+00
4.333333333333333481e-01,1.560000000000000000e+02,9.939715089655923874e-01,1.601156027174927277e-01,9.036084276971664275e-01,6.652531237105105411e-02,1.118424513215241500e+00,-2.007910059885252174e+00,-3.595132939168332431e+00,-1.218247643900377319e+00
4.336805555555555691e-01,1.561250000000000000e+02,9.943542335360089357e-01,1.594186007843864106e-01,9.023567994773064038e-01,6.610288227208606371e-02,1.086006397533618717e+00,-2.006815864057740928e+00,-3.614219508813446335e+00,-1.214948776771078931e+00
4.340277777777777901e-01,1.562500000000000000e+02,9.947256365924553867e-01,1.587219842082510102e-01,9.010985711621664063e-01,6.568159860202039957e-02,1.053212592746383347e+00,-2.005690403732929283e+00,-3.633149487981047088e+00,-1.211644213440354223e+00
4.343750000000000111e-01,1.563750000000000000e+02,9.950855876873251349e-01,1.580257638448147040e-01,8.998337971234399157e-01,6.526146333870179450e-02,1.020043098853536945e+00,-2.004533678910817240e+00,-3.651922876671136020e+00,-1.208333953908203862e+00
4.347222222222222321e-01,1.565000000000000000e+02,9.954339563730126850e-01,1.573299505498056416e-01,8.985625317328201911e-01,6.484247845997787030e-02,9.864979158550721827e-01,-2.003345689591404799e+00,-3.670539674883716241e+00,-1.205017998174626292e+00
4.350694444444444531e-01,1.566250000000000000e+02,9.957706122019115424e-01,1.566345551789522783e-01,8.972848293620018234e-01,6.442464594369644304e-02,9.525770437510021615e-01,-2.002126435774692848e+00,-3.688999882618780646e+00,-1.201696346239623958e+00
4.354166666666666741e-01,1.567500000000000000e+02,9.960954247264153238e-01,1.559395885879827082e-01,8.960007443826774054e-01,6.400796776770513452e-02,9.182804825413209970e-01,-2.000875917460680053e+00,-3.707303499876333674e+00,-1.198368998103195526e+00
4.357638888888888951e-01,1.568750000000000000e+02,9.964082634989187559e-01,1.552450616326250254e-01,8.947103311665408620e-01,6.359244590985171919e-02,8.836082322260205846e-01,-1.999594134649366639e+00,-3.725450526656376660e+00,-1.195035953765340109e+00
4.361111111111111160e-01,1.570000000000000000e+02,9.967089980718149000e-01,1.545509851686077685e-01,8.934136440852860073e-01,6.317808234798391598e-02,8.485602928051160232e-01,-1.998281087340753270e+00,-3.743440962958904272e+00,-1.191697213226060148e+00
4.364583333333333370e-01,1.571250000000000000e+02,9.969974979974979279e-01,1.538573700516590315e-01,8.921107375106062110e-01,6.276487905994954097e-02,8.131366642785996524e-01,-1.996936775534839947e+00,-3.761274808783919177e+00,-1.188352776485354090e+00
4.368055555555555580e-01,1.572500000000000000e+02,9.972736328283619001e-01,1.531642271375069642e-01,8.908016658141951760e-01,6.235283802359621597e-02,7.773373466464718051e-01,-1.995561199231626226e+00,-3.778952064131422262e+00,-1.185002643543222156e+00
4.371527777777777790e-01,1.573750000000000000e+02,9.975372721168004331e-01,1.524715672818797441e-01,8.894864833677460503e-01,6.194196121677150724e-02,7.411623399087243769e-01,-1.994154358431112106e+00,-3.796472729001417967e+00,-1.181646814399663015e+00
4.375000000000000000e-01,1.575000000000000000e+02,9.977882854152074765e-01,1.517794013405058262e-01,8.881652445429532028e-01,6.153225061732343903e-02,7.046116440653732438e-01,-1.992716253133298032e+00,-3.813836803393896524e+00,-1.178285289054679552e+00
4.378472222222222210e-01,1.576250000000000000e+02,9.980265422759770910e-01,1.510877401691133048e-01,8.868380037115094483e-01,6.112370820309952907e-02,6.676852591164100792e-01,-1.991246883338183560e+00,-3.831044287308862817e+00,-1.174918067508269770e+00
4.381944444444444420e-01,1.577500000000000000e+02,9.982519122515028931e-01,1.503965946234303297e-01,8.855048152451086008e-01,6.071633595194749627e-02,6.303831850618278887e-01,-1.989746249045768467e+00,-3.848095180746320398e+00,-1.171545149760432780e+00
4.385416666666666630e-01,1.578750000000000000e+02,9.984642648941790544e-01,1.497059755591853281e-01,8.841657335154445851e-01,6.031013584171515673e-02,5.927054219016414383e-01,-1.988214350256053642e+00,-3.864989483706262163e+00,-1.168166535811171247e+00
4.388888888888888840e-01,1.580000000000000000e+02,9.986634697563994134e-01,1.490158938321064774e-01,8.828208128942106603e-01,5.990510985025008367e-02,5.546519696358436224e-01,-1.986651186969037974e+00,-3.881727196188692108e+00,-1.164782225660484061e+00
4.392361111111111049e-01,1.581250000000000000e+02,9.988493963905574757e-01,1.483263602979218998e-01,8.814701077531004181e-01,5.950125995540019030e-02,5.162228282644338861e-01,-1.985056759184722575e+00,-3.898308318193610233e+00,-1.161392219308370555e+00
4.395833333333333259e-01,1.582500000000000000e+02,9.990219143490476350e-01,1.476373858123597449e-01,8.801136724638072284e-01,5.909858813501288333e-02,4.774179977874046243e-01,-1.983431066903106554e+00,-3.914732849721018315e+00,-1.157996516754830063e+00
4.399305555555555469e-01,1.583750000000000000e+02,9.991808931842635078e-01,1.469489812311485233e-01,8.787515613980253493e-01,5.869709636693626331e-02,4.382374782047716022e-01,-1.981774110124190580e+00,-3.931000790770911024e+00,-1.154595117999865028e+00
4.402777777777777679e-01,1.585000000000000000e+02,9.993262024485989325e-01,1.462611574100163570e-01,8.773838289274478175e-01,5.829678662901790348e-02,3.986812695165270481e-01,-1.980085888847974207e+00,-3.947112141343291913e+00,-1.151188023043473896e+00
4.406250000000000444e-01,1.586250000000000284e+02,9.994577116944479700e-01,1.455739252046912569e-01,8.760105294237680029e-01,5.789766089910535624e-02,3.587493717226625800e-01,-1.978366403074457436e+00,-3.963066901438164091e+00,-1.147775231885656222e+00
4.409722222222222654e-01,1.587500000000000284e+02,9.995752904742042366e-01,1.448872954709016225e-01,8.746317172586798305e-01,5.749972115504641684e-02,3.184417848231866355e-01,-1.976615652803640488e+00,-3.978865071055523117e+00,-1.144356744526412006e+00
4.413194444444444864e-01,1.588750000000000284e+02,9.996788083402619041e-01,1.442012790643758535e-01,8.732474468038772253e-01,5.710296937468893608e-02,2.777585088181067086e-01,-1.974833638035523142e+00,-3.994506650195367214e+00,-1.140932560965743248e+00
4.416666666666667074e-01,1.590000000000000284e+02,9.997681348450148109e-01,1.435158868408420163e-01,8.718577724310532240e-01,5.670740753588057043e-02,2.366995437074155273e-01,-1.973020358770105620e+00,-4.009991638857699492e+00,-1.137502681203648169e+00
4.420138888888889284e-01,1.591250000000000000e+02,9.998431395408567957e-01,1.428311296560282051e-01,8.704627485119014185e-01,5.631303761646898332e-02,1.952648894911039323e-01,-1.971175815007387699e+00,-4.025320037042521726e+00,-1.134067105240126772e+00
4.423611111111111494e-01,1.592500000000000000e+02,9.999036919801815859e-01,1.421470183656629027e-01,8.690624294181159559e-01,5.591986159430191450e-02,1.534545461691894375e-01,-1.969300006747370491e+00,-4.040491844749828587e+00,-1.130625833075179942e+00
4.427083333333333703e-01,1.593750000000000000e+02,9.999496617153832423e-01,1.414635638254742311e-01,8.676568695213899840e-01,5.552788144722713148e-02,1.112685137416630637e-01,-1.967392933990052217e+00,-4.055507061979623629e+00,-1.127178864708807238e+00
4.430555555555555913e-01,1.595000000000000000e+02,9.999809182988557144e-01,1.407807768911904234e-01,8.662461231934168726e-01,5.513709915309235321e-02,6.870679220852481117e-02,-1.965454596735433768e+00,-4.070365688731907738e+00,-1.123726200141008658e+00
4.434027777777778123e-01,1.596250000000000000e+02,9.999973312829927297e-01,1.400986684185395181e-01,8.648302448058904357e-01,5.474751668974511126e-02,2.576938156976676941e-02,-1.963484994983514698e+00,-4.085067725006680917e+00,-1.120267839371783092e+00
4.437500000000000333e-01,1.597500000000000000e+02,9.999987702201882378e-01,1.394172492632501092e-01,8.634092887305047093e-01,5.435913603503334662e-02,-1.754371817459480370e-02,-1.961484128734295673e+00,-4.099613170803939610e+00,-1.116803782401132761e+00
4.440972222222222543e-01,1.598750000000000000e+02,9.999851046628360773e-01,1.387365302810502354e-01,8.619833093389525080e-01,5.397195916680470190e-02,-6.123250702456740913e-02,-1.959451997987776695e+00,-4.114002026123685596e+00,-1.113334029229056554e+00
4.444444444444444753e-01,1.600000000000000000e+02,9.999562041633301979e-01,1.380565223276679632e-01,8.605523610029276460e-01,5.358598806290687522e-02,-1.052969849801610874e-01,-1.957388602743956874e+00,-4.128234290965921538e+00,-1.109858579855553362e+00
4.447916666666666963e-01,1.601250000000000000e+02,9.999119382740644379e-01,1.373772362588318308e-01,8.591164980941238261e-01,5.320122470118755081e-02,-1.497371520413572632e-01,-1.955293943002837320e+00,-4.142309965330642996e+00,-1.106377434280625183e+00
4.451388888888889173e-01,1.602500000000000000e+02,9.998521765474328582e-01,1.366986829302699047e-01,8.576757749842346401e-01,5.281767105949455865e-02,-1.945530082081650403e-01,-1.953168018764417591e+00,-4.156229049217853522e+00,-1.102890592504270906e+00
4.454861111111111382e-01,1.603750000000000000e+02,9.997767885358289641e-01,1.360208731977104735e-01,8.562302460449540131e-01,5.243532911567556909e-02,-2.397445534805847100e-01,-1.951010830028697240e+00,-4.169991542627551340e+00,-1.099398054526491197e+00
4.458333333333333592e-01,1.605000000000000000e+02,9.996856437916469273e-01,1.353438179168815481e-01,8.547799656479745378e-01,5.205420084757822474e-02,-2.853117878586250988e-01,-1.948822376795676492e+00,-4.183597445559737338e+00,-1.095899820347284281e+00
4.461805555555555802e-01,1.606250000000000000e+02,9.995786118672808085e-01,1.346675279435117223e-01,8.533249881649908053e-01,5.167428823305029312e-02,-3.312547113422680822e-01,-1.946602659065355789e+00,-4.197046758014410628e+00,-1.092395889966652378e+00
4.465277777777778012e-01,1.607500000000000000e+02,9.994555623151237800e-01,1.339920141333290349e-01,8.518653679676959634e-01,5.129559324993949315e-02,-3.775733239315227641e-01,-1.944351676837734910e+00,-4.210339479991572098e+00,-1.088886263384595043e+00
4.468750000000000222e-01,1.608750000000000000e+02,9.993163646875706796e-01,1.333172873420615800e-01,8.504011594277833819e-01,5.091811787609352297e-02,-4.242676256263983592e-01,-1.942069430112812967e+00,-4.223475611491222637e+00,-1.085370940601110057e+00
4.472222222222222432e-01,1.610000000000000000e+02,9.991608885370146798e-01,1.326433584254378129e-01,8.489324169169468748e-01,5.054186408936017783e-02,-4.713376164268763269e-01,-1.939755918890591513e+00,-4.236455152513357802e+00,-1.081849921616200305e+00
4.475694444444444642e-01,1.611250000000000000e+02,9.989890034158499521e-01,1.319702382391859108e-01,8.474591948068802560e-01,5.016683386758707258e-02,-5.187832963329656044e-01,-1.937411143171069661e+00,-4.249278103057982037e+00,-1.078323206429865122e+00
4.479166666666666852e-01,1.612500000000000000e+02,9.988005788764703352e-01,1.312979376390340513e-01,8.459815474692770065e-01,4.979302918862200250e-02,-5.666046653446669135e-01,-1.935035102954247854e+00,-4.261944463125094451e+00,-1.074790795042103619e+00
4.482638888888889062e-01,1.613750000000000000e+02,9.985954844712696676e-01,1.306264674807103565e-01,8.444995292758301630e-01,4.942045203031265876e-02,-6.148017234619893578e-01,-1.932627798240125205e+00,-4.274454232714695046e+00,-1.071252687452915131e+00
4.486111111111111271e-01,1.615000000000000000e+02,9.983735897526418990e-01,1.299558386199433369e-01,8.430131945982338726e-01,4.904910437050676031e-02,-6.633744706849140638e-01,-1.930189229028702602e+00,-4.286807411826782044e+00,-1.067708883662302100e+00
4.489583333333333481e-01,1.616250000000000000e+02,9.981347642729808678e-01,1.292860619124610311e-01,8.415225978081818381e-01,4.867898818705200525e-02,-7.123229070134500240e-01,-1.927719395319980267e+00,-4.299004000461357222e+00,-1.064159383670262971e+00
4.493055555555555691e-01,1.617500000000000000e+02,9.978788775846805237e-01,1.286171482139915889e-01,8.400277932773668743e-01,4.831010545779609866e-02,-7.616470324476078968e-01,-1.925218297113956423e+00,-4.311043998618422357e+00,-1.060604187476796634e+00
4.496527777777777901e-01,1.618750000000000000e+02,9.976057992401347052e-01,1.279491083802634654e-01,8.385288353774834613e-01,4.794245816058674559e-02,-8.113468469873672539e-01,-1.922685934410633291e+00,-4.322927406297972119e+00,-1.057043295081905532e+00
4.500000000000000111e-01,1.620000000000000000e+02,9.973153987917372509e-01,1.272819532670048104e-01,8.370257784802245249e-01,4.757604827327182456e-02,-8.614223506327384206e-01,-1.920122307210009760e+00,-4.334654223500010950e+00,-1.053476706485588998e+00
4.503472222222222321e-01,1.621250000000000000e+02,9.970075457918822215e-01,1.266156937299438012e-01,8.355186769572842120e-01,4.721087777369877697e-02,-9.118735433837210635e-01,-1.917527415512086053e+00,-4.346224450224536184e+00,-1.049904421687845701e+00
4.506944444444444531e-01,1.622500000000000000e+02,9.966821097929632334e-01,1.259503406248085322e-01,8.340075851803554485e-01,4.684694863971556461e-02,-9.627004252403259521e-01,-1.914901259316861504e+00,-4.357638086471552263e+00,-1.046326440688676085e+00
4.510416666666666741e-01,1.623750000000000000e+02,9.963389603473743472e-01,1.252859048073275694e-01,8.324925575211322704e-01,4.648426284916981621e-02,-1.013902996202531881e+00,-1.912243838624336778e+00,-4.368895132241052970e+00,-1.042742763488081259e+00
4.513888888888888951e-01,1.625000000000000000e+02,9.959779670075095126e-01,1.246223971332289238e-01,8.309736483513081584e-01,4.612282237990922296e-02,-1.065481256270349730e+00,-1.909555153434512320e+00,-4.379995587533041856e+00,-1.039153390086060780e+00
4.517361111111111160e-01,1.626250000000000000e+02,9.955989993257622350e-01,1.239598284582407312e-01,8.294509120425763715e-01,4.576262920978149684e-02,-1.117435205443789714e+00,-1.906835203747387242e+00,-4.390939452347522476e+00,-1.035558320482613315e+00
4.520833333333333370e-01,1.627500000000000000e+02,9.952019268545270192e-01,1.232982096380914605e-01,8.279244029666313898e-01,4.540368531663433599e-02,-1.169764843722830738e+00,-1.904083989562961987e+00,-4.401726726684486835e+00,-1.031957554677740863e+00
4.524305555555555580e-01,1.628750000000000000e+02,9.947866191461971486e-01,1.226375515285092477e-01,8.263941754951660279e-01,4.504599267831562587e-02,-1.222470171107483461e+00,-1.901301510881236778e+00,-4.412357410543938485e+00,-1.028351092671442535e+00
4.527777777777777790e-01,1.630000000000000000e+02,9.943529457531670168e-01,1.219778649852223396e-01,8.248602839998738778e-01,4.468955327267298133e-02,-1.275551187597747660e+00,-1.898487767702211393e+00,-4.422831503925879204e+00,-1.024738934463718110e+00
4.531250000000000000e-01,1.631250000000000000e+02,9.939007762278301295e-01,1.213191608639587471e-01,8.233227828524484204e-01,4.433436907755393397e-02,-1.329007893193634438e+00,-1.895642760025884721e+00,-4.433149006830309879e+00,-1.021121080054566921e+00
4.534722222222222210e-01,1.632500000000000000e+02,9.934299801225803250e-01,1.206614500204470503e-01,8.217817264245838027e-01,4.398044207080643864e-02,-1.382840287895122255e+00,-1.892766487852258539e+00,-4.443309919257225182e+00,-1.017497529443990523e+00
4.538194444444444420e-01,1.633750000000000000e+02,9.929404269898121083e-01,1.200047433104152600e-01,8.202371690879733945e-01,4.362777423027820733e-02,-1.437048371702221772e+00,-1.889858951181332181e+00,-4.453314241206627777e+00,-1.013868282631988915e+00
4.541666666666666630e-01,1.635000000000000000e+02,9.924319863819185406e-01,1.193490515895915816e-01,8.186891652143104547e-01,4.327636753381686879e-02,-1.491632144614943645e+00,-1.886920150013104980e+00,-4.463161972678522105e+00,-1.010233339618560322e+00
4.545138888888888840e-01,1.636250000000000000e+02,9.919045278512940156e-01,1.186943857137044145e-01,8.171377691752887973e-01,4.292622395927010726e-02,-1.546591606633266336e+00,-1.883950084347578047e+00,-4.472853113672901060e+00,-1.006592700403705853e+00
4.548611111111111049e-01,1.637500000000000000e+02,9.913579209503323719e-01,1.180407565384819224e-01,8.155830353426023471e-01,4.257734548448572492e-02,-1.601926757757200503e+00,-1.880948754184750715e+00,-4.482387664189767307e+00,-1.002946364987426175e+00
4.552083333333333259e-01,1.638750000000000000e+02,9.907920353876066288e-01,1.173881749196522828e-01,8.140250180879440300e-01,4.222973408731141992e-02,-1.657628795182328973e+00,-1.877916159524623652e+00,-4.491765624229122622e+00,-9.992943333697202890e-01
4.555555555555555469e-01,1.640000000000000000e+02,9.902068067575297006e-01,1.167366517129436315e-01,8.124637717830075490e-01,4.188339174559481404e-02,-1.713225856548036052e+00,-1.874852300367195301e+00,-4.500986993790967006e+00,-9.956366055505875279e-01
4.559027777777777679e-01,1.641250000000000000e+02,9.896023384438327186e-01,1.160861977740843959e-01,8.108993507994868288e-01,4.153832043718387601e-02,-1.768449372834706379e+00,-1.871757176712467219e+00,-4.510051772875296017e+00,-9.919731815300302236e-01
4.562500000000000444e-01,1.642500000000000284e+02,9.889787601496675684e-01,1.154368239588026562e-01,8.093318095090751285e-01,4.119452213992604028e-02,-1.823299344042360604e+00,-1.868630788560438738e+00,-4.518959961482115872e+00,-9.883040613080461556e-01
4.565972222222222654e-01,1.643750000000000284e+02,9.883362015781872456e-01,1.147885411228267982e-01,8.077612022834663730e-01,4.085199883166919232e-02,-1.877775770170978520e+00,-1.865473135911110081e+00,-4.527711559611421244e+00,-9.846292448846367673e-01
4.569444444444444864e-01,1.645000000000000284e+02,9.876747924325439687e-01,1.141413601218848745e-01,8.061875834943539321e-01,4.051075249026085678e-02,-1.931878651220580112e+00,-1.862284218764480803e+00,-4.536306567263216571e+00,-9.809487322598002823e-01
4.572916666666667074e-01,1.646250000000000284e+02,9.869946624158904003e-01,1.134952918117052706e-01,8.046110075134313977e-01,4.017078509354900934e-02,-1.985607987191145174e+00,-1.859064037120551793e+00,-4.544744984437497415e+00,-9.772625234335390321e-01
4.576388888888889284e-01,1.647500000000000000e+02,9.862959412313788699e-01,1.128503470480161780e-01,8.030315287123924728e-01,3.983209861938134116e-02,-2.038963778082683032e+00,-1.855812590979322385e+00,-4.553026811134265550e+00,-9.735706184058519064e-01
4.579861111111111494e-01,1.648750000000000000e+02,9.855787585821614849e-01,1.122065366865456632e-01,8.014492014629304162e-01,3.949469504560529365e-02,-2.091946023895206785e+00,-1.852529880340792356e+00,-4.561152047353524530e+00,-9.698730171767377950e-01
4.583333333333333703e-01,1.650000000000000000e+02,9.848432441713912411e-01,1.115638715830221950e-01,7.998640801367392639e-01,3.915857635006893267e-02,-2.144554724628692899e+00,-1.849215905204962818e+00,-4.569120693095268138e+00,-9.661697197461989184e-01
4.586805555555555913e-01,1.651250000000000000e+02,9.840895277022204679e-01,1.109223625931739232e-01,7.982762191055122747e-01,3.882374451061978288e-02,-2.196789880283152474e+00,-1.845870665571832880e+00,-4.576932748359500813e+00,-9.624607261142338333e-01
4.590277777777778123e-01,1.652500000000000000e+02,9.833177388778011618e-01,1.102820205727290392e-01,7.966856727409431516e-01,3.849020150510554239e-02,-2.248651490858585955e+00,-1.842494161441402545e+00,-4.584588213146220781e+00,-9.587460362808430947e-01
4.593750000000000333e-01,1.653750000000000000e+02,9.825280074012858744e-01,1.096428563774156373e-01,7.950924954147251533e-01,3.815794931137393015e-02,-2.300139556355003556e+00,-1.839086392813670923e+00,-4.592087087455429817e+00,-9.550256502460251484e-01
4.597222222222222543e-01,1.655000000000000000e+02,9.817204629758274903e-01,1.090048808629622695e-01,7.934967414985524270e-01,3.782698990727281080e-02,-2.351254076772385293e+00,-1.835647359688640456e+00,-4.599429371287125257e+00,-9.512995680097824369e-01
4.600694444444444753e-01,1.656250000000000000e+02,9.808952353045782280e-01,1.083681048850969053e-01,7.918984653641182314e-01,3.749732527064971593e-02,-2.401995052110739159e+00,-1.832177062066309370e+00,-4.606615064641308877e+00,-9.475677895721140720e-01
4.604166666666666963e-01,1.657500000000000000e+02,9.800524540906901949e-01,1.077325392995477915e-01,7.902977213831159364e-01,3.716895737935243388e-02,-2.452362482370078478e+00,-1.828675499946677441e+00,-4.613644167517981565e+00,-9.438303149330183883e-01
4.607638888888889173e-01,1.658750000000000000e+02,9.791922490373163868e-01,1.070981949620432999e-01,7.886945639272396891e-01,3.684188821122885704e-02,-2.502356367550381488e+00,-1.825142673329745779e+00,-4.620516679917139768e+00,-9.400871440924979394e-01
4.611111111111111382e-01,1.660000000000000000e+02,9.783147498476090220e-01,1.064650827283116080e-01,7.870890473681827482e-01,3.651611974412641987e-02,-2.551976707651657073e+00,-1.821578582215513942e+00,-4.627232601838786152e+00,-9.363382770505516151e-01
4.614583333333333592e-01,1.661250000000000000e+02,9.774200862247202082e-01,1.058332134540809072e-01,7.854812260776385946e-01,3.619165395589299394e-02,-2.601223502673906562e+00,-1.817983226603982150e+00,-4.633791933282920716e+00,-9.325837138071793042e-01
4.618055555555555802e-01,1.662500000000000000e+02,9.765083878718027188e-01,1.052025979950792917e-01,7.838711544273005982e-01,3.586849282437620801e-02,-2.650096752617139728e+00,-1.814356606495148627e+00,-4.640194674249543461e+00,-9.288234543623798967e-01
4.621527777777778012e-01,1.663750000000000000e+02,9.755797844920091055e-01,1.045732472070353136e-01,7.822588867888630171e-01,3.554663832742385038e-02,-2.698596457481337474e+00,-1.810698721889016261e+00,-4.646440824738653497e+00,-9.250574987161560570e-01
4.625000000000000222e-01,1.665000000000000000e+02,9.746344057884916978e-01,1.039451719456769979e-01,7.806444775340189990e-01,3.522609244288370245e-02,-2.746722617266508237e+00,-1.807009572785583718e+00,-4.652530384750249937e+00,-9.212858468685062308e-01
4.628472222222222432e-01,1.666250000000000000e+02,9.736723814644026032e-01,1.033183830667324388e-01,7.790279810344619138e-01,3.490685714860330968e-02,-2.794475231972663121e+00,-1.803289159184849888e+00,-4.658463354284337221e+00,-9.175084988194287527e-01
4.631944444444444642e-01,1.667500000000000000e+02,9.726938412228948172e-01,1.026928914259302161e-01,7.774094516618859085e-01,3.458893442243053673e-02,-2.841854301599781696e+00,-1.799537481086816326e+00,-4.664239733340909133e+00,-9.137254545689269536e-01
4.635416666666666852e-01,1.668750000000000000e+02,9.716989147671203364e-01,1.020687078789983271e-01,7.757889437879843531e-01,3.427232624221301233e-02,-2.888859826147874177e+00,-1.795754538491482588e+00,-4.669859521919971002e+00,-9.099367141169993900e-01
4.638888888888889062e-01,1.670000000000000000e+02,9.706877318002318233e-01,1.014458432816650463e-01,7.741665117844506172e-01,3.395703458579852480e-02,-2.935491805616940564e+00,-1.791940331398848674e+00,-4.675322720021520162e+00,-9.061422774636456179e-01
4.642361111111111271e-01,1.671250000000000000e+02,9.696604220253814965e-01,1.008243084896584540e-01,7.725422100229782929e-01,3.364306143103468205e-02,-2.981750240006989738e+00,-1.788094859808913917e+00,-4.680629327645556614e+00,-9.023421446088647491e-01
4.645833333333333481e-01,1.672500000000000000e+02,9.686171151457221296e-01,1.002041143587071165e-01,7.709160928752611941e-01,3.333040875576936957e-02,-3.027635129318003049e+00,-1.784218123721679206e+00,-4.685779344792080359e+00,-8.985363155526592260e-01
4.649305555555555691e-01,1.673750000000000000e+02,9.675579408644060520e-01,9.958527174453901676e-02,7.692882147129928017e-01,3.301907853785021607e-02,-3.073146473549989821e+00,-1.780310123137144762e+00,-4.690772771461092283e+00,-8.947247902950279386e-01
4.652777777777777901e-01,1.675000000000000000e+02,9.664830288845853712e-01,9.896779150288234628e-02,7.676586299078665965e-01,3.270907275512480866e-02,-3.118284272702960269e+00,-1.776370858055309032e+00,-4.695609607652593276e+00,-8.909075688359692213e-01
4.656250000000000111e-01,1.676250000000000000e+02,9.653925089094130829e-01,9.835168448946551845e-02,7.660273928315763925e-01,3.240039338544114383e-02,-3.163048526776895741e+00,-1.772400328476173792e+00,-4.700289853366580672e+00,-8.870846511754860719e-01
4.659722222222222321e-01,1.677500000000000000e+02,9.642865106420414056e-01,9.773696156001671076e-02,7.643945578558155596e-01,3.209304240664664215e-02,-3.207439235771804231e+00,-1.768398534399738598e+00,-4.704813508603055361e+00,-8.832560373135767140e-01
4.663194444444444531e-01,1.678750000000000000e+02,9.631651637856224468e-01,9.712363357026410071e-02,7.627601793522778006e-01,3.178702179658928623e-02,-3.251456399687687071e+00,-1.764365475826003005e+00,-4.709180573362018229e+00,-8.794217272502417027e-01
4.666666666666666741e-01,1.680000000000000000e+02,9.620285980433089801e-01,9.651171137593578253e-02,7.611243116926563745e-01,3.148233353311659377e-02,-3.295100018524550922e+00,-1.760301152754965903e+00,-4.713391047643470166e+00,-8.755817209854794836e-01
4.670138888888888951e-01,1.681250000000000000e+02,9.608769431182534460e-01,9.590120583276029453e-02,7.594870092486454283e-01,3.117897959407636005e-02,-3.338370092282381574e+00,-1.756205565186629736e+00,-4.717444931447407619e+00,-8.717360185192926103e-01
4.673611111111111160e-01,1.682500000000000000e+02,9.597103287136082850e-01,9.529212779646567544e-02,7.578483263919382207e-01,3.087696195731629706e-02,-3.381266620961184355e+00,-1.752078713120993170e+00,-4.721342224773835028e+00,-8.678846198516796395e-01
4.677083333333333370e-01,1.683750000000000000e+02,9.585288845325254936e-01,9.468448812278006110e-02,7.562083174942278996e-01,3.057628260068417925e-02,-3.423789604560970812e+00,-1.747920596558055539e+00,-4.725082927622748841e+00,-8.640275249826403492e-01
4.680555555555555580e-01,1.685000000000000000e+02,9.573327402781581785e-01,9.407829766743193434e-02,7.545670369272090561e-01,3.027694350202764229e-02,-3.465939043081721849e+00,-1.743731215497818843e+00,-4.728667039994150834e+00,-8.601647339121750724e-01
4.684027777777777790e-01,1.686250000000000000e+02,9.561220256536585582e-01,9.347356728614940324e-02,7.529245390625745049e-01,2.997894663919437389e-02,-3.507714936523446791e+00,-1.739510569940281304e+00,-4.732094561888041007e+00,-8.562962466402842532e-01
4.687500000000000000e-01,1.687500000000000000e+02,9.548968703621789622e-01,9.287030783466065920e-02,7.512808782720181711e-01,2.968229399003225952e-02,-3.549117284886145640e+00,-1.735258659885444033e+00,-4.735365493304417583e+00,-8.524220631669676695e-01
4.690972222222222210e-01,1.688750000000000000e+02,9.536574041068717200e-01,9.226853016869386581e-02,7.496361089272329803e-01,2.938698753238874750e-02,-3.590146088169825944e+00,-1.730975485333305475e+00,-4.738479834243283229e+00,-8.485421834922241002e-01
4.694444444444444420e-01,1.690000000000000000e+02,9.524037565908896052e-01,9.166824514397745038e-02,7.479902853999135237e-01,2.909302924411188637e-02,-3.630801346374472605e+00,-1.726661046283867407e+00,-4.741437584704636166e+00,-8.446566076160556547e-01
4.697916666666666630e-01,1.691250000000000000e+02,9.511360575173848364e-01,9.106946361623956265e-02,7.463434620617529491e-01,2.880042110304911404e-02,-3.671083059500092283e+00,-1.722315342737129162e+00,-4.744238744688477283e+00,-8.407653355384614446e-01
4.701388888888888840e-01,1.692500000000000000e+02,9.498544365895096320e-01,9.047219644120826909e-02,7.446956932844442933e-01,2.850916508704822577e-02,-3.710991227546693860e+00,-1.717938374693089854e+00,-4.746883314194804804e+00,-8.368683672594403600e-01
4.704861111111111049e-01,1.693750000000000000e+02,9.485590235104169876e-01,8.987645447461205250e-02,7.430470334396820364e-01,2.821926317395710010e-02,-3.750525850514261350e+00,-1.713530142151751035e+00,-4.749371293223621393e+00,-8.329657027789940660e-01
4.708333333333333259e-01,1.695000000000000000e+02,9.472499479832592328e-01,8.928224857217902100e-02,7.413975368991593262e-01,2.793071734162327208e-02,-3.789686928402802302e+00,-1.709090645113111373e+00,-4.751702681774924386e+00,-8.290573420971216745e-01
4.711805555555555469e-01,1.696250000000000000e+02,9.459273397111881421e-01,8.868958958963731043e-02,7.397472580345694215e-01,2.764352956789443289e-02,-3.828474461212325597e+00,-1.704619883577171757e+00,-4.753877479848717336e+00,-8.251432852138230745e-01
4.715277777777778234e-01,1.697500000000000284e+02,9.445913283973564889e-01,8.809848838271523708e-02,7.380962512176061363e-01,2.735770183061829799e-02,-3.866888448942821466e+00,-1.700117857543931077e+00,-4.755895687444996689e+00,-8.212235321290979329e-01
4.718750000000000444e-01,1.698750000000000284e+02,9.432420437449171580e-01,8.750895580714115884e-02,7.364445708199636176e-01,2.707323610764283267e-02,-3.904928891594283691e+00,-1.695584567013391553e+00,-4.757757304563763334e+00,-8.172980828429482481e-01
4.722222222222222654e-01,1.700000000000000284e+02,9.418796154570224788e-01,8.692100271864315608e-02,7.347922712133350132e-01,2.679013437681556156e-02,-3.942595789166720710e+00,-1.691020011985551186e+00,-4.759462331205019048e+00,-8.133669373553722437e-01
4.725694444444444864e-01,1.701250000000000284e+02,9.405041732368247809e-01,8.633463997294957282e-02,7.331394067694138039e-01,2.650839861598427993e-02,-3.979889141660129859e+00,-1.686424192460410865e+00,-4.761010767368760277e+00,-8.094300956663705859e-01
4.729166666666667074e-01,1.702500000000000284e+02,9.391158467874759497e-01,8.574987842578842001e-02,7.314860318598933597e-01,2.622803080299642223e-02,-4.016808949074521351e+00,-1.681797108437969035e+00,-4.762402613054991463e+00,-8.054875577759420535e-01
4.732638888888889284e-01,1.703750000000000000e+02,9.377147658121293139e-01,8.516672893288811108e-02,7.298322008564678276e-01,2.594903291570014106e-02,-4.053355211409878756e+00,-1.677138759918228583e+00,-4.763637868263709940e+00,-8.015393236840884228e-01
4.736111111111111494e-01,1.705000000000000000e+02,9.363010600139366479e-01,8.458520234997687903e-02,7.281779681308304664e-01,2.567140693194287435e-02,-4.089527928666210066e+00,-1.672449146901187067e+00,-4.764716532994916598e+00,-7.975853933908089166e-01
4.739583333333333703e-01,1.706250000000000000e+02,9.348748590960506144e-01,8.400530953278276258e-02,7.265233880546745349e-01,2.539515482957240694e-02,-4.125327100843521499e+00,-1.667728269386844930e+00,-4.765638607248609659e+00,-7.936257668961022027e-01
4.743055555555555913e-01,1.707500000000000000e+02,9.334362927616238759e-01,8.342706133703430005e-02,7.248685149996945132e-01,2.512027858643654452e-02,-4.160752727941799733e+00,-1.662976127375203061e+00,-4.766404091024790901e+00,-7.896604441999710566e-01
4.746527777777778123e-01,1.708750000000000000e+02,9.319854907138088729e-01,8.285046780569363389e-02,7.232134033375832161e-01,2.484678018038288111e-02,-4.195804809961052761e+00,-1.658200630285410870e+00,-4.767012984323460323e+00,-7.856894253024139241e-01
4.750000000000000333e-01,1.710000000000000000e+02,9.305225826557574909e-01,8.227553441908096177e-02,7.215581074400345685e-01,2.457466158925914607e-02,-4.230483346901278807e+00,-1.653413810530394379e+00,-4.767465287144617925e+00,-7.817127102034308050e-01
4.753472222222222543e-01,1.711250000000000000e+02,9.290476982906225034e-01,8.170226506648699261e-02,7.199026816787417182e-01,2.430392479091294036e-02,-4.264788338762485864e+00,-1.648615794337366713e+00,-4.767760999488261930e+00,-7.777302989030207003e-01
4.756944444444444753e-01,1.712500000000000000e+02,9.275609673215563511e-01,8.113066363556402372e-02,7.182471804253988124e-01,2.403457176319232641e-02,-4.298719785544658833e+00,-1.643806581706329206e+00,-4.767900121354394116e+00,-7.737421914011854973e-01
4.760416666666666963e-01,1.713750000000000000e+02,9.260625194517118075e-01,8.056073401396400546e-02,7.165916580516991097e-01,2.376660448394473518e-02,-4.332277687247806597e+00,-1.638986172637280969e+00,-4.767882652743014482e+00,-7.697483876979247519e-01
4.763888888888889173e-01,1.715000000000000000e+02,9.245524843842407581e-01,7.999248008933876330e-02,7.149361689293360911e-01,2.350002493101796541e-02,-4.365462043871934483e+00,-1.634154567130220670e+00,-4.767708593654122140e+00,-7.657488877932366877e-01
4.767361111111111382e-01,1.716250000000000000e+02,9.230309918222959764e-01,7.942590574934081660e-02,7.132807674300036815e-01,2.323483508225981237e-02,-4.398272855417028282e+00,-1.629311765185151417e+00,-4.767377944087717978e+00,-7.617436916871239694e-01
4.770833333333333592e-01,1.717500000000000000e+02,9.214981714690297920e-01,7.886101488162207407e-02,7.116255079253953619e-01,2.297103691551788396e-02,-4.430710121883097763e+00,-1.624457766802071434e+00,-4.766890704043800220e+00,-7.577327993795855976e-01
4.774305555555555802e-01,1.718750000000000000e+02,9.199541530275947565e-01,7.829781137383463874e-02,7.099704447872048352e-01,2.270863240863989913e-02,-4.462773843270140262e+00,-1.619592571980980722e+00,-4.766246873522372418e+00,-7.537162108706209063e-01
4.777777777777778012e-01,1.720000000000000000e+02,9.183990662011428663e-01,7.773629911363041933e-02,7.083156323871248050e-01,2.244762353947354211e-02,-4.494464019578162883e+00,-1.614716180721878391e+00,-4.765446452523431908e+00,-7.496939261602295623e-01
4.781250000000000222e-01,1.721250000000000000e+02,9.168330406928271170e-01,7.717648198866174092e-02,7.066611250968500846e-01,2.218801228586679553e-02,-4.525780650807151417e+00,-1.609828593024765775e+00,-4.764489441046977802e+00,-7.456659452484128980e-01
4.784722222222222432e-01,1.722500000000000000e+02,9.152562062058002823e-01,7.661836388658062325e-02,7.050069772880735997e-01,2.192980062566700361e-02,-4.556723736957115634e+00,-1.604929808889643539e+00,-4.763375839093012765e+00,-7.416322681351708024e-01
4.788194444444444642e-01,1.723750000000000000e+02,9.136686924432134704e-01,7.606194869503901668e-02,7.033532433324887201e-01,2.167299053672214204e-02,-4.587293278028059973e+00,-1.600019828316509241e+00,-4.762105646661535019e+00,-7.375928948205013880e-01
4.791666666666666852e-01,1.725000000000000000e+02,9.120706291082200101e-01,7.550724030168930179e-02,7.016999776017897039e-01,2.141758399687981179e-02,-4.617489274019971113e+00,-1.595098651305364879e+00,-4.760678863752543677e+00,-7.335478253044068753e-01
4.795138888888889062e-01,1.726250000000000000e+02,9.104621459039727860e-01,7.495424259418327628e-02,7.000472344676698100e-01,2.116358298398773527e-02,-4.647311724932855270e+00,-1.590166277856210453e+00,-4.759095490366043180e+00,-7.294970595868869312e-01
4.798611111111111271e-01,1.727500000000000000e+02,9.088433725336231284e-01,7.440295946017311257e-02,6.983950683018220751e-01,2.091098947589369039e-02,-4.676760630766719551e+00,-1.585222707969044187e+00,-4.757355526502028198e+00,-7.254405976679401125e-01
4.802083333333333481e-01,1.728750000000000000e+02,9.072144387003243660e-01,7.385339478731098306e-02,6.967435334759410903e-01,2.065980545044538916e-02,-4.705835991521552408e+00,-1.580267941643868301e+00,-4.755458972160500508e+00,-7.213784395475679734e-01
4.805555555555555691e-01,1.730000000000000000e+02,9.055754741072284952e-01,7.330555246324897689e-02,6.950926843617198925e-01,2.041003288549044989e-02,-4.734537807197359172e+00,-1.575301978880682130e+00,-4.753405827341461887e+00,-7.173105852257698478e-01
4.809027777777777901e-01,1.731250000000000000e+02,9.039266084574884008e-01,7.275943637563907218e-02,6.934425753308520735e-01,2.016167375887674418e-02,-4.762866077794138064e+00,-1.570324819679484785e+00,-4.751196092044910557e+00,-7.132370347025460688e-01
4.812500000000000111e-01,1.732500000000000000e+02,9.022679714542555240e-01,7.221505041213328868e-02,6.917932607550307811e-01,1.991473004845180361e-02,-4.790820803311897969e+00,-1.565336464040276043e+00,-4.748829766270847408e+00,-7.091577879778955262e-01
4.815972222222222321e-01,1.733750000000000000e+02,9.005996928006835267e-01,7.167239846038397921e-02,6.901447950059504954e-01,1.966920373206351019e-02,-4.818401983750625561e+00,-1.560336911963057460e+00,-4.746306850019270662e+00,-7.050728450518201074e-01
4.819444444444444531e-01,1.735000000000000000e+02,8.989219021999240722e-01,7.113148440804305250e-02,6.884972324553044754e-01,1.942509678755957245e-02,-4.845609619110326172e+00,-1.555326163447828591e+00,-4.743627343290183873e+00,-7.009822059243181469e-01
4.822916666666666741e-01,1.736250000000000000e+02,8.972347293551297120e-01,7.059231214276250055e-02,6.868506274747857576e-01,1.918241119278750462e-02,-4.872443709391006905e+00,-1.550304218494587882e+00,-4.740791246083582600e+00,-6.968858705953899779e-01
4.826388888888888951e-01,1.737500000000000000e+02,8.955383039694532199e-01,7.005488555219469005e-02,6.852050344360886003e-01,1.894114892559528585e-02,-4.898904254592654439e+00,-1.545271077103337776e+00,-4.737798558399471283e+00,-6.927838390650363776e-01
4.829861111111111160e-01,1.738750000000000000e+02,8.938327557460470363e-01,6.951920852399150197e-02,6.835605077109063732e-01,1.870131196383053099e-02,-4.924991254715277655e+00,-1.540226739274076495e+00,-4.734649280237845481e+00,-6.886761113332570128e-01
4.833333333333333370e-01,1.740000000000000000e+02,8.921182143880631576e-01,6.898528494580509485e-02,6.819171016709326683e-01,1.846290228534093816e-02,-4.950704709758873889e+00,-1.535171205006805151e+00,-4.731343411598708748e+00,-6.845626874000517725e-01
4.836805555555555580e-01,1.741250000000000000e+02,8.903948095986541356e-01,6.845311870528743292e-02,6.802748706878605223e-01,1.822592186797413610e-02,-4.976044619723449358e+00,-1.530104474301521744e+00,-4.727880952482058419e+00,-6.804435672654197687e-01
4.840277777777777790e-01,1.742500000000000000e+02,8.886626710809726326e-01,6.792271369009079962e-02,6.786338691333844153e-01,1.799037268957807620e-02,-5.001010984608992516e+00,-1.525026547158228940e+00,-4.724261902887897158e+00,-6.763187509293627775e-01
4.843750000000000000e-01,1.743750000000000000e+02,8.869219285381708673e-01,6.739407378786722858e-02,6.769941513791976062e-01,1.775625672800021024e-02,-5.025603804415510467e+00,-1.519937423576925406e+00,-4.720486262816224077e+00,-6.721882383918792447e-01
4.847222222222222210e-01,1.745000000000000000e+02,8.851727116734013912e-01,6.686720288626861464e-02,6.753557717969931318e-01,1.752357596108841328e-02,-5.049823079143004989e+00,-1.514837103557610476e+00,-4.716554032267038288e+00,-6.680520296529696145e-01
4.850694444444444420e-01,1.746250000000000000e+02,8.834151501898168668e-01,6.634210487294729675e-02,6.737187847584654721e-01,1.729233236669047713e-02,-5.073668808791471641e+00,-1.509725587100285704e+00,-4.712465211240339791e+00,-6.639101247126347749e-01
4.854166666666666630e-01,1.747500000000000000e+02,8.816493737905694017e-01,6.581878363555529465e-02,6.720832446353075529e-01,1.706252792265393683e-02,-5.097140993360909533e+00,-1.504602874204949980e+00,-4.708219799736129474e+00,-6.597625235708742819e-01
4.857638888888888840e-01,1.748750000000000000e+02,8.798755121788116584e-01,6.529724306174462811e-02,6.704492057992132992e-01,1.683416460682657378e-02,-5.120239632851321332e+00,-1.499468964871604415e+00,-4.703817797754406449e+00,-6.556092262276872473e-01
4.861111111111111049e-01,1.750000000000000000e+02,8.780936950576956335e-01,6.477748703916731687e-02,6.688167226218758588e-01,1.660724439705609998e-02,-5.142964727262712366e+00,-1.494323859100246343e+00,-4.699259205295171604e+00,-6.514502326830738932e-01
4.864583333333333259e-01,1.751250000000000000e+02,8.763040521303744335e-01,6.425951945547569988e-02,6.671858494749894897e-01,1.638176927119030721e-02,-5.165316276595072864e+00,-1.489167556890879096e+00,-4.694544022358424051e+00,-6.472855429370352187e-01
4.868055555555555469e-01,1.752500000000000000e+02,8.745067130999999439e-01,6.374334419832165810e-02,6.655566407302473397e-01,1.615774120707689360e-02,-5.187294280848406380e+00,-1.484000058243500897e+00,-4.689672248944164679e+00,-6.431151569895708908e-01
4.871527777777778234e-01,1.753750000000000284e+02,8.727018076697248272e-01,6.322896515535718354e-02,6.639291507593425568e-01,1.593516218256347747e-02,-5.208898740022718243e+00,-1.478821363158111746e+00,-4.684643885052391710e+00,-6.389390748406795772e-01
4.875000000000000444e-01,1.755000000000000284e+02,8.708894655427011910e-01,6.271638621423462900e-02,6.623034339339693988e-01,1.571403417549785755e-02,-5.230129654118003124e+00,-1.473631471634711199e+00,-4.679458930683106921e+00,-6.347572964903622772e-01
4.878472222222222654e-01,1.756250000000000284e+02,8.690698164220823640e-01,6.220561126260604201e-02,6.606795446258214577e-01,1.549435916372772851e-02,-5.250987023134259246e+00,-1.468430383673301254e+00,-4.674117385836311200e+00,-6.305698219386202119e-01
4.881944444444444864e-01,1.757500000000000284e+02,8.672429900110202317e-01,6.169664418812337292e-02,6.590575372065922144e-01,1.527613912510080232e-02,-5.271470847071486610e+00,-1.463218099273881023e+00,-4.668619250512003660e+00,-6.263766511854519381e-01
4.885416666666667074e-01,1.758750000000000284e+02,8.654091160126670124e-01,6.118948887843881496e-02,6.574374660479751498e-01,1.505937603746486213e-02,-5.291581125929688767e+00,-1.457994618436449619e+00,-4.662964524710183412e+00,-6.221777842308580109e-01
4.888888888888889284e-01,1.760000000000000000e+02,8.635683241301751467e-01,6.068414922120423521e-02,6.558193855216635226e-01,1.484407187866753665e-02,-5.311317859708869271e+00,-1.452759941161007040e+00,-4.657153208430848679e+00,-6.179732210748368759e-01
4.892361111111111494e-01,1.761250000000000000e+02,8.617207440666976304e-01,6.018062910407208366e-02,6.542033499993514800e-01,1.463022862655660380e-02,-5.330681048409019240e+00,-1.447514067447554398e+00,-4.651185301674004791e+00,-6.137629617173913088e-01
4.895833333333333703e-01,1.762500000000000000e+02,8.598665055253865708e-01,5.967893241469422738e-02,6.525894138527322808e-01,1.441784825897968886e-02,-5.349670692030142227e+00,-1.442256997296091470e+00,-4.645060804439647306e+00,-6.095470061585194221e-01
4.899305555555555913e-01,1.763750000000000000e+02,8.580057382093939644e-01,5.917906304072265145e-02,6.509776314534994057e-01,1.420693275378458360e-02,-5.368286790572244449e+00,-1.436988730706616924e+00,-4.638779716727776226e+00,-6.053253543982206608e-01
4.902777777777778123e-01,1.765000000000000000e+02,8.561385718218730290e-01,5.868102486980973642e-02,6.493680571733468909e-01,1.399748408881907116e-02,-5.386529344035314359e+00,-1.431709267679132536e+00,-4.632342038538395101e+00,-6.010980064364970232e-01
4.906250000000000333e-01,1.766250000000000000e+02,8.542651360659759829e-01,5.818482178960735635e-02,6.477607453839679952e-01,1.378950424193078027e-02,-5.404398352419360840e+00,-1.426418608213637640e+00,-4.625747769871501269e+00,-5.968649622733473992e-01
4.909722222222222543e-01,1.767500000000000000e+02,8.523855606448549338e-01,5.769045768776757260e-02,6.461557504570561994e-01,1.358299519096732057e-02,-5.421893815724382115e+00,-1.421116752310131126e+00,-4.618996910727093841e+00,-5.926262219087712335e-01
4.913194444444444753e-01,1.768750000000000000e+02,8.504999752616626552e-01,5.719793645194264087e-02,6.445531267643052065e-01,1.337795891377665733e-02,-5.439015733950374631e+00,-1.415803699968614771e+00,-4.612089461105176369e+00,-5.883817853427696365e-01
4.916666666666666963e-01,1.770000000000000000e+02,8.486085096195515876e-01,5.670726196978460865e-02,6.429529286774089414e-01,1.317439738820632561e-02,-5.455764107097341054e+00,-1.410479451189087685e+00,-4.605025421005744413e+00,-5.841316525753422750e-01
4.920138888888889173e-01,1.771250000000000000e+02,8.467112934216738385e-01,5.621843812894541242e-02,6.413552105680605520e-01,1.297231259210419527e-02,-5.472138935165280493e+00,-1.405144005971550092e+00,-4.597804790428801525e+00,-5.798758236064891491e-01
4.923611111111111382e-01,1.772500000000000000e+02,8.448084563711819595e-01,5.573146881707723849e-02,6.397600268079532970e-01,1.277170650331771809e-02,-5.488140218154197392e+00,-1.399797364316001547e+00,-4.590427569374345040e+00,-5.756142984362089265e-01
4.927083333333333592e-01,1.773750000000000000e+02,8.429001281712285021e-01,5.524635792183221761e-02,6.381674317687816567e-01,1.257258109969494435e-02,-5.503767956064084643e+00,-1.394439526222442494e+00,-4.582893757842377624e+00,-5.713470770645037167e-01
4.930555555555555802e-01,1.775000000000000000e+02,8.409864385249661289e-01,5.476310933086241811e-02,6.365774798222385567e-01,1.237493835908331542e-02,-5.519022148894945801e+00,-1.389070491690872933e+00,-4.575203355832898389e+00,-5.670741594913726313e-01
4.934027777777778012e-01,1.776250000000000000e+02,8.390675171355466144e-01,5.428172693181974179e-02,6.349902253400175889e-01,1.217878025933070985e-02,-5.533902796646782640e+00,-1.383690260721291976e+00,-4.567356363345904668e+00,-5.627955457168148934e-01
4.937500000000000222e-01,1.777500000000000000e+02,8.371434937061231762e-01,5.380221461235657615e-02,6.334057226938127894e-01,1.198410877828474247e-02,-5.548409899319593386e+00,-1.378298833313701399e+00,-4.559352780381400905e+00,-5.585112357408321682e-01
4.940972222222222432e-01,1.778750000000000000e+02,8.352144979398480329e-01,5.332457626012488544e-02,6.318240262553174169e-01,1.179092589379321203e-02,-5.562543456913374484e+00,-1.372896209468099871e+00,-4.551192606939385321e+00,-5.542212295634233454e-01
4.944444444444444642e-01,1.780000000000000000e+02,8.332806595398734029e-01,5.284881576277668941e-02,6.302451903962251745e-01,1.159923358370389991e-02,-5.576303469428131265e+00,-1.367482389184487834e+00,-4.542875843019856141e+00,-5.499255271845886472e-01
4.947916666666666852e-01,1.781250000000000000e+02,8.313421082093513936e-01,5.237493700796408413e-02,6.286692694882292098e-01,1.140903382586425791e-02,-5.589689936863863728e+00,-1.362057372462864402e+00,-4.534402488622813365e+00,-5.456241286043270744e-01
4.951388888888889062e-01,1.782500000000000000e+02,8.293989736514352229e-01,5.190294388333929060e-02,6.270963179030236700e-01,1.122032859812233108e-02,-5.602702859220567433e+00,-1.356621159303231350e+00,-4.525772543748260546e+00,-5.413170338226407363e-01
4.954861111111111271e-01,1.783750000000000000e+02,8.274513855692769981e-01,5.143284027655425222e-02,6.255263900123021470e-01,1.103311987832556601e-02,-5.615342236498245043e+00,-1.351173749705587346e+00,-4.516986008396195906e+00,-5.370042428395279677e-01
4.958333333333333481e-01,1.785000000000000000e+02,8.254994736660286048e-01,5.096463007526103040e-02,6.239595401877573444e-01,1.084740964432184124e-02,-5.627608068696898336e+00,-1.345715143669931946e+00,-4.508042882566617671e+00,-5.326857556549886574e-01
4.961805555555555691e-01,1.786250000000000000e+02,8.235433676448437046e-01,5.049831716711194324e-02,6.223958228010839644e-01,1.066319987395886008e-02,-5.639500355816523758e+00,-1.340245341196266704e+00,-4.498943166259526727e+00,-5.283615722690245819e-01
4.965277777777777901e-01,1.787500000000000000e+02,8.215831972088737389e-01,5.003390543975885785e-02,6.208352922239752658e-01,1.048049254508433108e-02,-5.651019097857122198e+00,-1.334764342284590732e+00,-4.489686859474925740e+00,-5.240316926816340759e-01
4.968750000000000111e-01,1.788750000000000000e+02,8.196190920612717035e-01,4.957139878085395357e-02,6.192780028281245075e-01,1.029928963554586387e-02,-5.662164294818695431e+00,-1.329272146934904697e+00,-4.480273962212811156e+00,-5.196961168928180275e-01
4.972222222222222321e-01,1.790000000000000000e+02,8.176511819051892616e-01,4.911080107804916689e-02,6.177240089852252813e-01,1.011959312319125372e-02,-5.672935946701242571e+00,-1.323768755147206377e+00,-4.470704474473182088e+00,-5.153548449025751044e-01
4.975694444444444531e-01,1.791250000000000000e+02,8.156795964437798530e-01,4.865211621899681593e-02,6.161733650669715123e-01,9.941404985868295893e-03,-5.683334053504762728e+00,-1.318254166921498660e+00,-4.460978396256043865e+00,-5.110078767109073050e-01
4.979166666666666741e-01,1.792500000000000000e+02,8.137044653801954741e-01,4.819534809134889963e-02,6.146261254450566813e-01,9.764727201424600045e-03,-5.693358615229255904e+00,-1.312728382257780657e+00,-4.451095727561392934e+00,-5.066552123178129641e-01
4.982638888888888951e-01,1.793750000000000000e+02,8.117259184175877884e-01,4.774050058275732672e-02,6.130823444911738251e-01,9.589561747707959702e-03,-5.703009631874725649e+00,-1.307191401156050370e+00,-4.441056468389228407e+00,-5.022968517232925256e-01
4.986111111111111160e-01,1.795000000000000000e+02,8.097440852591109017e-01,4.728757758087451940e-02,6.115420765770173128e-01,9.415910602565991452e-03,-5.712287103441167524e+00,-1.301643223616310907e+00,-4.430860618739552059e+00,-4.979327949273468223e-01
4.989583333333333370e-01,1.796250000000000000e+02,8.077590956079160334e-01,4.683658297335230314e-02,6.100053760742805142e-01,9.243775743846579032e-03,-5.721191029928582417e+00,-1.296083849638560714e+00,-4.420508178612365668e+00,-4.935630419299751881e-01
4.993055555555555580e-01,1.797500000000000000e+02,8.057710791671559569e-01,4.638752064784289891e-02,6.084722973546566882e-01,9.073159149397247089e-03,-5.729721411336970327e+00,-1.290513279222799792e+00,-4.409999148007664793e+00,-4.891875927311772343e-01
4.996527777777777790e-01,1.798750000000000000e+02,8.037801656399827799e-01,4.594039449199828484e-02,6.069428947898395377e-01,8.904062797065790888e-03,-5.737878247666334808e+00,-1.284931512369027251e+00,-4.399333526925451210e+00,-4.848064473309528499e-01
5.000000000000000000e-01,1.800000000000000000e+02,8.017864847295493869e-01,4.549520839347064721e-02,6.054172227515229876e-01,8.736488664699995285e-03,-5.745661538916670530e+00,-1.279338549077245313e+00,-4.388511315365726695e+00,-4.804196057293035893e-01
5.003472222222222765e-01,1.801250000000000284e+02,7.997901661390078853e-01,4.505196623991192251e-02,6.038953356113999638e-01,8.570438730147482073e-03,-5.753071285087982822e+00,-1.273734389347451312e+00,-4.377532513328487696e+00,-4.760270679262275650e-01
5.006944444444444420e-01,1.802500000000000000e+02,7.977913395715110489e-01,4.461067191897442191e-02,6.023772877411648352e-01,8.405914971256044782e-03,-5.760107486180265468e+00,-1.268119033179647914e+00,-4.366397120813739541e+00,-4.716288339217260539e-01
5.010416666666667185e-01,1.803750000000000284e+02,7.957901347302110961e-01,4.417132931831009579e-02,6.008631335125104167e-01,8.242919365873209794e-03,-5.766770142193523796e+00,-1.262492480573832676e+00,-4.355105137821476013e+00,-4.672249037157978346e-01
5.013888888888888840e-01,1.805000000000000000e+02,7.937866813182611336e-01,4.373394232557117900e-02,5.993529272971314104e-01,8.081453891847025645e-03,-5.773059253127754253e+00,-1.256854731530009373e+00,-4.343656564351704219e+00,-4.628152773084460159e-01
5.017361111111111605e-01,1.806250000000000284e+02,7.917811090388123807e-01,4.329851482840940680e-02,5.978467234667198538e-01,7.921520527024944122e-03,-5.778974818982960393e+00,-1.251205786048173119e+00,-4.332051400404417052e+00,-4.583999546996661012e-01
5.020833333333333259e-01,1.807500000000000000e+02,7.897735475950181661e-01,4.286505071447723608e-02,5.963445763929704491e-01,7.763121249254839422e-03,-5.784516839759138662e+00,-1.245545644128327023e+00,-4.320289645979618953e+00,-4.539789358894609772e-01
5.024305555555556024e-01,1.808750000000000284e+02,7.877641266900303751e-01,4.243355387142652702e-02,5.948465404475761220e-01,7.606258036384328999e-03,-5.789685315456292614e+00,-1.239874305770469531e+00,-4.308371301077306370e+00,-4.495522208778290896e-01
5.027777777777777679e-01,1.810000000000000000e+02,7.857529760270023367e-01,4.200402818690960466e-02,5.933526700022314637e-01,7.450932866261201180e-03,-5.794480246074417806e+00,-1.234191770974603086e+00,-4.296296365697487296e+00,-4.451198096647734359e-01
5.031250000000000444e-01,1.811250000000000284e+02,7.837402253090852700e-01,4.157647754857825978e-02,5.918630194286286228e-01,7.297147716732988419e-03,-5.798901631613518681e+00,-1.228498039740724357e+00,-4.284064839840150185e+00,-4.406817022502899639e-01
5.034722222222222099e-01,1.812500000000000000e+02,7.817260042394325037e-01,4.115090584408474805e-02,5.903776430984624124e-01,7.144904565647658586e-03,-5.802949472073591686e+00,-1.222793112068835786e+00,-4.271676723505303919e+00,-4.362378986343809495e-01
5.038194444444444864e-01,1.813750000000000284e+02,7.797104425211958123e-01,4.072731696108113780e-02,5.888965953834255362e-01,6.994205390852827400e-03,-5.806623767454641261e+00,-1.217076987958935597e+00,-4.259132016692942280e+00,-4.317883988170455045e-01
5.041666666666666519e-01,1.815000000000000000e+02,7.776936698575287465e-01,4.030571478721960837e-02,5.874199306552124744e-01,6.845052170196199055e-03,-5.809924517756661189e+00,-1.211349667411026898e+00,-4.246430719403073262e+00,-4.273332027982862935e-01
5.045138888888889284e-01,1.816250000000000000e+02,7.756758159515821927e-01,3.988610321015189503e-02,5.859477032855154865e-01,6.697446881525473406e-03,-5.812851722979656799e+00,-1.205611150425104361e+00,-4.233572831635685318e+00,-4.228723105780979874e-01
5.048611111111110938e-01,1.817500000000000000e+02,7.736570105065103675e-01,3.946848611753058650e-02,5.844799676460299409e-01,6.551391502688447450e-03,-5.815405383123624539e+00,-1.199861437001174647e+00,-4.220558353390791773e+00,-4.184057221564866369e-01
5.052083333333333703e-01,1.818750000000000000e+02,7.716373832254640464e-01,3.905286739700741111e-02,5.830167781084477641e-01,6.406888011532734309e-03,-5.817585498188567961e+00,-1.194100527139231538e+00,-4.207387284668381078e+00,-4.139334375334472460e-01
5.055555555555555358e-01,1.820000000000000000e+02,7.696170638115966689e-01,3.863925093623455514e-02,5.815581883170359845e-01,6.263938385906129246e-03,-5.819392068174484400e+00,-1.188328420839279476e+00,-4.194075270611984152e+00,-4.094554567089832564e-01
5.059027777777778123e-01,1.821250000000000000e+02,7.675961819680602316e-01,3.822764062286407999e-02,5.801042239226610331e-01,6.122544603656247982e-03,-5.820825093081373858e+00,-1.182545118101315351e+00,-4.180765858041894489e+00,-4.049717796830923366e-01
5.062499999999999778e-01,1.822500000000000000e+02,7.655748673980079522e-01,3.781804034454831070e-02,5.786548743759966085e-01,5.982708642630967313e-03,-5.821884572909238109e+00,-1.176750618925342939e+00,-4.167493747802747173e+00,-4.004824064557772068e-01
5.065972222222222543e-01,1.823750000000000000e+02,7.635532498045909389e-01,3.741045398893890622e-02,5.772101267248431755e-01,5.844432480677902962e-03,-5.822570507658075378e+00,-1.170944923311357799e+00,-4.154258939894534208e+00,-3.959873370270343140e-01
5.069444444444444198e-01,1.825000000000000000e+02,7.615314588909627425e-01,3.700488544368825405e-02,5.757699680170036416e-01,5.707718095644764324e-03,-5.822882897327885665e+00,-1.165128031259362817e+00,-4.141061434317261813e+00,-3.914865713968667671e-01
5.072916666666666963e-01,1.826250000000000000e+02,7.595096243602749153e-01,3.660133859644836007e-02,5.743343853002790267e-01,5.572567465379336255e-03,-5.822821741918671634e+00,-1.159299942769356218e+00,-4.127901231070925547e+00,-3.869801095652718459e-01
5.076388888888888618e-01,1.827500000000000000e+02,7.574878759156813413e-01,3.619981733487140363e-02,5.729033656224717941e-01,5.438982567729242282e-03,-5.822387041430430621e+00,-1.153460657841341330e+00,-4.114778330155533403e+00,-3.824679515322531587e-01
5.079861111111111382e-01,1.828750000000000000e+02,7.554663432603326845e-01,3.580032554660924488e-02,5.714768960313827417e-01,5.306965380542269864e-03,-5.821578795863163514e+00,-1.147610176475313715e+00,-4.101692731571072059e+00,-3.779500972978067086e-01
5.083333333333333037e-01,1.830000000000000000e+02,7.534451560973824957e-01,3.540286711931421582e-02,5.700549635748145549e-01,5.176517881666124060e-03,-5.820397005216868536e+00,-1.141748498671276257e+00,-4.088644435317552173e+00,-3.734265468619352157e-01
5.086805555555555802e-01,1.831250000000000000e+02,7.514244441299827715e-01,3.500744594063823212e-02,5.686375553005682537e-01,5.047642048948510797e-03,-5.818841669491548352e+00,-1.135875624429226960e+00,-4.075633441394970191e+00,-3.688973002246370703e-01
5.090277777777777457e-01,1.832500000000000000e+02,7.494043370612868404e-01,3.461406589823356333e-02,5.672246582564465234e-01,4.920339860237129929e-03,-5.816912788687202074e+00,-1.129991553749169597e+00,-4.062659749803328779e+00,-3.643623573859144926e-01
5.093750000000000222e-01,1.833750000000000000e+02,7.473849645944451447e-01,3.422273087975198635e-02,5.658162594902497178e-01,4.794613293379688251e-03,-5.814610362803828814e+00,-1.124096286631097952e+00,-4.049723360542619943e+00,-3.598217183457633195e-01
5.097222222222221877e-01,1.835000000000000000e+02,7.453664564326125674e-01,3.383344477284597890e-02,5.644123460497814104e-01,4.670464326224066896e-03,-5.811934391841430347e+00,-1.118189823075019129e+00,-4.036824273612856118e+00,-3.552753831041888244e-01
5.100694444444444642e-01,1.836250000000000000e+02,7.433489422789395507e-01,3.344621146516725541e-02,5.630129049828416221e-01,4.547894936617704643e-03,-5.808884875800004899e+00,-1.112272163080927578e+00,-4.023962489014026644e+00,-3.507233516611870106e-01
5.104166666666667407e-01,1.837500000000000284e+02,7.413325518365794231e-01,3.306103484436813400e-02,5.616179233372329271e-01,4.426907102408565893e-03,-5.805461814679552468e+00,-1.106343306648825076e+00,-4.011138006746134188e+00,-3.461656240167589327e-01
5.107638888888889062e-01,1.838750000000000000e+02,7.393174148086849584e-01,3.267791879810068995e-02,5.602273881607573447e-01,4.307502801444187436e-03,-5.801665208480075719e+00,-1.100403253778713175e+00,-3.998350826809182745e+00,-3.416022001709060341e-01
5.111111111111111827e-01,1.840000000000000284e+02,7.373036608984079310e-01,3.229686721401690830e-02,5.588412865012158948e-01,4.189684011572439998e-03,-5.797495057201570212e+00,-1.094452004470589435e+00,-3.985600949203166987e+00,-3.370330801236263718e-01
5.114583333333333481e-01,1.841250000000000000e+02,7.352914198089015585e-01,3.191788397976911412e-02,5.574596054064114847e-01,4.073452710640945371e-03,-5.792951360844041275e+00,-1.088489558724457629e+00,-3.972888373928095795e+00,-3.324582638749223329e-01
5.118055555555556246e-01,1.842500000000000284e+02,7.332808212433171713e-01,3.154097298300902880e-02,5.560823319241443574e-01,3.958810876497407746e-03,-5.788034119407484468e+00,-1.082515916540312650e+00,-3.960213100983956735e+00,-3.278777514247909752e-01
5.121527777777777901e-01,1.843750000000000000e+02,7.312719949048082091e-01,3.116613811138897738e-02,5.547094531022174202e-01,3.845760486989615451e-03,-5.782743332891902455e+00,-1.076531077918158497e+00,-3.947575130370759133e+00,-3.232915427732341307e-01
5.125000000000000666e-01,1.845000000000000284e+02,7.292650704965262243e-01,3.079338325256095535e-02,5.533409559884318041e-01,3.734303519965275278e-03,-5.777079001297291683e+00,-1.070535042857992281e+00,-3.934974462088497216e+00,-3.186996379202508556e-01
5.128472222222222321e-01,1.846250000000000000e+02,7.272601777216251007e-01,3.042271229417722531e-02,5.519768276305900834e-01,3.624441953272002949e-03,-5.771041124623658369e+00,-1.064527811359817777e+00,-3.922411096137178088e+00,-3.141020368658432593e-01
5.131944444444445086e-01,1.847500000000000284e+02,7.252574462832549473e-01,3.005412912388950517e-02,5.506170550764926119e-01,3.516177764757677862e-03,-5.764629702870993633e+00,-1.058509383423628991e+00,-3.909885032516789760e+00,-3.094987396100071231e-01
5.135416666666666741e-01,1.848750000000000000e+02,7.232570058845707583e-01,2.968763762935040101e-02,5.492616253739428522e-01,3.409512932269829003e-03,-5.757844736039307243e+00,-1.052479759049433472e+00,-3.897396271227346887e+00,-3.048897461527476094e-01
5.138888888888889506e-01,1.850000000000000284e+02,7.212589862287230869e-01,2.932324169821148158e-02,5.479105255707411581e-01,3.304449433656421204e-03,-5.750686224128592094e+00,-1.046438938237224558e+00,-3.884944812268837921e+00,-3.002750564940603883e-01
5.142361111111111160e-01,1.851250000000000000e+02,7.192635170188655946e-01,2.896094521812522110e-02,5.465637427146899929e-01,3.200989246764898884e-03,-5.743154167138852628e+00,-1.040386920987006469e+00,-3.872530655641270414e+00,-2.956546706339484021e-01
5.145833333333333925e-01,1.852500000000000284e+02,7.172707279581496120e-01,2.860075207674341036e-02,5.452212638535905986e-01,3.099134349443141874e-03,-5.735248565070084403e+00,-1.034323707298776540e+00,-3.860153801344638147e+00,-2.910285885724092636e-01
5.149305555555555580e-01,1.853750000000000000e+02,7.152807487497291339e-01,2.824266616171845073e-02,5.438830760352458826e-01,2.998886719538851765e-03,-5.726969417922293637e+00,-1.028249297172538324e+00,-3.847814249378949558e+00,-2.863968103094463591e-01
5.152777777777778345e-01,1.855000000000000284e+02,7.132937090967546023e-01,2.788669136070211219e-02,5.425491663074559767e-01,2.900248334899732314e-03,-5.718316725695473224e+00,-1.022163690608286934e+00,-3.835511999744193989e+00,-2.817593358450555807e-01
5.156250000000000000e-01,1.856250000000000000e+02,7.113097387023801232e-01,2.753283156134666773e-02,5.412195217180238993e-01,2.803221173373490315e-03,-5.709290488389627605e+00,-1.016066887606026370e+00,-3.823247052440378546e+00,-2.771161651792396485e-01
5.159722222222222765e-01,1.857500000000000284e+02,7.093289672697569159e-01,2.718109065130416488e-02,5.398941293147506704e-01,2.707807212807827792e-03,-5.699890706004754115e+00,-1.009958888165753743e+00,-3.811019407467499676e+00,-2.724672983119969527e-01
5.163194444444444420e-01,1.858750000000000000e+02,7.073515245020388642e-01,2.683147251822675175e-02,5.385729761454389752e-01,2.614008431050538275e-03,-5.690117378540858972e+00,-1.003839692287473051e+00,-3.798829064825563151e+00,-2.678127352433304909e-01
5.166666666666667185e-01,1.860000000000000284e+02,7.053775401023767433e-01,2.648398104976639605e-02,5.372560492578892788e-01,2.521826805949235317e-03,-5.679970505997933294e+00,-9.977092999711790755e-01,-3.786676024514560979e+00,-2.631524759732358221e-01
5.170138888888888840e-01,1.861250000000000000e+02,7.034071437739243260e-01,2.613862013357523204e-02,5.359433356999042664e-01,2.431264315351714181e-03,-5.669450088375983299e+00,-9.915677112168758134e-01,-3.774560286534499376e+00,-2.584865205017163325e-01
5.173611111111111605e-01,1.862500000000000284e+02,7.014404652198330536e-01,2.579539365730532108e-02,5.346348225192851800e-01,2.342322937105588421e-03,-5.658556125675004544e+00,-9.854149260245609332e-01,-3.762481850885373458e+00,-2.538148688287700239e-01
5.177083333333333259e-01,1.863750000000000000e+02,6.994776340715108676e-01,2.545430550860892233e-02,5.333304967638345939e-01,2.255004649058739603e-03,-5.647292661723057883e+00,-9.792509443942373215e-01,-3.750440717567190774e+00,-2.491375209543993663e-01
5.180555555555556024e-01,1.865000000000000284e+02,6.975187496937578224e-01,2.511535957513775716e-02,5.320303454813529731e-01,2.169311429058697147e-03,-5.635876460424100287e+00,-9.730757663258997603e-01,-3.738436886579938445e+00,-2.444544768786005573e-01
5.184027777777777679e-01,1.866250000000000000e+02,6.955638343724015460e-01,2.477855974454435881e-02,5.307343557196434469e-01,2.085245254953336982e-03,-5.624430896885018960e+00,-9.668893918195552439e-01,-3.726470357923632459e+00,-2.397657366013782876e-01
5.187500000000000444e-01,1.867500000000000284e+02,6.936128983026620398e-01,2.444390990448049722e-02,5.294425145265067023e-01,2.002808104590277864e-03,-5.612955971105801467e+00,-9.606918208751976662e-01,-3.714541131598259494e+00,-2.350713001227280885e-01
5.190972222222222099e-01,1.868750000000000000e+02,6.916659516797630802e-01,2.411141394259838991e-02,5.281548089497452025e-01,1.922001955817396589e-03,-5.601451683086457578e+00,-9.544830534928304688e-01,-3.702649207603827541e+00,-2.303711674426532907e-01
5.194444444444444864e-01,1.870000000000000284e+02,6.897230046989260011e-01,2.378107574655002540e-02,5.268712260371600786e-01,1.842828786482141046e-03,-5.589918032826979299e+00,-9.482630896724516534e-01,-3.690794585940332162e+00,-2.256653385611514517e-01
5.197916666666666519e-01,1.871250000000000000e+02,6.877840675553741345e-01,2.345289920398771488e-02,5.255917528365540159e-01,1.765290574432470212e-03,-5.578355020327376401e+00,-9.420319294140646615e-01,-3.678977266607779129e+00,-2.209538134782255692e-01
5.201388888888889284e-01,1.872500000000000000e+02,6.858491504443284814e-01,2.312688820256319708e-02,5.243163763957275902e-01,1.689389297516006531e-03,-5.566762645587637337e+00,-9.357895727176642753e-01,-3.667197249606160003e+00,-2.162365921938717572e-01
5.204861111111110938e-01,1.873750000000000000e+02,6.839182635610122629e-01,2.280304662992885950e-02,5.230450837624835980e-01,1.615126933580450291e-03,-5.555140908607770989e+00,-9.295360195832546024e-01,-3.655454534935480559e+00,-2.115136747080931523e-01
5.208333333333333703e-01,1.875000000000000000e+02,6.819914171006470349e-01,2.248137837373661782e-02,5.217778619846229482e-01,1.542505460473508287e-03,-5.543489809387769363e+00,-9.232712700108332005e-01,-3.643749122595737688e+00,-2.067850610208877005e-01
5.211805555555555358e-01,1.876250000000000000e+02,6.800686212584562407e-01,2.216188732163875200e-02,5.205146981099483261e-01,1.471526856042882758e-03,-5.531809347927644893e+00,-9.169953240004035111e-01,-3.632081012586937163e+00,-2.020507511322578720e-01
5.215277777777778123e-01,1.877500000000000000e+02,6.781498862296605479e-01,2.184457736128709790e-02,5.192555791862605297e-01,1.402193098136452886e-03,-5.520099524227383370e+00,-9.107081815519607604e-01,-3.620450204909071434e+00,-1.973107450422005305e-01
5.218749999999999778e-01,1.878750000000000000e+02,6.762352222094833998e-01,2.152945238033386263e-02,5.180004922613620222e-01,1.334506164601749825e-03,-5.508360338286993674e+00,-9.044098426655085010e-01,-3.608856699562145387e+00,-1.925650427507182849e-01
5.222222222222222543e-01,1.880000000000000000e+02,6.743246393931463523e-01,2.121651626643116656e-02,5.167494243830540457e-01,1.268468033286563636e-03,-5.496591790106472253e+00,-8.981003073410445126e-01,-3.597300496546155912e+00,-1.878136442578086929e-01
5.225694444444444198e-01,1.881250000000000000e+02,6.724181479758722935e-01,2.090577290723106413e-02,5.155023625991388414e-01,1.204080682038599377e-03,-5.484793879685821771e+00,-8.917795755785712375e-01,-3.585781595861107007e+00,-1.830565495634745021e-01
5.229166666666666963e-01,1.882500000000000000e+02,6.705157581528828903e-01,2.059722619038562366e-02,5.142592939574175404e-01,1.141346088705561023e-03,-5.472966607025037789e+00,-8.854476473780857892e-01,-3.574299997506993787e+00,-1.782937586677135200e-01
5.232638888888888618e-01,1.883750000000000000e+02,6.686174801194013639e-01,2.029088000354703145e-02,5.130202055056929389e-01,1.080266231135237984e-03,-5.461109972124129186e+00,-8.791045227395923867e-01,-3.562855701483824244e+00,-1.735252715705284943e-01
5.236111111111111382e-01,1.885000000000000000e+02,6.667233240706487152e-01,1.998673823436714417e-02,5.117850842917656129e-01,1.020843087175335754e-03,-5.449223974983084418e+00,-8.727502016630858117e-01,-3.551448707791587278e+00,-1.687510882719155669e-01
5.239583333333333037e-01,1.886250000000000000e+02,6.648333002018481652e-01,1.968480477049829383e-02,5.105539173634382477e-01,9.630786346734735229e-04,-5.437308615601913253e+00,-8.663846841485699501e-01,-3.540079016430291325e+00,-1.639712087718777911e-01
5.243055555555555802e-01,1.887500000000000000e+02,6.629474187082213810e-01,1.938508349959246549e-02,5.093266917685117523e-01,9.069748514774392907e-04,-5.425363893980607699e+00,-8.600079701960419154e-01,-3.528746627399931501e+00,-1.591856330704129463e-01
5.246527777777777457e-01,1.888750000000000000e+02,6.610656897849915836e-01,1.908757830930179339e-02,5.081033945547889230e-01,8.525337154349383337e-04,-5.413389810119175749e+00,-8.536200598055058153e-01,-3.517451540700514911e+00,-1.543943611675240579e-01
5.250000000000000222e-01,1.890000000000000000e+02,6.591881236273796629e-01,1.879229308727825565e-02,5.068840127700705578e-01,7.997572043936760364e-04,-5.401386364017609409e+00,-8.472209529769568759e-01,-3.506193756332030897e+00,-1.495973930632075455e-01
5.253472222222221877e-01,1.891250000000000000e+02,6.573147304306087291e-01,1.849923172117398998e-02,5.056685334621588979e-01,7.486472962013559400e-04,-5.389353555675914897e+00,-8.408106497103983168e-01,-3.494973274294488785e+00,-1.447947287574661568e-01
5.256944444444444642e-01,1.892500000000000000e+02,6.554455203899008930e-01,1.820839809864111675e-02,5.044569436788554073e-01,6.992059687057697315e-04,-5.377291385094086884e+00,-8.343891500058279176e-01,-3.483790094587882358e+00,-1.399863682502977269e-01
5.260416666666667407e-01,1.893750000000000284e+02,6.535805037004781548e-01,1.791979610733169734e-02,5.032492304679619943e-01,6.514351997545329148e-04,-5.365199852272128034e+00,-8.279564538632466775e-01,-3.472644217212213391e+00,-1.351723115417032828e-01
5.263888888888889062e-01,1.895000000000000000e+02,6.517196905575639576e-01,1.763342963489792151e-02,5.020453808772810111e-01,6.053369671955251058e-04,-5.353078957210044564e+00,-8.215125612826577051e-01,-3.461535642167488103e+00,-1.303525586316847951e-01
5.267361111111111827e-01,1.896250000000000284e+02,6.498630911563784140e-01,1.734930256899164594e-02,5.008453819546128116e-01,5.609132488762756143e-04,-5.340928699907823152e+00,-8.150574722640541170e-01,-3.450464369453694058e+00,-1.255271095202376563e-01
5.270833333333333481e-01,1.897500000000000000e+02,6.480107156921462996e-01,1.706741879726526856e-02,4.996492207477609138e-01,5.181660226445777536e-04,-5.328749080365478008e+00,-8.085911868074436848e-01,-3.439430399070844580e+00,-1.206959642073675010e-01
5.274305555555556246e-01,1.898750000000000284e+02,6.461625743600879490e-01,1.678778220737050728e-02,4.984568843045255604e-01,4.770972663481334386e-04,-5.316540098582997587e+00,-8.021137049128200802e-01,-3.428433731018929898e+00,-1.158591226930694718e-01
5.277777777777777901e-01,1.900000000000000000e+02,6.443186773554265834e-01,1.651039668695976001e-02,4.972683596727093813e-01,4.377089578347341395e-04,-5.304301754560389881e+00,-7.956250265801869670e-01,-3.417474365297955341e+00,-1.110165849773463304e-01
5.281250000000000666e-01,1.901250000000000284e+02,6.424790348733838696e-01,1.623526612368494937e-02,4.960836339001134521e-01,4.000030749519973118e-04,-5.292034048297647786e+00,-7.891251518095421247e-01,-3.406552301907916913e+00,-1.061683510601963837e-01
5.284722222222222321e-01,1.902500000000000000e+02,6.406436571091831400e-01,1.596239440519833797e-02,4.949026940345406245e-01,3.639815955477162146e-04,-5.279736979794780183e+00,-7.826140806008892170e-01,-3.395667540848820831e+00,-1.013144209416229069e-01
5.288194444444445086e-01,1.903750000000000284e+02,6.388125542580450622e-01,1.569178541915177902e-02,4.937255271237914189e-01,3.296464974695909739e-04,-5.267410549051779078e+00,-7.760918129542230259e-01,-3.384820082120659102e+00,-9.645479462162102890e-02
5.291666666666666741e-01,1.905000000000000000e+02,6.369857365151933015e-01,1.542344305319746749e-02,4.925521202156684653e-01,2.969997585652440868e-04,-5.255054756068648025e+00,-7.695583488695475483e-01,-3.374009925723437942e+00,-9.158947210019426077e-02
5.295138888888889506e-01,1.906250000000000284e+02,6.351632140758490808e-01,1.515737119498745955e-02,4.913824603579729500e-01,2.660433566825482301e-04,-5.242669600845384359e+00,-7.630136883468601194e-01,-3.363237071657152022e+00,-8.671845337734071513e-02
5.298611111111111160e-01,1.907500000000000000e+02,6.333449971352360652e-01,1.489357373217395364e-02,4.902165345985073364e-01,2.367792696691242206e-04,-5.230255083381995185e+00,-7.564578313861646253e-01,-3.352501519921809781e+00,-8.184173845306338957e-02
5.302083333333333925e-01,1.908750000000000284e+02,6.315310958885748116e-01,1.463205455240893307e-02,4.890543299850723669e-01,2.092094753727618476e-04,-5.217811203678469845e+00,-7.498907779874559587e-01,-3.341803270517401003e+00,-7.695932732735789872e-02
5.305555555555555580e-01,1.910000000000000000e+02,6.297215205310887631e-01,1.437281754334446271e-02,4.878958335654706158e-01,1.833359516410785128e-04,-5.205337961734818109e+00,-7.433125281507378945e-01,-3.331142323443933684e+00,-7.207122000022726793e-02
5.309027777777778345e-01,1.911250000000000284e+02,6.279162812579995867e-01,1.411586659263266638e-02,4.867410323875034361e-01,1.591606763217794920e-04,-5.192835357551031983e+00,-7.367230818760077682e-01,-3.320518678701399828e+00,-6.717741647167012331e-02
5.312500000000000000e-01,1.912500000000000000e+02,6.261153882645300595e-01,1.386120558792573211e-02,4.855899134989729582e-01,1.366856272627426120e-04,-5.180303391127117685e+00,-7.301224391632685773e-01,-3.309932336289808763e+00,-6.227791674168782488e-02
5.315972222222222765e-01,1.913750000000000284e+02,6.243188517459018483e-01,1.360883841687552699e-02,4.844424639476804795e-01,1.159127823114972642e-04,-5.167742062463070774e+00,-7.235106000125173242e-01,-3.299383296209153826e+00,-5.737272081027874893e-02
5.319444444444444420e-01,1.915000000000000000e+02,6.225266818973383964e-01,1.335876896713443680e-02,4.832986707814284633e-01,9.684411931592123459e-05,-5.155151371558899243e+00,-7.168875644237580058e-01,-3.288871558459440791e+00,-5.246182867744587919e-02
5.322916666666667185e-01,1.916250000000000284e+02,6.207388889140603716e-01,1.311100112635418639e-02,4.821585210480177075e-01,7.948161612363189752e-05,-5.142531318414590658e+00,-7.102533323969856260e-01,-3.278397123040661665e+00,-4.754524034318485803e-02
5.326388888888888840e-01,1.917500000000000000e+02,6.189554829912911060e-01,1.286553878218716848e-02,4.810220017952506755e-01,6.382725058242253910e-05,-5.129881903030154788e+00,-7.036079039322035156e-01,-3.267959989952823552e+00,-4.262295580749896062e-02
5.329861111111111605e-01,1.918750000000000284e+02,6.171764743242522666e-01,1.262238582228531608e-02,4.798891000709287202e-01,4.988300053990877181e-05,-5.117203125405583641e+00,-6.969512790294097870e-01,-3.257560159195921123e+00,-3.769497507038627876e-02
5.333333333333333259e-01,1.920000000000000000e+02,6.154018731081670746e-01,1.238154613430081201e-02,4.787598029228543051e-01,3.765084384388044618e-05,-5.104494985540890539e+00,-6.902834576886079931e-01,-3.247197630769961929e+00,-3.276129813184953943e-02
5.336805555555556024e-01,1.921250000000000284e+02,6.136316895382564196e-01,1.214302360588558234e-02,4.776340973988280614e-01,2.713275834204460004e-05,-5.091757483436059495e+00,-6.836044399097929158e-01,-3.236872404674935311e+00,-2.782192499188492624e-02
5.340277777777777679e-01,1.922500000000000000e+02,6.118659338097437450e-01,1.190682212469189143e-02,4.765119705466527300e-01,1.833072188210483564e-05,-5.078990619091102054e+00,-6.769142256929684409e-01,-3.226584480910850594e+00,-2.287685565049542985e-02
5.343750000000000444e-01,1.923750000000000284e+02,6.101046161178504956e-01,1.167294557837172085e-02,4.753934094141294975e-01,1.124671231176302053e-05,-5.066194392506011113e+00,-6.702128150381321259e-01,-3.216333859477701118e+00,-1.792609010767887839e-02
5.347222222222222099e-01,1.925000000000000000e+02,6.083477466578001147e-01,1.144139785457727945e-02,4.742784010490605495e-01,5.882707478814169594e-06,-5.053368803680793775e+00,-6.635002079452877455e-01,-3.206120540375495320e+00,-1.296962836343853835e-02
5.350694444444444864e-01,1.926250000000000284e+02,6.065953356248131589e-01,1.121218284096041004e-02,4.731669324992471282e-01,2.240685230870457634e-06,-5.040513852615442048e+00,-6.567764044144300817e-01,-3.195944523604222098e+00,-8.007470417770048629e-03
5.354166666666666519e-01,1.927500000000000000e+02,6.048473932141131826e-01,1.098530442517344288e-02,4.720589908124915302e-01,3.226234156406560296e-07,-5.027629539309961260e+00,-6.500414044455631313e-01,-3.185805809163890778e+00,-3.039616270676682216e-03
5.357638888888889284e-01,1.928750000000000000e+02,6.031039296209218525e-01,1.076076649486837344e-02,4.709545630365949420e-01,1.304998810025725473e-07,-5.014715863764348747e+00,-6.432952080386842297e-01,-3.175704397054494699e+00,1.933934077843469301e-03
5.361111111111110938e-01,1.930000000000000000e+02,6.013649550404619459e-01,1.053857293769725791e-02,4.698536362193596605e-01,1.666292474570108920e-06,-5.001772825978606285e+00,-6.365378151937960416e-01,-3.165640287276038745e+00,6.913180627788498810e-03
5.364583333333333703e-01,1.931250000000000000e+02,5.996304796679550186e-01,1.031872764131222357e-02,4.687561974085870942e-01,4.931979043962341936e-06,-4.988800425952732098e+00,-6.297692259108959023e-01,-3.155613479828519363e+00,1.189812337916031255e-02
5.368055555555555358e-01,1.932500000000000000e+02,5.979005136986246249e-01,1.010123449336546020e-02,4.676622336520794843e-01,9.929537437058804132e-06,-4.975798663686731516e+00,-6.229894401899876977e-01,-3.145623974711942772e+00,1.688876233195618984e-02
5.371527777777778123e-01,1.933750000000000000e+02,5.961750673276913215e-01,9.886096777201383579e-03,4.665717319976378508e-01,1.666094550156309035e-05,-4.962767539180595655e+00,-6.162043388400058053e-01,-3.135671771926299645e+00,2.188509748618020986e-02
5.374999999999999778e-01,1.935000000000000000e+02,5.944541507503786626e-01,9.673314383750492018e-03,4.654846794930645459e-01,2.512818108500458343e-05,-4.949707052434331622e+00,-6.094228681969832140e-01,-3.125756871471597975e+00,2.688712884182883900e-02
5.378472222222222543e-01,1.936250000000000000e+02,5.927377741619080931e-01,9.462886020981288102e-03,4.644010631861608673e-01,3.533322203534733808e-05,-4.936617203447934976e+00,-6.026451221133366509e-01,-3.115879273347832434e+00,3.189485639890451973e-02
5.381944444444444198e-01,1.937500000000000000e+02,5.910259477575030562e-01,9.254810395644139445e-03,4.633208701247292782e-01,4.727804620021042946e-05,-4.923497992221412822e+00,-5.958711005890703349e-01,-3.106038977555008351e+00,3.690828015740413998e-02
5.385416666666666963e-01,1.938750000000000000e+02,5.893186817323843307e-01,9.049086214489000801e-03,4.622440873565706321e-01,6.096463142721120476e-05,-4.910349418754755391e+00,-5.891008036241788259e-01,-3.096235984093118176e+00,4.192740011733162020e-02
5.388888888888888618e-01,1.940000000000000000e+02,5.876159862817751378e-01,8.845712184266250194e-03,4.611707019294873366e-01,7.639495556422747720e-05,-4.897171483047969787e+00,-5.823342312186661207e-01,-3.086470292962169903e+00,4.695221627868398362e-02
5.392361111111111382e-01,1.941250000000000000e+02,5.859178716008971444e-01,8.644687011726121667e-03,4.601007008912807450e-01,9.357099645887659398e-05,-4.883964185101050681e+00,-5.755713833725294437e-01,-3.076741904162156871e+00,5.198272864146327027e-02
5.395833333333333037e-01,1.942500000000000000e+02,5.842243478849736826e-01,8.446009403618774669e-03,4.590340712897532094e-01,1.124947319589483921e-04,-4.870727524914006068e+00,-5.688122600857729028e-01,-3.067050817693085740e+00,5.701893720566660745e-02
5.399305555555555802e-01,1.943750000000000000e+02,5.825354253292255313e-01,8.249678066694384262e-03,4.579708001727056388e-01,1.331681399120619670e-04,-4.857461502486825289e+00,-5.620568613583911688e-01,-3.057397033554950294e+00,6.206084197129783930e-02
5.402777777777777457e-01,1.945000000000000000e+02,5.808511141288762447e-01,8.055691707703318064e-03,4.569108745879404965e-01,1.555931981660088430e-04,-4.844166117819518114e+00,-5.553051871903881276e-01,-3.047780551747754529e+00,6.710844293835380170e-02
5.406250000000000222e-01,1.946250000000000000e+02,5.791714244791470456e-01,7.864049033395605418e-03,4.558542815832590245e-01,1.797718845684909486e-04,-4.830841370912077437e+00,-5.485572375817615587e-01,-3.038201372271494449e+00,7.216174010683681916e-02
5.409722222222221877e-01,1.947500000000000000e+02,5.774963665752612663e-01,7.674748750521547154e-03,4.548010082064636306e-01,2.057061769672135598e-04,-4.817487261764507700e+00,-5.418130125325135715e-01,-3.028659495126175383e+00,7.722073347674499044e-02
5.413194444444444642e-01,1.948750000000000000e+02,5.758259506124402405e-01,7.487789565831377316e-03,4.537510415053553348e-01,2.333980532099682280e-04,-4.804103790376806238e+00,-5.350725120426416126e-01,-3.019154920311792001e+00,8.228542304807980046e-02
5.416666666666667407e-01,1.950000000000000284e+02,5.741601867859065234e-01,7.303170186075334282e-03,4.527043685277363227e-01,2.628494911442843716e-04,-4.790690956748973051e+00,-5.283357361121473472e-01,-3.009687647828347412e+00,8.735580882084073573e-02
5.420138888888889062e-01,1.951250000000000000e+02,5.724990852908832251e-01,7.120889318003579237e-03,4.516609763214085582e-01,2.940624686180415520e-04,-4.777248760881015244e+00,-5.216026847410328848e-01,-3.000257677675845169e+00,9.243189079502517336e-02
5.423611111111111827e-01,1.952500000000000284e+02,5.708426563225912354e-01,6.940945668366352295e-03,4.506208519341732832e-01,3.270389634790295047e-04,-4.763777202772919495e+00,-5.148733579292934515e-01,-2.990865009854276835e+00,9.751366897063774852e-02
5.427083333333333481e-01,1.953750000000000000e+02,5.691909100762537754e-01,6.763337943913883162e-03,4.495839824138325724e-01,3.617809535746931886e-04,-4.750276282424699126e+00,-5.081477556769327109e-01,-2.981509644363649070e+00,1.026011433476754914e-01
5.430555555555556246e-01,1.955000000000000284e+02,5.675438567470925122e-01,6.588064851396337358e-03,4.485503548081878344e-01,3.982904167529966247e-04,-4.736745999836343479e+00,-5.014258779839482205e-01,-2.972191581203957433e+00,1.076943139261400118e-01
5.434027777777777901e-01,1.956250000000000000e+02,5.659015065303305558e-01,6.415125097564022653e-03,4.475199561650415325e-01,4.365693308615571601e-04,-4.723186355007864101e+00,-4.947077248503439217e-01,-2.962910820375207699e+00,1.127931807060281871e-01
5.437500000000000666e-01,1.957500000000000284e+02,5.642638696211891292e-01,6.244517389167032577e-03,4.464927735321946867e-01,4.766196737480784444e-04,-4.709597347939247669e+00,-4.879932962761143744e-01,-2.953667361877393649e+00,1.178977436873447915e-01
5.440972222222222321e-01,1.958750000000000000e+02,5.626309562148912313e-01,6.076240432955671428e-03,4.454687939574494826e-01,5.184434232603519479e-04,-4.695978978630503953e+00,-4.812825922612635199e-01,-2.944461205710518392e+00,1.230080028700858558e-01
5.444444444444445086e-01,1.960000000000000284e+02,5.610027765066585292e-01,5.910292935680105594e-03,4.444480044886073289e-01,5.620425572459967524e-04,-4.682331247081626735e+00,-4.745756128057887491e-01,-2.935292351874580152e+00,1.281239582542541278e-01
5.447916666666666741e-01,1.961250000000000000e+02,5.593793406917140221e-01,5.746673604090569987e-03,4.434303921734703557e-01,6.074190535528010753e-04,-4.668654153292621345e+00,-4.678723579096927820e-01,-2.926160800369582038e+00,1.332456098398469846e-01
5.451388888888889506e-01,1.962500000000000284e+02,5.577606589652792657e-01,5.585381144937296045e-03,4.424159440598400272e-01,6.545748900284718190e-04,-4.654947697263483342e+00,-4.611728275729730098e-01,-2.917066551195520940e+00,1.383729576268670214e-01
5.454861111111111160e-01,1.963750000000000000e+02,5.561467415225775923e-01,5.426414264970523885e-03,4.414046471955186957e-01,7.035120445207110069e-04,-4.641211878994219830e+00,-4.544770217956334291e-01,-2.908009604352400412e+00,1.435060016153108520e-01
5.458333333333333925e-01,1.965000000000000284e+02,5.545375985588298917e-01,5.269771670940410352e-03,4.403964886283071034e-01,7.542324948772239149e-04,-4.627446698484820153e+00,-4.477849405776685443e-01,-2.898989959840216013e+00,1.486447418051827507e-01
5.461805555555555580e-01,1.966250000000000000e+02,5.529332402692592741e-01,5.115452069597199898e-03,4.393914554060079358e-01,8.067382189458020131e-04,-4.613652155735293192e+00,-4.410965839190826854e-01,-2.890007617658971295e+00,1.537891781964796090e-01
5.465277777777778345e-01,1.967500000000000284e+02,5.513336768490876283e-01,4.963454167691119627e-03,4.383895345764223239e-01,8.610311945740609140e-04,-4.599828250745632729e+00,-4.344119518198725216e-01,-2.881062577808662706e+00,1.589393107892032586e-01
5.468750000000000000e-01,1.968750000000000000e+02,5.497389184935379536e-01,4.813776671972407918e-03,4.373907131873526200e-01,9.171133996097078451e-04,-4.585974983515847647e+00,-4.277310442800427714e-01,-2.872154840289295574e+00,1.640951395833507021e-01
5.472222222222222765e-01,1.970000000000000284e+02,5.481489753978314727e-01,4.666418289191159169e-03,4.363949782865998439e-01,9.749868119006188443e-04,-4.572092354045925511e+00,-4.210538612995878283e-01,-2.863284405100864571e+00,1.692566645789262969e-01
5.475694444444444420e-01,1.971250000000000000e+02,5.465638577571911849e-01,4.521377726097749669e-03,4.354023169219664036e-01,1.034653409294324740e-03,-4.558180362335875202e+00,-4.143804028785116333e-01,-2.854451272243372362e+00,1.744238857759267680e-01
5.479166666666667185e-01,1.972500000000000284e+02,5.449835757668387570e-01,4.378653689442272949e-03,4.344127161412535965e-01,1.096115169638702111e-03,-4.544239008385693168e+00,-4.077106690168115222e-01,-2.845655441716816725e+00,1.795968031743540028e-01
5.482638888888888840e-01,1.973750000000000000e+02,5.434081396219976323e-01,4.238244885975029838e-03,4.334261629922637193e-01,1.159374070781283303e-03,-4.530268292195385627e+00,-4.010446597144916026e-01,-2.836896913521204322e+00,1.847754167742051701e-01
5.486111111111111605e-01,1.975000000000000284e+02,5.418375595178884785e-01,4.100150022446191929e-03,4.324426445227978477e-01,1.224432090569946415e-03,-4.516268213764941919e+00,-3.943823749715464899e-01,-2.828175687656525383e+00,1.899597265754845166e-01
5.489583333333333259e-01,1.976250000000000000e+02,5.402718456497348498e-01,3.964367805605991529e-03,4.314621477806582783e-01,1.291291206852394988e-03,-4.502238773094370039e+00,-3.877238147879801256e-01,-2.819491764122787014e+00,1.951497325781885728e-01
5.493055555555556024e-01,1.977500000000000284e+02,5.387110082127580801e-01,3.830896942204593727e-03,4.304846598136464197e-01,1.359953397476332563e-03,-4.488179970183665546e+00,-3.810689791637898449e-01,-2.810845142919984774e+00,2.003454347823195869e-01
5.496527777777777679e-01,1.978750000000000000e+02,5.371550574021812796e-01,3.699736138992303254e-03,4.295101676695644022e-01,1.430420640289378331e-03,-4.474091805032832880e+00,-3.744178680989784791e-01,-2.802235824048123103e+00,2.055468331878755606e-01
5.500000000000000444e-01,1.980000000000000284e+02,5.356040034132258931e-01,3.570884102719282596e-03,4.285386583962134677e-01,1.502694913139321917e-03,-4.459974277641867602e+00,-3.677704815935431415e-01,-2.793663807507198005e+00,2.107539277948584922e-01
5.503472222222222099e-01,1.981250000000000000e+02,5.340578564411153639e-01,3.444339540135769265e-03,4.275701190413961905e-01,1.576778193873953383e-03,-4.445827388010776815e+00,-3.611268196474878844e-01,-2.785129093297213476e+00,2.159667186032652453e-01
5.506944444444444864e-01,1.982500000000000284e+02,5.325166266810704707e-01,3.320101157991928349e-03,4.266045366529133687e-01,1.652672460340893221e-03,-4.431651136139548974e+00,-3.544868822608075454e-01,-2.776631681418165076e+00,2.211852056130999555e-01
5.510416666666666519e-01,1.983750000000000000e+02,5.309803243283145457e-01,3.198167663038063279e-03,4.256418982785674654e-01,1.730379690387843670e-03,-4.417445522028194738e+00,-3.478506694335058436e-01,-2.768171571870056802e+00,2.264093888243595420e-01
5.513888888888889284e-01,1.985000000000000000e+02,5.294489595780692559e-01,3.078537762024270621e-03,4.246821909661597227e-01,1.809901861862594575e-03,-4.403210545676706111e+00,-3.412181811655804475e-01,-2.759748764652884656e+00,2.316392682370460865e-01
5.517361111111110938e-01,1.986250000000000000e+02,5.279225426255578224e-01,2.961210161700922328e-03,4.237254017634925485e-01,1.891240952612766426e-03,-4.388946207085093754e+00,-3.345894174570351876e-01,-2.751363259766653968e+00,2.368748438511566745e-01
5.520833333333333703e-01,1.987500000000000000e+02,5.264010836660011350e-01,2.846183568818114965e-03,4.227715177183669626e-01,1.974398940486235370e-03,-4.374652506253344342e+00,-3.279643783078646790e-01,-2.743015057211358521e+00,2.421161156666949976e-01
5.524305555555555358e-01,1.988750000000000000e+02,5.248845928946225259e-01,2.733456690126084311e-03,4.218205258785852063e-01,2.059377803330532559e-03,-4.360329443181466758e+00,-3.213430637180728633e-01,-2.734704156987002310e+00,2.473630836836581970e-01
5.527777777777778123e-01,1.990000000000000000e+02,5.233730805066435510e-01,2.623028232375063541e-03,4.208724132919486327e-01,2.146179518993534575e-03,-4.345977017869456560e+00,-3.147254736876572423e-01,-2.726430559093583561e+00,2.526157479020484375e-01
5.531249999999999778e-01,1.991250000000000000e+02,5.218665566972874315e-01,2.514896902315287997e-03,4.199271670062597606e-01,2.234806065322859740e-03,-4.331595230317320855e+00,-3.081116082166217574e-01,-2.718194263531106269e+00,2.578741083218626939e-01
5.534722222222222543e-01,1.992500000000000000e+02,5.203650316617749461e-01,2.409061406696925371e-03,4.189847740693192768e-01,2.325259420166299849e-03,-4.317184080525047207e+00,-3.015014673049597471e-01,-2.709995270299562442e+00,2.631381649431057679e-01
5.538194444444444198e-01,1.993750000000000000e+02,5.188685155953302042e-01,2.305520452270275189e-03,4.180452215289300333e-01,2.417541561371470624e-03,-4.302743568492649828e+00,-2.948950509526791497e-01,-2.701833579398961849e+00,2.684079177657717752e-01
5.541666666666666963e-01,1.995000000000000000e+02,5.173770186931737625e-01,2.204272745785437054e-03,4.171084964328928835e-01,2.511654466786251462e-03,-4.288273694220118948e+00,-2.882923591597734703e-01,-2.693709190829296052e+00,2.736833667898656008e-01
5.545138888888888618e-01,1.996250000000000000e+02,5.158905511505290642e-01,2.105316993992712663e-03,4.161745858290102351e-01,2.607600114258171783e-03,-4.273774457707458119e+00,-2.816933919262465946e-01,-2.685622104590569936e+00,2.789645120153844138e-01
5.548611111111111382e-01,1.997500000000000000e+02,5.144091231626175542e-01,2.008651903642269271e-03,4.152434767650832748e-01,2.705380481635023815e-03,-4.259245858954663788e+00,-2.750981492520956362e-01,-2.677572320682780393e+00,2.842513534423301569e-01
5.552083333333333037e-01,1.998750000000000000e+02,5.129327449246625648e-01,1.914276181484339187e-03,4.143151562889145767e-01,2.804997546764511750e-03,-4.244687897961746614e+00,-2.685066311373249248e-01,-2.669559839105933641e+00,2.895438910706997215e-01
5.555555555555555802e-01,2.000000000000000000e+02,5.114614266318850966e-01,1.822188534269160573e-03,4.133896114483049389e-01,2.906453287494512386e-03,-4.230100574728691498e+00,-2.619188375819290759e-01,-2.661584659860021240e+00,2.948421249004974931e-01
5.559027777777777457e-01,2.001250000000000000e+02,5.099951784795082599e-01,1.732387668746963568e-03,4.124668292910567691e-01,3.009749681672470138e-03,-4.215483889255509098e+00,-2.553347685859119198e-01,-2.653646782945048077e+00,3.001460549317199189e-01
5.562500000000000222e-01,2.002500000000000000e+02,5.085340106627538326e-01,1.644872291667916295e-03,4.115467968649713648e-01,3.114888707146349842e-03,-4.200837841542193196e+00,-2.487544241492708474e-01,-2.645746208361012375e+00,3.054556811643694969e-01
5.565972222222222987e-01,2.003750000000000284e+02,5.070779333768443697e-01,1.559641109782255401e-03,4.106295012178507453e-01,3.221872341763683516e-03,-4.186162431588746458e+00,-2.421778042720073298e-01,-2.637882936107914578e+00,3.107710035984448393e-01
5.569444444444444642e-01,2.005000000000000000e+02,5.056269568170026485e-01,1.476692829840210806e-03,4.097149293974970963e-01,3.330702563372257754e-03,-4.171457659395175099e+00,-2.356049089541238928e-01,-2.630056966185759126e+00,3.160920222339440033e-01
5.572916666666667407e-01,2.006250000000000284e+02,5.041810911784497806e-01,1.396026158591950851e-03,4.088030684517113822e-01,3.441381349819781516e-03,-4.156723524961467575e+00,-2.290357381956154015e-01,-2.622268298594537139e+00,3.214187370708712077e-01
5.576388888888889062e-01,2.007500000000000000e+02,5.027403466564089873e-01,1.317639802787779185e-03,4.078939054282957888e-01,3.553910678954042696e-03,-4.141960028287632767e+00,-2.224702919964855752e-01,-2.614516933334256166e+00,3.267511481092233439e-01
5.579861111111111827e-01,2.008750000000000284e+02,5.013047334461017135e-01,1.241532469177791722e-03,4.069874273750519467e-01,3.668292528622660916e-03,-4.127167169373664457e+00,-2.159085703567318326e-01,-2.606802870404912209e+00,3.320892553490024657e-01
5.583333333333333481e-01,2.010000000000000000e+02,4.998742617427511248e-01,1.167702864512361284e-03,4.060836213397818195e-01,3.784528876673427106e-03,-4.112344948219567087e+00,-2.093505732763570604e-01,-2.599126109806507490e+00,3.374330587902064638e-01
5.586805555555556246e-01,2.011250000000000284e+02,4.984489417415788326e-01,1.096149695541516348e-03,4.051824743702868159e-01,3.902621700954043288e-03,-4.097493364825338880e+00,-2.027963007553581776e-01,-2.591486651539039787e+00,3.427825584328372255e-01
5.590277777777777901e-01,2.012500000000000000e+02,4.970287836378077806e-01,1.026871669015626482e-03,4.042839735143693436e-01,4.022572979312129954e-03,-4.082612419190984276e+00,-1.962457527937396806e-01,-2.583884495602513542e+00,3.481377542768918643e-01
5.593750000000000666e-01,2.013750000000000284e+02,4.956137976266592471e-01,9.598674916848613271e-04,4.033881058198302560e-01,4.144384689595560431e-03,-4.067702111316492619e+00,-1.896989293914957964e-01,-2.576319641996922094e+00,3.534986463223746544e-01
5.597222222222222321e-01,2.015000000000000000e+02,4.942039939033564533e-01,8.951358702993835858e-04,4.024948583344720165e-01,4.268058809651870643e-03,-4.052762441201875454e+00,-1.831558305486307159e-01,-2.568792090722271215e+00,3.588652345692822099e-01
5.600694444444445086e-01,2.016250000000000284e+02,4.927993826631207885e-01,8.326755116094975567e-04,4.016042181060958116e-01,4.393597317329023255e-03,-4.037793408847123011e+00,-1.766164562651418579e-01,-2.561301841778556465e+00,3.642375190176168620e-01
5.604166666666666741e-01,2.017500000000000000e+02,4.913999741011758071e-01,7.724851223653693031e-04,4.007161721825041600e-01,4.521002190474461384e-03,-4.022795014252246837e+00,-1.700808065410330527e-01,-2.553848895165782729e+00,3.696154996673751691e-01
5.607638888888889506e-01,2.018750000000000284e+02,4.900057784127421767e-01,7.145634093171649966e-04,3.998307076114980818e-01,4.650275406936147694e-03,-4.007767257417233608e+00,-1.635488813762990268e-01,-2.546433250883945121e+00,3.749991765185615722e-01
5.611111111111111160e-01,2.020000000000000000e+02,4.886168057930433406e-01,6.589090792151872013e-04,3.989478114408797071e-01,4.781418944561618978e-03,-3.992710138342092652e+00,-1.570206807709438879e-01,-2.539054908933046750e+00,3.803885495711728515e-01
5.614583333333333925e-01,2.021250000000000284e+02,4.872330664373007991e-01,6.055208388096692011e-04,3.980674707184506667e-01,4.914434781198660090e-03,-3.977623657026819082e+00,-1.504962047249647217e-01,-2.531713869313085841e+00,3.857836188252112830e-01
5.618055555555555580e-01,2.022500000000000000e+02,4.858545705407378845e-01,5.543973948507117900e-04,3.971896724920130906e-01,5.049324894694977826e-03,-3.962507813471420004e+00,-1.439754532383658858e-01,-2.524410132024065501e+00,3.911843842806731475e-01
5.621527777777778345e-01,2.023750000000000284e+02,4.844813282985755420e-01,5.055374540886139545e-04,3.963144038093679988e-01,5.186091262898363981e-03,-3.947362607675885648e+00,-1.374584263111417737e-01,-2.517143697065980401e+00,3.965908459375634409e-01
5.625000000000000000e-01,2.025000000000000000e+02,4.831133499060368819e-01,4.589397232736125020e-04,3.954416517183176882e-01,5.324735863656435142e-03,-3.932188039640222676e+00,-1.309451239432962988e-01,-2.509914564438835427e+00,4.020030037958782221e-01
5.628472222222222765e-01,2.026250000000000284e+02,4.817506455583437930e-01,4.146029091558719234e-04,3.945714032666637894e-01,5.465260674816979636e-03,-3.916984109364426647e+00,-1.244355461348272268e-01,-2.502722734142627026e+00,4.074208578556203220e-01
5.631944444444444420e-01,2.027500000000000000e+02,4.803932254507188859e-01,3.725257184856291888e-04,3.937036455022080439e-01,5.607667674227708593e-03,-3.901750816848502446e+00,-1.179296928857367227e-01,-2.495568206177358750e+00,4.128444081167869650e-01
5.635416666666667185e-01,2.028750000000000284e+02,4.790410997783840497e-01,3.327068580130470004e-04,3.928383654727521934e-01,5.751958839736230795e-03,-3.886488162092445187e+00,-1.114275641960224411e-01,-2.488450980543027491e+00,4.182736545793809824e-01
5.638888888888888840e-01,2.030000000000000000e+02,4.776942787365623388e-01,2.951450344884311750e-04,3.919755502260983127e-01,5.898136149190345845e-03,-3.871196145096263752e+00,-1.049291600656883094e-01,-2.481371057239637246e+00,4.237085972433983216e-01
5.642361111111111605e-01,2.031250000000000284e+02,4.763527725204748653e-01,2.598389546619463120e-04,3.911151868100475881e-01,6.046201580437836863e-03,-3.855874765859945263e+00,-9.843448049472894312e-02,-2.474328436267181797e+00,4.291492361088440899e-01
5.645833333333333259e-01,2.032500000000000000e+02,4.750165913253446281e-01,2.267873252838257495e-04,3.902572622724022056e-01,6.196157111326327377e-03,-3.840524024383499047e+00,-9.194352548314835283e-02,-2.467323117625666917e+00,4.345955711757145123e-01
5.649305555555556024e-01,2.033750000000000284e+02,4.736857453463935719e-01,1.959888531043046955e-04,3.894017636609636290e-01,6.348004719703518976e-03,-3.825143920666918884e+00,-8.545629503094401280e-02,-2.460355101315088611e+00,4.400476024440119760e-01
5.652777777777777679e-01,2.035000000000000000e+02,4.723602447788446956e-01,1.674422448735510835e-04,3.885486780235340998e-01,6.501746383417202589e-03,-3.809734454710215878e+00,-7.897278913811961454e-02,-2.453424387335451318e+00,4.455053299137332612e-01
5.656250000000000444e-01,2.036250000000000284e+02,4.710400998179191112e-01,1.411462073417983599e-04,3.876979924079146933e-01,6.657384080315081540e-03,-3.794295626513374931e+00,-7.249300780467006489e-02,-2.446530975686749709e+00,4.509687535848825868e-01
5.659722222222222099e-01,2.037500000000000000e+02,4.697253206588398733e-01,1.170994472592782362e-04,3.868496938619077619e-01,6.814919788244862622e-03,-3.778827436076406698e+00,-6.601695103059929126e-02,-2.439674866368987338e+00,4.564378734574566221e-01
5.663194444444444864e-01,2.038750000000000284e+02,4.684159174968289263e-01,9.530067137616208823e-05,3.860037694333145475e-01,6.974355485054253498e-03,-3.763329883399304965e+00,-5.954461881590478178e-02,-2.432856059382162428e+00,4.619126895314579206e-01
5.666666666666666519e-01,2.040000000000000000e+02,4.671119005271091029e-01,7.574858644274718117e-05,3.851602061699374580e-01,7.135693148590861214e-03,-3.747802968482078612e+00,-5.307601116059031815e-02,-2.426074554726278532e+00,4.673932018068828187e-01
5.670138888888889284e-01,2.041250000000000000e+02,4.658132799449014039e-01,5.844189920913414658e-05,3.843189911195773467e-01,7.298934756702657109e-03,-3.732246691324712984e+00,-4.661112806464932923e-02,-2.419330352401328099e+00,4.728794102837368674e-01
5.673611111111110938e-01,2.042500000000000000e+02,4.645200659454298275e-01,4.337931642569270826e-05,3.834801113300370101e-01,7.464082287237171036e-03,-3.716661051927224957e+00,-4.014996952808977393e-02,-2.412623452407321345e+00,4.783713149620136829e-01
5.677083333333333703e-01,2.043750000000000000e+02,4.632322687239150416e-01,3.055954484252351131e-05,3.826435538491174126e-01,7.631137718042197392e-03,-3.701046050289600764e+00,-3.369253555090507418e-02,-2.405953854744249387e+00,4.838689158417184832e-01
5.680555555555555358e-01,2.045000000000000000e+02,4.619498984755804338e-01,1.998129120985827752e-05,3.818093057246207400e-01,7.800103026965430827e-03,-3.685401686411850619e+00,-2.723882613309905332e-02,-2.399321559412116667e+00,4.893722129228480489e-01
5.684027777777778123e-01,2.046250000000000000e+02,4.606729653956475046e-01,1.164326227793046171e-05,3.809773540043484008e-01,7.970980191854501809e-03,-3.669727960293965197e+00,-2.078884127466927231e-02,-2.392726566410921407e+00,4.948812062054048777e-01
5.687499999999999778e-01,2.047500000000000000e+02,4.594014796793394195e-01,5.544164796909697281e-06,3.801476857361027473e-01,8.143771190557274123e-03,-3.654024871935956043e+00,-1.434258097561954756e-02,-2.386168875740667161e+00,5.003958956893852505e-01
5.690972222222222543e-01,2.048750000000000000e+02,4.581354515218773460e-01,1.682705517163976686e-06,3.793202879676847439e-01,8.318478000921379970e-03,-3.638292421337809834e+00,-7.900045235944676628e-03,-2.379648487401348600e+00,5.059162813747939413e-01
5.694444444444444198e-01,2.050000000000000000e+02,4.568748911184844497e-01,5.759118872321855110e-08,3.784951477468967429e-01,8.495102600794597267e-03,-3.622530608499536786e+00,-1.461234055648482841e-03,-2.373165401392969720e+00,5.114423632616271753e-01
5.697916666666666963e-01,2.051250000000000000e+02,4.556198086643822309e-01,6.675285618915964263e-07,3.776722521215401529e-01,8.673646968024553011e-03,-3.606739433421128904e+00,4.973852565271473687e-03,-2.366719617715527413e+00,5.169741413498875060e-01
5.701388888888888618e-01,2.052500000000000000e+02,4.543702143547940220e-01,3.511224386902563679e-06,3.768515881394172151e-01,8.854113080458941853e-03,-3.590918896102597735e+00,1.140521462681126814e-02,-2.360311136369026119e+00,5.225116156395717137e-01
5.704861111111111382e-01,2.053750000000000000e+02,4.531261183849408236e-01,8.587385413922303326e-06,3.760331428483290606e-01,9.036502915945739470e-03,-3.575068996543929067e+00,1.783285212897630853e-02,-2.353939957353460954e+00,5.280547861306839064e-01
5.708333333333333037e-01,2.055000000000000000e+02,4.518875309500458015e-01,1.589471839318599378e-05,3.752169032960778194e-01,9.220818452332291831e-03,-3.559189734745133560e+00,2.425676507176257116e-02,-2.347606080668835027e+00,5.336036528232209752e-01
5.711805555555555802e-01,2.056250000000000000e+02,4.506544622453306781e-01,2.543193007492708943e-05,3.744028565304651224e-01,9.407061667466661350e-03,-3.543281110706204107e+00,3.067695345517269800e-02,-2.341309506315146560e+00,5.391582157171850298e-01
5.715277777777777457e-01,2.057500000000000000e+02,4.494269224660185080e-01,3.719772720937904170e-05,3.735909895992929886e-01,9.595234539196285939e-03,-3.527343124427150478e+00,3.709341727920267145e-02,-2.335050234292398219e+00,5.447184748125727394e-01
5.718750000000000222e-01,2.058750000000000000e+02,4.482049218073302921e-01,5.119081654670976030e-05,3.727812895503624935e-01,9.785339045369040659e-03,-3.511375775907957131e+00,4.350615654385926734e-02,-2.328828264600584230e+00,5.502844301093897661e-01
5.722222222222222987e-01,2.060000000000000284e+02,4.469884704644891960e-01,6.740990483715269155e-05,3.719737434314761004e-01,9.977377163832637508e-03,-3.495379065148635611e+00,4.991517124913697617e-02,-2.322643597239710811e+00,5.558560816076316691e-01
5.725694444444444642e-01,2.061250000000000000e+02,4.457775786327179968e-01,8.585369883087403417e-05,3.711683382904356066e-01,1.017135087243468614e-02,-3.479352992149190804e+00,5.632046139503461835e-02,-2.316496232209777073e+00,5.614334293072970050e-01
5.729166666666667407e-01,2.062500000000000284e+02,4.445722565072376953e-01,1.065209052781779584e-04,3.703650611750422539e-01,1.036726214902306854e-02,-3.463297556909608499e+00,6.272202698155741885e-02,-2.310386169510780352e+00,5.670164732083907699e-01
5.732638888888889062e-01,2.063750000000000000e+02,4.433725142832714017e-01,1.294102309292289145e-04,3.695638991330981171e-01,1.056511297144531458e-02,-3.447212759429898910e+00,6.911986800870147107e-02,-2.304313409142722424e+00,5.726052133109093001e-01
5.736111111111111827e-01,2.065000000000000284e+02,4.421783621560408939e-01,1.545203825343276238e-04,3.687648392124047159e-01,1.076490531754930105e-02,-3.431098599710055375e+00,7.551398447646930079e-02,-2.298277951105601513e+00,5.781996496148547049e-01
5.739583333333333481e-01,2.066250000000000000e+02,4.409898103207692266e-01,1.818500668435091641e-04,3.679678684607643468e-01,1.096664116518264800e-02,-3.414955077750088552e+00,8.190437638485707772e-02,-2.292279795399421616e+00,5.837997821202238757e-01
5.743055555555556246e-01,2.067500000000000284e+02,4.398068689726775671e-01,2.113979906072071255e-04,3.671729739259780301e-01,1.117032249219314724e-02,-3.398782193549983788e+00,8.829104373387004767e-02,-2.286318942024177403e+00,5.894056108270212535e-01
5.746527777777777901e-01,2.068750000000000000e+02,4.386295483069890255e-01,2.431628605754548378e-04,3.663801426558481178e-01,1.137595127642841014e-02,-3.382579947109752627e+00,9.467398652350422772e-02,-2.280395390979872872e+00,5.950171357352433965e-01
5.750000000000000666e-01,2.070000000000000284e+02,4.374578585189253799e-01,2.771433834986202697e-04,3.655893616981759076e-01,1.158352949573631871e-02,-3.366348338429386633e+00,1.010532047537622269e-01,-2.274509142266505357e+00,6.006343568448926362e-01
5.753472222222222321e-01,2.071250000000000000e+02,4.362918098037094627e-01,3.133382661267368322e-04,3.648006181007636961e-01,1.179305912796440453e-02,-3.350087367508896907e+00,1.074286984246401733e-01,-2.268660195884078412e+00,6.062572741559655309e-01
5.756944444444445086e-01,2.072500000000000284e+02,4.351314123565626635e-01,3.517462152102398230e-04,3.640138989114124479e-01,1.200454215096054440e-02,-3.333797034348267019e+00,1.138004675361445756e-01,-2.262848551832586708e+00,6.118858876684676318e-01
5.760416666666666741e-01,2.073750000000000000e+02,4.339766763727083143e-01,3.923659374991625448e-04,3.632291911779249038e-01,1.221798054257226818e-02,-3.317477338947517396e+00,1.201685120882676205e-01,-2.257074210112036017e+00,6.175201973823922774e-01
5.763888888888889506e-01,2.075000000000000284e+02,4.328276120473677491e-01,4.351961397438039838e-04,3.624464819481020283e-01,1.243337628064754112e-02,-3.301128281306628942e+00,1.265328320810158724e-01,-2.251337170722422343e+00,6.231602032977451300e-01
5.767361111111111160e-01,2.076250000000000000e+02,4.316842295757638559e-01,4.802355286944011100e-04,3.616657582697459516e-01,1.265073134303389309e-02,-3.284749861425614093e+00,1.328934275143852373e-01,-2.245637433663747018e+00,6.288059054145228588e-01
5.770833333333333925e-01,2.077500000000000284e+02,4.305465391531184127e-01,5.274828111011183604e-04,3.608870071906583044e-01,1.287004770757911934e-02,-3.268342079304465742e+00,1.392502983883785184e-01,-2.239974998936009154e+00,6.344573037327276843e-01
5.774305555555555580e-01,2.078750000000000000e+02,4.294145509746543632e-01,5.769366937141235871e-04,3.601102157586411057e-01,1.309132735213082953e-02,-3.251904934943192771e+00,1.456034447029916912e-01,-2.234349866539211860e+00,6.401143982523559428e-01
5.777777777777778345e-01,2.080000000000000284e+02,4.282882752355931522e-01,6.285958832837847858e-04,3.593353710214956531e-01,1.331457225453690565e-02,-3.235438428341782746e+00,1.519528664582300015e-01,-2.228762036473351138e+00,6.457771889734125192e-01
5.781250000000000000e-01,2.081250000000000000e+02,4.271677221311577788e-01,6.824590865602044856e-04,3.585624600270240214e-01,1.353978439264496604e-02,-3.218942559500245881e+00,1.582985636540895635e-01,-2.223211508738429210e+00,6.514456758958937499e-01
5.784722222222222765e-01,2.082500000000000284e+02,4.260529018565697434e-01,7.385250102936797212e-04,3.577914698230278412e-01,1.376696574430271228e-02,-3.202417328418575071e+00,1.646405362905729863e-01,-2.217698283334444742e+00,6.571198590198020772e-01
5.788194444444444420e-01,2.083750000000000000e+02,4.249438246070523784e-01,7.967923612343130214e-04,3.570223874573091316e-01,1.399611828735785463e-02,-3.185862735096780529e+00,1.709787843676763286e-01,-2.212222360261400844e+00,6.627997383451342817e-01
5.791666666666667185e-01,2.085000000000000284e+02,4.238405005778267953e-01,8.572598461324049991e-04,3.562551999776691347e-01,1.422724399965826642e-02,-3.169278779534848045e+00,1.773133078854047806e-01,-2.206783739519293519e+00,6.684853138718945820e-01
5.795138888888888840e-01,2.086250000000000000e+02,4.227429399641161045e-01,9.199261717381219342e-04,3.554898944319101473e-01,1.446034485905147750e-02,-3.152665461732788721e+00,1.836441068437545121e-01,-2.201382421108124543e+00,6.741765856000794255e-01
5.798611111111111605e-01,2.087500000000000284e+02,4.216511529611419173e-01,9.847900448017663910e-04,3.547264578678335223e-01,1.469542284338536640e-02,-3.136022781690595451e+00,1.899711812427280211e-01,-2.196018405027893472e+00,6.798735535296914767e-01
5.802083333333333259e-01,2.088750000000000000e+02,4.205651497425272889e-01,1.051850172073436887e-03,3.539648773332413900e-01,1.493247993050746299e-02,-3.119351956862880471e+00,1.962945310823215606e-01,-2.190691691278602526e+00,6.855762176607272940e-01
5.805555555555556024e-01,2.090000000000000284e+02,4.194849313696814019e-01,1.121105260303436203e-03,3.532051398759350480e-01,1.517151809826573251e-02,-3.102718247248053007e+00,2.026141563625414865e-01,-2.185402279860246821e+00,6.912845779931924284e-01
5.809027777777777679e-01,2.091250000000000000e+02,4.184104756982433004e-01,1.192554016241930510e-03,3.524472325437167930e-01,1.541253932450753657e-02,-3.086158796757703549e+00,2.089300570833800830e-01,-2.180150170772832574e+00,6.969986345270798855e-01
5.812500000000000444e-01,2.092500000000000284e+02,4.173417569437937180e-01,1.266195146639151250e-03,3.516911423843878670e-01,1.565554558708092195e-02,-3.069673605391812998e+00,2.152422332448438169e-01,-2.174935364016354455e+00,7.027183872623957717e-01
5.815972222222222099e-01,2.093750000000000000e+02,4.162787493219150536e-01,1.342027358245337452e-03,3.509368564457504003e-01,1.590053886383350698e-02,-3.053262673150393347e+00,2.215506848469287471e-01,-2.169757859590815574e+00,7.084438361991362010e-01
5.819444444444444864e-01,2.095000000000000284e+02,4.152214270481885960e-01,1.420049357810718822e-03,3.501843617756059124e-01,1.614752113261290478e-02,-3.036926000033437489e+00,2.278554118896375102e-01,-2.164617657496214598e+00,7.141749813373038380e-01
5.822916666666666519e-01,2.096250000000000000e+02,4.141697643381969662e-01,1.500259852085465218e-03,3.494336454217565335e-01,1.639649437126691756e-02,-3.020663586040955195e+00,2.341564143729661929e-01,-2.159514757732553303e+00,7.199118226768949080e-01
5.826388888888889284e-01,2.097500000000000000e+02,4.131237354075208978e-01,1.582657547819809815e-03,3.486846944320033947e-01,1.664746055764332322e-02,-3.004475431172934030e+00,2.404536922969200685e-01,-2.154449160299828581e+00,7.256543602179144070e-01
5.829861111111110938e-01,2.098750000000000000e+02,4.120833144717430119e-01,1.667241151763919002e-03,3.479374958541487928e-01,1.690042166958965683e-02,-2.988361535429381988e+00,2.467472456614951404e-01,-2.149420865198042652e+00,7.314025939603575610e-01
5.833333333333333703e-01,2.100000000000000000e+02,4.110484757464443750e-01,1.754009370668162563e-03,3.471920367359942472e-01,1.715537968495389406e-02,-2.972321898810295071e+00,2.530370744666941007e-01,-2.144429872427194628e+00,7.371565239042286999e-01
5.836805555555555358e-01,2.101250000000000000e+02,4.100191934472076638e-01,1.842960911282570278e-03,3.464483041253416662e-01,1.741233658158346242e-02,-2.956356521315680830e+00,2.593231787125130361e-01,-2.139476181987286729e+00,7.429161500495238268e-01
5.840277777777778123e-01,2.102500000000000000e+02,4.089954417896136674e-01,1.934094480357447963e-03,3.457062850699925693e-01,1.767129433732633412e-02,-2.940465402945528162e+00,2.656055583989569979e-01,-2.134559793878314959e+00,7.486814723962469387e-01
5.843749999999999778e-01,2.103750000000000000e+02,4.079771949892448402e-01,2.027408784643024240e-03,3.449659666177489759e-01,1.793225493003021420e-02,-2.924648543699845948e+00,2.718842135260222670e-01,-2.129680708100282871e+00,7.544524909443959260e-01
5.847222222222222543e-01,2.105000000000000000e+02,4.069644272616825820e-01,2.122902530889471569e-03,3.442273358164124053e-01,1.819522033754263080e-02,-2.908905943578626641e+00,2.781591440937112858e-01,-2.124838924653188243e+00,7.602292056939708997e-01
5.850694444444444198e-01,2.106250000000000000e+02,4.059571128225091252e-01,2.220574425847086225e-03,3.434903797137847659e-01,1.846019253771128896e-02,-2.893237602581877788e+00,2.844303501020216118e-01,-2.120034443537032409e+00,7.660116166449694175e-01
5.854166666666666963e-01,2.107500000000000000e+02,4.049552258873057031e-01,2.320423176265969979e-03,3.427550853576677437e-01,1.872717350838415742e-02,-2.877643520709593172e+00,2.906978315509557431e-01,-2.115267264751814036e+00,7.717997237973963642e-01
5.857638888888888618e-01,2.108750000000000000e+02,4.039587406716548257e-01,2.422447488896358608e-03,3.420214397958633024e-01,1.899616522740867064e-02,-2.862123697961781676e+00,2.969615884405099049e-01,-2.110537388297535344e+00,7.775935271512466329e-01
5.861111111111111382e-01,2.110000000000000000e+02,4.029676313911373930e-01,2.526646070488619295e-03,3.412894300761729061e-01,1.926716967263289101e-02,-2.846678134338430866e+00,3.032216207706892042e-01,-2.105844814174194113e+00,7.833930267065253306e-01
5.864583333333333037e-01,2.111250000000000000e+02,4.019818722613359152e-01,2.633017627792784421e-03,3.405590432463985184e-01,1.954018882190425646e-02,-2.831306829839550510e+00,3.094779285414896441e-01,-2.101189542381790787e+00,7.891982224632297926e-01
5.868055555555555802e-01,2.112500000000000000e+02,4.010014374978315699e-01,2.741560867559154381e-03,3.398302663543416591e-01,1.981522465307055531e-02,-2.816009784465134391e+00,3.157305117529138894e-01,-2.096571572920325810e+00,7.950091144213604633e-01
5.871527777777777457e-01,2.113750000000000000e+02,4.000263013162068670e-01,2.852274496537897299e-03,3.391030864478045137e-01,2.009227914397941281e-02,-2.800786998215190948e+00,3.219793704049581651e-01,-2.091990905789800959e+00,8.008257025809144558e-01
5.875000000000000222e-01,2.115000000000000000e+02,3.990564379320428734e-01,2.965157221479313571e-03,3.383774905745882688e-01,2.037135427247869709e-02,-2.785638471089708634e+00,3.282245044976275783e-01,-2.087447540990212236e+00,8.066479869418967663e-01
5.878472222222222987e-01,2.116250000000000284e+02,3.980918215609215993e-01,3.080207749133573054e-03,3.376534657824950547e-01,2.065245201641612016e-02,-2.770564203088693223e+00,3.344659140309195200e-01,-2.082941478521562306e+00,8.124759675043049523e-01
5.881944444444444642e-01,2.117500000000000000e+02,3.971324264184251662e-01,3.197424786250905454e-03,3.369309991193265574e-01,2.093557435363921013e-02,-2.755564194212148710e+00,3.407035990048327134e-01,-2.078472718383851170e+00,8.183096442681369043e-01
5.885416666666667407e-01,2.118750000000000284e+02,3.961782267201348073e-01,3.316807039581479329e-03,3.362100776328845186e-01,2.122072326199601899e-02,-2.740638444460067991e+00,3.469375594193696566e-01,-2.074041260577077495e+00,8.241490172333969522e-01
5.888888888888889062e-01,2.120000000000000000e+02,3.952291966816330326e-01,3.438353215875530888e-03,3.354906883709709575e-01,2.150790071933381814e-02,-2.725786953832459503e+00,3.531677952745266857e-01,-2.069647105101243501e+00,8.299940864000805441e-01
5.892361111111111827e-01,2.121250000000000284e+02,3.942853105185005758e-01,3.562062021883290706e-03,3.347728183813869496e-01,2.179710870350091284e-02,-2.711009722329309923e+00,3.593943065703100181e-01,-2.065290251956345635e+00,8.358448517681948964e-01
5.895833333333333481e-01,2.122500000000000000e+02,3.933465424463203353e-01,3.687932164354996729e-03,3.340564547119351801e-01,2.208834919234440447e-02,-2.696306749950637016e+00,3.656170933067120488e-01,-2.060970701142388339e+00,8.417013133377305723e-01
5.899305555555556246e-01,2.123750000000000284e+02,3.924128666806733778e-01,3.815962350040812308e-03,3.333415844104165027e-01,2.238162416371243871e-02,-2.681678036696423906e+00,3.718361554837391614e-01,-2.056688452659368505e+00,8.475634711086944550e-01
5.902777777777777901e-01,2.125000000000000000e+02,3.914842574371417139e-01,3.946151285690971920e-03,3.326281945246333249e-01,2.267693559545244653e-02,-2.667123582566681250e+00,3.780514931013876367e-01,-2.052443506507287019e+00,8.534313250810815488e-01
5.906250000000000666e-01,2.126250000000000284e+02,3.905606889313070207e-01,4.078497678055713511e-03,3.319162721023870000e-01,2.297428546541239666e-02,-2.652643387561403276e+00,3.842631061596598063e-01,-2.048235862686142994e+00,8.593048752548972935e-01
5.909722222222222321e-01,2.127500000000000000e+02,3.896421353787514752e-01,4.213000233885268522e-03,3.312058041914797135e-01,2.327367575143973744e-02,-2.638237451680597978e+00,3.904709946585520064e-01,-2.044065521195939539e+00,8.651841216301364712e-01
5.913194444444445086e-01,2.128750000000000284e+02,3.887285709950561996e-01,4.349657659929802474e-03,3.304967778397127076e-01,2.357510843138252085e-02,-2.623905774924252920e+00,3.966751585980693440e-01,-2.039932482036671768e+00,8.710690642068040779e-01
5.916666666666666741e-01,2.130000000000000000e+02,3.878199699958034263e-01,4.488468662939551143e-03,3.297891800948881680e-01,2.387858548308826809e-02,-2.609648357292379206e+00,4.028755979782078778e-01,-2.035836745208344123e+00,8.769597029848973380e-01
5.920138888888889506e-01,2.131250000000000284e+02,3.869163065965747772e-01,4.629431949664748573e-03,3.290829980048072811e-01,2.418410888440469114e-02,-2.595465198784969285e+00,4.090723127989702723e-01,-2.031778310710952606e+00,8.828560379644165845e-01
5.923611111111111160e-01,2.132500000000000000e+02,3.860175550129524291e-01,4.772546226855561152e-03,3.283782186172726769e-01,2.449168061317940834e-02,-2.581356299402032040e+00,4.152653030603526418e-01,-2.027757178544501659e+00,8.887580691453593751e-01
5.927083333333333925e-01,2.133750000000000284e+02,3.851236894605173933e-01,4.917810201262289710e-03,3.276748289800854308e-01,2.480130264726038494e-02,-2.567321659143556367e+00,4.214545687623600378e-01,-2.023773348708988173e+00,8.946657965277305946e-01
5.930555555555555580e-01,2.135000000000000000e+02,3.842346841548522907e-01,5.065222579635038185e-03,3.269728161410476730e-01,2.511297696449505540e-02,-2.553361278009553370e+00,4.276401099049887966e-01,-2.019826821204413481e+00,9.005792201115251361e-01
5.934027777777778345e-01,2.136250000000000284e+02,3.833505133115381325e-01,5.214782068724167254e-03,3.262721671479608121e-01,2.542670554273147518e-02,-2.539475156000011946e+00,4.338219264882413606e-01,-2.015917596030776249e+00,9.064983398967482175e-01
5.937500000000000000e-01,2.137500000000000000e+02,3.824711511461574287e-01,5.366487375279717538e-03,3.255728690486270338e-01,2.574249035981699893e-02,-2.525663293114942309e+00,4.400000185121137886e-01,-2.012045673188078698e+00,9.124231558833948430e-01
5.940972222222222765e-01,2.138750000000000284e+02,3.815965718742909130e-01,5.520337206052119104e-03,3.248749088908472471e-01,2.606033339359986947e-02,-2.511925689354329805e+00,4.461743859766126863e-01,-2.008211052676316388e+00,9.183536680714722289e-01
5.944444444444444420e-01,2.140000000000000000e+02,3.807267497115217614e-01,5.676330267791339715e-03,3.241782737224244149e-01,2.638023662192707369e-02,-2.498262344718194861e+00,4.523450288817303377e-01,-2.004413734495495536e+00,9.242898764609706053e-01
5.947916666666667185e-01,2.141250000000000284e+02,3.798616588734305966e-01,5.834465267247813773e-03,3.234829505911593905e-01,2.670220202264693421e-02,-2.484673259206521490e+00,4.585119472274729602e-01,-2.000653718645611256e+00,9.302317810518969665e-01
5.951388888888888840e-01,2.142500000000000000e+02,3.790012735756001505e-01,5.994740911171572359e-03,3.227889265448545264e-01,2.702623157360680914e-02,-2.471158432819321238e+00,4.646751410138368343e-01,-1.996931005126666880e+00,9.361793818442474269e-01
5.954861111111111605e-01,2.143750000000000284e+02,3.781455680336112124e-01,6.157155906313058549e-03,3.220961886313109535e-01,2.735232725265466722e-02,-2.457717865556582115e+00,4.708346102408245692e-01,-1.993245593938658855e+00,9.421326788380258721e-01
5.958333333333333259e-01,2.145000000000000000e+02,3.772945164630465142e-01,6.321708959422227964e-03,3.214047238983311350e-01,2.768049103763793595e-02,-2.444351557418315224e+00,4.769903549084323902e-01,-1.989597485081591177e+00,9.480916720332278613e-01
5.961805555555556024e-01,2.146250000000000284e+02,3.764480930794870672e-01,6.488398777249521944e-03,3.207145193937160910e-01,2.801072490640467774e-02,-2.431059508404510794e+00,4.831423750166650710e-01,-1.985986678555460294e+00,9.540563614298580575e-01
5.965277777777777679e-01,2.147500000000000000e+02,3.756062720985148817e-01,6.657224066544973305e-03,3.200255621652680071e-01,2.834303083680242766e-02,-2.417841718515173266e+00,4.892906705655192257e-01,-1.982413174360267538e+00,9.600267470279144622e-01
5.968750000000000444e-01,2.148750000000000284e+02,3.747690277357118016e-01,6.828183534059013848e-03,3.193378392607885696e-01,2.867741080667897402e-02,-2.404698187750302196e+00,4.954352415549972410e-01,-1.978876972496013353e+00,9.660028288273967423e-01
5.972222222222222099e-01,2.150000000000000000e+02,3.739363342066600593e-01,7.001275886541546284e-03,3.186513377280797976e-01,2.901386679388174433e-02,-2.391628916109903802e+00,5.015760879850951204e-01,-1.975378072962698628e+00,9.719846068283023444e-01
5.975694444444444864e-01,2.151250000000000284e+02,3.731081657269406660e-01,7.176499830743137721e-03,3.179660446149428776e-01,2.935240077625890162e-02,-2.378633903593967425e+00,5.077132098558181372e-01,-1.971916475760321141e+00,9.779720810306362644e-01
5.979166666666666519e-01,2.152500000000000000e+02,3.722844965121360761e-01,7.353854073413754189e-03,3.172819469691802174e-01,2.969301473165779359e-02,-2.365713150202503279e+00,5.138466071671622393e-01,-1.968492180888882670e+00,9.839652514343940615e-01
5.982638888888889284e-01,2.153750000000000000e+02,3.714653007778274119e-01,7.533337321303765904e-03,3.165990318385928926e-01,3.003571063792645837e-02,-2.352866655935501594e+00,5.199762799191303131e-01,-1.965105188348381660e+00,9.899641180395798434e-01
5.986111111111110938e-01,2.155000000000000000e+02,3.706505527395967947e-01,7.714948281163269868e-03,3.159172862709830887e-01,3.038049047291244489e-02,-2.340094420792965479e+00,5.261022281117195831e-01,-1.961755498138818776e+00,9.959686808461917229e-01
5.989583333333333703e-01,2.156250000000000000e+02,3.698402266130259575e-01,7.898685659742500989e-03,3.152366973141524920e-01,3.072735621446345475e-02,-2.327396444774897599e+00,5.322244517449328249e-01,-1.958443110260194464e+00,1.001978939854229589e+00
5.993055555555555358e-01,2.157500000000000000e+02,3.690342966136970770e-01,8.084548163791694178e-03,3.145572520159031216e-01,3.107630984042701258e-02,-2.314772727881301950e+00,5.383429508187660417e-01,-1.955168024712509167e+00,1.007994895063690555e+00
5.996527777777778123e-01,2.158750000000000000e+02,3.682327369571913311e-01,8.272533179772674494e-03,3.138789374240361640e-01,3.142735332865125714e-02,-2.302223270112167430e+00,5.444448769648145836e-01,-1.951930241495761331e+00,1.014016546474580061e+00
5.999999999999999778e-01,2.160000000000000000e+02,3.674355218590910077e-01,8.462630682413334673e-03,3.132017405863539161e-01,3.178048865698354652e-02,-2.289748071467506474e+00,5.505106842630487218e-01,-1.948729760609952733e+00,1.020043894086893221e+00
6.003472222222222543e-01,2.161250000000000000e+02,3.666426255349773400e-01,8.654828061911826187e-03,3.125256485506577309e-01,3.213571780327192928e-02,-2.277347131947306647e+00,5.565401676650715279e-01,-1.945566582055081151e+00,1.026076937900634478e+00
6.006944444444444198e-01,2.162500000000000000e+02,3.658540222004327824e-01,8.849112705803900691e-03,3.118506483647497385e-01,3.249304274536377046e-02,-2.265020451551579050e+00,5.625333271708792271e-01,-1.942440705831149916e+00,1.032115677915799612e+00
6.010416666666666963e-01,2.163750000000000000e+02,3.650696860710384017e-01,9.045472001625769545e-03,3.111767270764311810e-01,3.285246546110710819e-02,-2.252768030280313472e+00,5.684901627804765933e-01,-1.939352131938155033e+00,1.038160114132392842e+00
6.013888888888888618e-01,2.165000000000000000e+02,3.642895913623762638e-01,9.243893336913453287e-03,3.105038717335041887e-01,3.321398792834949487e-02,-2.240589868133514795e+00,5.744106744938600739e-01,-1.936300860376098276e+00,1.044210246550411947e+00
6.017361111111111382e-01,2.166250000000000000e+02,3.635137122900282125e-01,9.444364099202967253e-03,3.098320693837703921e-01,3.357761212493870495e-02,-2.228485965111183909e+00,5.802948623110323334e-01,-1.933286891144980757e+00,1.050266075169857150e+00
6.020833333333333037e-01,2.167500000000000000e+02,3.627420230695763692e-01,9.646871676030325041e-03,3.091613070750319214e-01,3.394334002872217981e-02,-2.216456321213323921e+00,5.861427262319892639e-01,-1.930310224244802031e+00,1.056327599990725563e+00
6.024305555555555802e-01,2.168750000000000000e+02,3.619744979166019117e-01,9.851403454931614845e-03,3.084915718550899633e-01,3.431117361754806860e-02,-2.204500936439927283e+00,5.919542662567363056e-01,-1.927370859675560766e+00,1.062394821013022517e+00
6.027777777777777457e-01,2.170000000000000000e+02,3.612111110466870723e-01,1.005794682344284680e-02,3.078228507717467588e-01,3.468111486926380577e-02,-2.192619810791001989e+00,5.977294823852693506e-01,-1.924468797437258294e+00,1.068467738236742903e+00
6.031250000000000222e-01,2.171250000000000000e+02,3.604518366754131953e-01,1.026648916910010215e-02,3.071551308728036056e-01,3.505316576171727677e-02,-2.180812944266538711e+00,6.034683746175910635e-01,-1.921604037529893505e+00,1.074546351661891830e+00
6.034722222222222987e-01,2.172500000000000284e+02,3.596966490183624021e-01,1.047701787943933725e-02,3.064883992060624673e-01,3.542732827275608953e-02,-2.169080336866542780e+00,6.091709429536998899e-01,-1.918776579953466843e+00,1.080630661288466632e+00
6.038194444444444642e-01,2.173750000000000000e+02,3.589455222911163146e-01,1.068952034199663337e-02,3.058226428193251967e-01,3.580360438022805319e-02,-2.157421988591013751e+00,6.148371873935948306e-01,-1.915986424707978308e+00,1.086720667116467087e+00
6.041666666666667407e-01,2.175000000000000284e+02,3.581984307092568320e-01,1.090398394430807001e-02,3.051578487603934797e-01,3.618199606198076873e-02,-2.145837899439952956e+00,6.204671079372784392e-01,-1.913233571793428345e+00,1.092816369145893640e+00
6.045138888888889062e-01,2.176250000000000000e+02,3.574553484883659094e-01,1.112039607390953068e-02,3.044940040770693357e-01,3.656250529586185100e-02,-2.134328069413362616e+00,6.260607045847471630e-01,-1.910518021209817841e+00,1.098917767376743626e+00
6.048611111111111827e-01,2.177500000000000284e+02,3.567162498440248908e-01,1.133874411833723193e-02,3.038310958171540066e-01,3.694513405971936587e-02,-2.122892498511235182e+00,6.316179773360055538e-01,-1.907839772957144353e+00,1.105024861809021930e+00
6.052083333333333481e-01,2.178750000000000000e+02,3.559811089918160643e-01,1.155901546512712666e-02,3.031691110284497892e-01,3.732988433140066453e-02,-2.111531186733579091e+00,6.371389261910500590e-01,-1.905198827035410547e+00,1.111137652442723667e+00
6.055555555555556246e-01,2.180000000000000284e+02,3.552499001473205520e-01,1.178119750181529091e-02,3.025080367587578700e-01,3.771675808875379204e-02,-2.100244134080385905e+00,6.426235511498832320e-01,-1.902595183444613536e+00,1.117256139277853944e+00
6.059027777777777901e-01,2.181250000000000000e+02,3.545225975261209195e-01,1.200527761593761164e-02,3.018478600558806013e-01,3.810575730962611346e-02,-2.089031340551664950e+00,6.480718522125012981e-01,-1.900028842184756206e+00,1.123380322314407653e+00
6.062500000000000666e-01,2.182500000000000284e+02,3.537991753437981224e-01,1.223124319503037308e-02,3.011885679676191141e-01,3.849688397186576405e-02,-2.077892806147405125e+00,6.534838293789090313e-01,-1.897499803255835893e+00,1.129510201552389903e+00
6.065972222222222321e-01,2.183750000000000000e+02,3.530796078159345042e-01,1.245908162662945351e-02,3.005301475417755386e-01,3.889014005332018520e-02,-2.066828530867613534e+00,6.588594826491029899e-01,-1.895008066657853929e+00,1.135645776991797806e+00
6.069444444444445086e-01,2.185000000000000284e+02,3.523638691581115756e-01,1.268878029827094113e-02,2.998725858261515609e-01,3.928552753183716523e-02,-2.055838514712288845e+00,6.641988120230855053e-01,-1.892553632390810536e+00,1.141787048632631585e+00
6.072916666666666741e-01,2.186250000000000000e+02,3.516519335859116246e-01,1.292032659749084954e-02,2.992158698685492557e-01,3.968304838526424960e-02,-2.044922757681435055e+00,6.695018175008541350e-01,-1.890136500454706381e+00,1.147934016474889019e+00
6.076388888888889506e-01,2.187500000000000284e+02,3.509437753149157180e-01,1.315370791182525652e-02,2.985599867167698096e-01,4.008270459144947645e-02,-2.034081259775044614e+00,6.747684990824112106e-01,-1.887756670849539464e+00,1.154086680518574770e+00
6.079861111111111160e-01,2.188750000000000000e+02,3.502393685607063101e-01,1.338891162881005251e-02,2.979049234186155193e-01,4.048449812824021082e-02,-2.023314020993125073e+00,6.799988567677537343e-01,-1.885414143575311785e+00,1.160245040763683733e+00
6.083333333333333925e-01,2.190000000000000284e+02,3.495386875388645231e-01,1.362592513598151651e-02,2.972506670218876268e-01,4.088843097348458105e-02,-2.012621041335668437e+00,6.851928905568854811e-01,-1.883108918632021567e+00,1.166409097210221235e+00
6.086805555555555580e-01,2.191250000000000000e+02,3.488417064649725341e-01,1.386473582087546265e-02,2.965972045743880958e-01,4.129450510503003546e-02,-2.002002320802679147e+00,6.903506004498035642e-01,-1.880840996019669253e+00,1.172578849858185057e+00
6.090277777777778345e-01,2.192500000000000284e+02,3.481483995546119647e-01,1.410533107102811615e-02,2.959445231239188345e-01,4.170272250072436931e-02,-1.991457859394156538e+00,6.954719864465100931e-01,-1.878610375738255511e+00,1.178754298707574311e+00
6.093750000000000000e-01,2.193750000000000000e+02,3.474587410233649365e-01,1.434769827397534489e-02,2.952926097182816401e-01,4.211308513841502399e-02,-1.980987657110105937e+00,7.005570485470020703e-01,-1.876417057787781006e+00,1.184935443758387219e+00
6.097222222222222765e-01,2.195000000000000284e+02,3.467727050868127936e-01,1.459182481725331340e-02,2.946414514052779210e-01,4.252559499595022496e-02,-1.970591713950518020e+00,7.056057867512832704e-01,-1.874261042168243740e+00,1.191122285010628667e+00
6.100694444444444420e-01,2.196250000000000000e+02,3.460902659605377685e-01,1.483769808839796069e-02,2.939910352327099186e-01,4.294025405117714994e-02,-1.960270029915401002e+00,7.106182010593508069e-01,-1.872142328879645712e+00,1.197314822464293105e+00
6.104166666666667185e-01,2.197500000000000284e+02,3.454113978601211499e-01,1.508530547494544433e-02,2.933413482483788748e-01,4.335706428194403134e-02,-1.950022605004746667e+00,7.155942914712067893e-01,-1.870060917921985588e+00,1.203513056119386304e+00
6.107638888888888840e-01,2.198750000000000000e+02,3.447360750011451702e-01,1.533463436443163914e-02,2.926923775000869754e-01,4.377602766609813706e-02,-1.939849439218564342e+00,7.205340579868482198e-01,-1.868016809295263592e+00,1.209716985975902714e+00
6.111111111111111605e-01,2.200000000000000284e+02,3.440642715991912293e-01,1.558567214439269925e-02,2.920441100356356290e-01,4.419714618148760238e-02,-1.929750532556844256e+00,7.254375006062789843e-01,-1.866010002999480166e+00,1.215926612033847887e+00
6.114583333333333259e-01,2.201250000000000000e+02,3.433959618698411154e-01,1.583840620236470764e-02,2.913965329028266327e-01,4.462042180595987562e-02,-1.919725885019591738e+00,7.303046193294968624e-01,-1.864040499034634202e+00,1.222141934293218490e+00
6.118055555555556024e-01,2.202500000000000284e+02,3.427311200286768944e-01,1.609282392588361199e-02,2.907496331494618946e-01,4.504585651736283530e-02,-1.909775496606806344e+00,7.351354141565020761e-01,-1.862108297400727031e+00,1.228362952754015414e+00
6.121527777777777679e-01,2.203750000000000000e+02,3.420697202912803547e-01,1.634891270248535824e-02,2.901033978233434341e-01,4.547345229354383261e-02,-1.899899367318491628e+00,7.399298850872928490e-01,-1.860213398097758430e+00,1.234589667416235770e+00
6.125000000000000444e-01,2.205000000000000284e+02,3.414117368732330626e-01,1.660665991970623756e-02,2.894578139722724930e-01,4.590321111235100976e-02,-1.890097497154640038e+00,7.446880321218729559e-01,-1.858355801125727735e+00,1.240822078279884222e+00
6.128472222222222099e-01,2.206250000000000000e+02,3.407571439901169730e-01,1.686605296508199292e-02,2.888128686440512571e-01,4.633513495163180812e-02,-1.880369886115259570e+00,7.494098552602385110e-01,-1.856535506484636056e+00,1.247060185344956329e+00
6.131944444444444864e-01,2.207500000000000284e+02,3.401059158575137076e-01,1.712707922614890854e-02,2.881685488864810796e-01,4.676922578923419643e-02,-1.870716534200342451e+00,7.540953545023934002e-01,-1.854752514174482059e+00,1.253303988611456754e+00
6.135416666666666519e-01,2.208750000000000000e+02,3.394580266910049438e-01,1.738972609044300496e-02,2.875248417473638129e-01,4.720548558508849690e-02,-1.861137441409892679e+00,7.587445298483355138e-01,-1.853006824195266633e+00,1.259552728607760130e+00
6.138888888888889284e-01,2.210000000000000000e+02,3.388134507061727474e-01,1.765398094550015701e-02,2.868817342745014209e-01,4.764391267975132821e-02,-1.851632607743909587e+00,7.633573812980648521e-01,-1.851298436546988668e+00,1.265782192845732457e+00
6.142361111111110938e-01,2.211250000000000000e+02,3.381721621185989624e-01,1.791983117885638521e-02,2.862392135156957562e-01,4.808449742470068122e-02,-1.842202033202397393e+00,7.679339088515799716e-01,-1.849627351229650163e+00,1.271980794258914749e+00
6.145833333333333703e-01,2.212500000000000000e+02,3.375341351438650439e-01,1.818726417804797379e-02,2.855972665187481718e-01,4.852722910367822384e-02,-1.832845717785348771e+00,7.724741125088840921e-01,-1.847993568243249340e+00,1.278148532847311447e+00
6.149305555555555358e-01,2.213750000000000000e+02,3.368993439975532245e-01,1.845626733061066921e-02,2.849558803314608535e-01,4.897209700042513131e-02,-1.823563661492770827e+00,7.769779922699738828e-01,-1.846397087587787533e+00,1.284285408610917889e+00
6.152777777777778123e-01,2.215000000000000000e+02,3.362677628952446263e-01,1.872682802408075567e-02,2.843150420016350433e-01,4.941909039868282172e-02,-1.814355864324656009e+00,7.814455481348527854e-01,-1.844837909263263187e+00,1.290391421549740514e+00
6.156249999999999778e-01,2.216250000000000000e+02,3.356393660525218148e-01,1.899893364599404902e-02,2.836747385770731489e-01,4.986819858219273399e-02,-1.805222326281012091e+00,7.858767801035172473e-01,-1.843316033269677856e+00,1.296466571663771772e+00
6.159722222222222543e-01,2.217500000000000000e+02,3.350141276849655236e-01,1.927257158388696531e-02,2.830349571055759128e-01,5.031941083469670950e-02,-1.796163047361827747e+00,7.902716881759724865e-01,-1.841831459607029320e+00,1.302510858953021433e+00
6.163194444444444198e-01,2.218750000000000000e+02,3.343920220081587624e-01,1.954772922529498733e-02,2.823956846349464089e-01,5.077271643993522265e-02,-1.787178027567118743e+00,7.946302723522118416e-01,-1.840384188275320687e+00,1.308524283417478173e+00
6.166666666666666963e-01,2.220000000000000000e+02,3.337730232376823758e-01,1.982439395775459703e-02,2.817569082129854352e-01,5.122810468165030912e-02,-1.778267266896871979e+00,7.989525326322399756e-01,-1.838974219274549737e+00,1.314506845057150874e+00
6.170138888888888618e-01,2.221250000000000000e+02,3.331571055891187627e-01,2.010255316880161028e-02,2.811186148874953439e-01,5.168556484358313025e-02,-1.769430765351096557e+00,8.032384690160538909e-01,-1.837601552604717803e+00,1.320458543872031765e+00
6.173611111111111382e-01,2.222500000000000000e+02,3.325442432780492674e-01,2.038219424597218291e-02,2.804807917062772660e-01,5.214508620947520129e-02,-1.760668522929784485e+00,8.074880815036570292e-01,-1.836266188265822885e+00,1.326379379862128616e+00
6.177083333333333037e-01,2.223750000000000000e+02,3.319344105200559558e-01,2.066330457680225566e-02,2.798434257171336648e-01,5.260665806306776687e-02,-1.751980539632942868e+00,8.117013700950456156e-01,-1.834968126257867427e+00,1.332269353027435432e+00
6.180555555555555802e-01,2.225000000000000000e+02,3.313275815307203387e-01,2.094587154882791152e-02,2.792065039678655602e-01,5.307026968810243939e-02,-1.743366815460565045e+00,8.158783347902234251e-01,-1.833707366580849207e+00,1.338128463367956877e+00
6.184027777777778567e-01,2.226250000000000284e+02,3.307237305256243709e-01,2.122988254958530635e-02,2.785700135062750826e-01,5.353591036832053979e-02,-1.734827350412654345e+00,8.200189755891883481e-01,-1.832483909234770003e+00,1.343956710883691175e+00
6.187500000000000222e-01,2.227500000000000000e+02,3.301228317203497853e-01,2.151532496661032537e-02,2.779339413801640291e-01,5.400356938746340291e-02,-1.726362144489210548e+00,8.241232924919408287e-01,-1.831297754219628704e+00,1.349754095574637436e+00
6.190972222222222987e-01,2.228750000000000284e+02,3.295248593304783702e-01,2.180218618743903422e-02,2.772982746373340857e-01,5.447323602927239827e-02,-1.717971197690234098e+00,8.281912854984807559e-01,-1.830148901535425754e+00,1.355520617440796993e+00
6.194444444444444642e-01,2.230000000000000000e+02,3.289297875715921915e-01,2.209045359960733548e-02,2.766630003255873271e-01,5.494489957748874276e-02,-1.709654510015727880e+00,8.322229546088060204e-01,-1.829037351182161597e+00,1.361256276482165850e+00
6.197916666666667407e-01,2.231250000000000284e+02,3.283375906592725380e-01,2.238011459065157235e-02,2.760281054927249400e-01,5.541854931585431243e-02,-1.701412081465685677e+00,8.362182998229205078e-01,-1.827963103159835345e+00,1.366961072698749557e+00
6.201388888888889062e-01,2.232500000000000000e+02,3.277482428091016975e-01,2.267115654810747741e-02,2.753935771865492210e-01,5.589417452811001191e-02,-1.693243912040113708e+00,8.401773211408207764e-01,-1.826926157468447443e+00,1.372635006090543897e+00
6.204861111111111827e-01,2.233750000000000284e+02,3.271617182366609033e-01,2.296356685951136609e-02,2.747594024548613567e-01,5.637176449799750910e-02,-1.685150001739005532e+00,8.441000185625100460e-01,-1.825926514107997889e+00,1.378278076657552864e+00
6.208333333333333481e-01,2.235000000000000000e+02,3.265779911575322769e-01,2.325733291239909586e-02,2.741255683454635328e-01,5.685130850925834006e-02,-1.677130350562364258e+00,8.479863920879866512e-01,-1.824964173078486462e+00,1.383890284399774462e+00
6.211805555555556246e-01,2.236250000000000284e+02,3.259970357872974955e-01,2.355244209430675667e-02,2.734920619061573244e-01,5.733279584563356207e-02,-1.669184958510190331e+00,8.518364417172504810e-01,-1.824039134379913385e+00,1.389471629317207801e+00
6.215277777777777901e-01,2.237500000000000000e+02,3.254188263415385696e-01,2.384888179277022680e-02,2.728588701847448061e-01,5.781621579086453772e-02,-1.661313825582486636e+00,8.556501674503000920e-01,-1.823151398012278879e+00,1.395022111409851995e+00
6.218750000000000666e-01,2.238750000000000284e+02,3.248433370358370098e-01,2.414663939532586331e-02,2.722259802290272201e-01,5.830155762869308061e-02,-1.653516951779246735e+00,8.594275692871388150e-01,-1.822300963975582277e+00,1.400541730677711039e+00
6.222222222222222321e-01,2.240000000000000000e+02,3.242705420857748821e-01,2.444570228950941962e-02,2.715933790868068076e-01,5.878881064286005376e-02,-1.645794337100477289e+00,8.631686472277632083e-01,-1.821487832269824692e+00,1.406030487120780048e+00
6.225694444444445086e-01,2.241250000000000284e+02,3.237004157069334753e-01,2.474605786285710013e-02,2.709610538058849771e-01,5.927796411710738872e-02,-1.638145981546171415e+00,8.668734012721764914e-01,-1.820712002895004566e+00,1.411488380739063464e+00
6.229166666666666741e-01,2.242500000000000000e+02,3.231329321148950218e-01,2.504769350290485599e-02,2.703289914340637479e-01,5.976900733517597625e-02,-1.630571885116336217e+00,8.705418314203755559e-01,-1.819973475851123457e+00,1.416915411532557956e+00
6.232638888888889506e-01,2.243750000000000284e+02,3.225680655252410323e-01,2.535059659718884306e-02,2.696971790191445839e-01,6.026192958080760220e-02,-1.623072047810964591e+00,8.741739376723635102e-01,-1.819272251138179808e+00,1.422311579501266410e+00
6.236111111111111160e-01,2.245000000000000000e+02,3.220057901535534062e-01,2.565475453324494309e-02,2.690656036089293379e-01,6.075672013774351815e-02,-1.615646469630060311e+00,8.777697200281390222e-01,-1.818608328756174952e+00,1.427676884645187494e+00
6.239583333333333925e-01,2.246250000000000284e+02,3.214460802154139318e-01,2.596015469860936745e-02,2.684342522512198626e-01,6.125336828972512138e-02,-1.608295150573622934e+00,8.813291784877016477e-01,-1.817981708705108224e+00,1.433011326964320764e+00
6.243055555555555580e-01,2.247500000000000000e+02,3.208889099264046196e-01,2.626678448081786257e-02,2.678031119938181215e-01,6.175186332049353855e-02,-1.601018090641655789e+00,8.848523130510502765e-01,-1.817392390984980066e+00,1.438314906458664666e+00
6.246527777777778345e-01,2.248750000000000284e+02,3.203342535021068138e-01,2.657463126740678902e-02,2.671721698845253568e-01,6.225219451379066654e-02,-1.593815289834152660e+00,8.883391237181877953e-01,-1.816840375595790258e+00,1.443587623128222974e+00
6.250000000000000000e-01,2.250000000000000000e+02,3.197820851581026913e-01,2.688368244591188630e-02,2.665414129711438651e-01,6.275435115335746550e-02,-1.586686748151119541e+00,8.917896104891110953e-01,-1.816325662537538355e+00,1.448829476972992136e+00
6.253472222222222765e-01,2.251250000000000284e+02,3.192323791099736519e-01,2.719392540386950802e-02,2.659108283014749441e-01,6.325832252293563107e-02,-1.579632465592550661e+00,8.952037733638230632e-01,-1.815848251810225022e+00,1.454040467992974817e+00
6.256944444444444420e-01,2.252500000000000000e+02,3.186851095733016503e-01,2.750534752881554634e-02,2.652804029233205574e-01,6.376409790626647034e-02,-1.572652442158448904e+00,8.985816123423225887e-01,-1.815408143413850039e+00,1.459220596188171237e+00
6.260416666666667185e-01,2.253750000000000284e+02,3.181402507636684751e-01,2.781793620828600100e-02,2.646501238844823911e-01,6.427166658709142222e-02,-1.565746677848814272e+00,9.019231274246095609e-01,-1.815005337348412739e+00,1.464369861558579178e+00
6.263888888888888840e-01,2.255000000000000000e+02,3.175977768966562476e-01,2.813167882981683007e-02,2.640199782327625755e-01,6.478101784915149541e-02,-1.558915172663649429e+00,9.052283186106822033e-01,-1.814639833613914455e+00,1.469488264104197972e+00
6.267361111111111605e-01,2.256250000000000284e+02,3.170576621878460344e-01,2.844656278094431431e-02,2.633899530159622970e-01,6.529214097618861457e-02,-1.552157926602948823e+00,9.084971859005438466e-01,-1.814311632210354297e+00,1.474575803825030951e+00
6.270833333333333259e-01,2.257500000000000000e+02,3.165198808528203456e-01,2.876257544920419670e-02,2.627600352818839080e-01,6.580502525194373287e-02,-1.545474939666718228e+00,9.117297292941914932e-01,-1.814020733137732266e+00,1.479632480721074339e+00
6.274305555555556024e-01,2.258750000000000284e+02,3.159844071071604144e-01,2.907970422213278228e-02,2.621302120783284284e-01,6.631965996015858067e-02,-1.538866211854951649e+00,9.149259487916276967e-01,-1.813767136396048585e+00,1.484658294792332800e+00
6.277777777777777679e-01,2.260000000000000000e+02,3.154512151664484176e-01,2.939793648726585565e-02,2.615004704530983770e-01,6.683603438457433321e-02,-1.532331743167655302e+00,9.180858443928499035e-01,-1.813550841985303475e+00,1.489653246038801448e+00
6.281250000000000444e-01,2.261250000000000284e+02,3.149202792462657552e-01,2.971725963213979471e-02,2.608707974539948848e-01,6.735413780893265145e-02,-1.525871533604823194e+00,9.212094160978610002e-01,-1.813371849905496491e+00,1.494617334460484281e+00
6.284722222222222099e-01,2.262500000000000000e+02,3.143915735621943264e-01,3.003766104429040143e-02,2.602411801288199711e-01,6.787395951697478003e-02,-1.519485583166458209e+00,9.242966639066590995e-01,-1.813230160156627413e+00,1.499550560057379744e+00
6.288194444444444864e-01,2.263750000000000284e+02,3.138650723298161971e-01,3.035912811125374838e-02,2.596116055253753774e-01,6.839548879244201907e-02,-1.513173891852560127e+00,9.273475878192448674e-01,-1.813125772738697128e+00,1.504452922829488282e+00
6.291666666666666519e-01,2.265000000000000000e+02,3.133407497647129336e-01,3.068164822056574509e-02,2.589820606914631784e-01,6.891871491907558545e-02,-1.506936459663132055e+00,9.303621878356166386e-01,-1.813058687651704970e+00,1.509324422776806340e+00
6.295138888888889284e-01,2.266250000000000000e+02,3.128185800824663243e-01,3.100520875976265495e-02,2.583525326748845607e-01,6.944362718061737605e-02,-1.500773286598168221e+00,9.333404639557770777e-01,-1.813028904895651383e+00,1.514165059899338805e+00
6.298611111111110938e-01,2.267500000000000000e+02,3.122985374986582685e-01,3.132979711638029380e-02,2.577230085234418766e-01,6.997021486080831632e-02,-1.494684372657673954e+00,9.362824161797235201e-01,-1.813036424470535923e+00,1.518974834197082124e+00
6.302083333333333703e-01,2.268750000000000000e+02,3.117805962288702770e-01,3.165540067795502566e-02,2.570934752849362570e-01,7.049846724339026149e-02,-1.488669717841644369e+00,9.391880445074585193e-01,-1.813081246376358591e+00,1.523753745670040516e+00
6.305555555555555358e-01,2.270000000000000000e+02,3.112647304886842492e-01,3.198200683202265249e-02,2.564639200071698322e-01,7.102837361210428968e-02,-1.482729322150082130e+00,9.420573489389808541e-01,-1.813163370613119829e+00,1.528501794318210871e+00
6.309027777777778123e-01,2.271250000000000000e+02,3.107509144936820844e-01,3.230960296611918442e-02,2.558343297379442882e-01,7.155992325069183979e-02,-1.476863185582986349e+00,9.448903294742907466e-01,-1.813282797180818973e+00,1.533218980141593413e+00
6.312499999999999778e-01,2.272500000000000000e+02,3.102391224594456265e-01,3.263817646778058995e-02,2.552046915250615888e-01,7.209310544289414258e-02,-1.471071308140360800e+00,9.476869861133868644e-01,-1.813439526079456687e+00,1.537905303140186808e+00
6.315972222222222543e-01,2.273750000000000000e+02,3.097293286015563307e-01,3.296771472454321228e-02,2.545749924163230871e-01,7.262790947245288675e-02,-1.465353689822199490e+00,9.504473188562712060e-01,-1.813633557309032529e+00,1.542560763313994832e+00
6.319444444444444198e-01,2.275000000000000000e+02,3.092215071355963740e-01,3.329820512394279786e-02,2.539452194595310242e-01,7.316432462310917817e-02,-1.459710330628507524e+00,9.531713277029421061e-01,-1.813864890869546720e+00,1.547185360663013043e+00
6.322916666666666963e-01,2.276250000000000000e+02,3.087156322771472117e-01,3.362963505351555804e-02,2.533153597024864756e-01,7.370234017860484432e-02,-1.454141230559280684e+00,9.558590126534011189e-01,-1.814133526760999482e+00,1.551779095187245439e+00
6.326388888888888618e-01,2.277500000000000000e+02,3.082116782417909095e-01,3.396199190079738500e-02,2.526854001929920712e-01,7.424194542268069963e-02,-1.448646389614522967e+00,9.585103737076466901e-01,-1.814439464983390149e+00,1.556341966886689576e+00
6.329861111111111382e-01,2.278750000000000000e+02,3.077096192451088674e-01,3.429526305332449010e-02,2.520553279788487200e-01,7.478312963907879363e-02,-1.443225807794230375e+00,9.611254108656803741e-01,-1.814782705536719387e+00,1.560873975761346344e+00
6.333333333333333037e-01,2.280000000000000000e+02,3.072094295026830957e-01,3.462943589863289040e-02,2.514251301078586076e-01,7.532588211154010727e-02,-1.437879485098404464e+00,9.637041241275016157e-01,-1.815163248420987196e+00,1.565375121811216186e+00
6.336805555555555802e-01,2.281250000000000000e+02,3.067110832300954382e-01,3.496449782425853359e-02,2.507947936278234757e-01,7.587019212380607946e-02,-1.432607421527046121e+00,9.662465134931100819e-01,-1.815581093636192689e+00,1.569845405036299324e+00
6.340277777777778567e-01,2.282500000000000284e+02,3.062145546429275722e-01,3.530043621773744367e-02,2.501643055865450105e-01,7.641604895961810751e-02,-1.427409617080154458e+00,9.687525789625062167e-01,-1.816036241182336752e+00,1.574284825436593982e+00
6.343750000000000222e-01,2.283750000000000000e+02,3.057198179567615637e-01,3.563723846660556138e-02,2.495336530318252866e-01,7.696344190271744989e-02,-1.422286071757732140e+00,9.712223205356884659e-01,-1.816528691059418943e+00,1.578693383012099494e+00
6.347222222222222987e-01,2.285000000000000284e+02,3.052268473871787013e-01,3.597489195839916748e-02,2.489028230114655460e-01,7.751236023684580922e-02,-1.417236785559774725e+00,9.736557382126591609e-01,-1.817058443267439483e+00,1.583071077762819412e+00
6.350694444444444642e-01,2.286250000000000000e+02,3.047356171497612176e-01,3.631338408065407780e-02,2.482718025732680023e-01,7.806279324574418033e-02,-1.412261758486286656e+00,9.760528319934160812e-01,-1.817625497806398815e+00,1.587417909688750406e+00
6.354166666666667407e-01,2.287500000000000284e+02,3.042461014600905678e-01,3.665270222090658697e-02,2.476405787650339529e-01,7.861473021315448784e-02,-1.407360990537263490e+00,9.784136018779613364e-01,-1.818229854676295831e+00,1.591733878789894918e+00
6.357638888888889062e-01,2.288750000000000000e+02,3.037582745337485957e-01,3.699283376669257328e-02,2.470091386345654172e-01,7.916816042281780985e-02,-1.402534481712707670e+00,9.807380478662941492e-01,-1.818871513877131862e+00,1.596018985066252061e+00
6.361111111111111827e-01,2.290000000000000284e+02,3.032721105863172006e-01,3.733376610554804687e-02,2.463774692296641367e-01,7.972307315847559916e-02,-1.397782232012618531e+00,9.830261699584141866e-01,-1.819550475408905577e+00,1.600273228517822055e+00
6.364583333333333481e-01,2.291250000000000000e+02,3.027875838333782821e-01,3.767548662500895540e-02,2.457455575981321583e-01,8.027945770386889224e-02,-1.393104241436998736e+00,9.852779681543206713e-01,-1.820266739271617640e+00,1.604496609144602459e+00
6.368055555555556246e-01,2.292500000000000284e+02,3.023046684905132397e-01,3.801798271261166290e-02,2.451133907877705853e-01,8.083730334273976637e-02,-1.388500509985843845e+00,9.874934424540153799e-01,-1.821020305465268274e+00,1.608689126946596604e+00
6.371527777777777901e-01,2.293750000000000000e+02,3.018233387733042505e-01,3.836124175589177010e-02,2.444809558463819366e-01,8.139659935882891106e-02,-1.383971037659158076e+00,9.896725928574965359e-01,-1.821811173989856592e+00,1.612850781923802268e+00
6.375000000000000666e-01,2.295000000000000284e+02,3.013435688973328253e-01,3.870525114238575898e-02,2.438482398217672042e-01,8.195733503587837587e-02,-1.379515824456937434e+00,9.918154193647661376e-01,-1.822639344845383480e+00,1.616981574076222339e+00
6.378472222222222321e-01,2.296250000000000000e+02,3.008653330781809743e-01,3.904999825962933435e-02,2.432152297617288239e-01,8.251949965762887806e-02,-1.375134870379185692e+00,9.939219219758220758e-01,-1.823504818031848940e+00,1.621081503403851931e+00
6.381944444444445086e-01,2.297500000000000284e+02,3.003886055314300974e-01,3.939547049515874921e-02,2.425819127140679821e-01,8.308308250782248106e-02,-1.370828175425899520e+00,9.959921006906662377e-01,-1.824407593549252304e+00,1.625150569906696152e+00
6.385416666666666741e-01,2.298750000000000000e+02,2.999133604726623159e-01,3.974165523650990267e-02,2.419482757265867257e-01,8.364807287020031845e-02,-1.366595739597080028e+00,9.980259555092979573e-01,-1.825347671397594462e+00,1.629188773584753447e+00
6.388888888888889506e-01,2.300000000000000284e+02,2.994395721174592517e-01,4.008853987121895057e-02,2.413143058470867408e-01,8.421446002850364876e-02,-1.362437562892728105e+00,1.000023486431716568e+00,-1.826325051576874969e+00,1.633196114438023372e+00
6.392361111111111160e-01,2.301250000000000000e+02,2.989672146814030262e-01,4.043611178682169488e-02,2.406799901233701022e-01,8.478223326647373048e-02,-1.358353645312844415e+00,1.001984693457922182e+00,-1.827339734087093381e+00,1.637172592466503040e+00
6.395833333333333925e-01,2.302500000000000284e+02,2.984962623800748727e-01,4.078435837085449267e-02,2.400453156032380242e-01,8.535138186785241887e-02,-1.354343986857426740e+00,1.003909576587916019e+00,-1.828391718928250365e+00,1.641118207670197116e+00
6.399305555555555580e-01,2.303750000000000000e+02,2.980266894290571345e-01,4.113326701085302101e-02,2.394102693344928312e-01,8.592189511638065325e-02,-1.350408587526477078e+00,1.005798135821695860e+00,-1.829481006100344809e+00,1.645032960049102932e+00
6.402777777777778345e-01,2.305000000000000284e+02,2.975584700439311003e-01,4.148282509435376880e-02,2.387748383649356820e-01,8.649376229580031661e-02,-1.346547447319993429e+00,1.007650371159263925e+00,-1.830607595603378712e+00,1.648916849603222046e+00
6.406250000000000000e-01,2.306250000000000000e+02,2.970915784402788917e-01,4.183302000889228128e-02,2.381390097423689012e-01,8.706697268985223725e-02,-1.342760566237978237e+00,1.009466282600619103e+00,-1.831771487437349855e+00,1.652769876332552457e+00
6.409722222222222765e-01,2.307500000000000284e+02,2.966259888336820749e-01,4.218383914200504042e-02,2.375027705145937584e-01,8.764151558227831207e-02,-1.339047944280428615e+00,1.011245870145762060e+00,-1.832972681602260456e+00,1.656592040237096608e+00
6.413194444444444420e-01,2.308750000000000000e+02,2.961616754397223827e-01,4.253526988122787594e-02,2.368661077294121897e-01,8.821738025681968853e-02,-1.335409581447346117e+00,1.012989133794692354e+00,-1.834211178098108963e+00,1.660383341316853167e+00
6.416666666666667185e-01,2.310000000000000284e+02,2.956986124739818256e-01,4.288729961409678410e-02,2.362290084346260199e-01,8.879455599721786108e-02,-1.331845477738730521e+00,1.014696073547409982e+00,-1.835486976924895597e+00,1.664143779571822801e+00
6.420138888888888840e-01,2.311250000000000000e+02,2.952367741520422473e-01,4.323991572814772644e-02,2.355914596780372405e-01,8.937303208721383840e-02,-1.328355633154583826e+00,1.016366689403914503e+00,-1.836800078082619692e+00,1.667873355002002622e+00
6.423611111111111605e-01,2.312500000000000284e+02,2.947761346894851031e-01,4.359310561091704617e-02,2.349534485074470658e-01,8.995279781054962842e-02,-1.324940047694902701e+00,1.018000981364206803e+00,-1.838150481571283690e+00,1.671572067607396406e+00
6.427083333333333259e-01,2.313750000000000000e+02,2.943166683104744830e-01,4.394685664994042729e-02,2.343149619706578479e-01,9.053384245096599003e-02,-1.321598237655313035e+00,1.019598949428285772e+00,-1.839538187390884705e+00,1.675239917388001487e+00
6.430555555555556024e-01,2.315000000000000284e+02,2.938583528595276606e-01,4.430115623275416442e-02,2.336759871154707457e-01,9.111615529220505605e-02,-1.318304274720429214e+00,1.021160593596153188e+00,-1.840963195541424735e+00,1.678876904343820531e+00
6.434027777777777679e-01,2.316250000000000000e+02,2.934011754010002471e-01,4.465599174689432321e-02,2.330365109896878062e-01,9.169972561800768251e-02,-1.315043401319353045e+00,1.022685913867807717e+00,-1.842425506022903114e+00,1.682483028474851761e+00
6.437500000000000444e-01,2.317500000000000284e+02,2.929451244454707726e-01,4.501135057989672644e-02,2.323965206411107987e-01,9.228454271211540549e-02,-1.311815617452083638e+00,1.024174910243249359e+00,-1.843925118835319399e+00,1.686058289781095398e+00
6.440972222222222099e-01,2.318750000000000000e+02,2.924901885035180449e-01,4.536722011929738424e-02,2.317560031175417423e-01,9.287059585826938635e-02,-1.308620923118623214e+00,1.025627582722478115e+00,-1.845462033978673588e+00,1.689602688262551000e+00
6.444444444444444864e-01,2.320000000000000284e+02,2.920363560857202057e-01,4.572358775263266062e-02,2.311149454667818237e-01,9.345787434021142481e-02,-1.305459318318968887e+00,1.027043931305494429e+00,-1.847036251452966793e+00,1.693116223919220120e+00
6.447916666666666519e-01,2.321250000000000000e+02,2.915836157026561737e-01,4.608044086743816325e-02,2.304733347366333951e-01,9.404636744168254348e-02,-1.302330803053122876e+00,1.028423955992297856e+00,-1.848647771258197681e+00,1.696598896751099650e+00
6.451388888888889284e-01,2.322500000000000000e+02,2.911319558649039796e-01,4.643776685125037412e-02,2.298311579748976430e-01,9.463606444642447268e-02,-1.299235377321083185e+00,1.029767656782888841e+00,-1.850296593394367806e+00,1.700050706758193142e+00
6.454861111111110938e-01,2.323750000000000000e+02,2.906813650830427087e-01,4.679555309160490784e-02,2.291884022293768641e-01,9.522695463817834605e-02,-1.296173041122851588e+00,1.031075033677266939e+00,-1.851982717861475169e+00,1.703471653940497266e+00
6.458333333333333703e-01,2.325000000000000000e+02,2.902318318676504472e-01,4.715378697603825331e-02,2.285450545974993530e-01,9.581902730068588003e-02,-1.293143794458426532e+00,1.032346086675433039e+00,-1.853704371048382260e+00,1.706861738298016906e+00
6.461805555555555358e-01,2.326250000000000000e+02,2.897833447293059472e-01,4.751245589208608761e-02,2.279011087033530614e-01,9.641227171768820825e-02,-1.290147637327808683e+00,1.033580815777386253e+00,-1.855420080762797408e+00,1.710220959830748066e+00
6.465277777777778123e-01,2.327500000000000000e+02,2.893358921785877391e-01,4.787154722728462902e-02,2.272565711375743591e-01,9.700667717292670023e-02,-1.287184569730997818e+00,1.034779220983126802e+00,-1.857112399651170698e+00,1.713549318538691413e+00
6.468749999999999778e-01,2.328750000000000000e+02,2.888894627260745196e-01,4.823104836916969340e-02,2.266114500219780503e-01,9.760223295014268385e-02,-1.284254591667995715e+00,1.035941302292654465e+00,-1.858781327713500131e+00,1.716846814421846945e+00
6.472222222222222543e-01,2.330000000000000000e+02,2.884440448823445413e-01,4.859094670527763088e-02,2.259657534783782451e-01,9.819892833307780622e-02,-1.281357703138799931e+00,1.037067059705969907e+00,-1.860426864949788595e+00,1.720113447480215552e+00
6.475694444444444198e-01,2.331250000000000000e+02,2.879996271579766121e-01,4.895122962314412546e-02,2.253194896285901083e-01,9.879675260547311766e-02,-1.278493904143412463e+00,1.038156493223072019e+00,-1.862049011360033646e+00,1.723349217713794346e+00
6.479166666666666963e-01,2.332500000000000000e+02,2.875561980635489845e-01,4.931188451030558278e-02,2.246726665944276113e-01,9.939569505107062608e-02,-1.275663194681830870e+00,1.039209602843962355e+00,-1.863647766944237505e+00,1.726554125122587546e+00
6.482638888888888618e-01,2.333750000000000000e+02,2.871137461096402999e-01,4.967289875429790891e-02,2.240252924977056970e-01,9.999574495361113202e-02,-1.272865574754057150e+00,1.040226388568639582e+00,-1.865223131702398396e+00,1.729728169706594265e+00
6.486111111111111382e-01,2.335000000000000000e+02,2.866722598068290884e-01,5.003425974265703069e-02,2.233773754602389472e-01,1.005968915968363103e-01,-1.270101044360090192e+00,1.041206850397104144e+00,-1.866775105634517207e+00,1.732871351465812282e+00
6.489583333333333037e-01,2.336250000000000000e+02,2.862317276656942688e-01,5.039595486291896520e-02,2.227289236038422493e-01,1.011991242644872113e-01,-1.267369603499931996e+00,1.042150988329355821e+00,-1.868303688740592161e+00,1.735983670400241818e+00
6.493055555555555802e-01,2.337500000000000000e+02,2.857921381968137609e-01,5.075797150261994461e-02,2.220799450503296024e-01,1.018024322403057874e-01,-1.264671252173580118e+00,1.043058802365395277e+00,-1.869808881020626368e+00,1.739065126509885317e+00
6.496527777777778567e-01,2.338750000000000284e+02,2.853534799107664277e-01,5.112029704929590967e-02,2.214304479215159216e-01,1.024068048080331167e-01,-1.262005990381035003e+00,1.043930292505222290e+00,-1.871290682474617606e+00,1.742115719794741224e+00
6.500000000000000222e-01,2.340000000000000000e+02,2.849157413181309106e-01,5.148291889048273173e-02,2.207804403392160386e-01,1.030122312514103050e-01,-1.259373818122298649e+00,1.044765458748835973e+00,-1.872749093102566542e+00,1.745135450254807985e+00
6.503472222222222987e-01,2.341250000000000284e+02,2.844789109294855178e-01,5.184582441371678868e-02,2.201299304252441191e-01,1.036187008541793048e-01,-1.256774735397368614e+00,1.045564301096237436e+00,-1.874184112904472732e+00,1.748124317890088708e+00
6.506944444444444642e-01,2.342500000000000000e+02,2.840429772554090015e-01,5.220900100653379922e-02,2.194789263014151615e-01,1.042262029000810275e-01,-1.254208742206246674e+00,1.046326819547426235e+00,-1.875595741880335732e+00,1.751082322700580507e+00
6.510416666666667407e-01,2.343750000000000284e+02,2.836079288064796144e-01,5.257243605647006490e-02,2.188274360895432480e-01,1.048347266728573285e-01,-1.251675838548931274e+00,1.047053014102402368e+00,-1.876983980030157761e+00,1.754009464686286712e+00
6.513888888888889062e-01,2.345000000000000000e+02,2.831737540932760533e-01,5.293611695106145709e-02,2.181754679114432938e-01,1.054442614562493830e-01,-1.249176024425423082e+00,1.047742884761166060e+00,-1.878348827353937045e+00,1.756905743847203993e+00
6.517361111111111827e-01,2.346250000000000284e+02,2.827404416263769038e-01,5.330003107784406918e-02,2.175230298889299363e-01,1.060547965339985188e-01,-1.246709299835722096e+00,1.048396431523716643e+00,-1.879690283851674248e+00,1.759771160183335015e+00
6.520833333333333481e-01,2.347500000000000000e+02,2.823079799163608072e-01,5.366416582435377947e-02,2.168701301438179518e-01,1.066663211898459945e-01,-1.244275664779829427e+00,1.049013654390055006e+00,-1.881008349523367817e+00,1.762605713694677112e+00
6.524305555555556246e-01,2.348750000000000284e+02,2.818763574738060163e-01,5.402850857812693808e-02,2.162167767979214228e-01,1.072788247075335683e-01,-1.241875119257743298e+00,1.049594553360180482e+00,-1.882303024369020417e+00,1.765409404381232505e+00
6.527777777777777901e-01,2.350000000000000000e+02,2.814455628092913941e-01,5.439304672669922902e-02,2.155629779730555140e-01,1.078922963708022487e-01,-1.239507663269465265e+00,1.050139128434093072e+00,-1.883574308388629159e+00,1.768182232242999197e+00
6.531250000000000666e-01,2.351250000000000284e+02,2.810155844333951380e-01,5.475776765760698855e-02,2.149087417910342801e-01,1.085067254633937939e-01,-1.237173296814993551e+00,1.050647379611793664e+00,-1.884822201582196710e+00,1.770924197279980072e+00
6.534722222222222321e-01,2.352500000000000000e+02,2.805864108566959447e-01,5.512265875838619211e-02,2.142540763736725529e-01,1.091221012690494763e-01,-1.234872019894329487e+00,1.051119306893281369e+00,-1.886046703949721515e+00,1.773635299492172912e+00
6.538194444444445086e-01,2.353750000000000284e+02,2.801580305897723999e-01,5.548770741657275962e-02,2.135989898427849976e-01,1.097384130715106793e-01,-1.232603832507472408e+00,1.051554910278556410e+00,-1.887247815491204461e+00,1.776315538879577938e+00
6.541666666666666741e-01,2.355000000000000000e+02,2.797304321432030894e-01,5.585290101970272897e-02,2.129434903201863905e-01,1.103556501545185087e-01,-1.230368734654423868e+00,1.051954189767618564e+00,-1.888425536206643995e+00,1.778964915442194483e+00
6.545138888888889506e-01,2.356250000000000284e+02,2.793036040275663767e-01,5.621822695531224212e-02,2.122875859276908694e-01,1.109738018018148337e-01,-1.228166726335181203e+00,1.052317145360468276e+00,-1.889579866096041449e+00,1.781583429180024769e+00
6.548611111111111160e-01,2.357500000000000000e+02,2.788775347534410143e-01,5.658367261093724676e-02,2.116312847871135161e-01,1.115928572971405242e-01,-1.225997807549747076e+00,1.052643777057105323e+00,-1.890710805159396379e+00,1.784171080093066353e+00
6.552083333333333925e-01,2.358750000000000284e+02,2.784522128314053102e-01,5.694922537411390567e-02,2.109745950202684683e-01,1.122128059242376436e-01,-1.223861978298119269e+00,1.052934084857529706e+00,-1.891818353396709229e+00,1.786727868181321899e+00
6.555555555555555580e-01,2.360000000000000000e+02,2.780276267720380168e-01,5.731487263237800694e-02,2.103175247489707800e-01,1.128336369668468953e-01,-1.221759238580299778e+00,1.053188068761741425e+00,-1.892902510807979111e+00,1.789253793444788299e+00
6.559027777777778345e-01,2.361250000000000284e+02,2.776037650859174422e-01,5.768060177326599786e-02,2.096600820950345334e-01,1.134553397087101623e-01,-1.219689588396286606e+00,1.053405728769740479e+00,-1.893963277393207356e+00,1.791748855883468439e+00
6.562500000000000000e-01,2.362500000000000000e+02,2.771806162836222276e-01,5.804640018431359016e-02,2.090022751802745604e-01,1.140779034335688003e-01,-1.217653027746080863e+00,1.053587064881527091e+00,-1.895000653152392855e+00,1.794213055497361431e+00
6.565972222222222765e-01,2.363750000000000284e+02,2.767581688757309588e-01,5.841225525305691890e-02,2.083441121265056095e-01,1.147013174251639983e-01,-1.215649556629682326e+00,1.053732077097101039e+00,-1.896014638085535609e+00,1.796646392286465943e+00
6.569444444444444420e-01,2.365000000000000000e+02,2.763364113728222771e-01,5.877815436703186930e-02,2.076856010555424015e-01,1.153255709672369872e-01,-1.213679175047091885e+00,1.053840765416462100e+00,-1.897005232192636504e+00,1.799048866250782641e+00
6.572916666666667185e-01,2.366250000000000284e+02,2.759153322854744350e-01,5.914408491377473598e-02,2.070267500891989354e-01,1.159506533435296638e-01,-1.211741882998307984e+00,1.053913129839610496e+00,-1.897972435473694874e+00,1.801420477390313080e+00
6.576388888888888840e-01,2.367500000000000000e+02,2.754949201242663515e-01,5.951003428082132091e-02,2.063675673492905982e-01,1.165765538377829258e-01,-1.209837680483332178e+00,1.053949170366546451e+00,-1.898916247928710721e+00,1.803761225705054150e+00
6.579861111111111605e-01,2.368750000000000284e+02,2.750751633997761125e-01,5.987598985570796034e-02,2.057080609576312225e-01,1.172032617337386146e-01,-1.207966567502162913e+00,1.053948886997269963e+00,-1.899836669557684266e+00,1.806071111195009182e+00
6.583333333333333259e-01,2.370000000000000000e+02,2.746560506225825815e-01,6.024193902597046318e-02,2.050482390360357510e-01,1.178307663151378359e-01,-1.206128544054801077e+00,1.053912279731780588e+00,-1.900733700360615952e+00,1.808350133860176401e+00
6.586805555555556024e-01,2.371250000000000284e+02,2.742375703032641776e-01,6.060786917914489508e-02,2.043881097063188212e-01,1.184590568657220983e-01,-1.204323610141246448e+00,1.053839348570078327e+00,-1.901607340337504226e+00,1.810598293700556249e+00
6.590277777777777679e-01,2.372500000000000000e+02,2.738197109523995976e-01,6.097376770276721064e-02,2.037276810902952373e-01,1.190881226692325073e-01,-1.202551765761500135e+00,1.053730093512164068e+00,-1.902457589488350420e+00,1.812815590716147840e+00
6.593750000000000444e-01,2.373750000000000284e+02,2.734024610805671496e-01,6.133962198437362123e-02,2.030669613097790260e-01,1.197179530094109184e-01,-1.200813010915559920e+00,1.053584514558036478e+00,-1.903284447813154090e+00,1.815002024906952283e+00
6.597222222222222099e-01,2.375000000000000000e+02,2.729858091983455859e-01,6.170541941150003290e-02,2.024059584865854355e-01,1.203485371699982709e-01,-1.199107345603428021e+00,1.053402611707696668e+00,-1.904087915311915458e+00,1.817157596272968911e+00
6.600694444444444864e-01,2.376250000000000284e+02,2.725697438163132147e-01,6.207114737168263618e-02,2.017446807425285205e-01,1.209798644347364338e-01,-1.197434769825102663e+00,1.053184384961143971e+00,-1.904867991984634523e+00,1.819282304814197948e+00
6.604166666666666519e-01,2.377500000000000000e+02,2.721542534450488438e-01,6.243679325245719142e-02,2.010831361994233901e-01,1.216119240873663049e-01,-1.195795283580585178e+00,1.052929834318379054e+00,-1.905624677831311287e+00,1.821376150530639837e+00
6.607638888888889284e-01,2.378750000000000000e+02,2.717393265951305592e-01,6.280234444136024996e-02,2.004213329790836551e-01,1.222447054116299892e-01,-1.194188886869874011e+00,1.052638959779400807e+00,-1.906357972851945970e+00,1.823439133422295244e+00
6.611111111111110938e-01,2.380000000000000000e+02,2.713249517771374464e-01,6.316778832592723214e-02,1.997592792033252851e-01,1.228781976912679819e-01,-1.192615579692971162e+00,1.052311761344210561e+00,-1.907067877046538129e+00,1.825471253489161505e+00
6.614583333333333703e-01,2.381250000000000000e+02,2.709111175016477580e-01,6.353311229369459912e-02,1.990969829939618907e-01,1.235123902100223464e-01,-1.191075362049875075e+00,1.051948239012807207e+00,-1.907754390415087542e+00,1.827472510731241062e+00
6.618055555555555358e-01,2.382500000000000000e+02,2.704978122792401907e-01,6.389830373219812509e-02,1.984344524728086645e-01,1.241472722516338972e-01,-1.189568233940586861e+00,1.051548392785191410e+00,-1.908417512957594209e+00,1.829442905148532139e+00
6.621527777777778123e-01,2.383750000000000000e+02,2.700850246204929972e-01,6.426335260293372653e-02,1.977716957616796334e-01,1.247828330998447532e-01,-1.188094195365105410e+00,1.051137271112113858e+00,-1.909057244674058573e+00,1.831382436741036734e+00
6.624999999999999778e-01,2.385000000000000000e+02,2.696727430359850963e-01,6.462826331689246195e-02,1.971087209823899067e-01,1.254190620383955623e-01,-1.186653246323431832e+00,1.050752979611312199e+00,-1.909673585564481524e+00,1.833291105508752628e+00
6.628472222222222543e-01,2.386250000000000000e+02,2.692609560362946297e-01,6.499304532371967535e-02,1.964455362567537056e-01,1.260559483510284573e-01,-1.185245386815565016e+00,1.050395918033521836e+00,-1.910266535628861062e+00,1.835168911451682039e+00
6.631944444444444198e-01,2.387500000000000000e+02,2.688496521320003496e-01,6.535770807824951845e-02,1.957821497065856953e-01,1.266934813214843913e-01,-1.183870616841505408e+00,1.050066086378743657e+00,-1.910836094867197854e+00,1.837015854569823414e+00
6.635416666666666963e-01,2.388750000000000000e+02,2.684388198336807863e-01,6.572226103531643437e-02,1.951185694537005133e-01,1.273316502335048173e-01,-1.182528936401253228e+00,1.049763484646977219e+00,-1.911382263279493454e+00,1.838831934863178086e+00
6.638888888888888618e-01,2.390000000000000000e+02,2.680284476519146364e-01,6.608671364975467200e-02,1.944548036199132135e-01,1.279704443708308548e-01,-1.181220345494808699e+00,1.049488112838223186e+00,-1.911905040865746308e+00,1.840617152331744277e+00
6.642361111111111382e-01,2.391250000000000000e+02,2.676185240972800417e-01,6.645107537639886874e-02,1.937908603270376284e-01,1.286098530172044285e-01,-1.179944844122171155e+00,1.049239970952480450e+00,-1.912404427625956416e+00,1.842371506975523099e+00
6.645833333333333037e-01,2.392500000000000000e+02,2.672090376803559764e-01,6.681535567008306531e-02,1.931267476968890062e-01,1.292498654563664917e-01,-1.178702432283341262e+00,1.049019058989749897e+00,-1.912880423560124221e+00,1.844094998794514551e+00
6.649305555555555802e-01,2.393750000000000000e+02,2.667999769117206377e-01,6.717956398564201015e-02,1.924624738512813460e-01,1.298904709720588302e-01,-1.177493109978318575e+00,1.048825376950031307e+00,-1.913333028668250169e+00,1.845787627788718632e+00
6.652777777777778567e-01,2.395000000000000284e+02,2.663913303019526668e-01,6.754370977790993824e-02,1.917980469120296183e-01,1.305316588480225914e-01,-1.176316877207102651e+00,1.048658924833324235e+00,-1.913762242950332260e+00,1.847449393958135344e+00
6.656250000000000222e-01,2.396250000000000000e+02,2.659830863616306496e-01,6.790780250172115395e-02,1.911334750009483219e-01,1.311734183679992838e-01,-1.175173733969694601e+00,1.048519702639629125e+00,-1.914168066406373603e+00,1.849080297302764242e+00
6.659722222222222987e-01,2.397500000000000284e+02,2.655752336013331161e-01,6.827185161191014207e-02,1.904687662398521220e-01,1.318157388157301935e-01,-1.174063680266093534e+00,1.048407710368946422e+00,-1.914550499036371756e+00,1.850680337822606436e+00
6.663194444444444642e-01,2.398750000000000000e+02,2.651677605316387631e-01,6.863586656331101266e-02,1.898039287505557671e-01,1.324586094749564402e-01,-1.172986716096300341e+00,1.048322948021275236e+00,-1.914909540840327606e+00,1.852249515517659484e+00
6.666666666666667407e-01,2.400000000000000284e+02,2.647606556631257879e-01,6.899985681075856969e-02,1.891389706548734784e-01,1.331020196294200320e-01,-1.171942841460313911e+00,1.048265415596616013e+00,-1.915245191818241155e+00,1.853787830387925606e+00
6.670138888888889062e-01,2.401250000000000000e+02,2.643539075063731092e-01,6.936383180908674284e-02,1.884739000746202542e-01,1.337459585628617831e-01,-1.170932056358135132e+00,1.048235113094968751e+00,-1.915557451970111735e+00,1.855295282433404358e+00
6.673611111111111827e-01,2.402500000000000284e+02,2.639475045719588686e-01,6.972780101313033607e-02,1.878087251316102879e-01,1.343904155590236460e-01,-1.169954360789763559e+00,1.048232040516333452e+00,-1.915846321295940458e+00,1.856771871654095740e+00
6.677083333333333481e-01,2.403750000000000000e+02,2.635414353704619850e-01,7.009177387772340395e-02,1.871434539476586334e-01,1.350353799016463796e-01,-1.169009754755199193e+00,1.048256197860709671e+00,-1.916111799795726878e+00,1.858217598049998642e+00
6.680555555555556246e-01,2.405000000000000284e+02,2.631356884124606554e-01,7.045575985770059779e-02,1.864780946445793453e-01,1.356808408744720751e-01,-1.168098238254442256e+00,1.048307585128098296e+00,-1.916353887469470552e+00,1.859632461621115285e+00
6.684027777777777901e-01,2.406250000000000000e+02,2.627302522085335768e-01,7.081976840789612482e-02,1.858126553441872830e-01,1.363267877612416856e-01,-1.167219811287492304e+00,1.048386202318498883e+00,-1.916572584317171701e+00,1.861016462367443891e+00
6.687500000000000666e-01,2.407500000000000284e+02,2.623251152692592791e-01,7.118380898314448368e-02,1.851471441682971120e-01,1.369732098456967473e-01,-1.166374473854350002e+00,1.048492049431910988e+00,-1.916767890338831437e+00,1.862369600288985128e+00
6.690972222222222321e-01,2.408750000000000000e+02,2.619202661052165149e-01,7.154789103827974284e-02,1.844815692387235806e-01,1.376200964115783798e-01,-1.165562225955015130e+00,1.048625126468334834e+00,-1.916939805534447316e+00,1.863691875385738550e+00
6.694444444444445086e-01,2.410000000000000284e+02,2.615156932269834256e-01,7.191202402813665073e-02,1.838159386772808823e-01,1.382674367426283690e-01,-1.164783067589487020e+00,1.048785433427771085e+00,-1.917088329904021338e+00,1.864983287657704158e+00
6.697916666666666741e-01,2.411250000000000000e+02,2.611113851451389301e-01,7.227621740754928970e-02,1.831502606057840987e-01,1.389152201225876959e-01,-1.164036998757766783e+00,1.048972970310218633e+00,-1.917213463447553057e+00,1.866243837104882619e+00
6.701388888888889506e-01,2.412500000000000284e+02,2.607073303702612255e-01,7.264048063135238043e-02,1.824845431460472844e-01,1.395634358351982574e-01,-1.163324019459853753e+00,1.049187737115678587e+00,-1.917315206165042918e+00,1.867473523727273932e+00
6.704861111111111160e-01,2.413750000000000000e+02,2.603035174129290086e-01,7.300482315438007463e-02,1.818187944198852435e-01,1.402120731642011731e-01,-1.162644129695747930e+00,1.049429733844150503e+00,-1.917393558056489811e+00,1.868672347524877431e+00
6.708333333333333925e-01,2.415000000000000284e+02,2.598999347837208096e-01,7.336925443146680159e-02,1.811530225491126966e-01,1.408611213933378403e-01,-1.161997329465448869e+00,1.049698960495633937e+00,-1.917448519121894401e+00,1.869840308497693560e+00
6.711805555555555580e-01,2.416250000000000000e+02,2.594965709932153253e-01,7.373378391744683791e-02,1.804872356555443924e-01,1.415105698063493789e-01,-1.161383618768958126e+00,1.049995417070129333e+00,-1.917480089361256246e+00,1.870977406645721430e+00
6.715277777777778345e-01,2.417500000000000284e+02,2.590934145519908083e-01,7.409842106715472387e-02,1.798214418609945797e-01,1.421604076869777133e-01,-1.160802997606274145e+00,1.050319103567636914e+00,-1.917488268774576232e+00,1.872083641968962153e+00
6.718750000000000000e-01,2.418750000000000000e+02,2.586904539706261219e-01,7.446317533542463896e-02,1.791556492872782014e-01,1.428106243189637969e-01,-1.160255465977397593e+00,1.050670019988156234e+00,-1.917473057361853694e+00,1.873159014467415506e+00
6.722222222222222765e-01,2.420000000000000284e+02,2.582876777596994078e-01,7.482805617709122059e-02,1.784898660562093398e-01,1.434612089860494155e-01,-1.159741023882328248e+00,1.051048166331687517e+00,-1.917434455123088854e+00,1.874203524141081267e+00
6.725694444444444420e-01,2.421250000000000000e+02,2.578850744297895847e-01,7.519307304698859273e-02,1.778241002896031875e-01,1.441121509719754668e-01,-1.159259671321066332e+00,1.051453542598230317e+00,-1.917372462058281268e+00,1.875217170989958770e+00
6.729166666666667185e-01,2.422500000000000284e+02,2.574826324914749054e-01,7.555823539995143445e-02,1.771583601092738269e-01,1.447634395604839030e-01,-1.158811408293611622e+00,1.051886148787785524e+00,-1.917287078167431158e+00,1.876199955014050014e+00
6.732638888888888840e-01,2.423750000000000000e+02,2.570803404553340110e-01,7.592355269081389746e-02,1.764926536370360621e-01,1.454150640353158441e-01,-1.158396234799964342e+00,1.052345984900352249e+00,-1.917178303450538968e+00,1.877151876213353221e+00
6.736111111111111605e-01,2.425000000000000284e+02,2.566781868319454318e-01,7.628903437441046653e-02,1.758269889947044751e-01,1.460670136802127428e-01,-1.158014150840124268e+00,1.052833050935931380e+00,-1.917046137907603809e+00,1.878072934587868836e+00
6.739583333333333259e-01,2.426250000000000000e+02,2.562761601318879201e-01,7.665468990557530726e-02,1.751613743040940085e-01,1.467192777789156077e-01,-1.157665156414091401e+00,1.053347346894521808e+00,-1.916890581538627236e+00,1.878963130137596638e+00
6.743055555555556024e-01,2.427500000000000284e+02,2.558742488657396175e-01,7.702052873914309872e-02,1.744958176870186894e-01,1.473718456151664469e-01,-1.157349251521865741e+00,1.053888872776124641e+00,-1.916711634343607251e+00,1.879822462862537291e+00
6.746527777777777679e-01,2.428750000000000000e+02,2.554724415440794982e-01,7.738656032994792322e-02,1.738303272652937381e-01,1.480247064727060746e-01,-1.157066436163448175e+00,1.054457628580738771e+00,-1.916509296322546074e+00,1.880650932762690353e+00
6.750000000000000444e-01,2.430000000000000284e+02,2.550707266774857040e-01,7.775279413282441821e-02,1.731649111607330427e-01,1.486778496352764434e-01,-1.156816710338836929e+00,1.055053614308365528e+00,-1.916283567475441485e+00,1.881448539838055822e+00
6.753472222222222099e-01,2.431250000000000000e+02,2.546690927765369872e-01,7.811923960260694355e-02,1.724995774951515459e-01,1.493312643866187284e-01,-1.156600074048033333e+00,1.055676829959003804e+00,-1.916034447802295482e+00,1.882215284088633700e+00
6.756944444444444864e-01,2.432500000000000284e+02,2.542675283518117668e-01,7.848590619412974811e-02,1.718343343903638576e-01,1.499849400104742436e-01,-1.156416527291037166e+00,1.056327275532654042e+00,-1.915761937303106066e+00,1.882951165514424652e+00
6.760416666666666519e-01,2.433750000000000000e+02,2.538660219138888507e-01,7.885280336222715014e-02,1.711691899681849205e-01,1.506388657905841089e-01,-1.156266070067848428e+00,1.057004951029316242e+00,-1.915466035977874792e+00,1.883656184115427346e+00
6.763888888888889284e-01,2.435000000000000000e+02,2.534645619733464361e-01,7.921994056173374543e-02,1.705041523504286505e-01,1.512930310106903042e-01,-1.156148702378466897e+00,1.057709856448989960e+00,-1.915146743826600551e+00,1.884330339891642669e+00
6.767361111111110938e-01,2.436250000000000000e+02,2.530631370407633307e-01,7.958732724748368570e-02,1.698392296589102679e-01,1.519474249545336997e-01,-1.156064424222892573e+00,1.058441991791675640e+00,-1.914804060849284451e+00,1.884973632843069957e+00
6.770833333333333703e-01,2.437500000000000000e+02,2.526617356267178427e-01,7.995497287431163613e-02,1.691744300154437997e-01,1.526020369058561921e-01,-1.156013235601125677e+00,1.059201357057373727e+00,-1.914437987045925826e+00,1.885586062969710763e+00
6.774305555555555358e-01,2.438750000000000000e+02,2.522603462417887799e-01,8.032288689705160967e-02,1.685097615418444383e-01,1.532568561483985958e-01,-1.155995136513165988e+00,1.059987952246083553e+00,-1.914048522416524900e+00,1.886167630271563089e+00
6.777777777777778123e-01,2.440000000000000000e+02,2.518589573965543948e-01,8.069107877053832700e-02,1.678452323599261831e-01,1.539118719659028911e-01,-1.156010126959013506e+00,1.060801777357805120e+00,-1.913635666961081228e+00,1.886718334748628267e+00
6.781249999999999778e-01,2.441250000000000000e+02,2.514575576015933289e-01,8.105955794960609251e-02,1.671808505915038656e-01,1.545670736421102254e-01,-1.156058206938668675e+00,1.061642832392538871e+00,-1.913199420679595031e+00,1.887238176400906298e+00
6.784722222222222543e-01,2.442500000000000000e+02,2.510561353674841678e-01,8.142833388908918280e-02,1.665166243583922345e-01,1.552224504607619404e-01,-1.156139376452130829e+00,1.062511117350284362e+00,-1.912739783572066754e+00,1.887727155228396070e+00
6.788194444444444198e-01,2.443750000000000000e+02,2.506546792048055528e-01,8.179741604382188835e-02,1.658525617824059828e-01,1.558779917055992670e-01,-1.156253635499400412e+00,1.063406632231041149e+00,-1.912256755638496397e+00,1.888185271231098694e+00
6.791666666666666963e-01,2.445000000000000000e+02,2.502531776241358474e-01,8.216681386863881886e-02,1.651886709853593038e-01,1.565336866603639077e-01,-1.156400984080477645e+00,1.064329377034810786e+00,-1.911750336878883072e+00,1.888612524409013727e+00
6.795138888888888618e-01,2.446250000000000000e+02,2.498516191360536931e-01,8.253653681837412603e-02,1.645249600890673347e-01,1.571895246087969822e-01,-1.156581422195361641e+00,1.065279351761591720e+00,-1.911220527293228333e+00,1.889008914762141167e+00
6.798611111111111382e-01,2.447500000000000000e+02,2.494499922511374534e-01,8.290659434786241955e-02,1.638614372153439913e-01,1.578454948346402487e-01,-1.156794949844053066e+00,1.066256556411384615e+00,-1.910667326881529737e+00,1.889374442290481459e+00
6.802083333333334147e-01,2.448750000000000284e+02,2.490482854799658252e-01,8.327699591193804540e-02,1.631981104860042442e-01,1.585015866216349378e-01,-1.157041567026552142e+00,1.067260990984189917e+00,-1.910090735643789062e+00,1.889709106994034160e+00
6.805555555555555802e-01,2.450000000000000000e+02,2.486464873331173109e-01,8.364775096543521082e-02,1.625349880228627031e-01,1.591577892535223360e-01,-1.157321273742858203e+00,1.068292655480006959e+00,-1.909490753580006972e+00,1.890012908872799269e+00
6.809027777777778567e-01,2.451250000000000284e+02,2.482445863211704962e-01,8.401886896318846998e-02,1.618720779477339222e-01,1.598140920140439236e-01,-1.157634069992971693e+00,1.069351549898835518e+00,-1.908867380690181248e+00,1.890285847926776341e+00
6.812500000000000222e-01,2.452500000000000000e+02,2.478425709547039946e-01,8.439035936003201621e-02,1.612093883824328444e-01,1.604704841869407650e-01,-1.157979955776892167e+00,1.070437674240675818e+00,-1.908220616974314110e+00,1.890527924155966710e+00
6.815972222222222987e-01,2.453750000000000284e+02,2.474404297442960865e-01,8.476223161080038981e-02,1.605469274487733577e-01,1.611269550559548125e-01,-1.158358931094620514e+00,1.071551028505528746e+00,-1.907550462432403782e+00,1.890739137560368599e+00
6.819444444444444642e-01,2.455000000000000000e+02,2.470381512005256075e-01,8.513449517032779801e-02,1.598847032685707936e-01,1.617834939048269360e-01,-1.158770995946155624e+00,1.072691612693392971e+00,-1.906856917064452484e+00,1.890919488139983784e+00
6.822916666666667407e-01,2.456250000000000284e+02,2.466357238339708380e-01,8.550715949344887823e-02,1.592227239636391234e-01,1.624400900172991158e-01,-1.159216150331498385e+00,1.073859426804269601e+00,-1.906139980870456663e+00,1.891068975894810933e+00
6.826388888888889062e-01,2.457500000000000000e+02,2.462331361552105302e-01,8.588023403499769892e-02,1.585609976557934564e-01,1.630967326771120274e-01,-1.159694394250648131e+00,1.075054470838157306e+00,-1.905399653850420094e+00,1.891187600824850268e+00
6.829861111111111827e-01,2.458750000000000284e+02,2.458303766748228258e-01,8.625372824980920283e-02,1.578995324668476252e-01,1.637534111680081228e-01,-1.160205727703605971e+00,1.076276744795057860e+00,-1.904635936004340113e+00,1.891275362930102677e+00
6.833333333333333481e-01,2.460000000000000000e+02,2.454274339033868657e-01,8.662765159271694493e-02,1.572383365186173776e-01,1.644101147737275226e-01,-1.160750150690370130e+00,1.077526248674969711e+00,-1.903848827332218718e+00,1.891332262210567716e+00
6.836805555555556246e-01,2.461250000000000284e+02,2.450242963514807082e-01,8.700201351855599285e-02,1.565774179329163796e-01,1.650668327780124844e-01,-1.161327663210942163e+00,1.078802982477893746e+00,-1.903038327834054355e+00,1.891358298666244719e+00
6.840277777777777901e-01,2.462500000000000000e+02,2.446209525296832998e-01,8.737682348216024852e-02,1.559167848315597960e-01,1.657235544646039060e-01,-1.161938265265321402e+00,1.080106946203829299e+00,-1.902204437509847690e+00,1.891353472297134131e+00
6.843750000000000666e-01,2.463750000000000284e+02,2.442173909485726990e-01,8.775209093836448815e-02,1.552564453363617369e-01,1.663802691172436565e-01,-1.162581956853508292e+00,1.081438139852777258e+00,-1.901347156359598500e+00,1.891317783103236394e+00
6.847222222222222321e-01,2.465000000000000000e+02,2.438136001187278801e-01,8.812782534200275242e-02,1.545964075691372563e-01,1.670369660196726336e-01,-1.163258737975501722e+00,1.082796563424736513e+00,-1.900466484383307453e+00,1.891251231084550843e+00
6.850694444444445086e-01,2.466250000000000284e+02,2.434095685507270401e-01,8.850403614790974816e-02,1.539366796517004921e-01,1.676936344556327341e-01,-1.163968608631302804e+00,1.084182216919708175e+00,-1.899562421580972993e+00,1.891153816241077923e+00
6.854166666666666741e-01,2.467500000000000000e+02,2.430052847551488759e-01,8.888073281091965483e-02,1.532772697058662481e-01,1.683502637088651610e-01,-1.164711568820911314e+00,1.085595100337691798e+00,-1.898634967952596231e+00,1.891025538572818077e+00
6.857638888888889506e-01,2.468750000000000284e+02,2.426007372425719455e-01,8.925792478586692946e-02,1.526181858534491897e-01,1.690068430631112006e-01,-1.165487618544327475e+00,1.087035213678687606e+00,-1.897684123498178055e+00,1.890866398079769306e+00
6.861111111111111160e-01,2.470000000000000000e+02,2.421959145235748900e-01,8.963562152758573764e-02,1.519594362162641488e-01,1.696633618021120005e-01,-1.166296757801550177e+00,1.088502556942694488e+00,-1.896709888217716689e+00,1.890676394761933832e+00
6.864583333333333925e-01,2.471250000000000284e+02,2.417908051087359622e-01,9.001383249091075844e-02,1.513010289161251520e-01,1.703198092096095684e-01,-1.167138986592580530e+00,1.089997130129713776e+00,-1.895712262111213242e+00,1.890455528619310543e+00
6.868055555555555580e-01,2.472500000000000000e+02,2.413853975086340808e-01,9.039256713067611582e-02,1.506429720748473366e-01,1.709761745693447466e-01,-1.168014304917418089e+00,1.091518933239744360e+00,-1.894691245178667049e+00,1.890203799651900107e+00
6.871527777777778345e-01,2.473750000000000284e+02,2.409796802338473598e-01,9.077183490171646107e-02,1.499852738142449238e-01,1.716324471650593486e-01,-1.168922712776063522e+00,1.093067966272787350e+00,-1.893646837420078999e+00,1.889921207859701635e+00
6.875000000000000000e-01,2.475000000000000000e+02,2.405736417949546901e-01,9.115164525886584879e-02,1.493279422561328562e-01,1.722886162804943277e-01,-1.169864210168515495e+00,1.094644229228841636e+00,-1.892579038835447980e+00,1.889607753242716237e+00
6.878472222222222765e-01,2.476250000000000284e+02,2.401672707025341857e-01,9.153200765695915231e-02,1.486709855223249943e-01,1.729446711993918584e-01,-1.170838797094775563e+00,1.096247722107909661e+00,-1.891487849424774659e+00,1.889263435800943025e+00
6.881944444444444420e-01,2.477500000000000000e+02,2.397605554671649597e-01,9.191293155083014865e-02,1.480144117346369470e-01,1.736006012054922831e-01,-1.171846473554842394e+00,1.097878444909987650e+00,-1.890373269188059258e+00,1.888888255534382221e+00
6.885416666666667185e-01,2.478750000000000284e+02,2.393534845994250981e-01,9.229442639531360015e-02,1.473582290148826857e-01,1.742563955825378319e-01,-1.172887239548716654e+00,1.099536397635078488e+00,-1.889235298125301332e+00,1.888482212443033825e+00
6.888888888888888840e-01,2.480000000000000000e+02,2.389460466098934643e-01,9.267650164524368628e-02,1.467024454848771253e-01,1.749120436142692636e-01,-1.173961095076397898e+00,1.101221580283180623e+00,-1.888073936236501327e+00,1.888045306526898059e+00
6.892361111111111605e-01,2.481250000000000284e+02,2.385382300091482555e-01,9.305916675545501671e-02,1.460470692664345149e-01,1.755675345844285307e-01,-1.175068040137887015e+00,1.102933992854295164e+00,-1.886889183521657909e+00,1.887577537785974480e+00
6.895833333333333259e-01,2.482500000000000000e+02,2.381300233077683903e-01,9.344243118078168764e-02,1.453921084813698528e-01,1.762228577767565307e-01,-1.176208074733182674e+00,1.104673635348420779e+00,-1.885681039980773299e+00,1.887078906220264196e+00
6.899305555555556024e-01,2.483750000000000284e+02,2.377214150163319828e-01,9.382630437605839202e-02,1.447375712514972212e-01,1.768780024749952162e-01,-1.177381198862286427e+00,1.106440507765559245e+00,-1.884449505613845721e+00,1.886549411829765210e+00
6.902777777777777679e-01,2.485000000000000000e+02,2.373123936454178406e-01,9.421079579611933708e-02,1.440834656986315909e-01,1.775329579628856236e-01,-1.178587412525197387e+00,1.108234610105709450e+00,-1.883194580420875175e+00,1.885989054614479521e+00
6.906250000000000444e-01,2.486250000000000284e+02,2.369029477056044386e-01,9.459591489579891044e-02,1.434297999445874328e-01,1.781877135241692334e-01,-1.179826715721915553e+00,1.110055942368871618e+00,-1.881916264401862326e+00,1.885397834574406017e+00
6.909722222222222099e-01,2.487500000000000000e+02,2.364930657074705567e-01,9.498167112993133321e-02,1.427765821111796618e-01,1.788422584425871376e-01,-1.181099108452440705e+00,1.111904504555045081e+00,-1.880614557556808508e+00,1.884775751709545144e+00
6.913194444444444864e-01,2.488750000000000284e+02,2.360827361615942810e-01,9.536807395335132609e-02,1.421238203202223604e-01,1.794965820018812330e-01,-1.182404590716773507e+00,1.113780296664231173e+00,-1.879289459885710611e+00,1.884122806019896457e+00
6.916666666666666519e-01,2.490000000000000000e+02,2.356719475785545304e-01,9.575513282089292977e-02,1.414715226935306658e-01,1.801506734857924730e-01,-1.183743162514913294e+00,1.115683318696428117e+00,-1.877940971388571301e+00,1.883438997505460399e+00
6.920138888888889284e-01,2.491250000000000000e+02,2.352606884689296129e-01,9.614285718739082331e-02,1.408196973529185769e-01,1.808045221780626988e-01,-1.185114823846860954e+00,1.117613570651638133e+00,-1.876569092065389022e+00,1.882724326166236972e+00
6.923611111111110938e-01,2.492500000000000000e+02,2.348489473432980867e-01,9.653125650767926946e-02,1.401683524202010367e-01,1.814581173624329469e-01,-1.186519574712615821e+00,1.119571052529859889e+00,-1.875173821916164441e+00,1.881978792002225509e+00
6.927083333333333703e-01,2.493750000000000000e+02,2.344367127122385652e-01,9.692034023659255870e-02,1.395174960171925993e-01,1.821114483226448366e-01,-1.187957415112178117e+00,1.121555764331093386e+00,-1.873755160940897779e+00,1.881202395013426898e+00
6.930555555555555358e-01,2.495000000000000000e+02,2.340239730863297452e-01,9.731011782896502316e-02,1.388671362657080965e-01,1.827645043424393489e-01,-1.189428345045546731e+00,1.123567706055338178e+00,-1.872313109139589260e+00,1.880395135199840695e+00
6.934027777777778123e-01,2.496250000000000000e+02,2.336107169761498237e-01,9.770059873963132802e-02,1.382172812875617218e-01,1.834172747055584918e-01,-1.190932364512723440e+00,1.125606877702595598e+00,-1.870847666512237106e+00,1.879557012561466678e+00
6.937499999999999778e-01,2.497500000000000000e+02,2.331969328922776918e-01,9.809179242342545846e-02,1.375679392045684735e-01,1.840697486957429962e-01,-1.192469473513706912e+00,1.127673279272864093e+00,-1.869358833058843983e+00,1.878688027098305735e+00
6.940972222222222543e-01,2.498750000000000000e+02,2.327826093452915468e-01,9.848370833518217682e-02,1.369191181385424061e-01,1.847219155967348703e-01,-1.194039672048498479e+00,1.129766910766145438e+00,-1.867846608779407003e+00,1.877788178810356756e+00
6.944444444444444198e-01,2.500000000000000000e+02,2.323677348457702241e-01,9.887635592973560705e-02,1.362708262112987956e-01,1.853737646922749838e-01,-1.195642960117096587e+00,1.131887772182437635e+00,-1.866310993673928387e+00,1.876857467697620852e+00
6.947916666666666963e-01,2.501250000000000000e+02,2.319522979042920041e-01,9.926974466192030333e-02,1.356230715446516411e-01,1.860252852661052614e-01,-1.197279337719502568e+00,1.134035863521742460e+00,-1.864751987742407469e+00,1.875895893760097133e+00
6.951388888888888618e-01,2.502500000000000000e+02,2.315362870314355559e-01,9.966388398657055614e-02,1.349758622604157188e-01,1.866764666019668506e-01,-1.198948804855715977e+00,1.136211184784059691e+00,-1.863169590984843138e+00,1.874903456997785378e+00
6.954861111111111382e-01,2.503750000000000000e+02,2.311196907377793819e-01,1.000587833585207947e-01,1.343292064804057218e-01,1.873272979836010654e-01,-1.200651361525736593e+00,1.138413735969388441e+00,-1.861563803401236727e+00,1.873880157410686476e+00
6.958333333333334147e-01,2.505000000000000284e+02,2.307024975339020678e-01,1.004544522326053513e-01,1.336831123264362320e-01,1.879777686947493587e-01,-1.202387007729564639e+00,1.140643517077729374e+00,-1.859934624991588237e+00,1.872825994998799315e+00
6.961805555555555802e-01,2.506250000000000000e+02,2.302846959303823104e-01,1.008509000636584052e-01,1.330375879203220535e-01,1.886278680191528223e-01,-1.204155743467199002e+00,1.142900528109080938e+00,-1.858282055755898332e+00,1.871740969762125673e+00
6.965277777777778567e-01,2.507500000000000284e+02,2.298662744377983069e-01,1.012481363065147189e-01,1.323926413838773242e-01,1.892775852405534087e-01,-1.205957568738641905e+00,1.145184769063445795e+00,-1.856606095694164793e+00,1.870625081700664216e+00
6.968750000000000222e-01,2.508750000000000000e+02,2.294472215667289205e-01,1.016461704160083468e-01,1.317482808389172089e-01,1.899269096426919878e-01,-1.207792483543891127e+00,1.147496239940821061e+00,-1.854906744806389174e+00,1.869478330814415168e+00
6.972222222222222987e-01,2.510000000000000284e+02,2.290275258277523762e-01,1.020450118469739126e-01,1.311045144072556512e-01,1.905758305093104565e-01,-1.209660487882948221e+00,1.149834940741209399e+00,-1.853184003092571031e+00,1.868300717103378528e+00
6.975694444444444642e-01,2.511250000000000000e+02,2.286071757314473707e-01,1.024446700542457622e-01,1.304613502107075662e-01,1.912243371241499623e-01,-1.211561581755812522e+00,1.152200871464609699e+00,-1.851437870552710141e+00,1.867092240567554073e+00
6.979166666666667407e-01,2.512500000000000284e+02,2.281861597883924619e-01,1.028451544926581585e-01,1.298187963710875914e-01,1.918724187709519025e-01,-1.213495765162484696e+00,1.154594032111022184e+00,-1.849668347186806949e+00,1.865852901206942471e+00
6.982638888888889062e-01,2.513750000000000000e+02,2.277644665091663467e-01,1.032464746170453362e-01,1.291768610102105586e-01,1.925200647334574244e-01,-1.215463038102962967e+00,1.157014422680444854e+00,-1.847875432994862122e+00,1.864582699021543277e+00
6.986111111111111827e-01,2.515000000000000284e+02,2.273420844043471944e-01,1.036486398822420857e-01,1.285355522498905778e-01,1.931672642954083696e-01,-1.217463400577249555e+00,1.159462043172881263e+00,-1.846059127976874326e+00,1.863281634011356491e+00
6.989583333333333481e-01,2.516250000000000000e+02,2.269190019845139239e-01,1.040516597430823781e-01,1.278948782119427030e-01,1.938140067405456912e-01,-1.219496852585342461e+00,1.161936893588327857e+00,-1.844219432132844894e+00,1.861949706176382557e+00
6.993055555555556246e-01,2.517500000000000284e+02,2.264952077602447322e-01,1.044555436544009480e-01,1.272548470181810165e-01,1.944602813526112584e-01,-1.221563394127243685e+00,1.164438973926787968e+00,-1.842356345462772271e+00,1.860586915516620365e+00
6.996527777777777901e-01,2.518750000000000000e+02,2.260706902421184550e-01,1.048603010710318501e-01,1.266154667904207110e-01,1.951060774153459687e-01,-1.223663025202951227e+00,1.166968284188258487e+00,-1.840469867966657569e+00,1.859193262032071692e+00
7.000000000000000666e-01,2.520000000000000284e+02,2.256454379407133448e-01,1.052659414478097494e-01,1.259767456504758132e-01,1.957513842124916637e-01,-1.225795745812467086e+00,1.169524824372742078e+00,-1.838559999644499676e+00,1.857768745722734316e+00
7.003472222222222321e-01,2.521250000000000000e+02,2.252194393666080985e-01,1.056724742395689365e-01,1.253386917201611550e-01,1.963961910277896017e-01,-1.227961555955789930e+00,1.172108594480237631e+00,-1.836626740496300370e+00,1.856313366588610014e+00
7.006944444444445086e-01,2.522500000000000284e+02,2.247926830303812185e-01,1.060799089011437296e-01,1.247013131212913878e-01,1.970404871449810968e-01,-1.230160455632920646e+00,1.174719594510745146e+00,-1.834670090522057651e+00,1.854827124629697677e+00
7.010416666666666741e-01,2.523750000000000000e+02,2.243651574426114570e-01,1.064882548873683499e-01,1.240646179756813156e-01,1.976842618478072966e-01,-1.232392444843857238e+00,1.177357824464263292e+00,-1.832690049721773962e+00,1.853310019845998635e+00
7.013888888888889506e-01,2.525000000000000284e+02,2.239368511138769835e-01,1.068975216530775457e-01,1.234286144051451040e-01,1.983275044200101256e-01,-1.234657523588602146e+00,1.180023284340794509e+00,-1.830686618095446638e+00,1.851762052237512002e+00
7.017361111111111160e-01,2.526250000000000000e+02,2.235077525547567168e-01,1.073077186531052885e-01,1.227933105314977791e-01,1.989702041453303982e-01,-1.236955691867153595e+00,1.182715974140336801e+00,-1.828659795643077679e+00,1.850183221804237332e+00
7.020833333333333925e-01,2.527500000000000284e+02,2.230778502758287984e-01,1.077188553422864098e-01,1.221587144765534788e-01,1.996123503075100947e-01,-1.239286949679513361e+00,1.185435893862891943e+00,-1.826609582364666196e+00,1.848573528546174849e+00
7.024305555555555580e-01,2.528750000000000000e+02,2.226471327876720085e-01,1.081309411754550198e-01,1.215248343621270211e-01,2.002539321902903346e-01,-1.241651297025680334e+00,1.188183043508458603e+00,-1.824535978260211300e+00,1.846932972463325440e+00
7.027777777777778345e-01,2.530000000000000284e+02,2.222155886008648218e-01,1.085439856074455339e-01,1.208916783100330156e-01,2.008949390774124599e-01,-1.244048733905654291e+00,1.190957423077037447e+00,-1.822438983329714324e+00,1.845261553555688216e+00
7.031250000000000000e-01,2.531250000000000000e+02,2.217832062259859627e-01,1.089579980930921177e-01,1.202592544420863080e-01,2.015353602526177290e-01,-1.246479260319435012e+00,1.193759032568627365e+00,-1.820318597573176378e+00,1.843559271823263845e+00
7.034722222222222765e-01,2.532500000000000284e+02,2.213499741736136839e-01,1.093729880872296029e-01,1.196275708801010224e-01,2.021751849996479000e-01,-1.248942876267024271e+00,1.196587871983229912e+00,-1.818174820990594798e+00,1.841826127266051216e+00
7.038194444444444420e-01,2.533750000000000000e+02,2.209158809543267654e-01,1.097889650446919191e-01,1.189966357458922402e-01,2.028144026022440094e-01,-1.251439581748419183e+00,1.199443941320843088e+00,-1.816007653581971582e+00,1.840062119884051661e+00
7.041666666666667185e-01,2.535000000000000284e+02,2.204809150787035155e-01,1.102059384203137732e-01,1.183664571612740302e-01,2.034530023441477875e-01,-1.253969376763622856e+00,1.202327240581469558e+00,-1.813817095347304953e+00,1.838267249677264292e+00
7.045138888888888840e-01,2.536250000000000000e+02,2.200450650573227140e-01,1.106239176689293446e-01,1.177370432480615431e-01,2.040909735091002430e-01,-1.256532261312632404e+00,1.205237769765106881e+00,-1.811603146286597354e+00,1.836441516645689775e+00
7.048611111111111605e-01,2.537500000000000284e+02,2.196083194007626138e-01,1.110429122453732015e-01,1.171084021280688475e-01,2.047283053808432451e-01,-1.259128235395450490e+00,1.208175528871757276e+00,-1.809365806399845900e+00,1.834584920789327667e+00
7.052083333333333259e-01,2.538750000000000000e+02,2.191706666258439740e-01,1.114629316044796203e-01,1.164805419231108030e-01,2.053649872431178858e-01,-1.261756947188684475e+00,1.211140517901419411e+00,-1.807105075687052365e+00,1.832697462108177744e+00
7.055555555555556024e-01,2.540000000000000284e+02,2.187320978826595430e-01,1.118839852010829888e-01,1.158534707550019638e-01,2.060010083796656732e-01,-1.264399537677848961e+00,1.214132736854093286e+00,-1.804820954148216083e+00,1.830779140602240007e+00
7.059027777777777679e-01,2.541250000000000000e+02,2.182926110273702980e-01,1.123060824900175003e-01,1.152271967455572449e-01,2.066363580742276163e-01,-1.267045272912846521e+00,1.217152185729778235e+00,-1.802513441783338388e+00,1.828829956271515345e+00
7.062500000000000444e-01,2.542500000000000284e+02,2.178522049680504391e-01,1.127292329261178200e-01,1.146017280165907287e-01,2.072710256105457227e-01,-1.269694152893679817e+00,1.220198864528476035e+00,-1.800182538592417725e+00,1.826849909116002646e+00
7.065972222222222099e-01,2.543750000000000000e+02,2.174108786127745829e-01,1.131534459642181134e-01,1.139770726899174552e-01,2.079050002723608070e-01,-1.272346177620347074e+00,1.223272773250184686e+00,-1.797828244575455425e+00,1.824838999135703244e+00
7.069444444444444864e-01,2.545000000000000284e+02,2.169686308696167076e-01,1.135787310591530180e-01,1.133532388873515484e-01,2.085382713434147939e-01,-1.275001347092849846e+00,1.226373911894906410e+00,-1.795450559732449713e+00,1.822797226330615361e+00
7.072916666666666519e-01,2.546250000000000000e+02,2.165254606466514020e-01,1.140050976657566995e-01,1.127302347307079650e-01,2.091708281074488029e-01,-1.277659661311187245e+00,1.229502280462639874e+00,-1.793049484063402144e+00,1.820724590700740109e+00
7.076388888888889284e-01,2.547500000000000000e+02,2.160813668519530051e-01,1.144325552388636286e-01,1.121080683418011620e-01,2.098026598482042593e-01,-1.280321120275359492e+00,1.232657878953385522e+00,-1.790625017568311605e+00,1.818621092246076820e+00
7.079861111111110938e-01,2.548750000000000000e+02,2.156363483935961334e-01,1.148611132333079571e-01,1.114867478424460129e-01,2.104337558494223104e-01,-1.282985723985364812e+00,1.235840707367141578e+00,-1.788177160247179431e+00,1.816486730966627494e+00
7.083333333333333703e-01,2.550000000000000000e+02,2.151904041796547096e-01,1.152907811039244473e-01,1.108662813544566417e-01,2.110641053948447976e-01,-1.285653472441206535e+00,1.239050765703910928e+00,-1.785705912100004289e+00,1.814321506862389022e+00
7.086805555555555358e-01,2.551250000000000000e+02,2.147435331182034612e-01,1.157215683055470706e-01,1.102466769996481438e-01,2.116936977682126464e-01,-1.288324365642881331e+00,1.242288053963691130e+00,-1.783211273126787288e+00,1.812125419933365400e+00
7.090277777777778123e-01,2.552500000000000000e+02,2.142957341173164221e-01,1.161534842930106309e-01,1.096279428998346572e-01,2.123225222532678091e-01,-1.290998403590392307e+00,1.245552572146484183e+00,-1.780693243327527320e+00,1.809898470179551966e+00
7.093749999999999778e-01,2.553750000000000000e+02,2.138470060850682919e-01,1.165865385211491134e-01,1.090100871768312357e-01,2.129505681337510725e-01,-1.293675586283736356e+00,1.248844320252287865e+00,-1.778151822702225715e+00,1.807640657600952272e+00
7.097222222222222543e-01,2.555000000000000000e+02,2.133973479295329378e-01,1.170207404447974192e-01,1.083931179524516980e-01,2.135778246934046665e-01,-1.296355913722917474e+00,1.252163298281106174e+00,-1.775587011250880032e+00,1.805351982197563210e+00
7.100694444444444198e-01,2.556250000000000000e+02,2.129467585587853928e-01,1.174560995187892282e-01,1.077770433485116947e-01,2.142042812159689336e-01,-1.299039385907930999e+00,1.255509506232933559e+00,-1.772998808973493379e+00,1.803032443969388332e+00
7.104166666666666963e-01,2.557500000000000000e+02,2.124952368808994962e-01,1.178926251979594830e-01,1.071618714868250444e-01,2.148299269851860482e-01,-1.301726002838780705e+00,1.258882944107774238e+00,-1.770387215870063979e+00,1.800682042916425418e+00
7.107638888888888618e-01,2.558750000000000000e+02,2.120427818039500034e-01,1.183303269371421412e-01,1.065476104892068565e-01,2.154547512847968527e-01,-1.304415764515463483e+00,1.262283611905625547e+00,-1.767752231940592500e+00,1.798300779038675579e+00
7.111111111111111382e-01,2.560000000000000000e+02,2.115893922360108370e-01,1.187692141911720206e-01,1.059342684774712690e-01,2.160787433985432715e-01,-1.307108670937981776e+00,1.265711509626490150e+00,-1.765093857185078274e+00,1.795888652336137481e+00
7.114583333333334147e-01,2.561250000000000568e+02,2.111350670851565858e-01,1.192092964148832451e-01,1.053218535734330441e-01,2.167018926101664800e-01,-1.309804722106335362e+00,1.269166637270366715e+00,-1.762412091603521302e+00,1.793445662808811347e+00
7.118055555555555802e-01,2.562500000000000000e+02,2.106798052594618109e-01,1.196505830631100359e-01,1.047103738989070693e-01,2.173241882034075423e-01,-1.312503918020522020e+00,1.272648994837253689e+00,-1.759706935195923139e+00,1.790971810456699176e+00
7.121527777777778567e-01,2.563750000000000000e+02,2.102236056670005460e-01,1.200930835906871691e-01,1.040998375757074823e-01,2.179456194620084664e-01,-1.315206258680544860e+00,1.276158582327153956e+00,-1.756978387962281118e+00,1.788467095279798524e+00
7.125000000000000222e-01,2.565000000000000000e+02,2.097664672158472132e-01,1.205368074524488103e-01,1.034902527256490734e-01,2.185661756697102609e-01,-1.317911744086402104e+00,1.279695399740066186e+00,-1.754226449902597018e+00,1.785931517278110059e+00
7.128472222222222987e-01,2.566250000000000000e+02,2.093083888140762627e-01,1.209817641032293889e-01,1.028816274705464801e-01,2.191858461102544620e-01,-1.320620374238093753e+00,1.283259447075990156e+00,-1.751451121016870394e+00,1.783365076451634446e+00
7.131944444444444642e-01,2.567500000000000000e+02,2.088493693697622833e-01,1.214279629978630010e-01,1.022739699322145202e-01,2.198046200673820783e-01,-1.323332149135619584e+00,1.286850724334924756e+00,-1.748652401305102355e+00,1.780767772800371684e+00
7.135416666666667407e-01,2.568750000000000000e+02,2.083894077909791975e-01,1.218754135911844783e-01,1.016672882324673038e-01,2.204224868248350899e-01,-1.326047068778980709e+00,1.290469231516872650e+00,-1.745830290767290904e+00,1.778139606324320887e+00
7.138888888888889062e-01,2.570000000000000000e+02,2.079285029858017053e-01,1.223241253380278198e-01,1.010615904931199821e-01,2.210394356663543669e-01,-1.328765133168175350e+00,1.294114968621830730e+00,-1.742984789403438484e+00,1.775480577023482942e+00
7.142361111111111827e-01,2.571250000000000000e+02,2.074666538623038958e-01,1.227741076932277187e-01,1.004568848359865263e-01,2.216554558756818061e-01,-1.331486342303205950e+00,1.297787935649802549e+00,-1.740115897213541984e+00,1.772790684897857405e+00
7.145833333333333481e-01,2.572500000000000000e+02,2.070038593285602746e-01,1.232253701116183958e-01,9.985317938288189310e-02,2.222705367365584717e-01,-1.334210696184071177e+00,1.301488132600786551e+00,-1.737223614197603627e+00,1.770069929947443610e+00
7.149305555555556246e-01,2.573750000000000000e+02,2.065401182926452084e-01,1.236779220480342945e-01,9.925048225562067838e-02,2.228846675327258997e-01,-1.336938194810771252e+00,1.305215559474781850e+00,-1.734307940355622746e+00,1.767318312172242223e+00
7.152777777777777901e-01,2.575000000000000000e+02,2.060754296626332027e-01,1.241317729573095247e-01,9.864880157601768618e-02,2.234978375479251544e-01,-1.339668838183304400e+00,1.308970216271787779e+00,-1.731368875687600228e+00,1.764535831572254576e+00
7.156250000000000666e-01,2.576250000000000000e+02,2.056097923465982635e-01,1.245869322942788904e-01,9.804814546588699886e-02,2.241100360658981605e-01,-1.342402626301673729e+00,1.312752102991806780e+00,-1.728406420193534521e+00,1.761722488147478449e+00
7.159722222222222321e-01,2.577500000000000000e+02,2.051432052526152294e-01,1.250434095137763491e-01,9.744852204704375354e-02,2.247212523703857323e-01,-1.345139559165876353e+00,1.316561219634836633e+00,-1.725420573873427399e+00,1.758878281897915841e+00
7.163194444444445086e-01,2.578750000000000000e+02,2.046756672887579120e-01,1.255012140706366908e-01,9.684993944130208809e-02,2.253314757451298778e-01,-1.347879636775914713e+00,1.320397566200880002e+00,-1.722411336727277309e+00,1.756003212823564752e+00
7.166666666666666741e-01,2.580000000000000000e+02,2.042071773631012055e-01,1.259603554196939146e-01,9.625240577047698698e-02,2.259406954738714390e-01,-1.350622859131787035e+00,1.324261142689933335e+00,-1.719378708755085361e+00,1.753097280924427182e+00
7.170138888888889506e-01,2.581250000000000000e+02,2.037377343837190602e-01,1.264208430157827689e-01,9.565592915638264360e-02,2.265489008403522297e-01,-1.353369226233494649e+00,1.328151949102000184e+00,-1.716322689956849779e+00,1.750160486200500465e+00
7.173611111111111160e-01,2.582500000000000000e+02,2.032673372586859817e-01,1.268826863137374472e-01,9.506051772083386198e-02,2.271560811283135084e-01,-1.356118738081036890e+00,1.332069985437078996e+00,-1.713243280332571450e+00,1.747192828651786600e+00
7.177083333333333925e-01,2.583750000000000000e+02,2.027959848960763090e-01,1.273458947683923370e-01,9.446617958564525186e-02,2.277622256214965890e-01,-1.358871394674414423e+00,1.336015251695169770e+00,-1.710140479882251485e+00,1.744194308278285144e+00
7.180555555555555580e-01,2.585000000000000000e+02,2.023236762039646863e-01,1.278104778345816039e-01,9.387292287263168666e-02,2.283673236036426746e-01,-1.361627196013625030e+00,1.339987747876270952e+00,-1.707014288605889885e+00,1.741164925079997428e+00
7.184027777777778345e-01,2.586250000000000000e+02,2.018504100904250365e-01,1.282764449671400520e-01,9.328075570360722102e-02,2.289713643584936342e-01,-1.364386142098670929e+00,1.343987473980385428e+00,-1.703864706503484872e+00,1.738104679056921009e+00
7.187500000000000000e-01,2.587500000000000000e+02,2.013761854635321424e-01,1.287438056209015969e-01,9.268968620038700590e-02,2.295743371697903934e-01,-1.367148232929551455e+00,1.348014430007510089e+00,-1.700691733575038445e+00,1.735013570209057887e+00
7.190972222222222765e-01,2.588750000000000000e+02,2.009010012313599269e-01,1.292125692507011259e-01,9.209972248478505430e-02,2.301762313212747657e-01,-1.369913468506266829e+00,1.352068615957648712e+00,-1.697495369820548605e+00,1.731891598536406285e+00
7.194444444444444420e-01,2.590000000000000000e+02,2.004248563019829787e-01,1.296827453113726936e-01,9.151087267861626739e-02,2.307770360966879541e-01,-1.372681848828817275e+00,1.356150031830798852e+00,-1.694275615240016686e+00,1.728738764038967313e+00
7.197916666666667185e-01,2.591250000000000000e+02,1.999477495834756369e-01,1.301543432577507431e-01,9.092314490369532431e-02,2.313767407797713560e-01,-1.375453373897202569e+00,1.360258677626961177e+00,-1.691032469833441798e+00,1.725555066716740527e+00
7.201388888888888840e-01,2.592500000000000000e+02,1.994696799839125456e-01,1.306273725446694955e-01,9.033654728183690419e-02,2.319753346542660910e-01,-1.378228043711420936e+00,1.364394553346133465e+00,-1.687765933600825941e+00,1.722340506569727481e+00
7.204861111111111605e-01,2.593750000000000000e+02,1.989906464113675721e-01,1.311018426269636439e-01,8.975108793485524206e-02,2.325728070039140283e-01,-1.381005858271475262e+00,1.368557658988319492e+00,-1.684476006542166671e+00,1.719095083597925733e+00
7.208333333333333259e-01,2.595000000000000000e+02,1.985106477739154995e-01,1.315777629594672149e-01,8.916677498456533624e-02,2.331691471124561210e-01,-1.383786817577363326e+00,1.372747994553515483e+00,-1.681162688657465987e+00,1.715818797801337947e+00
7.211805555555556024e-01,2.596250000000000000e+02,1.980296829796303892e-01,1.320551429970149848e-01,8.858361655278139402e-02,2.337643442636342661e-01,-1.386570921629086905e+00,1.376965560041725434e+00,-1.677825979946721890e+00,1.712511649179961237e+00
7.215277777777777679e-01,2.597500000000000000e+02,1.975477509365868301e-01,1.325339921944409249e-01,8.800162076131841371e-02,2.343583877411893057e-01,-1.389358170426643779e+00,1.381210355452945571e+00,-1.674465880409936158e+00,1.709173637733798046e+00
7.218750000000000444e-01,2.598750000000000000e+02,1.970648505528588834e-01,1.330143200065798392e-01,8.742079573199053322e-02,2.349512668288631367e-01,-1.392148563970037056e+00,1.385482380787178780e+00,-1.671082390047107014e+00,1.705804763462846596e+00
7.222222222222222099e-01,2.600000000000000000e+02,1.965809807365211659e-01,1.334961358882658655e-01,8.684114958661259820e-02,2.355429708103969344e-01,-1.394942102259264516e+00,1.389781636044424395e+00,-1.667675508858235345e+00,1.702405026367106888e+00
7.225694444444444864e-01,2.601250000000000000e+02,1.960961403956479887e-01,1.339794492943333915e-01,8.626269044699921840e-02,2.361334889695320127e-01,-1.397738785294326602e+00,1.394108121224681973e+00,-1.664245236843321152e+00,1.698974426446580033e+00
7.229166666666666519e-01,2.602500000000000000e+02,1.956103284383138852e-01,1.344642696796166104e-01,8.568542643496521172e-02,2.367228105900096580e-01,-1.400538613075222649e+00,1.398461836327949737e+00,-1.660791574002366877e+00,1.695512963701266917e+00
7.232638888888889284e-01,2.603750000000000000e+02,1.951235437725928057e-01,1.349506064989502985e-01,8.510936567232477157e-02,2.373109249555716282e-01,-1.403341585601954211e+00,1.402842781354230794e+00,-1.657314520335367636e+00,1.692020638131164434e+00
7.236111111111110938e-01,2.605000000000000000e+02,1.946357853065595889e-01,1.354384692071684271e-01,8.453451628089279912e-02,2.378978213499588767e-01,-1.406147702874519290e+00,1.407250956303522260e+00,-1.653814075842327869e+00,1.688497449736276801e+00
7.239583333333333703e-01,2.606250000000000000e+02,1.941470519482881574e-01,1.359278672591058001e-01,8.396088638248364044e-02,2.384834890569133281e-01,-1.408956964892920327e+00,1.411686361175827242e+00,-1.650290240523244467e+00,1.684943398516599800e+00
7.243055555555555358e-01,2.607500000000000000e+02,1.936573426058530445e-01,1.364188101095965555e-01,8.338848409891191915e-02,2.390679173601760465e-01,-1.411769371657155769e+00,1.416148995971143743e+00,-1.646743014378118097e+00,1.681358484472134762e+00
7.246527777777778123e-01,2.608750000000000000e+02,1.931666561873286447e-01,1.369113050302556978e-01,8.281731755199239764e-02,2.396510955434884571e-01,-1.414584923167226282e+00,1.420617614721134236e+00,-1.643172397406950092e+00,1.677742707602882799e+00
7.249999999999999778e-01,2.610000000000000000e+02,1.926749916007895191e-01,1.374053470367092022e-01,8.224739486353982443e-02,2.402330128905918183e-01,-1.417403619423129868e+00,1.425059896434927698e+00,-1.639578389609740894e+00,1.674096067908844354e+00
7.253472222222222543e-01,2.611250000000000000e+02,1.921823477543096459e-01,1.379009268708235314e-01,8.167872415536836517e-02,2.408136586852278049e-01,-1.420225460424868968e+00,1.429475502045989721e+00,-1.635960990986487396e+00,1.670418565390017207e+00
7.256944444444444198e-01,2.612500000000000000e+02,1.916887235559637803e-01,1.383980352700625582e-01,8.111131354929303205e-02,2.413930222111374257e-01,-1.423050446172442252e+00,1.433864431554316976e+00,-1.632320201537193149e+00,1.666710200046403800e+00
7.260416666666666963e-01,2.613750000000000000e+02,1.911941179138258451e-01,1.388966629718909607e-01,8.054517116712803237e-02,2.419710927520626331e-01,-1.425878576665851050e+00,1.438226684959912793e+00,-1.628656021261855269e+00,1.662970971878001247e+00
7.263888888888888618e-01,2.615000000000000000e+02,1.906985297359706510e-01,1.393968007137727783e-01,7.998030513068836445e-02,2.425478595917442137e-01,-1.428709851905093364e+00,1.442562262262773620e+00,-1.624968450160476197e+00,1.659200880884813101e+00
7.267361111111111382e-01,2.616250000000000000e+02,1.902019579304721764e-01,1.398984392331726057e-01,7.941672356178818004e-02,2.431233120139241199e-01,-1.431544271890171638e+00,1.446871163462902787e+00,-1.621257488233053490e+00,1.655399927066835364e+00
7.270833333333334147e-01,2.617500000000000568e+02,1.897044014054049266e-01,1.404015692675546767e-01,7.885443458224235258e-02,2.436974393023434993e-01,-1.434381836621084538e+00,1.451153388560298740e+00,-1.617523135479588259e+00,1.651568110424070923e+00
7.274305555555555802e-01,2.618750000000000000e+02,1.892058590688432962e-01,1.409061815543833085e-01,7.829344631386536690e-02,2.442702307407437212e-01,-1.437222546097831843e+00,1.455408937554961701e+00,-1.613765391900080726e+00,1.647705430956518224e+00
7.277777777777778567e-01,2.620000000000000000e+02,1.887063298288616520e-01,1.414122668311227904e-01,7.773376687847199928e-02,2.448416756128661553e-01,-1.440066400320414219e+00,1.459637810446891448e+00,-1.609984257494530446e+00,1.643811888664178156e+00
7.281250000000000222e-01,2.621250000000000000e+02,1.882058125935345272e-01,1.419198158352372729e-01,7.717540439787690110e-02,2.454117632024519768e-01,-1.442913399288829890e+00,1.463840007236085983e+00,-1.606179732262939641e+00,1.639887483547052049e+00
7.284722222222222987e-01,2.622500000000000000e+02,1.877043062709359000e-01,1.424288193041914341e-01,7.661836699389430738e-02,2.459804827932431104e-01,-1.445763543003080853e+00,1.468015527922549524e+00,-1.602351816205304536e+00,1.635932215605137241e+00
7.288194444444444642e-01,2.623750000000000000e+02,1.872018097691405536e-01,1.429392679754492856e-01,7.606266278833927197e-02,2.465478236689803981e-01,-1.448616831463165777e+00,1.472164372506278074e+00,-1.598500509321629126e+00,1.631946084838435951e+00
7.291666666666667407e-01,2.625000000000000000e+02,1.866983219962224383e-01,1.434511525864755055e-01,7.550829990302587724e-02,2.471137751134057647e-01,-1.451473264669086660e+00,1.476286540987274964e+00,-1.594625811611909194e+00,1.627929091246945958e+00
7.295138888888889062e-01,2.626250000000000000e+02,1.861938418602561152e-01,1.439644638747342442e-01,7.495528645976903825e-02,2.476783264102602744e-01,-1.454332842620841948e+00,1.480382033365538641e+00,-1.590727723076146960e+00,1.623881234830668152e+00
7.298611111111111827e-01,2.627500000000000000e+02,1.856883682693159510e-01,1.444791925776898189e-01,7.440363058038329536e-02,2.482414668432854354e-01,-1.457195565318432084e+00,1.484450849641069325e+00,-1.586806243714342868e+00,1.619802515589602976e+00
7.302083333333333481e-01,2.628750000000000000e+02,1.851819001314765067e-01,1.449953294328063524e-01,7.385334038668348033e-02,2.488031856962223676e-01,-1.460061432761855738e+00,1.488492989813865019e+00,-1.582861373526497362e+00,1.615692933523751984e+00
7.305555555555556246e-01,2.630000000000000000e+02,1.846744363548117329e-01,1.455128651775486059e-01,7.330442400048371721e-02,2.493634722528129122e-01,-1.462930444951114906e+00,1.492508453883929054e+00,-1.578893112512608221e+00,1.611552488633111624e+00
7.309027777777777901e-01,2.631250000000000000e+02,1.841659758473964126e-01,1.460317905493804802e-01,7.275688954359908756e-02,2.499223157967979947e-01,-1.465802601886207812e+00,1.496497241851258764e+00,-1.574901460672677667e+00,1.607381180917685448e+00
7.312500000000000666e-01,2.632500000000000000e+02,1.836565175173044961e-01,1.465520962857666809e-01,7.221074513784374316e-02,2.504797056119195120e-01,-1.468677903567136456e+00,1.500459353715856370e+00,-1.570886418006704144e+00,1.603179010377469682e+00
7.315972222222222321e-01,2.633750000000000000e+02,1.831460602726107667e-01,1.470737731241712198e-01,7.166599890503268233e-02,2.510356309819182785e-01,-1.471556349993898616e+00,1.504394789477719430e+00,-1.566847984514688763e+00,1.598945977012468989e+00
7.319444444444445086e-01,2.635000000000000000e+02,1.826346030213889526e-01,1.475968118020589415e-01,7.112265896697990419e-02,2.515900811905365519e-01,-1.474437941166497845e+00,1.508303549136852384e+00,-1.562786160196628416e+00,1.594682080822676484e+00
7.322916666666666741e-01,2.636250000000000000e+02,1.821221446717141978e-01,1.481212030568933857e-01,7.058073344550086503e-02,2.521430455215146749e-01,-1.477322677084929259e+00,1.512185632693249238e+00,-1.558700945052528430e+00,1.590387321808100385e+00
7.326388888888889506e-01,2.637500000000000000e+02,1.816086841316603695e-01,1.486469376261395081e-01,7.004023046240948069e-02,2.526945132585948217e-01,-1.480210557749196854e+00,1.516041040146913987e+00,-1.554592339082384811e+00,1.586061699968734695e+00
7.329861111111111160e-01,2.638750000000000000e+02,1.810942203093021119e-01,1.491740062472612371e-01,6.950115813952080501e-02,2.532444736855177791e-01,-1.483101583159297299e+00,1.519869771497844413e+00,-1.550460342286200444e+00,1.581705215304583412e+00
7.333333333333333925e-01,2.640000000000000000e+02,1.805787521127134865e-01,1.497023996577232785e-01,6.896352459864901752e-02,2.537929160860255551e-01,-1.485995753315233925e+00,1.523671826746042957e+00,-1.546304954663972220e+00,1.577317867815642982e+00
7.336805555555555580e-01,2.641250000000000000e+02,1.800622784499691931e-01,1.502321085949895607e-01,6.842733796160910265e-02,2.543398297438590472e-01,-1.488893068217004068e+00,1.527447205891506954e+00,-1.542126176215702582e+00,1.572899657501916515e+00
7.340277777777778345e-01,2.642500000000000000e+02,1.795447982291431821e-01,1.507631237965249005e-01,6.789260635021525381e-02,2.548852039427600413e-01,-1.491793527864609947e+00,1.531195908934239069e+00,-1.537924006941389310e+00,1.568450584363400901e+00
7.343750000000000000e-01,2.643750000000000000e+02,1.790263103583100701e-01,1.512954359997932818e-01,6.735933788628230279e-02,2.554290279664698238e-01,-1.494697132258050676e+00,1.534917935874238415e+00,-1.533698446841033070e+00,1.563970648400097252e+00
7.347222222222222765e-01,2.645000000000000000e+02,1.785068137455441961e-01,1.518290359422591607e-01,6.682754069162478994e-02,2.559712910987296253e-01,-1.497603881397325587e+00,1.538613286711504102e+00,-1.529449495914635193e+00,1.559459849612006677e+00
7.350694444444444420e-01,2.646250000000000000e+02,1.779863072989201211e-01,1.523639143613865210e-01,6.629722288805758867e-02,2.565119826232807876e-01,-1.500513775282434681e+00,1.542281961446035465e+00,-1.525177154162196347e+00,1.554918187999130286e+00
7.354166666666667185e-01,2.647500000000000000e+02,1.774647899265118234e-01,1.529000619946402628e-01,6.576839259739486465e-02,2.570510918238649856e-01,-1.503426813913379068e+00,1.545923960077834725e+00,-1.520881421583713422e+00,1.550345663561464526e+00
7.357638888888888840e-01,2.648750000000000000e+02,1.769422605363940026e-01,1.534374695794841481e-01,6.524105794145160231e-02,2.575886079842233389e-01,-1.506342997290156971e+00,1.549539282606899659e+00,-1.516562298179189305e+00,1.545742276299012952e+00
7.361111111111111605e-01,2.650000000000000000e+02,1.764187180366406926e-01,1.539761278533830768e-01,6.471522704204203669e-02,2.581245203880974670e-01,-1.509262325412770833e+00,1.553127929033232713e+00,-1.512219783948621998e+00,1.541108026211771787e+00
7.364583333333333259e-01,2.651250000000000000e+02,1.758941613353266764e-01,1.545160275538008665e-01,6.419090802098111059e-02,2.586588183192285451e-01,-1.512184798281218212e+00,1.556689899356831441e+00,-1.507853878892013721e+00,1.536442913299745694e+00
7.368055555555556024e-01,2.652500000000000000e+02,1.753685893405255714e-01,1.550571594182025004e-01,6.366810900008287866e-02,2.591914910613585254e-01,-1.515110415895502438e+00,1.560225193577699176e+00,-1.503464583009359146e+00,1.531746937562927791e+00
7.371527777777777679e-01,2.653750000000000000e+02,1.748420009603127434e-01,1.555995141840514073e-01,6.314683810116265839e-02,2.597225278982278618e-01,-1.518039178255619071e+00,1.563733811695831255e+00,-1.499051896300665820e+00,1.527020099001326070e+00
7.375000000000000444e-01,2.655000000000000000e+02,1.743143951027618099e-01,1.561430825888126539e-01,6.262710344603454604e-02,2.602519181135786730e-01,-1.520971085361571662e+00,1.567215753711231674e+00,-1.494615818765928195e+00,1.522262397614934981e+00
7.378472222222222099e-01,2.656250000000000000e+02,1.737857706759476373e-01,1.566878553699500021e-01,6.210891315651348443e-02,2.607796509911519678e-01,-1.523906137213357548e+00,1.570671019623897768e+00,-1.490156350405150487e+00,1.517473833403758299e+00
7.381944444444444864e-01,2.657500000000000000e+02,1.732561265879440648e-01,1.572338232649284073e-01,6.159227535441366697e-02,2.613057158146894765e-01,-1.526844333810979393e+00,1.574099609433831759e+00,-1.485673491218328035e+00,1.512654406367792248e+00
7.385416666666666519e-01,2.658750000000000000e+02,1.727254617468259590e-01,1.577809770112116039e-01,6.107719816155013359e-02,2.618301018679322079e-01,-1.529785675154434532e+00,1.577501523141030981e+00,-1.481167241205465501e+00,1.507804116507040382e+00
7.388888888888889284e-01,2.660000000000000000e+02,1.721937750606672424e-01,1.583293073462643530e-01,6.056368969973701527e-02,2.623527984346219477e-01,-1.532730161243725409e+00,1.580876760745498544e+00,-1.476637600366558223e+00,1.502922963821499369e+00
7.392361111111110938e-01,2.661250000000000000e+02,1.716610654375424483e-01,1.588788050075508607e-01,6.005175809078919236e-02,2.628737947985000378e-01,-1.535677792078851578e+00,1.584225322247232670e+00,-1.472084568701609086e+00,1.498010948311170765e+00
7.395833333333333703e-01,2.662500000000000000e+02,1.711273317855259990e-01,1.594294607325354440e-01,5.954141145652119133e-02,2.633930802433075979e-01,-1.538628567659811486e+00,1.587547207646234027e+00,-1.467508146210617204e+00,1.493068069976054124e+00
7.399305555555555358e-01,2.663750000000000000e+02,1.705925730126924555e-01,1.599812652586821149e-01,5.903265791874787866e-02,2.639106440527859698e-01,-1.541582487986605576e+00,1.590842416942500837e+00,-1.462908332893584351e+00,1.488094328816152112e+00
7.402777777777778123e-01,2.665000000000000000e+02,1.700567880271156851e-01,1.605342093234557732e-01,5.852550559928336449e-02,2.644264755106769393e-01,-1.544539553059235182e+00,1.594110950136035321e+00,-1.458285128750508086e+00,1.483089724831461176e+00
7.406249999999999778e-01,2.666250000000000000e+02,1.695199757368706095e-01,1.610882836643202087e-01,5.801996261994271653e-02,2.649405639007215152e-01,-1.547499762877698304e+00,1.597352807226835703e+00,-1.453638533781390629e+00,1.478054258021984202e+00
7.409722222222222543e-01,2.667500000000000000e+02,1.689821350500310404e-01,1.616434790187402104e-01,5.751603710254008656e-02,2.654528985066614832e-01,-1.550463117441997607e+00,1.600567988214904203e+00,-1.448968547986229094e+00,1.472987928387717638e+00
7.413194444444444198e-01,2.668750000000000000e+02,1.684432648746716499e-01,1.621997861241799288e-01,5.701373716889032717e-02,2.659634686122380187e-01,-1.553429616752131093e+00,1.603756493100239489e+00,-1.444275171365025034e+00,1.467890735928663926e+00
7.416666666666666963e-01,2.670000000000000000e+02,1.679033641188666937e-01,1.627571957181036810e-01,5.651307094080800647e-02,2.664722635011925744e-01,-1.556399260808099649e+00,1.606918321882841560e+00,-1.439558403917779117e+00,1.462762680644822400e+00
7.420138888888888618e-01,2.671250000000000000e+02,1.673624316906908716e-01,1.633156985379755066e-01,5.601404654010790768e-02,2.669792724572663256e-01,-1.559372049609901278e+00,1.610053474562709086e+00,-1.434818245644491785e+00,1.457603762536195280e+00
7.423611111111111382e-01,2.672500000000000000e+02,1.668204664982180230e-01,1.638752853212602500e-01,5.551667208860428665e-02,2.674844847642008916e-01,-1.562347983157538645e+00,1.613161951139844730e+00,-1.430054696545160597e+00,1.452413981602778570e+00
7.427083333333334147e-01,2.673750000000000568e+02,1.662774674495227645e-01,1.644359468054219786e-01,5.502095570811185721e-02,2.679878897057377252e-01,-1.565327061451011303e+00,1.616243751614246937e+00,-1.425267756619787107e+00,1.447193337844574934e+00
7.430555555555555802e-01,2.675000000000000000e+02,1.657334334526797126e-01,1.649976737279248151e-01,5.452690552044543726e-02,2.684894765656178350e-01,-1.568309284490317035e+00,1.619298875985915265e+00,-1.420457425868373091e+00,1.441941831261584817e+00
7.434027777777778567e-01,2.676250000000000000e+02,1.651883634157626513e-01,1.655604568262336040e-01,5.403452964741926878e-02,2.689892346275830626e-01,-1.571294652275458503e+00,1.622327324254851044e+00,-1.415623704290915219e+00,1.436659461853805997e+00
7.437500000000000222e-01,2.677500000000000000e+02,1.646422562468465856e-01,1.661242868378120796e-01,5.354383621084832928e-02,2.694871531753744720e-01,-1.574283164806433710e+00,1.625329096421052943e+00,-1.410766591887415933e+00,1.431346229621241362e+00
7.440972222222222987e-01,2.678750000000000000e+02,1.640951108540052716e-01,1.666891545001251140e-01,5.305483333254682604e-02,2.699832214927337937e-01,-1.577274822083244432e+00,1.628304192484522517e+00,-1.405886088657873012e+00,1.426002134563886914e+00
7.444444444444444642e-01,2.680000000000000000e+02,1.635469261453133816e-01,1.672550505506368301e-01,5.256752913432955615e-02,2.704774288634022028e-01,-1.580269624105890225e+00,1.631252612445258876e+00,-1.400982194602287345e+00,1.420627176681745318e+00
7.447916666666667407e-01,2.681250000000000000e+02,1.629977010288452544e-01,1.678219657268114895e-01,5.208193173801107384e-02,2.709697645711211522e-01,-1.583267570874370422e+00,1.634174356303262243e+00,-1.396054909720659598e+00,1.415221355974815909e+00
7.451388888888889062e-01,2.682500000000000000e+02,1.624474344126755065e-01,1.683898907661132427e-01,5.159804926540624559e-02,2.714602178996318171e-01,-1.586268662388684358e+00,1.637069424058531286e+00,-1.391104234012991325e+00,1.409784672443101350e+00
7.454861111111111827e-01,2.683750000000000000e+02,1.618961252048779775e-01,1.689588164060068509e-01,5.111588983832919542e-02,2.719487781326759834e-01,-1.589272898648833587e+00,1.639937815711068225e+00,-1.386130167479278308e+00,1.404317126086596978e+00
7.458333333333333481e-01,2.685000000000000000e+02,1.613437723135275614e-01,1.695287333839561872e-01,5.063546157859499103e-02,2.724354345539945488e-01,-1.592280279654816555e+00,1.642779531260870840e+00,-1.381132710119525209e+00,1.398818716905307236e+00
7.461805555555556246e-01,2.686250000000000000e+02,1.607903746466980976e-01,1.700996324374260404e-01,5.015677260801779808e-02,2.729201764473294656e-01,-1.595290805406635481e+00,1.645594570707941351e+00,-1.376111861933727365e+00,1.393289444899227680e+00
7.465277777777777901e-01,2.687500000000000000e+02,1.602359311124642582e-01,1.706715043038805335e-01,4.967983104841243447e-02,2.734029930964218535e-01,-1.598304475904289035e+00,1.648382934052278870e+00,-1.371067622921887663e+00,1.387729310068360755e+00
7.468750000000000666e-01,2.688750000000000000e+02,1.596804406189003267e-01,1.712443397207839557e-01,4.920464502159346137e-02,2.738838737850131100e-01,-1.601321291147777215e+00,1.651144621293882953e+00,-1.365999993084004993e+00,1.382138312412706016e+00
7.472222222222222321e-01,2.690000000000000000e+02,1.591239020740808918e-01,1.718181294256004576e-01,4.873122264937566894e-02,2.743628077968444101e-01,-1.604341251137098689e+00,1.653879632432752711e+00,-1.360908972420082463e+00,1.376516451932266127e+00
7.475694444444445086e-01,2.691250000000000000e+02,1.585663143860799873e-01,1.723928641557947172e-01,4.825957205357330609e-02,2.748397844156575953e-01,-1.607364355872256345e+00,1.656587967468890588e+00,-1.355794560930115411e+00,1.370863728627036426e+00
7.479166666666666741e-01,2.692500000000000000e+02,1.580076764629722852e-01,1.729685346488307462e-01,4.778970135600132951e-02,2.753147929251935633e-01,-1.610390605353247295e+00,1.659269626402294140e+00,-1.350656758614107833e+00,1.365180142497022020e+00
7.482638888888889506e-01,2.693750000000000000e+02,1.574479872128317359e-01,1.735451316421732504e-01,4.732161867847400200e-02,2.757878226091943219e-01,-1.613419999580073760e+00,1.661924609232965144e+00,-1.345495565472055732e+00,1.359465693542216913e+00
7.486111111111111160e-01,2.695000000000000000e+02,1.568872455437331781e-01,1.741226458732861027e-01,4.685533214280623859e-02,2.762588627514005468e-01,-1.616452538552733964e+00,1.664552915960902268e+00,-1.340310981503963106e+00,1.353720381762627323e+00
7.489583333333333925e-01,2.696250000000000000e+02,1.563254503637505344e-01,1.747010680796341475e-01,4.639084987081230210e-02,2.767279026355542459e-01,-1.619488222271230127e+00,1.667154546586107511e+00,-1.335103006709826179e+00,1.347944207158247476e+00
7.493055555555555580e-01,2.697500000000000000e+02,1.557626005809583658e-01,1.752803889986813968e-01,4.592817998430692716e-02,2.771949315453965945e-01,-1.622527050735560916e+00,1.669729501108579095e+00,-1.329871641089646950e+00,1.342137169729080259e+00
7.496527777777778345e-01,2.698750000000000000e+02,1.551986951034310391e-01,1.758605993678922785e-01,4.546733060510475821e-02,2.776599387646689898e-01,-1.625569023945726332e+00,1.672277779528317687e+00,-1.324616884643425641e+00,1.336299269475125229e+00
7.500000000000000000e-01,2.700000000000000000e+02,1.546337328392431154e-01,1.764416899247308046e-01,4.500830985502059928e-02,2.781229135771125516e-01,-1.628614141901725265e+00,1.674799381845322399e+00,-1.319338737371163806e+00,1.330430506396385271e+00
7.503472222222222765e-01,2.701250000000000000e+02,1.540677126964685728e-01,1.770236514066617639e-01,4.455112585586860213e-02,2.785838452664690656e-01,-1.631662404603559713e+00,1.677294308059594341e+00,-1.314037199272857226e+00,1.324530880492855278e+00
7.506944444444444420e-01,2.702500000000000000e+02,1.535006335831821944e-01,1.776064745511491128e-01,4.409578672946379285e-02,2.790427231164796518e-01,-1.634713812051228121e+00,1.679762558171132625e+00,-1.308712270348510565e+00,1.318600391764539914e+00
7.510416666666667185e-01,2.703750000000000000e+02,1.529324944074578474e-01,1.781901500956575568e-01,4.364230059762037178e-02,2.794995364108859293e-01,-1.637768364244732044e+00,1.682204132179938361e+00,-1.303363950598119159e+00,1.312639040211435404e+00
7.513888888888888840e-01,2.705000000000000000e+02,1.523632940773702038e-01,1.787746687776511911e-01,4.319067558215314989e-02,2.799542744334292954e-01,-1.640826061184070817e+00,1.684619030086010660e+00,-1.297992240021685229e+00,1.306646825833542636e+00
7.517361111111111605e-01,2.706250000000000000e+02,1.517930315009935471e-01,1.793600213345944716e-01,4.274091980487672304e-02,2.804069264678509255e-01,-1.643886902869244215e+00,1.687007251889350190e+00,-1.292597138619209440e+00,1.300623748630862719e+00
7.520833333333333259e-01,2.707500000000000000e+02,1.512217055864024939e-01,1.799461985039512990e-01,4.229304138760584669e-02,2.808574817978922167e-01,-1.646950889300250687e+00,1.689368797589955618e+00,-1.287178646390693126e+00,1.294569808603397432e+00
7.524305555555556024e-01,2.708750000000000000e+02,1.506493152416709946e-01,1.805331910231866288e-01,4.184704845215476282e-02,2.813059297072948439e-01,-1.650018020477093561e+00,1.691703667187828941e+00,-1.281736763336131846e+00,1.288485005751142332e+00
7.527777777777777679e-01,2.710000000000000000e+02,1.500758593748738323e-01,1.811209896297641953e-01,4.140294912033847669e-02,2.817522594797998159e-01,-1.653088296399769730e+00,1.694011860682967718e+00,-1.276271489455530928e+00,1.282369340074102082e+00
7.531250000000000444e-01,2.711250000000000000e+02,1.495013368940849019e-01,1.817095850611489261e-01,4.096075151397116088e-02,2.821964603991489184e-01,-1.656161717068281414e+00,1.696293378075374170e+00,-1.270782824748885265e+00,1.276222811572271798e+00
7.534722222222222099e-01,2.712500000000000000e+02,1.489257467073790697e-01,1.822989680548046110e-01,4.052046375486777208e-02,2.826385217490831603e-01,-1.659238282482627058e+00,1.698548219365046963e+00,-1.265270769216199520e+00,1.270045420245656587e+00
7.538194444444444864e-01,2.713750000000000000e+02,1.483490877228301474e-01,1.828891293481960112e-01,4.008209396484258696e-02,2.830784328133443273e-01,-1.662317992642808218e+00,1.700776384551987430e+00,-1.259735322857468809e+00,1.263837166094251341e+00
7.541666666666666519e-01,2.715000000000000000e+02,1.477713588485128349e-01,1.834800596787873050e-01,3.964565026571036099e-02,2.835161828756736502e-01,-1.665400847548824226e+00,1.702977873636194461e+00,-1.254176485672696018e+00,1.257598049118058503e+00
7.545138888888889284e-01,2.716250000000000000e+02,1.471925589925014155e-01,1.840717497840427819e-01,3.921114077928575248e-02,2.839517612198125263e-01,-1.668486847200674861e+00,1.705152686617668056e+00,-1.248594257661880702e+00,1.251328069317078073e+00
7.548611111111110938e-01,2.717500000000000000e+02,1.466126870628705614e-01,1.846641904014265090e-01,3.877857362738344055e-02,2.843851571295020753e-01,-1.671575991598358790e+00,1.707300823496407993e+00,-1.242988638825025083e+00,1.245027226691312716e+00
7.552083333333333703e-01,2.718750000000000000e+02,1.460317419676941120e-01,1.852573722684033031e-01,3.834795693181773657e-02,2.848163598884840830e-01,-1.674668280741878457e+00,1.709422284272415826e+00,-1.237359629162124941e+00,1.238695521240757325e+00
7.555555555555555358e-01,2.720000000000000000e+02,1.454497226150469058e-01,1.858512861224370372e-01,3.791929881440354866e-02,2.852453587804996693e-01,-1.677763714631232084e+00,1.711517068945689113e+00,-1.231707228673184717e+00,1.232332952965416784e+00
7.559027777777778123e-01,2.721250000000000000e+02,1.448666279130028101e-01,1.864459227009925557e-01,3.749260739695516043e-02,2.856721430892905089e-01,-1.680862293266421004e+00,1.713585177516230074e+00,-1.226031437358199749e+00,1.225939521865286430e+00
7.562499999999999778e-01,2.722500000000000000e+02,1.442824567696364968e-01,1.870412727415338150e-01,3.706789080128736896e-02,2.860967020985978326e-01,-1.683964016647444994e+00,1.715626609984038042e+00,-1.220332255217172257e+00,1.219515227940368263e+00
7.565972222222222543e-01,2.723750000000000000e+02,1.436972080930222773e-01,1.876373269815252709e-01,3.664515714921460360e-02,2.865190250921630377e-01,-1.687068884774303834e+00,1.717641366349113019e+00,-1.214609682250102463e+00,1.213060071190662725e+00
7.569444444444444198e-01,2.725000000000000000e+02,1.431108807912347403e-01,1.882340761584309630e-01,3.622441456255186265e-02,2.869391013537272994e-01,-1.690176897646995302e+00,1.719629446611453893e+00,-1.208863718456992586e+00,1.206574051616172261e+00
7.572916666666666963e-01,2.726250000000000000e+02,1.425234737723478362e-01,1.888315110097157079e-01,3.580567116311332565e-02,2.873569201670324591e-01,-1.693288055265523173e+00,1.721590850771062442e+00,-1.203094363837837966e+00,1.200057169216891539e+00
7.576388888888889728e-01,2.727500000000000568e+02,1.419349859444360984e-01,1.894296222728436008e-01,3.538893507271370642e-02,2.877724708158195810e-01,-1.696402357629885671e+00,1.723525578827936888e+00,-1.197301618392641043e+00,1.193509423992823670e+00
7.579861111111111382e-01,2.728750000000000000e+02,1.413454162155741711e-01,1.900284006852787366e-01,3.497421441316783675e-02,2.881857425838301179e-01,-1.699519804740081463e+00,1.725433630782078342e+00,-1.191485482121404038e+00,1.186930815943970430e+00
7.583333333333334147e-01,2.730000000000000568e+02,1.407547634938359216e-01,1.906278369844858211e-01,3.456151730628990310e-02,2.885967247548055781e-01,-1.702640396596113437e+00,1.727315006633487471e+00,-1.185645955024122067e+00,1.180321345070327155e+00
7.586805555555555802e-01,2.731250000000000000e+02,1.401630266872961883e-01,1.912279219079288939e-01,3.415085187389488991e-02,2.890054066124870813e-01,-1.705764133197978483e+00,1.729169706382162053e+00,-1.179783037100800236e+00,1.173681011371898952e+00
7.590277777777778567e-01,2.732500000000000000e+02,1.395702047040285887e-01,1.918286461930728548e-01,3.374222623779681712e-02,2.894117774406166355e-01,-1.708891014545681042e+00,1.730997730028105197e+00,-1.173896728351431218e+00,1.167009814848678051e+00
7.593750000000000222e-01,2.733750000000000000e+02,1.389762964521084887e-01,1.924300005773811051e-01,3.333564851981112021e-02,2.898158265229348052e-01,-1.712021040639215563e+00,1.732799077571313795e+00,-1.167987028776024339e+00,1.160307755500674887e+00
7.597222222222222987e-01,2.735000000000000000e+02,1.383813008396095334e-01,1.930319757983187667e-01,3.293112684175172195e-02,2.902175431431836539e-01,-1.715154211478586044e+00,1.734573749011789845e+00,-1.162053938374573159e+00,1.153574833327881244e+00
7.600694444444444642e-01,2.736250000000000000e+02,1.377852167746066170e-01,1.936345625933496017e-01,3.252866932543370393e-02,2.906169165851040792e-01,-1.718290527063789819e+00,1.736321744349532015e+00,-1.156097457147081675e+00,1.146811048330303118e+00
7.604166666666667407e-01,2.737500000000000000e+02,1.371880431651734400e-01,1.942377516999383713e-01,3.212828409267116242e-02,2.910139361324378671e-01,-1.721429987394829553e+00,1.738043063584541859e+00,-1.150117585093545447e+00,1.140016400507934513e+00
7.607638888888889062e-01,2.738750000000000000e+02,1.365897789193850076e-01,1.948415338555491150e-01,3.172997926527918594e-02,2.914085910689260261e-01,-1.724572592471702581e+00,1.739737706716817156e+00,-1.144114322213969137e+00,1.133190889860781203e+00
7.611111111111111827e-01,2.740000000000000000e+02,1.359904229453151869e-01,1.954458997976464552e-01,3.133376296507196096e-02,2.918008706783104533e-01,-1.727718342294411569e+00,1.741405673746360572e+00,-1.138087668508348083e+00,1.126334516388837859e+00
7.614583333333333481e-01,2.741250000000000000e+02,1.353899741510385113e-01,1.960508402636945702e-01,3.093964331386421865e-02,2.921907642443322128e-01,-1.730867236862955405e+00,1.743046964673170551e+00,-1.132037623976684726e+00,1.119447280092106478e+00
7.618055555555556246e-01,2.742500000000000000e+02,1.347884314446294307e-01,1.966563459911577494e-01,3.054762843347067283e-02,2.925782610507327575e-01,-1.734019276177333424e+00,1.744661579497247539e+00,-1.125964188618978623e+00,1.112529180970587950e+00
7.621527777777777901e-01,2.743750000000000000e+02,1.341857937341624785e-01,1.972624077175001434e-01,3.015772644570596447e-02,2.929633503812533180e-01,-1.737174460237545404e+00,1.746249518218590424e+00,-1.119867362435233105e+00,1.105580219024284494e+00
7.625000000000000666e-01,2.745000000000000000e+02,1.335820599277115495e-01,1.978690161801864578e-01,2.976994547238446739e-02,2.933460215196356247e-01,-1.740332789043593120e+00,1.747810780837200983e+00,-1.113747145425442397e+00,1.098600394253190782e+00
7.628472222222222321e-01,2.746250000000000000e+02,1.329772289333515101e-01,1.984761621166806489e-01,2.938429363532098562e-02,2.937262637496206863e-01,-1.743494262595473909e+00,1.749345367353077885e+00,-1.107603537589611831e+00,1.091589706657312586e+00
7.631944444444445086e-01,2.747500000000000000e+02,1.323712996591562274e-01,1.990838362644474779e-01,2.900077905632989297e-02,2.941040663549502887e-01,-1.746658880893191101e+00,1.750853277766222016e+00,-1.101436538927736075e+00,1.084548156236643690e+00
7.635416666666666741e-01,2.748750000000000000e+02,1.317642710132002903e-01,1.996920293609510400e-01,2.861940985722591022e-02,2.944794186193656071e-01,-1.749826643936742698e+00,1.752334512076632933e+00,-1.095246149439818240e+00,1.077475742991187424e+00
7.638888888888889506e-01,2.750000000000000000e+02,1.311561419035581211e-01,2.003007321436556520e-01,2.824019415982368872e-02,2.948523098266080944e-01,-1.752997551726128922e+00,1.753789070284310414e+00,-1.089032369125857880e+00,1.070372466920943344e+00
7.642361111111111160e-01,2.751250000000000000e+02,1.305469112383042529e-01,2.009099353500253815e-01,2.786314008593793190e-02,2.952227292604189257e-01,-1.756171604261348884e+00,1.755216952389254237e+00,-1.082795197985857660e+00,1.063238328025915003e+00
7.645833333333333925e-01,2.752500000000000000e+02,1.299365779255125808e-01,2.015196297175251283e-01,2.748825575738283317e-02,2.955906662045398314e-01,-1.759348801542404361e+00,1.756618158391465734e+00,-1.076534636019812696e+00,1.056073326306095961e+00
7.649305555555555580e-01,2.753750000000000000e+02,1.293251408732579988e-01,2.021298059836186267e-01,2.711554929597349492e-02,2.959561099427118758e-01,-1.762529143569293355e+00,1.757992688290943573e+00,-1.070250683227727651e+00,1.048877461761492436e+00
7.652777777777778345e-01,2.755000000000000000e+02,1.287125989896143463e-01,2.027404548857707489e-01,2.674502882352408281e-02,2.963190497586768446e-01,-1.765712630342018308e+00,1.759340542087688419e+00,-1.063943339609597416e+00,1.041650734392098432e+00
7.656250000000000000e-01,2.756250000000000000e+02,1.280989511826564342e-01,2.033515671614453402e-01,2.637670246184951189e-02,2.966794749361756911e-01,-1.768899261860576555e+00,1.760661719781699608e+00,-1.057612605165427766e+00,1.034393144197919945e+00
7.659722222222222765e-01,2.757500000000000000e+02,1.274841963604582407e-01,2.039631335481072172e-01,2.601057833276415251e-02,2.970373747589502011e-01,-1.772089038124970539e+00,1.761956221372978248e+00,-1.051258479895213149e+00,1.027104691178950757e+00
7.663194444444444420e-01,2.758750000000000000e+02,1.268683334310942712e-01,2.045751447832204195e-01,2.564666455808262829e-02,2.973927385107416055e-01,-1.775281959135199594e+00,1.763224046861523453e+00,-1.044880963798955786e+00,1.019785375335194200e+00
7.666666666666667185e-01,2.760000000000000000e+02,1.262513613026389481e-01,2.051875916042492920e-01,2.528496925961959060e-02,2.977455554752913569e-01,-1.778478024891263054e+00,1.764465196247335887e+00,-1.038480056876656343e+00,1.012435196666649828e+00
7.670138888888888840e-01,2.761250000000000000e+02,1.256332788831668879e-01,2.058004647486579852e-01,2.492550055918984347e-02,2.980958149363405751e-01,-1.781677235393160030e+00,1.765679669530414220e+00,-1.032055759128317041e+00,1.005054155173320973e+00
7.673611111111111605e-01,2.762500000000000000e+02,1.250140850807519022e-01,2.064137549539112604e-01,2.456826657860766705e-02,2.984435071294944675e-01,-1.784879590640892522e+00,1.766867466710759782e+00,-1.025608070553932549e+00,9.976614532378278444e-01
7.677083333333333259e-01,2.763750000000000000e+02,1.243937788203051398e-01,2.070274529574729350e-01,2.421327543968787577e-02,2.987886537865713787e-01,-1.788084141689439077e+00,1.768028587788371908e+00,-1.019136991153508420e+00,9.904130430524181739e-01
7.680555555555556024e-01,2.765000000000000000e+02,1.237723661292501748e-01,2.076415494968078534e-01,2.386053526424483651e-02,2.991313146257298938e-01,-1.791240021631389512e+00,1.769163032763251486e+00,-1.012642520927039325e+00,9.833431420274370005e-01
7.684027777777777679e-01,2.766250000000000000e+02,1.231498711227517751e-01,2.082560353093801386e-01,2.351005417409328391e-02,2.994715516293173785e-01,-1.794318278643938447e+00,1.770270801635397850e+00,-1.006124659874527483e+00,9.764517501628929841e-01
7.687500000000000444e-01,2.767500000000000000e+02,1.225263207532159698e-01,2.088709011326540799e-01,2.316184029104783812e-02,2.998094267796811430e-01,-1.797318912727084994e+00,1.771351894404811000e+00,-9.995834079959735607e-01,9.697388674587853474e-01
7.690972222222222099e-01,2.768750000000000000e+02,1.219017419730489826e-01,2.094861377040937167e-01,2.281590173692323378e-02,3.001450020591683865e-01,-1.800241923880829376e+00,1.772406311071490048e+00,-9.930187652913796681e-01,9.632044939151126473e-01
7.694444444444444864e-01,2.770000000000000000e+02,1.212761617346563986e-01,2.101017357611639769e-01,2.247224663353375798e-02,3.004783394501268079e-01,-1.803087312105172257e+00,1.773434051635436992e+00,-9.864307317607410308e-01,9.568486295318741064e-01
7.697916666666666519e-01,2.771250000000000000e+02,1.206496069904447188e-01,2.107176860413285946e-01,2.213088310269429454e-02,3.008095009349034954e-01,-1.805855077400112529e+00,1.774435116096649834e+00,-9.798193074040624229e-01,9.506712743090716122e-01
7.701388888888889284e-01,2.772500000000000000e+02,1.200221046928195007e-01,2.113339792820524699e-01,2.179181926621913748e-02,3.011385484958461478e-01,-1.808545219765651968e+00,1.775409504455129905e+00,-9.731844922213389593e-01,9.446724282467033884e-01
7.704861111111110938e-01,2.773750000000000000e+02,1.193936817941873146e-01,2.119506062207993646e-01,2.145506324592327124e-02,3.014655441153016868e-01,-1.811157739201788353e+00,1.776357216710876763e+00,-9.665262862125755250e-01,9.388520913447712113e-01
7.708333333333333703e-01,2.775000000000000000e+02,1.187643652469536765e-01,2.125675575950341512e-01,2.112062316362088923e-02,3.017905497756179778e-01,-1.813692635708523904e+00,1.777278252863890629e+00,-9.598446893777670130e-01,9.332102636032719722e-01
7.711805555555555358e-01,2.776250000000000000e+02,1.181341820035248930e-01,2.131848241422208967e-01,2.078850714112680936e-02,3.021136274591421089e-01,-1.816149909285858177e+00,1.778172612914171502e+00,-9.531397017169163099e-01,9.277469450222078917e-01
7.715277777777778123e-01,2.777500000000000000e+02,1.175031590163069933e-01,2.138023965998239184e-01,2.045872330025557198e-02,3.024348391482215015e-01,-1.818529559933789619e+00,1.779040296861718939e+00,-9.464113232300229717e-01,9.224621356015778595e-01
7.718749999999999778e-01,2.778750000000000000e+02,1.168713232377063121e-01,2.144202657053073113e-01,2.013127976282199152e-02,3.027542468252034102e-01,-1.820831587652318895e+00,1.779881304706532941e+00,-9.396595539170898848e-01,9.173558353413862054e-01
7.722222222222222543e-01,2.780000000000000000e+02,1.162387016201283235e-01,2.150384221961359477e-01,1.980618465064026140e-02,3.030719124724354230e-01,-1.823055992441447115e+00,1.780695636448614172e+00,-9.328843937781119422e-01,9.124280442416268233e-01
7.725694444444444198e-01,2.781250000000000000e+02,1.156053211159796257e-01,2.156568568097735616e-01,1.948344608552536952e-02,3.033878980722646834e-01,-1.825202774301172504e+00,1.781483292087961745e+00,-9.260858428130940290e-01,9.076787623023048202e-01
7.729166666666666963e-01,2.782500000000000000e+02,1.149712086776657205e-01,2.162755602836850810e-01,1.916307218929168971e-02,3.037022656070388904e-01,-1.827271933231496392e+00,1.782244271624576326e+00,-9.192639010220311491e-01,9.031079895234153110e-01
7.732638888888889728e-01,2.783750000000000568e+02,1.143363912575929286e-01,2.168945233553344620e-01,1.884507108375376577e-02,3.040150770591051876e-01,-1.829263469232419226e+00,1.782978575058457915e+00,-9.124185684049259670e-01,8.987157259049618485e-01
7.736111111111111382e-01,2.785000000000000000e+02,1.137008958081672516e-01,2.175137367621861606e-01,1.852945089072632889e-02,3.043263944108109409e-01,-1.831177382303940337e+00,1.783686202389606290e+00,-9.055498449617783718e-01,8.945019714469418792e-01
7.739583333333334147e-01,2.786250000000000568e+02,1.130647492817948019e-01,2.181331912417044661e-01,1.821621973202399922e-02,3.046362796445037380e-01,-1.833013672446058839e+00,1.784367153618021229e+00,-8.986577306925882525e-01,8.904667261493587338e-01
7.743055555555555802e-01,2.787500000000000000e+02,1.124279786308818307e-01,2.187528775313533624e-01,1.790538572946142118e-02,3.049447947425303895e-01,-1.834772339658774731e+00,1.785021428743702732e+00,-8.917422255973583844e-01,8.866099900122100808e-01
7.746527777777778567e-01,2.788750000000000000e+02,1.117906108078338123e-01,2.193727863685978330e-01,1.759695700485297207e-02,3.052520016872389830e-01,-1.836453383942089790e+00,1.785649027766651464e+00,-8.848033296760834387e-01,8.829317630354972524e-01
7.750000000000000222e-01,2.790000000000000000e+02,1.111526727650574420e-01,2.199929084909015842e-01,1.729094168001345591e-02,3.055579624609764400e-01,-1.838056805296002238e+00,1.786249950686866761e+00,-8.778410429287689665e-01,8.794320452192188053e-01
7.753472222222222987e-01,2.791250000000000000e+02,1.105141914549581938e-01,2.206132346357295437e-01,1.698734787675732633e-02,3.058627390460902928e-01,-1.839582603720513854e+00,1.786824197504349510e+00,-8.708553653554093055e-01,8.761108365633749617e-01
7.756944444444444642e-01,2.792500000000000000e+02,1.098751938299425135e-01,2.212337555405454459e-01,1.668618371689932142e-02,3.061663934249277963e-01,-1.841030779215622859e+00,1.787371768219098378e+00,-8.638462969560101179e-01,8.729681370679669428e-01
7.760416666666667407e-01,2.793750000000000000e+02,1.092357068424160971e-01,2.218544619428141629e-01,1.638745732225388788e-02,3.064689875798366492e-01,-1.842401331781330143e+00,1.787892662831114254e+00,-8.568138377305654085e-01,8.700039467329933052e-01
7.763888888888889062e-01,2.795000000000000000e+02,1.085957574447850710e-01,2.224753445799997342e-01,1.609117681463566318e-02,3.067705834931638842e-01,-1.843694261417635483e+00,1.788386881340397139e+00,-8.497579876790786191e-01,8.672182655584538269e-01
7.767361111111111827e-01,2.796250000000000000e+02,1.079553725894556310e-01,2.230963941895666158e-01,1.579735031585928831e-02,3.070712431472569781e-01,-1.844909568124539101e+00,1.788854423746946809e+00,-8.426787468015490834e-01,8.646110935443487300e-01
7.770833333333333481e-01,2.797500000000000000e+02,1.073145792288340422e-01,2.237176015089787362e-01,1.550598594773948229e-02,3.073710285244631302e-01,-1.846047251902040998e+00,1.789295290050763043e+00,-8.355761150979804652e-01,8.621824306906815671e-01
7.774305555555556246e-01,2.798750000000000000e+02,1.066734043153257649e-01,2.243389572757009676e-01,1.521709183209061546e-02,3.076700016071301502e-01,-1.847107312750140951e+00,1.789709480251846285e+00,-8.284500925683659922e-01,8.599322769974468983e-01
7.777777777777777901e-01,2.800000000000000000e+02,1.060318748013374529e-01,2.249604522271971829e-01,1.493067609072750226e-02,3.079682243776050155e-01,-1.848089750668838960e+00,1.790096994350196091e+00,-8.213006792127123257e-01,8.578606324646488313e-01
7.781250000000000666e-01,2.801250000000000000e+02,1.053900176392744970e-01,2.255820771009322268e-01,1.464674684546442285e-02,3.082657588182352026e-01,-1.848994565658134581e+00,1.790457832345812905e+00,-8.141278750310134704e-01,8.559674970922837023e-01
7.784722222222222321e-01,2.802500000000000000e+02,1.047478597815433426e-01,2.262038226343700831e-01,1.436531221811627838e-02,3.085626669113682441e-01,-1.849821757718029369e+00,1.790791994238696283e+00,-8.069316800232719800e-01,8.542528708803560633e-01
7.788194444444445086e-01,2.803750000000000000e+02,1.041054281805499360e-01,2.268256795649751800e-01,1.408638033049752596e-02,3.088590106393513945e-01,-1.850571326848521769e+00,1.791099480028846891e+00,-7.997120941894882984e-01,8.527167538288611404e-01
7.791666666666666741e-01,2.805000000000000000e+02,1.034627497887006115e-01,2.274476386302114739e-01,1.380995930442289847e-02,3.091548519845317977e-01,-1.851243273049612004e+00,1.791380289716264063e+00,-7.924691175296649792e-01,8.513591459378030413e-01
7.795138888888889506e-01,2.806250000000000000e+02,1.028198515584008987e-01,2.280696905675439479e-01,1.353605726170683914e-02,3.094502529292572079e-01,-1.851837596321301183e+00,1.791634423300948242e+00,-7.852027500437964713e-01,8.501800472071785464e-01
7.798611111111111160e-01,2.807500000000000000e+02,1.021767604420573544e-01,2.286918261144363085e-01,1.326468232416408606e-02,3.097452754558747690e-01,-1.852354296663587974e+00,1.791861880782899208e+00,-7.779129917318882148e-01,8.491794576369900982e-01
7.802083333333333925e-01,2.808750000000000000e+02,1.015335033920755220e-01,2.293140360083534279e-01,1.299584261360900092e-02,3.100399815467320130e-01,-1.852793374076472599e+00,1.792062662162116737e+00,-7.705998425939348806e-01,8.483573772272358093e-01
7.805555555555555580e-01,2.810000000000000000e+02,1.008901073608619164e-01,2.299363109867591237e-01,1.272954625185648662e-02,3.103344331841761949e-01,-1.853154828559955725e+00,1.792236767438600831e+00,-7.632633026299420198e-01,8.477138059779170121e-01
7.809027777777778345e-01,2.811250000000000000e+02,1.002465993008220951e-01,2.305586417871182403e-01,1.246580136072091526e-02,3.106286923505546804e-01,-1.853438660114036685e+00,1.792384196612352598e+00,-7.559033718399038593e-01,8.472487438890323741e-01
7.812500000000000000e-01,2.812500000000000000e+02,9.960300616436229548e-02,2.311810191468948728e-01,1.220461606201691390e-02,3.109228210282148908e-01,-1.853644868738716367e+00,1.792504949683370263e+00,-7.485200502238230635e-01,8.469621909605838939e-01
7.815972222222222765e-01,2.813750000000000000e+02,9.895935490388867162e-02,2.318034338035533382e-01,1.194599847755913220e-02,3.112168811995043027e-01,-1.853773454433993884e+00,1.792599026651655381e+00,-7.411133377816999657e-01,8.468541471925693509e-01
7.819444444444444420e-01,2.815000000000000000e+02,9.831567247180748870e-02,2.324258764945576483e-01,1.168995672916228051e-02,3.115109348467699490e-01,-1.853824417199869234e+00,1.792666427517207062e+00,-7.336832345135376743e-01,8.469246125849906326e-01
7.822916666666667185e-01,2.816250000000000000e+02,9.767198582052423472e-02,2.330483379573727309e-01,1.143649893864073959e-02,3.118050439523596395e-01,-1.853797757036343086e+00,1.792707152280025529e+00,-7.262297404193297501e-01,8.471735871378462956e-01
7.826388888888888840e-01,2.817500000000000000e+02,9.702832190244549404e-02,2.336708089294624036e-01,1.118563322780931867e-02,3.120992704986203514e-01,-1.853693473943415437e+00,1.792721200940110782e+00,-7.187528554990827434e-01,8.476010708511371172e-01
7.829861111111111605e-01,2.818750000000000000e+02,9.638470766997669914e-02,2.342932801482913996e-01,1.093736771848238462e-02,3.123936764678997280e-01,-1.853511567921085179e+00,1.792708573497463487e+00,-7.112525797527898819e-01,8.482070637248626532e-01
7.833333333333333259e-01,2.820000000000000000e+02,9.574117007552430947e-02,2.349157423513238974e-01,1.069171053247466169e-02,3.126883238425451350e-01,-1.853252038969352977e+00,1.792669269952081867e+00,-7.037289131804547182e-01,8.489915657590226816e-01
7.836805555555556024e-01,2.821250000000000000e+02,9.509773607149427099e-02,2.355381862760241862e-01,1.044866979160078563e-02,3.129832746049038272e-01,-1.852914887088219720e+00,1.792603290303967922e+00,-6.961818557820773634e-01,8.499545769536194229e-01
7.840277777777777679e-01,2.822500000000000000e+02,9.445443261029291826e-02,2.361606026598563612e-01,1.020825361767539394e-02,3.132785907373231149e-01,-1.852500112277684075e+00,1.792510634553120541e+00,-6.886114075576605931e-01,8.510960973086492132e-01
7.843750000000000444e-01,2.823750000000000000e+02,9.381128664432576703e-02,2.367829822402852391e-01,9.970470132512860434e-03,3.135743342221505858e-01,-1.852007714537746708e+00,1.792391302699539724e+00,-6.810175685071983009e-01,8.524161268241156053e-01
7.847222222222222099e-01,2.825000000000000000e+02,9.316832512599936000e-02,2.374053157547746373e-01,9.735327457928079353e-03,3.138705670417333837e-01,-1.851437693868407397e+00,1.792245294743226358e+00,-6.734003386306965933e-01,8.539146655000156017e-01
7.850694444444444864e-01,2.826250000000000000e+02,9.252557500771922683e-02,2.380275939407894004e-01,9.502833715735332573e-03,3.141673511784191519e-01,-1.850790050269666587e+00,1.792072610684179113e+00,-6.657597179281494748e-01,8.555917133363518667e-01
7.854166666666666519e-01,2.827500000000000000e+02,9.188306324189193797e-02,2.386498075357933457e-01,9.272997027749526472e-03,3.144647486145550341e-01,-1.850064783741523611e+00,1.791873250522399097e+00,-6.580957063995631628e-01,8.574472703331212919e-01
7.857638888888889284e-01,2.828750000000000000e+02,9.124081678092277325e-02,2.392719472772515676e-01,9.045825515784842313e-03,3.147628213324886182e-01,-1.849261894283977803e+00,1.791647214257885645e+00,-6.504083040449281095e-01,8.594813364903276520e-01
7.861111111111110938e-01,2.830000000000000000e+02,9.059886257721877501e-02,2.398940039026273563e-01,8.821327301656462297e-03,3.150616313145668812e-01,-1.848381381897031606e+00,1.791394501890639201e+00,-6.426975108642568602e-01,8.616939118079680604e-01
7.864583333333333703e-01,2.831250000000000000e+02,8.995722758318526469e-02,2.405159681493858337e-01,8.599510507178480950e-03,3.153612405431376331e-01,-1.847423246580682576e+00,1.791115113420659544e+00,-6.349633268575400891e-01,8.640849962860430722e-01
7.868055555555555358e-01,2.832500000000000000e+02,8.931593875122874338e-02,2.411378307549908728e-01,8.380383254165804652e-03,3.156617110005479621e-01,-1.846387488334932714e+00,1.790809048847946672e+00,-6.272057520247842355e-01,8.666545899245537976e-01
7.871527777777778123e-01,2.833750000000000000e+02,8.867502303375476846e-02,2.417595833863964983e-01,8.163953664432883547e-03,3.159631046691454004e-01,-1.845274107159780463e+00,1.790485353484352782e+00,-6.194247863659825271e-01,8.694026927234989044e-01
7.874999999999999778e-01,2.835000000000000000e+02,8.803450738316988267e-02,2.423812229284513231e-01,7.950229859794362072e-03,3.162654835312772028e-01,-1.844083103055226269e+00,1.790157787749605101e+00,-6.116204298811417361e-01,8.723293046828791697e-01
7.878472222222222543e-01,2.836250000000000000e+02,8.739441875187964337e-02,2.430027480855262434e-01,7.739219962064692107e-03,3.165689095692910127e-01,-1.842814476021270131e+00,1.789826495998740441e+00,-6.037926825702553124e-01,8.754344258026941494e-01
7.881944444444444198e-01,2.837500000000000000e+02,8.675478409229026022e-02,2.436241575638654344e-01,7.530932093058693294e-03,3.168734447655339181e-01,-1.841468226057912050e+00,1.789491478231759469e+00,-5.959415444333265865e-01,8.787180560829457310e-01
7.885416666666666963e-01,2.838750000000000000e+02,8.611563035680790124e-02,2.442454500697132935e-01,7.325374374590814912e-03,3.171791511023533405e-01,-1.840044353165151580e+00,1.789152734448661519e+00,-5.880670154703554475e-01,8.821801955236308057e-01
7.888888888888889728e-01,2.840000000000000568e+02,8.547698449783849850e-02,2.448666243093141903e-01,7.122554928475699661e-03,3.174860905620967566e-01,-1.838542857342990056e+00,1.788810264649447035e+00,-5.801690956813418953e-01,8.858208441247527043e-01
7.892361111111111382e-01,2.841250000000000000e+02,8.483887346778844207e-02,2.454876789889123279e-01,6.922481876528161979e-03,3.177943251271113101e-01,-1.836963738591427253e+00,1.788464068834116238e+00,-5.722477850662890386e-01,8.896400018863064307e-01
7.895833333333334147e-01,2.842500000000000568e+02,8.420132421906326159e-02,2.461086128147525753e-01,6.725163340562389201e-03,3.181039167797446443e-01,-1.835306996910461397e+00,1.788114147002668686e+00,-5.643030836251906601e-01,8.936376688082978692e-01
7.899305555555555802e-01,2.843750000000000000e+02,8.356436370406941649e-02,2.467294244930788860e-01,6.530607442393280768e-03,3.184149275023439585e-01,-1.833572632300094485e+00,1.787760499155105043e+00,-5.563349913580530881e-01,8.978138448907213576e-01
7.902777777777778567e-01,2.845000000000000000e+02,8.292801887521250581e-02,2.473501127301361291e-01,6.338822303835300702e-03,3.187274192772567294e-01,-1.831760644760325185e+00,1.787403125291423978e+00,-5.483435082648698833e-01,9.021685301335831131e-01
7.906250000000000222e-01,2.846250000000000000e+02,8.229231668489885021e-02,2.479706762321684799e-01,6.149816046703081296e-03,3.190414540868303783e-01,-1.829871034291153942e+00,1.787042025411626822e+00,-5.403286343456442653e-01,9.067017245368784728e-01
7.909722222222222987e-01,2.847500000000000000e+02,8.165728408553434015e-02,2.485911137054203079e-01,5.963596792811169840e-03,3.193570939134121045e-01,-1.827903800892580755e+00,1.786677199515713133e+00,-5.322903696003762342e-01,9.114134281006086580e-01
7.913194444444444642e-01,2.848750000000000000e+02,8.102294802952547670e-02,2.492114238561357886e-01,5.780172663974381640e-03,3.196744007393492737e-01,-1.825858944564606734e+00,1.786308647603682909e+00,-5.242287140290691205e-01,9.163036408247731135e-01
7.916666666666667407e-01,2.850000000000000000e+02,8.038933546927766460e-02,2.498316053905598466e-01,5.599551782006992502e-03,3.199934365469895292e-01,-1.823736465307229881e+00,1.785936369675535929e+00,-5.161436676317161520e-01,9.213723627093730606e-01
7.920138888888889062e-01,2.851250000000000000e+02,7.975647335719754372e-02,2.504516570149363242e-01,5.421742268723910539e-03,3.203142633186798482e-01,-1.821536363120451973e+00,1.785560365731272858e+00,-5.080352304083242121e-01,9.266195937544077221e-01
7.923611111111111827e-01,2.852500000000000000e+02,7.912438864569057428e-02,2.510715774355101182e-01,5.246752245939410690e-03,3.206369430367680406e-01,-1.819258638004271456e+00,1.785180635770892588e+00,-4.999034023588866393e-01,9.320453339598780973e-01
7.927083333333333481e-01,2.853750000000000000e+02,7.849310828716332678e-02,2.516913653585252653e-01,5.074589835468399333e-03,3.209615376836010836e-01,-1.816903289958689660e+00,1.784797179794396227e+00,-4.917481834834098731e-01,9.376495833257819656e-01
7.930555555555556246e-01,2.855000000000000000e+02,7.786265923402140021e-02,2.523110194902265513e-01,4.905263159125331819e-03,3.212881092415266759e-01,-1.814470318983705477e+00,1.784409997801782888e+00,-4.835695737818874740e-01,9.434323418521223248e-01
7.934027777777777901e-01,2.856250000000000000e+02,7.723306843867097649e-02,2.529305385368581516e-01,4.738780338724753703e-03,3.216167196928920169e-01,-1.811959725079318906e+00,1.784019089793053459e+00,-4.753675732543226062e-01,9.493936095388990637e-01
7.937500000000000666e-01,2.857500000000000000e+02,7.660436285351811259e-02,2.535499212046644635e-01,4.575149496081304216e-03,3.219474310200446387e-01,-1.809371508245531057e+00,1.783624455768206829e+00,-4.671421819007153253e-01,9.555333863861094068e-01
7.940972222222222321e-01,2.858750000000000000e+02,7.597656943096919857e-02,2.541691661998897178e-01,4.414378753009618253e-03,3.222803052053315187e-01,-1.806705668482341931e+00,1.783226095727244109e+00,-4.588933997210690174e-01,9.618516723937530211e-01
7.944444444444445086e-01,2.860000000000000000e+02,7.534971512342973632e-02,2.547882722287786450e-01,4.256476231324328972e-03,3.226154042311004111e-01,-1.803962205789749973e+00,1.782824009670164855e+00,-4.506212267153769102e-01,9.683484675618333481e-01
7.947916666666666741e-01,2.861250000000000000e+02,7.472382688330617140e-02,2.554072379975753648e-01,4.101450052839984532e-03,3.229527900796985151e-01,-1.801141120167757403e+00,1.782418197596969067e+00,-4.423256628836457205e-01,9.750237718903468354e-01
7.951388888888889506e-01,2.862500000000000000e+02,7.409893166300421385e-02,2.560260622125246077e-01,3.949308339371131356e-03,3.232925247334734187e-01,-1.798242411616361780e+00,1.782008659507656523e+00,-4.340067082258688425e-01,9.818775853792974795e-01
7.954861111111111160e-01,2.863750000000000000e+02,7.347505641492996231e-02,2.566447435798706600e-01,3.800059212732405638e-03,3.236346701747722654e-01,-1.795266080135564435e+00,1.781595395402227222e+00,-4.256643627420494957e-01,9.889099080286837262e-01
7.958333333333333925e-01,2.865000000000000000e+02,7.285222809148968193e-02,2.572632808058578635e-01,3.653710794738444876e-03,3.239792883859425321e-01,-1.792212125725365146e+00,1.781178405280681609e+00,-4.172986264321878469e-01,9.961207398385046874e-01
7.961805555555555580e-01,2.866250000000000000e+02,7.223047364508944357e-02,2.578816725967302825e-01,3.510271207203793323e-03,3.243264413493314180e-01,-1.789080548385765024e+00,1.780757689143019462e+00,-4.089094992962871156e-01,1.003510080808757365e+00
7.965277777777778345e-01,2.867500000000000000e+02,7.160982002813501279e-02,2.584999176587329250e-01,3.369748571943086309e-03,3.246761910472866219e-01,-1.785871348116761848e+00,1.780333246989240781e+00,-4.004969813343405294e-01,1.011077930939448422e+00
7.968750000000000000e-01,2.868750000000000000e+02,7.099029419303271027e-02,2.591180146981097443e-01,3.232151010770960460e-03,3.250285994621551211e-01,-1.782584524918358282e+00,1.779905078819345565e+00,-3.920610725463550827e-01,1.018824290230570861e+00
7.972222222222222765e-01,2.870000000000000000e+02,7.037192309218824604e-02,2.597359624211055817e-01,3.097486645501871996e-03,3.253837285762846698e-01,-1.779220078790551440e+00,1.779473184633333593e+00,-3.836017729323237813e-01,1.026749158682131569e+00
7.975694444444444420e-01,2.871250000000000000e+02,6.975473367800802404e-02,2.603537595339642796e-01,2.965763584550024871e-03,3.257416403720223563e-01,-1.775778009733343987e+00,1.779037564431205531e+00,-3.751197258749098262e-01,1.034852536294124326e+00
7.979166666666667185e-01,2.872500000000000000e+02,6.913875290289768494e-02,2.609714047429308459e-01,2.836986212327549314e-03,3.261023968317157129e-01,-1.772258317746733480e+00,1.778598218212960269e+00,-3.666406619774870701e-01,1.043134423066554906e+00
7.982638888888888840e-01,2.873750000000000000e+02,6.852400771926356327e-02,2.615888967542494004e-01,2.711150122168899407e-03,3.264660599377122163e-01,-1.768661002830721030e+00,1.778155145978598251e+00,-3.581779411875934960e-01,1.051594818999420422e+00
7.986111111111111605e-01,2.875000000000000000e+02,6.791052507951153561e-02,2.622062342741643404e-01,2.588249639383885178e-03,3.268326916723590658e-01,-1.764986064985306413e+00,1.777708347728120586e+00,-3.497315635052294369e-01,1.060233724092721763e+00
7.989583333333333259e-01,2.876250000000000000e+02,6.729833193604806141e-02,2.628234160089197857e-01,2.468279089282490995e-03,3.272023540180035162e-01,-1.761233504210491629e+00,1.777257823461525943e+00,-3.413015289303987787e-01,1.069051138346453822e+00
7.993055555555556024e-01,2.877500000000000000e+02,6.668745524127853153e-02,2.634404406647606334e-01,2.351232797174437547e-03,3.275751089569931551e-01,-1.757403320506273570e+00,1.776803573178814100e+00,-3.328878374630944714e-01,1.078047061760624814e+00
7.996527777777777679e-01,2.878750000000000000e+02,6.607792194760964133e-02,2.640573069479309476e-01,2.237105088369798975e-03,3.279510184716752375e-01,-1.753495513872655343e+00,1.776345596879986610e+00,-3.244904891033224548e-01,1.087221494335226524e+00
8.000000000000000444e-01,2.880000000000000000e+02,6.546975900744685106e-02,2.646740135646753478e-01,2.125890288178206196e-03,3.283301445443972399e-01,-1.749510084309633395e+00,1.775883894565042143e+00,-3.161094838510767335e-01,1.096574436070267611e+00
8.003472222222222099e-01,2.881250000000000000e+02,6.486299337319646752e-02,2.652905592212382313e-01,2.017582721909736386e-03,3.287125491575066394e-01,-1.745447031817209504e+00,1.775418466233981363e+00,-3.077448217063608604e-01,1.106105886965743412e+00
8.006944444444444864e-01,2.882500000000000000e+02,6.425765199726453381e-02,2.659069426238639400e-01,1.912176714874284358e-03,3.290982942933504685e-01,-1.741306356395383892e+00,1.774949311886803605e+00,-2.993965026691743914e-01,1.115815847021654594e+00
8.010416666666666519e-01,2.883750000000000000e+02,6.365376183205735672e-02,2.665231624787965936e-01,1.809666592381748828e-03,3.294874419342762040e-01,-1.737088058044157890e+00,1.774476431523509756e+00,-2.910645267395211011e-01,1.125704316237995606e+00
8.013888888888889284e-01,2.885000000000000000e+02,6.305134982998038262e-02,2.671392174922811447e-01,1.710046679741848534e-03,3.298800540626315447e-01,-1.732792136763528834e+00,1.773999825144098708e+00,-2.827488939173932736e-01,1.135771294614777549e+00
8.017361111111110938e-01,2.886250000000000000e+02,6.245044294344029995e-02,2.677551063705614354e-01,1.613311302264570229e-03,3.302761926607633569e-01,-1.728418592553499167e+00,1.773519492748571569e+00,-2.744496042027988469e-01,1.146016782151988211e+00
8.020833333333333703e-01,2.887500000000000000e+02,6.185106812484258282e-02,2.683708278198823627e-01,1.519454785259810028e-03,3.306759197110195059e-01,-1.723967425414066001e+00,1.773035434336927896e+00,-2.661666575957305492e-01,1.156440778849639583e+00
8.024305555555555358e-01,2.888750000000000000e+02,6.125325232659371844e-02,2.689863805464878799e-01,1.428471454037555117e-03,3.310792971957469133e-01,-1.719438635345232891e+00,1.772547649909167689e+00,-2.579000540961947641e-01,1.167043284707720341e+00
8.027777777777778123e-01,2.890000000000000000e+02,6.065702250109932664e-02,2.696017632566228284e-01,1.340355633907437281e-03,3.314863870972933890e-01,-1.714832222346995838e+00,1.772056139465290947e+00,-2.496497937041856352e-01,1.177824299726242252e+00
8.031249999999999778e-01,2.891250000000000000e+02,6.006240560076568646e-02,2.702169746565315500e-01,1.255101650179528058e-03,3.318972513980060213e-01,-1.710148186419357064e+00,1.771560903005297005e+00,-2.414158764197060492e-01,1.188783823905197545e+00
8.034722222222222543e-01,2.892500000000000000e+02,5.946942857799883408e-02,2.708320134524581646e-01,1.172703828163729634e-03,3.323119520802322868e-01,-1.705386527562316568e+00,1.771061940529187195e+00,-2.331983022427558672e-01,1.199921857244587109e+00
8.038194444444444198e-01,2.893750000000000000e+02,5.887811838520505547e-02,2.714468783506470695e-01,1.093156493169847700e-03,3.327305511263194404e-01,-1.700547245775876348e+00,1.770559252036960407e+00,-2.249970711733387807e-01,1.211238399744409833e+00
8.041666666666666963e-01,2.895000000000000000e+02,5.828850197478995659e-02,2.720615680573429951e-01,1.016453970507778153e-03,3.331531105186150143e-01,-1.695630341060031743e+00,1.770052837528617085e+00,-2.168121832114475178e-01,1.222733451404669491e+00
8.045138888888889728e-01,2.896250000000000568e+02,5.770060629915969852e-02,2.726760812787902832e-01,9.425905854873304788e-04,3.335796922394663189e-01,-1.690635813414785416e+00,1.769542697004157228e+00,-2.086436383570859920e-01,1.234407012225366085e+00
8.048611111111111382e-01,2.897500000000000000e+02,5.711445831072062274e-02,2.732904167212328872e-01,8.715606634186711917e-04,3.340103582712205532e-01,-1.685563662840139365e+00,1.769028830463581059e+00,-2.004914366102573398e-01,1.246259082206491398e+00
8.052083333333334147e-01,2.898750000000000568e+02,5.653008496187835602e-02,2.739045730909158149e-01,8.033585296113392692e-04,3.344451705962254717e-01,-1.680413889336089373e+00,1.768511237906888134e+00,-1.923555779709550384e-01,1.258289661348058308e+00
8.055555555555555802e-01,2.900000000000000000e+02,5.594751320503905945e-02,2.745185490940831863e-01,7.379785093754104774e-04,3.348841911968282181e-01,-1.675186492902637214e+00,1.767989919334078674e+00,-1.842360624391819190e-01,1.270498749650059045e+00
8.059027777777778567e-01,2.901250000000000000e+02,5.536676999260894266e-02,2.751323434369793985e-01,6.754149280207830987e-04,3.353274820553761582e-01,-1.669881473539783334e+00,1.767464874745152681e+00,-1.761328900149385368e-01,1.282886347112494052e+00
8.062500000000000222e-01,2.902500000000000000e+02,5.478788227699409041e-02,2.757459548258486826e-01,6.156621108571735945e-04,3.357751051542165466e-01,-1.664498831247530397e+00,1.766936104140110375e+00,-1.680460606982280003e-01,1.295452453735360443e+00
8.065972222222222987e-01,2.903750000000000000e+02,5.421087701060019193e-02,2.763593819669358798e-01,5.587143831947504304e-04,3.362271224756970267e-01,-1.659038566025872630e+00,1.766403607518951091e+00,-1.599755744890438147e-01,1.308197069518665323e+00
8.069444444444444642e-01,2.905000000000000000e+02,5.363578114583380380e-02,2.769726235664849434e-01,5.045660703431396454e-04,3.366835960021646312e-01,-1.653500677874815361e+00,1.765867384881675273e+00,-1.519214313873922251e-01,1.321120194462401365e+00
8.072916666666667407e-01,2.906250000000000000e+02,5.306262163510033075e-02,2.775856783307406594e-01,4.532114976123321126e-04,3.371445877159671145e-01,-1.647885166794354150e+00,1.765327436228282920e+00,-1.438836313932669864e-01,1.334221828566577006e+00
8.076388888888889062e-01,2.907500000000000000e+02,5.249142543080648204e-02,2.781985449659470921e-01,4.046449903122219401e-04,3.376101595994516202e-01,-1.642192032784493660e+00,1.764783761558774478e+00,-1.358621745066745934e-01,1.347501971831182921e+00
8.079861111111111827e-01,2.908750000000000000e+02,5.192221948535745424e-02,2.788112221783492495e-01,3.588608737526165541e-04,3.380803736349658473e-01,-1.636421275845225898e+00,1.764236360873148612e+00,-1.278570607276054705e-01,1.360960624256233764e+00
8.083333333333333481e-01,2.910000000000000000e+02,5.135503075116020638e-02,2.794237086741906406e-01,3.158534732435069360e-04,3.385552918048564952e-01,-1.630572895976561520e+00,1.763685234171406879e+00,-1.198682900560719689e-01,1.374597785841709774e+00
8.086805555555556246e-01,2.911250000000000000e+02,5.078988618062023341e-02,2.800360031597163291e-01,2.756171140947851882e-04,3.390349760914717070e-01,-1.624646893178492757e+00,1.763130381453548612e+00,-1.118958624920648737e-01,1.388413456587624939e+00
8.090277777777777901e-01,2.912500000000000000e+02,5.022681272614388376e-02,2.806481043411702681e-01,2.381461216162627213e-04,3.395194884771581267e-01,-1.618643267451024492e+00,1.762571802719573366e+00,-1.039397780355909018e-01,1.402407636493970378e+00
8.093750000000000666e-01,2.913750000000000000e+02,4.966583734013690909e-02,2.812600109247974101e-01,2.034348211178377904e-04,3.400088909442637863e-01,-1.612562018794151841e+00,1.762009497969481808e+00,-9.600003668664242040e-02,1.416580325560755860e+00
8.097222222222222321e-01,2.915000000000000000e+02,4.910698697500559540e-02,2.818717216168415973e-01,1.714775379094044764e-04,3.405032454751354964e-01,-1.606403147207880133e+00,1.761443467203273494e+00,-8.807663844522738150e-02,1.430931523787970949e+00
8.100694444444445086e-01,2.916250000000000000e+02,4.855028858315568047e-02,2.824832351235477268e-01,1.422685973007721842e-04,3.410026140521211779e-01,-1.600166652692203595e+00,1.760873710420948424e+00,-8.016958331133867965e-02,1.445461231175626748e+00
8.104166666666666741e-01,2.917500000000000000e+02,4.799576911699341558e-02,2.830945501511600293e-01,1.158023246020166799e-04,3.415070586575678635e-01,-1.593852535247125557e+00,1.760300227622507041e+00,-7.227887128497945124e-02,1.460169447723717484e+00
8.107638888888889506e-01,2.918750000000000000e+02,4.744345552892485773e-02,2.837056654059227911e-01,9.207304512285652569e-05,3.420166412738229744e-01,-1.587460794872645797e+00,1.759723018807949124e+00,-6.440450236614940482e-02,1.475056173432243822e+00
8.111111111111111160e-01,2.920000000000000000e+02,4.689337477135618187e-02,2.843165795940802432e-01,7.107508417328073803e-05,3.425314238832337099e-01,-1.580991431568766314e+00,1.759142083977274895e+00,-5.654647655485221108e-02,1.490121408301197992e+00
8.114583333333333925e-01,2.921250000000000000e+02,4.634555379669304948e-02,2.849272914218773378e-01,5.280276706309464915e-05,3.430514684681478799e-01,-1.574444445335482667e+00,1.758557423130484132e+00,-4.870479385108165277e-02,1.505365152330593981e+00
8.118055555555555580e-01,2.922500000000000000e+02,4.580001955734196856e-02,2.855377995955578063e-01,3.725041910219847256e-05,3.435768370109124059e-01,-1.567819836172799519e+00,1.757969036267576390e+00,-4.087945425484365569e-02,1.520787405520418911e+00
8.121527777777778345e-01,2.923750000000000000e+02,4.525679900570847569e-02,2.861481028213667122e-01,2.441236560048635020e-05,3.441075914938750979e-01,-1.561117604080711985e+00,1.757376923388552115e+00,-3.307045776613231486e-02,1.536388167870684551e+00
8.125000000000000000e-01,2.925000000000000000e+02,4.471591909419886379e-02,2.867581998055481751e-01,1.428293186794523515e-05,3.446437938993829886e-01,-1.554337749059222729e+00,1.756781084493411083e+00,-2.527780438495014909e-02,1.552167439381385794e+00
8.128472222222222765e-01,2.926250000000000000e+02,4.417740677521923148e-02,2.873680892543465926e-01,6.856443214295753799e-06,3.451855062097835547e-01,-1.547480271108331529e+00,1.756181519582153960e+00,-1.750149411129744981e-02,1.568125220052521751e+00
8.131944444444444420e-01,2.927500000000000000e+02,4.364128900117570514e-02,2.879777698740060843e-01,2.127224949434067452e-06,3.457327904074240510e-01,-1.540545170228040828e+00,1.755578228654780526e+00,-9.741526945177589325e-03,1.584261509884085539e+00
8.135416666666667185e-01,2.928750000000000000e+02,4.310759272447406421e-02,2.885872403707716027e-01,8.960238343792218488e-08,3.462857084746521763e-01,-1.533532446418345963e+00,1.754971211711289669e+00,-1.997902886584379881e-03,1.600576308876091369e+00
8.138888888888888840e-01,2.930000000000000000e+02,4.257634489752064322e-02,2.891964994508869347e-01,7.379008259351372761e-07,3.468443223938148523e-01,-1.526442099679252040e+00,1.754360468751682722e+00,5.729378064476551950e-03,1.617069617028525252e+00
8.142361111111111605e-01,2.931250000000000000e+02,4.204757247272106202e-02,2.898055458205971435e-01,4.066445587001439982e-06,3.474086941472599444e-01,-1.519274130010753066e+00,1.753745999775959241e+00,1.344031590801083621e-02,1.633741434341401400e+00
8.145833333333333259e-01,2.932500000000000000e+02,4.152130240248188414e-02,2.904143781861461271e-01,1.006956197653500913e-05,3.479788857173343186e-01,-1.512028537412855478e+00,1.753127804784119448e+00,2.113491064401256184e-02,1.650591760814705156e+00
8.149305555555556024e-01,2.933750000000000000e+02,4.099756163920871554e-02,2.910229952537786713e-01,1.874157530425243746e-05,3.485549590863858405e-01,-1.504705321885553060e+00,1.752505883776162454e+00,2.881316227248791745e-02,1.667620596448451620e+00
8.152777777777777679e-01,2.935000000000000000e+02,4.047637713530771730e-02,2.916313957297389514e-01,3.007681088014471584e-05,3.491369762367616536e-01,-1.497304483428848476e+00,1.751880236752089148e+00,3.647507079343381003e-02,1.684827941242631688e+00
8.156250000000000444e-01,2.936250000000000000e+02,3.995777584318496722e-02,2.922395783202714759e-01,4.406959401410598452e-05,3.497249991508092348e-01,-1.489826022042742171e+00,1.751250863711899308e+00,4.412063620684995857e-02,1.702213795197247359e+00
8.159722222222222099e-01,2.937500000000000000e+02,3.944178471524677210e-02,2.928475417316203089e-01,6.071425001594362559e-05,3.503190898108755058e-01,-1.482269937727237030e+00,1.750617764655593156e+00,5.174985851273326831e-02,1.719778158312291527e+00
8.163194444444444864e-01,2.938750000000000000e+02,3.892843070389866156e-02,2.934552846700304030e-01,8.000510419564662158e-05,3.509193101993083874e-01,-1.474636230482327059e+00,1.749980939583170025e+00,5.936273771109049080e-02,1.737521030587777071e+00
8.166666666666666519e-01,2.940000000000000000e+02,3.841774076154719914e-02,2.940628058417455448e-01,1.019364818630223512e-04,3.515257222984549679e-01,-1.466924900308018254e+00,1.749340388494631027e+00,6.695927380191486755e-02,1.755442412023690224e+00
8.170138888888889284e-01,2.941250000000000000e+02,3.790974184059793528e-02,2.946701039530107979e-01,1.265027083280577641e-04,3.521383880906628905e-01,-1.459135947204304617e+00,1.748696111389974606e+00,7.453946678521317093e-02,1.773542302620046529e+00
8.173611111111110938e-01,2.942500000000000000e+02,3.740446089345723230e-02,2.952771777100702266e-01,1.536981089005602457e-04,3.527573695582792990e-01,-1.451269371171188816e+00,1.748048108269201650e+00,8.210331666098143188e-02,1.791820702376837549e+00
8.177083333333333703e-01,2.943750000000000000e+02,3.690192487253095288e-02,2.958840258191682282e-01,1.835170088903392144e-04,3.533827286836516146e-01,-1.443325172208671292e+00,1.747396379132312605e+00,8.965082342922023328e-02,1.810277611294063504e+00
8.180555555555555358e-01,2.945000000000000000e+02,3.640216073022547322e-02,2.964906469865490890e-01,2.159537336074683763e-04,3.540145274491269256e-01,-1.435303350316754933e+00,1.746740923979306803e+00,9.718198708992675794e-02,1.828913029371716403e+00
8.184027777777778123e-01,2.946250000000000000e+02,3.590519541894639233e-02,2.970970399184575395e-01,2.510026083616663344e-04,3.546528278370532639e-01,-1.427203905495433744e+00,1.746081742810184467e+00,1.046968076431069317e-01,1.847726956609812232e+00
8.187499999999999778e-01,2.947500000000000000e+02,3.541105589110014884e-02,2.977032033211375883e-01,2.886579584629220372e-04,3.552976918297772735e-01,-1.419026837744713943e+00,1.745418835624946041e+00,1.121952850887536768e-01,1.866719393008335226e+00
8.190972222222222543e-01,2.948750000000000000e+02,3.491976909909241811e-02,2.983091359008340770e-01,3.289141092210429379e-04,3.559491814096469864e-01,-1.410772147064588866e+00,1.744752202423590415e+00,1.196774194268746122e-01,1.885890338567301594e+00
8.194444444444445308e-01,2.950000000000000568e+02,3.443136199532940978e-02,2.989148363637910699e-01,3.717653859459250964e-04,3.566073585590094353e-01,-1.402439833455062290e+00,1.744081843206118254e+00,1.271432106574658105e-01,1.905239793286701566e+00
8.197916666666666963e-01,2.951250000000000000e+02,3.394586153221737512e-02,2.995203034162530198e-01,4.172061139475575966e-04,3.572722852602117638e-01,-1.394029896916136879e+00,1.743407757972529781e+00,1.345926587805244823e-01,1.924767757166530036e+00
8.201388888888889728e-01,2.952500000000000568e+02,3.346329466216196175e-02,3.001255357644645461e-01,4.652306185357457506e-04,3.579440234956018929e-01,-1.385542337447806194e+00,1.742729946722824552e+00,1.420257637960567476e-01,1.944474230206800325e+00
8.204861111111111382e-01,2.953750000000000000e+02,3.298368833756941398e-02,3.007305321146699351e-01,5.158332250203876779e-04,3.586226352475269663e-01,-1.376977155050073565e+00,1.742048409457002789e+00,1.494425257040592758e-01,1.964359212407505773e+00
8.208333333333334147e-01,2.955000000000000568e+02,3.250706951084574026e-02,3.013352911731135286e-01,5.690082587112929189e-04,3.593081824983341832e-01,-1.368334349722938992e+00,1.741363146175064269e+00,1.568429445045323722e-01,1.984422703768647045e+00
8.211805555555555802e-01,2.956250000000000000e+02,3.203346513439716409e-02,3.019398116460395576e-01,6.247500449184463294e-04,3.600007272303708539e-01,-1.359613921466406250e+00,1.740674156877009660e+00,1.642270201974728727e-01,2.004664704290215038e+00
8.215277777777778567e-01,2.957500000000000000e+02,3.156290216062943715e-02,3.025440922396928634e-01,6.830529089517480348e-04,3.607003314259847881e-01,-1.350815870280468234e+00,1.739981441562838071e+00,1.715947527828867447e-01,2.025085213972225961e+00
8.218750000000000222e-01,2.958750000000000000e+02,3.109540754194892176e-02,3.031481316603173437e-01,7.439111761210015581e-04,3.614070570675227967e-01,-1.341940196165131827e+00,1.739285000232550171e+00,1.789461422607683261e-01,2.045684232814663162e+00
8.222222222222222987e-01,2.960000000000000000e+02,3.063100823076128285e-02,3.037519286141580066e-01,8.073191717361088678e-04,3.621209661373329114e-01,-1.332986899120389701e+00,1.738584832886145515e+00,1.862811886311232512e-01,2.066461760817543958e+00
8.225694444444444642e-01,2.961250000000000000e+02,3.016973117947275435e-02,3.043554818074588053e-01,8.732712211070531392e-04,3.628421206177621094e-01,-1.323955979146246076e+00,1.737880939523624102e+00,1.935998918939487168e-01,2.087417797980859913e+00
8.229166666666667407e-01,2.962500000000000000e+02,2.971160334048941754e-02,3.049587899464643592e-01,9.417616495435569054e-04,3.635705824911578121e-01,-1.314847436242700285e+00,1.737173320144986599e+00,2.009022520492441677e-01,2.108552344304610582e+00
8.232638888888889062e-01,2.963750000000000000e+02,2.925665166621743002e-02,3.055618517374186771e-01,1.012784782355603125e-03,3.643064137398671076e-01,-1.305661270409756547e+00,1.736461974750232784e+00,2.081882690970076055e-01,2.129865399788787972e+00
8.236111111111111827e-01,2.965000000000000000e+02,2.880490310906247409e-02,3.061646658865667114e-01,1.086334944853089863e-03,3.650496763462379723e-01,-1.296397481647406869e+00,1.735746903339361547e+00,2.154579430372441373e-01,2.151356964433408514e+00
8.239583333333333481e-01,2.966250000000000000e+02,2.835638462143103694e-02,3.067672311001524155e-01,1.162406462345826714e-03,3.658004322926171059e-01,-1.287056069955659465e+00,1.735028105912374663e+00,2.227112738699486560e-01,2.173027038238455777e+00
8.243055555555556246e-01,2.967500000000000000e+02,2.791112315572865862e-02,3.073695460844206306e-01,1.240993660143798263e-03,3.665587435613525957e-01,-1.277637035334506344e+00,1.734305582469270579e+00,2.299482615951265185e-01,2.194875621203946636e+00
8.246527777777777901e-01,2.968750000000000000e+02,2.746914566436192001e-02,3.079716095456152547e-01,1.322090863556905178e-03,3.673246721347911414e-01,-1.268140377783955275e+00,1.733579333010050405e+00,2.371689062127715908e-01,2.216902713329863772e+00
8.250000000000000666e-01,2.970000000000000000e+02,2.703047909973634380e-02,3.085734201899811846e-01,1.405692397894952499e-03,3.680982799952807194e-01,-1.258566097303998044e+00,1.732849357534713253e+00,2.443732077228899513e-01,2.239108314616224504e+00
8.253472222222222321e-01,2.971250000000000000e+02,2.659515041425824025e-02,3.091749767237626512e-01,1.491792588467747652e-03,3.688796291251683623e-01,-1.248914193894639757e+00,1.732115656043259344e+00,2.515611661254788523e-01,2.261492425063019507e+00
8.256944444444445086e-01,2.972500000000000000e+02,2.616318656033360737e-02,3.097762778532039962e-01,1.580385760585370416e-03,3.696687815068016025e-01,-1.239184667555878638e+00,1.731378228535689123e+00,2.587327814205386267e-01,2.284055044670250556e+00
8.260416666666666741e-01,2.973750000000000000e+02,2.573461449036867910e-02,3.103773222845493951e-01,1.671466239557537576e-03,3.704657991225273062e-01,-1.229377518287720239e+00,1.730637075012002368e+00,2.658880536080654999e-01,2.306796173437906994e+00
8.263888888888889506e-01,2.975000000000000000e+02,2.530946115676920363e-02,3.109781087240436892e-01,1.765028350694233935e-03,3.712707439546936161e-01,-1.219492746090155899e+00,1.729892195472198857e+00,2.730269826880660222e-01,2.329715811366008360e+00
8.267361111111111160e-01,2.976250000000000000e+02,2.488775351194153634e-02,3.115786358779309428e-01,1.861066419305270822e-03,3.720836779856471765e-01,-1.209530350963193612e+00,1.729143589916279700e+00,2.801495686605339763e-01,2.352813958454534227e+00
8.270833333333333925e-01,2.977500000000000000e+02,2.446951850829129013e-02,3.121789024524558309e-01,1.959574770700721943e-03,3.729046631977360748e-01,-1.199490332906825607e+00,1.728391258344242676e+00,2.872558115254750244e-01,2.376090614703505022e+00
8.274305555555555580e-01,2.978750000000000000e+02,2.405478309822475097e-02,3.127789071538627508e-01,2.060547730190217131e-03,3.737337615733072882e-01,-1.189372691921054992e+00,1.727635200756089784e+00,2.943457112828869460e-01,2.399545780112910975e+00
8.277777777777778345e-01,2.980000000000000000e+02,2.364357423414801054e-02,3.133786486883959332e-01,2.163979623083832262e-03,3.745710350947082379e-01,-1.179177428005883321e+00,1.726875417151819914e+00,3.014192679327692970e-01,2.423179454682752088e+00
8.281250000000000000e-01,2.981250000000000000e+02,2.323591886846715707e-02,3.139781257622995536e-01,2.269864774691286290e-03,3.754165457442860121e-01,-1.168904541161313704e+00,1.726111907531433953e+00,3.084764814751191353e-01,2.446991638413018144e+00
8.284722222222222765e-01,2.982500000000000000e+02,2.283184395358807406e-02,3.145773370818185644e-01,2.378197510322567054e-03,3.762703555043885317e-01,-1.158554031387337924e+00,1.725344671894931459e+00,3.155173519099420676e-01,2.470982331303729129e+00
8.288194444444444420e-01,2.983750000000000000e+02,2.243137644191691218e-02,3.151762813531968632e-01,2.488972155287570015e-03,3.771325263573626074e-01,-1.148125898683964641e+00,1.724573710242312208e+00,3.225418792372329868e-01,2.495151533354865059e+00
8.291666666666667185e-01,2.985000000000000000e+02,2.203454328585961741e-02,3.157749572826794027e-01,2.602183034896194541e-03,3.780031202855562156e-01,-1.137620143051185195e+00,1.723799022573575979e+00,3.295500634569968890e-01,2.519499244566445917e+00
8.295138888888888840e-01,2.986250000000000000e+02,2.164137143782235082e-02,3.163733635765099139e-01,2.717824474458157419e-03,3.788821992713161113e-01,-1.127036764489008247e+00,1.723020608888724103e+00,3.365419045692286115e-01,2.544025464938452163e+00
8.298611111111111605e-01,2.987500000000000000e+02,2.125188785021092652e-02,3.169714989409334605e-01,2.835890799283625162e-03,3.797698252969902710e-01,-1.116375762997425136e+00,1.722238469187755028e+00,3.435174025739337056e-01,2.568730194470902006e+00
8.302083333333333259e-01,2.988750000000000000e+02,2.086611945589580269e-02,3.175693620821942176e-01,2.956376334682316726e-03,3.806660603449258384e-01,-1.105638239681126622e+00,1.721452603470669640e+00,3.504765574711089515e-01,2.593613433163787896e+00
8.305555555555556024e-01,2.990000000000000000e+02,2.048408494637272981e-02,3.181669517065364161e-01,3.079275405964127573e-03,3.815709663974700683e-01,-1.094883217759543559e+00,1.720663011737467052e+00,3.574193692607548489e-01,2.618675181017109388e+00
8.309027777777777679e-01,2.991250000000000000e+02,2.010578202509862369e-02,3.187642665202043424e-01,3.204582338438867733e-03,3.824846054369700488e-01,-1.084144291368383417e+00,1.719869693988148596e+00,3.643458379428684002e-01,2.643915438030854492e+00
8.312500000000000444e-01,2.992500000000000000e+02,1.973120510334728725e-02,3.193613052294428933e-01,3.332291457416614380e-03,3.834070394457738118e-01,-1.073421460507637093e+00,1.719072650222713383e+00,3.712559635174549899e-01,2.669334204205045413e+00
8.315972222222222099e-01,2.993750000000000000e+02,1.936034859239309930e-02,3.199580665404959112e-01,3.462397088206991928e-03,3.843383304062281125e-01,-1.062714725177313468e+00,1.718271880441161636e+00,3.781497459845096221e-01,2.694931479539660835e+00
8.319444444444444864e-01,2.995000000000000000e+02,1.899320690351000845e-02,3.205545491596084595e-01,3.594893556120261433e-03,3.852785403006809828e-01,-1.052024085377403662e+00,1.717467384643493578e+00,3.850271853440376257e-01,2.720707264034721184e+00
8.322916666666666519e-01,2.996250000000000000e+02,1.862977444797231374e-02,3.211507517930244915e-01,3.729775186465957969e-03,3.862277311114793998e-01,-1.041349541107912113e+00,1.716659162829708318e+00,3.918882815960356147e-01,2.746661557690216693e+00
8.326388888888889284e-01,2.997500000000000000e+02,1.827004563705411644e-02,3.217466731469884600e-01,3.867036304554159146e-03,3.871859648209707849e-01,-1.030691092368838824e+00,1.715847214999806525e+00,3.987330347405040887e-01,2.772794360506148248e+00
8.329861111111110938e-01,2.998750000000000000e+02,1.791401488202976761e-02,3.223423119277445403e-01,4.006671235694583486e-03,3.881533034115020597e-01,-1.020048739160187345e+00,1.715031541153788863e+00,4.055614447774406051e-01,2.799105672482502527e+00
8.333333333333333703e-01,3.000000000000000000e+02,1.756167659417323668e-02,3.229376668415377960e-01,4.148674305197309030e-03,3.891298088654214782e-01,-1.009422481481950795e+00,1.714212141291654223e+00,4.123735117068499378e-01,2.825595493619303955e+00
8.336805555555555358e-01,3.001250000000000000e+02,1.721302518475874288e-02,3.235327365946119027e-01,4.293039838372141037e-03,3.901155431650756289e-01,-9.988123193341363892e-01,1.713389015413403049e+00,4.191692355287272020e-01,2.852263823916528551e+00
8.340277777777778123e-01,3.002500000000000000e+02,1.686805506506038749e-02,3.241275198932118684e-01,4.439762160528889536e-03,3.911105682928125438e-01,-9.882182527167359121e-01,1.712562163519035341e+00,4.259486162430778378e-01,2.879110663374199852e+00
8.343749999999999778e-01,3.003750000000000000e+02,1.652676064635246606e-02,3.247220154435815354e-01,4.588835596977538026e-03,3.921149462309788669e-01,-9.776402816297575793e-01,1.711731585608551098e+00,4.327116538498959608e-01,2.906136011992293877e+00
8.347222222222222543e-01,3.005000000000000000e+02,1.618913633990879189e-02,3.253162219519660225e-01,4.740254473027987608e-03,3.931287389619232409e-01,-9.670784060731889564e-01,1.710897281681949877e+00,4.394583483491902309e-01,2.933339869770846597e+00
8.350694444444445308e-01,3.006250000000000568e+02,1.585517655700387565e-02,3.259101381246091167e-01,4.894013113990047445e-03,3.941520084679918101e-01,-9.565326260470432551e-01,1.710059251739232344e+00,4.461886997409518218e-01,2.960722236709822042e+00
8.354166666666666963e-01,3.007500000000000000e+02,1.552487570891194178e-02,3.265037626677552707e-01,5.050105845173608228e-03,3.951848167315318849e-01,-9.460029415513201423e-01,1.709217495780398277e+00,4.529027080251815662e-01,2.988283112809221542e+00
8.357638888888889728e-01,3.008750000000000568e+02,1.519822820690694062e-02,3.270970942876491594e-01,5.208526991888575396e-03,3.962272257348917193e-01,-9.354893525860107362e-01,1.708372013805447676e+00,4.596003732018843491e-01,3.016022498069066859e+00
8.361111111111111382e-01,3.010000000000000000e+02,1.487522846226311569e-02,3.276901316905349026e-01,5.369270879444839641e-03,3.972792974604176797e-01,-9.249918591511238075e-01,1.707522805814381206e+00,4.662816952710547858e-01,3.043940392489337121e+00
8.364583333333334147e-01,3.011250000000000568e+02,1.455587088625448500e-02,3.282828735826571753e-01,5.532331833152391402e-03,3.983410938904582976e-01,-9.145104612466505856e-01,1.706669871807197314e+00,4.729466742326983164e-01,3.072036796070052755e+00
8.368055555555555802e-01,3.012500000000000000e+02,1.424014989015547593e-02,3.288753186702601528e-01,5.697704178320858563e-03,3.994126770073598287e-01,-9.040451588726003962e-01,1.705813211783897110e+00,4.795953100868096119e-01,3.100311708811192002e+00
8.371527777777778567e-01,3.013750000000000000e+02,1.392805988523998333e-02,3.294674656595885653e-01,5.865382240260317431e-03,4.004941087934705823e-01,-8.935959520289638025e-01,1.704952825744480371e+00,4.862276028333943345e-01,3.128765130712777953e+00
8.375000000000000222e-01,3.015000000000000000e+02,1.361959528278223509e-02,3.300593132568865884e-01,6.035360344280665638e-03,4.015854512311375357e-01,-8.831628407157455785e-01,1.704088713688946655e+00,4.928435524724494310e-01,3.157397061774799063e+00
8.378472222222222987e-01,3.016250000000000000e+02,1.331475049405646434e-02,3.306508601683986193e-01,6.207632815691802551e-03,4.026867663027081101e-01,-8.727458249329456130e-01,1.703220875617296626e+00,4.994431590039749014e-01,3.186207501997254443e+00
8.381944444444444642e-01,3.017500000000000000e+02,1.301351993033689376e-02,3.312421051003688888e-01,6.382193979803354317e-03,4.037981159905290607e-01,-8.623449046805675700e-01,1.702349311529530507e+00,5.060264224279683587e-01,3.215196451380133436e+00
8.385416666666667407e-01,3.018750000000000000e+02,1.271589800289748239e-02,3.318330467590421828e-01,6.559038161925576788e-03,4.049195622769488634e-01,-8.519600799586041218e-01,1.701474021425647409e+00,5.125933427444344659e-01,3.244363909923459133e+00
8.388888888888889062e-01,3.020000000000000000e+02,1.242187912301259689e-02,3.324236838506625102e-01,6.738159687368099580e-03,4.060511671443137738e-01,-8.415913507670629290e-01,1.700595005305647778e+00,5.191439199533689486e-01,3.273709877627208442e+00
8.392361111111111827e-01,3.021250000000000000e+02,1.213145770195618936e-02,3.330140150814747124e-01,6.919552881440908798e-03,4.071929925749723234e-01,-8.312387171059357760e-01,1.699712263169531390e+00,5.256781540547762477e-01,3.303234354491404456e+00
8.395833333333333481e-01,3.022500000000000000e+02,1.184462815100256576e-02,3.336040391577229647e-01,7.103212069453901205e-03,4.083451005512712118e-01,-8.209021789752267706e-01,1.698825795017298690e+00,5.321960450486541427e-01,3.332937340516035185e+00
8.399305555555556246e-01,3.023750000000000000e+02,1.156138488142581348e-02,3.341937547856517199e-01,7.289131576716977902e-03,4.095075530555578602e-01,-8.105817363749362459e-01,1.697935600848949012e+00,5.386975929350021897e-01,3.362818835701100628e+00
8.402777777777777901e-01,3.025000000000000000e+02,1.128172230450029401e-02,3.347831606715050423e-01,7.477305728539853508e-03,4.106804120701792460e-01,-8.002773893050677545e-01,1.697041680664483687e+00,5.451827977138182790e-01,3.392878840046589684e+00
8.406250000000000666e-01,3.026250000000000000e+02,1.100563483149983278e-02,3.353722555215278844e-01,7.667728850232605198e-03,4.118637395774836230e-01,-7.899891377656133029e-01,1.696144034463900940e+00,5.516516593851076289e-01,3.423117353552524555e+00
8.409722222222222321e-01,3.027500000000000000e+02,1.073311687369893179e-02,3.359610380419640885e-01,7.860395267104950193e-03,4.130575975598174687e-01,-7.797169817565816619e-01,1.695242662247201881e+00,5.581041779488644661e-01,3.453534376218883484e+00
8.413194444444445086e-01,3.028750000000000000e+02,1.046416284237140781e-02,3.365495069390587179e-01,8.055299304466969137e-03,4.142620479995290927e-01,-7.694609212779637275e-01,1.694337564014386288e+00,5.645403534050945638e-01,3.484129908045689561e+00
8.416666666666666741e-01,3.030000000000000000e+02,1.019876714879176804e-02,3.371376609190555595e-01,8.252435287628466856e-03,4.154771528789648061e-01,-7.592209563297683816e-01,1.693428739765454383e+00,5.709601857537924818e-01,3.514903949032917918e+00
8.420138888888889506e-01,3.031250000000000000e+02,9.936924204233829258e-03,3.377254986881993992e-01,8.451797541899338378e-03,4.167029741804731402e-01,-7.489970869119867425e-01,1.692516189500405499e+00,5.773636749949635494e-01,3.545856499180593424e+00
8.423611111111111160e-01,3.032500000000000000e+02,9.678628419971958136e-03,3.383130189527347453e-01,8.653380392589398937e-03,4.179395738864007948e-01,-7.387893130246238060e-01,1.691599913219240081e+00,5.837508211286049908e-01,3.576987558488704533e+00
8.427083333333333925e-01,3.033750000000000000e+02,9.423874207280240334e-03,3.389002204189054956e-01,8.857178165008628562e-03,4.191870139790953020e-01,-7.285976346676787951e-01,1.690679910921958129e+00,5.901216241547168062e-01,3.608297126957250356e+00
8.430555555555555580e-01,3.035000000000000000e+02,9.172655977433054678e-03,3.394871017929562695e-01,9.063185184466835548e-03,4.204453564409034727e-01,-7.184220518411562617e-01,1.689756182608560087e+00,5.964760840732965530e-01,3.639785204586217571e+00
8.434027777777778345e-01,3.036250000000000000e+02,8.924968141704212737e-03,3.400736617811317974e-01,9.271395776273920128e-03,4.217146632541736162e-01,-7.082625645450478791e-01,1.688828728279044844e+00,6.028142008843495603e-01,3.671451791375634155e+00
8.437500000000000000e-01,3.037500000000000000e+02,8.680805111368145380e-03,3.406598990896759216e-01,9.481804265739688861e-03,4.229949964012520991e-01,-6.981191727793614188e-01,1.687897547933413511e+00,6.091359745878701659e-01,3.703296887325471687e+00
8.440972222222222765e-01,3.038750000000000000e+02,8.440161297698884485e-03,3.412458124248336500e-01,9.694404978174309129e-03,4.242864178644875084e-01,-6.879918765440894424e-01,1.686962641571665200e+00,6.154414051838638100e-01,3.735320492435757700e+00
8.444444444444444420e-01,3.040000000000000000e+02,8.203031111970520914e-03,3.418314004928489913e-01,9.909192238887408813e-03,4.255889896262264327e-01,-6.778806758392356135e-01,1.686024009193800355e+00,6.217304926723280500e-01,3.767522606706477983e+00
8.447916666666667185e-01,3.041250000000000000e+02,7.969408965457350225e-03,3.424166619999665095e-01,1.012616037318897141e-02,4.269027736688164598e-01,-6.677855706648002654e-01,1.685081650799819197e+00,6.280032370532628860e-01,3.799903230137634313e+00
8.451388888888888840e-01,3.042500000000000000e+02,7.739289269433603791e-03,3.430015956524302689e-01,1.034530370638881216e-02,4.282278319746042894e-01,-6.577065610207867286e-01,1.684135566389721284e+00,6.342596383266653204e-01,3.832462362729211591e+00
8.454861111111111605e-01,3.043750000000000000e+02,7.512666435173233695e-03,3.435862001564851664e-01,1.056661656379691283e-02,4.295642265259385084e-01,-6.476436469071875646e-01,1.683185755963507280e+00,6.404996964925409042e-01,3.865200004481237794e+00
8.458333333333333259e-01,3.045000000000000000e+02,7.289534873950610089e-03,3.441704742183752108e-01,1.079009327072299150e-02,4.309120193051652614e-01,-6.375968283240106560e-01,1.682232219521176297e+00,6.467234115508844194e-01,3.898116155393684945e+00
8.461805555555556024e-01,3.046250000000000000e+02,7.069888997039620003e-03,3.447544165443451880e-01,1.101572815247712882e-02,4.322712722946330799e-01,-6.275661052712481203e-01,1.681274957062728559e+00,6.529307835017008621e-01,3.931210815466580577e+00
8.465277777777777679e-01,3.047500000000000000e+02,6.853723215714762826e-03,3.453380258406389958e-01,1.124351553436912440e-02,4.336420474766882194e-01,-6.175514777489077289e-01,1.680313968588164730e+00,6.591218123449853472e-01,3.964483984699897601e+00
8.468750000000000444e-01,3.048750000000000000e+02,6.641031941249864005e-03,3.459213008135016976e-01,1.147344974170888543e-02,4.350244068336792114e-01,-6.075529457569812664e-01,1.679349254097484145e+00,6.652964980807426487e-01,3.997935663093663106e+00
8.472222222222222099e-01,3.050000000000000000e+02,6.431809584919283285e-03,3.465042401691773022e-01,1.170552509980630519e-02,4.364184123479528110e-01,-5.975705092954732844e-01,1.678380813590686804e+00,6.714548407089706572e-01,4.031565850647864657e+00
8.475694444444444864e-01,3.051250000000000000e+02,6.226050557997116729e-03,3.470868426139102070e-01,1.193973593397127698e-02,4.378241260018564396e-01,-5.876041683643834501e-01,1.677408647067772929e+00,6.775968402296688176e-01,4.065374547362499591e+00
8.479166666666666519e-01,3.052500000000000000e+02,6.023749271757662498e-03,3.476691068539446428e-01,1.217607656951352410e-02,4.392416097777367967e-01,-5.776539229637159822e-01,1.676432754528742741e+00,6.837224966428352424e-01,4.099361753237557693e+00
8.482638888888889284e-01,3.053750000000000000e+02,5.824900137474871807e-03,3.482510315955253954e-01,1.241454133174321392e-02,4.406709256579425804e-01,-5.677197730934626652e-01,1.675453135973595797e+00,6.898318099484744836e-01,4.133527468273063832e+00
8.486111111111110938e-01,3.055000000000000000e+02,5.629497566423050624e-03,3.488326155448965848e-01,1.265512454596988239e-02,4.421121356248197687e-01,-5.578017187536314925e-01,1.674469791402332319e+00,6.959247801465818783e-01,4.167871692468989586e+00
8.489583333333333703e-01,3.056250000000000000e+02,5.437535969876214348e-03,3.494138574083028859e-01,1.289782053750378014e-02,4.435653016607171151e-01,-5.478997599442144706e-01,1.673482720814952529e+00,7.020014072371618674e-01,4.202394425825366042e+00
8.493055555555555358e-01,3.057500000000000000e+02,5.249009759108668079e-03,3.499947558919886403e-01,1.314262363165463743e-02,4.450304857479813747e-01,-5.380138966652158183e-01,1.672491924211455538e+00,7.080616912202124524e-01,4.237095668342176324e+00
8.496527777777778123e-01,3.058750000000000000e+02,5.063913345394500075e-03,3.505753219902022488e-01,1.338952815373234580e-02,4.465077498689598579e-01,-5.281441289166354247e-01,1.671616982126298723e+00,7.141056320957335224e-01,4.271975420019422209e+00
8.499999999999999778e-01,3.060000000000000000e+02,4.882241140008008497e-03,3.511556356786408317e-01,1.363852842904662334e-02,4.479971560059993196e-01,-5.182904566984771755e-01,1.671039809608039883e+00,7.201332298637226348e-01,4.307033680857088598e+00
8.503472222222222543e-01,3.061250000000000000e+02,4.703987554223082977e-03,3.517358009873796654e-01,1.388961878290762703e-02,4.494987661414485136e-01,-5.084528800107332991e-01,1.670762315054415525e+00,7.261444845241845636e-01,4.342270450855204800e+00
8.506944444444445308e-01,3.062500000000000568e+02,4.529146999314087596e-03,3.523159219712673207e-01,1.414279354062509056e-02,4.510126422576539174e-01,-4.986313988534072372e-01,1.670784498465428758e+00,7.321393960771171994e-01,4.377685730013755716e+00
8.510416666666666963e-01,3.063750000000000000e+02,4.357713886555183470e-03,3.528961026851524241e-01,1.439804702750890897e-02,4.525388463369625081e-01,-4.888260132265038194e-01,1.671106359841076028e+00,7.381179645225175445e-01,4.413279518332726248e+00
8.513888888888889728e-01,3.065000000000000568e+02,4.189682627220397276e-03,3.534764471838842126e-01,1.465537356886896861e-02,4.540774403617227617e-01,-4.790367231300142747e-01,1.671727899181359112e+00,7.440801898603909281e-01,4.449051815812147481e+00
8.517361111111111382e-01,3.066250000000000000e+02,4.025047632584092226e-03,3.540570595223112016e-01,1.491476749001517665e-02,4.556284863142809893e-01,-4.692635285639472076e-01,1.672649116486278897e+00,7.500260720907324652e-01,4.485002622451989218e+00
8.520833333333334147e-01,3.067500000000000568e+02,3.863803313920224306e-03,3.546380437552826281e-01,1.517622311625751660e-02,4.571920461769856114e-01,-4.595064295282941247e-01,1.673870011755833609e+00,7.559556112135465966e-01,4.521131938252279880e+00
8.524305555555555802e-01,3.068750000000000000e+02,3.705944082503024456e-03,3.552195039376468966e-01,1.543973477290579849e-02,4.587681819321834942e-01,-4.497654260230595780e-01,1.675390584990024578e+00,7.618688072288312130e-01,4.557439763213005257e+00
8.527777777777778567e-01,3.070000000000000000e+02,3.551464349606653359e-03,3.558015441242531884e-01,1.570529678526973519e-02,4.603569555622220588e-01,-4.400405180482430678e-01,1.677210836188849807e+00,7.677656601365863143e-01,4.593926097334165348e+00
8.531250000000000222e-01,3.071250000000000000e+02,3.400358526505341088e-03,3.563842683699499081e-01,1.597290347865940735e-02,4.619584290494478385e-01,-4.303317056038489241e-01,1.679330765352310628e+00,7.736461699368097911e-01,4.630590940615746831e+00
8.534722222222222987e-01,3.072500000000000000e+02,3.252621024473175901e-03,3.569677807295862371e-01,1.624254917838471521e-02,4.635726643762094756e-01,-4.206389886898687647e-01,1.681750372480408595e+00,7.795103366295058622e-01,4.667434292727443257e+00
8.538194444444444642e-01,3.073750000000000000e+02,3.108246254784325421e-03,3.575521852580108018e-01,1.651422820975537165e-02,4.651996934464475708e-01,-4.109623673063107496e-01,1.684469657573140822e+00,7.853581602146699758e-01,4.704196570393813559e+00
8.541666666666667407e-01,3.075000000000000000e+02,2.967228628712946861e-03,3.581375860100728392e-01,1.678793489808145384e-02,4.668394282574189202e-01,-4.013018414531673850e-01,1.687488620630509750e+00,7.911896406923069058e-01,4.740619359348126061e+00
8.545138888888889062e-01,3.076250000000000000e+02,2.829562557533200906e-03,3.587240870406206428e-01,1.706366356867286549e-02,4.684917509310980721e-01,-3.916574111304420569e-01,1.690807261652514049e+00,7.970047780624144318e-01,4.776702659590368327e+00
8.548611111111111827e-01,3.077500000000000000e+02,2.695242452519250841e-03,3.593117924045033940e-01,1.734140854683931601e-02,4.701565435894600742e-01,-3.820290763381348764e-01,1.694425580639154383e+00,8.028035723249923317e-01,4.812446471120541247e+00
8.552083333333333481e-01,3.078750000000000000e+02,2.564262724945322834e-03,3.599008061565695527e-01,1.762116415789070564e-02,4.718336883544787530e-01,-3.724168370762499514e-01,1.698343577590428310e+00,8.085860234800384960e-01,4.847850793938631497e+00
8.555555555555556246e-01,3.080000000000000000e+02,2.436617786085512952e-03,3.604912323516685224e-01,1.790292472713702829e-02,4.735230673481310437e-01,-3.628206933447792326e-01,1.702561252506340272e+00,8.143521315275573658e-01,4.882915628044667500e+00
8.559027777777777901e-01,3.081250000000000000e+02,2.312302047213978841e-03,3.610831750446485966e-01,1.818668457988808357e-02,4.752245626923902178e-01,-3.532406451437305472e-01,1.707078605386885384e+00,8.201018964675445000e-01,4.917640973438619056e+00
8.562500000000000666e-01,3.082500000000000000e+02,2.191309919604883354e-03,3.616767382903589567e-01,1.847243804145385845e-02,4.769380565092326552e-01,-3.436766924730964567e-01,1.711895636232067419e+00,8.258353183000041176e-01,4.952026830120510148e+00
8.565972222222222321e-01,3.083750000000000000e+02,2.073635814532388041e-03,3.622720261436481182e-01,1.876017943714416991e-02,4.786634309206320714e-01,-3.341288353328843996e-01,1.717012345041884158e+00,8.315523970249319996e-01,4.986073198090323011e+00
8.569444444444445086e-01,3.085000000000000000e+02,1.959274143270585064e-03,3.628691426593655955e-01,1.904990309226898756e-02,4.804005680485652907e-01,-3.245970737230826630e-01,1.722428731816341374e+00,8.372531326423350295e-01,5.019780077348093172e+00
8.572916666666666741e-01,3.086250000000000000e+02,1.848219317093841539e-03,3.634681918923592936e-01,1.934160333213804858e-02,4.821493500150046962e-01,-3.150814076437070677e-01,1.728144796555428853e+00,8.429375251522038814e-01,5.053147467893765565e+00
8.576388888888889506e-01,3.087500000000000000e+02,1.740465747276109115e-03,3.640692778974786714e-01,1.963527448206132606e-02,4.839096589419273342e-01,-3.055818370947455120e-01,1.734160539259153255e+00,8.486055745545455498e-01,5.086175369727383710e+00
8.579861111111111160e-01,3.088750000000000000e+02,1.636007845091689856e-03,3.646725047295720779e-01,1.993091086734855022e-02,4.856813769513068646e-01,-2.960983620762063229e-01,1.740475959927511695e+00,8.542572808493551495e-01,5.118863782848913857e+00
8.583333333333333925e-01,3.090000000000000000e+02,1.534840021814607835e-03,3.652779764434889720e-01,2.022850681330996825e-02,4.874643861651194454e-01,-2.866309825880815065e-01,1.747091058560508614e+00,8.598926440366378987e-01,5.151212707258394197e+00
8.586805555555555580e-01,3.091250000000000000e+02,1.436956688719090739e-03,3.658857970940775917e-01,2.052805664525511956e-02,4.892585687053388477e-01,-2.771796986303787236e-01,1.754005835158138682e+00,8.655116641163884683e-01,5.183222142955786538e+00
8.590277777777778345e-01,3.092500000000000000e+02,1.342352257079366474e-03,3.664960707361871739e-01,2.082955468849399458e-02,4.910638066939413959e-01,-2.677445102030901469e-01,1.761220289720406784e+00,8.711143410886119653e-01,5.214892089941124631e+00
8.593750000000000000e-01,3.093750000000000000e+02,1.251021138169463014e-03,3.671089014246665116e-01,2.113299526833666009e-02,4.928799822529011387e-01,-2.583254173062199399e-01,1.768734422247310034e+00,8.767006749533057253e-01,5.246222548214393377e+00
8.597222222222222765e-01,3.095000000000000000e+02,1.162957743263608266e-03,3.677243932143643423e-01,2.143837271009276998e-02,4.947069775041934570e-01,-2.489224199397680193e-01,1.776548232738849320e+00,8.822706657104700811e-01,5.277213517775591001e+00
8.600694444444444420e-01,3.096250000000000000e+02,1.078156483636031867e-03,3.683426501601291259e-01,2.174568133907219328e-02,4.965446745697923436e-01,-2.395355181037381320e-01,1.784661721195021311e+00,8.878243133601027015e-01,5.307864998624706843e+00
8.604166666666667185e-01,3.097500000000000000e+02,9.966117705607557224e-04,3.689637763168103213e-01,2.205491548058501755e-02,4.983929555716742343e-01,-2.301647117981225343e-01,1.793074887615831559e+00,8.933616179022079162e-01,5.338176990761768437e+00
8.607638888888888840e-01,3.098750000000000000e+02,9.183180153120137001e-04,3.695878757392562775e-01,2.236606945994087589e-02,5.002517026318127336e-01,-2.208100010229289145e-01,1.801787732001273845e+00,8.988825793367812844e-01,5.368149494186746473e+00
8.611111111111111605e-01,3.100000000000000000e+02,8.432696291639610623e-04,3.702150524823163424e-01,2.267913760244992180e-02,5.021207978721842213e-01,-2.114713857781498063e-01,1.810800254351357053e+00,9.043871976638275800e-01,5.397782508899665821e+00
8.614583333333333259e-01,3.101250000000000000e+02,7.714610233908334109e-04,3.708454106008386986e-01,2.299411423342170857e-02,5.040001234147623022e-01,-2.021488660637928148e-01,1.820112454666070301e+00,9.098754728833419181e-01,5.427076034900502499e+00
8.618055555555556024e-01,3.102500000000000000e+02,7.028866092665803349e-04,3.714790541496731380e-01,2.331099367816676440e-02,5.058895613815240777e-01,-1.928424418798463380e-01,1.829724332945427356e+00,9.153474049953314040e-01,5.456030072189297364e+00
8.621527777777777679e-01,3.103750000000000000e+02,6.375407980656411580e-04,3.721160871836672879e-01,2.362977026199416034e-02,5.077889938944414316e-01,-1.835521132263257804e-01,1.839635889189412454e+00,9.208029939997866009e-01,5.484644620765995349e+00
8.625000000000000444e-01,3.105000000000000000e+02,5.754180010619695893e-04,3.727566137576708294e-01,2.395043831021425110e-02,5.096983030754919097e-01,-1.742778801032196234e-01,1.849847123398036919e+00,9.262422398967147252e-01,5.512919680630638197e+00
8.628472222222222099e-01,3.106250000000000000e+02,5.165126295297971107e-04,3.734007379265321114e-01,2.427299214813676345e-02,5.116173710466487279e-01,-1.650197425105352778e-01,1.860358035571293644e+00,9.316651426861110030e-01,5.540855251783196600e+00
8.631944444444444864e-01,3.107500000000000000e+02,4.608190947432810988e-04,3.740485637451004819e-01,2.459742610107176417e-02,5.135460799298884327e-01,-1.557777004482654715e-01,1.871168625709189959e+00,9.370717023679799862e-01,5.568451334223701643e+00
8.635416666666666519e-01,3.108750000000000000e+02,4.083318079765180524e-04,3.747001952682240677e-01,2.492373449432888632e-02,5.154843118471842400e-01,-1.465517539164178096e-01,1.882278893811716314e+00,9.424619189423170118e-01,5.595707927952121352e+00
8.638888888888889284e-01,3.110000000000000000e+02,3.590451805038023911e-04,3.753557365507525501e-01,2.525191165321828343e-02,5.174319489205130296e-01,-1.373419029149844650e-01,1.893688839878883368e+00,9.478357924091268538e-01,5.622625032968483261e+00
8.642361111111110938e-01,3.111250000000000000e+02,3.129536235991600321e-04,3.760152916475342777e-01,2.558195190304969960e-02,5.193888732718491275e-01,-1.281481474439693236e-01,1.905398463910687124e+00,9.531933227684071808e-01,5.649202649272778487e+00
8.645833333333333703e-01,3.112500000000000000e+02,2.700515485368894610e-04,3.766789646134180991e-01,2.591384956913309751e-02,5.213549670231670818e-01,-1.189704875033725795e-01,1.917407765907125805e+00,9.585345100201578816e-01,5.675440776865001702e+00
8.649305555555555358e-01,3.113750000000000000e+02,2.303333665910125563e-04,3.773468595032525852e-01,2.624759897677812065e-02,5.233301122964411078e-01,-1.098089230931975496e-01,1.929716745868194749e+00,9.638593541643768470e-01,5.701339415745144024e+00
8.652777777777778123e-01,3.115000000000000000e+02,1.937934890357611521e-04,3.780190803718872505e-01,2.658319445129492600e-02,5.253141912136480851e-01,-1.006634542134371563e-01,1.942325403793904393e+00,9.691678552010686287e-01,5.726898565913229433e+00
8.656249999999999778e-01,3.116250000000000000e+02,1.604263271452944139e-04,3.786957312741701664e-01,2.692063031799314318e-02,5.273070858967611185e-01,-9.153408086409868527e-02,1.955233739684244298e+00,9.744600131302287860e-01,5.752118227369233061e+00
8.659722222222222543e-01,3.117500000000000000e+02,1.302262921937755462e-04,3.793769162649508475e-01,2.725990090218303671e-02,5.293086784677569767e-01,-8.242080304517476752e-02,1.968441753539225791e+00,9.797358279518612045e-01,5.776998400113178889e+00
8.663194444444445308e-01,3.118750000000000568e+02,1.031877954552951114e-04,3.800627393990777536e-01,2.760100052917430907e-02,5.313188510486097638e-01,-7.332362075666880308e-02,1.981949445358842210e+00,9.849952996659642190e-01,5.801539084145054481e+00
8.666666666666666963e-01,3.120000000000000000e+02,7.930524820408291100e-05,3.807533047313997887e-01,2.794392352427669743e-02,5.333374857612944719e-01,-6.424253399858134705e-02,1.995756815143095331e+00,9.902384282725377185e-01,5.825740279464860727e+00
8.670138888888889728e-01,3.121250000000000568e+02,5.857306171430009596e-05,3.814487163167658013e-01,2.828866421280026855e-02,5.353644647277859825e-01,-5.517754277091207332e-02,2.009863862891982489e+00,9.954652137715818139e-01,5.849601986072595849e+00
8.673611111111111382e-01,3.122500000000000000e+02,4.098564726010988404e-05,3.821490782100244177e-01,2.863521692005464511e-02,5.373996700700585105e-01,-4.612864707366472888e-02,2.024270588605501242e+00,1.000675656163094063e+00,5.873124203968253632e+00
8.677083333333334147e-01,3.123750000000000568e+02,2.653741611566942828e-05,3.828544944660247640e-01,2.898357597135009511e-02,5.394429839100886026e-01,-3.709584690683193076e-02,2.038976992283660472e+00,1.005869755447079017e+00,5.896306933151846508e+00
8.680555555555555802e-01,3.125000000000000000e+02,1.522277955513990678e-05,3.835650691396153000e-01,2.933373569199624123e-02,5.414942883698498077e-01,-2.807914227042084335e-02,2.053983073926449077e+00,1.011047511623532236e+00,5.919150173623368261e+00
8.684027777777778567e-01,3.126250000000000000e+02,7.036148852617941063e-06,3.842809062856453739e-01,2.968569040730306349e-02,5.435534655713185614e-01,-1.907853316442450695e-02,2.069288833533881267e+00,1.016208924692457938e+00,5.941653925382826884e+00
8.687500000000000222e-01,3.127500000000000000e+02,1.971935282329277281e-06,3.850021099589633344e-01,3.003943444258029560e-02,5.456203976364681907e-01,-1.009401958884999055e-02,2.084894271105941499e+00,1.021353994653852126e+00,5.963818188430204614e+00
8.690972222222222987e-01,3.128750000000000000e+02,2.455011843711821409e-08,3.857287842144185297e-01,3.039496212313809106e-02,5.476949666872752420e-01,-1.125601543690015263e-03,2.100799386642643096e+00,1.026482721507718798e+00,5.985642962765523656e+00
8.694444444444444642e-01,3.130000000000000000e+02,1.188404635032030663e-06,3.864610331068594196e-01,3.075226777428626337e-02,5.497770548457142636e-01,7.826720971051777734e-03,2.117004180143981174e+00,1.031595105254055955e+00,6.007128248388768910e+00
8.697916666666667407e-01,3.131250000000000000e+02,5.457910106345814649e-06,3.871989606911349080e-01,3.111134572133462256e-02,5.518665442337598037e-01,1.676294795537528262e-02,2.133508651609955287e+00,1.036691145892863597e+00,6.028274045299947481e+00
8.701388888888889062e-01,3.132500000000000000e+02,1.282747780653561850e-05,3.879426710220936769e-01,3.147219028959287457e-02,5.539633169733860774e-01,2.568307940927696750e-02,2.150312801040557442e+00,1.041770843424139503e+00,6.049080353499050489e+00
8.704861111111111827e-01,3.133750000000000000e+02,2.329151900976666003e-05,3.886922681545848524e-01,3.183479580437128392e-02,5.560672551865699642e-01,3.458711533276400546e-02,2.167416628435801407e+00,1.046834197847888337e+00,6.069547172986088590e+00
8.708333333333333481e-01,3.135000000000000000e+02,3.684444499012951040e-05,3.894478561434568942e-01,3.219915659097940391e-02,5.581782409952845692e-01,4.347505572582922168e-02,2.184820133795675190e+00,1.051881209164105213e+00,6.089674503761052904e+00
8.711805555555556246e-01,3.136250000000000000e+02,5.348066702185394554e-05,3.902095390435591504e-01,3.256526697472737070e-02,5.602961565215065498e-01,5.234690058847979444e-02,2.202523317120191226e+00,1.056911877372794573e+00,6.109462345823950535e+00
8.715277777777777901e-01,3.137500000000000000e+02,7.319459637903458031e-05,3.909774209097401920e-01,3.293312128092501512e-02,5.624208838872101213e-01,6.120264992071217797e-02,2.220526178409342410e+00,1.061926202473954417e+00,6.128910699174783261e+00
8.718750000000000666e-01,3.138750000000000000e+02,9.598064433596373388e-05,3.917516057968488674e-01,3.330271383488214026e-02,5.645523052143701648e-01,7.004230372252637227e-02,2.238828717663130963e+00,1.066924184467584968e+00,6.148019563813543975e+00
8.722222222222222321e-01,3.140000000000000000e+02,1.218332221666714366e-04,3.925321977597335255e-01,3.367403896190854229e-02,5.666903026249608955e-01,7.886586199391874830e-02,2.257430934881546669e+00,1.071905823353683562e+00,6.166788939740228237e+00
8.725694444444445086e-01,3.141250000000000000e+02,1.507467411453148481e-04,3.933193008532438473e-01,3.404709098731431571e-02,5.688347582409589709e-01,8.767332473489650169e-02,2.276332830064604629e+00,1.076871119132255084e+00,6.185218826954851146e+00
8.729166666666666741e-01,3.142500000000000000e+02,1.827156125461257621e-04,3.941130191322279042e-01,3.442186423640916648e-02,5.709855541843376070e-01,9.646469194545241599e-02,2.295534403212291519e+00,1.081820071803294647e+00,6.203309225457394049e+00
8.732638888888889506e-01,3.143750000000000000e+02,2.177342476432633713e-04,3.949134566515351552e-01,3.479835303450316830e-02,5.731425725770735724e-01,1.052399636255936799e-01,2.315035654324622438e+00,1.086752681366806916e+00,6.221060135247877376e+00
8.736111111111111160e-01,3.145000000000000000e+02,2.557970577108888469e-04,3.957207174660138937e-01,3.517655170690605487e-02,5.753056955411398610e-01,1.139991397753131880e-01,2.334836583401579624e+00,1.091668947822787672e+00,6.238471556326281586e+00
8.739583333333333925e-01,3.146250000000000000e+02,2.968984540230967632e-04,3.965349056305136344e-01,3.555645457892788602e-02,5.774748051985137964e-01,1.227422203946179902e-01,2.354937190443180395e+00,1.096568871171240689e+00,6.255543488692625331e+00
8.743055555555555580e-01,3.147500000000000000e+02,3.410328478540462587e-04,3.973561251998826704e-01,3.593805597587839545e-02,5.796497836711688167e-01,1.314692054835046309e-01,2.375337475449418534e+00,1.101452451412164191e+00,6.272275932346897953e+00
8.746527777777778345e-01,3.148750000000000000e+02,3.881946504780358189e-04,3.981844802289699614e-01,3.632135022306746258e-02,5.818305130810803583e-01,1.401800950419729852e-01,2.396037438420290933e+00,1.106319688545558177e+00,6.288668887289103004e+00
8.750000000000000000e-01,3.150000000000000000e+02,4.383782731690227851e-04,3.990200747726240227e-01,3.670633164580491825e-02,5.840168755502220810e-01,1.488748890700196115e-01,2.417037079355790041e+00,1.111170582571420873e+00,6.304722353519229827e+00
8.753472222222222765e-01,3.151250000000000000e+02,4.915781272013700987e-04,3.998630128856943133e-01,3.709299456940090556e-02,5.862087532005710866e-01,1.575535875676515041e-01,2.438336398255934956e+00,1.116005133489755830e+00,6.320436331037294408e+00
8.756944444444444420e-01,3.152500000000000000e+02,5.477886238491037852e-04,4.007133986230290712e-01,3.748133331916497779e-02,5.884060281541003690e-01,1.662161905348617241e-01,2.459935395120704804e+00,1.120823341300559273e+00,6.335810819843286090e+00
8.760416666666667185e-01,3.153750000000000000e+02,6.070041743863849619e-04,4.015713360394777554e-01,3.787134222040729886e-02,5.906085825327870298e-01,1.748626979716572383e-01,2.481834069950120014e+00,1.125625206003834977e+00,6.350845819937207537e+00
8.763888888888888840e-01,3.155000000000000000e+02,6.692191900874415325e-04,4.024369291898887147e-01,3.826301559843767186e-02,5.928162984586047290e-01,1.834931098780344660e-01,2.504032422744171260e+00,1.130410727599581389e+00,6.365541331319065854e+00
8.767361111111111605e-01,3.156250000000000000e+02,7.344280822264365660e-04,4.033102821291109641e-01,3.865634777856599702e-02,5.950290580535285700e-01,1.921074262539935462e-01,2.526530453502858542e+00,1.135179906087798285e+00,6.379897353988849495e+00
8.770833333333333259e-01,3.157500000000000000e+02,8.026252620774607062e-04,4.041914989119930190e-01,3.905133308610189702e-02,5.972467434395327679e-01,2.007056470995308428e-01,2.549328162226171646e+00,1.139932741468483668e+00,6.393913887946562902e+00
8.774305555555556024e-01,3.158750000000000000e+02,8.738051409146771302e-04,4.050806835933842276e-01,3.944796584635563985e-02,5.994692367385939802e-01,2.092877724146534613e-01,2.572425548914129667e+00,1.144669233741641312e+00,6.407590933192209626e+00
8.777777777777777679e-01,3.160000000000000000e+02,9.479621300123135252e-04,4.059779402281328275e-01,3.984624038463684820e-02,6.016964200726853118e-01,2.178538021993542684e-01,2.595822613566713510e+00,1.149389382907267443e+00,6.420928489725779897e+00
8.781250000000000444e-01,3.161250000000000000e+02,1.025090640644531117e-03,4.068833728710883890e-01,4.024615102625560270e-02,6.039281755637838645e-01,2.264037364536405084e-01,2.619519356183943160e+00,1.154093188965366057e+00,6.433926557547287040e+00
8.784722222222222099e-01,3.162500000000000000e+02,1.105185084085424669e-03,4.077970855770989833e-01,4.064769209652160931e-02,6.061643853338624099e-01,2.349375751775049370e-01,2.643515776765797298e+00,1.158780651915933380e+00,6.446585136656719506e+00
8.788194444444444864e-01,3.163750000000000000e+02,1.188239871609151179e-03,4.087191824010140695e-01,4.105085792074494866e-02,6.084049315048979389e-01,2.434553183709546598e-01,2.667811875312298575e+00,1.163451771758972964e+00,6.458904227054089731e+00
8.791666666666666519e-01,3.165000000000000000e+02,1.274249414489944405e-03,4.096497673976823295e-01,4.145564282423540303e-02,6.106496961988644445e-01,2.519569660339861517e-01,2.692407651823434112e+00,1.168106548494482810e+00,6.470883828739389720e+00
8.795138888888889284e-01,3.166250000000000000e+02,1.363208124001961778e-03,4.105889446219524452e-01,4.186204113230287960e-02,6.128985615377370300e-01,2.604425181665993572e-01,2.717303106299206128e+00,1.172744982122463142e+00,6.482523941712615922e+00
8.798611111111110938e-01,3.167500000000000000e+02,1.455110411419297412e-03,4.115368181286729876e-01,4.227004717025700103e-02,6.151514096434896883e-01,2.689119747687909734e-01,2.742498238739603966e+00,1.177367072642911960e+00,6.493824565973771890e+00
8.802083333333333703e-01,3.168750000000000000e+02,1.549950688016113074e-03,4.124934919726933602e-01,4.267965526340813248e-02,6.174081226380991883e-01,2.773653358405677727e-01,2.767993049144646722e+00,1.181972820055833706e+00,6.504785701522859398e+00
8.805555555555555358e-01,3.170000000000000000e+02,1.647723365066567280e-03,4.134590702088618563e-01,4.309085973706572315e-02,6.196685826435386346e-01,2.858026013819229272e-01,2.793787537514316188e+00,1.186562224361223494e+00,6.515407348359877560e+00
8.809027777777778123e-01,3.171250000000000000e+02,1.748422853844961008e-03,4.144336568920278241e-01,4.350365491653999245e-02,6.219326717817847960e-01,2.942237713928633203e-01,2.819881703848630128e+00,1.191135285559085766e+00,6.525689506484826374e+00
8.812500000000000888e-01,3.172500000000000568e+02,1.852043565625247426e-03,4.154173560770398899e-01,4.391803512714070185e-02,6.242002721748119987e-01,3.026288458733853992e-01,2.846275548147579659e+00,1.195692003649418744e+00,6.535632175897707619e+00
8.815972222222222543e-01,3.173750000000000000e+02,1.958579911681793649e-03,4.164102718187468466e-01,4.433399469417770300e-02,6.264712659445950127e-01,3.110178248234893306e-01,2.872969070411165671e+00,1.200232378632221542e+00,6.545235356598519516e+00
8.819444444444445308e-01,3.175000000000000568e+02,2.068026303288556314e-03,4.174125081719975983e-01,4.475152794296093778e-02,6.287455352131088304e-01,3.193907082431750033e-01,2.899962270639387718e+00,1.204756410507495490e+00,6.554499048587259402e+00
8.822916666666666963e-01,3.176250000000000000e+02,2.180377151719764192e-03,4.184241691916403272e-01,4.517062919880003580e-02,6.310229621023274449e-01,3.277474961324390312e-01,2.927255148832234255e+00,1.209264099275237703e+00,6.563423251863927277e+00
8.826388888888889728e-01,3.177500000000000568e+02,2.295626868249646922e-03,4.194453589325249920e-01,4.559129278700534138e-02,6.333034287342280688e-01,3.360881884912883533e-01,2.954847704989727042e+00,1.213755444935452177e+00,6.572007966428528469e+00
8.829861111111111382e-01,3.178750000000000000e+02,2.413769864152296666e-03,4.204761814494993866e-01,4.601351303288621353e-02,6.355868172307832520e-01,3.444127853197159195e-01,2.982739939111843874e+00,1.218230447488135582e+00,6.580253192281059427e+00
8.833333333333334147e-01,3.180000000000000568e+02,2.534800550701943062e-03,4.215167407974131919e-01,4.643728426175308677e-02,6.378730097139699851e-01,3.527212866177287798e-01,3.010931851198608733e+00,1.222689106933291026e+00,6.588158929421523702e+00
8.836805555555555802e-01,3.181250000000000000e+02,2.658713339172677406e-03,4.225671410311145904e-01,4.686260079891541724e-02,6.401618883057617060e-01,3.610136923853199953e-01,3.039423441249996305e+00,1.227131423270914956e+00,6.595725177849910636e+00
8.840277777777778567e-01,3.182500000000000000e+02,2.785502640838730636e-03,4.236274862054534296e-01,4.728945696968354234e-02,6.424533351281358495e-01,3.692900026224996690e-01,3.068214709266043894e+00,1.231557396501013368e+00,6.602951937566237994e+00
8.843750000000000222e-01,3.183750000000000000e+02,2.915162866974196215e-03,4.246978803752770038e-01,4.771784709936673780e-02,6.447472323030639663e-01,3.775502173292545338e-01,3.097305655246703093e+00,1.235967026623578491e+00,6.609839208570488900e+00
8.847222222222222987e-01,3.185000000000000000e+02,3.047688428853232660e-03,4.257784275954353825e-01,4.814776551327534099e-02,6.470434619525233799e-01,3.857943365055943041e-01,3.126696279192009875e+00,1.240360313638615652e+00,6.616386990862672235e+00
8.850694444444444642e-01,3.186250000000000000e+02,3.183073737750003688e-03,4.268692319207764707e-01,4.857920653671899541e-02,6.493419061984876395e-01,3.940223601515127627e-01,3.156386581101940259e+00,1.244737257546121967e+00,6.622595284442784447e+00
8.854166666666667407e-01,3.187500000000000000e+02,3.321313204938669984e-03,4.279703974061500049e-01,4.901216449500785111e-02,6.516424471629334025e-01,4.022342882670160713e-01,3.186376560976518668e+00,1.249097858346099876e+00,6.628464089310830865e+00
8.857638888888889062e-01,3.188750000000000000e+02,3.462401241693457282e-03,4.290820281064040564e-01,4.944663371345145442e-02,6.539449669678337740e-01,4.104301208520979571e-01,3.216666218815719791e+00,1.253442116038546938e+00,6.633993405466803495e+00
8.861111111111111827e-01,3.190000000000000000e+02,3.606332259288460348e-03,4.302042280763882509e-01,4.988260851736006640e-02,6.562493477351657445e-01,4.186098579067650260e-01,3.247255554619569384e+00,1.257770030623465818e+00,6.639183232910711219e+00
8.864583333333333481e-01,3.191250000000000000e+02,3.753100668997911421e-03,4.313371013709508817e-01,5.032008323204339301e-02,6.585554715869030851e-01,4.267734994310138363e-01,3.278144568388054569e+00,1.262081602100855404e+00,6.644033571642544267e+00
8.868055555555556246e-01,3.192500000000000000e+02,3.902700882095898761e-03,4.324807520449410192e-01,5.075905218281133446e-02,6.608632206450208990e-01,4.349210454248443880e-01,3.309333260121174902e+00,1.266376830470715475e+00,6.648544421662311521e+00
8.871527777777777901e-01,3.193750000000000000e+02,4.055127309856518432e-03,4.336352841532067348e-01,5.119950969497352733e-02,6.631724770314931794e-01,4.430524958882534614e-01,3.340821629818919281e+00,1.270655715733044477e+00,6.652715782970004987e+00
8.875000000000000666e-01,3.195000000000000000e+02,4.210374363554065559e-03,4.348008017505980427e-01,5.164145009384032287e-02,6.654831228682970279e-01,4.511678508212475514e-01,3.372609677481311241e+00,1.274918257887845519e+00,6.656547655565633548e+00
8.878472222222222321e-01,3.196250000000000000e+02,4.368436454462634039e-03,4.359774088919627366e-01,5.208486770472114252e-02,6.677950402774051053e-01,4.592671102238201630e-01,3.404697403108325915e+00,1.279164456935115046e+00,6.660040039449190097e+00
8.881944444444445086e-01,3.197500000000000000e+02,4.529307993856454377e-03,4.371652096321505532e-01,5.252975685292626817e-02,6.701081113807947354e-01,4.673502740959777357e-01,3.437084806699989947e+00,1.283394312874857057e+00,6.663192934620678187e+00
8.885416666666666741e-01,3.198750000000000000e+02,4.692983393009614833e-03,4.383643080260098968e-01,5.297611186376541964e-02,6.724222183004394671e-01,4.754173424377172164e-01,3.469771888256288683e+00,1.287607825707069109e+00,6.666006341080096931e+00
8.888888888888889506e-01,3.200000000000000000e+02,4.859457063196282595e-03,4.395748081283895603e-01,5.342392706254846940e-02,6.747372431583148478e-01,4.834683152490384384e-01,3.502758647777223011e+00,1.291804995431752090e+00,6.668480258827443663e+00
8.892361111111111160e-01,3.201250000000000000e+02,5.028723415690614443e-03,4.407968139941379482e-01,5.387319677458515116e-02,6.770530680763944265e-01,4.915031925299382376e-01,3.536045085262780052e+00,1.295985822048904001e+00,6.670614687862721937e+00
8.895833333333333925e-01,3.202500000000000000e+02,5.200776861766772362e-03,4.420304296781048525e-01,5.432391532518568433e-02,6.793695751766553048e-01,4.995219742804228868e-01,3.569631200712986008e+00,1.300150305558527508e+00,6.672409628185929975e+00
8.899305555555555580e-01,3.203750000000000000e+02,5.375611812698916601e-03,4.432757592351380671e-01,5.477607703965959446e-02,6.816866465810704767e-01,5.075246605004861689e-01,3.603516994127814232e+00,1.304298445960620167e+00,6.673865079797069555e+00
8.902777777777778345e-01,3.205000000000000000e+02,5.553222679761280270e-03,4.445329067200874396e-01,5.522967624331714259e-02,6.840041644116168218e-01,5.155112511901345229e-01,3.637702465507290928e+00,1.308430243255184644e+00,6.674981042696140676e+00
8.906250000000000000e-01,3.206250000000000000e+02,5.733603874227881370e-03,4.458019761878008747e-01,5.568470726146782651e-02,6.863220107902675560e-01,5.234817463493613987e-01,3.672187614851390336e+00,1.312545697442218051e+00,6.675757516883138898e+00
8.909722222222222765e-01,3.207500000000000000e+02,5.916749807373024132e-03,4.470830716931282200e-01,5.614116441942189339e-02,6.886400678389993368e-01,5.314361459781732355e-01,3.706972442160138659e+00,1.316644808521723498e+00,6.676194502358071325e+00
8.913194444444444420e-01,3.208750000000000000e+02,6.102654890470796817e-03,4.483762972909176026e-01,5.659904204248910470e-02,6.909582176797861575e-01,5.393744500765669247e-01,3.742056947433523018e+00,1.320727576493699651e+00,6.676291999120930853e+00
8.916666666666667185e-01,3.210000000000000000e+02,6.291313534795428195e-03,4.496817570360181482e-01,5.705833445597927739e-02,6.932763424346034542e-01,5.472966586445423554e-01,3.777441130671543856e+00,1.324794001358146067e+00,6.676050007171723699e+00
8.920138888888888840e-01,3.211250000000000000e+02,6.482720151620879022e-03,4.509995549832778727e-01,5.751903598520217986e-02,6.955943242254246650e-01,5.552027716820964187e-01,3.813124991874184744e+00,1.328844083115061414e+00,6.675468526510446310e+00
8.923611111111111605e-01,3.212500000000000000e+02,6.676869152221579298e-03,4.523297951875468459e-01,5.798114095546800378e-02,6.979120451742270026e-01,5.630927891892353321e-01,3.849108531041475878e+00,1.332877821764448578e+00,6.674547557137096909e+00
8.927083333333333259e-01,3.213750000000000000e+02,6.873754947671434530e-03,4.536725817036728614e-01,5.844464369208626081e-02,7.002293874029834608e-01,5.709666998931671733e-01,3.885391748173388393e+00,1.336895217306304673e+00,6.673287099051680826e+00
8.930555555555556024e-01,3.215000000000000000e+02,7.073371864672076299e-03,4.550280185865056004e-01,5.890953852036728139e-02,7.025462330336709194e-01,5.788238995315686530e-01,3.921974643269951599e+00,1.340896269740633251e+00,6.671687152254192732e+00
8.934027777777777679e-01,3.216250000000000000e+02,7.275714015055388326e-03,4.563962098908935783e-01,5.937581976562066738e-02,7.048624641882634823e-01,5.866640441775722303e-01,3.958857216331149065e+00,1.344880979067431870e+00,6.669747716744635291e+00
8.937500000000000444e-01,3.217500000000000000e+02,7.480775476949109819e-03,4.577772596716855880e-01,5.984348175315643004e-02,7.071779629887359198e-01,5.944871338311781273e-01,3.996039467356983010e+00,1.348849345286701418e+00,6.667468792523010279e+00
8.940972222222222099e-01,3.218750000000000000e+02,7.688550328480706769e-03,4.591712719837298118e-01,6.031251880828412959e-02,7.094926115570624470e-01,6.022931684923831241e-01,4.033521396347436117e+00,1.352801368398439230e+00,6.664850379589315033e+00
8.944444444444444864e-01,3.220000000000000000e+02,7.899032647777989510e-03,4.605783508818763194e-01,6.078292525631409648e-02,7.118062920152199435e-01,6.100821481611937713e-01,4.071303003302541690e+00,1.356737048402649526e+00,6.661892477943549551e+00
8.947916666666666519e-01,3.221250000000000000e+02,8.112216512968490820e-03,4.619986004209726826e-01,6.125469542255587707e-02,7.141188864851812923e-01,6.178540728376037405e-01,4.109384288222267756e+00,1.360656385299328308e+00,6.658595087585713834e+00
8.951388888888889284e-01,3.222500000000000000e+02,8.328096002179952509e-03,4.634321246558690266e-01,6.172782363231966996e-02,7.164302770889234839e-01,6.256089425216190270e-01,4.147765251106644513e+00,1.364559379088479574e+00,6.654958208515810547e+00
8.954861111111110938e-01,3.223750000000000000e+02,8.546665193539911692e-03,4.648790276414128675e-01,6.220230421091499373e-02,7.187403459484197343e-01,6.333467572132336354e-01,4.186445891955641763e+00,1.368446029770099104e+00,6.650981840733836137e+00
8.958333333333333703e-01,3.225000000000000000e+02,8.767918165176099773e-03,4.663394134324542750e-01,6.267813148365213027e-02,7.210489751856467011e-01,6.410675169124534500e-01,4.225426210769289703e+00,1.372316337344191561e+00,6.646665984239793268e+00
8.961805555555555358e-01,3.226250000000000000e+02,8.991848995216133664e-03,4.678133860838415425e-01,6.315529977584079246e-02,7.233560469225784884e-01,6.487712216192759174e-01,4.264706207547572347e+00,1.376170301810753616e+00,6.642010639033679276e+00
8.965277777777778123e-01,3.227500000000000000e+02,9.218451761787678847e-03,4.693010496504235185e-01,6.363380341279081809e-02,7.256614432811901994e-01,6.564578713337007043e-01,4.304285882290492360e+00,1.380007923169786377e+00,6.637015805115494160e+00
8.968750000000000888e-01,3.228750000000000568e+02,9.447720543018262029e-03,4.708025081870488293e-01,6.411363671981210044e-02,7.279650463834567153e-01,6.641274660557278109e-01,4.344165234998046188e+00,1.383829201421290289e+00,6.631681482485242363e+00
8.972222222222222543e-01,3.230000000000000000e+02,9.679649417035567777e-03,4.723178657485659904e-01,6.459479402221440791e-02,7.302667383513518073e-01,6.717800057853539064e-01,4.384344265670220508e+00,1.387634136565262688e+00,6.626007671142920330e+00
8.975694444444445308e-01,3.231250000000000568e+02,9.914232461967334431e-03,4.738472263898248493e-01,6.507726964530791136e-02,7.325664013068527991e-01,6.794154905225856522e-01,4.424822974307046408e+00,1.391422728601706682e+00,6.619994371088528951e+00
8.979166666666666963e-01,3.232500000000000000e+02,1.015146375594095339e-02,4.753906941656730334e-01,6.556105791440218489e-02,7.348639173719324624e-01,6.870339202674164980e-01,4.465601360908492801e+00,1.395194977530619607e+00,6.613641582322068224e+00
8.982638888888889728e-01,3.233750000000000568e+02,1.039133737708437290e-02,4.769483731309606678e-01,6.604615315480739934e-02,7.371591686685677880e-01,6.946352950198528831e-01,4.506679425474589884e+00,1.398950883352005237e+00,6.606949304843536375e+00
8.986111111111111382e-01,3.235000000000000000e+02,1.063384740352513354e-02,4.785203673405360458e-01,6.653254969183336476e-02,7.394520373187327689e-01,7.022196147798918098e-01,4.548057168005323447e+00,1.402690446065860685e+00,6.599917538652936067e+00
8.989583333333334147e-01,3.236250000000000568e+02,1.087898791339083314e-02,4.801067808492477940e-01,6.702024185078993279e-02,7.417424054444023973e-01,7.097868795475329451e-01,4.589734588500692603e+00,1.406413665672186619e+00,6.592546283750263747e+00
8.993055555555555802e-01,3.237500000000000000e+02,1.112675298480900361e-02,4.817077177119442055e-01,6.750922395698673306e-02,7.440301551675507774e-01,7.173370893227732914e-01,4.631711686960678698e+00,1.410120542170981484e+00,6.584835540135525633e+00
8.996527777777778567e-01,3.238750000000000000e+02,1.137713669590746136e-02,4.833232819834754612e-01,6.799949033573410295e-02,7.463151686101546778e-01,7.248702441056191770e-01,4.673988463385319925e+00,1.413811075562248609e+00,6.576785307808715508e+00
9.000000000000000222e-01,3.240000000000000000e+02,1.163013312481374004e-02,4.849535777186890217e-01,6.849103531234154718e-02,7.485973278941870923e-01,7.323863438960642736e-01,4.716564917774578092e+00,1.417485265845984443e+00,6.568395586769839589e+00
9.003472222222222987e-01,3.241250000000000000e+02,1.188573634965564389e-02,4.865987089724349568e-01,6.898385321211929211e-02,7.508765151416250117e-01,7.398853886941146873e-01,4.759441050128490502e+00,1.421143113022192539e+00,6.559666377018889882e+00
9.006944444444444642e-01,3.242500000000000000e+02,1.214394044856050535e-02,4.882587797995610601e-01,6.947793836037682857e-02,7.531526124744416517e-01,7.473673784997644232e-01,4.802616860447018965e+00,1.424784617090869343e+00,6.550597678555873493e+00
9.010416666666667407e-01,3.243750000000000000e+02,1.240473949965633510e-02,4.899338942549171239e-01,6.997328508242449396e-02,7.554255020146135591e-01,7.548323133130196982e-01,4.846092348730201671e+00,1.428409778052018408e+00,6.541189491380784204e+00
9.013888888888889062e-01,3.245000000000000000e+02,1.266812758107053842e-02,4.916241563933515524e-01,7.046988770357195953e-02,7.576950658841149489e-01,7.622801931338772929e-01,4.889867514978021745e+00,1.432018595905637293e+00,6.531441815493625569e+00
9.017361111111111827e-01,3.246250000000000000e+02,1.293409877093078253e-02,4.933296702697130276e-01,7.096774054912907692e-02,7.599611862049209243e-01,7.697110179623370962e-01,4.933942359190474747e+00,1.435611070651727328e+00,6.521354650894398475e+00
9.020833333333333481e-01,3.247500000000000000e+02,1.320264714736466873e-02,4.950505399388497318e-01,7.146683794440557291e-02,7.622237450990051455e-01,7.771247877983962216e-01,4.978316881367546465e+00,1.439187202290286072e+00,6.510927997583102922e+00
9.024305555555556246e-01,3.248750000000000000e+02,1.347376678849994402e-02,4.967868694556120679e-01,7.196717421471164611e-02,7.644826246883450471e-01,7.845215026420608861e-01,5.022991081509272426e+00,1.442746990821316855e+00,6.500161855559736246e+00
9.027777777777777901e-01,3.250000000000000000e+02,1.374745177246413687e-02,4.985387628748473299e-01,7.246874368535692612e-02,7.667377070949131790e-01,7.919011624933247617e-01,5.067964959615615328e+00,1.446290436244816568e+00,6.489056224824304664e+00
9.031250000000000666e-01,3.251250000000000000e+02,1.402369617738506193e-02,5.003063242514056430e-01,7.297154068165156993e-02,7.689888744406865317e-01,7.992637673521940656e-01,5.113238515686611585e+00,1.449817538560788099e+00,6.477611105376795742e+00
9.034722222222222321e-01,3.252500000000000000e+02,1.430249408139024417e-02,5.020896576401353562e-01,7.347555952890534592e-02,7.712360088476393205e-01,8.066093172186658000e-01,5.158811749722244322e+00,1.453328297769230115e+00,6.465826497217219249e+00
9.038194444444445086e-01,3.253750000000000000e+02,1.458383956260729704e-02,5.038888670958850957e-01,7.398079455242811964e-02,7.734789924377464265e-01,8.139378120927397431e-01,5.204684661722512651e+00,1.456822713870142616e+00,6.453702400345573409e+00
9.041666666666666741e-01,3.255000000000000000e+02,1.486772669916382530e-02,5.057040566735030440e-01,7.448724007752950682e-02,7.757177073329817318e-01,8.212492519744128971e-01,5.250857251687397032e+00,1.460300786863524269e+00,6.441238814761863551e+00
9.045138888888889506e-01,3.256250000000000000e+02,1.515414956918762629e-02,5.075353304278396038e-01,7.499489042951987261e-02,7.779520356553223381e-01,8.285436368636915905e-01,5.297329519616936544e+00,1.463762516749377518e+00,6.428435740466076354e+00
9.048611111111111160e-01,3.257500000000000000e+02,1.544310225080610700e-02,5.093827924137419583e-01,7.550373993370869397e-02,7.801818595267412393e-01,8.358209667605696058e-01,5.344101465511092997e+00,1.467207903527700141e+00,6.415293177458226914e+00
9.052083333333333925e-01,3.258750000000000000e+02,1.573457882214721396e-02,5.112465466860606211e-01,7.601378291540623888e-02,7.824070610692152039e-01,8.430812416650528274e-01,5.391173089369903693e+00,1.470636947198494582e+00,6.401811125738303687e+00
9.055555555555555580e-01,3.260000000000000000e+02,1.602857336133826915e-02,5.131266972996427755e-01,7.652501369992201208e-02,7.846275224047175589e-01,8.503244615771355930e-01,5.438544391193330441e+00,1.474049647761757953e+00,6.387989585306314666e+00
9.059027777777778345e-01,3.261250000000000000e+02,1.632507994650715666e-02,5.150233483093387132e-01,7.703742661256625379e-02,7.868431256552250730e-01,8.575506264968238979e-01,5.486215370981412320e+00,1.477446005217492919e+00,6.373828556162250969e+00
9.062500000000000000e-01,3.262500000000000000e+02,1.662409265578147777e-02,5.169366037699965055e-01,7.755101597864866303e-02,7.890537529427114061e-01,8.647597364241140783e-01,5.534186028734129792e+00,1.480826019565698592e+00,6.359328038306117037e+00
9.065972222222222765e-01,3.263750000000000000e+02,1.692560556728877133e-02,5.188665677364653339e-01,7.806577612347921635e-02,7.912592863891519945e-01,8.719517913590066893e-01,5.582456364451482855e+00,1.484189690806374751e+00,6.344488031737913758e+00
9.069444444444444420e-01,3.265000000000000000e+02,1.722961275915662824e-02,5.208133442635928256e-01,7.858170137236746011e-02,7.934596081165207204e-01,8.791267913014988444e-01,5.631026378133452859e+00,1.487537018939520062e+00,6.329308536457646461e+00
9.072916666666667185e-01,3.266250000000000000e+02,1.753610830951287183e-02,5.227770374062296055e-01,7.909878605062377332e-02,7.956546002467945744e-01,8.862847362515963168e-01,5.679896069780077994e+00,1.490868003965137190e+00,6.313789552465304489e+00
9.076388888888888840e-01,3.267500000000000000e+02,1.784508629648495770e-02,5.247577512192228566e-01,7.961702448355759132e-02,7.978441449019463283e-01,8.934256262092930001e-01,5.729065439391318293e+00,1.494182645883223470e+00,6.297931079760897610e+00
9.079861111111111605e-01,3.268750000000000000e+02,1.815654079820070571e-02,5.267555897574228707e-01,8.013641099647925148e-02,8.000281242039531948e-01,9.005494611745953337e-01,5.778534486967213724e+00,1.497480944693781568e+00,6.281733118344416944e+00
9.083333333333333259e-01,3.270000000000000000e+02,1.847046589278771023e-02,5.287706570756780522e-01,8.065693991469839730e-02,8.022064202747890560e-01,9.076562411474997649e-01,5.828303212507745634e+00,1.500762900396809929e+00,6.265195668215865155e+00
9.086805555555556024e-01,3.271250000000000000e+02,1.878685565837357949e-02,5.308030572288368054e-01,8.117860556352492207e-02,8.043789152364286821e-01,9.147459661280064047e-01,5.878371616012912249e+00,1.504028512992308775e+00,6.248318729375244018e+00
9.090277777777777679e-01,3.272500000000000000e+02,1.910570417308577948e-02,5.328528942717474237e-01,8.170140226826849705e-02,8.065454912108465102e-01,9.218186361161126996e-01,5.928739697482695803e+00,1.507277782480276773e+00,6.231102301822560641e+00
9.093750000000000444e-01,3.273750000000000000e+02,1.942700551505224457e-02,5.349202722592603099e-01,8.222532435423947350e-02,8.087060303200191980e-01,9.288742511118242007e-01,5.979407456917134489e+00,1.510510708860716589e+00,6.213546385557799923e+00
9.097222222222222099e-01,3.275000000000000000e+02,1.975075376240039218e-02,5.370052952462225360e-01,8.275036614674721736e-02,8.108604146859197392e-01,9.359128111151350238e-01,6.030374894316187451e+00,1.513727292133625557e+00,6.195650980580976075e+00
9.100694444444444864e-01,3.276250000000000000e+02,2.007694299325808382e-02,5.391080672874848378e-01,8.327652197110212151e-02,8.130085264305251247e-01,9.429343161260513861e-01,6.081642009679897320e+00,1.516927532299006565e+00,6.177416086892076663e+00
9.104166666666666519e-01,3.277500000000000000e+02,2.040556728575266751e-02,5.412286924378939545e-01,8.380378615261363517e-02,8.151502476758083482e-01,9.499387661445670705e-01,6.133208803008222354e+00,1.520111429356856281e+00,6.158841704491115010e+00
9.107638888888889284e-01,3.278750000000000000e+02,2.073662071801220252e-02,5.433672747523018431e-01,8.433215301659230390e-02,8.172854605437472886e-01,9.569261611706905146e-01,6.185075274301223835e+00,1.523278983307179146e+00,6.139927833378068911e+00
9.111111111111110938e-01,3.280000000000000000e+02,2.107009736816382525e-02,5.455239182855533553e-01,8.486161688834706340e-02,8.194140471563131634e-01,9.638965012044110603e-01,6.237241423558819164e+00,1.526430194149970054e+00,6.120674473552968564e+00
9.114583333333333703e-01,3.281250000000000000e+02,2.140599131433555333e-02,5.476987270925003370e-01,8.539217209318855639e-02,8.215358896354837404e-01,9.708497862457365901e-01,6.289707250781072290e+00,1.529565061885232558e+00,6.101081625015789101e+00
9.118055555555555358e-01,3.282500000000000000e+02,2.174429663465477641e-02,5.498918052279896385e-01,8.592381295642616268e-02,8.236508701032321245e-01,9.777860162946616640e-01,6.342472755967938802e+00,1.532683586512964435e+00,6.081149287766549172e+00
9.121527777777778123e-01,3.283750000000000000e+02,2.208500740724937683e-02,5.521032127181347837e-01,8.645653380337021965e-02,8.257588706815353063e-01,9.847051913511917220e-01,6.395109474105545644e+00,1.535785768033167686e+00,6.060877461805231015e+00
9.125000000000000888e-01,3.285000000000000568e+02,2.242811771024681711e-02,5.543327624239258178e-01,8.699032895933039855e-02,8.278597734923670570e-01,9.916073114153244328e-01,6.446965591467076706e+00,1.538871606445842088e+00,6.040266147131844399e+00
9.128472222222222543e-01,3.286250000000000000e+02,2.277362162177470895e-02,5.565801810179157316e-01,8.752519274961639839e-02,8.299534606577017026e-01,9.984923764870565766e-01,6.498034270136410662e+00,1.541941101750984755e+00,6.019315343746394653e+00
9.131944444444445308e-01,3.287500000000000568e+02,2.312151321996092426e-02,5.588451950838938531e-01,8.806111949953848717e-02,8.320398142995155677e-01,1.005360386566393815e+00,6.548315510113586591e+00,1.544994253948599905e+00,5.998025051648869344e+00
9.135416666666666963e-01,3.288750000000000000e+02,2.347178658293293252e-02,5.611275312056466236e-01,8.859810353440639163e-02,8.341187165397832004e-01,1.012211341653333374e+00,6.597809311398585841e+00,1.548031063038685096e+00,5.976395270839272911e+00
9.138888888888889728e-01,3.290000000000000568e+02,2.382443578881839052e-02,5.634269159669615945e-01,8.913613917952989407e-02,8.361900495004798151e-01,1.019045241747875252e+00,6.646515673991403972e+00,1.551051529021240771e+00,5.954426001317608019e+00
9.142361111111111382e-01,3.291250000000000000e+02,2.417945491574478856e-02,5.657430759516252072e-01,8.967522076021880451e-02,8.382536953035787386e-01,1.025862086850016786e+00,6.694434597892027661e+00,1.554055651896266044e+00,5.932117243083879998e+00
9.145833333333334147e-01,3.292500000000000568e+02,2.453683804184005404e-02,5.680757377434266786e-01,9.021534260178332154e-02,8.403095360710569617e-01,1.032661876959763525e+00,6.741566083100490658e+00,1.557043431663762689e+00,5.909468996138075525e+00
9.149305555555555802e-01,3.293750000000000000e+02,2.489657924523152113e-02,5.704246279261515618e-01,9.075649902953299153e-02,8.423574539248881443e-01,1.039444612077109920e+00,6.787910129616758326e+00,1.560014868323728709e+00,5.886481260480209698e+00
9.152777777777778567e-01,3.295000000000000000e+02,2.525867260404721440e-02,5.727894730835892956e-01,9.129868436877804083e-02,8.443973309870486110e-01,1.046210292202061076e+00,6.833466737440865302e+00,1.562969961876166325e+00,5.863154036110265643e+00
9.156250000000000222e-01,3.296250000000000000e+02,2.562311219641452351e-02,5.751699997995263214e-01,9.184189294482822397e-02,8.464290493795125769e-01,1.052958917334614997e+00,6.878235906572796488e+00,1.565908712321074425e+00,5.839487323028253130e+00
9.159722222222222987e-01,3.297500000000000000e+02,2.598989210046111220e-02,5.775659346577501907e-01,9.238611908299330933e-02,8.484524912242548123e-01,1.059690487474770793e+00,6.922217637012545666e+00,1.568831119658452788e+00,5.815481121234167716e+00
9.163194444444444642e-01,3.298750000000000000e+02,2.635900639431452974e-02,5.799770042420472338e-01,9.293135710858314857e-02,8.504675386432497541e-01,1.066405002622526466e+00,6.965411928760103066e+00,1.571737183888300748e+00,5.791135430728023614e+00
9.166666666666667407e-01,3.300000000000000000e+02,2.673044915610257519e-02,5.824029351362068896e-01,9.347760134690788481e-02,8.524740737584739492e-01,1.073102462777887345e+00,7.007818781815497111e+00,1.574626905010620082e+00,5.766450251509801284e+00
9.170138888888889062e-01,3.301250000000000000e+02,2.710421446395271800e-02,5.848434539240146002e-01,9.402484612327705049e-02,8.544719786919009463e-01,1.079782867940847435e+00,7.049438196178699378e+00,1.577500283025408789e+00,5.741425583579520264e+00
9.173611111111111827e-01,3.302500000000000000e+02,2.748029639599290988e-02,5.872982871892599155e-01,9.457308576300099690e-02,8.564611355655069591e-01,1.086446218111412954e+00,7.090270171849737402e+00,1.580357317932668870e+00,5.716061426937156575e+00
9.177083333333333481e-01,3.303750000000000000e+02,2.785868903035040520e-02,5.897671615157280556e-01,9.512231459138910383e-02,8.584414265012652034e-01,1.093092513289577905e+00,7.130314708828585424e+00,1.583198009732398548e+00,5.690357781582735974e+00
9.180555555555556246e-01,3.305000000000000000e+02,2.823938644515314872e-02,5.922498034872085704e-01,9.567252693375169481e-02,8.604127336211528920e-01,1.099721753475348285e+00,7.169571807115265649e+00,1.586022358424600043e+00,5.664314647516232704e+00
9.184027777777777901e-01,3.306250000000000000e+02,2.862238271852868277e-02,5.947459396874880122e-01,9.622371711539851047e-02,8.623749390471437959e-01,1.106333938668720540e+00,7.208041466709771861e+00,1.588830364009271578e+00,5.637932024737660974e+00
9.187500000000000666e-01,3.307500000000000000e+02,2.900767192860466762e-02,5.972552967003534885e-01,9.677587946163937471e-02,8.643279249012129073e-01,1.112929068869695337e+00,7.245723687612099617e+00,1.591622026486414043e+00,5.611209913247020786e+00
9.190972222222222321e-01,3.308750000000000000e+02,2.939524815350850681e-02,5.997776011095917736e-01,9.732900829778397267e-02,8.662715733053345524e-01,1.119507144078269789e+00,7.282618469822234708e+00,1.594397345856025661e+00,5.584148313044321910e+00
9.194444444444445086e-01,3.310000000000000000e+02,2.978510547136815553e-02,6.023125794989921955e-01,9.788309794914262785e-02,8.682057663814852777e-01,1.126068164294449225e+00,7.318725813340205555e+00,1.597156322118108651e+00,5.556747224129541252e+00
9.197916666666666741e-01,3.311250000000000000e+02,3.017723796031099998e-02,6.048599584523403072e-01,9.843814274102476169e-02,8.701303862516381882e-01,1.132612129518228539e+00,7.354045718165982848e+00,1.599898955272661016e+00,5.529006646502703681e+00
9.201388888888889506e-01,3.312500000000000000e+02,3.057163969846498838e-02,6.074194645534253256e-01,9.899413699874075323e-02,8.720453150377700524e-01,1.139139039749612614e+00,7.388578184299599450e+00,1.602625245319684977e+00,5.500926580163783441e+00
9.204861111111111160e-01,3.313750000000000000e+02,3.096830476395758674e-02,6.099908243860338031e-01,9.955107504760023207e-02,8.739504348618551965e-01,1.145648894988599009e+00,7.422323211741035820e+00,1.605335192259179422e+00,5.472507025112794743e+00
9.208333333333333925e-01,3.315000000000000000e+02,3.136722723491640330e-02,6.125737645339531801e-01,1.001089512129131054e-01,8.758456278458683908e-01,1.152141695235188168e+00,7.455280800490294624e+00,1.608028796091144352e+00,5.443747981349735809e+00
9.211805555555555580e-01,3.316250000000000000e+02,3.176840118946896302e-02,6.151680115809697869e-01,1.006677598199889612e-01,8.777307761117839613e-01,1.158617440489376538e+00,7.487450950547362538e+00,1.610706056815578879e+00,5.414649448874619964e+00
9.215277777777778345e-01,3.317500000000000000e+02,3.217182070574315517e-02,6.177732921108730624e-01,1.012274951941382478e-01,8.796057617815782326e-01,1.165076130751169892e+00,7.518833661912266209e+00,1.613366974432484557e+00,5.385211427687421448e+00
9.218750000000000000e-01,3.318750000000000000e+02,3.257747986186644573e-02,6.203893327074485597e-01,1.017881516606702896e-01,8.814704669772248646e-01,1.171517766020563123e+00,7.549428934584978101e+00,1.616011548941859832e+00,5.355433917788166021e+00
9.222222222222222765e-01,3.320000000000000000e+02,3.298537273596662683e-02,6.230158599544860509e-01,1.023497235448955212e-01,8.833247738207004041e-01,1.177942346297561338e+00,7.579236768565525750e+00,1.618639780343706480e+00,5.325316919176827923e+00
9.225694444444444420e-01,3.321250000000000000e+02,3.339549340617112283e-02,6.256526004357702009e-01,1.029122051721233638e-01,8.851685644339780668e-01,1.184349871582159430e+00,7.608257163853882510e+00,1.621251668638022947e+00,5.294860431853433802e+00
9.229166666666667185e-01,3.322500000000000000e+02,3.380783595060785768e-02,6.282992807350910036e-01,1.034755908676640718e-01,8.870017209390345103e-01,1.190740341874362285e+00,7.636490120450072361e+00,1.623847213824810565e+00,5.264064455817957899e+00
9.232638888888888840e-01,3.323750000000000000e+02,3.422239444740429737e-02,6.309556274362347894e-01,1.040398749568273301e-01,8.888241254578438388e-01,1.197113757174167681e+00,7.663935638354085533e+00,1.626426415904068667e+00,5.232928991070411762e+00
9.236111111111111605e-01,3.325000000000000000e+02,3.463916297468812994e-02,6.336213671229889988e-01,1.046050517649230877e-01,8.906356601123810446e-01,1.203470117481575397e+00,7.690593717565919363e+00,1.628989274875797255e+00,5.201454037610795389e+00
9.239583333333333259e-01,3.326250000000000000e+02,3.505813561058682137e-02,6.362962263791399620e-01,1.051711156172609879e-01,8.924362070246205647e-01,1.209809422796582767e+00,7.716464358085564079e+00,1.631535790739994995e+00,5.169639595439122992e+00
9.243055555555556024e-01,3.327500000000000000e+02,3.547930643322823319e-02,6.389799317884774510e-01,1.057380608391513266e-01,8.942256483165386127e-01,1.216131673119195122e+00,7.741547559913043663e+00,1.634065963496664553e+00,5.137485664555367038e+00
9.246527777777777679e-01,3.328750000000000000e+02,3.590266952073983830e-02,6.416722099347863528e-01,1.063058817559035668e-01,8.960038661101087376e-01,1.222436868449407132e+00,7.765843323048334135e+00,1.636579793145803929e+00,5.104992244959555059e+00
9.250000000000000444e-01,3.330000000000000000e+02,3.632821895124951905e-02,6.443727874018564394e-01,1.068745726928280321e-01,8.977707425273074859e-01,1.228725008787223905e+00,7.789351647491455921e+00,1.639077279687414013e+00,5.072159336651662187e+00
9.253472222222222099e-01,3.331250000000000000e+02,3.675594880288472754e-02,6.470813907734741521e-01,1.074441279752343659e-01,8.995261596901089618e-01,1.234996094132643440e+00,7.812072533242401029e+00,1.641558423121495025e+00,5.038986939631699080e+00
9.256944444444444864e-01,3.332500000000000000e+02,3.718585315377315875e-02,6.497977466334269314e-01,1.080145419284325448e-01,9.012699997204881575e-01,1.241250124485665074e+00,7.834005980301168570e+00,1.644023223448046078e+00,5.005475053899664850e+00
9.260416666666666519e-01,3.333750000000000000e+02,3.761792608204225785e-02,6.525215815655009965e-01,1.085858088777320735e-01,9.030021447404197321e-01,1.247487099846286807e+00,7.855151988667746110e+00,1.646471680667067172e+00,4.971623679455574596e+00
9.263888888888889284e-01,3.335000000000000000e+02,3.805216166582005288e-02,6.552526221534861195e-01,1.091579231484434281e-01,9.047224768718794552e-01,1.253707020214513079e+00,7.875510558342155853e+00,1.648903794778559417e+00,4.937432816299399896e+00
9.267361111111110938e-01,3.336250000000000000e+02,3.848855398323373922e-02,6.579905949811674093e-01,1.097308790658759609e-01,9.064308782368412087e-01,1.259909885590339229e+00,7.895081689324380925e+00,1.651319565782521259e+00,4.902902464431172724e+00
9.270833333333333703e-01,3.337500000000000000e+02,3.892709711241137960e-02,6.607352266323344159e-01,1.103046709553400645e-01,9.081272309572815393e-01,1.266095695973770363e+00,7.913865381614433758e+00,1.653718993678954252e+00,4.868032623850861107e+00
9.274305555555555358e-01,3.338750000000000000e+02,3.936778513148025266e-02,6.634862436907729144e-01,1.108792931421451328e-01,9.098114171551736629e-01,1.272264451364801152e+00,7.931861635212304584e+00,1.656102078467857064e+00,4.832823294558493465e+00
9.277777777777778123e-01,3.340000000000000000e+02,3.981061211856830317e-02,6.662433727402718997e-01,1.114547399516015308e-01,9.114833189524941259e-01,1.278416151763436925e+00,7.949070450118002285e+00,1.658468820149231249e+00,4.797274476554041378e+00
9.281250000000000888e-01,3.341250000000000568e+02,4.025557215180326776e-02,6.690063403646191453e-01,1.120310057090191380e-01,9.131428184712176988e-01,1.284550797169677683e+00,7.965491826331526859e+00,1.660819218723076807e+00,4.761386169837505733e+00
9.284722222222222543e-01,3.342500000000000000e+02,4.070265930931218912e-02,6.717748731475986501e-01,1.126080847397071261e-01,9.147897978333178193e-01,1.290668387583515653e+00,7.981125763852863209e+00,1.663153274189390629e+00,4.725158374408929163e+00
9.288194444444445308e-01,3.343750000000000568e+02,4.115186766922317857e-02,6.745486976730012962e-01,1.131859713689761099e-01,9.164241391607710341e-01,1.296768923004958163e+00,7.995972262682026432e+00,1.665470986548176047e+00,4.688591090268269035e+00
9.291666666666666963e-01,3.345000000000000000e+02,4.160319130966367435e-02,6.773275405246121927e-01,1.137646599221354832e-01,9.180457245755512252e-01,1.302852403434000772e+00,8.010031322819004984e+00,1.667772355799431061e+00,4.651684317415552883e+00
9.295138888888889728e-01,3.346250000000000568e+02,4.205662430876150326e-02,6.801111282862210006e-01,1.143441447244956111e-01,9.196544361996342731e-01,1.308918828870648365e+00,8.023302944263813075e+00,1.670057381943157893e+00,4.614438055850754061e+00
9.298611111111111382e-01,3.347500000000000000e+02,4.251216074464406192e-02,6.828991875416131618e-01,1.149244201013658873e-01,9.212501561549946150e-01,1.314968199314895836e+00,8.035787127016439158e+00,1.672326064979353211e+00,4.576852305573899216e+00
9.302083333333334147e-01,3.348750000000000568e+02,4.296979469543935060e-02,6.856914448745781154e-01,1.155054803780566908e-01,9.228327665636075761e-01,1.321000514766748068e+00,8.047483871076888562e+00,1.674578404908020568e+00,4.538927066584959924e+00
9.305555555555555802e-01,3.350000000000000000e+02,4.342952023927477978e-02,6.884876268689019696e-01,1.160873198798776651e-01,9.244021495474483707e-01,1.327015775226202399e+00,8.058393176445164841e+00,1.676814401729158188e+00,4.500662338883951286e+00
9.309027777777778567e-01,3.351250000000000000e+02,4.389133145427801669e-02,6.912874601083727200e-01,1.166699329321387729e-01,9.259581872284914361e-01,1.333013980693259271e+00,8.068515043121259112e+00,1.679034055442766515e+00,4.462058122470873300e+00
9.312500000000000222e-01,3.352500000000000000e+02,4.435522241857646486e-02,6.940906711767762527e-01,1.172533138601495051e-01,9.275007617287113204e-01,1.338995131167916242e+00,8.077849471105174928e+00,1.681237366048844439e+00,4.423114417345741956e+00
9.315972222222222987e-01,3.353750000000000000e+02,4.482118721029820785e-02,6.968969866579022288e-01,1.178374569892203377e-01,9.290297551700840151e-01,1.344959226650177753e+00,8.086396460396912289e+00,1.683424333547393292e+00,4.383831223508523500e+00
9.319444444444444642e-01,3.355000000000000000e+02,4.528921990757049654e-02,6.997061331355360903e-01,1.184223566446606507e-01,9.305450496745837352e-01,1.350906267140039363e+00,8.094156010996469419e+00,1.685594957938412408e+00,4.344208540959251685e+00
9.322916666666667407e-01,3.356250000000000000e+02,4.575931458852128264e-02,7.025178371934674981e-01,1.190080071517807953e-01,9.320465273641861392e-01,1.356836252637505291e+00,8.101128122903853424e+00,1.687749239221902231e+00,4.304246369697895425e+00
9.326388888888889062e-01,3.357500000000000000e+02,4.623146533127789337e-02,7.053318254154815614e-01,1.195944028358901789e-01,9.335340703608653312e-01,1.362749183142571541e+00,8.107312796119057197e+00,1.689887177397862095e+00,4.263944709724484028e+00
9.329861111111111827e-01,3.358750000000000000e+02,4.670566621396855106e-02,7.081478243853690513e-01,1.201815380222994306e-01,9.350075607865979688e-01,1.368645058655244773e+00,8.112710030642084291e+00,1.692008772466293998e+00,4.223303561038971310e+00
9.333333333333333481e-01,3.360000000000000000e+02,4.718191131472003474e-02,7.109655606869128563e-01,1.207694070363174860e-01,9.364668807633567127e-01,1.374523879175515662e+00,8.117319826472932931e+00,1.694114024427194387e+00,4.182322923641422996e+00
9.336805555555556246e-01,3.361250000000000000e+02,4.766019471166070554e-02,7.137847609039040808e-01,1.213580042032548628e-01,9.379119124131181096e-01,1.380385644703391534e+00,8.121142183611601340e+00,1.696202933280566372e+00,4.141002797531786683e+00
9.340277777777777901e-01,3.362500000000000000e+02,4.814051048291769636e-02,7.166051516201273897e-01,1.219473238484210798e-01,9.393425378578563745e-01,1.386230355238867062e+00,8.124177102058093070e+00,1.698275499026407953e+00,4.099343182710098787e+00
9.343750000000000666e-01,3.363750000000000000e+02,4.862285270661906300e-02,7.194264594193732210e-01,1.225373602971264186e-01,9.407586392195472769e-01,1.392058010781947353e+00,8.126424581812408121e+00,1.700331721664720686e+00,4.057344079176323781e+00
9.347222222222222321e-01,3.365000000000000000e+02,4.910721546089208411e-02,7.222484108854261287e-01,1.231281078746803426e-01,9.421600986201649208e-01,1.397868611332627520e+00,8.127884622874544718e+00,1.702371601195503015e+00,4.015005486930496303e+00
9.350694444444445086e-01,3.366250000000000000e+02,4.959359282386478079e-02,7.250707326020758847e-01,1.237195609063931889e-01,9.435467981816849647e-01,1.403662156890912671e+00,8.128557225244504636e+00,1.704395137618756939e+00,3.972327405972582604e+00
9.354166666666666741e-01,3.367500000000000000e+02,5.008197887366453577e-02,7.278931511531091525e-01,1.243117137175746290e-01,9.449186200260822899e-01,1.409438647456799920e+00,8.128442388922284323e+00,1.706402330934480904e+00,3.929309836302598669e+00
9.357638888888889506e-01,3.368750000000000000e+02,5.057236768841909952e-02,7.307153931223130394e-01,1.249045606335344866e-01,9.462754462753314444e-01,1.415198083030289489e+00,8.127540113907889108e+00,1.708393181142675354e+00,3.885952777920545387e+00
9.361111111111111160e-01,3.370000000000000000e+02,5.106475334625585477e-02,7.335371850934737648e-01,1.254980959795825024e-01,9.476171590514075316e-01,1.420940463611379379e+00,8.125850400201311885e+00,1.710367688243339623e+00,3.842256230826439634e+00
9.364583333333333925e-01,3.371250000000000000e+02,5.155912992530284344e-02,7.363582536503815446e-01,1.260923140810289445e-01,9.489436404762858768e-01,1.426665789200073586e+00,8.123373247802557984e+00,1.712325852236475043e+00,3.798220195020246770e+00
9.368055555555555580e-01,3.372500000000000000e+02,5.205549150368730255e-02,7.391783253768211548e-01,1.266872092631832758e-01,9.502547726719409171e-01,1.432374059796368115e+00,8.120108656711629180e+00,1.714267673122080504e+00,3.753844670502002767e+00
9.371527777777778345e-01,3.373750000000000000e+02,5.255383215953725318e-02,7.419971268565822564e-01,1.272827758513558338e-01,9.515504377603482000e-01,1.438065275400267407e+00,8.116056626928518369e+00,1.716193150900156894e+00,3.709129657271669878e+00
9.375000000000000000e-01,3.375000000000000000e+02,5.305414597097996010e-02,7.448143846734504026e-01,1.278790081708560400e-01,9.528305178634821626e-01,1.443739436011766353e+00,8.111217158453232656e+00,1.718102285570702881e+00,3.664075155329287181e+00
9.378472222222222765e-01,3.376250000000000000e+02,5.355642701614363871e-02,7.476298254112160313e-01,1.284759005469944815e-01,9.540948951033189074e-01,1.449396541630872282e+00,8.105590251285766712e+00,1.719995077133721129e+00,3.618681164674797834e+00
9.381944444444444420e-01,3.377500000000000000e+02,5.406066937315520682e-02,7.504431756536621423e-01,1.290734473050801079e-01,9.553434516018315392e-01,1.455036592257576089e+00,8.099175905426122313e+00,1.721871525589208085e+00,3.572947685308276000e+00
9.385416666666667185e-01,3.378750000000000000e+02,5.456686712014275492e-02,7.532541619845795067e-01,1.296716427704235619e-01,9.565760694809966047e-01,1.460659587891884881e+00,8.091974120874301235e+00,1.723731630937166415e+00,3.526874717229664391e+00
9.388888888888888840e-01,3.380000000000000000e+02,5.507501433523367962e-02,7.560625109877534555e-01,1.302704812683341540e-01,9.577926308627880969e-01,1.466265528533793328e+00,8.083984897630303479e+00,1.725575393177594563e+00,3.480462260439003419e+00
9.392361111111111605e-01,3.381250000000000000e+02,5.558510509655598120e-02,7.588679492469736498e-01,1.308699571241223325e-01,9.589930178691817853e-01,1.471854414183306314e+00,8.075208235694127268e+00,1.727402812310493863e+00,3.433710314936253560e+00
9.395833333333333259e-01,3.382500000000000000e+02,5.609713348223679952e-02,7.616702033460255317e-01,1.314700646630974634e-01,9.601771126221521069e-01,1.477426244840419400e+00,8.065644135065776155e+00,1.729213888335862759e+00,3.386618880721454339e+00
9.399305555555556024e-01,3.383750000000000000e+02,5.661109357040428058e-02,7.644689998686983179e-01,1.320707982105699119e-01,9.613447972436744982e-01,1.482981020505137693e+00,8.055292595745241258e+00,1.731008621253702584e+00,3.339187957794564898e+00
9.402777777777777679e-01,3.385000000000000000e+02,5.712697943918581406e-02,7.672640653987784498e-01,1.326721520918493213e-01,9.624959538557236183e-01,1.488518741177457638e+00,8.044153617732527906e+00,1.732787011064013560e+00,3.291417546155605223e+00
9.406250000000000444e-01,3.386250000000000000e+02,5.764478516670908798e-02,7.700551265200535900e-01,1.332741206322455851e-01,9.636304645802745705e-01,1.494039406857380126e+00,8.032227201027639651e+00,1.734549057766794578e+00,3.243307645804576644e+00
9.409722222222222099e-01,3.387500000000000000e+02,5.816450483110149894e-02,7.728419098163097356e-01,1.338766981570683468e-01,9.647482115393016811e-01,1.499543017544902712e+00,8.019513345630576495e+00,1.736294761362045191e+00,3.194858256741498259e+00
9.413194444444444864e-01,3.388750000000000000e+02,5.868613251049110968e-02,7.756241418713369917e-01,1.344798789916280268e-01,9.658490768547809413e-01,1.505029573240029839e+00,8.006012051541329555e+00,1.738024121849766956e+00,3.146069378966330543e+00
9.416666666666666519e-01,3.390000000000000000e+02,5.920966228300512946e-02,7.784015492689201343e-01,1.350836574612339358e-01,9.669329426486865664e-01,1.510499073942757287e+00,7.991723318759910377e+00,1.739737139229958762e+00,3.096941012479113908e+00
9.420138888888889284e-01,3.391250000000000000e+02,5.973508822677164182e-02,7.811738585928491574e-01,1.356880278911964943e-01,9.679996910429942147e-01,1.515951519653089274e+00,7.976647147286307415e+00,1.741433813502621719e+00,3.047473157279806610e+00
9.423611111111110938e-01,3.392500000000000000e+02,6.026240441991803642e-02,7.839407964269098361e-01,1.362929846068252904e-01,9.690492041596782125e-01,1.521386910371023360e+00,7.960783537120528663e+00,1.743114144667754939e+00,2.997665813368429966e+00
9.427083333333333703e-01,3.393750000000000000e+02,6.079160494057198744e-02,7.867020893548903882e-01,1.368985219334303005e-01,9.700813641207141069e-01,1.526805246096559987e+00,7.944132488262567904e+00,1.744778132725358644e+00,2.947518980744983974e+00
9.430555555555556468e-01,3.395000000000000568e+02,6.132268386686109962e-02,7.894574639605776989e-01,1.375046341963214180e-01,9.710960530480764463e-01,1.532206526829699156e+00,7.926694000712433130e+00,1.746425777675433055e+00,2.897032659409467747e+00
9.434027777777778123e-01,3.396250000000000000e+02,6.185563527691284591e-02,7.922066468277583207e-01,1.381113157208081754e-01,9.720931530637400009e-01,1.537590752570437758e+00,7.908468074470123454e+00,1.748057079517977508e+00,2.846206849361903046e+00
9.437500000000000888e-01,3.397500000000000568e+02,6.239045324885530291e-02,7.949493645402220254e-01,1.387185608322009933e-01,9.730725462896804290e-01,1.542957923318781788e+00,7.889454709535632659e+00,1.749672038252992445e+00,2.795041550602247682e+00
9.440972222222222543e-01,3.398750000000000000e+02,6.292713186081559662e-02,7.976853436817535892e-01,1.393263638558092932e-01,9.740341148478720568e-01,1.548308039074725251e+00,7.869653905908971403e+00,1.751270653880477202e+00,2.743536763130543399e+00
9.444444444444445308e-01,3.400000000000000568e+02,6.346566519092186609e-02,8.004143108361432279e-01,1.399347191169434124e-01,9.749777408602904316e-01,1.553641099838273920e+00,7.849065663590119257e+00,1.752852926400433331e+00,2.691692486946748897e+00
9.447916666666666963e-01,3.401250000000000000e+02,6.400604731730132058e-02,8.031359925871756067e-01,1.405436209409127724e-01,9.759033064489099907e-01,1.558957105609422245e+00,7.827689982579101979e+00,1.754418855812859057e+00,2.639508722050905920e+00
9.451388888888889728e-01,3.402500000000000568e+02,6.454827231808203669e-02,8.058501155186407194e-01,1.411530636530277938e-01,9.768106937357062813e-01,1.564256056388175331e+00,7.805526862875897365e+00,1.755968442117755934e+00,2.586985468442972280e+00
9.454861111111111382e-01,3.403750000000000000e+02,6.509233427139134165e-02,8.085564062143248965e-01,1.417630415785980647e-01,9.776997848426539628e-01,1.569537952174530515e+00,7.782576304480515184e+00,1.757501685315123741e+00,2.534122726122968849e+00
9.458333333333334147e-01,3.405000000000000568e+02,6.563822725535704838e-02,8.112545912580153562e-01,1.423735490429334505e-01,9.785704618917278053e-01,1.574802792968488241e+00,7.758838307392952771e+00,1.759018585404961588e+00,2.480920495090895628e+00
9.461805555555555802e-01,3.406250000000000000e+02,6.618594534810640084e-02,8.139443972334987620e-01,1.429845803713435670e-01,9.794226070049031341e-01,1.580050578770046288e+00,7.734312871613224338e+00,1.760519142387269254e+00,2.427378775346774820e+00
9.465277777777778567e-01,3.407500000000000000e+02,6.673548262776758666e-02,8.166255507245646639e-01,1.435961298891389459e-01,9.802561084730967433e-01,1.585281309579208653e+00,7.708999997141305904e+00,1.762003356262048293e+00,2.373592121774465546e+00
9.468750000000000222e-01,3.408750000000000000e+02,6.728683317246776652e-02,8.192977783149979487e-01,1.442081919216287866e-01,9.810709615980082177e-01,1.590494985395971117e+00,7.682899683977221450e+00,1.763471227029296928e+00,2.320004489441341189e+00
9.472222222222222987e-01,3.410000000000000000e+02,6.783999106033503090e-02,8.219608065885886106e-01,1.448207607941235930e-01,9.818672522933502567e-01,1.595691606220338343e+00,7.656011932120949659e+00,1.764922754689016715e+00,2.266672527452921138e+00
9.475694444444444642e-01,3.411250000000000000e+02,6.839495036949680418e-02,8.246143621291229797e-01,1.454338308319329531e-01,9.826450693335480047e-01,1.600871172052307889e+00,7.628336741572498525e+00,1.766357939241206765e+00,2.213596235809222268e+00
9.479166666666667407e-01,3.412500000000000000e+02,6.895170517808071886e-02,8.272581715203882746e-01,1.460473963603667880e-01,9.834045014930263839e-01,1.606033682891879533e+00,7.599874112331868048e+00,1.767776780685867077e+00,2.160775614510252129e+00
9.482638888888889062e-01,3.413750000000000000e+02,6.951024956421418544e-02,8.298919613461710476e-01,1.466614517047346855e-01,9.841456375462105388e-01,1.611179138739051275e+00,7.570624044399073327e+00,1.769179279022997875e+00,2.108210663556025377e+00
9.486111111111111827e-01,3.415000000000000000e+02,7.007057760602536378e-02,8.325154581902608486e-01,1.472759911903470942e-01,9.848685662675263908e-01,1.616307539593828002e+00,7.540586537774086828e+00,1.770565434252599601e+00,2.055901382946505596e+00
9.489583333333333481e-01,3.416250000000000000e+02,7.063268338164127580e-02,8.351283886364431197e-01,1.478910091425133244e-01,9.855733764313984180e-01,1.621418885456204828e+00,7.509761592456936974e+00,1.771935246374670925e+00,2.003847772681728756e+00
9.493055555555556246e-01,3.417500000000000000e+02,7.119656096919019239e-02,8.377304792685070778e-01,1.485064998865438524e-01,9.862601568122526530e-01,1.626513176326185972e+00,7.478149208447594454e+00,1.773288715389213399e+00,1.952049832761656667e+00
9.496527777777777901e-01,3.418750000000000000e+02,7.176220444679916322e-02,8.403214566702383870e-01,1.491224577477479885e-01,9.869289961845133519e-01,1.631590412203767215e+00,7.445749385746089466e+00,1.774625841296225692e+00,1.900507563186330851e+00
9.500000000000000666e-01,3.420000000000000000e+02,7.232960789259636203e-02,8.429010474254262641e-01,1.497388770514361256e-01,9.875799833226069913e-01,1.636650593088953221e+00,7.412562124352390924e+00,1.775946624095709581e+00,1.849220963955708452e+00
9.503472222222222321e-01,3.421250000000000000e+02,7.289876538470924094e-02,8.454689781178572616e-01,1.503557521229178795e-01,9.882132070009580493e-01,1.641693718981741323e+00,7.378587424266515704e+00,1.777251063787663066e+00,1.798190035069809900e+00
9.506944444444445086e-01,3.422500000000000000e+02,7.346967100126529371e-02,8.480249753313190419e-01,1.509730772875032545e-01,9.888287559939917815e-01,1.646719789882131968e+00,7.343825285488461141e+00,1.778539160372087480e+00,1.747414776528638525e+00
9.510416666666666741e-01,3.423750000000000000e+02,7.404231882039206958e-02,8.505687656495976023e-01,1.515908468705017553e-01,9.894267190761333319e-01,1.651728805790122934e+00,7.308275708018244110e+00,1.779810913848981491e+00,1.696895188332210536e+00
9.513888888888889506e-01,3.425000000000000000e+02,7.461670292021758966e-02,8.531000756564827148e-01,1.522090551972237749e-01,9.900071850218086222e-01,1.656720766705718217e+00,7.271938691855834414e+00,1.781066324218346875e+00,1.646631270480488407e+00
9.517361111111111160e-01,3.426250000000000000e+02,7.519281737886904238e-02,8.556186319357598213e-01,1.528276965929787901e-01,9.905702426054422416e-01,1.661695672628913378e+00,7.234814237001260473e+00,1.782305391480182077e+00,1.596623022973509887e+00
9.520833333333333925e-01,3.427500000000000000e+02,7.577065627447458762e-02,8.581241610712178058e-01,1.534467653830771383e-01,9.911159806014597784e-01,1.666653523559713301e+00,7.196902343454495643e+00,1.783528115634487987e+00,1.546870445811238781e+00
9.524305555555555580e-01,3.428750000000000000e+02,7.635021368516153872e-02,8.606163896466441088e-01,1.540662558928284354e-01,9.916444877842863770e-01,1.671594319498115322e+00,7.158203011215551470e+00,1.784734496681264826e+00,1.497373538993689079e+00
9.527777777777778345e-01,3.430000000000000000e+02,7.693148368905763923e-02,8.630950442458252825e-01,1.546861624475426022e-01,9.921558529283471817e-01,1.676518060444120328e+00,7.118716240284428842e+00,1.785924534620511706e+00,1.448132302520867221e+00
9.531250000000000000e-01,3.431250000000000000e+02,7.751446036429020248e-02,8.655598514525482123e-01,1.553064793725292270e-01,9.926501648080676699e-01,1.681424746397724990e+00,7.078442030661143747e+00,1.787098229452229070e+00,1.399146736392788082e+00
9.534722222222222765e-01,3.432500000000000000e+02,7.809913778898742998e-02,8.680105378506022262e-01,1.559272009930987579e-01,9.931275121978728748e-01,1.686314377358934191e+00,7.037380382345666874e+00,1.788255581176416920e+00,1.350416840609414804e+00
9.538194444444444420e-01,3.433750000000000000e+02,7.868551004127639914e-02,8.704468300237726552e-01,1.565483216345605610e-01,9.935879838721879409e-01,1.691186953327744158e+00,6.995531295338026645e+00,1.789396589793074810e+00,1.301942615170786244e+00
9.541666666666667185e-01,3.435000000000000000e+02,7.927357119928528373e-02,8.728684545558490493e-01,1.571698356222249182e-01,9.940316686054387896e-01,1.696042474304158221e+00,6.952894769638193750e+00,1.790521255302203629e+00,1.253724060076862212e+00
9.545138888888888840e-01,3.436250000000000000e+02,7.986331534114120279e-02,8.752751380306168505e-01,1.577917372814013897e-01,9.944586551720498990e-01,1.700880940288172605e+00,6.909470805246198388e+00,1.791629577703802934e+00,1.205761175327683565e+00
9.548611111111111605e-01,3.437500000000000000e+02,8.045473654497230231e-02,8.776666070318656088e-01,1.584140209374002572e-01,9.948690323464467467e-01,1.705702351279791307e+00,6.865259402162009472e+00,1.792721556997872279e+00,1.158053960923210335e+00
9.552083333333333259e-01,3.438750000000000000e+02,8.104782888652035944e-02,8.800425881433815434e-01,1.590366809203982157e-01,9.952628889030549209e-01,1.710506572815319704e+00,6.820260560385639437e+00,1.793797409392029030e+00,1.110602416863460284e+00
9.555555555555556024e-01,3.440000000000000000e+02,8.164258543511465627e-02,8.824028079489519838e-01,1.596597126685180834e-01,9.956403136162993439e-01,1.715286397151353448e+00,6.774474279917092723e+00,1.794864641034495722e+00,1.063406543148436745e+00
9.559027777777777679e-01,3.441250000000000000e+02,8.223899669708631399e-02,8.847469930323638154e-01,1.602831141303229789e-01,9.960013952606053822e-01,1.720037721870024239e+00,6.727900560756387982e+00,1.795926960220209256e+00,1.016466339778155925e+00
9.562500000000000444e-01,3.442500000000000000e+02,8.283705277673526768e-02,8.870748699774060331e-01,1.609068836000994429e-01,9.963462226103982911e-01,1.724760546971334518e+00,6.680539402903483470e+00,1.796984366949168077e+00,9.697818067525819652e-01
9.565972222222222099e-01,3.443750000000000000e+02,8.343674377836060585e-02,8.893861653678645229e-01,1.615310193721329335e-01,9.966748844401031038e-01,1.729454872455280956e+00,6.632390806358423596e+00,1.798036861221372629e+00,9.233529440717507253e-01
9.569444444444444864e-01,3.445000000000000000e+02,8.403805980626234684e-02,8.916806057875282798e-01,1.621555197407095472e-01,9.969874695241451867e-01,1.734120698321867327e+00,6.583454771121163063e+00,1.799084443036823577e+00,8.771797517356273444e-01
9.572916666666666519e-01,3.446250000000000000e+02,8.464099096473969019e-02,8.939579178201841891e-01,1.627803830001149921e-01,9.972840666369500173e-01,1.738758024571092298e+00,6.533731297191727627e+00,1.800127112395520701e+00,8.312622297442273656e-01
9.576388888888889284e-01,3.447500000000000000e+02,8.524552735809227955e-02,8.962178280496189142e-01,1.634056074446352536e-01,9.975647645529427399e-01,1.743366851202954759e+00,6.483220384570112849e+00,1.801164869297462889e+00,7.856003780975525652e-01
9.579861111111110938e-01,3.448750000000000000e+02,8.585165909061931444e-02,8.984600630596198956e-01,1.640311913685556511e-01,9.978296520465487207e-01,1.747947178217453601e+00,6.431922033256340931e+00,1.802197713742651475e+00,7.401941967956203738e-01
9.583333333333333703e-01,3.450000000000000000e+02,8.645937626662081321e-02,9.006843494339757950e-01,1.646571330661628363e-01,9.980788178921925491e-01,1.752499005614592376e+00,6.379836243250369243e+00,1.803225645731085791e+00,6.950436858383961525e-01
9.586805555555556468e-01,3.451250000000000568e+02,8.706866899039615582e-02,9.028904137564734977e-01,1.652834308317422396e-01,9.983123508643002575e-01,1.757022333394369529e+00,6.326963014552220876e+00,1.804248665262766060e+00,6.501488452258957773e-01
9.590277777777778123e-01,3.452500000000000000e+02,8.767952736624445853e-02,9.050779826108993342e-01,1.659100829595793192e-01,9.985303397372966572e-01,1.761517161556782396e+00,6.273302347161915371e+00,1.805266772337692061e+00,6.055096749581402316e-01
9.593750000000000888e-01,3.453750000000000568e+02,8.829194149846589235e-02,9.072467825810426323e-01,1.665370877439607822e-01,9.987328732856073366e-01,1.765983490101835196e+00,6.218854241079411871e+00,1.806279966955864014e+00,5.611261750350892141e-01
9.597222222222222543e-01,3.455000000000000000e+02,8.890590149135967069e-02,9.093965402506898332e-01,1.671644434791720313e-01,9.989200402836573289e-01,1.770421319029526375e+00,6.163618696304726363e+00,1.807288249117282364e+00,5.169983454567637082e-01
9.600694444444445308e-01,3.456250000000000568e+02,8.952139744922527065e-02,9.115269822036284886e-01,1.677921484594988577e-01,9.990919295058720007e-01,1.774830648339855488e+00,6.107595712837865065e+00,1.808291618821946223e+00,4.731261862231636028e-01
9.604166666666666963e-01,3.457500000000000000e+02,9.013841947636211382e-02,9.136378350236449286e-01,1.684202009792268862e-01,9.992486297266762740e-01,1.779211478032820759e+00,6.050785290678848405e+00,1.809290076069855813e+00,4.295096973343061064e-01
9.607638888888889728e-01,3.458750000000000568e+02,9.075695767707012140e-02,9.157288252945287033e-01,1.690485993326425462e-01,9.993902297204957375e-01,1.783563808108426407e+00,5.993187429827631085e+00,1.810283620861011133e+00,3.861488787901544151e-01
9.611111111111111382e-01,3.460000000000000000e+02,9.137700215564824313e-02,9.177996796000653656e-01,1.696773418140311018e-01,9.995168182617555352e-01,1.787887638566667770e+00,5.934802130284259292e+00,1.811272253195412629e+00,3.430437305907464984e-01
9.614583333333334147e-01,3.461250000000000568e+02,9.199854301639673326e-02,9.198501245240437996e-01,1.703064267176790658e-01,9.996284841248810338e-01,1.792182969407549509e+00,5.875629392048685951e+00,1.812255973073060078e+00,3.001942527360454971e-01
9.618055555555555802e-01,3.462500000000000000e+02,9.262157036361436113e-02,9.218798866502503353e-01,1.709358523378714800e-01,9.997253160842973774e-01,1.796449800631067406e+00,5.815669215120958135e+00,1.813234780493953258e+00,2.576004452260872157e-01
9.621527777777778567e-01,3.463750000000000000e+02,9.324607430160139487e-02,9.238886925624735236e-01,1.715656169688949961e-01,9.998074029144299324e-01,1.800688132237224792e+00,5.754921599501028773e+00,1.814208675458092390e+00,2.152623080608357387e-01
9.625000000000000222e-01,3.465000000000000000e+02,9.387204493465690913e-02,9.258762688445001388e-01,1.721957189050351000e-01,9.998748333897037321e-01,1.804897964226020557e+00,5.693386545188921843e+00,1.815177657965477698e+00,1.731798412403096066e-01
9.628472222222222987e-01,3.466250000000000000e+02,9.449947236708054754e-02,9.278423420801176214e-01,1.728261564405776107e-01,9.999276962845440320e-01,1.809079296597454034e+00,5.631064052184636459e+00,1.816141728016108514e+00,1.313530447645076815e-01
9.631944444444444642e-01,3.467500000000000000e+02,9.512834670317156516e-02,9.297866388531127457e-01,1.734569278698081252e-01,9.999660803733764203e-01,1.813232129351524113e+00,5.567954120488197489e+00,1.817100885609985061e+00,8.978191863344858747e-02
9.635416666666667407e-01,3.468750000000000000e+02,9.575865804722999419e-02,9.317088857472746177e-01,1.740880314870130452e-01,9.999900744306257083e-01,1.817356462488233904e+00,5.504056750099555195e+00,1.818055130747108006e+00,4.846646284709736630e-02
9.638888888888889062e-01,3.470000000000000000e+02,9.639039650355486766e-02,9.336088093463887905e-01,1.747194655864777180e-01,9.999997672307174845e-01,1.821452296007580296e+00,5.439371941018762868e+00,1.819004463427476237e+00,7.406677405487832946e-03
9.642361111111111827e-01,3.471250000000000000e+02,9.702355217644610674e-02,9.354861362342441478e-01,1.753512284624884343e-01,9.999952475480766712e-01,1.825519629909566399e+00,5.373899693245763665e+00,1.819948883651090643e+00,-3.339743769141489266e-02
9.645833333333333481e-01,3.472500000000000000e+02,9.765811517020314692e-02,9.373405929946279080e-01,1.759833184093308467e-01,9.999766041571289676e-01,1.829558464194190659e+00,5.307640006780587782e+00,1.820888391417951446e+00,-7.394588244359119600e-02
9.649305555555556246e-01,3.473750000000000000e+02,9.829407558912549303e-02,9.391719062113269567e-01,1.766157337212908573e-01,9.999439258322992963e-01,1.833568798861452853e+00,5.240592881623233446e+00,1.821822986728057758e+00,-1.142386568510432576e-01
9.652777777777777901e-01,3.475000000000000000e+02,9.893142353751233076e-02,9.409798024681286233e-01,1.772484726926538690e-01,9.998973013480133565e-01,1.837550633911351428e+00,5.172758317773729075e+00,1.822752669581409579e+00,-1.542757609137536123e-01
9.656250000000000666e-01,3.476250000000000000e+02,9.957014911966366455e-02,9.427640083488210143e-01,1.778815336177064221e-01,9.998368194786952934e-01,1.841503969343889491e+00,5.104136315232017829e+00,1.823677439978007797e+00,-1.940571946317560803e-01
9.659722222222222321e-01,3.477500000000000000e+02,1.002102424398786384e-01,9.445242504371906822e-01,1.785149147907338918e-01,9.997625689987718056e-01,1.845428805159064378e+00,5.034726873998157437e+00,1.824597297917851524e+00,-2.335829580050168552e-01
9.663194444444445086e-01,3.478750000000000000e+02,1.008516936024572291e-01,9.462602553170265107e-01,1.791486145060224300e-01,9.996746386826671493e-01,1.849325141356878532e+00,4.964529994072091057e+00,1.825512243400941426e+00,-2.728530510335697157e-01
9.666666666666666741e-01,3.480000000000000000e+02,1.014944927116984419e-01,9.479717495721142750e-01,1.797826310578574116e-01,9.995731173048068019e-01,1.853192977937329733e+00,4.893545675453877308e+00,1.826422276427276836e+00,-3.118674737173809941e-01
9.670138888888889506e-01,3.481250000000000000e+02,1.021386298719023367e-01,9.496584597862429700e-01,1.804169627405254051e-01,9.994580936396162407e-01,1.857032314900420422e+00,4.821773918143454907e+00,1.827327396996858644e+00,-3.506262260564843025e-01
9.673611111111111160e-01,3.482500000000000000e+02,1.027840951873681685e-01,9.513201125431990368e-01,1.810516078483118962e-01,9.993296564615204991e-01,1.860843152246149046e+00,4.749214722140854050e+00,1.828227605109686404e+00,-3.891293080508623214e-01
9.677083333333333925e-01,3.483750000000000000e+02,1.034308787623955672e-01,9.529564344267702491e-01,1.816865646755025654e-01,9.991878945449447214e-01,1.864625489974515604e+00,4.675868087446075627e+00,1.829122900765759896e+00,-4.273767197005148843e-01
9.680555555555555580e-01,3.485000000000000000e+02,1.040789707012836213e-01,9.545671520207432703e-01,1.823218315163832870e-01,9.990328966643144959e-01,1.868379328085518987e+00,4.601734014059149835e+00,1.830013283965079118e+00,-4.653684610054269477e-01
9.684027777777778345e-01,3.486250000000000000e+02,1.047283611083324739e-01,9.561519919089069841e-01,1.829574066652402686e-01,9.988647515940549670e-01,1.872104666579161636e+00,4.526812501980014503e+00,1.830898754707643850e+00,-5.031045319656310966e-01
9.687500000000000000e-01,3.487500000000000000e+02,1.053790400878411304e-01,9.577106806750472767e-01,1.835932884163588019e-01,9.986835481085913901e-01,1.875801505455441109e+00,4.451103551208732689e+00,1.831779312993454978e+00,-5.405849325810935246e-01
9.690972222222222765e-01,3.488750000000000000e+02,1.060309977441095952e-01,9.592429449029530319e-01,1.842294750640253442e-01,9.984893749823486875e-01,1.879469844714360516e+00,4.374607161745242223e+00,1.832654958822512059e+00,-5.778096628518470945e-01
9.694444444444444420e-01,3.490000000000000000e+02,1.066842241814372066e-01,9.607485111764110242e-01,1.848659649025254648e-01,9.982823209897527805e-01,1.883109684355917413e+00,4.297323333589573302e+00,1.833525692194815093e+00,-6.147787227778745978e-01
9.697916666666667185e-01,3.491250000000000000e+02,1.073387095041235112e-01,9.622271060792088049e-01,1.855027562261449825e-01,9.980624749052280364e-01,1.886721024380112466e+00,4.219252066741725926e+00,1.834391513110364080e+00,-6.514921123591791430e-01
9.701388888888888840e-01,3.492500000000000000e+02,1.079944438164676390e-01,9.636784561951328154e-01,1.861398473291695776e-01,9.978299255032004877e-01,1.890303864786944121e+00,4.140393361201732958e+00,1.835252421569158132e+00,-6.879498315957424115e-01
9.704861111111111605e-01,3.493750000000000000e+02,1.086514172227697472e-01,9.651022881079721616e-01,1.867772365058854855e-01,9.975847615580950567e-01,1.893858205576415488e+00,4.060747216969530449e+00,1.836108417571198803e+00,-7.241518804875967108e-01
9.708333333333333259e-01,3.495000000000000000e+02,1.093096198273287856e-01,9.664983284015128406e-01,1.874149220505780533e-01,9.973270718443372207e-01,1.897384046748523456e+00,3.980313634045181459e+00,1.836959501116485205e+00,-7.600982590347103995e-01
9.711805555555556024e-01,3.496250000000000000e+02,1.099690417344448279e-01,9.678663036595437363e-01,1.880529022575337106e-01,9.970569451363514579e-01,1.900881388303270692e+00,3.899092612428623816e+00,1.837805672205017338e+00,-7.957889672371151191e-01
9.715277777777777679e-01,3.497500000000000000e+02,1.106296730484169072e-01,9.692059404658507349e-01,1.886911754210378322e-01,9.967744702085642450e-01,1.904350230240654751e+00,3.817084152119919249e+00,1.838646930836795423e+00,-8.312240050947793391e-01
9.718750000000000444e-01,3.498750000000000000e+02,1.112915038735450418e-01,9.705169654042226091e-01,1.893297398353767647e-01,9.964797358353998380e-01,1.907790572560678743e+00,3.734288253119004253e+00,1.839483277011819462e+00,-8.664033726077339237e-01
9.722222222222222099e-01,3.500000000000000000e+02,1.119545243141285007e-01,9.717991050584461332e-01,1.899685937948359660e-01,9.961728307912838254e-01,1.911202415263340004e+00,3.650704915425910801e+00,1.840314710730089898e+00,-9.013270697759626637e-01
9.725694444444444864e-01,3.501250000000000000e+02,1.126187244744668581e-01,9.730520860123090809e-01,1.906077355937014217e-01,9.958538438506414625e-01,1.914585758348639866e+00,3.566334139040639784e+00,1.841141231991605620e+00,-9.359950965994676686e-01
9.729166666666666519e-01,3.502500000000000000e+02,1.132840944588593135e-01,9.742756348495978935e-01,1.912471635262586178e-01,9.955228637878983378e-01,1.917940601816576551e+00,3.481175923963224950e+00,1.841962840796367074e+00,-9.704074530782331731e-01
9.732638888888889284e-01,3.503750000000000000e+02,1.139506243716058853e-01,9.754694781541013437e-01,1.918868758867941504e-01,9.951799793774789293e-01,1.921266945667152282e+00,3.395230270193597466e+00,1.842779537144374702e+00,-1.004564139212288154e+00
9.736111111111110938e-01,3.505000000000000000e+02,1.146183043170056759e-01,9.766333425096056509e-01,1.925268709695930891e-01,9.948252793938092697e-01,1.924564789900365058e+00,3.308497177731827499e+00,1.843591321035628283e+00,-1.038465155001603524e+00
9.739583333333333703e-01,3.506250000000000000e+02,1.152871243993587036e-01,9.777669544998995876e-01,1.931671470689418635e-01,9.944588526113141702e-01,1.927834134516216880e+00,3.220976646577843994e+00,1.844398192470127817e+00,-1.072110500446209036e+00
9.743055555555556468e-01,3.507500000000000568e+02,1.159570747229642373e-01,9.788700407087698174e-01,1.938077024791260983e-01,9.940807878044186641e-01,1.931074979514706857e+00,3.132668676731682478e+00,1.845200151447873305e+00,-1.105500175546088260e+00
9.746527777777778123e-01,3.508750000000000000e+02,1.166281453921216849e-01,9.799423846454481390e-01,1.944485354944316680e-01,9.936911737475487838e-01,1.934287324895835214e+00,3.044127237325177315e+00,1.845997197968864301e+00,-1.138634180301244081e+00
9.750000000000000888e-01,3.510000000000000568e+02,1.173003265111307869e-01,9.809840893828247754e-01,1.950896444091443360e-01,9.932900992151287856e-01,1.937471170659601283e+00,2.956195068541581428e+00,1.846789332033101472e+00,-1.171512514711673836e+00
9.753472222222222543e-01,3.511250000000000000e+02,1.179736081842906598e-01,9.819953694281703394e-01,1.957310275175498382e-01,9.928776529815851459e-01,1.940626516806004398e+00,2.868881011229829969e+00,1.847576553640584152e+00,-1.204135178777365756e+00
9.756944444444445308e-01,3.512500000000000568e+02,1.186479805159014050e-01,9.829764394035248598e-01,1.963726831139344653e-01,9.924539238213418990e-01,1.943753363335047002e+00,2.782185065389854994e+00,1.848358862791313229e+00,-1.236502172498346042e+00
9.760416666666666963e-01,3.513750000000000000e+02,1.193234336102619586e-01,9.839275139309262563e-01,1.970146094925834257e-01,9.920190005088255214e-01,1.946851710246726208e+00,2.696107231021725781e+00,1.849136259485288036e+00,-1.268613495874588715e+00
9.763888888888889728e-01,3.515000000000000568e+02,1.199999575716724776e-01,9.848488076324140028e-01,1.976568049477833156e-01,9.915729718184598251e-01,1.949921557541044681e+00,2.610647508125373939e+00,1.849908743722508575e+00,-1.300469148906118866e+00
9.767361111111111382e-01,3.516250000000000000e+02,1.206775425044318839e-01,9.857405351300260188e-01,1.982992677738192877e-01,9.911159265246712868e-01,1.952962905217999756e+00,2.525805896700866970e+00,1.850676315502974623e+00,-1.332069131592912070e+00
9.770833333333334147e-01,3.517500000000000568e+02,1.213561785128402931e-01,9.866029110458023332e-01,1.989419962649777995e-01,9.906479534018842736e-01,1.955975753277594764e+00,2.441582396748136041e+00,1.851438974826687289e+00,-1.363413443934992753e+00
9.774305555555555802e-01,3.518750000000000000e+02,1.220358557011969186e-01,9.874361500017808657e-01,1.995849887155443647e-01,9.901691412245245960e-01,1.958960101719827263e+00,2.357977008267218011e+00,1.852196721693646131e+00,-1.394502085932349589e+00
9.777777777777778567e-01,3.520000000000000000e+02,1.227165641738013208e-01,9.882404666200010901e-01,2.002282434198049688e-01,9.896795787670173983e-01,1.961915950544698362e+00,2.274989731258110659e+00,1.852949556103850481e+00,-1.425335057584979914e+00
9.781250000000000222e-01,3.521250000000000000e+02,1.233982940349527130e-01,9.890160755225009259e-01,2.008717586720450698e-01,9.891793548037880468e-01,1.964843299752206063e+00,2.192620565720848624e+00,1.853697478057300119e+00,-1.455912358892874181e+00
9.784722222222222987e-01,3.522500000000000000e+02,1.240810353889512108e-01,9.897631913313200691e-01,2.015155327665510421e-01,9.886685581092614639e-01,1.967742149342352587e+00,2.110869511655363073e+00,1.854440487553996375e+00,-1.486233989856054816e+00
9.788194444444444642e-01,3.523750000000000000e+02,1.247647783400957638e-01,9.904820286684965502e-01,2.021595639976083159e-01,9.881472774578632379e-01,1.970612499315136823e+00,2.029736569061723284e+00,1.855178584593938140e+00,-1.516299950474499170e+00
9.791666666666667407e-01,3.525000000000000000e+02,1.254495129926865016e-01,9.911728021560701762e-01,2.028038506595032375e-01,9.876156016240180691e-01,1.973454349670559882e+00,1.949221737939860866e+00,1.855911769177126081e+00,-1.546110240748230558e+00
9.795138888888889062e-01,3.526250000000000000e+02,1.261352294510225958e-01,9.918357264160791997e-01,2.034483910465212930e-01,9.870736193821518789e-01,1.976267700408620875e+00,1.869325018289810902e+00,1.856640041303559308e+00,-1.575664860677237655e+00
9.798611111111111827e-01,3.527500000000000000e+02,1.268219178194036345e-01,9.924710160705622064e-01,2.040931834529483291e-01,9.865214195066894787e-01,1.979052551529320025e+00,1.790046410111570729e+00,1.857363400973239154e+00,-1.604963810261518686e+00
9.802083333333333481e-01,3.528750000000000000e+02,1.275095682021288312e-01,9.930788857415584481e-01,2.047382261730700259e-01,9.859590907720564568e-01,1.981808903032656222e+00,1.711385913405174541e+00,1.858081848186164509e+00,-1.634007089501063881e+00
9.805555555555556246e-01,3.530000000000000000e+02,1.281981707034982876e-01,9.936595500511066215e-01,2.053835175011728964e-01,9.853867219526778465e-01,1.984536754918631907e+00,1.633343528170557724e+00,1.858795382942336039e+00,-1.662794698395895443e+00
9.809027777777777901e-01,3.531250000000000000e+02,1.288877154278109671e-01,9.942132236212452012e-01,2.060290557315419269e-01,9.848044018229787921e-01,1.987236107187244194e+00,1.555919254407782892e+00,1.859504005241753077e+00,-1.691326636945990947e+00
9.812500000000000666e-01,3.532500000000000000e+02,1.295781924793669437e-01,9.947401210740137723e-01,2.066748391584636579e-01,9.842122191573847712e-01,1.989906959838495526e+00,1.479113092116789430e+00,1.860207715084416291e+00,-1.719602905151373040e+00
9.815972222222222321e-01,3.533750000000000000e+02,1.302695919624652365e-01,9.952404570314504761e-01,2.073208660762234923e-01,9.836102627303211499e-01,1.992549312872384126e+00,1.402925041297636843e+00,1.860906512470324792e+00,-1.747623503012019297e+00
9.819444444444445086e-01,3.535000000000000000e+02,1.309619039814061414e-01,9.957144461155946757e-01,2.079671347791080260e-01,9.829986213162124065e-01,1.995163166288913104e+00,1.327355101950235428e+00,1.861600397399480133e+00,-1.775388430527962802e+00
9.822916666666666741e-01,3.536250000000000000e+02,1.316551186404881224e-01,9.961623029484844016e-01,2.086136435614019680e-01,9.823773836894851286e-01,1.997748520088077795e+00,1.252403274074704864e+00,1.862289369871880318e+00,-1.802897687699159368e+00
9.826388888888889506e-01,3.537500000000000000e+02,1.323492260440115309e-01,9.965842421521592387e-01,2.092603907173920530e-01,9.817466386245633503e-01,2.000305374269881309e+00,1.178069557670956558e+00,1.862973429887527788e+00,-1.830151274525641636e+00
9.829861111111111160e-01,3.538750000000000000e+02,1.330442162962753305e-01,9.969804783486577726e-01,2.099073745413635173e-01,9.811064748958729931e-01,2.002833728834322535e+00,1.104353952739048017e+00,1.863652577446419878e+00,-1.857149191007388511e+00
9.833333333333333925e-01,3.540000000000000000e+02,1.337400795015795396e-01,9.973512261600189222e-01,2.105545933276028181e-01,9.804569812778387572e-01,2.005333583781402140e+00,1.031256459278922843e+00,1.864326812548558365e+00,-1.883891437144421754e+00
9.836805555555555580e-01,3.541250000000000000e+02,1.344368057642232328e-01,9.976967002082808289e-01,2.112020453703951361e-01,9.797982465448865641e-01,2.007804939111119236e+00,9.587770772906358818e-01,1.864996135193943028e+00,-1.910378012936718717e+00
9.840277777777778345e-01,3.542500000000000000e+02,1.351343851885064840e-01,9.980171151154834108e-01,2.118497289640270953e-01,9.791303594714413361e-01,2.010247794823475154e+00,8.869158067741315099e-01,1.865660545382572977e+00,-1.936608918384301825e+00
9.843750000000000000e-01,3.543750000000000000e+02,1.358328078787284787e-01,9.983126855036650316e-01,2.124976424027841537e-01,9.784534088319279954e-01,2.012662150918469450e+00,8.156726477294397037e-01,1.866320043114449101e+00,-1.962584153487159755e+00
9.847222222222222765e-01,3.545000000000000000e+02,1.365320639391887636e-01,9.985836259948641658e-01,2.131457839809520194e-01,9.777674834007723526e-01,2.015048007396101237e+00,7.450476001565577988e-01,1.866974628389571400e+00,-1.988303718245292950e+00
9.850694444444444420e-01,3.546250000000000000e+02,1.372321434741866353e-01,9.988301512111199543e-01,2.137941519928165390e-01,9.770726719523996628e-01,2.017405364256371403e+00,6.750406640555171034e-01,1.867624301207938986e+00,-2.013767612658691419e+00
9.854166666666667185e-01,3.547500000000000000e+02,1.379330365880221398e-01,9.990524757744712048e-01,2.144427447326638647e-01,9.763690632612345155e-01,2.019734221499279503e+00,6.056518394262582206e-01,1.868269061569553191e+00,-2.038975836727374258e+00
9.857638888888888840e-01,3.548750000000000000e+02,1.386347333849942132e-01,9.992508143069566140e-01,2.150915604947794824e-01,9.756567461017029430e-01,2.022034579124825093e+00,5.368811262688393260e-01,1.868908909474412239e+00,-2.063928390451322592e+00
9.861111111111111605e-01,3.550000000000000000e+02,1.393372239694030124e-01,9.994253814306154338e-01,2.157405975734496828e-01,9.749358092482295346e-01,2.024306437133009506e+00,4.687285245832024660e-01,1.869543844922517906e+00,-2.088625273830556850e+00
9.864583333333333259e-01,3.551250000000000000e+02,1.400404984455474455e-01,9.995763917674859167e-01,2.163898542629597854e-01,9.742063414752403228e-01,2.026549795523830966e+00,4.011940343694055944e-01,1.870173867913869525e+00,-2.113066486865055715e+00
9.868055555555556024e-01,3.552500000000000000e+02,1.407445469177279196e-01,9.997040599396070926e-01,2.170393288575963864e-01,9.734684315571592306e-01,2.028764654297292580e+00,3.342776556273647226e-01,1.870798978448467098e+00,-2.137252029554849386e+00
9.871527777777777679e-01,3.553750000000000000e+02,1.414493594902428431e-01,9.998086005690177691e-01,2.176890196516444442e-01,9.727221682684132897e-01,2.030951013453390797e+00,2.679793883571892077e-01,1.871419176526309958e+00,-2.161181901899898339e+00
9.875000000000000444e-01,3.555000000000000000e+02,1.421549262673925396e-01,9.998902282777568651e-01,2.183389249393904441e-01,9.719676403834262013e-01,2.033108872992127392e+00,2.022992325587988638e-01,1.872034462147399658e+00,-2.184856103900232327e+00
9.878472222222222099e-01,3.556250000000000000e+02,1.428612373534760005e-01,9.999491576878630772e-01,2.189890430151197886e-01,9.712049366766243308e-01,2.035238232913501033e+00,1.372371882322455383e-01,1.872644835311734202e+00,-2.208274635555832255e+00
9.881944444444444864e-01,3.557500000000000000e+02,1.435682828527933552e-01,9.999856034213755462e-01,2.196393721731187965e-01,9.704341459224319344e-01,2.037339093217514385e+00,7.279325537747775854e-02,1.873250296019315808e+00,-2.231437496866717218e+00
9.885416666666666519e-01,3.558750000000000000e+02,1.442760528696434841e-01,9.999997801003326359e-01,2.202899107076727869e-01,9.696553568952754887e-01,2.039411453904164784e+00,8.967433994546135032e-03,1.873850844270142257e+00,-2.254344687832866345e+00
9.888888888888889284e-01,3.560000000000000000e+02,1.449845375083265719e-01,9.999919023467734869e-01,2.209406569130682729e-01,9.688686583695788057e-01,2.041455314973453561e+00,-5.424027591659904418e-02,1.874446480064214882e+00,-2.276996208454301396e+00
9.892361111111110938e-01,3.561250000000000000e+02,1.456937268731417490e-01,9.999621847827367960e-01,2.215916090835906849e-01,9.680741391197680290e-01,2.043470676425380717e+00,-1.168298743559339908e-01,1.875037203401533237e+00,-2.299392058731011712e+00
9.895833333333333703e-01,3.562500000000000000e+02,1.464036110683886727e-01,9.999108420302617040e-01,2.222427655135259250e-01,9.672718879202681919e-01,2.045457538259946251e+00,-1.788013613234561427e-01,1.875623014282097989e+00,-2.321532238662995962e+00
9.899305555555556468e-01,3.563750000000000568e+02,1.471141801983667785e-01,9.998380887113863524e-01,2.228941244971598123e-01,9.664619935455047717e-01,2.047415900477149275e+00,-2.401547368191681298e-01,1.876203912705908472e+00,-2.343416748250255921e+00
9.902777777777778123e-01,3.565000000000000000e+02,1.478254243673753077e-01,9.997441394481499932e-01,2.235456843287780271e-01,9.656445447699030238e-01,2.049345763076989790e+00,-3.008900008430430706e-01,1.876779898672964464e+00,-2.365045587492782264e+00
9.906250000000000888e-01,3.566250000000000568e+02,1.485373336797144450e-01,9.996292088625915451e-01,2.241974433026668045e-01,9.648196303678878705e-01,2.051247126059469128e+00,-3.610071533951328404e-01,1.877350972183266853e+00,-2.386418756390591867e+00
9.909722222222222543e-01,3.567500000000000000e+02,1.492498982396830431e-01,9.994935115767495937e-01,2.248493997131116029e-01,9.639873391138846781e-01,2.053119989424585956e+00,-4.205061944753869518e-01,1.877917133236814751e+00,-2.407536254943668741e+00
9.913194444444445308e-01,3.568750000000000568e+02,1.499631081515812592e-01,9.993372622126632798e-01,2.255015518543986852e-01,9.631477597823187020e-01,2.054964353172341607e+00,-4.793871240838529224e-01,1.878478381833608823e+00,-2.428398083152029319e+00
9.916666666666666963e-01,3.570000000000000000e+02,1.506769535197083343e-01,9.991606753923711892e-01,2.261538980208136485e-01,9.623009811476151976e-01,2.056780217302736080e+00,-5.376499422205082146e-01,1.879034717973648849e+00,-2.449004241015664718e+00
9.920138888888889728e-01,3.571250000000000568e+02,1.513914244483637594e-01,9.989639657379117965e-01,2.268064365066425059e-01,9.614470919841993091e-01,2.058567581815767156e+00,-5.952946488853515516e-01,1.879586141656934162e+00,-2.469354728534574939e+00
9.923611111111111382e-01,3.572500000000000000e+02,1.521065110418468314e-01,9.987473478713246866e-01,2.274591656061706879e-01,9.605861810664969580e-01,2.060326446711436610e+00,-6.523212440783613397e-01,1.880132652883466093e+00,-2.489449545708752876e+00
9.927083333333334147e-01,3.573750000000000568e+02,1.528222034044575406e-01,9.985110364146483342e-01,2.281120836136845687e-01,9.597183371689321785e-01,2.062056811989744443e+00,-7.087297277995816547e-01,1.880674251653243756e+00,-2.509288692538213184e+00
9.930555555555555802e-01,3.575000000000000000e+02,1.535384916404950173e-01,9.982552459899214359e-01,2.287651888234694675e-01,9.588436490659316691e-01,2.063758677650689766e+00,-7.645201000489693088e-01,1.881210937966266483e+00,-2.528872169022941208e+00
9.934027777777778567e-01,3.576250000000000000e+02,1.542553658542591966e-01,9.979801912191829105e-01,2.294184795298118695e-01,9.579622055319194640e-01,2.065432043694273467e+00,-8.196923608265674899e-01,1.881742711822536052e+00,-2.548199975162952935e+00
9.937500000000000222e-01,3.577500000000000000e+02,1.549728161500490975e-01,9.976860867244714548e-01,2.300719540269970664e-01,9.570740953413214847e-01,2.067076910120495548e+00,-8.742465101323333432e-01,1.882269573222051129e+00,-2.567272110958230602e+00
9.940972222222222987e-01,3.578750000000000000e+02,1.556908326321648495e-01,9.973731471278258764e-01,2.307256106093112658e-01,9.561794072685624313e-01,2.068693276929355118e+00,-9.281825479663089462e-01,1.882791522164812381e+00,-2.586088576408791528e+00
9.944444444444444642e-01,3.580000000000000000e+02,1.564094054049056659e-01,9.970415870512855383e-01,2.313794475710403142e-01,9.552782300880677813e-01,2.070281144120853956e+00,-9.815004743284739819e-01,1.883308558650819364e+00,-2.604649371514628164e+00
9.947916666666667407e-01,3.581250000000000000e+02,1.571285245725710100e-01,9.966916211168885820e-01,2.320334632064697533e-01,9.543706525742632341e-01,2.071840511694989839e+00,-1.034200289218827562e+00,1.883820682680072300e+00,-2.622954496275739622e+00
9.951388888888889062e-01,3.582500000000000000e+02,1.578481802394602340e-01,9.963234639466742593e-01,2.326876558098855963e-01,9.534567635015740450e-01,2.073371379651763657e+00,-1.086281992637348148e+00,1.884327894252570745e+00,-2.641003950692118352e+00
9.954861111111111827e-01,3.583750000000000000e+02,1.585683625098734117e-01,9.959373301626811559e-01,2.333420236755737176e-01,9.525366516444243592e-01,2.074873747991176298e+00,-1.137745584584079372e+00,1.884830193368315365e+00,-2.658797734763780340e+00
9.958333333333333481e-01,3.585000000000000000e+02,1.592890614881094513e-01,9.955334343869484126e-01,2.339965650978198530e-01,9.516104057772408753e-01,2.076347616713225985e+00,-1.188591065058977714e+00,1.885327580027305938e+00,-2.676335848490710045e+00
9.961805555555556246e-01,3.586250000000000000e+02,1.600102672784684543e-01,9.951119912415145041e-01,2.346512783709101824e-01,9.506781146744477384e-01,2.077792985817914495e+00,-1.238818434062086471e+00,1.885820054229542464e+00,-2.693618291872922121e+00
9.965277777777777901e-01,3.587500000000000000e+02,1.607319699852496897e-01,9.946732153484181271e-01,2.353061617891303303e-01,9.497398671104707590e-01,2.079209855305240939e+00,-1.288427691593382773e+00,1.886307615975024499e+00,-2.710645064910409463e+00
9.968750000000000666e-01,3.588750000000000000e+02,1.614541597127527039e-01,9.942173213296983114e-01,2.359612136467660326e-01,9.487957518597348594e-01,2.080598225175205762e+00,-1.337418837652868620e+00,1.886790265263753152e+00,-2.727416167603171626e+00
9.972222222222222321e-01,3.590000000000000000e+02,1.621768265652766827e-01,9.937445238073944198e-01,2.366164322381030805e-01,9.478458576966657390e-01,2.081958095427808075e+00,-1.385791872240522693e+00,1.887268002095726871e+00,-2.743931599951201505e+00
9.975694444444445086e-01,3.591250000000000000e+02,1.628999606471217554e-01,9.932550374035442609e-01,2.372718158574277370e-01,9.468902733956883200e-01,2.083289466063049211e+00,-1.433546795356386072e+00,1.887740826470946987e+00,-2.760191361954514200e+00
9.979166666666666741e-01,3.592500000000000000e+02,1.636235520625869133e-01,9.927490767401875305e-01,2.379273627990252937e-01,9.459290877312281909e-01,2.084592337080927393e+00,-1.480683607000419011e+00,1.888208738389412611e+00,-2.776195453613094610e+00
9.982638888888889506e-01,3.593750000000000000e+02,1.643475909159721471e-01,9.922268564393623702e-01,2.385830713571822359e-01,9.449623894777100519e-01,2.085866708481444398e+00,-1.527202307172659035e+00,1.888671737851124188e+00,-2.791943874926957392e+00
9.986111111111111160e-01,3.595000000000000000e+02,1.650720673115765036e-01,9.916885911231085871e-01,2.392389398261838551e-01,9.439902674095597135e-01,2.087112580264599337e+00,-1.573102895873069729e+00,1.889129824856081941e+00,-2.807436625896089222e+00
9.989583333333333925e-01,3.596250000000000000e+02,1.657969713537000844e-01,9.911344954134636565e-01,2.398949665003163589e-01,9.430128103012016538e-01,2.088329952430392211e+00,-1.618385373101687286e+00,1.889582999404285424e+00,-2.822673706520501202e+00
9.993055555555555580e-01,3.597500000000000000e+02,1.665222931466421308e-01,9.905647839324671633e-01,2.405511496738656219e-01,9.420301069270619054e-01,2.089518824978823464e+00,-1.663049738858494164e+00,1.890031261495735082e+00,-2.837655116800189337e+00
9.996527777777778345e-01,3.598750000000000000e+02,1.672480227947021059e-01,9.899796713021580263e-01,2.412074876411172686e-01,9.410422460615652795e-01,2.090679197909893094e+00,-1.707095993143489476e+00,1.890474611130430249e+00,-2.852380856735152737e+00
1.000000000000000000e+00,3.600000000000000000e+02,1.679741504021792786e-01,9.893793721445750533e-01,2.418639786963569238e-01,9.400493164791378087e-01,2.091811071223600216e+00,-1.750524135956655236e+00,1.890913048308371369e+00,-2.866850926325384297e+00
