motor_time_fraction,motor_angle_deg,small_fraction_0_1,large_fraction_0_1,dsmall_dt,dlarge_dt
0.000000000000000000e+00,0.000000000000000000e+00,7.999685149111233906e-02,8.760513322244960488e-01,8.970132109559724176e-01,3.801547842912338382e+00
3.472222222222222355e-04,1.250000000000000000e-01,8.030872641493869146e-02,8.773686876988788796e-01,8.993907438992003733e-01,3.786400046021936028e+00
6.944444444444444709e-04,2.500000000000000000e-01,8.062143145483960383e-02,8.786807630910400402e-01,9.017946999733141844e-01,3.771134660153724560e+00
1.041666666666666652e-03,3.750000000000000000e-01,8.093497580665787172e-02,8.799875176664674337e-01,9.042252005826207917e-01,3.755752233540361029e+00
1.388888888888888942e-03,5.000000000000000000e-01,8.124936870798445121e-02,8.812889108821170270e-01,9.066823647889091786e-01,3.740253320800952075e+00
1.736111111111111232e-03,6.250000000000000000e-01,8.156461943734243103e-02,8.825849023886249700e-01,9.091663092977505523e-01,3.724638482908319670e+00
2.083333333333333304e-03,7.500000000000000000e-01,8.188073731336686922e-02,8.838754520325082797e-01,9.116771484449790464e-01,3.708908287155872063e+00
2.430555555555555594e-03,8.750000000000000000e-01,8.219773169397910639e-02,8.851605198583527567e-01,9.142149941833510596e-01,3.693063307124071493e+00
2.777777777777777884e-03,1.000000000000000000e+00,8.251561197555759564e-02,8.864400661109911317e-01,9.167799560693915550e-01,3.677104122646484008e+00
3.125000000000000173e-03,1.125000000000000000e+00,8.283438759210325075e-02,8.877140512376673342e-01,9.193721412504147761e-01,3.661031319775439830e+00
3.472222222222222463e-03,1.250000000000000000e+00,8.315406801440068663e-02,8.889824358901913248e-01,9.219916544517394730e-01,3.644845490747303796e+00
3.819444444444444753e-03,1.375000000000000000e+00,8.347466274917528239e-02,8.902451809270782723e-01,9.246385979640807662e-01,3.628547233947323924e+00
4.166666666666666609e-03,1.500000000000000000e+00,8.379618133824572046e-02,8.915022474156782950e-01,9.273130716311376309e-01,3.612137153874113604e+00
4.513888888888889332e-03,1.625000000000000222e+00,8.411863335767162664e-02,8.927535966342940998e-01,9.300151728373586835e-01,3.595615861103723887e+00
4.861111111111111188e-03,1.750000000000000000e+00,8.444202841689836536e-02,8.939991900742827458e-01,9.327449964959061424e-01,3.578983972253339196e+00
5.208333333333333912e-03,1.875000000000000222e+00,8.476637615789631153e-02,8.952389894421485250e-01,9.355026350368051968e-01,3.562242109944577795e+00
5.555555555555555768e-03,2.000000000000000000e+00,8.509168625429673616e-02,8.964729566616208567e-01,9.382881783952857768e-01,3.545390902766410779e+00
5.902777777777777624e-03,2.125000000000000000e+00,8.541796841052382017e-02,8.977010538757193014e-01,9.411017140003182790e-01,3.528430985237705819e+00
6.250000000000000347e-03,2.250000000000000000e+00,8.574523236092225498e-02,8.989232434488072521e-01,9.439433267633410285e-01,3.511362997769382321e+00
6.597222222222222203e-03,2.375000000000000000e+00,8.607348786888098513e-02,9.001394879686299699e-01,9.468130990671853597e-01,3.494187586626199771e+00
6.944444444444444926e-03,2.500000000000000000e+00,8.640274472595375899e-02,9.013497502483407420e-01,9.497111107551948761e-01,3.476905403888164603e+00
7.291666666666666782e-03,2.625000000000000000e+00,8.673301275097516916e-02,9.025539933285140481e-01,9.526374391205396641e-01,3.459517107411569370e+00
7.638888888888889506e-03,2.750000000000000000e+00,8.706430178917352880e-02,9.037521804791434077e-01,9.555921588957357882e-01,3.442023360789667308e+00
7.986111111111112229e-03,2.875000000000000444e+00,8.739662171127975110e-02,9.049442752016269020e-01,9.585753422423550774e-01,3.424424833312972094e+00
8.333333333333333218e-03,3.000000000000000000e+00,8.772998241263331443e-02,9.061302412307387089e-01,9.615870587409420800e-01,3.406722199929208106e+00
8.680555555555555941e-03,3.125000000000000000e+00,8.806439381228371721e-02,9.073100425365860922e-01,9.646273753811287488e-01,3.388916141202882759e+00
9.027777777777778664e-03,3.250000000000000444e+00,8.839986585208982339e-02,9.084836433265525146e-01,9.676963565519508537e-01,3.371007343274517343e+00
9.374999999999999653e-03,3.375000000000000000e+00,8.873640849581482248e-02,9.096510080472269832e-01,9.707940640323723391e-01,3.352996497819516808e+00
9.722222222222222376e-03,3.500000000000000000e+00,8.907403172821846959e-02,9.108121013863184068e-01,9.739205569820065245e-01,3.334884302006683399e+00
1.006944444444444510e-02,3.625000000000000444e+00,8.941274555414582825e-02,9.119668882745559646e-01,9.770758919320495783e-01,3.316671458456390997e+00
1.041666666666666782e-02,3.750000000000000444e+00,8.975255999761366787e-02,9.131153338875744874e-01,9.802601227764160541e-01,3.298358675198401979e+00
1.076388888888888881e-02,3.875000000000000000e+00,9.009348510089237871e-02,9.142574036477851829e-01,9.834733007630812596e-01,3.279946665629350111e+00
1.111111111111111154e-02,4.000000000000000000e+00,9.043553092358627699e-02,9.153930632262330391e-01,9.867154744856333481e-01,3.261436148469877505e+00
1.145833333333333426e-02,4.125000000000000000e+00,9.077870754171055157e-02,9.165222785444353537e-01,9.899866898750345756e-01,3.242827847721434509e+00
1.180555555555555525e-02,4.250000000000000000e+00,9.112302504676525472e-02,9.176450157762103821e-01,9.932869901915891697e-01,3.224122492622748304e+00
1.215277777777777797e-02,4.375000000000000000e+00,9.146849354480640626e-02,9.187612413494871122e-01,9.966164160171254727e-01,3.205320817605955330e+00
1.250000000000000069e-02,4.500000000000000000e+00,9.181512315551489112e-02,9.198709219481001620e-01,9.999750052473850293e-01,3.186423562252409081e+00
1.284722222222222342e-02,4.625000000000000000e+00,9.216292401126255363e-02,9.209740245135721315e-01,1.003362793084630722e+00,3.167431471248156605e+00
1.319444444444444441e-02,4.750000000000000000e+00,9.251190625617540519e-02,9.220705162468754157e-01,1.006779812030459631e+00,3.148345294339099709e+00
1.354166666666666713e-02,4.875000000000000000e+00,9.286208004519501402e-02,9.231603646101838034e-01,1.010226091878834831e+00,3.129165786285827977e+00
1.388888888888888985e-02,5.000000000000000000e+00,9.321345554313678616e-02,9.242435373286042033e-01,1.013701659709332681e+00,3.109893706818147585e+00
1.423611111111111084e-02,5.125000000000000000e+00,9.356604292374678944e-02,9.253200023918950468e-01,1.017206539880599614e+00,3.090529820589280607e+00
1.458333333333333356e-02,5.250000000000000000e+00,9.391985236875564913e-02,9.263897280561671499e-01,1.020740754024032304e+00,3.071074897129764558e+00
1.493055555555555629e-02,5.375000000000000000e+00,9.427489406693029261e-02,9.274526828455695870e-01,1.024304321037668553e+00,3.051529710801045958e+00
1.527777777777777901e-02,5.500000000000000000e+00,9.463117821312440336e-02,9.285088355539594662e-01,1.027897257080299998e+00,3.031895040748763037e+00
1.562500000000000000e-02,5.625000000000000000e+00,9.498871500732568307e-02,9.295581552465530528e-01,1.031519575565798874e+00,3.012171670855728678e+00
1.597222222222222446e-02,5.750000000000000888e+00,9.534751465370229495e-02,9.306006112615649029e-01,1.035171287157668152e+00,2.992360389694623368e+00
1.631944444444444545e-02,5.875000000000000000e+00,9.570758735964660091e-02,9.316361732118263461e-01,1.038852399763807055e+00,2.972461990480383509e+00
1.666666666666666644e-02,6.000000000000000000e+00,9.606894333481763582e-02,9.326648109863897584e-01,1.042562918531498850e+00,2.952477271022303285e+00
1.701388888888889089e-02,6.125000000000000888e+00,9.643159279018187480e-02,9.336864947521152924e-01,1.046302845842620677e+00,2.932407033675850982e+00
1.736111111111111188e-02,6.250000000000000000e+00,9.679554593705183563e-02,9.347011949552406218e-01,1.050072181309070540e+00,2.912252085294193549e+00
1.770833333333333287e-02,6.375000000000000000e+00,9.716081298612393169e-02,9.357088823229352537e-01,1.053870921768420121e+00,2.892013237179447138e+00
1.805555555555555733e-02,6.500000000000000888e+00,9.752740414651429879e-02,9.367095278648356338e-01,1.057699061279788522e+00,2.871691305033644781e+00
1.840277777777777832e-02,6.625000000000000000e+00,9.789532962479303990e-02,9.377031028745649310e-01,1.061556591119939608e+00,2.851287108909432266e+00
1.874999999999999931e-02,6.750000000000000000e+00,9.826459962401795645e-02,9.386895789312349470e-01,1.065443499779601844e+00,2.830801473160489135e+00
1.909722222222222376e-02,6.875000000000000888e+00,9.863522434276655870e-02,9.396689279009309281e-01,1.069359772960014165e+00,2.810235226391683661e+00
1.944444444444444475e-02,7.000000000000000000e+00,9.900721397416649416e-02,9.406411219381791700e-01,1.073305393569692789e+00,2.789589201408967156e+00
1.979166666666666574e-02,7.125000000000000000e+00,9.938057870492553181e-02,9.416061334873961908e-01,1.077280341721428059e+00,2.768864235168996490e+00
2.013888888888889020e-02,7.250000000000000888e+00,9.975532871436067206e-02,9.425639352843224739e-01,1.081284594729504445e+00,2.748061168728510140e+00
2.048611111111111119e-02,7.375000000000000000e+00,1.001314741734255914e-01,9.435145003574360034e-01,1.085318127107142372e+00,2.727180847193444890e+00
2.083333333333333565e-02,7.500000000000000888e+00,1.005090252437374904e-01,9.444578020293499243e-01,1.089380910564176075e+00,2.706224119667796302e+00
2.118055555555555663e-02,7.625000000000000000e+00,1.008879920766040245e-01,9.453938139181926603e-01,1.093472914004948837e+00,2.685191839202243802e+00
2.152777777777777762e-02,7.750000000000000000e+00,1.012683848120481261e-01,9.463225099389670492e-01,1.097594103526439380e+00,2.664084862742521320e+00
2.187500000000000208e-02,7.875000000000000888e+00,1.016502135778333538e-01,9.472438643048965989e-01,1.101744442416618508e+00,2.642904051077551220e+00
2.222222222222222307e-02,8.000000000000000000e+00,1.020334884884878807e-01,9.481578515287488740e-01,1.105923891153026917e+00,2.621650268787343752e+00
2.256944444444444406e-02,8.125000000000000000e+00,1.024182196443291920e-01,9.490644464241436706e-01,1.110132407401587029e+00,2.600324384190657145e+00
2.291666666666666852e-02,8.250000000000000000e+00,1.028044171304866028e-01,9.499636241068417641e-01,1.114369946015643320e+00,2.578927269292433433e+00
2.326388888888888951e-02,8.375000000000000000e+00,1.031920910159255800e-01,9.508553599960156699e-01,1.118636459035226238e+00,2.557459799731005567e+00
2.361111111111111049e-02,8.500000000000000000e+00,1.035812513524700662e-01,9.517396298155019752e-01,1.122931895686550829e+00,2.535922854725082498e+00
2.395833333333333495e-02,8.625000000000000000e+00,1.039719081738257056e-01,9.526164095950359068e-01,1.127256202381742511e+00,2.514317317020512643e+00
2.430555555555555594e-02,8.750000000000000000e+00,1.043640714946027087e-01,9.534856756714660264e-01,1.131609322718792221e+00,2.492644072836839531e+00
2.465277777777778040e-02,8.875000000000001776e+00,1.047577513093387869e-01,9.543474046899513841e-01,1.135991197481742265e+00,2.470904011813632284e+00
2.500000000000000139e-02,9.000000000000000000e+00,1.051529575915217674e-01,9.552015736051394645e-01,1.140401764641102211e+00,2.449098026956620711e+00
2.534722222222222238e-02,9.125000000000000000e+00,1.055497002926135408e-01,9.560481596823257044e-01,1.144840959354493704e+00,2.427227014583622555e+00
2.569444444444444683e-02,9.250000000000000000e+00,1.059479893410727042e-01,9.568871404985948015e-01,1.149308713967528428e+00,2.405291874270263808e+00
2.604166666666666782e-02,9.375000000000000000e+00,1.063478346413789383e-01,9.577184939439409295e-01,1.153804958014913451e+00,2.383293508795508497e+00
2.638888888888888881e-02,9.500000000000000000e+00,1.067492460730568998e-01,9.585421982223720772e-01,1.158329618221789925e+00,2.361232824086992199e+00
2.673611111111111327e-02,9.625000000000000000e+00,1.071522334897008488e-01,9.593582318529928488e-01,1.162882618505301613e+00,2.339110729166167690e+00
2.708333333333333426e-02,9.750000000000000000e+00,1.075568067180004278e-01,9.601665736710695009e-01,1.167463879976392560e+00,2.316928136093261870e+00
2.743055555555555525e-02,9.875000000000000000e+00,1.079629755567663302e-01,9.609672028290753287e-01,1.172073320941842356e+00,2.294685959912050599e+00
2.777777777777777971e-02,1.000000000000000000e+01,1.083707497759568567e-01,9.617600987977175109e-01,1.176710856906521663e+00,2.272385118594459019e+00
2.812500000000000069e-02,1.012500000000000000e+01,1.087801391157058734e-01,9.625452413669435270e-01,1.181376400575889329e+00,2.250026532984982008e+00
2.847222222222222168e-02,1.025000000000000000e+01,1.091911532853506450e-01,9.633226106469291450e-01,1.186069861858715324e+00,2.227611126744937664e+00
2.881944444444444614e-02,1.037500000000000000e+01,1.096038019624620413e-01,9.640921870690467577e-01,1.190791147870034150e+00,2.205139826296547145e+00
2.916666666666666713e-02,1.050000000000000000e+01,1.100180947918744934e-01,9.648539513868146233e-01,1.195540162934334072e+00,2.182613560766860417e+00
2.951388888888889159e-02,1.062500000000000178e+01,1.104340413847177127e-01,9.656078846768253454e-01,1.200316808588971496e+00,2.160033261931517234e+00
2.986111111111111258e-02,1.075000000000000000e+01,1.108516513174498119e-01,9.663539683396580315e-01,1.205120983587821826e+00,2.137399864158346929e+00
3.020833333333333356e-02,1.087500000000000000e+01,1.112709341308910083e-01,9.670921841007645847e-01,1.209952583905158141e+00,2.114714304350829632e+00
3.055555555555555802e-02,1.100000000000000000e+01,1.116918993292600470e-01,9.678225140113444480e-01,1.214811502739760130e+00,2.091977521891394520e+00
3.090277777777777901e-02,1.112500000000000000e+01,1.121145563792100425e-01,9.685449404491931480e-01,1.219697630519256615e+00,2.069190458584583503e+00
3.125000000000000000e-02,1.125000000000000000e+01,1.125389147088681069e-01,9.692594461195335187e-01,1.224610854904699453e+00,2.046354058600071468e+00
3.159722222222222099e-02,1.137500000000000000e+01,1.129649837068749801e-01,9.699660140558280519e-01,1.229551060795361250e+00,2.023469268415551525e+00
3.194444444444444892e-02,1.150000000000000178e+01,1.133927727214273096e-01,9.706646276205691537e-01,1.234518130333771779e+00,2.000537036759481690e+00
3.229166666666666990e-02,1.162500000000000178e+01,1.138222910593209708e-01,9.713552705060519710e-01,1.239511942910979991e+00,1.977558314553711893e+00
3.263888888888889089e-02,1.175000000000000000e+01,1.142535479849968727e-01,9.720379267351249020e-01,1.244532375172046512e+00,1.954534054855975089e+00
3.298611111111111188e-02,1.187500000000000000e+01,1.146865527195886358e-01,9.727125806619215664e-01,1.249579301021766398e+00,1.931465212802269127e+00
3.333333333333333287e-02,1.200000000000000000e+01,1.151213144399714922e-01,9.733792169725726806e-01,1.254652591630623482e+00,1.908352745549112051e+00
3.368055555555555386e-02,1.212500000000000000e+01,1.155578422778148623e-01,9.740378206858972820e-01,1.259752115440967879e+00,1.885197612215688601e+00
3.402777777777778179e-02,1.225000000000000178e+01,1.159961453186356961e-01,9.746883771540744146e-01,1.264877738173431077e+00,1.862000773825884359e+00
3.437500000000000278e-02,1.237500000000000178e+01,1.164362326008541310e-01,9.753308720632943851e-01,1.270029322833561736e+00,1.838763193250219974e+00
3.472222222222222376e-02,1.250000000000000000e+01,1.168781131148527719e-01,9.759652914343890373e-01,1.275206729718696641e+00,1.815485835147676585e+00
3.506944444444444475e-02,1.262500000000000000e+01,1.173217958020374152e-01,9.765916216234438174e-01,1.280409816425052583e+00,1.792169665907429099e+00
3.541666666666666574e-02,1.275000000000000000e+01,1.177672895538995623e-01,9.772098493223883020e-01,1.285638437855052940e+00,1.768815653590485315e+00
3.576388888888889367e-02,1.287500000000000178e+01,1.182146032110835687e-01,9.778199615595652983e-01,1.290892446224879864e+00,1.745424767871229133e+00
3.611111111111111466e-02,1.300000000000000178e+01,1.186637455624545839e-01,9.784219457002824027e-01,1.296171691072246945e+00,1.721997979978890481e+00
3.645833333333333565e-02,1.312500000000000000e+01,1.191147253441700166e-01,9.790157894473404676e-01,1.301476019264408146e+00,1.698536262638918881e+00
3.680555555555555663e-02,1.325000000000000000e+01,1.195675512387537887e-01,9.796014808415444142e-01,1.306805275006390099e+00,1.675040590014290842e+00
3.715277777777777762e-02,1.337500000000000000e+01,1.200222318741732547e-01,9.801790082621899547e-01,1.312159299849440020e+00,1.651511937646735539e+00
3.749999999999999861e-02,1.350000000000000000e+01,1.204787758229195066e-01,9.807483604275346600e-01,1.317537932699718972e+00,1.627951282397895882e+00
3.784722222222222654e-02,1.362500000000000178e+01,1.209371916010902048e-01,9.813095263952441583e-01,1.322941009827198089e+00,1.604359602390422745e+00
3.819444444444444753e-02,1.375000000000000178e+01,1.213974876674763087e-01,9.818624955628206807e-01,1.328368364874796592e+00,1.580737876949003029e+00
3.854166666666666852e-02,1.387500000000000000e+01,1.218596724226505695e-01,9.824072576680094038e-01,1.333819828867731427e+00,1.557087086541335763e+00
3.888888888888888951e-02,1.400000000000000000e+01,1.223237542080613943e-01,9.829438027891862495e-01,1.339295230223098043e+00,1.533408212719048702e+00
3.923611111111111049e-02,1.412500000000000000e+01,1.227897413051280973e-01,9.834721213457229272e-01,1.344794394759669443e+00,1.509702238058571622e+00
3.958333333333333148e-02,1.425000000000000000e+01,1.232576419343409113e-01,9.839922040983325457e-01,1.350317145707920385e+00,1.485970146101954770e+00
3.993055555555555941e-02,1.437500000000000178e+01,1.237274642543639419e-01,9.845040421493959082e-01,1.355863303720269863e+00,1.462212921297654011e+00
4.027777777777778040e-02,1.450000000000000178e+01,1.241992163611414651e-01,9.850076269432640474e-01,1.361432686881545617e+00,1.438431548941274674e+00
4.062500000000000139e-02,1.462500000000000000e+01,1.246729062870086807e-01,9.855029502665435537e-01,1.367025110719672920e+00,1.414627015116276310e+00
4.097222222222222238e-02,1.475000000000000000e+01,1.251485419998058513e-01,9.859900042483589200e-01,1.372640388216576079e+00,1.390800306634656813e+00
4.131944444444444337e-02,1.487500000000000000e+01,1.256261314019959385e-01,9.864687813605957922e-01,1.378278329819305092e+00,1.366952410977602339e+00
4.166666666666667129e-02,1.500000000000000178e+01,1.261056823297861118e-01,9.869392744181231247e-01,1.383938743451377018e+00,1.343084316236123232e+00
4.201388888888889228e-02,1.512500000000000178e+01,1.265872025522542244e-01,9.874014765789936865e-01,1.389621434524335397e+00,1.319197011051662871e+00
4.236111111111111327e-02,1.525000000000000000e+01,1.270706997704783292e-01,9.878553813446261378e-01,1.395326205949529497e+00,1.295291484556698958e+00
4.270833333333333426e-02,1.537500000000000000e+01,1.275561816166704554e-01,9.883009825599637921e-01,1.401052858150106495e+00,1.271368726315332820e+00
4.305555555555555525e-02,1.550000000000000000e+01,1.280436556533146863e-01,9.887382744136157253e-01,1.406801189073219938e+00,1.247429726263873606e+00
4.340277777777777624e-02,1.562500000000000000e+01,1.285331293723100676e-01,9.891672514379746817e-01,1.412570994202453800e+00,1.223475474651418704e+00
4.375000000000000416e-02,1.575000000000000178e+01,1.290246101941173174e-01,9.895879085093153282e-01,1.418362066570459490e+00,1.199506961980435937e+00
4.409722222222222515e-02,1.587500000000000178e+01,1.295181054669092280e-01,9.900002408478723037e-01,1.424174196771805567e+00,1.175525178947356642e+00
4.444444444444444614e-02,1.600000000000000000e+01,1.300136224657276740e-01,9.904042440178973949e-01,1.430007172976044183e+00,1.151531116383172071e+00
4.479166666666666713e-02,1.612500000000000000e+01,1.305111683916427567e-01,9.907999139276956191e-01,1.435860780940980908e+00,1.127525765194047569e+00
4.513888888888888812e-02,1.625000000000000000e+01,1.310107503709181109e-01,9.911872468296408778e-01,1.441734804026162831e+00,1.103510116301954280e+00
4.548611111111111605e-02,1.637500000000000000e+01,1.315123754541811241e-01,9.915662393201714053e-01,1.447629023206570054e+00,1.079485160585322401e+00
4.583333333333333703e-02,1.650000000000000000e+01,1.320160506155960978e-01,9.919368883397644554e-01,1.453543217086523009e+00,1.055451888819721074e+00
4.618055555555555802e-02,1.662500000000000000e+01,1.325217827520450975e-01,9.922991911728900050e-01,1.459477161913791843e+00,1.031411291618566928e+00
4.652777777777777901e-02,1.675000000000000000e+01,1.330295786823106063e-01,9.926531454479449179e-01,1.465430631593915622e+00,1.007364359373866813e+00
4.687500000000000000e-02,1.687500000000000000e+01,1.335394451462662280e-01,9.929987491371634611e-01,1.471403397704724725e+00,9.833120821970011693e-01
4.722222222222222099e-02,1.700000000000000000e+01,1.340513888040698598e-01,9.933360005565136097e-01,1.477395229511074604e+00,9.592554498595446955e-01
4.756944444444444892e-02,1.712500000000000000e+01,1.345654162353640271e-01,9.936648983655645972e-01,1.483405893979775625e+00,9.351954517341360962e-01
4.791666666666666990e-02,1.725000000000000000e+01,1.350815339384797698e-01,9.939854415673408106e-01,1.489435155794733623e+00,9.111330767353977844e-01
4.826388888888889089e-02,1.737500000000000000e+01,1.355997483296471628e-01,9.942976295081521476e-01,1.495482777372285632e+00,8.870693132609079878e-01
4.861111111111111188e-02,1.750000000000000000e+01,1.361200657422106108e-01,9.946014618774025040e-01,1.501548518876743454e+00,8.630051491322291435e-01
4.895833333333333287e-02,1.762500000000000000e+01,1.366424924258496376e-01,9.948969387073821613e-01,1.507632138236131736e+00,8.389415715360016845e-01
4.930555555555556080e-02,1.775000000000000355e+01,1.371670345458047280e-01,9.951840603730351953e-01,1.513733391158130104e+00,8.148795669651022200e-01
4.965277777777778179e-02,1.787500000000000000e+01,1.376936981821097472e-01,9.954628275917090097e-01,1.519852031146206706e+00,7.908201211598696601e-01
5.000000000000000278e-02,1.800000000000000000e+01,1.382224893288291900e-01,9.957332414228827755e-01,1.525987809515956251e+00,7.667642190494055043e-01
5.034722222222222376e-02,1.812500000000000000e+01,1.387534138933011751e-01,9.959953032678758866e-01,1.532140475411627678e+00,7.427128446929517347e-01
5.069444444444444475e-02,1.825000000000000000e+01,1.392864776953866013e-01,9.962490148695352099e-01,1.538309775822851666e+00,7.186669812213538622e-01
5.104166666666666574e-02,1.837500000000000000e+01,1.398216864667242709e-01,9.964943783119025733e-01,1.544495455601553546e+00,6.946276107785998022e-01
5.138888888888889367e-02,1.850000000000000000e+01,1.403590458499906213e-01,9.967313960198632694e-01,1.550697257479070057e+00,6.705957144634591138e-01
5.173611111111111466e-02,1.862500000000000000e+01,1.408985613981676155e-01,9.969600707587710220e-01,1.556914922083448394e+00,6.465722722712078374e-01
5.208333333333333565e-02,1.875000000000000000e+01,1.414402385738145196e-01,9.971804056340559663e-01,1.563148187956936663e+00,6.225582630354531410e-01
5.243055555555555663e-02,1.887500000000000000e+01,1.419840827483474233e-01,9.973924040908110911e-01,1.569396791573665517e+00,5.985546643700565550e-01
5.277777777777777762e-02,1.900000000000000000e+01,1.425300992013234236e-01,9.975960699133581411e-01,1.575660467357518080e+00,5.745624526111661190e-01
5.312499999999999861e-02,1.912500000000000000e+01,1.430782931197328578e-01,9.977914072247948685e-01,1.581938947700178844e+00,5.505826027593545557e-01
5.347222222222222654e-02,1.925000000000000000e+01,1.436286695972961158e-01,9.979784204865199682e-01,1.588231962979381517e+00,5.266160884218665794e-01
5.381944444444444753e-02,1.937500000000000000e+01,1.441812336337677247e-01,9.981571144977406940e-01,1.594539241577322297e+00,5.026638817549925475e-01
5.416666666666666852e-02,1.950000000000000000e+01,1.447359901342467059e-01,9.983274943949576041e-01,1.600860509899275641e+00,4.787269534065481391e-01
5.451388888888888951e-02,1.962500000000000000e+01,1.452929439084935381e-01,9.984895656514320983e-01,1.607195492392372582e+00,4.548062724584922001e-01
5.486111111111111049e-02,1.975000000000000000e+01,1.458520996702533656e-01,9.986433340766319722e-01,1.613543911564573774e+00,4.309028063696617727e-01
5.520833333333333842e-02,1.987500000000000355e+01,1.464134620365859230e-01,9.987888058156584314e-01,1.619905488003811733e+00,4.070175209186440157e-01
5.555555555555555941e-02,2.000000000000000000e+01,1.469770355272024820e-01,9.989259873486516783e-01,1.626279940397314716e+00,3.831513801467842928e-01
5.590277777777778040e-02,2.012500000000000000e+01,1.475428245638088498e-01,9.990548854901800668e-01,1.632666985551103567e+00,3.593053463013294313e-01
5.625000000000000139e-02,2.025000000000000000e+01,1.481108334694561934e-01,9.991755073886049443e-01,1.639066338409667090e+00,3.354803797787157538e-01
5.659722222222222238e-02,2.037500000000000000e+01,1.486810664678975547e-01,9.992878605254290614e-01,1.645477712075807286e+00,3.116774390680065454e-01
5.694444444444444337e-02,2.050000000000000000e+01,1.492535276829519975e-01,9.993919527146247761e-01,1.651900817830656232e+00,2.878974806944767928e-01
5.729166666666667129e-02,2.062500000000000000e+01,1.498282211378757778e-01,9.994877921019424960e-01,1.658335365153865260e+00,2.641414591633526321e-01
5.763888888888889228e-02,2.075000000000000000e+01,1.504051507547400079e-01,9.995753871641991362e-01,1.664781061743962232e+00,2.404103269037121127e-01
5.798611111111111327e-02,2.087500000000000000e+01,1.509843203538163703e-01,9.996547467085472594e-01,1.671237613538873346e+00,2.167050342125410034e-01
5.833333333333333426e-02,2.100000000000000000e+01,1.515657336529684651e-01,9.997258798717254535e-01,1.677704724736617470e+00,1.930265291989610721e-01
5.868055555555555525e-02,2.112500000000000000e+01,1.521493942670522903e-01,9.997887961192895023e-01,1.684182097816157686e+00,1.693757577286242322e-01
5.902777777777778317e-02,2.125000000000000355e+01,1.527353057073220777e-01,9.998435052448229055e-01,1.690669433558419810e+00,1.457536633682791072e-01
5.937500000000000416e-02,2.137500000000000000e+01,1.533234713808453442e-01,9.998900173691289694e-01,1.697166431067472114e+00,1.221611873305157442e-01
5.972222222222222515e-02,2.150000000000000000e+01,1.539138945899233835e-01,9.999283429394050238e-01,1.703672787791864041e+00,9.859926841868868475e-02
6.006944444444444614e-02,2.162500000000000000e+01,1.545065785315206108e-01,9.999584927283952096e-01,1.710188199546122778e+00,7.506884297202683076e-02
6.041666666666666713e-02,2.175000000000000000e+01,1.551015262967013475e-01,9.999804778335258382e-01,1.716712360532410164e+00,5.157084481092440859e-02
6.076388888888888812e-02,2.187500000000000000e+01,1.556987408700727660e-01,9.999943096760208761e-01,1.723244963362329463e+00,2.810620518243285570e-02
6.111111111111111605e-02,2.200000000000000000e+01,1.562982251292374392e-01,1.000000000000000000e+00,1.729785699078891792e+00,4.675852705937717443e-03
6.145833333333333703e-02,2.212500000000000000e+01,1.568999818442518290e-01,9.999975608715553355e-01,1.736334257178626217e+00,-1.871928668095940856e-02
6.180555555555555802e-02,2.225000000000000000e+01,1.575040136770936294e-01,9.999870046778123189e-01,1.742890325633853488e+00,-4.207828977636185463e-02
6.215277777777777901e-02,2.237500000000000000e+01,1.581103231811359089e-01,9.999683441259697991e-01,1.749453590915094781e+00,-6.540023616779082338e-02
6.250000000000000000e-02,2.250000000000000000e+01,1.587189128006302741e-01,9.999415922423219305e-01,1.756023738013637647e+00,-8.868420828568987502e-02
6.284722222222222099e-02,2.262500000000000000e+01,1.593297848701963337e-01,9.999067623712626363e-01,1.762600450464240742e+00,-1.119292914567158598e-01
6.319444444444444198e-02,2.275000000000000000e+01,1.599429416143207383e-01,9.998638681742699763e-01,1.769183410367988651e+00,-1.351345739568175497e-01
6.354166666666666297e-02,2.287500000000000000e+01,1.605583851468627421e-01,9.998129236288729738e-01,1.775772298415285277e+00,-1.582991470640904008e-01
6.388888888888889783e-02,2.300000000000000355e+01,1.611761174705688970e-01,9.997539430276006778e-01,1.782366793908988223e+00,-1.814221051114134342e-01
6.423611111111111882e-02,2.312500000000000355e+01,1.617961404765946298e-01,9.996869409769120196e-01,1.788966574787683728e+00,-2.045025455388501667e-01
6.458333333333333981e-02,2.325000000000000355e+01,1.624184559440355891e-01,9.996119323961070169e-01,1.795571317649095056e+00,-2.275395689458344639e-01
6.493055555555556080e-02,2.337500000000000355e+01,1.630430655394651263e-01,9.995289325162225458e-01,1.802180697773634543e+00,-2.505322791431111029e-01
6.527777777777778179e-02,2.350000000000000000e+01,1.636699708164816580e-01,9.994379568789065749e-01,1.808794389148078885e+00,-2.734797832044414956e-01
6.562500000000000278e-02,2.362500000000000000e+01,1.642991732152634110e-01,9.993390213352772999e-01,1.815412064489385191e+00,-2.963811915180760148e-01
6.597222222222222376e-02,2.375000000000000000e+01,1.649306740621315770e-01,9.992321420447629610e-01,1.822033395268630729e+00,-3.192356178379745502e-01
6.631944444444444475e-02,2.387500000000000000e+01,1.655644745691220165e-01,9.991173354739244505e-01,1.828658051735089662e+00,-3.420421793347858674e-01
6.666666666666666574e-02,2.400000000000000000e+01,1.662005758335653727e-01,9.989946183952599368e-01,1.835285702940425479e+00,-3.647999966465754751e-01
6.701388888888888673e-02,2.412500000000000000e+01,1.668389788376750393e-01,9.988640078859926108e-01,1.841916016763018193e+00,-3.875081939292980282e-01
6.736111111111110772e-02,2.425000000000000000e+01,1.674796844481443447e-01,9.987255213268397824e-01,1.848548659932409466e+00,-4.101658989070154360e-01
6.770833333333334259e-02,2.437500000000000355e+01,1.681226934157518393e-01,9.985791764007659888e-01,1.855183298053873164e+00,-4.327722429218570643e-01
6.805555555555556357e-02,2.450000000000000355e+01,1.687680063749750214e-01,9.984249910917177839e-01,1.861819595633097180e+00,-4.553263609837064352e-01
6.840277777777778456e-02,2.462500000000000355e+01,1.694156238436131667e-01,9.982629836833412096e-01,1.868457216100996909e+00,-4.778273918196374592e-01
6.875000000000000555e-02,2.475000000000000355e+01,1.700655462224182901e-01,9.980931727576831669e-01,1.875095821838627330e+00,-5.002744779230673400e-01
6.909722222222222654e-02,2.487500000000000000e+01,1.707177737947347673e-01,9.979155771938752473e-01,1.881735074202227853e+00,-5.226667656026419140e-01
6.944444444444444753e-02,2.500000000000000000e+01,1.713723067261483657e-01,9.977302161667994662e-01,1.888374633548361992e+00,-5.450034050308467659e-01
6.979166666666666852e-02,2.512500000000000000e+01,1.720291450641430187e-01,9.975371091457403416e-01,1.895014159259181152e+00,-5.672835502923344597e-01
7.013888888888888951e-02,2.525000000000000000e+01,1.726882887377668985e-01,9.973362758930151006e-01,1.901653309767787015e+00,-5.895063594319717160e-01
7.048611111111111049e-02,2.537500000000000000e+01,1.733497375573077592e-01,9.971277364625934503e-01,1.908291742583704487e+00,-6.116709945026042039e-01
7.083333333333333148e-02,2.550000000000000000e+01,1.740134912139763568e-01,9.969115111986959210e-01,1.914929114318463910e+00,-6.337766216125263474e-01
7.118055555555555247e-02,2.562500000000000000e+01,1.746795492795991112e-01,9.966876207343774441e-01,1.921565080711277629e+00,-6.558224109726651374e-01
7.152777777777778734e-02,2.575000000000000355e+01,1.753479112063196232e-01,9.964560859900956080e-01,1.928199296654820039e+00,-6.778075369434644060e-01
7.187500000000000833e-02,2.587500000000000355e+01,1.760185763263096281e-01,9.962169281722610403e-01,1.934831416221110656e+00,-6.997311780814750026e-01
7.222222222222222932e-02,2.600000000000000355e+01,1.766915438514877479e-01,9.959701687717724683e-01,1.941461092687490675e+00,-7.215925171856437670e-01
7.256944444444445030e-02,2.612500000000000355e+01,1.773668128732492077e-01,9.957158295625360145e-01,1.948087978562694333e+00,-7.433907413432984113e-01
7.291666666666667129e-02,2.625000000000000000e+01,1.780443823622024913e-01,9.954539325999680610e-01,1.954711725613012430e+00,-7.651250419758215404e-01
7.326388888888889228e-02,2.637500000000000000e+01,1.787242511679165702e-01,9.951845002194825707e-01,1.961331984888553537e+00,-7.867946148840238019e-01
7.361111111111111327e-02,2.650000000000000000e+01,1.794064180186769331e-01,9.949075550349617547e-01,1.967948406749582713e+00,-8.083986602931946264e-01
7.395833333333333426e-02,2.662500000000000000e+01,1.800908815212499681e-01,9.946231199372136400e-01,1.974560640892960794e+00,-8.299363828978457702e-01
7.430555555555555525e-02,2.675000000000000000e+01,1.807776401606583927e-01,9.943312180924108734e-01,1.981168336378655859e+00,-8.514069919061294511e-01
7.465277777777777624e-02,2.687500000000000000e+01,1.814666922999633447e-01,9.940318729405175358e-01,1.987771141656348162e+00,-8.728097010839428460e-01
7.499999999999999722e-02,2.700000000000000000e+01,1.821580361800582970e-01,9.937251081936973041e-01,1.994368704592110797e+00,-8.941437287987007432e-01
7.534722222222221821e-02,2.712500000000000000e+01,1.828516699194700224e-01,9.934109478347090683e-01,2.000960672495168069e+00,-9.154082980627863408e-01
7.569444444444445308e-02,2.725000000000000355e+01,1.835475915141710213e-01,9.930894161152865607e-01,2.007546692144739797e+00,-9.366026365766729755e-01
7.604166666666667407e-02,2.737500000000000355e+01,1.842457988373991107e-01,9.927605375545026645e-01,2.014126409816946683e+00,-9.577259767717060113e-01
7.638888888888889506e-02,2.750000000000000355e+01,1.849462896394880873e-01,9.924243369371203993e-01,2.020699471311803386e+00,-9.787775558525627639e-01
7.673611111111111605e-02,2.762500000000000000e+01,1.856490615477068840e-01,9.920808393119263657e-01,2.027265521980271767e+00,-9.997566158393612623e-01
7.708333333333333703e-02,2.775000000000000000e+01,1.863541120661081629e-01,9.917300699900537531e-01,2.033824206751385422e+00,-1.020662403609436275e+00
7.743055555555555802e-02,2.787500000000000000e+01,1.870614385753871234e-01,9.913720545432863629e-01,2.040375170159446583e+00,-1.041494170938771724e+00
7.777777777777777901e-02,2.800000000000000000e+01,1.877710383327484134e-01,9.910068188023520852e-01,2.046918056371283434e+00,-1.062251174543083154e+00
7.812500000000000000e-02,2.812500000000000000e+01,1.884829084717839220e-01,9.906343888552002763e-01,2.053452509213565591e+00,-1.082932676118554483e+00
7.847222222222222099e-02,2.825000000000000000e+01,1.891970460023590095e-01,9.902547910452652591e-01,2.059978172200190638e+00,-1.103537942382226689e+00
7.881944444444444198e-02,2.837500000000000000e+01,1.899134478105087842e-01,9.898680519697153901e-01,2.066494688559719517e+00,-1.124066245112028017e+00
7.916666666666666297e-02,2.850000000000000000e+01,1.906321106583439007e-01,9.894741984776904697e-01,2.073001701262875862e+00,-1.144516861186448908e+00
7.951388888888889783e-02,2.862500000000000355e+01,1.913530311839657383e-01,9.890732576685223876e-01,2.079498853050092855e+00,-1.164889072623862987e+00
7.986111111111111882e-02,2.875000000000000355e+01,1.920762059013911560e-01,9.886652568899439997e-01,2.085985786459119584e+00,-1.185182166621478350e+00
8.020833333333333981e-02,2.887500000000000355e+01,1.928016312004870447e-01,9.882502237362851272e-01,2.092462143852668266e+00,-1.205395435593937137e+00
8.055555555555556080e-02,2.900000000000000355e+01,1.935293033469143442e-01,9.878281860466532338e-01,2.098927567446120523e+00,-1.225528177211538061e+00
8.090277777777778179e-02,2.912500000000000000e+01,1.942592184820813861e-01,9.873991719031022241e-01,2.105381699335268753e+00,-1.245579694438096574e+00
8.125000000000000278e-02,2.925000000000000000e+01,1.949913726231079503e-01,9.869632096287882517e-01,2.111824181524112110e+00,-1.265549295568433763e+00
8.159722222222222376e-02,2.937500000000000000e+01,1.957257616627973429e-01,9.865203277861119835e-01,2.118254655952682253e+00,-1.285436294265490886e+00
8.194444444444444475e-02,2.950000000000000000e+01,1.964623813696195487e-01,9.860705551748478737e-01,2.124672764524916602e+00,-1.305240009597067763e+00
8.229166666666666574e-02,2.962500000000000000e+01,1.972012273877034039e-01,9.856139208302620025e-01,2.131078149136570676e+00,-1.324959766072188794e+00
8.263888888888888673e-02,2.975000000000000000e+01,1.979422952368385946e-01,9.851504540212160377e-01,2.137470451703156638e+00,-1.344594893677079073e+00
8.298611111111110772e-02,2.987500000000000000e+01,1.986855803124874531e-01,9.846801842482588718e-01,2.143849314187921351e+00,-1.364144727910771460e+00
8.333333333333334259e-02,3.000000000000000355e+01,1.994310778858063571e-01,9.842031412417072689e-01,2.150214378629856871e+00,-1.383608609820318636e+00
8.368055555555556357e-02,3.012500000000000355e+01,2.001787831036766774e-01,9.837193549597125219e-01,2.156565287171733125e+00,-1.402985886035620577e+00
8.402777777777778456e-02,3.025000000000000355e+01,2.009286909887461059e-01,9.832288555863163415e-01,2.162901682088163469e+00,-1.422275908803869449e+00
8.437500000000000555e-02,3.037500000000000355e+01,2.016807964394789765e-01,9.827316735294943095e-01,2.169223205813690214e+00,-1.441478036023597031e+00
8.472222222222222654e-02,3.050000000000000000e+01,2.024350942302167444e-01,9.822278394191882311e-01,2.175529500970894592e+00,-1.460591631278332247e+00
8.506944444444444753e-02,3.062500000000000000e+01,2.031915790112483744e-01,9.817173841053258299e-01,2.181820210398527582e+00,-1.479616063869863440e+00
8.541666666666666852e-02,3.075000000000000000e+01,2.039502453088898881e-01,9.812003386558300067e-01,2.188094977179654066e+00,-1.498550708851101199e+00
8.576388888888888951e-02,3.087500000000000000e+01,2.047110875255744311e-01,9.806767343546154425e-01,2.194353444669817854e+00,-1.517394947058547272e+00
8.611111111111111049e-02,3.100000000000000000e+01,2.054740999399515544e-01,9.801466026995759862e-01,2.200595256525220034e+00,-1.536148165144357813e+00
8.645833333333333148e-02,3.112500000000000000e+01,2.062392767069968214e-01,9.796099754005589411e-01,2.206820056730900870e+00,-1.554809755608006938e+00
8.680555555555555247e-02,3.125000000000000000e+01,2.070066118581304071e-01,9.790668843773296937e-01,2.213027489628942579e+00,-1.573379116827542168e+00
8.715277777777778734e-02,3.137500000000000355e+01,2.077760993013463287e-01,9.785173617575252392e-01,2.219217199946671659e+00,-1.591855653090437084e+00
8.750000000000000833e-02,3.150000000000000355e+01,2.085477328213510007e-01,9.779614398745966053e-01,2.225388832824862551e+00,-1.610238774624028979e+00
8.784722222222222932e-02,3.162500000000000355e+01,2.093215060797116722e-01,9.773991512657415059e-01,2.231542033845955508e+00,-1.628527897625556831e+00
8.819444444444445030e-02,3.175000000000000355e+01,2.100974126150146892e-01,9.768305286698261147e-01,2.237676449062260264e+00,-1.646722444291774057e+00
8.854166666666667129e-02,3.187500000000000000e+01,2.108754458430335821e-01,9.762556050252972906e-01,2.243791725024173456e+00,-1.664821842848158706e+00
8.888888888888889228e-02,3.200000000000000000e+01,2.116555990569068679e-01,9.756744134680832570e-01,2.249887508808376957e+00,-1.682825527577699543e+00
8.923611111111111327e-02,3.212500000000000000e+01,2.124378654273257061e-01,9.750869873294863988e-01,2.255963448046039765e+00,-1.700732938849269571e+00
8.958333333333333426e-02,3.225000000000000000e+01,2.132222380027313513e-01,9.744933601340651785e-01,2.262019190951009229e+00,-1.718543523145578344e+00
8.993055555555555525e-02,3.237500000000000000e+01,2.140087097095221269e-01,9.738935655975051731e-01,2.268054386347984508e+00,-1.736256733090704385e+00
9.027777777777777624e-02,3.250000000000000000e+01,2.147972733522708344e-01,9.732876376244842254e-01,2.274068683700693594e+00,-1.753872027477203499e+00
9.062499999999999722e-02,3.262500000000000000e+01,2.155879216139512389e-01,9.726756103065232750e-01,2.280061733140033464e+00,-1.771388871292794986e+00
9.097222222222223209e-02,3.275000000000000000e+01,2.163806470561746575e-01,9.720575179198330806e-01,2.286033185492212905e+00,-1.788806735746622856e+00
9.131944444444445308e-02,3.287500000000000000e+01,2.171754421194362905e-01,9.714333949231476195e-01,2.291982692306862024e+00,-1.806125098295086051e+00
9.166666666666667407e-02,3.300000000000000000e+01,2.179722991233712936e-01,9.708032759555523805e-01,2.297909905885126225e+00,-1.823343442667243020e+00
9.201388888888889506e-02,3.312500000000000000e+01,2.187712102670205383e-01,9.701671958343001112e-01,2.303814479307735752e+00,-1.840461258889789065e+00
9.236111111111111605e-02,3.325000000000000000e+01,2.195721676291063351e-01,9.695251895526211250e-01,2.309696066463046815e+00,-1.857478043311593829e+00
9.270833333333333703e-02,3.337500000000000000e+01,2.203751631683176226e-01,9.688772922775232832e-01,2.315554322075056959e+00,-1.874393298627814453e+00
9.305555555555555802e-02,3.350000000000000000e+01,2.211801887236046482e-01,9.682235393475849827e-01,2.321388901731385346e+00,-1.891206533903568410e+00
9.340277777777777901e-02,3.362500000000000000e+01,2.219872360144843904e-01,9.675639662707380406e-01,2.327199461911229506e+00,-1.907917264597175144e+00
9.375000000000000000e-02,3.375000000000000000e+01,2.227962966413543910e-01,9.668986087220454717e-01,2.332985660013272788e+00,-1.924525012582956718e+00
9.409722222222222099e-02,3.387500000000000000e+01,2.236073620858172184e-01,9.662275025414687191e-01,2.338747154383571392e+00,-1.941029306173602809e+00
9.444444444444444198e-02,3.400000000000000000e+01,2.244204237110138112e-01,9.655506837316283342e-01,2.344483604343383654e+00,-1.957429680142094952e+00
9.479166666666667684e-02,3.412500000000000711e+01,2.252354727619675923e-01,9.648681884555578847e-01,2.350194670216974036e+00,-1.973725675743192021e+00
9.513888888888889783e-02,3.425000000000000000e+01,2.260525003659369092e-01,9.641800530344486475e-01,2.355880013359365588e+00,-1.989916840734469394e+00
9.548611111111111882e-02,3.437500000000000000e+01,2.268714975327780770e-01,9.634863139453888614e-01,2.361539296184043568e+00,-2.006002729396921147e+00
9.583333333333333981e-02,3.450000000000000000e+01,2.276924551553176079e-01,9.627870078190946534e-01,2.367172182190614649e+00,-2.021982902555110151e+00
9.618055555555556080e-02,3.462500000000000000e+01,2.285153640097342398e-01,9.620821714376349698e-01,2.372778335992422605e+00,-2.037856927596882972e+00
9.652777777777778179e-02,3.475000000000000000e+01,2.293402147559501503e-01,9.613718417321485132e-01,2.378357423344091170e+00,-2.053624378492628022e+00
9.687500000000000278e-02,3.487500000000000000e+01,2.301669979380325526e-01,9.606560557805559064e-01,2.383909111169036255e+00,-2.069284835814095391e+00
9.722222222222222376e-02,3.500000000000000000e+01,2.309957039846037008e-01,9.599348508052641948e-01,2.389433067586904436e+00,-2.084837886752758163e+00
9.756944444444444475e-02,3.512500000000000000e+01,2.318263232092612203e-01,9.592082641708638002e-01,2.394928961940956835e+00,-2.100283125137736739e+00
9.791666666666666574e-02,3.525000000000000000e+01,2.326588458110080138e-01,9.584763333818226982e-01,2.400396464825392151e+00,-2.115620151453260878e+00
9.826388888888888673e-02,3.537500000000000000e+01,2.334932618746908273e-01,9.577390960801712705e-01,2.405835248112609737e+00,-2.130848572855688072e+00
9.861111111111112160e-02,3.550000000000000711e+01,2.343295613714492520e-01,9.569965900431834926e-01,2.411244984980396744e+00,-2.145968003190068973e+00
9.895833333333334259e-02,3.562500000000000000e+01,2.351677341591732473e-01,9.562488531810511283e-01,2.416625349939060641e+00,-2.160978063006253613e+00
9.930555555555556357e-02,3.575000000000000000e+01,2.360077699829710440e-01,9.554959235345532598e-01,2.421976018858477353e+00,-2.175878379574555765e+00
9.965277777777778456e-02,3.587500000000000000e+01,2.368496584756455692e-01,9.547378392727199348e-01,2.427296668995079898e+00,-2.190668586900951009e+00
1.000000000000000056e-01,3.600000000000000000e+01,2.376933891581805569e-01,9.539746386904914832e-01,2.432586979018763085e+00,-2.205348325741824045e+00
1.003472222222222265e-01,3.612500000000000000e+01,2.385389514402359579e-01,9.532063602063706176e-01,2.437846629039718049e+00,-2.219917243618262592e+00
1.006944444444444475e-01,3.625000000000000000e+01,2.393863346206530629e-01,9.524330423600725348e-01,2.443075300635182412e+00,-2.234374994829892547e+00
1.010416666666666685e-01,3.637500000000000000e+01,2.402355278879681477e-01,9.516547238101692452e-01,2.448272676876114051e+00,-2.248721240468254390e+00
1.013888888888888895e-01,3.650000000000000000e+01,2.410865203209357210e-01,9.508714433317271286e-01,2.453438442353779170e+00,-2.262955648429719968e+00
1.017361111111111105e-01,3.662500000000000000e+01,2.419393008890612928e-01,9.500832398139438251e-01,2.458572283206255982e+00,-2.277077893427961630e+00
1.020833333333333315e-01,3.675000000000000000e+01,2.427938584531428856e-01,9.492901522577780193e-01,2.463673887144850472e+00,-2.291087657005948408e+00
1.024305555555555663e-01,3.687500000000000711e+01,2.436501817658219549e-01,9.484922197735767835e-01,2.468742943480422003e+00,-2.304984627547490117e+00
1.027777777777777873e-01,3.700000000000000000e+01,2.445082594721430524e-01,9.476894815786975901e-01,2.473779143149619220e+00,-2.318768500288318712e+00
1.031250000000000083e-01,3.712500000000000000e+01,2.453680801101233711e-01,9.468819769951278831e-01,2.478782178741023579e+00,-2.332438977326715346e+00
1.034722222222222293e-01,3.725000000000000000e+01,2.462296321113303654e-01,9.460697454471003187e-01,2.483751744521186744e+00,-2.345995767633668017e+00
1.038194444444444503e-01,3.737500000000000000e+01,2.470929038014693102e-01,9.452528264587048978e-01,2.488687536460584049e+00,-2.359438587062569592e+00
1.041666666666666713e-01,3.750000000000000000e+01,2.479578834009790456e-01,9.444312596514971014e-01,2.493589252259461375e+00,-2.372767158358461970e+00
1.045138888888888923e-01,3.762500000000000000e+01,2.488245590256373541e-01,9.436050847421039167e-01,2.498456591373575009e+00,-2.385981211166808613e+00
1.048611111111111133e-01,3.775000000000000000e+01,2.496929186871749973e-01,9.427743415398263105e-01,2.503289255039835570e+00,-2.399080482041809237e+00
1.052083333333333343e-01,3.787500000000000000e+01,2.505629502938982456e-01,9.419390699442384829e-01,2.508086946301840037e+00,-2.412064714454255299e+00
1.055555555555555552e-01,3.800000000000000000e+01,2.514346416513209004e-01,9.410993099427860109e-01,2.512849370035298069e+00,-2.424933658798912983e+00
1.059027777777777762e-01,3.812500000000000000e+01,2.523079804628048373e-01,9.402551016083795510e-01,2.517576232973342876e+00,-2.437687072401454103e+00
1.062499999999999972e-01,3.825000000000000000e+01,2.531829543302093199e-01,9.394064850969876534e-01,2.522267243731739494e+00,-2.450324719524918482e+00
1.065972222222222321e-01,3.837500000000000000e+01,2.540595507545491127e-01,9.385535006452262463e-01,2.526922112833966505e+00,-2.462846371375714938e+00
1.069444444444444531e-01,3.850000000000000000e+01,2.549377571366606143e-01,9.376961885679477859e-01,2.531540552736186278e+00,-2.475251806109152852e+00
1.072916666666666741e-01,3.862500000000000000e+01,2.558175607778783167e-01,9.368345892558264110e-01,2.536122277852101092e+00,-2.487540808834524331e+00
1.076388888888888951e-01,3.875000000000000000e+01,2.566989488807179809e-01,9.359687431729436513e-01,2.540667004577678245e+00,-2.499713171619707186e+00
1.079861111111111160e-01,3.887500000000000000e+01,2.575819085495694161e-01,9.350986908543709175e-01,2.545174451315760145e+00,-2.511768693495316285e+00
1.083333333333333370e-01,3.900000000000000000e+01,2.584664267913976965e-01,9.342244729037506579e-01,2.549644338500547835e+00,-2.523707180458383270e+00
1.086805555555555580e-01,3.912500000000000000e+01,2.593524905164525940e-01,9.333461299908785147e-01,2.554076388621952631e+00,-2.535528445475581094e+00
1.090277777777777790e-01,3.925000000000000000e+01,2.602400865389865592e-01,9.324637028492813728e-01,2.558470326249828730e+00,-2.547232308485979591e+00
1.093750000000000000e-01,3.937500000000000000e+01,2.611292015779813069e-01,9.315772322737965183e-01,2.562825878058064166e+00,-2.558818596403338308e+00
1.097222222222222210e-01,3.950000000000000000e+01,2.620198222578822289e-01,9.306867591181489097e-01,2.567142772848543419e+00,-2.570287143117941042e+00
1.100694444444444420e-01,3.962500000000000000e+01,2.629119351093417434e-01,9.297923242925303366e-01,2.571420741574978130e+00,-2.581637789497962299e+00
1.104166666666666768e-01,3.975000000000000711e+01,2.638055265699704721e-01,9.288939687611735829e-01,2.575659517366597484e+00,-2.592870383390377231e+00
1.107638888888888978e-01,3.987500000000000000e+01,2.647005829850962999e-01,9.279917335399320288e-01,2.579858835551695595e+00,-2.603984779621401291e+00
1.111111111111111188e-01,4.000000000000000000e+01,2.655970906085328709e-01,9.270856596938541472e-01,2.584018433681048776e+00,-2.614980839996478235e+00
1.114583333333333398e-01,4.012500000000000000e+01,2.664950356033546353e-01,9.261757883347613296e-01,2.588138051551179153e+00,-2.625858433299798733e+00
1.118055555555555608e-01,4.025000000000000000e+01,2.673944040426806668e-01,9.252621606188246028e-01,2.592217431227479274e+00,-2.636617435293361567e+00
1.121527777777777818e-01,4.037500000000000000e+01,2.682951819104669733e-01,9.243448177441414559e-01,2.596256317067189290e+00,-2.647257728715572078e+00
1.125000000000000028e-01,4.050000000000000000e+01,2.691973551023057465e-01,9.234238009483151099e-01,2.600254455742226689e+00,-2.657779203279385882e+00
1.128472222222222238e-01,4.062500000000000000e+01,2.701009094262331045e-01,9.224991515060314562e-01,2.604211596261859274e+00,-2.668181755669981392e+00
1.131944444444444448e-01,4.075000000000000000e+01,2.710058306035447728e-01,9.215709107266402134e-01,2.608127489995235582e+00,-2.678465289541987371e+00
1.135416666666666657e-01,4.087500000000000000e+01,2.719121042696193147e-01,9.206391199517348634e-01,2.612001890693752770e+00,-2.688629715516242413e+00
1.138888888888888867e-01,4.100000000000000000e+01,2.728197159747487999e-01,9.197038205527339194e-01,2.615834554513270849e+00,-2.698674951176095238e+00
1.142361111111111216e-01,4.112500000000000711e+01,2.737286511849782999e-01,9.187650539284647477e-01,2.619625240036172364e+00,-2.708600921063253342e+00
1.145833333333333426e-01,4.125000000000000000e+01,2.746388952829512120e-01,9.178228615027488324e-01,2.623373708293255113e+00,-2.718407556673174685e+00
1.149305555555555636e-01,4.137500000000000000e+01,2.755504335687643525e-01,9.168772847219864852e-01,2.627079722785468974e+00,-2.728094796449993975e+00
1.152777777777777846e-01,4.150000000000000000e+01,2.764632512608282133e-01,9.159283650527462184e-01,2.630743049505491982e+00,-2.737662585781006630e+00
1.156250000000000056e-01,4.162500000000000000e+01,2.773773334967366555e-01,9.149761439793552276e-01,2.634363456959126104e+00,-2.747110876990684680e+00
1.159722222222222265e-01,4.175000000000000000e+01,2.782926653341433743e-01,9.140206630014908740e-01,2.637940716186544243e+00,-2.756439629334252128e+00
1.163194444444444475e-01,4.187500000000000000e+01,2.792092317516444711e-01,9.130619636317756083e-01,2.641474600783359605e+00,-2.765648808990791352e+00
1.166666666666666685e-01,4.200000000000000000e+01,2.801270176496705733e-01,9.121000873933747810e-01,2.644964886921517433e+00,-2.774738389055910304e+00
1.170138888888888895e-01,4.212500000000000000e+01,2.810460078513843385e-01,9.111350758175953413e-01,2.648411353370029531e+00,-2.783708349533952742e+00
1.173611111111111105e-01,4.225000000000000000e+01,2.819661871035859524e-01,9.101669704414889761e-01,2.651813781515522717e+00,-2.792558677329756378e+00
1.177083333333333315e-01,4.237500000000000000e+01,2.828875400776257876e-01,9.091958128054582478e-01,2.655171955382612303e+00,-2.801289366239965162e+00
1.180555555555555663e-01,4.250000000000000711e+01,2.838100513703233352e-01,9.082216444508633968e-01,2.658485661654105492e+00,-2.809900416943885926e+00
1.184027777777777873e-01,4.262500000000000000e+01,2.847337055048942966e-01,9.072445069176364729e-01,2.661754689691012921e+00,-2.818391836993903610e+00
1.187500000000000083e-01,4.275000000000000000e+01,2.856584869318835040e-01,9.062644417418940224e-01,2.664978831552389682e+00,-2.826763640805447952e+00
1.190972222222222293e-01,4.287500000000000000e+01,2.865843800301055011e-01,9.052814904535583240e-01,2.668157882014990268e+00,-2.835015849646513431e+00
1.194444444444444503e-01,4.300000000000000000e+01,2.875113691075910638e-01,9.042956945739786256e-01,2.671291638592732998e+00,-2.843148491626730223e+00
1.197916666666666713e-01,4.312500000000000000e+01,2.884394384025417146e-01,9.033070956135570428e-01,2.674379901555987260e+00,-2.851161601686001301e+00
1.201388888888888923e-01,4.325000000000000000e+01,2.893685720842895104e-01,9.023157350693804535e-01,2.677422473950666681e+00,-2.859055221582685213e+00
1.204861111111111133e-01,4.337500000000000000e+01,2.902987542542641575e-01,9.013216544228542793e-01,2.680419161617130008e+00,-2.866829399881348106e+00
1.208333333333333343e-01,4.350000000000000000e+01,2.912299689469670105e-01,9.003248951373408193e-01,2.683369773208903020e+00,-2.874484191940067213e+00
1.211805555555555552e-01,4.362500000000000000e+01,2.921622001309503447e-01,8.993254986558039121e-01,2.686274120211189942e+00,-2.882019659897300023e+00
1.215277777777777762e-01,4.375000000000000000e+01,2.930954317098046213e-01,8.983235063984563729e-01,2.689132016959204563e+00,-2.889435872658312032e+00
1.218750000000000111e-01,4.387500000000000711e+01,2.940296475231504725e-01,8.973189597604119827e-01,2.691943280656300175e+00,-2.896732905881171494e+00
1.222222222222222321e-01,4.400000000000000000e+01,2.949648313476379569e-01,8.963119001093450278e-01,2.694707731391897454e+00,-2.903910841962311196e+00
1.225694444444444531e-01,4.412500000000000000e+01,2.959009668979520336e-01,8.953023687831518362e-01,2.697425192159218721e+00,-2.910969770021642589e+00
1.229166666666666741e-01,4.425000000000000000e+01,2.968380378278235310e-01,8.942904070876190881e-01,2.700095488872820582e+00,-2.917909785887257801e+00
1.232638888888888951e-01,4.437500000000000000e+01,2.977760277310466663e-01,8.932760562940975646e-01,2.702718450385921845e+00,-2.924730992079683123e+00
1.236111111111111160e-01,4.450000000000000000e+01,2.987149201425023382e-01,8.922593576371815605e-01,2.705293908507526712e+00,-2.931433497795713716e+00
1.239583333333333370e-01,4.462500000000000000e+01,2.996546985391874141e-01,8.912403523123924032e-01,2.707821698019347245e+00,-2.938017418891811783e+00
1.243055555555555580e-01,4.475000000000000000e+01,3.005953463412496807e-01,8.902190814738702995e-01,2.710301656692512218e+00,-2.944482877867087733e+00
1.246527777777777790e-01,4.487500000000000000e+01,3.015368469130290663e-01,8.891955862320701787e-01,2.712733625304072138e+00,-2.950830003845845262e+00
1.250000000000000000e-01,4.500000000000000000e+01,3.024791835641039150e-01,8.881699076514639746e-01,2.715117447653292881e+00,-2.957058932559712527e+00
1.253472222222222210e-01,4.512500000000000000e+01,3.034223395503430898e-01,8.871420867482511241e-01,2.717452970577737936e+00,-2.963169806329342126e+00
1.256944444444444420e-01,4.525000000000000000e+01,3.043662980749640701e-01,8.861121644880722847e-01,2.719740043969137488e+00,-2.969162774045698949e+00
1.260416666666666630e-01,4.537500000000000000e+01,3.053110422895954912e-01,8.850801817837321561e-01,2.721978520789042566e+00,-2.975037991150923933e+00
1.263888888888888840e-01,4.550000000000000000e+01,3.062565552953466774e-01,8.840461794929275197e-01,2.724168257084263800e+00,-2.980795619618783032e+00
1.267361111111111049e-01,4.562500000000000000e+01,3.072028201438807282e-01,8.830101984159837158e-01,2.726309112002094803e+00,-2.986435827934696530e+00
1.270833333333333259e-01,4.575000000000000000e+01,3.081498198384940435e-01,8.819722792935968947e-01,2.728400947805311727e+00,-2.991958791075361113e+00
1.274305555555555469e-01,4.587500000000000000e+01,3.090975373352008448e-01,8.809324628045822614e-01,2.730443629886963652e+00,-2.997364690487956285e+00
1.277777777777777957e-01,4.600000000000000711e+01,3.100459555438219716e-01,8.798907895636335352e-01,2.732437026784925393e+00,-3.002653714068938218e+00
1.281250000000000167e-01,4.612500000000000711e+01,3.109950573290801157e-01,8.788473001190854061e-01,2.734381010196244244e+00,-3.007826056142429039e+00
1.284722222222222376e-01,4.625000000000000711e+01,3.119448255116987201e-01,8.778020349506863163e-01,2.736275454991250911e+00,-3.012881917438198887e+00
1.288194444444444586e-01,4.637500000000000711e+01,3.128952428695063182e-01,8.767550344673779028e-01,2.738120239227452402e+00,-3.017821505069241184e+00
1.291666666666666796e-01,4.650000000000000711e+01,3.138462921385455906e-01,8.757063390050828788e-01,2.739915244163193542e+00,-3.022645032508946450e+00
1.295138888888889006e-01,4.662500000000000711e+01,3.147979560141873079e-01,8.746559888245003522e-01,2.741660354271094668e+00,-3.027352719567875106e+00
1.298611111111111216e-01,4.675000000000000711e+01,3.157502171522482692e-01,8.736040241089093605e-01,2.743355457251256624e+00,-3.031944792370131481e+00
1.302083333333333426e-01,4.687500000000000000e+01,3.167030581701146263e-01,8.725504849619808434e-01,2.745000444044237486e+00,-3.036421483329337256e+00
1.305555555555555636e-01,4.700000000000000000e+01,3.176564616478689262e-01,8.714954114055986079e-01,2.746595208843798819e+00,-3.040783031124216773e+00
1.309027777777777846e-01,4.712500000000000000e+01,3.186104101294224278e-01,8.704388433776876211e-01,2.748139649109415661e+00,-3.045029680673786210e+00
1.312500000000000056e-01,4.725000000000000000e+01,3.195648861236502492e-01,8.693808207300518509e-01,2.749633665578556485e+00,-3.049161683112145305e+00
1.315972222222222265e-01,4.737500000000000000e+01,3.205198721055325661e-01,8.683213832262201004e-01,2.751077162278725563e+00,-3.053179295762891154e+00
1.319444444444444475e-01,4.750000000000000000e+01,3.214753505172986414e-01,8.672605705393028330e-01,2.752470046539269077e+00,-3.057082782113137220e+00
1.322916666666666685e-01,4.762500000000000000e+01,3.224313037695752393e-01,8.661984222498545494e-01,2.753812229002942757e+00,-3.060872411787151304e+00
1.326388888888888895e-01,4.775000000000000000e+01,3.233877142425390372e-01,8.651349778437495974e-01,2.755103623637249477e+00,-3.064548460519609829e+00
1.329861111111111105e-01,4.787500000000000000e+01,3.243445642870735890e-01,8.640702767100637560e-01,2.756344147745524165e+00,-3.068111210128472877e+00
1.333333333333333315e-01,4.800000000000000000e+01,3.253018362259285645e-01,8.630043581389672536e-01,2.757533721977783348e+00,-3.071560948487479070e+00
1.336805555555555525e-01,4.812500000000000000e+01,3.262595123548844289e-01,8.619372613196266686e-01,2.758672270341340660e+00,-3.074897969498264771e+00
1.340277777777777735e-01,4.825000000000000000e+01,3.272175749439194536e-01,8.608690253381172663e-01,2.759759720211165668e+00,-3.078122573062113343e+00
1.343749999999999944e-01,4.837500000000000000e+01,3.281760062383813348e-01,8.597996891753441062e-01,2.760796002340008215e+00,-3.081235065051328270e+00
1.347222222222222154e-01,4.850000000000000000e+01,3.291347884601609763e-01,8.587292917049748064e-01,2.761781050868278964e+00,-3.084235757280240353e+00
1.350694444444444364e-01,4.862500000000000000e+01,3.300939038088712141e-01,8.576578716913798583e-01,2.762714803333675917e+00,-3.087124967475845416e+00
1.354166666666666852e-01,4.875000000000000711e+01,3.310533344630278707e-01,8.565854677875862633e-01,2.763597200680568022e+00,-3.089903019248081417e+00
1.357638888888889062e-01,4.887500000000000711e+01,3.320130625812336977e-01,8.555121185332393852e-01,2.764428187269134973e+00,-3.092570242059737851e+00
1.361111111111111271e-01,4.900000000000000711e+01,3.329730703033665917e-01,8.544378623525759053e-01,2.765207710884256098e+00,-3.095126971196017873e+00
1.364583333333333481e-01,4.912500000000000711e+01,3.339333397517701973e-01,8.533627375524076575e-01,2.765935722744142122e+00,-3.097573547733723398e+00
1.368055555555555691e-01,4.925000000000000711e+01,3.348938530324469531e-01,8.522867823201163429e-01,2.766612177508728454e+00,-3.099910318510103124e+00
1.371527777777777901e-01,4.937500000000000711e+01,3.358545922362553005e-01,8.512100347216581264e-01,2.767237033287806902e+00,-3.102137636091341744e+00
1.375000000000000111e-01,4.950000000000000711e+01,3.368155394401082803e-01,8.501325326995808895e-01,2.767810251648912256e+00,-3.104255858740700091e+00
1.378472222222222321e-01,4.962500000000000000e+01,3.377766767081757937e-01,8.490543140710503645e-01,2.768331797624946855e+00,-3.106265350386303137e+00
1.381944444444444531e-01,4.975000000000000000e+01,3.387379860930890829e-01,8.479754165258900356e-01,2.768801639721565788e+00,-3.108166480588595348e+00
1.385416666666666741e-01,4.987500000000000000e+01,3.396994496371479322e-01,8.468958776246311437e-01,2.769219749924288543e+00,-3.109959624507439457e+00
1.388888888888888951e-01,5.000000000000000000e+01,3.406610493735297562e-01,8.458157347965725714e-01,2.769586103705369062e+00,-3.111645162868889258e+00
1.392361111111111160e-01,5.012500000000000000e+01,3.416227673275019083e-01,8.447350253378564933e-01,2.769900680030404683e+00,-3.113223481931612913e+00
1.395833333333333370e-01,5.025000000000000000e+01,3.425845855176357091e-01,8.436537864095511319e-01,2.770163461364688384e+00,-3.114694973452992954e+00
1.399305555555555580e-01,5.037500000000000000e+01,3.435464859570218077e-01,8.425720550357480576e-01,2.770374433679297255e+00,-3.116060034654888788e+00
1.402777777777777790e-01,5.050000000000000000e+01,3.445084506544899838e-01,8.414898681016713677e-01,2.770533586456934039e+00,-3.117319068189071896e+00
1.406250000000000000e-01,5.062500000000000000e+01,3.454704616158282282e-01,8.404072623517973017e-01,2.770640912697499569e+00,-3.118472482102333743e+00
1.409722222222222210e-01,5.075000000000000000e+01,3.464325008450053200e-01,8.393242743879880674e-01,2.770696408923408516e+00,-3.119520689801270841e+00
1.413194444444444420e-01,5.087500000000000000e+01,3.473945503453950701e-01,8.382409406676367691e-01,2.770700075184642230e+00,-3.120464110016753168e+00
1.416666666666666630e-01,5.100000000000000000e+01,3.483565921210015071e-01,8.371572975018236606e-01,2.770651915063545800e+00,-3.121303166768065296e+00
1.420138888888888840e-01,5.112500000000000000e+01,3.493186081776867846e-01,8.360733810534882737e-01,2.770551935679358202e+00,-3.122038289326742433e+00
1.423611111111111049e-01,5.125000000000000000e+01,3.502805805243991433e-01,8.349892273356104289e-01,2.770400147692475112e+00,-3.122669912180088048e+00
1.427083333333333259e-01,5.137500000000000000e+01,3.512424911744042588e-01,8.339048722094061228e-01,2.770196565308464809e+00,-3.123198474994382856e+00
1.430555555555555747e-01,5.150000000000000711e+01,3.522043221465162022e-01,8.328203513825356286e-01,2.769941206281798518e+00,-3.123624422577790494e+00
1.434027777777777957e-01,5.162500000000000711e+01,3.531660554663298424e-01,8.317357004073250293e-01,2.769634091919335628e+00,-3.123948204842953658e+00
1.437500000000000167e-01,5.175000000000000711e+01,3.541276731674563583e-01,8.306509546789996312e-01,2.769275247083533120e+00,-3.124170276769296706e+00
1.440972222222222376e-01,5.187500000000000711e+01,3.550891572927570294e-01,8.295661494339316988e-01,2.768864700195391215e+00,-3.124291098365023611e+00
1.444444444444444586e-01,5.200000000000000711e+01,3.560504898955794695e-01,8.284813197479009572e-01,2.768402483237134337e+00,-3.124311134628821041e+00
1.447916666666666796e-01,5.212500000000000711e+01,3.570116530409953581e-01,8.273965005343683066e-01,2.767888631754629181e+00,-3.124230855511278548e+00
1.451388888888889006e-01,5.225000000000000711e+01,3.579726288070373963e-01,8.263117265427635250e-01,2.767323184859529661e+00,-3.124050735876005902e+00
1.454861111111111216e-01,5.237500000000000711e+01,3.589333992859380373e-01,8.252270323567855170e-01,2.766706185231155413e+00,-3.123771255460476404e+00
1.458333333333333426e-01,5.250000000000000000e+01,3.598939465853687181e-01,8.241424523927178836e-01,2.766037679118108716e+00,-3.123392898836578446e+00
1.461805555555555636e-01,5.262500000000000000e+01,3.608542528296792562e-01,8.230580208977555934e-01,2.765317716339616538e+00,-3.122916155370891289e+00
1.465277777777777846e-01,5.275000000000000000e+01,3.618143001611377474e-01,8.219737719483488636e-01,2.764546350286609222e+00,-3.122341519184686831e+00
1.468750000000000056e-01,5.287500000000000000e+01,3.627740707411711285e-01,8.208897394485580312e-01,2.763723637922524734e+00,-3.121669489113643614e+00
1.472222222222222265e-01,5.300000000000000000e+01,3.637335467516054077e-01,8.198059571284239677e-01,2.762849639783850009e+00,-3.120900568667311692e+00
1.475694444444444475e-01,5.312500000000000000e+01,3.646927103959070604e-01,8.187224585423521495e-01,2.761924419980390510e+00,-3.120035265988290618e+00
1.479166666666666685e-01,5.325000000000000000e+01,3.656515439004227597e-01,8.176392770675117161e-01,2.760948046195264016e+00,-3.119074093811148973e+00
1.482638888888888895e-01,5.337500000000000000e+01,3.666100295156208277e-01,8.165564459022476296e-01,2.759920589684637271e+00,-3.118017569421086765e+00
1.486111111111111105e-01,5.350000000000000000e+01,3.675681495173315771e-01,8.154739980645072661e-01,2.758842125277181090e+00,-3.116866214612332264e+00
1.489583333333333315e-01,5.362500000000000000e+01,3.685258862079874298e-01,8.143919663902835504e-01,2.757712731373257675e+00,-3.115620555646291479e+00
1.493055555555555525e-01,5.375000000000000000e+01,3.694832219178634247e-01,8.133103835320697472e-01,2.756532489943842812e+00,-3.114281123209434288e+00
1.496527777777777735e-01,5.387500000000000000e+01,3.704401390063160604e-01,8.122292819573310174e-01,2.755301486529170507e+00,-3.112848452370943875e+00
1.499999999999999944e-01,5.400000000000000000e+01,3.713966198630230253e-01,8.111486939469898516e-01,2.754019810237107180e+00,-3.111323082540113472e+00
1.503472222222222154e-01,5.412500000000000000e+01,3.723526469092211522e-01,8.100686515939267140e-01,2.752687553741258508e+00,-3.109705557423497524e+00
1.506944444444444364e-01,5.425000000000000000e+01,3.733082025989444830e-01,8.089891868014950083e-01,2.751304813278804939e+00,-3.107996424981835926e+00
1.510416666666666852e-01,5.437500000000000711e+01,3.742632694202612242e-01,8.079103312820518079e-01,2.749871688648058754e+00,-3.106196237386725123e+00
1.513888888888889062e-01,5.450000000000000711e+01,3.752178298965092029e-01,8.068321165555031316e-01,2.748388283205760452e+00,-3.104305550977072503e+00
1.517361111111111271e-01,5.462500000000000711e+01,3.761718665875317114e-01,8.057545739478649827e-01,2.746854703864091363e+00,-3.102324926215314083e+00
1.520833333333333481e-01,5.475000000000000711e+01,3.771253620909109650e-01,8.046777345898380451e-01,2.745271061087425579e+00,-3.100254927643398162e+00
1.524305555555555691e-01,5.487500000000000711e+01,3.780782990432011714e-01,8.036016294154003647e-01,2.743637468888803888e+00,-3.098096123838566029e+00
1.527777777777777901e-01,5.500000000000000711e+01,3.790306601211598236e-01,8.025262891604127979e-01,2.741954044826139025e+00,-3.095849087368891972e+00
1.531250000000000111e-01,5.512500000000000711e+01,3.799824280429782153e-01,8.014517443612414471e-01,2.740220909998145160e+00,-3.093514394748621665e+00
1.534722222222222321e-01,5.525000000000000000e+01,3.809335855695095141e-01,8.003780253533955280e-01,2.738438189040000026e+00,-3.091092626393287190e+00
1.538194444444444531e-01,5.537500000000000000e+01,3.818841155054966130e-01,7.993051622701802250e-01,2.736606010118736165e+00,-3.088584366574625761e+00
1.541666666666666741e-01,5.550000000000000000e+01,3.828340007007972612e-01,7.982331850413653118e-01,2.734724504928355060e+00,-3.085990203375275076e+00
1.545138888888888951e-01,5.562500000000000000e+01,3.837832240516076965e-01,7.971621233918706473e-01,2.732793808684673031e+00,-3.083310728643281706e+00
1.548611111111111160e-01,5.575000000000000000e+01,3.847317685016849453e-01,7.960920068404657712e-01,2.730814060119900688e+00,-3.080546537946402097e+00
1.552083333333333370e-01,5.587500000000000000e+01,3.856796170435665139e-01,7.950228646984870418e-01,2.728785401476941264e+00,-3.077698230526206835e+00
1.555555555555555580e-01,5.600000000000000000e+01,3.866267527197885245e-01,7.939547260685695385e-01,2.726707978503427388e+00,-3.074766409251996624e+00
1.559027777777777790e-01,5.612500000000000000e+01,3.875731586241012994e-01,7.928876198433953970e-01,2.724581940445478079e+00,-3.071751680574527299e+00
1.562500000000000000e-01,5.625000000000000000e+01,3.885188179026831667e-01,7.918215747044592412e-01,2.722407440041197280e+00,-3.068654654479549215e+00
1.565972222222222210e-01,5.637500000000000000e+01,3.894637137553522144e-01,7.907566191208470485e-01,2.720184633513885064e+00,-3.065475944441161893e+00
1.569444444444444420e-01,5.650000000000000000e+01,3.904078294367741564e-01,7.896927813480348890e-01,2.717913680564997492e+00,-3.062216167374995468e+00
1.572916666666666630e-01,5.662500000000000000e+01,3.913511482576698119e-01,7.886300894267010975e-01,2.715594744366821356e+00,-3.058875943591214064e+00
1.576388888888888840e-01,5.675000000000000000e+01,3.922936535860186424e-01,7.875685711815559875e-01,2.713227991554886920e+00,-3.055455896747343303e+00
1.579861111111111049e-01,5.687500000000000000e+01,3.932353288482592357e-01,7.865082542201878857e-01,2.710813592220110646e+00,-3.051956653800936614e+00
1.583333333333333259e-01,5.700000000000000000e+01,3.941761575304886800e-01,7.854491659319255970e-01,2.708351719900668364e+00,-3.048378844962073231e+00
1.586805555555555747e-01,5.712500000000000711e+01,3.951161231796577189e-01,7.843913334867167464e-01,2.705842551573594434e+00,-3.044723103645697204e+00
1.590277777777777957e-01,5.725000000000000711e+01,3.960552094047627425e-01,7.833347838340245506e-01,2.703286267646122010e+00,-3.040990066423789884e+00
1.593750000000000167e-01,5.737500000000000711e+01,3.969933998780362239e-01,7.822795437017382447e-01,2.700683051946752844e+00,-3.037180372977406062e+00
1.597222222222222376e-01,5.750000000000000711e+01,3.979306783361326594e-01,7.812256395951030497e-01,2.698033091716050436e+00,-3.033294666048537369e+00
1.600694444444444586e-01,5.762500000000000711e+01,3.988670285813111227e-01,7.801730977956657931e-01,2.695336577597176930e+00,-3.029333591391847325e+00
1.604166666666666796e-01,5.775000000000000711e+01,3.998024344826161536e-01,7.791219443602367400e-01,2.692593703626164903e+00,-3.025297797726254068e+00
1.607638888888889006e-01,5.787500000000000711e+01,4.007368799770531509e-01,7.780722051198687428e-01,2.689804667221906254e+00,-3.021187936686371422e+00
1.611111111111111216e-01,5.800000000000000711e+01,4.016703490707617119e-01,7.770239056788533771e-01,2.686969669175895081e+00,-3.017004662773819401e+00
1.614583333333333426e-01,5.812500000000000000e+01,4.026028258401845306e-01,7.759770714137347314e-01,2.684088913641696994e+00,-3.012748633308398372e+00
1.618055555555555636e-01,5.825000000000000000e+01,4.035342944332334092e-01,7.749317274723377391e-01,2.681162608124147972e+00,-3.008420508379133995e+00
1.621527777777777846e-01,5.837500000000000000e+01,4.044647390704503298e-01,7.738878987728168291e-01,2.678190963468300545e+00,-3.004020950795199152e+00
1.625000000000000056e-01,5.850000000000000000e+01,4.053941440461656942e-01,7.728456100027186748e-01,2.675174193848095516e+00,-2.999550626036709744e+00
1.628472222222222265e-01,5.862500000000000000e+01,4.063224937296522898e-01,7.718048856180642625e-01,2.672112516754782785e+00,-2.995010202205404148e+00
1.631944444444444475e-01,5.875000000000000000e+01,4.072497725662747037e-01,7.707657498424467235e-01,2.669006152985064162e+00,-2.990400349975209870e+00
1.635416666666666685e-01,5.887500000000000000e+01,4.081759650786355165e-01,7.697282266661468197e-01,2.665855326628991495e+00,-2.985721742542697843e+00
1.638888888888888895e-01,5.900000000000000000e+01,4.091010558677156128e-01,7.686923398452658596e-01,2.662660265057588127e+00,-2.980975055577423483e+00
1.642361111111111105e-01,5.912500000000000000e+01,4.100250296140128814e-01,7.676581129008752669e-01,2.659421198910222994e+00,-2.976160967172172267e+00
1.645833333333333315e-01,5.925000000000000000e+01,4.109478710786731437e-01,7.666255691181846910e-01,2.656138362081712945e+00,-2.971280157793104504e+00
1.649305555555555525e-01,5.937500000000000000e+01,4.118695651046191397e-01,7.655947315457251046e-01,2.652811991709178585e+00,-2.966333310229793518e+00
1.652777777777777735e-01,5.950000000000000000e+01,4.127900966176742403e-01,7.645656229945522186e-01,2.649442328158627902e+00,-2.961321109545182573e+00
1.656249999999999944e-01,5.962500000000000000e+01,4.137094506276802752e-01,7.635382660374654407e-01,2.646029615011297409e+00,-2.956244243025445417e+00
1.659722222222222154e-01,5.975000000000000000e+01,4.146276122296126410e-01,7.625126830082437079e-01,2.642574099049719738e+00,-2.951103400129763354e+00
1.663194444444444642e-01,5.987500000000000711e+01,4.155445666046881925e-01,7.614888960009010832e-01,2.639076030243552751e+00,-2.945899272440022809e+00
1.666666666666666852e-01,6.000000000000000711e+01,4.164602990214707479e-01,7.604669268689574491e-01,2.635535661735139978e+00,-2.940632553610427191e+00
1.670138888888889062e-01,6.012500000000000711e+01,4.173747948369688210e-01,7.594467972247282983e-01,2.631953249824821484e+00,-2.935303939317040811e+00
1.673611111111111271e-01,6.025000000000000711e+01,4.182880394977306904e-01,7.584285284386308446e-01,2.628329053955992478e+00,-2.929914127207260410e+00
1.677083333333333481e-01,6.037500000000000711e+01,4.192000185409324176e-01,7.574121416385092287e-01,2.624663336699906591e+00,-2.924463816849215636e+00
1.680555555555555691e-01,6.050000000000000711e+01,4.201107175954613138e-01,7.563976577089752684e-01,2.620956363740227779e+00,-2.918953709681110453e+00
1.684027777777777901e-01,6.062500000000000711e+01,4.210201223829942996e-01,7.553850972907689698e-01,2.617208403857335330e+00,-2.913384508960500163e+00
1.687500000000000111e-01,6.075000000000000711e+01,4.219282187190700473e-01,7.543744807801350261e-01,2.613419728912372175e+00,-2.907756919713515575e+00
1.690972222222222321e-01,6.087500000000000000e+01,4.228349925141559607e-01,7.533658283282176349e-01,2.609590613831048955e+00,-2.902071648684034777e+00
1.694444444444444531e-01,6.100000000000000000e+01,4.237404297747092152e-01,7.523591598404731906e-01,2.605721336587197623e+00,-2.896329404282798503e+00
1.697916666666666741e-01,6.112500000000000000e+01,4.246445166042329133e-01,7.513544949760997405e-01,2.601812178186081681e+00,-2.890530896536490424e+00
1.701388888888888951e-01,6.125000000000000000e+01,4.255472392043249674e-01,7.503518531474854258e-01,2.597863422647454623e+00,-2.884676837036769470e+00
1.704861111111111160e-01,6.137500000000000000e+01,4.264485838757219316e-01,7.493512535196733548e-01,2.593875356988372793e+00,-2.878767938889261746e+00
1.708333333333333370e-01,6.150000000000000000e+01,4.273485370193373933e-01,7.483527150098453484e-01,2.589848271205775987e+00,-2.872804916662527130e+00
1.711805555555555580e-01,6.162500000000000000e+01,4.282470851372928156e-01,7.473562562868226733e-01,2.585782458258811811e+00,-2.866788486336986796e+00
1.715277777777777790e-01,6.175000000000000000e+01,4.291442148339432161e-01,7.463618957705837609e-01,2.581678214050922460e+00,-2.860719365253825419e+00
1.718750000000000000e-01,6.187500000000000000e+01,4.300399128168965190e-01,7.453696516318024656e-01,2.577535837411689457e+00,-2.854598272063872955e+00
1.722222222222222210e-01,6.200000000000000000e+01,4.309341658980265222e-01,7.443795417914003121e-01,2.573355630078445699e+00,-2.848425926676462883e+00
1.725694444444444420e-01,6.212500000000000000e+01,4.318269609944785370e-01,7.433915839201196141e-01,2.569137896677640143e+00,-2.842203050208278015e+00
1.729166666666666630e-01,6.225000000000000000e+01,4.327182851296699218e-01,7.424057954381126923e-01,2.564882944705964452e+00,-2.835930364932178538e+00
1.732638888888888840e-01,6.237500000000000000e+01,4.336081254342838420e-01,7.414221935145491882e-01,2.560591084511257165e+00,-2.829608594226031393e+00
1.736111111111111049e-01,6.250000000000000000e+01,4.344964691472545382e-01,7.404407950672416971e-01,2.556262629273151177e+00,-2.823238462521518777e+00
1.739583333333333537e-01,6.262500000000000711e+01,4.353833036167485404e-01,7.394616167622882763e-01,2.551897894983509829e+00,-2.816820695252962636e+00
1.743055555555555747e-01,6.275000000000000711e+01,4.362686163011366691e-01,7.384846750137336047e-01,2.547497200426613428e+00,-2.810356018806140721e+00
1.746527777777777957e-01,6.287500000000000711e+01,4.371523947699611501e-01,7.375099859832470184e-01,2.543060867159120164e+00,-2.803845160467105746e+00
1.750000000000000167e-01,6.300000000000000711e+01,4.380346267048937925e-01,7.365375655798195309e-01,2.538589219489800097e+00,-2.797288848371029868e+00
1.753472222222222376e-01,6.312500000000000711e+01,4.389152999006888378e-01,7.355674294594766183e-01,2.534082584459037335e+00,-2.790687811451038058e+00
1.756944444444444586e-01,6.325000000000000711e+01,4.397944022661270380e-01,7.345995930250116546e-01,2.529541291818102611e+00,-2.784042779387084998e+00
1.760416666666666796e-01,6.337500000000000711e+01,4.406719218249539050e-01,7.336340714257344464e-01,2.524965674008201599e+00,-2.777354482554832416e+00
1.763888888888889006e-01,6.350000000000000711e+01,4.415478467168101329e-01,7.326708795572384192e-01,2.520356066139303408e+00,-2.770623651974556179e+00
1.767361111111111216e-01,6.362500000000000711e+01,4.424221651981538050e-01,7.317100320611864550e-01,2.515712805968731924e+00,-2.763851019260087138e+00
1.770833333333333426e-01,6.375000000000000000e+01,4.432948656431766610e-01,7.307515433251127179e-01,2.511036233879551993e+00,-2.757037316567776397e+00
1.774305555555555636e-01,6.387500000000000000e+01,4.441659365447116481e-01,7.297954274822440190e-01,2.506326692858722449e+00,-2.750183276545496991e+00
1.777777777777777846e-01,6.400000000000000000e+01,4.450353665151330906e-01,7.288416984113373909e-01,2.501584528475033320e+00,-2.743289632281684209e+00
1.781250000000000056e-01,6.412500000000000000e+01,4.459031442872499751e-01,7.278903697365362024e-01,2.496810088856826315e+00,-2.736357117254422544e+00
1.784722222222222265e-01,6.425000000000000000e+01,4.467692587151896322e-01,7.269414548272435939e-01,2.492003724669497711e+00,-2.729386465280569496e+00
1.788194444444444475e-01,6.437500000000000000e+01,4.476336987752759233e-01,7.259949667980137855e-01,2.487165789092786294e+00,-2.722378410464937115e+00
1.791666666666666685e-01,6.450000000000000000e+01,4.484964535668974350e-01,7.250509185084609287e-01,2.482296637797849481e+00,-2.715333687149522834e+00
1.795138888888888895e-01,6.462500000000000000e+01,4.493575123133692895e-01,7.241093225631848318e-01,2.477396628924119604e+00,-2.708253029862794925e+00
1.798611111111111105e-01,6.475000000000000000e+01,4.502168643627852407e-01,7.231701913117170033e-01,2.472466123055962584e+00,-2.701137173269044123e+00
1.802083333333333315e-01,6.487500000000000000e+01,4.510744991888631095e-01,7.222335368484794627e-01,2.467505483199118554e+00,-2.693986852117792097e+00
1.805555555555555525e-01,6.500000000000000000e+01,4.519304063917817804e-01,7.212993710127661995e-01,2.462515074756932432e+00,-2.686802801193270973e+00
1.809027777777777735e-01,6.512500000000000000e+01,4.527845756990083737e-01,7.203677053887390658e-01,2.457495265506389082e+00,-2.679585755263973468e+00
1.812499999999999944e-01,6.525000000000000000e+01,4.536369969661195878e-01,7.194385513054414316e-01,2.452446425573932220e+00,-2.672336449032274519e+00
1.815972222222222154e-01,6.537500000000000000e+01,4.544876601776121627e-01,7.185119198368313809e-01,2.447368927411092354e+00,-2.665055617084138628e+00
1.819444444444444642e-01,6.550000000000000000e+01,4.553365554477067367e-01,7.175878218018285626e-01,2.442263145769899335e+00,-2.657743993838895591e+00
1.822916666666666852e-01,6.562500000000000000e+01,4.561836730211415447e-01,7.166662677643835799e-01,2.437129457678110178e+00,-2.650402313499114371e+00
1.826388888888889062e-01,6.575000000000000000e+01,4.570290032739592889e-01,7.157472680335593695e-01,2.431968242414229486e+00,-2.643031310000556910e+00
1.829861111111111271e-01,6.587500000000000000e+01,4.578725367142832958e-01,7.148308326636341192e-01,2.426779881482336698e+00,-2.635631716962226534e+00
1.833333333333333481e-01,6.600000000000000000e+01,4.587142639830863455e-01,7.139169714542191736e-01,2.421564758586712607e+00,-2.628204267636511826e+00
1.836805555555555691e-01,6.612500000000000000e+01,4.595541758549503975e-01,7.130056939503952584e-01,2.416323259606290463e+00,-2.620749694859431322e+00
1.840277777777777901e-01,6.625000000000000000e+01,4.603922632388166014e-01,7.120970094428658026e-01,2.411055772568888589e+00,-2.613268731000975453e+00
1.843750000000000111e-01,6.637500000000000000e+01,4.612285171787278149e-01,7.111909269681271351e-01,2.405762687625283114e+00,-2.605762107915559067e+00
1.847222222222222321e-01,6.650000000000000000e+01,4.620629288545601843e-01,7.102874553086556686e-01,2.400444397023067555e+00,-2.598230556892582310e+00
1.850694444444444531e-01,6.662500000000000000e+01,4.628954895827474547e-01,7.093866029931137351e-01,2.395101295080342751e+00,-2.590674808607100754e+00
1.854166666666666741e-01,6.675000000000000000e+01,4.637261908169949542e-01,7.084883782965705201e-01,2.389733778159216282e+00,-2.583095593070619422e+00
1.857638888888888951e-01,6.687500000000000000e+01,4.645550241489847521e-01,7.075927892407414266e-01,2.384342244639118924e+00,-2.575493639581995620e+00
1.861111111111111160e-01,6.700000000000000000e+01,4.653819813090713797e-01,7.066998435942437595e-01,2.378927094889940808e+00,-2.567869676678471436e+00
1.864583333333333370e-01,6.712500000000000000e+01,4.662070541669683932e-01,7.058095488728698408e-01,2.373488731244993932e+00,-2.560224432086838142e+00
1.868055555555555580e-01,6.725000000000000000e+01,4.670302347324254977e-01,7.049219123398767772e-01,2.368027557973786834e+00,-2.552558632674713390e+00
1.871527777777777790e-01,6.737500000000000000e+01,4.678515151558956808e-01,7.040369410062933264e-01,2.362543981254635383e+00,-2.544873004401970285e+00
1.875000000000000000e-01,6.750000000000000000e+01,4.686708877291937969e-01,7.031546416312437486e-01,2.357038409147091951e+00,-2.537168272272289471e+00
1.878472222222222210e-01,6.762500000000000000e+01,4.694883448861442155e-01,7.022750207222875352e-01,2.351511251564208926e+00,-2.529445160284859551e+00
1.881944444444444420e-01,6.775000000000000000e+01,4.703038792032201987e-01,7.013980845357770111e-01,2.345962920244625494e+00,-2.521704391386215161e+00
1.885416666666666630e-01,6.787500000000000000e+01,4.711174834001729539e-01,7.005238390772307033e-01,2.340393828724497194e+00,-2.513946687422222492e+00
1.888888888888888840e-01,6.800000000000000000e+01,4.719291503406499722e-01,6.996522901017253604e-01,2.334804392309248300e+00,-2.506172769090217134e+00
1.892361111111111049e-01,6.812500000000000000e+01,4.727388730328059285e-01,6.987834431143006286e-01,2.329195028045166538e+00,-2.498383355891293345e+00
1.895833333333333537e-01,6.825000000000001421e+01,4.735466446299005927e-01,6.979173033703848228e-01,2.323566154690837049e+00,-2.490579166082749207e+00
1.899305555555555747e-01,6.837500000000000000e+01,4.743524584308895786e-01,6.970538758762339082e-01,2.317918192688413370e+00,-2.482760916630690762e+00
1.902777777777777957e-01,6.850000000000000000e+01,4.751563078810031038e-01,6.961931653893878025e-01,2.312251564134728099e+00,-2.474929323162801786e+00
1.906250000000000167e-01,6.862500000000000000e+01,4.759581865723161442e-01,6.953351764191445517e-01,2.306566692752253012e+00,-2.467085099921275670e+00
1.909722222222222376e-01,6.875000000000000000e+01,4.767580882443076540e-01,6.944799132270482733e-01,2.300864003859901974e+00,-2.459228959715920926e+00
1.913194444444444586e-01,6.887500000000000000e+01,4.775560067844092371e-01,6.936273798273953073e-01,2.295143924343683306e+00,-2.451361613877433232e+00
1.916666666666666796e-01,6.900000000000000000e+01,4.783519362285451049e-01,6.927775799877555762e-01,2.289406882627197604e+00,-2.443483772210850891e+00
1.920138888888889006e-01,6.912500000000000000e+01,4.791458707616597645e-01,6.919305172295105999e-01,2.283653308641994784e+00,-2.435596142949184806e+00
1.923611111111111216e-01,6.925000000000000000e+01,4.799378047182377149e-01,6.910861948284072742e-01,2.277883633797777030e+00,-2.427699432707222993e+00
1.927083333333333426e-01,6.937500000000000000e+01,4.807277325828100967e-01,6.902446158151275268e-01,2.272098290952466293e+00,-2.419794346435538923e+00
1.930555555555555636e-01,6.950000000000000000e+01,4.815156489904534043e-01,6.894057829758745148e-01,2.266297714382123463e+00,-2.411881587374671287e+00
1.934027777777777846e-01,6.962500000000000000e+01,4.823015487272760971e-01,6.885696988529742546e-01,2.260482339750728986e+00,-2.403961857009497383e+00
1.937500000000000056e-01,6.975000000000000000e+01,4.830854267308956063e-01,6.877363657454927948e-01,2.254652604079827150e+00,-2.396035855023812555e+00
1.940972222222222265e-01,6.987500000000000000e+01,4.838672780909040183e-01,6.869057857098697095e-01,2.248808945718033581e+00,-2.388104279255091278e+00
1.944444444444444475e-01,7.000000000000000000e+01,4.846470980493238212e-01,6.860779605605671350e-01,2.242951804310411745e+00,-2.380167825649460944e+00
1.947916666666666685e-01,7.012500000000000000e+01,4.854248820010529375e-01,6.852528918707336825e-01,2.237081620767714885e+00,-2.372227188216871507e+00
1.951388888888888895e-01,7.025000000000000000e+01,4.862006254942980443e-01,6.844305809728853385e-01,2.231198837235496057e+00,-2.364283058986478725e+00
1.954861111111111105e-01,7.037500000000000000e+01,4.869743242309989006e-01,6.836110289596001310e-01,2.225303897063101388e+00,-2.356336127962228577e+00
1.958333333333333315e-01,7.050000000000000000e+01,4.877459740672404620e-01,6.827942366842296718e-01,2.219397244772527866e+00,-2.348387083078664617e+00
1.961805555555555525e-01,7.062500000000000000e+01,4.885155710136543372e-01,6.819802047616249085e-01,2.213479326027162131e+00,-2.340436610156938713e+00
1.965277777777777735e-01,7.075000000000000000e+01,4.892831112358105305e-01,6.811689335688776437e-01,2.207550587600398906e+00,-2.332485392861052720e+00
1.968749999999999944e-01,7.087500000000000000e+01,4.900485910545962498e-01,6.803604232460773726e-01,2.201611477344143530e+00,-2.324534112654310203e+00
1.972222222222222432e-01,7.100000000000001421e+01,4.908120069465860547e-01,6.795546736970824453e-01,2.195662444157190141e+00,-2.316583448756002639e+00
1.975694444444444642e-01,7.112500000000000000e+01,4.915733555443988489e-01,6.787516845903072138e-01,2.189703937953497714e+00,-2.308634078098316333e+00
1.979166666666666852e-01,7.125000000000000000e+01,4.923326336370456024e-01,6.779514553595232806e-01,2.183736409630341324e+00,-2.300686675283467597e+00
1.982638888888889062e-01,7.137500000000000000e+01,4.930898381702645827e-01,6.771539852046760677e-01,2.177760311036365248e+00,-2.292741912541082616e+00
1.986111111111111271e-01,7.150000000000000000e+01,4.938449662468470391e-01,6.763592730927159291e-01,2.171776094939519730e+00,-2.284800459685795815e+00
1.989583333333333481e-01,7.162500000000000000e+01,4.945980151269499525e-01,6.755673177584442524e-01,2.165784214994902257e+00,-2.276862984075106233e+00
1.993055555555555691e-01,7.175000000000000000e+01,4.953489822283984600e-01,6.747781177053735480e-01,2.159785125712482934e+00,-2.268930150567454618e+00
1.996527777777777901e-01,7.187500000000000000e+01,4.960978651269780659e-01,6.739916712066025273e-01,2.153779282424742370e+00,-2.261002621480560304e+00
2.000000000000000111e-01,7.200000000000000000e+01,4.968446615567133073e-01,6.732079763057060573e-01,2.147767141254205203e+00,-2.253081056550003236e+00
2.003472222222222321e-01,7.212500000000000000e+01,4.975893694101375941e-01,6.724270308176376609e-01,2.141749159080874154e+00,-2.245166112888045795e+00
2.006944444444444531e-01,7.225000000000000000e+01,4.983319867385494484e-01,6.716488323296487817e-01,2.135725793509578807e+00,-2.237258444942717972e+00
2.010416666666666741e-01,7.237500000000000000e+01,4.990725117522595844e-01,6.708733782022200387e-01,2.129697502837224476e+00,-2.229358704457149898e+00
2.013888888888888951e-01,7.250000000000000000e+01,4.998109428208247218e-01,6.701006655700082471e-01,2.123664746019960248e+00,-2.221467540429168608e+00
2.017361111111111160e-01,7.262500000000000000e+01,5.005472784732708513e-01,6.693306913428057614e-01,2.117627982640253315e+00,-2.213585599071150600e+00
2.020833333333333370e-01,7.275000000000000000e+01,5.012815173983057315e-01,6.685634522065153629e-01,2.111587672873879828e+00,-2.205713523770136852e+00
2.024305555555555580e-01,7.287500000000000000e+01,5.020136584445179517e-01,6.677989446241372473e-01,2.105544277456838476e+00,-2.197851955048219619e+00
2.027777777777777790e-01,7.300000000000000000e+01,5.027437006205669467e-01,6.670371648367717787e-01,2.099498257652179678e+00,-2.190001530523187689e+00
2.031250000000000000e-01,7.312500000000000000e+01,5.034716430953591892e-01,6.662781088646337890e-01,2.093450075216758854e+00,-2.182162884869451425e+00
2.034722222222222210e-01,7.325000000000000000e+01,5.041974851982142791e-01,6.655217725080819768e-01,2.087400192367913299e+00,-2.174336649779235575e+00
2.038194444444444420e-01,7.337500000000000000e+01,5.049212264190194865e-01,6.647681513486601856e-01,2.081349071750069779e+00,-2.166523453924052323e+00
2.041666666666666630e-01,7.350000000000000000e+01,5.056428664083713054e-01,6.640172407501543361e-01,2.075297176401279309e+00,-2.158723922916446547e+00
2.045138888888888840e-01,7.362500000000000000e+01,5.063624049777074587e-01,6.632690358596593505e-01,2.069244969719680860e+00,-2.150938679272030196e+00
2.048611111111111327e-01,7.375000000000001421e+01,5.070798420994246936e-01,6.625235316086631743e-01,2.063192915429906016e+00,-2.143168342371785329e+00
2.052083333333333537e-01,7.387500000000001421e+01,5.077951779069874716e-01,6.617807227141395687e-01,2.057141477549419228e+00,-2.135413528424676244e+00
2.055555555555555747e-01,7.400000000000000000e+01,5.085084126950235595e-01,6.610406036796575568e-01,2.051091120354790132e+00,-2.127674850430525400e+00
2.059027777777777957e-01,7.412500000000000000e+01,5.092195469194077395e-01,6.603031687965007501e-01,2.045042308347915228e+00,-2.119952918143190868e+00
2.062500000000000167e-01,7.425000000000000000e+01,5.099285811973340854e-01,6.595684121448024406e-01,2.038995506222182286e+00,-2.112248338034040884e+00
2.065972222222222376e-01,7.437500000000000000e+01,5.106355163073776904e-01,6.588363275946897968e-01,2.032951178828578342e+00,-2.104561713255716615e+00
2.069444444444444586e-01,7.450000000000000000e+01,5.113403531895420739e-01,6.581069088074440465e-01,2.026909791141750183e+00,-2.096893643606190238e+00
2.072916666666666796e-01,7.462500000000000000e+01,5.120430929452967073e-01,6.573801492366704302e-01,2.020871808226013311e+00,-2.089244725493131227e+00
2.076388888888889006e-01,7.475000000000000000e+01,5.127437368376028815e-01,6.566560421294819205e-01,2.014837695201310730e+00,-2.081615551898568395e+00
2.079861111111111216e-01,7.487500000000000000e+01,5.134422862909262530e-01,6.559345805276949326e-01,2.008807917209145089e+00,-2.074006712343857473e+00
2.083333333333333426e-01,7.500000000000000000e+01,5.141387428912391755e-01,6.552157572690366916e-01,2.002782939378442428e+00,-2.066418792854955111e+00
2.086805555555555636e-01,7.512500000000000000e+01,5.148331083860094859e-01,6.544995649883650346e-01,1.996763226791400836e+00,-2.058852375927999301e+00
2.090277777777777846e-01,7.525000000000000000e+01,5.155253846841786336e-01,6.537859961188998703e-01,1.990749244449292910e+00,-2.051308040495208207e+00
2.093750000000000056e-01,7.537500000000000000e+01,5.162155738561287066e-01,6.530750428934667395e-01,1.984741457238230256e+00,-2.043786361891080539e+00
2.097222222222222265e-01,7.550000000000000000e+01,5.169036781336350250e-01,6.523666973457517004e-01,1.978740329894906891e+00,-2.036287911818922769e+00
2.100694444444444475e-01,7.562500000000000000e+01,5.175896999098090756e-01,6.516609513115677599e-01,1.972746326972302233e+00,-2.028813258317679225e+00
2.104166666666666685e-01,7.575000000000000000e+01,5.182736417390283457e-01,6.509577964301332953e-01,1.966759912805367216e+00,-2.021362965729097017e+00
2.107638888888888895e-01,7.587500000000000000e+01,5.189555063368552767e-01,6.502572241453612456e-01,1.960781551476676432e+00,-2.013937594665200059e+00
2.111111111111111105e-01,7.600000000000000000e+01,5.196352965799432289e-01,6.495592257071596265e-01,1.954811706782073832e+00,-2.006537701976090826e+00
2.114583333333333315e-01,7.612500000000000000e+01,5.203130155059308981e-01,6.488637921727437030e-01,1.948850842196276689e+00,-1.999163840718080731e+00
2.118055555555555525e-01,7.625000000000000000e+01,5.209886663133250773e-01,6.481709144079583762e-01,1.942899420838487989e+00,-1.991816560122137814e+00
2.121527777777777735e-01,7.637500000000000000e+01,5.216622523613708706e-01,6.474805830886118940e-01,1.936957905437973748e+00,-1.984496405562674148e+00
2.124999999999999944e-01,7.650000000000000000e+01,5.223337771699113619e-01,6.467927887018206645e-01,1.931026758299641433e+00,-1.977203918526658777e+00
2.128472222222222432e-01,7.662500000000001421e+01,5.230032444192324048e-01,6.461075215473637279e-01,1.925106441269602620e+00,-1.969939636583059706e+00
2.131944444444444642e-01,7.675000000000000000e+01,5.236706579498994207e-01,6.454247717390493300e-01,1.919197415700734988e+00,-1.962704093352630297e+00
2.135416666666666852e-01,7.687500000000000000e+01,5.243360217625784303e-01,6.447445292060900446e-01,1.913300142418231653e+00,-1.955497818478026728e+00
2.138888888888889062e-01,7.700000000000000000e+01,5.249993400178483149e-01,6.440667836944898861e-01,1.907415081685157610e+00,-1.948321337594257185e+00
2.142361111111111271e-01,7.712500000000000000e+01,5.256606170359983121e-01,6.433915247684406369e-01,1.901542693167997733e+00,-1.941175172299483442e+00
2.145833333333333481e-01,7.725000000000000000e+01,5.263198572968159628e-01,6.427187418117288331e-01,1.895683435902220770e+00,-1.934059840126157503e+00
2.149305555555555691e-01,7.737500000000000000e+01,5.269770654393616249e-01,6.420484240291519651e-01,1.889837768257833561e+00,-1.926975854512500419e+00
2.152777777777777901e-01,7.750000000000000000e+01,5.276322462617306641e-01,6.413805604479454470e-01,1.884006147904956796e+00,-1.919923724774328377e+00
2.156250000000000111e-01,7.762500000000000000e+01,5.282854047208063175e-01,6.407151399192183572e-01,1.878189031779401219e+00,-1.912903956077227408e+00
2.159722222222222321e-01,7.775000000000000000e+01,5.289365459319966822e-01,6.400521511194000590e-01,1.872386876048271143e+00,-1.905917049409074027e+00
2.163194444444444531e-01,7.787500000000000000e+01,5.295856751689632658e-01,6.393915825516943707e-01,1.866600136075564187e+00,-1.898963501552905608e+00
2.166666666666666741e-01,7.800000000000000000e+01,5.302327978633355476e-01,6.387334225475455041e-01,1.860829266387805658e+00,-1.892043805060143358e+00
2.170138888888888951e-01,7.812500000000000000e+01,5.308779196044142168e-01,6.380776592681109971e-01,1.855074720639698915e+00,-1.885158448224169003e+00
2.173611111111111160e-01,7.825000000000000000e+01,5.315210461388629737e-01,6.374242807057451943e-01,1.849336951579795940e+00,-1.878307915054256760e+00
2.177083333333333370e-01,7.837500000000000000e+01,5.321621833703873428e-01,6.367732746854911641e-01,1.843616411016195666e+00,-1.871492685249857901e+00
2.180555555555555580e-01,7.850000000000000000e+01,5.328013373594022717e-01,6.361246288665813875e-01,1.837913549782271394e+00,-1.864713234175245704e+00
2.184027777777777790e-01,7.862500000000000000e+01,5.334385143226884063e-01,6.354783307439481055e-01,1.832228817702432178e+00,-1.857970032834522556e+00
2.187500000000000000e-01,7.875000000000000000e+01,5.340737206330349318e-01,6.348343676497403276e-01,1.826562663557909527e+00,-1.851263547846980329e+00
2.190972222222222210e-01,7.887500000000000000e+01,5.347069628188717560e-01,6.341927267548517211e-01,1.820915535052586298e+00,-1.844594241422827796e+00
2.194444444444444420e-01,7.900000000000000000e+01,5.353382475638897020e-01,6.335533950704550499e-01,1.815287878778864883e+00,-1.837962571339280871e+00
2.197916666666666630e-01,7.912500000000000000e+01,5.359675817066484882e-01,6.329163594495454959e-01,1.809680140183568930e+00,-1.831368990917016326e+00
2.201388888888888840e-01,7.925000000000000000e+01,5.365949722401729405e-01,6.322816065884927506e-01,1.804092763533898136e+00,-1.824813948996992341e+00
2.204861111111111327e-01,7.937500000000001421e+01,5.372204263115379907e-01,6.316491230285993241e-01,1.798526191883420111e+00,-1.818297889917631638e+00
2.208333333333333537e-01,7.950000000000001421e+01,5.378439512214402418e-01,6.310188951576695127e-01,1.792980867038118653e+00,-1.811821253492384098e+00
2.211805555555555747e-01,7.962500000000000000e+01,5.384655544237604285e-01,6.303909092115823620e-01,1.787457229522487312e+00,-1.805384474987645094e+00
2.215277777777777957e-01,7.975000000000000000e+01,5.390852435251113350e-01,6.297651512758759562e-01,1.781955718545677803e+00,-1.798987985101055953e+00
2.218750000000000167e-01,7.987500000000000000e+01,5.397030262843760529e-01,6.291416072873362575e-01,1.776476771967702817e+00,-1.792632209940167698e+00
2.222222222222222376e-01,8.000000000000000000e+01,5.403189106122330276e-01,6.285202630355960496e-01,1.771020826265704118e+00,-1.786317571001485360e+00
2.225694444444444586e-01,8.012500000000000000e+01,5.409329045706698924e-01,6.279011041647379887e-01,1.765588316500273258e+00,-1.780044485149880895e+00
2.229166666666666796e-01,8.025000000000000000e+01,5.415450163724871979e-01,6.272841161749067584e-01,1.760179676281839356e+00,-1.773813364598384901e+00
2.232638888888889006e-01,8.037500000000000000e+01,5.421552543807874880e-01,6.266692844239291071e-01,1.754795337737123262e+00,-1.767624616888351818e+00
2.236111111111111216e-01,8.050000000000000000e+01,5.427636271084546049e-01,6.260565941289369940e-01,1.749435731475656564e+00,-1.761478644870003940e+00
2.239583333333333426e-01,8.062500000000000000e+01,5.433701432176217816e-01,6.254460303680020594e-01,1.744101286556381192e+00,-1.755375846683352004e+00
2.243055555555555636e-01,8.075000000000000000e+01,5.439748115191269662e-01,6.248375780817725378e-01,1.738792430454306093e+00,-1.749316615739501035e+00
2.246527777777777846e-01,8.087500000000000000e+01,5.445776409719569333e-01,6.242312220751197183e-01,1.733509589027256270e+00,-1.743301340702327673e+00
2.250000000000000056e-01,8.100000000000000000e+01,5.451786406826804043e-01,6.236269470187889574e-01,1.728253186482689774e+00,-1.737330405470541628e+00
2.253472222222222265e-01,8.112500000000000000e+01,5.457778199048690659e-01,6.230247374510567981e-01,1.723023645344598398e+00,-1.731404189160133056e+00
2.256944444444444475e-01,8.125000000000000000e+01,5.463751880385068205e-01,6.224245777793956380e-01,1.717821386420494534e+00,-1.725523066087199631e+00
2.260416666666666685e-01,8.137500000000000000e+01,5.469707546293891554e-01,6.218264522821422835e-01,1.712646828768476404e+00,-1.719687405751151310e+00
2.263888888888888895e-01,8.150000000000000000e+01,5.475645293685089676e-01,6.212303451101743867e-01,1.707500389664390772e+00,-1.713897572818313009e+00
2.267361111111111105e-01,8.162500000000000000e+01,5.481565220914327297e-01,6.206362402885899909e-01,1.702382484569076926e+00,-1.708153927105899417e+00
2.270833333333333315e-01,8.175000000000000000e+01,5.487467427776641093e-01,6.200441217183952913e-01,1.697293527095712795e+00,-1.702456823566381061e+00
2.274305555555555525e-01,8.187500000000000000e+01,5.493352015499967100e-01,6.194539731781956160e-01,1.692233928977247448e+00,-1.696806612272236725e+00
2.277777777777777735e-01,8.200000000000000000e+01,5.499219086738565965e-01,6.188657783258929568e-01,1.687204100033941057e+00,-1.691203638401092224e+00
2.281250000000000222e-01,8.212500000000001421e+01,5.505068745566310540e-01,6.182795207003874971e-01,1.682204448140992570e+00,-1.685648242221248871e+00
2.284722222222222432e-01,8.225000000000001421e+01,5.510901097469886878e-01,6.176951837232854681e-01,1.677235379196286624e+00,-1.680140759077596746e+00
2.288194444444444642e-01,8.237500000000000000e+01,5.516716249341868661e-01,6.171127507006103352e-01,1.672297297088230383e+00,-1.674681519377915873e+00
2.291666666666666852e-01,8.250000000000000000e+01,5.522514309473685046e-01,6.165322048245199804e-01,1.667390603663706949e+00,-1.669270848579576194e+00
2.295138888888889062e-01,8.262500000000000000e+01,5.528295387548476381e-01,6.159535291750272146e-01,1.662515698696135358e+00,-1.663909067176615686e+00
2.298611111111111271e-01,8.275000000000000000e+01,5.534059594633838897e-01,6.153767067217259523e-01,1.657672979853642703e+00,-1.658596490687214819e+00
2.302083333333333481e-01,8.287500000000000000e+01,5.539807043174461709e-01,6.148017203255209395e-01,1.652862842667353949e+00,-1.653333429641562713e+00
2.305555555555555691e-01,8.300000000000000000e+01,5.545537846984645025e-01,6.142285527403613665e-01,1.648085680499795869e+00,-1.648120189570110306e+00
2.309027777777777901e-01,8.312500000000000000e+01,5.551252121240727311e-01,6.136571866149790333e-01,1.643341884513422668e+00,-1.642957070992220991e+00
2.312500000000000111e-01,8.325000000000000000e+01,5.556949982473381455e-01,6.130876044946308445e-01,1.638631843639259955e+00,-1.637844369405206280e+00
2.315972222222222321e-01,8.337500000000000000e+01,5.562631548559816563e-01,6.125197888228430809e-01,1.633955944545678163e+00,-1.632782375273759357e+00
2.319444444444444531e-01,8.350000000000000000e+01,5.568296938715865396e-01,6.119537219431622210e-01,1.629314571607288764e+00,-1.627771374019779227e+00
2.322916666666666741e-01,8.362500000000000000e+01,5.573946273487973002e-01,6.113893861009063180e-01,1.624708106873971492e+00,-1.622811646012590092e+00
2.326388888888888951e-01,8.375000000000000000e+01,5.579579674745059892e-01,6.108267634449217054e-01,1.620136930040031009e+00,-1.617903466559546866e+00
2.329861111111111160e-01,8.387500000000000000e+01,5.585197265670296396e-01,6.102658360293419237e-01,1.615601418413488366e+00,-1.613047105897042588e+00
2.333333333333333370e-01,8.400000000000000000e+01,5.590799170752768221e-01,6.097065858153498663e-01,1.611101946885509451e+00,-1.608242829181904199e+00
2.336805555555555580e-01,8.412500000000000000e+01,5.596385515779020992e-01,6.091489946729440330e-01,1.606638887899970669e+00,-1.603490896483185102e+00
2.340277777777777790e-01,8.425000000000000000e+01,5.601956427824518192e-01,6.085930443827043401e-01,1.602212611423162736e+00,-1.598791562774345643e+00
2.343750000000000000e-01,8.437500000000000000e+01,5.607512035244982540e-01,6.080387166375648134e-01,1.597823484913642567e+00,-1.594145077925836818e+00
2.347222222222222210e-01,8.450000000000000000e+01,5.613052467667638545e-01,6.074859930445855039e-01,1.593471873292227281e+00,-1.589551686698068123e+00
2.350694444444444420e-01,8.462500000000000000e+01,5.618577855982346270e-01,6.069348551267286229e-01,1.589158138912136087e+00,-1.585011628734777522e+00
2.354166666666666630e-01,8.475000000000000000e+01,5.624088332332635165e-01,6.063852843246358981e-01,1.584882641529280933e+00,-1.580525138556789777e+00
2.357638888888889117e-01,8.487500000000001421e+01,5.629584030106640213e-01,6.058372619984081497e-01,1.580645738272710155e+00,-1.576092445556171340e+00
2.361111111111111327e-01,8.500000000000001421e+01,5.635065083927919272e-01,6.052907694293876428e-01,1.576447783615208209e+00,-1.571713773990776719e+00
2.364583333333333537e-01,8.512500000000001421e+01,5.640531629646187151e-01,6.047457878219416605e-01,1.572289129344048852e+00,-1.567389342979194078e+00
2.368055555555555747e-01,8.525000000000000000e+01,5.645983804327936451e-01,6.042022983052469653e-01,1.568170124531909293e+00,-1.563119366496076967e+00
2.371527777777777957e-01,8.537500000000000000e+01,5.651421746246965139e-01,6.036602819350779248e-01,1.564091115507941332e+00,-1.558904053367877518e+00
2.375000000000000167e-01,8.550000000000000000e+01,5.656845594874795324e-01,6.031197196955933038e-01,1.560052445829015477e+00,-1.554743607268962435e+00
2.378472222222222376e-01,8.562500000000000000e+01,5.662255490871003216e-01,6.025805925011272768e-01,1.556054456251116491e+00,-1.550638226718135781e+00
2.381944444444444586e-01,8.575000000000000000e+01,5.667651576073440278e-01,6.020428811979788852e-01,1.552097484700918573e+00,-1.546588105075543229e+00
2.385416666666666796e-01,8.587500000000000000e+01,5.673033993488362237e-01,6.015065665662044925e-01,1.548181866247522187e+00,-1.542593430539972221e+00
2.388888888888889006e-01,8.600000000000000000e+01,5.678402887280457056e-01,6.009716293214101279e-01,1.544307933074371419e+00,-1.538654386146548037e+00
2.392361111111111216e-01,8.612500000000000000e+01,5.683758402762777440e-01,6.004380501165443862e-01,1.540476014451334752e+00,-1.534771149764818210e+00
2.395833333333333426e-01,8.625000000000000000e+01,5.689100686386575623e-01,5.999058095436929916e-01,1.536686436706971470e+00,-1.530943894097230196e+00
2.399305555555555636e-01,8.637500000000000000e+01,5.694429885731041585e-01,5.993748881358726965e-01,1.532939523200970156e+00,-1.527172786677994498e+00
2.402777777777777846e-01,8.650000000000000000e+01,5.699746149492950220e-01,5.988452663688257349e-01,1.529235594296771472e+00,-1.523457989872348817e+00
2.406250000000000056e-01,8.662500000000000000e+01,5.705049627476208585e-01,5.983169246628152749e-01,1.525574967334375476e+00,-1.519799660876211211e+00
2.409722222222222265e-01,8.675000000000000000e+01,5.710340470581306560e-01,5.977898433844198722e-01,1.521957956603322337e+00,-1.516197951716206527e+00
2.413194444444444475e-01,8.687500000000000000e+01,5.715618830794688687e-01,5.972640028483287011e-01,1.518384873315878458e+00,-1.512653009250110481e+00
2.416666666666666685e-01,8.700000000000000000e+01,5.720884861178010539e-01,5.967393833191356745e-01,1.514856025580392895e+00,-1.509164975167652356e+00
2.420138888888888895e-01,8.712500000000000000e+01,5.726138715857324035e-01,5.962159650131336752e-01,1.511371718374858730e+00,-1.505733985991734025e+00
2.423611111111111105e-01,8.725000000000000000e+01,5.731380550012160624e-01,5.956937281001093432e-01,1.507932253520657850e+00,-1.502360173080014238e+00
2.427083333333333315e-01,8.737500000000000000e+01,5.736610519864524527e-01,5.951726527051348636e-01,1.504537929656509121e+00,-1.499043662626895035e+00
2.430555555555555525e-01,8.750000000000000000e+01,5.741828782667794950e-01,5.946527189103610889e-01,1.501189042212605740e+00,-1.495784575665885408e+00
2.434027777777777735e-01,8.762500000000000000e+01,5.747035496695542811e-01,5.941339067568091048e-01,1.497885883384957761e+00,-1.492583028072354212e+00
2.437500000000000222e-01,8.775000000000001421e+01,5.752230821230263080e-01,5.936161962461603547e-01,1.494628742109932240e+00,-1.489439130566672986e+00
2.440972222222222432e-01,8.787500000000001421e+01,5.757414916551996109e-01,5.930995673425465409e-01,1.491417904039000097e+00,-1.486352988717731582e+00
2.444444444444444642e-01,8.800000000000000000e+01,5.762587943926894551e-01,5.925839999743367503e-01,1.488253651513681275e+00,-1.483324702946848372e+00
2.447916666666666852e-01,8.812500000000000000e+01,5.767750065595683706e-01,5.920694740359251362e-01,1.485136263540707713e+00,-1.480354368532059262e+00
2.451388888888889062e-01,8.825000000000000000e+01,5.772901444762029710e-01,5.915559693895151572e-01,1.482066015767383282e+00,-1.477442075612786399e+00
2.454861111111111271e-01,8.837500000000000000e+01,5.778042245580846670e-01,5.910434658669031505e-01,1.479043180457167095e+00,-1.474587909194891022e+00
2.458333333333333481e-01,8.850000000000000000e+01,5.783172633146492769e-01,5.905319432712605732e-01,1.476068026465455096e+00,-1.471791949156103785e+00
2.461805555555555691e-01,8.862500000000000000e+01,5.788292773480904208e-01,5.900213813789123574e-01,1.473140819215592145e+00,-1.469054270251840988e+00
2.465277777777777901e-01,8.875000000000000000e+01,5.793402833521630324e-01,5.895117599411153764e-01,1.470261820675089703e+00,-1.466374942121388525e+00
2.468750000000000111e-01,8.887500000000000000e+01,5.798502981109798782e-01,5.890030586858333583e-01,1.467431289332066457e+00,-1.463754029294474179e+00
2.472222222222222321e-01,8.900000000000000000e+01,5.803593384977987490e-01,5.884952573195103565e-01,1.464649480171908325e+00,-1.461191591198207407e+00
2.475694444444444531e-01,8.912500000000000000e+01,5.808674214738029917e-01,5.879883355288402225e-01,1.461916644654151387e+00,-1.458687682164403698e+00
2.479166666666666741e-01,8.925000000000000000e+01,5.813745640868726028e-01,5.874822729825354140e-01,1.459233030689588650e+00,-1.456242351437270210e+00
2.482638888888888951e-01,8.937500000000000000e+01,5.818807834703481063e-01,5.869770493330920269e-01,1.456598882617605284e+00,-1.453855643181481305e+00
2.486111111111111160e-01,8.950000000000000000e+01,5.823860968417874373e-01,5.864726442185513866e-01,1.454014441183733020e+00,-1.451527596490613581e+00
2.489583333333333370e-01,8.962500000000000000e+01,5.828905215017128327e-01,5.859690372642600842e-01,1.451479943517447024e+00,-1.449258245395957045e+00
2.493055555555555580e-01,8.975000000000000000e+01,5.833940748323528380e-01,5.854662080846256833e-01,1.448995623110184372e+00,-1.447047618875696440e+00
2.496527777777777790e-01,8.987500000000000000e+01,5.838967742963742102e-01,5.849641362848699844e-01,1.446561709793597439e+00,-1.444895740864454936e+00
2.500000000000000000e-01,9.000000000000000000e+01,5.843986374356081592e-01,5.844628014627779589e-01,1.444178429718046441e+00,-1.442802630263221975e+00
2.503472222222222210e-01,9.012500000000000000e+01,5.848996818697679290e-01,5.839621832104446852e-01,1.441846005331323344e+00,-1.440768300949624381e+00
2.506944444444444420e-01,9.025000000000000000e+01,5.853999252951597176e-01,5.834622611160167338e-01,1.439564655357617351e+00,-1.438792761788582952e+00
2.510416666666666630e-01,9.037500000000000000e+01,5.858993854833864923e-01,5.829630147654315531e-01,1.437334594776717767e+00,-1.436876016643319431e+00
2.513888888888888840e-01,9.050000000000000000e+01,5.863980802800432546e-01,5.824644237441517491e-01,1.435156034803460656e+00,-1.435018064386734737e+00
2.517361111111111049e-01,9.062500000000000000e+01,5.868960276034077550e-01,5.819664676388958124e-01,1.433029182867420204e+00,-1.433218898913142469e+00
2.520833333333333259e-01,9.075000000000000000e+01,5.873932454431212147e-01,5.814691260393652916e-01,1.430954242592840320e+00,-1.431478509150363454e+00
2.524305555555555469e-01,9.087500000000000000e+01,5.878897518588644955e-01,5.809723785399661944e-01,1.428931413778817161e+00,-1.429796879072183557e+00
2.527777777777777679e-01,9.100000000000000000e+01,5.883855649790260545e-01,5.804762047415279458e-01,1.426960892379728119e+00,-1.428173987711161441e+00
2.531249999999999889e-01,9.112500000000000000e+01,5.888807029993636810e-01,5.799805842530157962e-01,1.425042870485909940e+00,-1.426609809171790033e+00
2.534722222222222099e-01,9.125000000000000000e+01,5.893751841816600168e-01,5.794854966932401208e-01,1.423177536304590429e+00,-1.425104312644030369e+00
2.538194444444444309e-01,9.137500000000000000e+01,5.898690268523700819e-01,5.789909216925611668e-01,1.421365074141072160e+00,-1.423657462417170061e+00
2.541666666666666519e-01,9.150000000000000000e+01,5.903622494012641386e-01,5.784968388945863627e-01,1.419605664380168886e+00,-1.422269217894057913e+00
2.545138888888888729e-01,9.162500000000000000e+01,5.908548702800624497e-01,5.780032279578665166e-01,1.417899483467901067e+00,-1.420939533605670935e+00
2.548611111111110938e-01,9.175000000000000000e+01,5.913469080010648193e-01,5.775100685575835779e-01,1.416246703893446979e+00,-1.419668359226039511e+00
2.552083333333333703e-01,9.187500000000001421e+01,5.918383811357739166e-01,5.770173403872346229e-01,1.414647494171352715e+00,-1.418455639587510531e+00
2.555555555555555913e-01,9.200000000000001421e+01,5.923293083135112713e-01,5.765250231603111786e-01,1.413102018824005324e+00,-1.417301314696367109e+00
2.559027777777778123e-01,9.212500000000001421e+01,5.928197082200291623e-01,5.760330966119706630e-01,1.411610438364364839e+00,-1.416205319748777613e+00
2.562500000000000333e-01,9.225000000000001421e+01,5.933095995961148450e-01,5.755415405007050511e-01,1.410172909278959663e+00,-1.415167585147096396e+00
2.565972222222222543e-01,9.237500000000001421e+01,5.937990012361896719e-01,5.750503346100015456e-01,1.408789584011151952e+00,-1.414188036516498048e+00
2.569444444444444753e-01,9.250000000000001421e+01,5.942879319869024402e-01,5.745594587499998074e-01,1.407460610944661461e+00,-1.413266594721952707e+00
2.572916666666666963e-01,9.262500000000001421e+01,5.947764107457167437e-01,5.740688927591396373e-01,1.406186134387363618e+00,-1.412403175885538209e+00
2.576388888888889173e-01,9.275000000000001421e+01,5.952644564594933296e-01,5.735786165058069930e-01,1.404966294555351380e+00,-1.411597691404082422e+00
2.579861111111111382e-01,9.287500000000001421e+01,5.957520881230666809e-01,5.730886098899700132e-01,1.403801227557274878e+00,-1.410850047967146859e+00
2.583333333333333592e-01,9.300000000000001421e+01,5.962393247778153826e-01,5.725988528448112680e-01,1.402691065378943946e+00,-1.410160147575326706e+00
2.586805555555555802e-01,9.312500000000001421e+01,5.967261855102287127e-01,5.721093253383516819e-01,1.401635935868209115e+00,-1.409527887558898351e+00
2.590277777777778012e-01,9.325000000000001421e+01,5.972126894504670158e-01,5.716200073750701272e-01,1.400635962720114813e+00,-1.408953160596774445e+00
2.593750000000000222e-01,9.337500000000001421e+01,5.976988557709174144e-01,5.711308789975143574e-01,1.399691265462334133e+00,-1.408435854735802240e+00
2.597222222222222432e-01,9.350000000000001421e+01,5.981847036847437460e-01,5.706419202879055019e-01,1.398801959440865383e+00,-1.407975853410373457e+00
2.600694444444444642e-01,9.362500000000000000e+01,5.986702524444327267e-01,5.701531113697374531e-01,1.397968155806027069e+00,-1.407573035462359679e+00
2.604166666666666852e-01,9.375000000000000000e+01,5.991555213403343405e-01,5.696644324093669276e-01,1.397189961498714439e+00,-1.407227275161366364e+00
2.607638888888889062e-01,9.387500000000000000e+01,5.996405296991986766e-01,5.691758636175980879e-01,1.396467479236948916e+00,-1.406938442225305064e+00
2.611111111111111271e-01,9.400000000000000000e+01,6.001252968827061052e-01,5.686873852512588368e-01,1.395800807502700858e+00,-1.406706401841282705e+00
2.614583333333333481e-01,9.412500000000000000e+01,6.006098422859950103e-01,5.681989776147708948e-01,1.395190040529000752e+00,-1.406531014686796643e+00
2.618055555555555691e-01,9.425000000000000000e+01,6.010941853361838616e-01,5.677106210617115511e-01,1.394635268287330643e+00,-1.406412136951252334e+00
2.621527777777777901e-01,9.437500000000000000e+01,6.015783454908903982e-01,5.672222959963684197e-01,1.394136576475303091e+00,-1.406349620357783436e+00
2.625000000000000111e-01,9.450000000000000000e+01,6.020623422367435973e-01,5.667339828752863129e-01,1.393694046504625694e+00,-1.406343312185381222e+00
2.628472222222222321e-01,9.462500000000000000e+01,6.025461950878957529e-01,5.662456622088062330e-01,1.393307755489353594e+00,-1.406393055291324634e+00
2.631944444444444531e-01,9.475000000000000000e+01,6.030299235845261174e-01,5.657573145625975908e-01,1.392977776234427534e+00,-1.406498688133921871e+00
2.635416666666666741e-01,9.487500000000000000e+01,6.035135472913443211e-01,5.652689205591803212e-01,1.392704177224503237e+00,-1.406660044795545517e+00
2.638888888888888951e-01,9.500000000000000000e+01,6.039970857960876849e-01,5.647804608794416703e-01,1.392487022613074332e+00,-1.406876955005970542e+00
2.642361111111111160e-01,9.512500000000000000e+01,6.044805587080148701e-01,5.642919162641423236e-01,1.392326372211882379e+00,-1.407149244166002067e+00
2.645833333333333370e-01,9.525000000000000000e+01,6.049639856563985285e-01,5.638032675154157625e-01,1.392222281480616219e+00,-1.407476733371412436e+00
2.649305555555555580e-01,9.537500000000000000e+01,6.054473862890099589e-01,5.633144954982590713e-01,1.392174801516917304e+00,-1.407859239437148746e+00
2.652777777777777790e-01,9.550000000000000000e+01,6.059307802706045409e-01,5.628255811420149746e-01,1.392183979046664799e+00,-1.408296574921852784e+00
2.656250000000000000e-01,9.562500000000000000e+01,6.064141872814016176e-01,5.623365054418449915e-01,1.392249856414565112e+00,-1.408788548152647202e+00
2.659722222222222210e-01,9.575000000000000000e+01,6.068976270155613806e-01,5.618472494601952638e-01,1.392372471575032078e+00,-1.409334963250222339e+00
2.663194444444444420e-01,9.587500000000000000e+01,6.073811191796593123e-01,5.613577943282517246e-01,1.392551858083372673e+00,-1.409935620154203928e+00
2.666666666666666630e-01,9.600000000000000000e+01,6.078646834911565211e-01,5.608681212473882738e-01,1.392788045087257398e+00,-1.410590314648788368e+00
2.670138888888888840e-01,9.612500000000000000e+01,6.083483396768695206e-01,5.603782114906041834e-01,1.393081057318501514e+00,-1.411298838388675758e+00
2.673611111111111049e-01,9.625000000000000000e+01,6.088321074714336811e-01,5.598880464039547311e-01,1.393430915085141164e+00,-1.412060978925262278e+00
2.677083333333333259e-01,9.637500000000000000e+01,6.093160066157666810e-01,5.593976074079701766e-01,1.393837634263805025e+00,-1.412876519733113900e+00
2.680555555555555469e-01,9.650000000000000000e+01,6.098000568555288492e-01,5.589068759990670765e-01,1.394301226292399054e+00,-1.413745240236712331e+00
2.684027777777777679e-01,9.662500000000000000e+01,6.102842779395797335e-01,5.584158337509504966e-01,1.394821698163082546e+00,-1.414666915837463179e+00
2.687499999999999889e-01,9.675000000000000000e+01,6.107686896184348901e-01,5.579244623160046768e-01,1.395399052415545071e+00,-1.415641317940974808e+00
2.690972222222222099e-01,9.687500000000000000e+01,6.112533116427169011e-01,5.574327434266775905e-01,1.396033287130599598e+00,-1.416668213984602298e+00
2.694444444444444309e-01,9.700000000000000000e+01,6.117381637616075007e-01,5.569406588968525140e-01,1.396724395924069606e+00,-1.417747367465245212e+00
2.697916666666666519e-01,9.712500000000000000e+01,6.122232657212952622e-01,5.564481906232121577e-01,1.397472367940978843e+00,-1.418878537967411368e+00
2.701388888888888729e-01,9.725000000000000000e+01,6.127086372634231726e-01,5.559553205865915837e-01,1.398277187850056169e+00,-1.420061481191538855e+00
2.704861111111110938e-01,9.737500000000000000e+01,6.131942981235325441e-01,5.554620308533227968e-01,1.399138835838537487e+00,-1.421295948982556734e+00
2.708333333333333703e-01,9.750000000000001421e+01,6.136802680295065926e-01,5.549683035765674566e-01,1.400057287607277212e+00,-1.422581689358715762e+00
2.711805555555555913e-01,9.762500000000001421e+01,6.141665667000121287e-01,5.544741209976417062e-01,1.401032514366172377e+00,-1.423918446540653804e+00
2.715277777777778123e-01,9.775000000000001421e+01,6.146532138429385839e-01,5.539794654473282343e-01,1.402064482829880054e+00,-1.425305960980716824e+00
2.718750000000000333e-01,9.787500000000001421e+01,6.151402291538372591e-01,5.534843193471811196e-01,1.403153155213860526e+00,-1.426743969392509470e+00
2.722222222222222543e-01,9.800000000000001421e+01,6.156276323143582418e-01,5.529886652108173539e-01,1.404298489230717539e+00,-1.428232204780706338e+00
2.725694444444444753e-01,9.812500000000001421e+01,6.161154429906861019e-01,5.524924856452009259e-01,1.405500438086852100e+00,-1.429770396471082394e+00
2.729166666666666963e-01,9.825000000000001421e+01,6.166036808319749207e-01,5.519957633519139151e-01,1.406758950479422676e+00,-1.431358270140785205e+00
2.732638888888889173e-01,9.837500000000001421e+01,6.170923654687819893e-01,5.514984811284182609e-01,1.408073970593621826e+00,-1.432995547848848306e+00
2.736111111111111382e-01,9.850000000000001421e+01,6.175815165115009497e-01,5.510006218693072055e-01,1.409445438100257020e+00,-1.434681948066919066e+00
2.739583333333333592e-01,9.862500000000001421e+01,6.180711535487934949e-01,5.505021685675450804e-01,1.410873288153645211e+00,-1.436417185710227695e+00
2.743055555555555802e-01,9.875000000000001421e+01,6.185612961460210668e-01,5.500031043156969890e-01,1.412357451389820051e+00,-1.438200972168769187e+00
2.746527777777778012e-01,9.887500000000001421e+01,6.190519638436763339e-01,5.495034123071470544e-01,1.413897853925049075e+00,-1.440033015338719524e+00
2.750000000000000222e-01,9.900000000000001421e+01,6.195431761558123362e-01,5.490030758373065645e-01,1.415494417354663081e+00,-1.441913019654058159e+00
2.753472222222222432e-01,9.912500000000001421e+01,6.200349525684735186e-01,5.485020783048105697e-01,1.417147058752199706e+00,-1.443840686118413652e+00
2.756944444444444642e-01,9.925000000000000000e+01,6.205273125381253196e-01,5.480004032127028246e-01,1.418855690668856306e+00,-1.445815712337126691e+00
2.760416666666666852e-01,9.937500000000000000e+01,6.210202754900835398e-01,5.474980341696106256e-01,1.420620221133258365e+00,-1.447837792549511615e+00
2.763888888888889062e-01,9.950000000000000000e+01,6.215138608169451517e-01,5.469949548909081027e-01,1.422440553651544981e+00,-1.449906617661342656e+00
2.767361111111111271e-01,9.962500000000000000e+01,6.220080878770163357e-01,5.464911491998674098e-01,1.424316587207757667e+00,-1.452021875277524909e+00
2.770833333333333481e-01,9.975000000000000000e+01,6.225029759927434014e-01,5.459866010287999227e-01,1.426248216264553115e+00,-1.454183249734986916e+00
2.774305555555555691e-01,9.987500000000000000e+01,6.229985444491437097e-01,5.454812944201846703e-01,1.428235330764223709e+00,-1.456390422135761531e+00
2.777777777777777901e-01,1.000000000000000000e+02,6.234948124922343737e-01,5.449752135277856624e-01,1.430277816130035573e+00,-1.458643070380263751e+00
2.781250000000000111e-01,1.001250000000000000e+02,6.239917993274656238e-01,5.444683426177584495e-01,1.432375553267879909e+00,-1.460940869200771264e+00
2.784722222222222321e-01,1.002500000000000000e+02,6.244895241181510626e-01,5.439606660697438034e-01,1.434528418568235875e+00,-1.463283490195079306e+00
2.788194444444444531e-01,1.003750000000000000e+02,6.249880059839008073e-01,5.434521683779501844e-01,1.436736283908453204e+00,-1.465670601860363353e+00
2.791666666666666741e-01,1.005000000000000000e+02,6.254872639990548544e-01,5.429428341522246626e-01,1.438999016655343466e+00,-1.468101869627209899e+00
2.795138888888888951e-01,1.006250000000000000e+02,6.259873171911169987e-01,5.424326481191118488e-01,1.441316479668091066e+00,-1.470576955893837301e+00
2.798611111111111160e-01,1.007500000000000000e+02,6.264881845391913062e-01,5.419215951229003903e-01,1.443688531301477340e+00,-1.473095520060498709e+00
2.802083333333333370e-01,1.008750000000000000e+02,6.269898849724171441e-01,5.414096601266583653e-01,1.446115025409416610e+00,-1.475657218564052631e+00
2.805555555555555580e-01,1.010000000000000000e+02,6.274924373684086509e-01,5.408968282132561312e-01,1.448595811348811102e+00,-1.478261704912711805e+00
2.809027777777777790e-01,1.011250000000000000e+02,6.279958605516924308e-01,5.403830845863770715e-01,1.451130733983715837e+00,-1.480908629720964598e+00
2.812500000000000000e-01,1.012500000000000000e+02,6.285001732921496886e-01,5.398684145715159088e-01,1.453719633689824597e+00,-1.483597640744659829e+00
2.815972222222222210e-01,1.013750000000000000e+02,6.290053943034576989e-01,5.393528036169663586e-01,1.456362346359261206e+00,-1.486328382916255908e+00
2.819444444444444420e-01,1.015000000000000000e+02,6.295115422415340500e-01,5.388362372947935741e-01,1.459058703405694546e+00,-1.489100498380232507e+00
2.822916666666666630e-01,1.016250000000000000e+02,6.300186357029832207e-01,5.383187013017977085e-01,1.461808531769762443e+00,-1.491913626528664549e+00
2.826388888888888840e-01,1.017500000000000000e+02,6.305266932235431554e-01,5.378001814604623787e-01,1.464611653924808632e+00,-1.494767404036942304e+00
2.829861111111111049e-01,1.018750000000000000e+02,6.310357332765365035e-01,5.372806637198921376e-01,1.467467887882940136e+00,-1.497661464899654238e+00
2.833333333333333259e-01,1.020000000000000000e+02,6.315457742713216360e-01,5.367601341567368456e-01,1.470377047201391063e+00,-1.500595440466608421e+00
2.836805555555555469e-01,1.021250000000000000e+02,6.320568345517477704e-01,5.362385789761039412e-01,1.473338940989203483e+00,-1.503568959479013811e+00
2.840277777777777679e-01,1.022500000000000000e+02,6.325689323946112053e-01,5.357159845124576103e-01,1.476353373914219613e+00,-1.506581648105788318e+00
2.843749999999999889e-01,1.023750000000000000e+02,6.330820860081139978e-01,5.351923372305059656e-01,1.479420146210394416e+00,-1.509633129980022304e+00
2.847222222222222099e-01,1.025000000000000000e+02,6.335963135303273042e-01,5.346676237260752362e-01,1.482539053685407726e+00,-1.512723026235569312e+00
2.850694444444444309e-01,1.026250000000000000e+02,6.341116330276541646e-01,5.341418307269706345e-01,1.485709887728599909e+00,-1.515850955543772693e+00
2.854166666666666519e-01,1.027500000000000000e+02,6.346280624932979508e-01,5.336149450938251215e-01,1.488932435319215930e+00,-1.519016534150330777e+00
2.857638888888888729e-01,1.028750000000000000e+02,6.351456198457313684e-01,5.330869538209362934e-01,1.492206479034963174e+00,-1.522219375912274852e+00
2.861111111111111494e-01,1.030000000000000142e+02,6.356643229271713436e-01,5.325578440370875022e-01,1.495531797060873247e+00,-1.525459092335088584e+00
2.864583333333333703e-01,1.031250000000000142e+02,6.361841895020534654e-01,5.320276030063599837e-01,1.498908163198485077e+00,-1.528735292609934238e+00
2.868055555555555913e-01,1.032500000000000142e+02,6.367052372555134232e-01,5.314962181289277776e-01,1.502335346875332878e+00,-1.532047583651011902e+00
2.871527777777778123e-01,1.033750000000000142e+02,6.372274837918683321e-01,5.309636769418436542e-01,1.505813113154744753e+00,-1.535395570133021081e+00
2.875000000000000333e-01,1.035000000000000142e+02,6.377509466331042765e-01,5.304299671198092758e-01,1.509341222745951505e+00,-1.538778854528743967e+00
2.878472222222222543e-01,1.036250000000000142e+02,6.382756432173657402e-01,5.298950764759333687e-01,1.512919432014507404e+00,-1.542197037146728844e+00
2.881944444444444753e-01,1.037500000000000142e+02,6.388015908974493673e-01,5.293589929624766821e-01,1.516547492993011392e+00,-1.545649716169091192e+00
2.885416666666666963e-01,1.038750000000000142e+02,6.393288069393012751e-01,5.288217046715837366e-01,1.520225153392148698e+00,-1.549136487689410924e+00
2.888888888888889173e-01,1.040000000000000142e+02,6.398573085205184752e-01,5.282831998360015824e-01,1.523952156612031983e+00,-1.552656945750722883e+00
2.892361111111111382e-01,1.041250000000000142e+02,6.403871127288540688e-01,5.277434668297849019e-01,1.527728241753845584e+00,-1.556210682383621924e+00
2.895833333333333592e-01,1.042500000000000142e+02,6.409182365607268839e-01,5.272024941689884558e-01,1.531553143631811276e+00,-1.559797287644441477e+00
2.899305555555555802e-01,1.043750000000000142e+02,6.414506969197346642e-01,5.266602705123453187e-01,1.535426592785444244e+00,-1.563416349653537374e+00
2.902777777777778012e-01,1.045000000000000142e+02,6.419845106151722547e-01,5.261167846619334565e-01,1.539348315492124808e+00,-1.567067454633652712e+00
2.906250000000000222e-01,1.046250000000000142e+02,6.425196943605535616e-01,5.255720255638272054e-01,1.543318033779965237e+00,-1.570750186948359994e+00
2.909722222222222432e-01,1.047500000000000142e+02,6.430562647721390634e-01,5.250259823087358724e-01,1.547335465440992319e+00,-1.574464129140606072e+00
2.913194444444444642e-01,1.048750000000000000e+02,6.435942383674665423e-01,5.244786441326303450e-01,1.551400324044623025e+00,-1.578208861971304833e+00
2.916666666666666852e-01,1.050000000000000000e+02,6.441336315638880317e-01,5.239300004173538250e-01,1.555512318951449480e+00,-1.581983964458029579e+00
2.920138888888889062e-01,1.051250000000000000e+02,6.446744606771098729e-01,5.233800406912214598e-01,1.559671155327319481e+00,-1.585789013913762924e+00
2.923611111111111271e-01,1.052500000000000000e+02,6.452167419197395448e-01,5.228287546296046528e-01,1.563876534157723874e+00,-1.589623585985720844e+00
2.927083333333333481e-01,1.053750000000000000e+02,6.457604913998366003e-01,5.222761320555033837e-01,1.568128152262479924e+00,-1.593487254694238020e+00
2.930555555555555691e-01,1.055000000000000000e+02,6.463057251194682662e-01,5.217221629401039840e-01,1.572425702310718654e+00,-1.597379592471716903e+00
2.934027777777777901e-01,1.056250000000000000e+02,6.468524589732715935e-01,5.211668374033235906e-01,1.576768872836164848e+00,-1.601300170201638284e+00
2.937500000000000111e-01,1.057500000000000000e+02,6.474007087470197153e-01,5.206101457143418321e-01,1.581157348252720585e+00,-1.605248557257617170e+00
2.940972222222222321e-01,1.058750000000000000e+02,6.479504901161945440e-01,5.200520782921174145e-01,1.585590808870341428e+00,-1.609224321542529479e+00
2.944444444444444531e-01,1.060000000000000000e+02,6.485018186445636879e-01,5.194926257058927188e-01,1.590068930911209932e+00,-1.613227029527662948e+00
2.947916666666666741e-01,1.061250000000000000e+02,6.490547097827658041e-01,5.189317786756834083e-01,1.594591386526207355e+00,-1.617256246291939092e+00
2.951388888888888951e-01,1.062500000000000000e+02,6.496091788668975076e-01,5.183695280727560473e-01,1.599157843811674251e+00,-1.621311535561158923e+00
2.954861111111111160e-01,1.063750000000000000e+02,6.501652411171098267e-01,5.178058649200900643e-01,1.603767966826465052e+00,-1.625392459747295959e+00
2.958333333333333370e-01,1.065000000000000000e+02,6.507229116362098775e-01,5.172407803928278369e-01,1.608421415609300853e+00,-1.629498579987830986e+00
2.961805555555555580e-01,1.066250000000000000e+02,6.512822054082665346e-01,5.166742658187101211e-01,1.613117846196405969e+00,-1.633629456185104356e+00
2.965277777777777790e-01,1.067500000000000000e+02,6.518431372972246507e-01,5.161063126784977140e-01,1.617856910639437595e+00,-1.637784647045718023e+00
2.968750000000000000e-01,1.068750000000000000e+02,6.524057220455244943e-01,5.155369126063807927e-01,1.622638257023707675e+00,-1.641963710119944242e+00
2.972222222222222210e-01,1.070000000000000000e+02,6.529699742727284040e-01,5.149660573903723781e-01,1.627461529486685876e+00,-1.646166201841176235e+00
2.975694444444444420e-01,1.071250000000000000e+02,6.535359084741515501e-01,5.143937389726903620e-01,1.632326368236795444e+00,-1.650391677565384185e+00
2.979166666666666630e-01,1.072500000000000000e+02,6.541035390195032440e-01,5.138199494501239917e-01,1.637232409572494385e+00,-1.654639691610599206e+00
2.982638888888888840e-01,1.073750000000000000e+02,6.546728801515309115e-01,5.132446810743875876e-01,1.642179285901637309e+00,-1.658909797296404864e+00
2.986111111111111049e-01,1.075000000000000000e+02,6.552439459846732817e-01,5.126679262524607150e-01,1.647166625761127490e+00,-1.663201546983442025e+00
2.989583333333333259e-01,1.076250000000000000e+02,6.558167505037196809e-01,5.120896775469139239e-01,1.652194053836843146e+00,-1.667514492112922353e+00
2.993055555555555469e-01,1.077500000000000000e+02,6.563913075624765447e-01,5.115099276762211655e-01,1.657261190983851495e+00,-1.671848183246142927e+00
2.996527777777777679e-01,1.078750000000000000e+02,6.569676308824402566e-01,5.109286695150587754e-01,1.662367654246900806e+00,-1.676202170104003519e+00
2.999999999999999889e-01,1.080000000000000000e+02,6.575457340514785365e-01,5.103458960945899126e-01,1.667513056881192890e+00,-1.680576001606527425e+00
3.003472222222222099e-01,1.081250000000000000e+02,6.581256305225177128e-01,5.097616006027363422e-01,1.672697008373429162e+00,-1.684969225912366753e+00
3.006944444444444309e-01,1.082500000000000000e+02,6.587073336122380995e-01,5.091757763844352302e-01,1.677919114463133132e+00,-1.689381390458308374e+00
3.010416666666666519e-01,1.083750000000000000e+02,6.592908564997761456e-01,5.085884169418838363e-01,1.683178977164257129e+00,-1.693812041998764117e+00
3.013888888888888729e-01,1.085000000000000000e+02,6.598762122254360207e-01,5.079995159347686640e-01,1.688476194787048801e+00,-1.698260726645250296e+00
3.017361111111111494e-01,1.086250000000000142e+02,6.604634136894054208e-01,5.074090671804827313e-01,1.693810361960204069e+00,-1.702726989905840593e+00
3.020833333333333703e-01,1.087500000000000142e+02,6.610524736504825860e-01,5.068170646543275204e-01,1.699181069653272314e+00,-1.707210376724612511e+00
3.024305555555555913e-01,1.088750000000000142e+02,6.616434047248096473e-01,5.062235024897024926e-01,1.704587905199355768e+00,-1.711710431521053399e+00
3.027777777777778123e-01,1.090000000000000142e+02,6.622362193846133005e-01,5.056283749782798376e-01,1.710030452318059835e+00,-1.716226698229456948e+00
3.031250000000000333e-01,1.091250000000000142e+02,6.628309299569542512e-01,5.050316765701665656e-01,1.715508291138711838e+00,-1.720758720338271708e+00
3.034722222222222543e-01,1.092500000000000142e+02,6.634275486224853191e-01,5.044334018740523895e-01,1.721020998223850684e+00,-1.725306040929430962e+00
3.038194444444444753e-01,1.093750000000000142e+02,6.640260874142163150e-01,5.038335456573440618e-01,1.726568146592977637e+00,-1.729868202717634862e+00
3.041666666666666963e-01,1.095000000000000142e+02,6.646265582162883545e-01,5.032321028462862778e-01,1.732149305746570889e+00,-1.734444748089600363e+00
3.045138888888889173e-01,1.096250000000000142e+02,6.652289727627562765e-01,5.026290685260678126e-01,1.737764041690358585e+00,-1.739035219143268751e+00
3.048611111111111382e-01,1.097500000000000142e+02,6.658333426363789442e-01,5.020244379409163349e-01,1.743411916959856089e+00,-1.743639157726957656e+00
3.052083333333333592e-01,1.098750000000000142e+02,6.664396792674194270e-01,5.014182064941772321e-01,1.749092490645156373e+00,-1.748256105478478872e+00
3.055555555555555802e-01,1.100000000000000142e+02,6.670479939324518437e-01,5.008103697483805572e-01,1.754805318415974424e+00,-1.752885603864190234e+00
3.059027777777778012e-01,1.101250000000000142e+02,6.676582977531795304e-01,5.002009234252933201e-01,1.760549952546963448e+00,-1.757527194218000854e+00
3.062500000000000222e-01,1.102500000000000142e+02,6.682706016952595363e-01,4.995898634059593446e-01,1.766325941943259092e+00,-1.762180417780316644e+00
3.065972222222222432e-01,1.103750000000000142e+02,6.688849165671374442e-01,4.989771857307244152e-01,1.772132832166294802e+00,-1.766844815736922980e+00
3.069444444444444642e-01,1.105000000000000000e+02,6.695012530188911848e-01,4.983628865992481005e-01,1.777970165459860308e+00,-1.771519929257802550e+00
3.072916666666666852e-01,1.106250000000000000e+02,6.701196215410832879e-01,4.977469623705042534e-01,1.783837480776408135e+00,-1.776205299535888127e+00
3.076388888888889062e-01,1.107500000000000000e+02,6.707400324636223488e-01,4.971294095627639131e-01,1.789734313803608368e+00,-1.780900467825745181e+00
3.079861111111111271e-01,1.108750000000000000e+02,6.713624959546351523e-01,4.965102248535692708e-01,1.795660196991148982e+00,-1.785604975482177448e+00
3.083333333333333481e-01,1.110000000000000000e+02,6.719870220193460142e-01,4.958894050796913144e-01,1.801614659577779776e+00,-1.790318363998756990e+00
3.086805555555555691e-01,1.111250000000000000e+02,6.726136204989670020e-01,4.952669472370743731e-01,1.807597227618591873e+00,-1.795040175046282771e+00
3.090277777777777901e-01,1.112500000000000000e+02,6.732423010695970378e-01,4.946428484807692816e-01,1.813607424012551483e+00,-1.799769950511140193e+00
3.093750000000000111e-01,1.113750000000000000e+02,6.738730732411315483e-01,4.940171061248505580e-01,1.819644768530256806e+00,-1.804507232533594463e+00
3.097222222222222321e-01,1.115000000000000000e+02,6.745059463561801083e-01,4.933897176423224784e-01,1.825708777841939190e+00,-1.809251563545977826e+00
3.100694444444444531e-01,1.116250000000000000e+02,6.751409295889956308e-01,4.927606806650107751e-01,1.831798965545698987e+00,-1.814002486310798412e+00
3.104166666666666741e-01,1.117500000000000000e+02,6.757780319444117723e-01,4.921299929834411224e-01,1.837914842195972787e+00,-1.818759543958748282e+00
3.107638888888888951e-01,1.118750000000000000e+02,6.764172622567918847e-01,4.914976525467054658e-01,1.844055915332231566e+00,-1.823522280026612208e+00
3.111111111111111160e-01,1.120000000000000000e+02,6.770586291889871822e-01,4.908636574623133630e-01,1.850221689507911771e+00,-1.828290238495084763e+00
3.114583333333333370e-01,1.121250000000000000e+02,6.777021412313036786e-01,4.902280059960323899e-01,1.856411666319565557e+00,-1.833062963826474823e+00
3.118055555555555580e-01,1.122500000000000000e+02,6.783478067004823364e-01,4.895906965717133352e-01,1.862625344436248609e+00,-1.837840001002306600e+00
3.121527777777777790e-01,1.123750000000000000e+02,6.789956337386866547e-01,4.889517277711045162e-01,1.868862219629121579e+00,-1.842620895560815208e+00
3.125000000000000000e-01,1.125000000000000000e+02,6.796456303125019138e-01,4.883110983336508282e-01,1.875121784801277336e+00,-1.847405193634324538e+00
3.128472222222222210e-01,1.126250000000000000e+02,6.802978042119444124e-01,4.876688071562823579e-01,1.881403530017790260e+00,-1.852192441986516336e+00
3.131944444444444420e-01,1.127500000000000000e+02,6.809521630494811406e-01,4.870248532931872321e-01,1.887706942535978039e+00,-1.856982188049572491e+00
3.135416666666666630e-01,1.128750000000000000e+02,6.816087142590611103e-01,4.863792359555739186e-01,1.894031506835885947e+00,-1.861773979961210079e+00
3.138888888888888840e-01,1.130000000000000000e+02,6.822674650951547903e-01,4.857319545114198722e-01,1.900376704650981186e+00,-1.866567366601573852e+00
3.142361111111111049e-01,1.131250000000000000e+02,6.829284226318074191e-01,4.850830084852069679e-01,1.906742014999059931e+00,-1.871361897630026583e+00
3.145833333333333259e-01,1.132500000000000000e+02,6.835915937616999782e-01,4.844323975576450558e-01,1.913126914213364005e+00,-1.876157123521784209e+00
3.149305555555555469e-01,1.133750000000000000e+02,6.842569851952233773e-01,4.837801215653815268e-01,1.919530875973912032e+00,-1.880952595604440392e+00
3.152777777777777679e-01,1.135000000000000000e+02,6.849246034595627419e-01,4.831261805007001642e-01,1.925953371339024223e+00,-1.885747866094342307e+00
3.156249999999999889e-01,1.136250000000000000e+02,6.855944548977918052e-01,4.824705745112053967e-01,1.932393868777064094e+00,-1.890542488132836541e+00
3.159722222222222099e-01,1.137500000000000000e+02,6.862665456679805098e-01,4.818133038994948381e-01,1.938851834198374258e+00,-1.895336015822369102e+00
3.163194444444444309e-01,1.138750000000000000e+02,6.869408817423104940e-01,4.811543691228199471e-01,1.945326730987414265e+00,-1.900128004262446879e+00
3.166666666666666519e-01,1.140000000000000000e+02,6.876174689062055645e-01,4.804937707927330881e-01,1.951818020035098522e+00,-1.904918009585451655e+00
3.170138888888889284e-01,1.141250000000000142e+02,6.882963127574703854e-01,4.798315096747226560e-01,1.958325159771328261e+00,-1.909705588992301362e+00
3.173611111111111494e-01,1.142500000000000142e+02,6.889774187054416021e-01,4.791675866878365442e-01,1.964847606197714036e+00,-1.914490300787964561e+00
3.177083333333333703e-01,1.143750000000000142e+02,6.896607919701510658e-01,4.785020029042919010e-01,1.971384812920495611e+00,-1.919271704416821711e+00
3.180555555555555913e-01,1.145000000000000142e+02,6.903464375814997167e-01,4.778347595490734512e-01,1.977936231183651028e+00,-1.924049360497866346e+00
3.184027777777778123e-01,1.146250000000000142e+02,6.910343603784421251e-01,4.771658579995202154e-01,1.984501309902185540e+00,-1.928822830859745485e+00
3.187500000000000333e-01,1.147500000000000142e+02,6.917245650081851327e-01,4.764952997848986849e-01,1.991079495695611934e+00,-1.933591678575641293e+00
3.190972222222222543e-01,1.148750000000000142e+02,6.924170559253958190e-01,4.758230865859651715e-01,1.997670232921616940e+00,-1.938355467997988413e+00
3.194444444444444753e-01,1.150000000000000142e+02,6.931118373914219033e-01,4.751492202345148352e-01,2.004272963709898825e+00,-1.943113764793018783e+00
3.197916666666666963e-01,1.151250000000000142e+02,6.938089134735242469e-01,4.744737027129211637e-01,2.010887127996189072e+00,-1.947866135975141466e+00
3.201388888888889173e-01,1.152500000000000142e+02,6.945082880441211248e-01,4.737965361536599640e-01,2.017512163556452798e+00,-1.952612149941148401e+00
3.204861111111111382e-01,1.153750000000000142e+02,6.952099647800441540e-01,4.731177228388245837e-01,2.024147506041260591e+00,-1.957351376504242513e+00
3.208333333333333592e-01,1.155000000000000142e+02,6.959139471618064343e-01,4.724372651996278649e-01,2.030792589010327109e+00,-1.962083386927892414e+00
3.211805555555555802e-01,1.156250000000000142e+02,6.966202384728819030e-01,4.717551658158933847e-01,2.037446843967229526e+00,-1.966807753959497918e+00
3.215277777777778012e-01,1.157500000000000142e+02,6.973288417989984556e-01,4.710714274155333170e-01,2.044109700394284967e+00,-1.971524051863889015e+00
3.218750000000000222e-01,1.158750000000000142e+02,6.980397600274418357e-01,4.703860528740161362e-01,2.050780585787595811e+00,-1.976231856456619029e+00
3.222222222222222432e-01,1.160000000000000142e+02,6.987529958463712942e-01,4.696990452138233851e-01,2.057458925692258855e+00,-1.980930745137085669e+00
3.225694444444444642e-01,1.161250000000000000e+02,6.994685517441496803e-01,4.690104076038922321e-01,2.064144143737733028e+00,-1.985620296921451811e+00
3.229166666666666852e-01,1.162500000000000000e+02,7.001864300086835247e-01,4.683201433590500895e-01,2.070835661673365635e+00,-1.990300092475385751e+00
3.232638888888889062e-01,1.163750000000000000e+02,7.009066327267765573e-01,4.676282559394348004e-01,2.077532899404074485e+00,-1.994969714146583417e+00
3.236111111111111271e-01,1.165000000000000000e+02,7.016291617834953254e-01,4.669347489499063864e-01,2.084235275026182332e+00,-1.999628745997121149e+00
3.239583333333333481e-01,1.166250000000000000e+02,7.023540188615484681e-01,4.662396261394450847e-01,2.090942204863407650e+00,-2.004276773835585779e+00
3.243055555555555691e-01,1.167500000000000000e+02,7.030812054406759826e-01,4.655428914005395602e-01,2.097653103502993499e+00,-2.008913385249014638e+00
3.246527777777777901e-01,1.168750000000000000e+02,7.038107227970533675e-01,4.648445487685648470e-01,2.104367383831994065e+00,-2.013538169634621511e+00
3.250000000000000111e-01,1.170000000000000000e+02,7.045425720027082006e-01,4.641446024211465793e-01,2.111084457073693521e+00,-2.018150718231328966e+00
3.253472222222222321e-01,1.171250000000000000e+02,7.052767539249473749e-01,4.634430566775177840e-01,2.117803732824182994e+00,-2.022750624151069765e+00
3.256944444444444531e-01,1.172500000000000000e+02,7.060132692257997666e-01,4.627399159978617393e-01,2.124524619089055211e+00,-2.027337482409902414e+00
3.260416666666666741e-01,1.173750000000000000e+02,7.067521183614694502e-01,4.620351849826468404e-01,2.131246522320254133e+00,-2.031910889958885136e+00
3.263888888888888951e-01,1.175000000000000000e+02,7.074933015818034576e-01,4.613288683719483085e-01,2.137968847453048937e+00,-2.036470445714759325e+00
3.267361111111111160e-01,1.176250000000000000e+02,7.082368189297709726e-01,4.606209710447601857e-01,2.144690997943140331e+00,-2.041015750590392752e+00
3.270833333333333370e-01,1.177500000000000000e+02,7.089826702409558479e-01,4.599114980182985035e-01,2.151412375803900545e+00,-2.045546407525014043e+00
3.274305555555555580e-01,1.178750000000000000e+02,7.097308551430634438e-01,4.592004544472909067e-01,2.158132381643739439e+00,-2.050062021514222454e+00
3.277777777777777790e-01,1.180000000000000000e+02,7.104813730554380147e-01,4.584878456232579502e-01,2.164850414703587411e+00,-2.054562199639765385e+00
3.281250000000000000e-01,1.181250000000000000e+02,7.112342231885954158e-01,4.577736769737837941e-01,2.171565872894510640e+00,-2.059046551099096511e+00
3.284722222222222210e-01,1.182500000000000000e+02,7.119894045437666907e-01,4.570579540617765724e-01,2.178278152835438242e+00,-2.063514687234695888e+00
3.288194444444444420e-01,1.183750000000000000e+02,7.127469159124573128e-01,4.563406825847182158e-01,2.184986649891009325e+00,-2.067966221563172002e+00
3.291666666666666630e-01,1.185000000000000000e+02,7.135067558760176398e-01,4.556218683739041708e-01,2.191690758209535517e+00,-2.072400769804109366e+00
3.295138888888888840e-01,1.186250000000000000e+02,7.142689228052269135e-01,4.549015173936749035e-01,2.198389870761072729e+00,-2.076817949908698946e+00
3.298611111111111049e-01,1.187500000000000000e+02,7.150334148598910256e-01,4.541796357406345797e-01,2.205083379375599950e+00,-2.081217382088119017e+00
3.302083333333333259e-01,1.188750000000000000e+02,7.158002299884537178e-01,4.534562296428618633e-01,2.211770674781312618e+00,-2.085598688841675319e+00
3.305555555555555469e-01,1.190000000000000000e+02,7.165693659276201055e-01,4.527313054591111663e-01,2.218451146643012351e+00,-2.089961494984711177e+00
3.309027777777777679e-01,1.191250000000000000e+02,7.173408202019938562e-01,4.520048696780032405e-01,2.225124183600603711e+00,-2.094305427676255160e+00
3.312499999999999889e-01,1.192500000000000000e+02,7.181145901237291351e-01,4.512769289172066101e-01,2.231789173307686003e+00,-2.098630116446439597e+00
3.315972222222222099e-01,1.193750000000000000e+02,7.188906727921944295e-01,4.505474899226091789e-01,2.238445502470240989e+00,-2.102935193223657073e+00
3.319444444444444309e-01,1.195000000000000000e+02,7.196690650936485856e-01,4.498165595674818440e-01,2.245092556885421864e+00,-2.107220292361474012e+00
3.322916666666666519e-01,1.196250000000000000e+02,7.204497637009350530e-01,4.490841448516310064e-01,2.251729721480425717e+00,-2.111485050665292018e+00
3.326388888888889284e-01,1.197500000000000142e+02,7.212327650731840123e-01,4.483502529005423121e-01,2.258356380351455694e+00,-2.115729107418750310e+00
3.329861111111111494e-01,1.198750000000000142e+02,7.220180654555318212e-01,4.476148909645166762e-01,2.264971916802772434e+00,-2.119952104409878579e+00
3.333333333333333703e-01,1.200000000000000142e+02,7.228056608788522297e-01,4.468780664177956496e-01,2.271575713385828532e+00,-2.124153685956985615e+00
3.336805555555555913e-01,1.201250000000000142e+02,7.235955471595023614e-01,4.461397867576780696e-01,2.278167151938482071e+00,-2.128333498934293022e+00
3.340277777777778123e-01,1.202500000000000142e+02,7.243877198990819055e-01,4.454000596036286064e-01,2.284745613624286520e+00,-2.132491192797305590e+00
3.343750000000000333e-01,1.203750000000000142e+02,7.251821744842047446e-01,4.446588926963766508e-01,2.291310478971864129e+00,-2.136626419607916105e+00
3.347222222222222543e-01,1.205000000000000142e+02,7.259789060862862353e-01,4.439162938970082073e-01,2.297861127914341051e+00,-2.140738834059250362e+00
3.350694444444444753e-01,1.206250000000000142e+02,7.267779096613429246e-01,4.431722711860462405e-01,2.304396939828862845e+00,-2.144828093500239063e+00
3.354166666666666963e-01,1.207500000000000142e+02,7.275791799498071422e-01,4.424268326625254155e-01,2.310917293576174369e+00,-2.148893857959928155e+00
3.357638888888889173e-01,1.208750000000000142e+02,7.283827114763532506e-01,4.416799865430576233e-01,2.317421567540259186e+00,-2.152935790171509822e+00
3.361111111111111382e-01,1.210000000000000142e+02,7.291884985497398830e-01,4.409317411608878468e-01,2.323909139668050905e+00,-2.156953555596092365e+00
3.364583333333333592e-01,1.211250000000000142e+02,7.299965352626649473e-01,4.401821049649432549e-01,2.330379387509195599e+00,-2.160946822446185855e+00
3.368055555555555802e-01,1.212500000000000142e+02,7.308068154916347314e-01,4.394310865188741921e-01,2.336831688255878614e+00,-2.164915261708920458e+00
3.371527777777778012e-01,1.213750000000000142e+02,7.316193328968461085e-01,4.386786945000870630e-01,2.343265418782698895e+00,-2.168858547168984963e+00
3.375000000000000222e-01,1.215000000000000142e+02,7.324340809220838411e-01,4.379249376987677245e-01,2.349679955686602373e+00,-2.172776355431285999e+00
3.378472222222222432e-01,1.216250000000000142e+02,7.332510527946310974e-01,4.371698250168992717e-01,2.356074675326856216e+00,-2.176668365943327910e+00
3.381944444444444642e-01,1.217500000000000000e+02,7.340702415251932900e-01,4.364133654672716078e-01,2.362448953865075030e+00,-2.180534261017310182e+00
3.385416666666666852e-01,1.218750000000000000e+02,7.348916399078366801e-01,4.356555681724818552e-01,2.368802167305290141e+00,-2.184373725851949999e+00
3.388888888888889062e-01,1.220000000000000000e+02,7.357152405199411938e-01,4.348964423639289922e-01,2.375133691534057512e+00,-2.188186448554002794e+00
3.392361111111111271e-01,1.221250000000000000e+02,7.365410357221657822e-01,4.341359973808001649e-01,2.381442902360607405e+00,-2.191972120159516368e+00
3.395833333333333481e-01,1.222500000000000000e+02,7.373690176584288825e-01,4.333742426690507243e-01,2.387729175557022021e+00,-2.195730434654781682e+00
3.399305555555555691e-01,1.223750000000000000e+02,7.381991782559024218e-01,4.326111877803748285e-01,2.393991886898457544e+00,-2.199461088997007430e+00
3.402777777777777901e-01,1.225000000000000000e+02,7.390315092250204776e-01,4.318468423711712689e-01,2.400230412203389285e+00,-2.203163783134697518e+00
3.406250000000000111e-01,1.226250000000000000e+02,7.398660020594999276e-01,4.310812162015017490e-01,2.406444127373879471e+00,-2.206838220027734110e+00
3.409722222222222321e-01,1.227500000000000000e+02,7.407026480363779752e-01,4.303143191340405016e-01,2.412632408435880116e+00,-2.210484105667177346e+00
3.413194444444444531e-01,1.228750000000000000e+02,7.415414382160612217e-01,4.295461611330193552e-01,2.418794631579551879e+00,-2.214101149094761301e+00
3.416666666666666741e-01,1.230000000000000000e+02,7.423823634423902806e-01,4.287767522631647510e-01,2.424930173199603356e+00,-2.217689062422102175e+00
3.420138888888888951e-01,1.231250000000000000e+02,7.432254143427168280e-01,4.280061026886293196e-01,2.431038409935647238e+00,-2.221247560849601843e+00
3.423611111111111160e-01,1.232500000000000000e+02,7.440705813279970826e-01,4.272342226719147984e-01,2.437118718712567134e+00,-2.224776362685063180e+00
3.427083333333333370e-01,1.233750000000000000e+02,7.449178545928968331e-01,4.264611225727904520e-01,2.443170476780900824e+00,-2.228275189361992314e+00
3.430555555555555580e-01,1.235000000000000000e+02,7.457672241159114535e-01,4.256868128472057755e-01,2.449193061757230172e+00,-2.231743765457619322e+00
3.434027777777777790e-01,1.236250000000000000e+02,7.466186796595007946e-01,4.249113040461937052e-01,2.455185851664571040e+00,-2.235181818710597401e+00
3.437500000000000000e-01,1.237500000000000000e+02,7.474722107702368445e-01,4.241346068147716641e-01,2.461148224972776521e+00,-2.238589080038415169e+00
3.440972222222222210e-01,1.238750000000000000e+02,7.483278067789658206e-01,4.233567318908335597e-01,2.467079560638928193e+00,-2.241965283554495425e+00
3.444444444444444420e-01,1.240000000000000000e+02,7.491854568009842508e-01,4.225776901040385058e-01,2.472979238147736680e+00,-2.245310166584992828e+00
3.447916666666666630e-01,1.241250000000000000e+02,7.500451497362297104e-01,4.217974923746911076e-01,2.478846637551928911e+00,-2.248623469685288701e+00
3.451388888888888840e-01,1.242500000000000000e+02,7.509068742694851029e-01,4.210161497126178043e-01,2.484681139512626480e+00,-2.251904936656167422e+00
3.454861111111111049e-01,1.243750000000000000e+02,7.517706188705954862e-01,4.202336732160381616e-01,2.490482125339725350e+00,-2.255154314559703721e+00
3.458333333333333259e-01,1.245000000000000000e+02,7.526363717947025522e-01,4.194500740704281694e-01,2.496248977032241800e+00,-2.258371353734819564e+00
3.461805555555555469e-01,1.246250000000000000e+02,7.535041210824893199e-01,4.186653635473805424e-01,2.501981077318661484e+00,-2.261555807812547947e+00
3.465277777777777679e-01,1.247500000000000000e+02,7.543738545604405932e-01,4.178795530034598582e-01,2.507677809697259175e+00,-2.264707433730980934e+00
3.468749999999999889e-01,1.248750000000000000e+02,7.552455598411182969e-01,4.170926538790502014e-01,2.513338558476395868e+00,-2.267825991749895298e+00
3.472222222222222099e-01,1.250000000000000000e+02,7.561192243234484689e-01,4.163046776972002538e-01,2.518962708814800777e+00,-2.270911245465087713e+00
3.475694444444444309e-01,1.251250000000000000e+02,7.569948351930242403e-01,4.155156360624621126e-01,2.524549646761814703e+00,-2.273962961822372009e+00
3.479166666666667074e-01,1.252500000000000142e+02,7.578723794224218047e-01,4.147255406597262217e-01,2.530098759297609412e+00,-2.276980911131283314e+00
3.482638888888889284e-01,1.253750000000000142e+02,7.587518437715302655e-01,4.139344032530508088e-01,2.535609434373377269e+00,-2.279964867078450030e+00
3.486111111111111494e-01,1.255000000000000142e+02,7.596332147878971375e-01,4.131422356844865473e-01,2.541081060951475568e+00,-2.282914606740659380e+00
3.489583333333333703e-01,1.256250000000000142e+02,7.605164788070845061e-01,4.123490498728973885e-01,2.546513029045546883e+00,-2.285829910597611203e+00
3.493055555555555913e-01,1.257500000000000142e+02,7.614016219530425067e-01,4.115548578127779522e-01,2.551904729760583468e+00,-2.288710562544338245e+00
3.496527777777778123e-01,1.258750000000000142e+02,7.622886301384943497e-01,4.107596715730638115e-01,2.557255555332960117e+00,-2.291556349903320466e+00
3.500000000000000333e-01,1.260000000000000142e+02,7.631774890653365562e-01,4.099635032959402237e-01,2.562564899170411969e+00,-2.294367063436284049e+00
3.503472222222222543e-01,1.261250000000000142e+02,7.640681842250529598e-01,4.091663651956460312e-01,2.567832155891972779e+00,-2.297142497355668667e+00
3.506944444444444753e-01,1.262500000000000142e+02,7.649607008991403667e-01,4.083682695572736776e-01,2.573056721367849242e+00,-2.299882449335783008e+00
3.510416666666666963e-01,1.263750000000000142e+02,7.658550241595525332e-01,4.075692287355644483e-01,2.578237992759254027e+00,-2.302586720523640995e+00
3.513888888888889173e-01,1.265000000000000142e+02,7.667511388691540253e-01,4.067692551537013812e-01,2.583375368558169960e+00,-2.305255115549468936e+00
3.517361111111111382e-01,1.266250000000000142e+02,7.676490296821883996e-01,4.059683613020987902e-01,2.588468248627065371e+00,-2.307887442536904476e+00
3.520833333333333592e-01,1.267500000000000142e+02,7.685486810447623718e-01,4.051665597371861272e-01,2.593516034238536161e+00,-2.310483513112855380e+00
3.524305555555555802e-01,1.268750000000000142e+02,7.694500771953416418e-01,4.043638630801906220e-01,2.598518128114888359e+00,-2.313043142417053666e+00
3.527777777777778012e-01,1.270000000000000142e+02,7.703532021652618189e-01,4.035602840159158156e-01,2.603473934467655848e+00,-2.315566149111275340e+00
3.531250000000000222e-01,1.271250000000000142e+02,7.712580397792503373e-01,4.027558352915178164e-01,2.608382859037039925e+00,-2.318052355388243502e+00
3.534722222222222432e-01,1.272500000000000142e+02,7.721645736559669126e-01,4.019505297152763390e-01,2.613244309131278253e+00,-2.320501586980197928e+00
3.538194444444444642e-01,1.273750000000000000e+02,7.730727872085529917e-01,4.011443801553651878e-01,2.618057693665944541e+00,-2.322913673167152915e+00
3.541666666666666852e-01,1.275000000000000000e+02,7.739826636451963005e-01,4.003373995386194650e-01,2.622822423203158948e+00,-2.325288446784823826e+00
3.545138888888889062e-01,1.276250000000000000e+02,7.748941859697116019e-01,3.995296008492982276e-01,2.627537909990721232e+00,-2.327625744232226346e+00
3.548611111111111271e-01,1.277500000000000000e+02,7.758073369821303356e-01,3.987209971278470322e-01,2.632203568001163951e+00,-2.329925405478957767e+00
3.552083333333333481e-01,1.278750000000000000e+02,7.767220992793073542e-01,3.979116014696569281e-01,2.636818812970716408e+00,-2.332187274072147432e+00
3.555555555555555691e-01,1.280000000000000000e+02,7.776384552555400953e-01,3.971014270238203969e-01,2.641383062438173113e+00,-2.334411197143081207e+00
3.559027777777777901e-01,1.281250000000000000e+02,7.785563871032012973e-01,3.962904869918864037e-01,2.645895735783680092e+00,-2.336597025413506223e+00
3.562500000000000111e-01,1.282500000000000000e+02,7.794758768133845939e-01,3.954787946266121179e-01,2.650356254267419942e+00,-2.338744613201600764e+00
3.565972222222222321e-01,1.283750000000000000e+02,7.803969061765642090e-01,3.946663632307141900e-01,2.654764041068204516e+00,-2.340853818427628408e+00
3.569444444444444531e-01,1.285000000000000000e+02,7.813194567832681958e-01,3.938532061556155872e-01,2.659118521321960138e+00,-2.342924502619256888e+00
3.572916666666666741e-01,1.286250000000000000e+02,7.822435100247643325e-01,3.930393368001931509e-01,2.663419122160120001e+00,-2.344956530916549209e+00
3.576388888888888951e-01,1.287500000000000000e+02,7.831690470937591186e-01,3.922247686095227670e-01,2.667665272747901550e+00,-2.346949772076645235e+00
3.579861111111111160e-01,1.288750000000000000e+02,7.840960489851118709e-01,3.914095150736214834e-01,2.671856404322484835e+00,-2.348904098478092006e+00
3.583333333333333370e-01,1.290000000000000000e+02,7.850244964965598093e-01,3.905935897261904044e-01,2.675991950231074057e+00,-2.350819386124870292e+00
3.586805555555555580e-01,1.291250000000000000e+02,7.859543702294572443e-01,3.897770061433544764e-01,2.680071345968848107e+00,-2.352695514650075648e+00
3.590277777777777790e-01,1.292500000000000000e+02,7.868856505895284181e-01,3.889597779424028845e-01,2.684094029216799182e+00,-2.354532367319289943e+00
3.593750000000000000e-01,1.293750000000000000e+02,7.878183177876330046e-01,3.881419187805259519e-01,2.688059439879444845e+00,-2.356329831033612265e+00
3.597222222222222210e-01,1.295000000000000000e+02,7.887523518405448186e-01,3.873234423535527604e-01,2.691967020122429055e+00,-2.358087796332374086e+00
3.600694444444444420e-01,1.296250000000000000e+02,7.896877325717421847e-01,3.865043623946881612e-01,2.695816214409993972e+00,-2.359806157395523574e+00
3.604166666666666630e-01,1.297500000000000000e+02,7.906244396122142915e-01,3.856846926732475089e-01,2.699606469542321641e+00,-2.361484812045679060e+00
3.607638888888888840e-01,1.298750000000000000e+02,7.915624524012779828e-01,3.848644469933912848e-01,2.703337234692761548e+00,-2.363123661749871207e+00
3.611111111111111049e-01,1.300000000000000000e+02,7.925017501874083159e-01,3.840436391928602200e-01,2.707007961444910293e+00,-2.364722611620939219e+00
3.614583333333333259e-01,1.301250000000000000e+02,7.934423120290812204e-01,3.832222831417094189e-01,2.710618103829571357e+00,-2.366281570418622859e+00
3.618055555555555469e-01,1.302500000000000000e+02,7.943841167956305904e-01,3.824003927410404291e-01,2.714167118361569653e+00,-2.367800450550313407e+00
3.621527777777777679e-01,1.303750000000000000e+02,7.953271431681168124e-01,3.815779819217359758e-01,2.717654464076429299e+00,-2.369279168071484420e+00
3.624999999999999889e-01,1.305000000000000000e+02,7.962713696402079488e-01,3.807550646431930863e-01,2.721079602566916833e+00,-2.370717642685802318e+00
3.628472222222222099e-01,1.306250000000000000e+02,7.972167745190746890e-01,3.799316548920557701e-01,2.724441998019429434e+00,-2.372115797744907884e+00
3.631944444444444309e-01,1.307500000000000000e+02,7.981633359262965133e-01,3.791077666809488100e-01,2.727741117250249481e+00,-2.373473560247873593e+00
3.635416666666667074e-01,1.308750000000000284e+02,7.991110317987821787e-01,3.782834140472113860e-01,2.730976429741639677e+00,-2.374790860840340745e+00
3.638888888888889284e-01,1.310000000000000000e+02,8.000598398896999752e-01,3.774586110516312543e-01,2.734147407677789410e+00,-2.376067633813331526e+00
3.642361111111111494e-01,1.311250000000000000e+02,8.010097377694234133e-01,3.766333717771795375e-01,2.737253525980619884e+00,-2.377303817101740879e+00
3.645833333333333703e-01,1.312500000000000000e+02,8.019607028264882365e-01,3.758077103277446818e-01,2.740294262345412957e+00,-2.378499352282496648e+00
3.649305555555555913e-01,1.313750000000000000e+02,8.029127122685606466e-01,3.749816408268689116e-01,2.743269097276293866e+00,-2.379654184572413733e+00
3.652777777777778123e-01,1.315000000000000000e+02,8.038657431234184081e-01,3.741551774164857402e-01,2.746177514121554974e+00,-2.380768262825715631e+00
3.656250000000000333e-01,1.316250000000000000e+02,8.048197722399462739e-01,3.733283342556554807e-01,2.749018999108805872e+00,-2.381841539531234009e+00
3.659722222222222543e-01,1.317500000000000000e+02,8.057747762891407373e-01,3.725011255193051984e-01,2.751793041379970717e+00,-2.382873970809300079e+00
3.663194444444444753e-01,1.318750000000000000e+02,8.067307317651264409e-01,3.716735653969683861e-01,2.754499133026103053e+00,-2.383865516408302909e+00
3.666666666666666963e-01,1.320000000000000000e+02,8.076876149861897947e-01,3.708456680915249715e-01,2.757136769122045195e+00,-2.384816139700938198e+00
3.670138888888889173e-01,1.321250000000000000e+02,8.086454020958177002e-01,3.700174478179439896e-01,2.759705447760900210e+00,-2.385725807680133315e+00
3.673611111111111382e-01,1.322500000000000000e+02,8.096040690637534842e-01,3.691889188020275880e-01,2.762204670088340475e+00,-2.386594490954657477e+00
3.677083333333333592e-01,1.323750000000000000e+02,8.105635916870614910e-01,3.683600952791565297e-01,2.764633940336732376e+00,-2.387422163744419734e+00
3.680555555555555802e-01,1.325000000000000000e+02,8.115239455912059974e-01,3.675309914930360855e-01,2.766992765859079384e+00,-2.388208803875435660e+00
3.684027777777778012e-01,1.326250000000000000e+02,8.124851062311391203e-01,3.667016216944457563e-01,2.769280657162788817e+00,-2.388954392774496061e+00
3.687500000000000222e-01,1.327500000000000000e+02,8.134470488924033793e-01,3.658720001399901056e-01,2.771497127943251204e+00,-2.389658915463512390e+00
3.690972222222222432e-01,1.328750000000000000e+02,8.144097486922436957e-01,3.650421410908505915e-01,2.773641695117229133e+00,-2.390322360553550407e+00
3.694444444444444642e-01,1.330000000000000000e+02,8.153731805807319377e-01,3.642120588115415059e-01,2.775713878856061356e+00,-2.390944720238547205e+00
3.697916666666666852e-01,1.331250000000000000e+02,8.163373193419023455e-01,3.633817675686656368e-01,2.777713202618676380e+00,-2.391525990288720482e+00
3.701388888888889062e-01,1.332500000000000000e+02,8.173021395948991685e-01,3.625512816296758145e-01,2.779639193184405777e+00,-2.392066170043669615e+00
3.704861111111111271e-01,1.333750000000000000e+02,8.182676157951347395e-01,3.617206152616345149e-01,2.781491380685607417e+00,-2.392565262405156545e+00
3.708333333333333481e-01,1.335000000000000000e+02,8.192337222354606485e-01,3.608897827299795136e-01,2.783269298640089318e+00,-2.393023273829580244e+00
3.711805555555555691e-01,1.336250000000000000e+02,8.202004330473471327e-01,3.600587982972911494e-01,2.784972483983330971e+00,-2.393440214320158077e+00
3.715277777777777901e-01,1.337500000000000000e+02,8.211677222020761224e-01,3.592276762220616981e-01,2.786600477100500850e+00,-2.393816097418772326e+00
3.718750000000000111e-01,1.338750000000000000e+02,8.221355635119449445e-01,3.583964307574677433e-01,2.788152821858275399e+00,-2.394150940197532940e+00
3.722222222222222321e-01,1.340000000000000000e+02,8.231039306314804627e-01,3.575650761501470432e-01,2.789629065636442640e+00,-2.394444763250024089e+00
3.725694444444444531e-01,1.341250000000000000e+02,8.240727970586630979e-01,3.567336266389765642e-01,2.791028759359301503e+00,-2.394697590682251409e+00
3.729166666666666741e-01,1.342500000000000000e+02,8.250421361361655048e-01,3.559020964538547882e-01,2.792351457526851544e+00,-2.394909450103282822e+00
3.732638888888888951e-01,1.343750000000000000e+02,8.260119210525972422e-01,3.550704998144863511e-01,2.793596718245757948e+00,-2.395080372615583819e+00
3.736111111111111160e-01,1.345000000000000000e+02,8.269821248437635441e-01,3.542388509291724552e-01,2.794764103260116705e+00,-2.395210392805063648e+00
3.739583333333333370e-01,1.346250000000000000e+02,8.279527203939335278e-01,3.534071639936010034e-01,2.795853177981989734e+00,-2.395299548730805750e+00
3.743055555555555580e-01,1.347500000000000000e+02,8.289236804371183931e-01,3.525754531896438393e-01,2.796863511521722856e+00,-2.395347881914511312e+00
3.746527777777777790e-01,1.348750000000000000e+02,8.298949775583619459e-01,3.517437326841559853e-01,2.797794676718047491e+00,-2.395355437329641290e+00
3.750000000000000000e-01,1.350000000000000000e+02,8.308665841950392261e-01,3.509120166277793218e-01,2.798646250167949212e+00,-2.395322263390266215e+00
3.753472222222222210e-01,1.351250000000000000e+02,8.318384726381672367e-01,3.500803191537491532e-01,2.799417812256313365e+00,-2.395248411939607358e+00
3.756944444444444420e-01,1.352500000000000000e+02,8.328106150337257763e-01,3.492486543767058804e-01,2.800108947185347752e+00,-2.395133938238299010e+00
3.760416666666666630e-01,1.353750000000000000e+02,8.337829833839859317e-01,3.484170363915115032e-01,2.800719243003768621e+00,-2.394978900952360323e+00
3.763888888888888840e-01,1.355000000000000000e+02,8.347555495488535593e-01,3.475854792720675657e-01,2.801248291635752619e+00,-2.394783362140854077e+00
3.767361111111111049e-01,1.356250000000000000e+02,8.357282852472179835e-01,3.467539970701404850e-01,2.801695688909663140e+00,-2.394547387243279868e+00
3.770833333333333259e-01,1.357500000000000000e+02,8.367011620583130194e-01,3.459226038141891557e-01,2.802061034586530219e+00,-2.394271045066667103e+00
3.774305555555555469e-01,1.358750000000000000e+02,8.376741514230874319e-01,3.450913135081993266e-01,2.802343932388303926e+00,-2.393954407772384219e+00
3.777777777777777679e-01,1.360000000000000000e+02,8.386472246455849433e-01,3.442601401305193654e-01,2.802543990025850196e+00,-2.393597550862656576e+00
3.781249999999999889e-01,1.361250000000000000e+02,8.396203528943354533e-01,3.434290976327039058e-01,2.802660819226725497e+00,-2.393200553166809019e+00
3.784722222222222099e-01,1.362500000000000000e+02,8.405935072037518108e-01,3.425981999383611032e-01,2.802694035762689495e+00,-2.392763496827220226e+00
3.788194444444444864e-01,1.363750000000000284e+02,8.415666584755413515e-01,3.417674609420034981e-01,2.802643259476980120e+00,-2.392286467284992391e+00
3.791666666666667074e-01,1.365000000000000284e+02,8.425397774801227646e-01,3.409368945079069291e-01,2.802508114311343945e+00,-2.391769553265352677e+00
3.795138888888889284e-01,1.366250000000000000e+02,8.435128348580548385e-01,3.401065144689709441e-01,2.802288228332805442e+00,-2.391212846762762023e+00
3.798611111111111494e-01,1.367500000000000000e+02,8.444858011214727567e-01,3.392763346255880386e-01,2.801983233760197312e+00,-2.390616443025759263e+00
3.802083333333333703e-01,1.368750000000000000e+02,8.454586466555343849e-01,3.384463687445150581e-01,2.801592766990426142e+00,-2.389980440541521478e+00
3.805555555555555913e-01,1.370000000000000000e+02,8.464313417198761069e-01,3.376166305577519289e-01,2.801116468624496036e+00,-2.389304941020159223e+00
3.809027777777778123e-01,1.371250000000000000e+02,8.474038564500760984e-01,3.367871337614253280e-01,2.800553983493254240e+00,-2.388590049378727098e+00
3.812500000000000333e-01,1.372500000000000000e+02,8.483761608591282588e-01,3.359578920146785164e-01,2.799904960682908506e+00,-2.387835873724982072e+00
3.815972222222222543e-01,1.373750000000000000e+02,8.493482248389234712e-01,3.351289189385650014e-01,2.799169053560250031e+00,-2.387042525340853150e+00
3.819444444444444753e-01,1.375000000000000000e+02,8.503200181617414088e-01,3.343002281149504706e-01,2.798345919797637471e+00,-2.386210118665659241e+00
3.822916666666666963e-01,1.376250000000000000e+02,8.512915104817480039e-01,3.334718330854192780e-01,2.797435221397711835e+00,-2.385338771279057468e+00
3.826388888888889173e-01,1.377500000000000000e+02,8.522626713365052398e-01,3.326437473501864250e-01,2.796436624717836938e+00,-2.384428603883723241e+00
3.829861111111111382e-01,1.378750000000000000e+02,8.532334701484858286e-01,3.318159843670167586e-01,2.795349800494284942e+00,-2.383479740287770987e+00
3.833333333333333592e-01,1.380000000000000000e+02,8.542038762265994345e-01,3.309885575501494426e-01,2.794174423866139456e+00,-2.382492307386919972e+00
3.836805555555555802e-01,1.381250000000000000e+02,8.551738587677231163e-01,3.301614802692295902e-01,2.792910174398942846e+00,-2.381466435146398108e+00
3.840277777777778012e-01,1.382500000000000000e+02,8.561433868582450923e-01,3.293347658482450591e-01,2.791556736108057102e+00,-2.380402256582586418e+00
3.843750000000000222e-01,1.383750000000000000e+02,8.571124294756125028e-01,3.285084275644702401e-01,2.790113797481756475e+00,-2.379299907744407250e+00
3.847222222222222432e-01,1.385000000000000000e+02,8.580809554898873870e-01,3.276824786474168971e-01,2.788581051504048336e+00,-2.378159527694473585e+00
3.850694444444444642e-01,1.386250000000000000e+02,8.590489336653142072e-01,3.268569322777906128e-01,2.786958195677209371e+00,-2.376981258489968774e+00
3.854166666666666852e-01,1.387500000000000000e+02,8.600163326618902593e-01,3.260318015864541730e-01,2.785244932044045107e+00,-2.375765245163290018e+00
3.857638888888889062e-01,1.388750000000000000e+02,8.609831210369475185e-01,3.252070996533983904e-01,2.783440967209872774e+00,-2.374511635702439172e+00
3.861111111111111271e-01,1.390000000000000000e+02,8.619492672467391481e-01,3.243828395067194781e-01,2.781546012364223941e+00,-2.373220581031174614e+00
3.864583333333333481e-01,1.391250000000000000e+02,8.629147396480369991e-01,3.235590341216021959e-01,2.779559783302245624e+00,-2.371892234988906889e+00
3.868055555555555691e-01,1.392500000000000000e+02,8.638795064997327744e-01,3.227356964193118238e-01,2.777482000445844701e+00,-2.370526754310364748e+00
3.871527777777777901e-01,1.393750000000000000e+02,8.648435359644485176e-01,3.219128392661924631e-01,2.775312388864525026e+00,-2.369124298605022716e+00
3.875000000000000111e-01,1.395000000000000000e+02,8.658067961101544308e-01,3.210904754726716659e-01,2.773050678295939431e+00,-2.367685030336277752e+00
3.878472222222222321e-01,1.396250000000000000e+02,8.667692549117930190e-01,3.202686177922739463e-01,2.770696603166164174e+00,-2.366209114800408297e+00
3.881944444444444531e-01,1.397500000000000000e+02,8.677308802529104526e-01,3.194472789206403429e-01,2.768249902609667856e+00,-2.364696720105283312e+00
3.885416666666666741e-01,1.398750000000000000e+02,8.686916399272949230e-01,3.186264714945564736e-01,2.765710320489000118e+00,-2.363148017148858138e+00
3.888888888888888951e-01,1.400000000000000000e+02,8.696515016406212162e-01,3.178062080909869191e-01,2.763077605414176574e+00,-2.361563179597417683e+00
3.892361111111111160e-01,1.401250000000000000e+02,8.706104330121037238e-01,3.169865012261176562e-01,2.760351510761774652e+00,-2.359942383863617987e+00
3.895833333333333370e-01,1.402500000000000000e+02,8.715684015761531178e-01,3.161673633544074269e-01,2.757531794693740324e+00,-2.358285809084287532e+00
3.899305555555555580e-01,1.403750000000000000e+02,8.725253747840424623e-01,3.153488068676444933e-01,2.754618220175878207e+00,-2.356593637098002958e+00
3.902777777777777790e-01,1.405000000000000000e+02,8.734813200055780991e-01,3.145308440940127737e-01,2.751610554996062774e+00,-2.354866052422455169e+00
3.906250000000000000e-01,1.406250000000000000e+02,8.744362045307763065e-01,3.137134872971661381e-01,2.748508571782135590e+00,-2.353103242231590730e+00
3.909722222222222210e-01,1.407500000000000000e+02,8.753899955715480630e-01,3.128967486753096994e-01,2.745312048019515228e+00,-2.351305396332541875e+00
3.913194444444444420e-01,1.408750000000000000e+02,8.763426602633880291e-01,3.120806403602892076e-01,2.742020766068486548e+00,-2.349472707142329586e+00
3.916666666666666630e-01,1.410000000000000000e+02,8.772941656670703026e-01,3.112651744166891610e-01,2.738634513181199992e+00,-2.347605369664368613e+00
3.920138888888888840e-01,1.411250000000000000e+02,8.782444787703496125e-01,3.104503628409395755e-01,2.735153081518368001e+00,-2.345703581464762877e+00
3.923611111111111049e-01,1.412500000000000000e+02,8.791935664896692870e-01,3.096362175604290834e-01,2.731576268165637700e+00,-2.343767542648374835e+00
3.927083333333333259e-01,1.413750000000000000e+02,8.801413956718733278e-01,3.088227504326283013e-01,2.727903875149678470e+00,-2.341797455834714548e+00
3.930555555555555469e-01,1.415000000000000000e+02,8.810879330959255906e-01,3.080099732442208582e-01,2.724135709453944010e+00,-2.339793526133606250e+00
3.934027777777777679e-01,1.416250000000000000e+02,8.820331454746319633e-01,3.071978977102430841e-01,2.720271583034140850e+00,-2.337755961120673742e+00
3.937499999999999889e-01,1.417500000000000000e+02,8.829769994563717583e-01,3.063865354732315249e-01,2.716311312833363800e+00,-2.335684970812598404e+00
3.940972222222222099e-01,1.418750000000000000e+02,8.839194616268305493e-01,3.055758981023802834e-01,2.712254720796947183e+00,-2.333580767642210674e+00
3.944444444444444864e-01,1.420000000000000284e+02,8.848604985107401122e-01,3.047659970927063533e-01,2.708101633886980331e+00,-2.331443566433380354e+00
3.947916666666667074e-01,1.421250000000000284e+02,8.858000765736218085e-01,3.039568438642235582e-01,2.703851884096525104e+00,-2.329273584375691541e+00
3.951388888888889284e-01,1.422500000000000000e+02,8.867381622235371852e-01,3.031484497611256490e-01,2.699505308463505671e+00,-2.327071040998968776e+00
3.954861111111111494e-01,1.423750000000000000e+02,8.876747218128423489e-01,3.023408260509778400e-01,2.695061749084294966e+00,-2.324836158147579379e+00
3.958333333333333703e-01,1.425000000000000000e+02,8.886097216399444498e-01,3.015339839239185582e-01,2.690521053126980977e+00,-2.322569159954583462e+00
3.961805555555555913e-01,1.426250000000000000e+02,8.895431279510674916e-01,3.007279344918682984e-01,2.685883072844306163e+00,-2.320270272815673440e+00
3.965277777777778123e-01,1.427500000000000000e+02,8.904749069420184737e-01,2.999226887877489700e-01,2.681147665586302242e+00,-2.317939725362952785e+00
3.968750000000000333e-01,1.428750000000000000e+02,8.914050247599600851e-01,2.991182577647116259e-01,2.676314693812595458e+00,-2.315577748438530925e+00
3.972222222222222543e-01,1.430000000000000000e+02,8.923334475051863945e-01,2.983146522953746271e-01,2.671384025104403648e+00,-2.313184575067952942e+00
3.975694444444444753e-01,1.431250000000000000e+02,8.932601412329037593e-01,2.975118831710690248e-01,2.666355532176194476e+00,-2.310760440433436091e+00
3.979166666666666963e-01,1.432500000000000000e+02,8.941850719550155091e-01,2.967099611010947102e-01,2.661229092887035019e+00,-2.308305581846957999e+00
3.982638888888889173e-01,1.433750000000000000e+02,8.951082056419089605e-01,2.959088967119862246e-01,2.656004590251622943e+00,-2.305820238723174764e+00
3.986111111111111382e-01,1.435000000000000000e+02,8.960295082242484277e-01,2.951087005467864510e-01,2.650681912450975730e+00,-2.303304652552159659e+00
3.989583333333333592e-01,1.436250000000000000e+02,8.969489455947706746e-01,2.943093830643315756e-01,2.645260952842813484e+00,-2.300759066871994385e+00
3.993055555555555802e-01,1.437500000000000000e+02,8.978664836100841429e-01,2.935109546385439305e-01,2.639741609971609115e+00,-2.298183727241196017e+00
3.996527777777778012e-01,1.438750000000000000e+02,8.987820880924712874e-01,2.927134255577363842e-01,2.634123787578316556e+00,-2.295578881210995625e+00
4.000000000000000222e-01,1.440000000000000000e+02,8.996957248316952427e-01,2.919168060239238915e-01,2.628407394609764580e+00,-2.292944778297436592e+00
4.003472222222222432e-01,1.441250000000000000e+02,9.006073595868082649e-01,2.911211061521471466e-01,2.622592345227734434e+00,-2.290281669953356136e+00
4.006944444444444642e-01,1.442500000000000000e+02,9.015169580879642819e-01,2.903263359698048385e-01,2.616678558817705280e+00,-2.287589809540192753e+00
4.010416666666666852e-01,1.443750000000000000e+02,9.024244860382343303e-01,2.895325054159953448e-01,2.610665959997265695e+00,-2.284869452299651549e+00
4.013888888888889062e-01,1.445000000000000000e+02,9.033299091154244342e-01,2.887396243408693608e-01,2.604554478624208080e+00,-2.282120855325236342e+00
4.017361111111111271e-01,1.446250000000000000e+02,9.042331929738968155e-01,2.879477025049913541e-01,2.598344049804279798e+00,-2.279344277533621010e+00
4.020833333333333481e-01,1.447500000000000000e+02,9.051343032463926574e-01,2.871567495787122337e-01,2.592034613898625661e+00,-2.276539979635912481e+00
4.024305555555555691e-01,1.448750000000000000e+02,9.060332055458588663e-01,2.863667751415506779e-01,2.585626116530867158e+00,-2.273708224108736520e+00
4.027777777777777901e-01,1.450000000000000000e+02,9.069298654672768301e-01,2.855777886815848987e-01,2.579118508593885029e+00,-2.270849275165224501e+00
4.031250000000000111e-01,1.451250000000000000e+02,9.078242485894917335e-01,2.847897995948562300e-01,2.572511746256251897e+00,-2.267963398725858504e+00
4.034722222222222321e-01,1.452500000000000000e+02,9.087163204770465352e-01,2.840028171847791549e-01,2.565805790968328282e+00,-2.265050862389177855e+00
4.038194444444444531e-01,1.453750000000000000e+02,9.096060466820171664e-01,2.832168506615656556e-01,2.559000609468044640e+00,-2.262111935402375540e+00
4.041666666666666741e-01,1.455000000000000000e+02,9.104933927458487286e-01,2.824319091416567784e-01,2.552096173786330802e+00,-2.259146888631760053e+00
4.045138888888888951e-01,1.456250000000000000e+02,9.113783242011941343e-01,2.816480016471662462e-01,2.545092461252234539e+00,-2.256155994533108888e+00
4.048611111111111160e-01,1.457500000000000000e+02,9.122608065737556338e-01,2.808651371053332846e-01,2.537989454497677766e+00,-2.253139527121887475e+00
4.052083333333333370e-01,1.458750000000000000e+02,9.131408053841257866e-01,2.800833243479863288e-01,2.530787141461903200e+00,-2.250097761943368635e+00
4.055555555555555580e-01,1.460000000000000000e+02,9.140182861496309874e-01,2.793025721110174442e-01,2.523485515395583523e+00,-2.247030976042641903e+00
4.059027777777777790e-01,1.461250000000000000e+02,9.148932143861779887e-01,2.785228890338660168e-01,2.516084574864577927e+00,-2.243939447934490961e+00
4.062500000000000000e-01,1.462500000000000000e+02,9.157655556100976479e-01,2.777442836590142683e-01,2.508584323753373813e+00,-2.240823457573186683e+00
4.065972222222222210e-01,1.463750000000000000e+02,9.166352753399936715e-01,2.769667644314928734e-01,2.500984771268192741e+00,-2.237683286322177612e+00
4.069444444444444420e-01,1.465000000000000000e+02,9.175023390985914684e-01,2.761903396983961811e-01,2.493285931939741129e+00,-2.234519216923657403e+00
4.072916666666666630e-01,1.466250000000000000e+02,9.183667124145856731e-01,2.754150177084094819e-01,2.485487825625648295e+00,-2.231331533468053241e+00
4.076388888888888840e-01,1.467500000000000000e+02,9.192283608244917747e-01,2.746408066113456559e-01,2.477590477512555456e+00,-2.228120521363412099e+00
4.079861111111111049e-01,1.468750000000000000e+02,9.200872498744949723e-01,2.738677144576936451e-01,2.469593918117877873e+00,-2.224886467304701743e+00
4.083333333333333259e-01,1.470000000000000000e+02,9.209433451223038025e-01,2.730957491981762519e-01,2.461498183291219721e+00,-2.221629659243001154e+00
4.086805555555555469e-01,1.471250000000000000e+02,9.217966121389997713e-01,2.723249186833195945e-01,2.453303314215458997e+00,-2.218350386354623449e+00
4.090277777777777679e-01,1.472500000000000000e+02,9.226470165108898724e-01,2.715552306630334978e-01,2.445009357407508244e+00,-2.215048939010157092e+00
4.093749999999999889e-01,1.473750000000000000e+02,9.234945238413592161e-01,2.707866927862014883e-01,2.436616364718710681e+00,-2.211725608743399185e+00
4.097222222222222654e-01,1.475000000000000284e+02,9.243390997527232145e-01,2.700193126002826127e-01,2.428124393334922804e+00,-2.208380688220237698e+00
4.100694444444444864e-01,1.476250000000000284e+02,9.251807098880789892e-01,2.692530975509240809e-01,2.419533505776261695e+00,-2.205014471207446203e+00
4.104166666666667074e-01,1.477500000000000284e+02,9.260193199131582231e-01,2.684880549815837902e-01,2.410843769896494848e+00,-2.201627252541400459e+00
4.107638888888889284e-01,1.478750000000000000e+02,9.268548955181792337e-01,2.677241921331652286e-01,2.402055258882120459e+00,-2.198219328096738145e+00
4.111111111111111494e-01,1.480000000000000000e+02,9.276874024196972712e-01,2.669615161436613704e-01,2.393168051251087558e+00,-2.194790994754932001e+00
4.114583333333333703e-01,1.481250000000000000e+02,9.285168063624571477e-01,2.662000340478113403e-01,2.384182230851194184e+00,-2.191342550372815001e+00
4.118055555555555913e-01,1.482500000000000000e+02,9.293430731212409812e-01,2.654397527767670129e-01,2.375097886858151153e+00,-2.187874293751040256e+00
4.121527777777778123e-01,1.483750000000000000e+02,9.301661685027207138e-01,2.646806791577708817e-01,2.365915113773295886e+00,-2.184386524602467627e+00
4.125000000000000333e-01,1.485000000000000000e+02,9.309860583473050788e-01,2.639228199138442532e-01,2.356634011420982944e+00,-2.180879543520514385e+00
4.128472222222222543e-01,1.486250000000000000e+02,9.318027085309875668e-01,2.631661816634878748e-01,2.347254684945631276e+00,-2.177353651947436575e+00
4.131944444444444753e-01,1.487500000000000000e+02,9.326160849671935038e-01,2.624107709203921113e-01,2.337777244808449506e+00,-2.173809152142573975e+00
4.135416666666666963e-01,1.488750000000000000e+02,9.334261536086250199e-01,2.616565940931588341e-01,2.328201806783802841e+00,-2.170246347150528887e+00
4.138888888888889173e-01,1.490000000000000000e+02,9.342328804491057959e-01,2.609036574850344126e-01,2.318528491955259785e+00,-2.166665540769310283e+00
4.142361111111111382e-01,1.491250000000000000e+02,9.350362315254234780e-01,2.601519672936538075e-01,2.308757426711312011e+00,-2.163067037518450419e+00
4.145833333333333592e-01,1.492500000000000000e+02,9.358361729191712053e-01,2.594015296107951007e-01,2.298888742740738955e+00,-2.159451142607046847e+00
4.149305555555555802e-01,1.493750000000000000e+02,9.366326707585861389e-01,2.586523504221461267e-01,2.288922577027648675e+00,-2.155818161901798646e+00
4.152777777777778012e-01,1.495000000000000000e+02,9.374256912203889902e-01,2.579044356070809840e-01,2.278859071846189632e+00,-2.152168401894997363e+00
4.156250000000000222e-01,1.496250000000000000e+02,9.382152005316176657e-01,2.571577909384497040e-01,2.268698374754923641e+00,-2.148502169672493078e+00
4.159722222222222432e-01,1.497500000000000000e+02,9.390011649714630204e-01,2.564124220823763012e-01,2.258440638590859972e+00,-2.144819772881616071e+00
4.163194444444444642e-01,1.498750000000000000e+02,9.397835508730998377e-01,2.556683345980699240e-01,2.248086021463164386e+00,-2.141121519699091369e+00
4.166666666666666852e-01,1.500000000000000000e+02,9.405623246255156999e-01,2.549255339376469420e-01,2.237634686746538648e+00,-2.137407718798933765e+00
4.170138888888889062e-01,1.501250000000000000e+02,9.413374526753391924e-01,2.541840254459634130e-01,2.227086803074255439e+00,-2.133678679320298865e+00
4.173611111111111271e-01,1.502500000000000000e+02,9.421089015286638890e-01,2.534438143604592075e-01,2.216442544330868625e+00,-2.129934710835338141e+00
4.177083333333333481e-01,1.503750000000000000e+02,9.428766377528702280e-01,2.527049058110135693e-01,2.205702089644603348e+00,-2.126176123317048638e+00
4.180555555555555691e-01,1.505000000000000000e+02,9.436406279784456119e-01,2.519673048198111664e-01,2.194865623379389508e+00,-2.122403227107078738e+00
4.184027777777777901e-01,1.506250000000000000e+02,9.444008389008000659e-01,2.512310163012198005e-01,2.183933335126591935e+00,-2.118616332883559661e+00
4.187500000000000111e-01,1.507500000000000000e+02,9.451572372820810086e-01,2.504960450616789958e-01,2.172905419696390616e+00,-2.114815751628912111e+00
4.190972222222222321e-01,1.508750000000000000e+02,9.459097899529816944e-01,2.497623957996005783e-01,2.161782077108854061e+00,-2.111001794597665793e+00
4.194444444444444531e-01,1.510000000000000000e+02,9.466584638145509878e-01,2.490300731052789984e-01,2.150563512584652948e+00,-2.107174773284257174e+00
4.197916666666666741e-01,1.511250000000000000e+02,9.474032258399964768e-01,2.482990814608136143e-01,2.139249936535476238e+00,-2.103334999390854776e+00
4.201388888888888951e-01,1.512500000000000000e+02,9.481440430764849214e-01,2.475694252400430506e-01,2.127841564554108889e+00,-2.099482784795180912e+00
4.204861111111111160e-01,1.513750000000000000e+02,9.488808826469391500e-01,2.468411087084888822e-01,2.116338617404171174e+00,-2.095618441518336539e+00
4.208333333333333370e-01,1.515000000000000000e+02,9.496137117518330673e-01,2.461141360233118081e-01,2.104741321009553356e+00,-2.091742281692646088e+00
4.211805555555555580e-01,1.516250000000000000e+02,9.503424976709803351e-01,2.453885112332785667e-01,2.093049906443506636e+00,-2.087854617529513401e+00
4.215277777777777790e-01,1.517500000000000000e+02,9.510672077653202772e-01,2.446642382787402870e-01,2.081264609917430786e+00,-2.083955761287308306e+00
4.218750000000000000e-01,1.518750000000000000e+02,9.517878094787013410e-01,2.439413209916213854e-01,2.069385672769307849e+00,-2.080046025239246976e+00
4.222222222222222210e-01,1.520000000000000000e+02,9.525042703396580102e-01,2.432197630954199830e-01,2.057413341451840072e+00,-2.076125721641319810e+00
4.225694444444444420e-01,1.521250000000000000e+02,9.532165579631838304e-01,2.424995682052200618e-01,2.045347867520261875e+00,-2.072195162700239734e+00
4.229166666666666630e-01,1.522500000000000000e+02,9.539246400525032143e-01,2.417807398277131703e-01,2.033189507619810321e+00,-2.068254660541411383e+00
4.232638888888888840e-01,1.523750000000000000e+02,9.546284844008348092e-01,2.410632813612330894e-01,2.020938523472900705e+00,-2.064304527176940240e+00
4.236111111111111049e-01,1.525000000000000000e+02,9.553280588931524209e-01,2.403471960958000475e-01,2.008595181865963308e+00,-2.060345074473674654e+00
4.239583333333333259e-01,1.526250000000000000e+02,9.560233315079419425e-01,2.396324872131775363e-01,1.996159754635982164e+00,-2.056376614121292246e+00
4.243055555555555469e-01,1.527500000000000000e+02,9.567142703189510655e-01,2.389191577869381744e-01,1.983632518656686994e+00,-2.052399457600407207e+00
4.246527777777777679e-01,1.528750000000000000e+02,9.574008434969373260e-01,2.382072107825428942e-01,1.971013755824453373e+00,-2.048413916150741088e+00
4.249999999999999889e-01,1.530000000000000000e+02,9.580830193114082682e-01,2.374966490574297595e-01,1.958303753043883599e+00,-2.044420300739335783e+00
4.253472222222222654e-01,1.531250000000000284e+02,9.587607661323592767e-01,2.367874753611136640e-01,1.945502802213050941e+00,-2.040418922028803816e+00
4.256944444444444864e-01,1.532500000000000284e+02,9.594340524320033037e-01,2.360796923352985743e-01,1.932611200208467439e+00,-2.036410090345646129e+00
4.260416666666667074e-01,1.533750000000000284e+02,9.601028467864972660e-01,2.353733025139987112e-01,1.919629248869697546e+00,-2.032394115648606281e+00
4.263888888888889284e-01,1.535000000000000000e+02,9.607671178776638898e-01,2.346683083236721645e-01,1.906557254983687999e+00,-2.028371307497104148e+00
4.267361111111111494e-01,1.536250000000000000e+02,9.614268344947044520e-01,2.339647120833653338e-01,1.893395530268787041e+00,-2.024341975019711803e+00
4.270833333333333703e-01,1.537500000000000000e+02,9.620819655359108546e-01,2.332625160048672208e-01,1.880144391358427924e+00,-2.020306426882701345e+00
4.274305555555555913e-01,1.538750000000000000e+02,9.627324800103669311e-01,2.325617221928761580e-01,1.866804159784531958e+00,-2.016264971258643790e+00
4.277777777777778123e-01,1.540000000000000000e+02,9.633783470396485304e-01,2.318623326451761668e-01,1.853375161960596706e+00,-2.012217915795112333e+00
4.281250000000000333e-01,1.541250000000000000e+02,9.640195358595138320e-01,2.311643492528249744e-01,1.839857729164462219e+00,-2.008165567583404254e+00
4.284722222222222543e-01,1.542500000000000000e+02,9.646560158215904401e-01,2.304677738003523824e-01,1.826252197520788823e+00,-2.004108233127382732e+00
4.288194444444444753e-01,1.543750000000000000e+02,9.652877563950544859e-01,2.297726079659700160e-01,1.812558907983235379e+00,-2.000046218312374613e+00
4.291666666666666963e-01,1.545000000000000000e+02,9.659147271683045100e-01,2.290788533217907041e-01,1.798778206316307138e+00,-1.995979828374147669e+00
4.295138888888889173e-01,1.546250000000000000e+02,9.665368978506293507e-01,2.283865113340602659e-01,1.784910443076933806e+00,-1.991909367867968461e+00
4.298611111111111382e-01,1.547500000000000000e+02,9.671542382738673727e-01,2.276955833633984849e-01,1.770955973595722321e+00,-1.987835140637757458e+00
4.302083333333333592e-01,1.548750000000000000e+02,9.677667183940622531e-01,2.270060706650520732e-01,1.756915157957936513e+00,-1.983757449785325644e+00
4.305555555555555802e-01,1.550000000000000000e+02,9.683743082931097756e-01,2.263179743891572115e-01,1.742788360984144358e+00,-1.979676597639683733e+00
4.309027777777778012e-01,1.551250000000000000e+02,9.689769781803987403e-01,2.256312955810129139e-01,1.728575952210597011e+00,-1.975592885726475290e+00
4.312500000000000222e-01,1.552500000000000000e+02,9.695746983944455444e-01,2.249460351813664660e-01,1.714278305869312069e+00,-1.971506614737483343e+00
4.315972222222222432e-01,1.553750000000000000e+02,9.701674394045192162e-01,2.242621940267066627e-01,1.699895800867833762e+00,-1.967418084500246245e+00
4.319444444444444642e-01,1.555000000000000000e+02,9.707551718122640061e-01,2.235797728495705072e-01,1.685428820768736680e+00,-1.963327593947759908e+00
4.322916666666666852e-01,1.556250000000000000e+02,9.713378663533106527e-01,2.228987722788580428e-01,1.670877753768811536e+00,-1.959235441088307939e+00
4.326388888888889062e-01,1.557500000000000000e+02,9.719154938988808778e-01,2.222191928401596739e-01,1.656242992677988024e+00,-1.955141922975376145e+00
4.329861111111111271e-01,1.558750000000000000e+02,9.724880254573878835e-01,2.215410349560917314e-01,1.641524934897931054e+00,-1.951047335677684735e+00
4.333333333333333481e-01,1.560000000000000000e+02,9.730554321760244152e-01,2.208642989466446105e-01,1.626723982400385182e+00,-1.946951974249328421e+00
4.336805555555555691e-01,1.561250000000000000e+02,9.736176853423476052e-01,2.201889850295396245e-01,1.611840541705223506e+00,-1.942856132700046423e+00
4.340277777777777901e-01,1.562500000000000000e+02,9.741747563858541570e-01,2.195150933205969324e-01,1.596875023858198794e+00,-1.938760103965579074e+00
4.343750000000000111e-01,1.563750000000000000e+02,9.747266168795464258e-01,2.188426238341138197e-01,1.581827844408427053e+00,-1.934664179878174517e+00
4.347222222222222321e-01,1.565000000000000000e+02,9.752732385414941696e-01,2.181715764832527216e-01,1.566699423385585321e+00,-1.930568651137192671e+00
4.350694444444444531e-01,1.566250000000000000e+02,9.758145932363843089e-01,2.175019510804395706e-01,1.551490185276838130e+00,-1.926473807279862616e+00
4.354166666666666741e-01,1.567500000000000000e+02,9.763506529770668019e-01,2.168337473377724978e-01,1.536200559003462418e+00,-1.922379936652132804e+00
4.357638888888888951e-01,1.568750000000000000e+02,9.768813899260883060e-01,2.161669648674407196e-01,1.520830977897221548e+00,-1.918287326379668700e+00
4.361111111111111160e-01,1.570000000000000000e+02,9.774067763972199563e-01,2.155016031821529177e-01,1.505381879676459311e+00,-1.914196262339000754e+00
4.364583333333333370e-01,1.571250000000000000e+02,9.779267848569771493e-01,2.148376616955763874e-01,1.489853706421905288e+00,-1.910107029128761180e+00
4.368055555555555580e-01,1.572500000000000000e+02,9.784413879261286695e-01,2.141751397227849851e-01,1.474246904552223958e+00,-1.906019910041108600e+00
4.371527777777777790e-01,1.573750000000000000e+02,9.789505583812002643e-01,2.135140364807184832e-01,1.458561924799290033e+00,-1.901935187033248820e+00
4.375000000000000000e-01,1.575000000000000000e+02,9.794542691559657843e-01,2.128543510886507506e-01,1.442799222183202890e+00,-1.897853140699141461e+00
4.378472222222222210e-01,1.576250000000000000e+02,9.799524933429337725e-01,2.121960825686677876e-01,1.426959255987011899e+00,-1.893774050241301854e+00
4.381944444444444420e-01,1.577500000000000000e+02,9.804452041948222840e-01,2.115392298461558629e-01,1.411042489731197724e+00,-1.889698193442793883e+00
4.385416666666666630e-01,1.578750000000000000e+02,9.809323751260264901e-01,2.108837917502996151e-01,1.395049391147895612e+00,-1.885625846639352288e+00
4.388888888888888840e-01,1.580000000000000000e+02,9.814139797140746246e-01,2.102297670145885367e-01,1.378980432154827129e+00,-1.881557284691654175e+00
4.392361111111111049e-01,1.581250000000000000e+02,9.818899917010794898e-01,2.095771542773349483e-01,1.362836088829005643e+00,-1.877492780957751073e+00
4.395833333333333259e-01,1.582500000000000000e+02,9.823603849951758615e-01,2.089259520821995786e-01,1.346616841380160245e+00,-1.873432607265662408e+00
4.399305555555555469e-01,1.583750000000000000e+02,9.828251336719516784e-01,2.082761588787285234e-01,1.330323174123927865e+00,-1.869377033886121975e+00
4.402777777777777679e-01,1.585000000000000000e+02,9.832842119758696819e-01,2.076277730228977270e-01,1.313955575454757385e+00,-1.865326329505483161e+00
4.406250000000000444e-01,1.586250000000000284e+02,9.837375943216772889e-01,2.069807927776680379e-01,1.297514537818588165e+00,-1.861280761198796263e+00
4.409722222222222654e-01,1.587500000000000284e+02,9.841852552958095801e-01,2.063352163135503958e-01,1.281000557685280761e+00,-1.857240594403045897e+00
4.413194444444444864e-01,1.588750000000000284e+02,9.846271696577822974e-01,2.056910417091775967e-01,1.264414135520776306e+00,-1.853206092890566259e+00
4.416666666666667074e-01,1.590000000000000284e+02,9.850633123415730719e-01,2.050482669518878254e-01,1.247755775759017194e+00,-1.849177518742614934e+00
4.420138888888889284e-01,1.591250000000000000e+02,9.854936584569953251e-01,2.044068899383162663e-01,1.231025986773637060e+00,-1.845155132323121006e+00
4.423611111111111494e-01,1.592500000000000000e+02,9.859181832910607346e-01,2.037669084749957615e-01,1.214225280849398514e+00,-1.841139192252634116e+00
4.427083333333333703e-01,1.593750000000000000e+02,9.863368623093328180e-01,2.031283202789672115e-01,1.197354174153379081e+00,-1.837129955382408752e+00
4.430555555555555913e-01,1.595000000000000000e+02,9.867496711572693036e-01,2.024911229783973032e-01,1.180413186705931317e+00,-1.833127676768707248e+00
4.434027777777778123e-01,1.596250000000000000e+02,9.871565856615555079e-01,2.018553141132071738e-01,1.163402842351403343e+00,-1.829132609647258656e+00
4.437500000000000333e-01,1.597500000000000000e+02,9.875575818314260568e-01,2.012208911357087626e-01,1.146323668728629341e+00,-1.825145005407929011e+00
4.440972222222222543e-01,1.598750000000000000e+02,9.879526358599792779e-01,2.005878514112498789e-01,1.129176197241165802e+00,-1.821165113569546135e+00
4.444444444444444753e-01,1.600000000000000000e+02,9.883417241254767172e-01,1.999561922188679841e-01,1.111960963027315730e+00,-1.817193181754940268e+00
4.447916666666666963e-01,1.601250000000000000e+02,9.887248231926363262e-01,1.993259107519535223e-01,1.094678504929934348e+00,-1.813229455666165002e+00
4.451388888888889173e-01,1.602500000000000000e+02,9.891019098139132160e-01,1.986970041189205782e-01,1.077329365465965694e+00,-1.809274179059915610e+00
4.454861111111111382e-01,1.603750000000000000e+02,9.894729609307694185e-01,1.980694693438869447e-01,1.059914090795801567e+00,-1.805327593723129231e+00
4.458333333333333592e-01,1.605000000000000000e+02,9.898379536749344343e-01,1.974433033673617111e-01,1.042433230692381363e+00,-1.801389939448811095e+00
4.461805555555555802e-01,1.606250000000000000e+02,9.901968653696533451e-01,1.968185030469426222e-01,1.024887338510106272e+00,-1.797461454012031723e+00
4.465277777777778012e-01,1.607500000000000000e+02,9.905496735309261558e-01,1.961950651580201543e-01,1.007276971153489020e+00,-1.793542373146143953e+00
4.468750000000000222e-01,1.608750000000000000e+02,9.908963558687337025e-01,1.955729863944906666e-01,9.896026890456244285e-01,-1.789632930519193588e+00
4.472222222222222432e-01,1.610000000000000000e+02,9.912368902882543464e-01,1.949522633694779905e-01,9.718650560964428031e-01,-1.785733357710546754e+00
4.475694444444444642e-01,1.611250000000000000e+02,9.915712548910700086e-01,1.943328926160623471e-01,9.540646396707200827e-01,-1.781843884187717109e+00
4.479166666666666852e-01,1.612500000000000000e+02,9.918994279763588828e-01,1.937148705880178401e-01,9.362020105559142324e-01,-1.777964737283402430e+00
4.482638888888889062e-01,1.613750000000000000e+02,9.922213880420784893e-01,1.930981936605569715e-01,9.182777429297647176e-01,-1.774096142172742363e+00
4.486111111111111271e-01,1.615000000000000000e+02,9.925371137861381809e-01,1.924828581310850661e-01,9.002924143277205582e-01,-1.770238321850784891e+00
4.489583333333333481e-01,1.616250000000000000e+02,9.928465841075578835e-01,1.918688602199597193e-01,8.822466056101153642e-01,-1.766391497110165743e+00
4.493055555555555691e-01,1.617500000000000000e+02,9.931497781076182862e-01,1.912561960712603482e-01,8.641409009291837195e-01,-1.762555886519006521e+00
4.496527777777777901e-01,1.618750000000000000e+02,9.934466750909971555e-01,1.906448617535637935e-01,8.459758876958675122e-01,-1.758731706399049521e+00
4.500000000000000111e-01,1.620000000000000000e+02,9.937372545668953228e-01,1.900348532607285257e-01,8.277521565464067699e-01,-1.754919170803980855e+00
4.503472222222222321e-01,1.621250000000000000e+02,9.940214962501505713e-01,1.894261665126852900e-01,8.094703013087545251e-01,-1.751118491498014684e+00
4.506944444444444531e-01,1.622500000000000000e+02,9.942993800623401990e-01,1.888187973562367727e-01,7.911309189687950605e-01,-1.747329877934672648e+00
4.510416666666666741e-01,1.623750000000000000e+02,9.945708861328722561e-01,1.882127415658622904e-01,7.727346096363753025e-01,-1.743553537235817519e+00
4.513888888888888951e-01,1.625000000000000000e+02,9.948359948000629061e-01,1.876079948445321666e-01,7.542819765111318242e-01,-1.739789674170890477e+00
4.517361111111111160e-01,1.626250000000000000e+02,9.950946866122042378e-01,1.870045528245271871e-01,7.357736258481454295e-01,-1.736038491136395967e+00
4.520833333333333370e-01,1.627500000000000000e+02,9.953469423286194218e-01,1.864024110682667712e-01,7.172101669234233201e-01,-1.732300188135625474e+00
4.524305555555555580e-01,1.628750000000000000e+02,9.955927429207045432e-01,1.858015650691431375e-01,6.985922119991698764e-01,-1.728574962758588685e+00
4.527777777777777790e-01,1.630000000000000000e+02,9.958320695729609984e-01,1.852020102523624367e-01,6.799203762889030056e-01,-1.724863010162213328e+00
4.531250000000000000e-01,1.631250000000000000e+02,9.960649036840125703e-01,1.846037419757934894e-01,6.611952779223864152e-01,-1.721164523050759509e+00
4.534722222222222210e-01,1.632500000000000000e+02,9.962912268676131777e-01,1.840067555308223801e-01,6.424175379103933547e-01,-1.717479691656496499e+00
4.538194444444444420e-01,1.633750000000000000e+02,9.965110209536398589e-01,1.834110461432147121e-01,6.235877801092826189e-01,-1.713808703720590687e+00
4.541666666666666630e-01,1.635000000000000000e+02,9.967242679890762069e-01,1.828166089739825251e-01,6.047066311854162324e-01,-1.710151744474267321e+00
4.545138888888888840e-01,1.636250000000000000e+02,9.969309502389801514e-01,1.822234391202606496e-01,5.857747205794284762e-01,-1.706508996620203833e+00
4.548611111111111049e-01,1.637500000000000000e+02,9.971310501874423027e-01,1.816315316161868088e-01,5.667926804702834165e-01,-1.702880640314162974e+00
4.552083333333333259e-01,1.638750000000000000e+02,9.973245505385299747e-01,1.810408814337896577e-01,5.477611457392196348e-01,-1.699266853146889078e+00
4.555555555555555469e-01,1.640000000000000000e+02,9.975114342172193282e-01,1.804514834838818471e-01,5.286807539334982264e-01,-1.695667810126243236e+00
4.559027777777777679e-01,1.641250000000000000e+02,9.976916843703141913e-01,1.798633326169610525e-01,5.095521452300330045e-01,-1.692083683659595161e+00
4.562500000000000444e-01,1.642500000000000284e+02,9.978652843673542217e-01,1.792764236241146114e-01,4.903759623988075966e-01,-1.688514643536466187e+00
4.565972222222222654e-01,1.643750000000000284e+02,9.980322178015073042e-01,1.786907512379325713e-01,4.711528507662094967e-01,-1.684960856911427829e+00
4.569444444444444864e-01,1.645000000000000284e+02,9.981924684904514011e-01,1.781063101334250109e-01,4.518834581781518422e-01,-1.681422488287250161e+00
4.572916666666667074e-01,1.646250000000000284e+02,9.983460204772433011e-01,1.775230949289455518e-01,4.325684349630948833e-01,-1.677899699498324404e+00
4.576388888888889284e-01,1.647500000000000000e+02,9.984928580311741575e-01,1.769411001871211142e-01,4.132084338948850966e-01,-1.674392649694321555e+00
4.579861111111111494e-01,1.648750000000000000e+02,9.986329656486113704e-01,1.763603204157869475e-01,3.938041101554811130e-01,-1.670901495324126351e+00
4.583333333333333703e-01,1.650000000000000000e+02,9.987663280538289223e-01,1.757807500689265168e-01,3.743561212975301533e-01,-1.667426390120037683e+00
4.586805555555555913e-01,1.651250000000000000e+02,9.988929301998240584e-01,1.752023835476182734e-01,3.548651272067935847e-01,-1.663967485082210152e+00
4.590277777777778123e-01,1.652500000000000000e+02,9.990127572691199775e-01,1.746252152009862280e-01,3.353317900644536276e-01,-1.660524928463385397e+00
4.593750000000000333e-01,1.653750000000000000e+02,9.991257946745575325e-01,1.740492393271572957e-01,3.157567743092836166e-01,-1.657098865753869665e+00
4.597222222222222543e-01,1.655000000000000000e+02,9.992320280600722748e-01,1.734744501742224165e-01,2.961407465996924171e-01,-1.653689439666797822e+00
4.600694444444444753e-01,1.656250000000000000e+02,9.993314433014571785e-01,1.729008419412037534e-01,2.764843757756240139e-01,-1.650296790123642499e+00
4.604166666666666963e-01,1.657500000000000000e+02,9.994240265071153706e-01,1.723284087790262487e-01,2.567883328203486859e-01,-1.646921054240012561e+00
4.607638888888889173e-01,1.658750000000000000e+02,9.995097640187962096e-01,1.717571447914942595e-01,2.370532908221420487e-01,-1.643562366311714928e+00
4.611111111111111382e-01,1.660000000000000000e+02,9.995886424123211489e-01,1.711870440362734946e-01,2.172799249358054186e-01,-1.640220857801087950e+00
4.614583333333333592e-01,1.661250000000000000e+02,9.996606484982921703e-01,1.706181005258767536e-01,1.974689123441146221e-01,-1.636896657323607895e+00
4.618055555555555802e-01,1.662500000000000000e+02,9.997257693227915576e-01,1.700503082286548284e-01,1.776209322191168727e-01,-1.633589890634774777e+00
4.621527777777778012e-01,1.663750000000000000e+02,9.997839921680653497e-01,1.694836610697916524e-01,1.577366656833542047e-01,-1.630300680617269737e+00
4.625000000000000222e-01,1.665000000000000000e+02,9.998353045531923611e-01,1.689181529323043329e-01,1.378167957709310609e-01,-1.627029147268387987e+00
4.628472222222222432e-01,1.666250000000000000e+02,9.998796942347428773e-01,1.683537776580468492e-01,1.178620073885091740e-01,-1.623775407687755079e+00
4.631944444444444642e-01,1.667500000000000000e+02,9.999171492074216960e-01,1.677905290487184398e-01,9.787298727620362404e-02,-1.620539576065318732e+00
4.635416666666666852e-01,1.668750000000000000e+02,9.999476577046967352e-01,1.672284008668759314e-01,7.785042396833583012e-02,-1.617321763669619550e+00
4.638888888888889062e-01,1.670000000000000000e+02,9.999712081994177604e-01,1.666673868369501488e-01,5.779500775413472929e-02,-1.614122078836345286e+00
4.642361111111111271e-01,1.671250000000000000e+02,9.999877894044154614e-01,1.661074806462658204e-01,3.770743063830774705e-02,-1.610940626957168664e+00
4.645833333333333481e-01,1.672500000000000000e+02,9.999973902730930897e-01,1.655486759460667312e-01,1.758838630155115310e-02,-1.607777510468865634e+00
4.649305555555555691e-01,1.673750000000000000e+02,1.000000000000000000e+00,1.649909663525419845e-01,-2.561429939075543071e-03,-1.604632828842716963e+00
4.652777777777777901e-01,1.675000000000000000e+02,9.999956080213943110e-01,1.644343454478591204e-01,-2.274132116982162388e-02,-1.601506678574196929e+00
4.656250000000000111e-01,1.676250000000000000e+02,9.999842040157884693e-01,1.638788067811979832e-01,-4.295058892001767104e-02,-1.598399153172953779e+00
4.659722222222222321e-01,1.677500000000000000e+02,9.999657779044843764e-01,1.633243438697897232e-01,-6.318853320194289802e-02,-1.595310343153059085e+00
4.663194444444444531e-01,1.678750000000000000e+02,9.999403198520935288e-01,1.627709501999584363e-01,-8.345445255075951974e-02,-1.592240336023567515e+00
4.666666666666666741e-01,1.680000000000000000e+02,9.999078202670405036e-01,1.622186192281661610e-01,-1.037476440645251213e-01,-1.589189216279347949e+00
4.670138888888888951e-01,1.681250000000000000e+02,9.998682698020587845e-01,1.616673443820609846e-01,-1.240674034442781348e-01,-1.586157065392218346e+00
4.673611111111111160e-01,1.682500000000000000e+02,9.998216593546656039e-01,1.611171190615282856e-01,-1.444130250342131605e-01,-1.583143961802351729e+00
4.677083333333333370e-01,1.683750000000000000e+02,9.997679800676274597e-01,1.605679366397447516e-01,-1.647838018619092459e-01,-1.580149980909992147e+00
4.680555555555555580e-01,1.685000000000000000e+02,9.997072233294107546e-01,1.600197904642352009e-01,-1.851790256786186584e-01,-1.577175195067457070e+00
4.684027777777777790e-01,1.686250000000000000e+02,9.996393807746166704e-01,1.594726738579329839e-01,-2.055979869996430731e-01,-1.574219673571419786e+00
4.687500000000000000e-01,1.687500000000000000e+02,9.995644442844034971e-01,1.589265801202408845e-01,-2.260399751447580985e-01,-1.571283482655504882e+00
4.690972222222222210e-01,1.688750000000000000e+02,9.994824059868970823e-01,1.583815025280974065e-01,-2.465042782786915077e-01,-1.568366685483160383e+00
4.694444444444444420e-01,1.690000000000000000e+02,9.993932582575812962e-01,1.578374343370427257e-01,-2.669901834516634764e-01,-1.565469342140839215e+00
4.697916666666666630e-01,1.691250000000000000e+02,9.992969937196796160e-01,1.572943687822894454e-01,-2.874969766399868010e-01,-1.562591509631459541e+00
4.701388888888888840e-01,1.692500000000000000e+02,9.991936052445219429e-01,1.567522990797929616e-01,-3.080239427867142998e-01,-1.559733241868174858e+00
4.704861111111111049e-01,1.693750000000000000e+02,9.990830859518949891e-01,1.562112184273269644e-01,-3.285703658423137496e-01,-1.556894589668432749e+00
4.708333333333333259e-01,1.695000000000000000e+02,9.989654292103792299e-01,1.556711200055575783e-01,-3.491355288054314165e-01,-1.554075600748334507e+00
4.711805555555555469e-01,1.696250000000000000e+02,9.988406286376751986e-01,1.551319969791228881e-01,-3.697187137636582799e-01,-1.551276319717284080e+00
4.715277777777778234e-01,1.697500000000000284e+02,9.987086781009091307e-01,1.545938424977110204e-01,-3.903192019343516006e-01,-1.548496788072946995e+00
4.718750000000000444e-01,1.698750000000000284e+02,9.985695717169306151e-01,1.540566496971424726e-01,-4.109362737054936821e-01,-1.545737044196499044e+00
4.722222222222222654e-01,1.700000000000000284e+02,9.984233038525923698e-01,1.535204117004528024e-01,-4.315692086765928748e-01,-1.542997123348173627e+00
4.725694444444444864e-01,1.701250000000000284e+02,9.982698691250169176e-01,1.529851216189762053e-01,-4.522172856996055090e-01,-1.540277057663111959e+00
4.729166666666667074e-01,1.702500000000000284e+02,9.981092624018494952e-01,1.524507725534327562e-01,-4.728797829198845282e-01,-1.537576876147508598e+00
4.732638888888889284e-01,1.703750000000000000e+02,9.979414788014964177e-01,1.519173575950141519e-01,-4.935559778171608736e-01,-1.534896604675064724e+00
4.736111111111111494e-01,1.705000000000000000e+02,9.977665136933479006e-01,1.513848698264725623e-01,-5.142451472465539020e-01,-1.532236265983729862e+00
4.739583333333333703e-01,1.706250000000000000e+02,9.975843626979892242e-01,1.508533023232100923e-01,-5.349465674795983450e-01,-1.529595879672750458e+00
4.743055555555555913e-01,1.707500000000000000e+02,9.973950216873957997e-01,1.503226481543684379e-01,-5.556595142452731562e-01,-1.526975462200025335e+00
4.746527777777778123e-01,1.708750000000000000e+02,9.971984867851135803e-01,1.497929003839210682e-01,-5.763832627710772094e-01,-1.524375026879748907e+00
4.750000000000000333e-01,1.710000000000000000e+02,9.969947543664272605e-01,1.492640520717637975e-01,-5.971170878240968927e-01,-1.521794583880362373e+00
4.753472222222222543e-01,1.711250000000000000e+02,9.967838210585125980e-01,1.487360962748088822e-01,-6.178602637520834717e-01,-1.519234140222813112e+00
4.756944444444444753e-01,1.712500000000000000e+02,9.965656837405744151e-01,1.482090260480768140e-01,-6.386120645245425553e-01,-1.516693699779101845e+00
4.760416666666666963e-01,1.713750000000000000e+02,9.963403395439716093e-01,1.476828344457909170e-01,-6.593717637738355508e-01,-1.514173263271142433e+00
4.763888888888889173e-01,1.715000000000000000e+02,9.961077858523261774e-01,1.471575145224704451e-01,-6.801386348362757905e-01,-1.511672828269918334e+00
4.767361111111111382e-01,1.716250000000000000e+02,9.958680203016198051e-01,1.466330593340256783e-01,-7.009119507932068949e-01,-1.509192389194944139e+00
4.770833333333333592e-01,1.717500000000000000e+02,9.956210407802744689e-01,1.461094619388513816e-01,-7.216909845121222133e-01,-1.506731937314026881e+00
4.774305555555555802e-01,1.718750000000000000e+02,9.953668454292199375e-01,1.455867153989215956e-01,-7.424750086877266453e-01,-1.504291460743327757e+00
4.777777777777778012e-01,1.720000000000000000e+02,9.951054326419470630e-01,1.450648127808837617e-01,-7.632632958830332104e-01,-1.501870944447733391e+00
4.781250000000000222e-01,1.721250000000000000e+02,9.948368010645450843e-01,1.445437471571529853e-01,-7.840551185704023318e-01,-1.499470370241521744e+00
4.784722222222222432e-01,1.722500000000000000e+02,9.945609495957273838e-01,1.440235116070055221e-01,-8.048497491726240849e-01,-1.497089716789332003e+00
4.788194444444444642e-01,1.723750000000000000e+02,9.942778773868410358e-01,1.435040992176725150e-01,-8.256464601039300577e-01,-1.494728959607438457e+00
4.791666666666666852e-01,1.725000000000000000e+02,9.939875838418620324e-01,1.429855030854327580e-01,-8.464445238110103187e-01,-1.492388071065325894e+00
4.795138888888889062e-01,1.726250000000000000e+02,9.936900686173784081e-01,1.424677163167048510e-01,-8.672432128140177277e-01,-1.490067020387564778e+00
4.798611111111111271e-01,1.727500000000000000e+02,9.933853316225553787e-01,1.419507320291392150e-01,-8.880417997475207326e-01,-1.487765773655991497e+00
4.802083333333333481e-01,1.728750000000000000e+02,9.930733730190912656e-01,1.414345433527085250e-01,-9.088395574014435097e-01,-1.485484293812186385e+00
4.805555555555555691e-01,1.730000000000000000e+02,9.927541932211538800e-01,1.409191434307978941e-01,-9.296357587619813456e-01,-1.483222540660258604e+00
4.809027777777777901e-01,1.731250000000000000e+02,9.924277928953073591e-01,1.404045254212933080e-01,-9.504296770524740534e-01,-1.480980470869923682e+00
4.812500000000000111e-01,1.732500000000000000e+02,9.920941729604207948e-01,1.398906824976700880e-01,-9.712205857742395310e-01,-1.478758037979893025e+00
4.815972222222222321e-01,1.733750000000000000e+02,9.917533345875663153e-01,1.393776078500785776e-01,-9.920077587473736802e-01,-1.476555192401554972e+00
4.819444444444444531e-01,1.735000000000000000e+02,9.914052791998997360e-01,1.388652946864301352e-01,-1.012790470151515576e+00,-1.474371881422961161e+00
4.822916666666666741e-01,1.736250000000000000e+02,9.910500084725306635e-01,1.383537362334801291e-01,-1.033567994566567005e+00,-1.472208049213109771e+00
4.826388888888888951e-01,1.737500000000000000e+02,9.906875243323749469e-01,1.378429257379109041e-01,-1.054339607013336844e+00,-1.470063636826533848e+00
4.829861111111111160e-01,1.738750000000000000e+02,9.903178289579942506e-01,1.373328564674116958e-01,-1.075104582994192093e+00,-1.467938582208183185e+00
4.833333333333333370e-01,1.740000000000000000e+02,9.899409247794230815e-01,1.368235217117580449e-01,-1.095862198533600562e+00,-1.465832820198607944e+00
4.836805555555555580e-01,1.741250000000000000e+02,9.895568144779792741e-01,1.363149147838879083e-01,-1.116611730218662446e+00,-1.463746282539441612e+00
4.840277777777777790e-01,1.742500000000000000e+02,9.891655009860632619e-01,1.358070290209780762e-01,-1.137352455239537541e+00,-1.461678897879182149e+00
4.843750000000000000e-01,1.743750000000000000e+02,9.887669874869395858e-01,1.352998577855156204e-01,-1.158083651429873795e+00,-1.459630591779267350e+00
4.847222222222222210e-01,1.745000000000000000e+02,9.883612774145076330e-01,1.347933944663693984e-01,-1.178804597307123725e+00,-1.457601286720453082e+00
4.850694444444444420e-01,1.746250000000000000e+02,9.879483744530569433e-01,1.342876324798590038e-01,-1.199514572112797328e+00,-1.455590902109484164e+00
4.854166666666666630e-01,1.747500000000000000e+02,9.875282825370095274e-01,1.337825652708200530e-01,-1.220212855852691680e+00,-1.453599354286062795e+00
4.857638888888888840e-01,1.748750000000000000e+02,9.871010058506459739e-01,1.332781863136685285e-01,-1.240898729336996853e+00,-1.451626556530112522e+00
4.861111111111111049e-01,1.750000000000000000e+02,9.866665488278207885e-01,1.327744891134615968e-01,-1.261571474220365197e+00,-1.449672419069337748e+00
4.864583333333333259e-01,1.751250000000000000e+02,9.862249161516609686e-01,1.322714672069560671e-01,-1.282230373041871818e+00,-1.447736849087076338e+00
4.868055555555555469e-01,1.752500000000000000e+02,9.857761127542534751e-01,1.317691141636642138e-01,-1.302874709264944419e+00,-1.445819750730448661e+00
4.871527777777778234e-01,1.753750000000000284e+02,9.853201438163153858e-01,1.312674235869063788e-01,-1.323503767317164792e+00,-1.443921025118794166e+00
4.875000000000000444e-01,1.755000000000000284e+02,9.848570147668541663e-01,1.307663891148611035e-01,-1.344116832630003922e+00,-1.442040570352410844e+00
4.878472222222222654e-01,1.756250000000000284e+02,9.843867312828109561e-01,1.302660044216112922e-01,-1.364713191678482707e+00,-1.440178281521571568e+00
4.881944444444444864e-01,1.757500000000000284e+02,9.839092992886913080e-01,1.297662632181881825e-01,-1.385292132020732314e+00,-1.438334050715847301e+00
4.885416666666667074e-01,1.758750000000000284e+02,9.834247249561833826e-01,1.292671592536114855e-01,-1.405852942337465272e+00,-1.436507767033707417e+00
4.888888888888889284e-01,1.760000000000000000e+02,9.829330147037605991e-01,1.287686863159264450e-01,-1.426394912471348198e+00,-1.434699316592418006e+00
4.892361111111111494e-01,1.761250000000000000e+02,9.824341751962706315e-01,1.282708382332364283e-01,-1.446917333466281042e+00,-1.432908582538223285e+00
4.895833333333333703e-01,1.762500000000000000e+02,9.819282133445127458e-01,1.277736088747342402e-01,-1.467419497606586187e+00,-1.431135445056821665e+00
4.899305555555555913e-01,1.763750000000000000e+02,9.814151363048000398e-01,1.272769921517263592e-01,-1.487900698456087856e+00,-1.429379781384116699e+00
4.902777777777778123e-01,1.765000000000000000e+02,9.808949514785078039e-01,1.267809820186568404e-01,-1.508360230897076049e+00,-1.427641465817268251e+00
4.906250000000000333e-01,1.766250000000000000e+02,9.803676665116094480e-01,1.262855724741249464e-01,-1.528797391169189668e+00,-1.425920369726020764e+00
4.909722222222222543e-01,1.767500000000000000e+02,9.798332892941983285e-01,1.257907575618996132e-01,-1.549211476908177287e+00,-1.424216361564313305e+00
4.913194444444444753e-01,1.768750000000000000e+02,9.792918279599963638e-01,1.252965313719303642e-01,-1.569601787184524255e+00,-1.422529306882181155e+00
4.916666666666666963e-01,1.770000000000000000e+02,9.787432908858491043e-01,1.248028880413525471e-01,-1.589967622542018066e+00,-1.420859068337930742e+00
4.920138888888889173e-01,1.771250000000000000e+02,9.781876866912075918e-01,1.243098217554905183e-01,-1.610308285036142983e+00,-1.419205505710604998e+00
4.923611111111111382e-01,1.772500000000000000e+02,9.776250242375961186e-01,1.238173267488538176e-01,-1.630623078272393167e+00,-1.417568475912717174e+00
4.927083333333333592e-01,1.773750000000000000e+02,9.770553126280688838e-01,1.233253973061317621e-01,-1.650911307444429488e+00,-1.415947833003276868e+00
4.930555555555555802e-01,1.775000000000000000e+02,9.764785612066507747e-01,1.228340277631801147e-01,-1.671172279372160174e+00,-1.414343428201082276e+00
4.934027777777778012e-01,1.776250000000000000e+02,9.758947795577661566e-01,1.223432125080068378e-01,-1.691405302539647826e+00,-1.412755109898299333e+00
4.937500000000000222e-01,1.777500000000000000e+02,9.753039775056548955e-01,1.218529459817493249e-01,-1.711609687132907842e+00,-1.411182723674308193e+00
4.940972222222222432e-01,1.778750000000000000e+02,9.747061651137745031e-01,1.213632226796504676e-01,-1.731784745077582954e+00,-1.409626112309829704e+00
4.944444444444444642e-01,1.780000000000000000e+02,9.741013526841896253e-01,1.208740371520262841e-01,-1.751929790076471871e+00,-1.408085115801321674e+00
4.947916666666666852e-01,1.781250000000000000e+02,9.734895507569493178e-01,1.203853840052311747e-01,-1.772044137646924034e+00,-1.406559571375653572e+00
4.951388888888889062e-01,1.782500000000000000e+02,9.728707701094490012e-01,1.198972579026166829e-01,-1.792127105158090927e+00,-1.405049313505043251e+00
4.954861111111111271e-01,1.783750000000000000e+02,9.722450217557823127e-01,1.194096535654848162e-01,-1.812178011868058380e+00,-1.403554173922269666e+00
4.958333333333333481e-01,1.785000000000000000e+02,9.716123169460778586e-01,1.189225657740379111e-01,-1.832196178960805000e+00,-1.402073981636156708e+00
4.961805555555555691e-01,1.786250000000000000e+02,9.709726671658253094e-01,1.184359893683199910e-01,-1.852180929583030711e+00,-1.400608562947310398e+00
4.965277777777777901e-01,1.787500000000000000e+02,9.703260841351860622e-01,1.179499192491560988e-01,-1.872131588880842301e+00,-1.399157741464142291e+00
4.968750000000000111e-01,1.788750000000000000e+02,9.696725798082935777e-01,1.174643503790825383e-01,-1.892047484036279759e+00,-1.397721338119138457e+00
4.972222222222222321e-01,1.790000000000000000e+02,9.690121663725405066e-01,1.169792777832747294e-01,-1.911927944303688287e+00,-1.396299171185407140e+00
4.975694444444444531e-01,1.791250000000000000e+02,9.683448562478509380e-01,1.164946965504666115e-01,-1.931772301045937335e+00,-1.394891056293469545e+00
4.979166666666666741e-01,1.792500000000000000e+02,9.676706620859448771e-01,1.160106018338656758e-01,-1.951579887770489519e+00,-1.393496806448337955e+00
4.982638888888888951e-01,1.793750000000000000e+02,9.669895967695848471e-01,1.155269888520615157e-01,-1.971350040165304796e+00,-1.392116232046821889e+00
4.986111111111111160e-01,1.795000000000000000e+02,9.663016734118139439e-01,1.150438528899286050e-01,-1.991082096134564772e+00,-1.390749140895116476e+00
4.989583333333333370e-01,1.796250000000000000e+02,9.656069053551795678e-01,1.145611892995222758e-01,-2.010775395834274004e+00,-1.389395338226633081e+00
4.993055555555555580e-01,1.797500000000000000e+02,9.649053061709454981e-01,1.140789935009695194e-01,-2.030429281707649913e+00,-1.388054626720091500e+00
4.996527777777777790e-01,1.798750000000000000e+02,9.641968896582922000e-01,1.135972609833522107e-01,-2.050043098520379914e+00,-1.386726806517856181e+00
5.000000000000000000e-01,1.800000000000000000e+02,9.634816698435030302e-01,1.131159873055853776e-01,-2.069616193395666937e+00,-1.385411675244538898e+00
5.003472222222222765e-01,1.801250000000000284e+02,9.627596609791404525e-01,1.126351680972869224e-01,-2.089147915849158821e+00,-1.384109028025832133e+00
5.006944444444444420e-01,1.802500000000000000e+02,9.620308775432094839e-01,1.121547990596434702e-01,-2.108637617823636567e+00,-1.382818657507609572e+00
5.010416666666667185e-01,1.803750000000000284e+02,9.612953342383088184e-01,1.116748759662668650e-01,-2.128084653723588460e+00,-1.381540353875256866e+00
5.013888888888888840e-01,1.805000000000000000e+02,9.605530459907695162e-01,1.111953946640459184e-01,-2.147488380449538159e+00,-1.380273904873262403e+00
5.017361111111111605e-01,1.806250000000000284e+02,9.598040279497823679e-01,1.107163510739898465e-01,-2.166848157432270217e+00,-1.379019095825035679e+00
5.020833333333333259e-01,1.807500000000000000e+02,9.590482954865149345e-01,1.102377411920661271e-01,-2.186163346666777585e+00,-1.377775709652984792e+00
5.024305555555556024e-01,1.808750000000000284e+02,9.582858641932129329e-01,1.097595610900298918e-01,-2.205433312746114538e+00,-1.376543526898816650e+00
5.027777777777777679e-01,1.810000000000000000e+02,9.575167498822955148e-01,1.092818069162477534e-01,-2.224657422894981806e+00,-1.375322325744087193e+00
5.031250000000000444e-01,1.811250000000000284e+02,9.567409685854308954e-01,1.088044748965132924e-01,-2.243835047003199357e+00,-1.374111882030985887e+00
5.034722222222222099e-01,1.812500000000000000e+02,9.559585365526108713e-01,1.083275613348556321e-01,-2.262965557658897620e+00,-1.372911969283352018e+00
5.038194444444444864e-01,1.813750000000000284e+02,9.551694702512030233e-01,1.078510626143409784e-01,-2.282048330181603468e+00,-1.371722358727923696e+00
5.041666666666666519e-01,1.815000000000000000e+02,9.543737863650011422e-01,1.073749751978665679e-01,-2.301082742655046864e+00,-1.370542819315822447e+00
5.045138888888889284e-01,1.816250000000000000e+02,9.535715017932554494e-01,1.068992956289462892e-01,-2.320068175959859147e+00,-1.369373117744268065e+00
5.048611111111110938e-01,1.817500000000000000e+02,9.527626336496995973e-01,1.064240205324910038e-01,-2.339004013805950688e+00,-1.368213018478509291e+00
5.052083333333333703e-01,1.818750000000000000e+02,9.519471992615597955e-01,1.059491466155776801e-01,-2.357889642764828597e+00,-1.367062283773994968e+00
5.055555555555555358e-01,1.820000000000000000e+02,9.511252161685572748e-01,1.054746706682149621e-01,-2.376724452301572033e+00,-1.365920673698763466e+00
5.059027777777778123e-01,1.821250000000000000e+02,9.502967021218977628e-01,1.050005895640965942e-01,-2.395507834806712921e+00,-1.364787946156044152e+00
5.062499999999999778e-01,1.822500000000000000e+02,9.494616750832498564e-01,1.045269002613514742e-01,-2.414239185627804485e+00,-1.363663856907103344e+00
5.065972222222222543e-01,1.823750000000000000e+02,9.486201532237128475e-01,1.040535998032808968e-01,-2.432917903100900947e+00,-1.362548159594277664e+00
5.069444444444444198e-01,1.825000000000000000e+02,9.477721549227740017e-01,1.035806853190924526e-01,-2.451543388581682414e+00,-1.361440605764248080e+00
5.072916666666666963e-01,1.826250000000000000e+02,9.469176987672542900e-01,1.031081540246221312e-01,-2.470115046476494935e+00,-1.360340944891514692e+00
5.076388888888888618e-01,1.827500000000000000e+02,9.460568035502443518e-01,1.026360032230507896e-01,-2.488632284273073481e+00,-1.359248924402090442e+00
5.079861111111111382e-01,1.828750000000000000e+02,9.451894882700279110e-01,1.021642303056101986e-01,-2.507094512571133471e+00,-1.358164289697400662e+00
5.083333333333333037e-01,1.830000000000000000e+02,9.443157721289984208e-01,1.016928327522827885e-01,-2.525501145112650114e+00,-1.357086784178391792e+00
5.086805555555555802e-01,1.831250000000000000e+02,9.434356745325596094e-01,1.012218081324914448e-01,-2.543851598812003179e+00,-1.356016149269849480e+00
5.090277777777777457e-01,1.832500000000000000e+02,9.425492150880216968e-01,1.007511541057819204e-01,-2.562145293785819788e+00,-1.354952124444914308e+00
5.093750000000000222e-01,1.833750000000000000e+02,9.416564136034820676e-01,1.002808684224957142e-01,-2.580381653382673335e+00,-1.353894447249806898e+00
5.097222222222221877e-01,1.835000000000000000e+02,9.407572900867000598e-01,9.981094892443527489e-02,-2.598560104212447541e+00,-1.352842853328744654e+00
5.100694444444444642e-01,1.836250000000000000e+02,9.398518647439569884e-01,9.934139354551939360e-02,-2.616680076175601499e+00,-1.351797076449065216e+00
5.104166666666667407e-01,1.837500000000000284e+02,9.389401579789110608e-01,9.887220031243140750e-02,-2.634741002492074546e+00,-1.350756848526537768e+00
5.107638888888889062e-01,1.838750000000000000e+02,9.380221903914381931e-01,9.840336734525707840e-02,-2.652742319730042819e+00,-1.349721899650873080e+00
5.111111111111111827e-01,1.840000000000000284e+02,9.370979827764649439e-01,9.793489285811417255e-02,-2.670683467834424452e+00,-1.348691958111418732e+00
5.114583333333333481e-01,1.841250000000000000e+02,9.361675561227915665e-01,9.746677515977356099e-02,-2.688563890155106328e+00,-1.347666750423052617e+00
5.118055555555556246e-01,1.842500000000000284e+02,9.352309316119031823e-01,9.699901265427006425e-02,-2.706383033475006084e+00,-1.346646001352253430e+00
5.121527777777777901e-01,1.843750000000000000e+02,9.342881306167756250e-01,9.653160384150594187e-02,-2.724140348037802806e+00,-1.345629433943363429e+00
5.125000000000000666e-01,1.845000000000000284e+02,9.333391747006664074e-01,9.606454731784337675e-02,-2.741835287575517199e+00,-1.344616769545025736e+00
5.128472222222222321e-01,1.846250000000000000e+02,9.323840856159010260e-01,9.559784177668945171e-02,-2.759467309335771557e+00,-1.343607727836812815e+00
5.131944444444445086e-01,1.847500000000000284e+02,9.314228853026444988e-01,9.513148600906999597e-02,-2.777035874108873870e+00,-1.342602026856022812e+00
5.135416666666666741e-01,1.848750000000000000e+02,9.304555958876711275e-01,9.466547890419653444e-02,-2.794540446254567101e+00,-1.341599383024652870e+00
5.138888888888889506e-01,1.850000000000000284e+02,9.294822396831151634e-01,9.419981945002099677e-02,-2.811980493728647890e+00,-1.340599511176554071e+00
5.142361111111111160e-01,1.851250000000000000e+02,9.285028391852222507e-01,9.373450673378359854e-02,-2.829355488109203787e+00,-1.339602124584747145e+00
5.145833333333333925e-01,1.852500000000000284e+02,9.275174170730843271e-01,9.326953994254939817e-02,-2.846664904622715042e+00,-1.338606934988909813e+00
5.149305555555555580e-01,1.853750000000000000e+02,9.265259962073697508e-01,9.280491836373595815e-02,-2.863908222169811335e+00,-1.337613652623035332e+00
5.152777777777778345e-01,1.855000000000000284e+02,9.255285996290417705e-01,9.234064138563127799e-02,-2.881084923350854421e+00,-1.336621986243249127e+00
5.156250000000000000e-01,1.856250000000000000e+02,9.245252505580712210e-01,9.187670849790262328e-02,-2.898194494491182827e+00,-1.335631643155789972e+00
5.159722222222222765e-01,1.857500000000000284e+02,9.235159723921370079e-01,9.141311929209443299e-02,-2.915236425666175357e+00,-1.334642329245145476e+00
5.163194444444444420e-01,1.858750000000000000e+02,9.225007887053219280e-01,9.094987346211752532e-02,-2.932210210725987753e+00,-1.333653749002357225e+00
5.166666666666667185e-01,1.860000000000000284e+02,9.214797232467942800e-01,9.048697080472725696e-02,-2.949115347320103719e+00,-1.332665605553457144e+00
5.170138888888888840e-01,1.861250000000000000e+02,9.204527999394884752e-01,9.002441121999393836e-02,-2.965951336921522241e+00,-1.331677600688090157e+00
5.173611111111111605e-01,1.862500000000000284e+02,9.194200428787701052e-01,8.956219471176009306e-02,-2.982717684850798356e+00,-1.330689434888242539e+00
5.177083333333333259e-01,1.863750000000000000e+02,9.183814763310980123e-01,8.910032138809123592e-02,-2.999413900299710001e+00,-1.329700807357157899e+00
5.180555555555556024e-01,1.865000000000000284e+02,9.173371247326734812e-01,8.863879146171309287e-02,-3.016039496354758764e+00,-1.328711416048378169e+00
5.184027777777777679e-01,1.866250000000000000e+02,9.162870126880878763e-01,8.817760525044242292e-02,-3.032593990020290953e+00,-1.327720957694920267e+00
5.187500000000000444e-01,1.867500000000000284e+02,9.152311649689531814e-01,8.771676317760369879e-02,-3.049076902241476539e+00,-1.326729127838612188e+00
5.190972222222222099e-01,1.868750000000000000e+02,9.141696065125345383e-01,8.725626577243934812e-02,-3.065487757926896428e+00,-1.325735620859548103e+00
5.194444444444444864e-01,1.870000000000000284e+02,9.131023624203666866e-01,8.679611367050656112e-02,-3.081826085970952533e+00,-1.324740130005684691e+00
5.197916666666666519e-01,1.871250000000000000e+02,9.120294579568689608e-01,8.633630761406659027e-02,-3.098091419275934566e+00,-1.323742347422575572e+00
5.201388888888889284e-01,1.872500000000000000e+02,9.109509185479462978e-01,8.587684845246093546e-02,-3.114283294773876332e+00,-1.322741964183223873e+00
5.204861111111110938e-01,1.873750000000000000e+02,9.098667697795905784e-01,8.541773714248007687e-02,-3.130401253448066523e+00,-1.321738670318068909e+00
5.208333333333333703e-01,1.875000000000000000e+02,9.087770373964665360e-01,8.495897474871867694e-02,-3.146444840354353900e+00,-1.320732154845094319e+00
5.211805555555555358e-01,1.876250000000000000e+02,9.076817473004968884e-01,8.450056244392339933e-02,-3.162413604642107412e+00,-1.319722105800059664e+00
5.215277777777778123e-01,1.877500000000000000e+02,9.065809255494342578e-01,8.404250150932716934e-02,-3.178307099574964933e+00,-1.318708210266852365e+00
5.218749999999999778e-01,1.878750000000000000e+02,9.054745983554325361e-01,8.358479333497596808e-02,-3.194124882551228950e+00,-1.317690154407951564e+00
5.222222222222222543e-01,1.880000000000000000e+02,9.043627920836049272e-01,8.312743942004212350e-02,-3.209866515124050412e+00,-1.316667623495006989e+00
5.225694444444444198e-01,1.881250000000000000e+02,9.032455332505795464e-01,8.267044137312930252e-02,-3.225531563021268866e+00,-1.315640301939536183e+00
5.229166666666666963e-01,1.882500000000000000e+02,9.021228485230453620e-01,8.221380091256487443e-02,-3.241119596165023431e+00,-1.314607873323717202e+00
5.232638888888888618e-01,1.883750000000000000e+02,9.009947647162936946e-01,8.175751986668357285e-02,-3.256630188691024941e+00,-1.313570020431301666e+00
5.236111111111111382e-01,1.885000000000000000e+02,8.998613087927497256e-01,8.130160017409819584e-02,-3.272062918967602929e+00,-1.312526425278621067e+00
5.239583333333333037e-01,1.886250000000000000e+02,8.987225078605027839e-01,8.084604388396197938e-02,-3.287417369614392904e+00,-1.311476769145698551e+00
5.243055555555555802e-01,1.887500000000000000e+02,8.975783891718234209e-01,8.039085315621734285e-02,-3.302693127520812677e+00,-1.310420732607452843e+00
5.246527777777777457e-01,1.888750000000000000e+02,8.964289801216812625e-01,7.993603026183673799e-02,-3.317889783864174991e+00,-1.309357995565005206e+00
5.250000000000000222e-01,1.890000000000000000e+02,8.952743082462494284e-01,7.948157758305002263e-02,-3.333006934127589194e+00,-1.308288237277078769e+00
5.253472222222221877e-01,1.891250000000000000e+02,8.941144012214096159e-01,7.902749761356304969e-02,-3.348044178117484115e+00,-1.307211136391476902e+00
5.256944444444444642e-01,1.892500000000000000e+02,8.929492868612455281e-01,7.857379295876319725e-02,-3.363001119980921771e+00,-1.306126370976660400e+00
5.260416666666667407e-01,1.893750000000000284e+02,8.917789931165344131e-01,7.812046633591612776e-02,-3.377877368222556242e+00,-1.305033618553406383e+00
5.263888888888889062e-01,1.895000000000000000e+02,8.906035480732309439e-01,7.766752057434972434e-02,-3.392672535721327876e+00,-1.303932556126544018e+00
5.267361111111111827e-01,1.896250000000000284e+02,8.894229799509432155e-01,7.721495861562774343e-02,-3.407386239746880818e+00,-1.302822860216777512e+00
5.270833333333333481e-01,1.897500000000000000e+02,8.882373171014094071e-01,7.676278351371312869e-02,-3.422018101975618176e+00,-1.301704206892572602e+00
5.274305555555556246e-01,1.898750000000000284e+02,8.870465880069609010e-01,7.631099843511826575e-02,-3.436567748506554221e+00,-1.300576271802134309e+00
5.277777777777777901e-01,1.900000000000000000e+02,8.858508212789869551e-01,7.585960665904667444e-02,-3.451034809876777132e+00,-1.299438730205441539e+00
5.281250000000000666e-01,1.901250000000000284e+02,8.846500456563888282e-01,7.540861157752089261e-02,-3.465418921076692360e+00,-1.298291257006344512e+00
5.284722222222222321e-01,1.902500000000000000e+02,8.834442900040334612e-01,7.495801669550206103e-02,-3.479719721564893842e+00,-1.297133526784757462e+00
5.288194444444445086e-01,1.903750000000000284e+02,8.822335833111958348e-01,7.450782563099522804e-02,-3.493936855282819387e+00,-1.295965213828871088e+00
5.291666666666666741e-01,1.905000000000000000e+02,8.810179546900038794e-01,7.405804211514613322e-02,-3.508069970669011273e+00,-1.294785992167460709e+00
5.295138888888889506e-01,1.906250000000000284e+02,8.797974333738713959e-01,7.360866999232529295e-02,-3.522118720673166337e+00,-1.293595535602230617e+00
5.298611111111111160e-01,1.907500000000000000e+02,8.785720487159323078e-01,7.315971322020142775e-02,-3.536082762769806376e+00,-1.292393517740219488e+00
5.302083333333333925e-01,1.908750000000000284e+02,8.773418301874629233e-01,7.271117586980291314e-02,-3.549961758971718950e+00,-1.291179612026259305e+00
5.305555555555555580e-01,1.910000000000000000e+02,8.761068073763086383e-01,7.226306212556911357e-02,-3.563755375843021156e+00,-1.289953491775476246e+00
5.309027777777778345e-01,1.911250000000000284e+02,8.748670099852980941e-01,7.181537628538897655e-02,-3.577463284511991137e+00,-1.288714830205840212e+00
5.312500000000000000e-01,1.912500000000000000e+02,8.736224678306578895e-01,7.136812276063025928e-02,-3.591085160683531896e+00,-1.287463300470761407e+00
5.315972222222222765e-01,1.913750000000000284e+02,8.723732108404201879e-01,7.092130607615507176e-02,-3.604620684651386853e+00,-1.286198575691718693e+00
5.319444444444444420e-01,1.915000000000000000e+02,8.711192690528287708e-01,7.047493087032628833e-02,-3.618069541309997472e+00,-1.284920328990932337e+00
5.322916666666667185e-01,1.916250000000000284e+02,8.698606726147369850e-01,7.002900189500038675e-02,-3.631431420166108648e+00,-1.283628233524066964e+00
5.326388888888888840e-01,1.917500000000000000e+02,8.685974517800080230e-01,6.958352401551173849e-02,-3.644706015350011707e+00,-1.282321962512966040e+00
5.329861111111111605e-01,1.918750000000000284e+02,8.673296369079037671e-01,6.913850221064268831e-02,-3.657893025626530292e+00,-1.281001189278416774e+00
5.333333333333333259e-01,1.920000000000000000e+02,8.660572584614772973e-01,6.869394157258425226e-02,-3.670992154405657626e+00,-1.279665587272939442e+00
5.336805555555556024e-01,1.921250000000000284e+02,8.647803470059540754e-01,6.824984730688384016e-02,-3.684003109752935323e+00,-1.278314830113601808e+00
5.340277777777777679e-01,1.922500000000000000e+02,8.634989332071182355e-01,6.780622473238347159e-02,-3.696925604399457832e+00,-1.276948591614850192e+00
5.343750000000000444e-01,1.923750000000000284e+02,8.622130478296871070e-01,6.736307928114469712e-02,-3.709759355751634402e+00,-1.275566545821356756e+00
5.347222222222222099e-01,1.925000000000000000e+02,8.609227217356890671e-01,6.692041649836365236e-02,-3.722504085900589121e+00,-1.274168367040889427e+00
5.350694444444444864e-01,1.926250000000000284e+02,8.596279858828321796e-01,6.647824204227302525e-02,-3.735159521631304269e+00,-1.272753729877184936e+00
5.354166666666666519e-01,1.927500000000000000e+02,8.583288713228764966e-01,6.603656168403490567e-02,-3.747725394431387080e+00,-1.271322309262831185e+00
5.357638888888889284e-01,1.928750000000000000e+02,8.570254091999964796e-01,6.559538130761934094e-02,-3.760201440499598480e+00,-1.269873780492159154e+00
5.361111111111110938e-01,1.930000000000000000e+02,8.557176307491465295e-01,6.515470690967475886e-02,-3.772587400754012776e+00,-1.268407819254136815e+00
5.364583333333333703e-01,1.931250000000000000e+02,8.544055672944179669e-01,6.471454459938343062e-02,-3.784883020839908241e+00,-1.266924101665259261e+00
5.368055555555555358e-01,1.932500000000000000e+02,8.530892502473997885e-01,6.427490059830893998e-02,-3.797088051137309961e+00,-1.265422304302440626e+00
5.371527777777778123e-01,1.933750000000000000e+02,8.517687111055293192e-01,6.383578124022919187e-02,-3.809202246768271127e+00,-1.263902104235899548e+00
5.374999999999999778e-01,1.935000000000000000e+02,8.504439814504487494e-01,6.339719297096059469e-02,-3.821225367603776846e+00,-1.262363179062032659e+00
5.378472222222222543e-01,1.936250000000000000e+02,8.491150929463514574e-01,6.295914234816883670e-02,-3.833157178270405918e+00,-1.260805206936277623e+00
5.381944444444444198e-01,1.937500000000000000e+02,8.477820773383327735e-01,6.252163604116983686e-02,-3.844997448156618258e+00,-1.259227866605968194e+00
5.385416666666666963e-01,1.938750000000000000e+02,8.464449664507317506e-01,6.208468083071735227e-02,-3.856745951418794949e+00,-1.257630837443156402e+00
5.388888888888888618e-01,1.940000000000000000e+02,8.451037921854785973e-01,6.164828360878172459e-02,-3.868402466986889277e+00,-1.256013799477445625e+00
5.392361111111111382e-01,1.941250000000000000e+02,8.437585865204333402e-01,6.121245137831484578e-02,-3.879966778569851726e+00,-1.254376433428751492e+00
5.395833333333333037e-01,1.942500000000000000e+02,8.424093815077278169e-01,6.077719125300545117e-02,-3.891438674660661068e+00,-1.252718420740088323e+00
5.399305555555555802e-01,1.943750000000000000e+02,8.410562092721008964e-01,6.034251045702172106e-02,-3.902817948541114745e+00,-1.251039443610297175e+00
5.402777777777777457e-01,1.945000000000000000e+02,8.396991020092381408e-01,5.990841632474378647e-02,-3.914104398286245345e+00,-1.249339185026746790e+00
5.406250000000000222e-01,1.946250000000000000e+02,8.383380919841038059e-01,5.947491630048387656e-02,-3.925297826768475939e+00,-1.247617328798003244e+00
5.409722222222221877e-01,1.947500000000000000e+02,8.369732115292772834e-01,5.904201793819563449e-02,-3.936398041661424596e+00,-1.245873559586464729e+00
5.413194444444444642e-01,1.948750000000000000e+02,8.356044930432821038e-01,5.860972890117194245e-02,-3.947404855443429117e+00,-1.244107562940947487e+00
5.416666666666667407e-01,1.950000000000000284e+02,8.342319689889209355e-01,5.817805696173164454e-02,-3.958318085400727160e+00,-1.242319025329240656e+00
5.420138888888889062e-01,1.951250000000000000e+02,8.328556718916022561e-01,5.774701000089475789e-02,-3.969137553630347259e+00,-1.240507634170603612e+00
5.423611111111111827e-01,1.952500000000000284e+02,8.314756343376704661e-01,5.731659600804588084e-02,-3.979863087042697867e+00,-1.238673077868222894e+00
5.427083333333333481e-01,1.953750000000000000e+02,8.300918889727358918e-01,5.688682308058796294e-02,-3.990494517363795790e+00,-1.236815045841612282e+00
5.430555555555556246e-01,1.955000000000000284e+02,8.287044684999997912e-01,5.645769942358312699e-02,-4.001031681137249052e+00,-1.234933228558957818e+00
5.434027777777777901e-01,1.956250000000000000e+02,8.273134056785834689e-01,5.602923334938319372e-02,-4.011474419725867158e+00,-1.233027317569415748e+00
5.437500000000000666e-01,1.957500000000000284e+02,8.259187333218526161e-01,5.560143327724825779e-02,-4.021822579313017343e+00,-1.231097005535334743e+00
5.440972222222222321e-01,1.958750000000000000e+02,8.245204842957454261e-01,5.517430773295542434e-02,-4.032076010903605123e+00,-1.229141986264428166e+00
5.444444444444445086e-01,1.960000000000000284e+02,8.231186915170964902e-01,5.474786534839462537e-02,-4.042234570324817255e+00,-1.227161954741869287e+00
5.447916666666666741e-01,1.961250000000000000e+02,8.217133879519642470e-01,5.432211486115524207e-02,-4.052298118226480561e+00,-1.225156607162331657e+00
5.451388888888889506e-01,1.962500000000000284e+02,8.203046066139538794e-01,5.389706511409937673e-02,-4.062266520081175614e+00,-1.223125640961941762e+00
5.454861111111111160e-01,1.963750000000000000e+02,8.188923805625458741e-01,5.347272505492656897e-02,-4.072139646183990713e+00,-1.221068754850172855e+00
5.458333333333333925e-01,1.965000000000000284e+02,8.174767429014183628e-01,5.304910373572451626e-02,-4.081917371652002302e+00,-1.218985648841649727e+00
5.461805555555555580e-01,1.966250000000000000e+02,8.160577267767756826e-01,5.262621031251230042e-02,-4.091599576423413431e+00,-1.216876024287879332e+00
5.465277777777778345e-01,1.967500000000000284e+02,8.146353653756727153e-01,5.220405404476896605e-02,-4.101186145256419557e+00,-1.214739583908896137e+00
5.468750000000000000e-01,1.968750000000000000e+02,8.132096919243434474e-01,5.178264429495434140e-02,-4.110676967727721731e+00,-1.212576031824826428e+00
5.472222222222222765e-01,1.970000000000000284e+02,8.117807396865249769e-01,5.136199052801596054e-02,-4.120071938230788433e+00,-1.210385073587357363e+00
5.475694444444444420e-01,1.971250000000000000e+02,8.103485419617896257e-01,5.094210231088774909e-02,-4.129370955973742596e+00,-1.208166416211121197e+00
5.479166666666667185e-01,1.972500000000000284e+02,8.089131320838695016e-01,5.052298931197587994e-02,-4.138573924977006158e+00,-1.205919768204978038e+00
5.482638888888888840e-01,1.973750000000000000e+02,8.074745434189897209e-01,5.010466130063516432e-02,-4.147680754070583120e+00,-1.203644839603212446e+00
5.486111111111111605e-01,1.975000000000000284e+02,8.060328093641949687e-01,4.968712814663316102e-02,-4.156691356891085043e+00,-1.201341341996620793e+00
5.489583333333333259e-01,1.976250000000000000e+02,8.045879633456848312e-01,4.927039981960516790e-02,-4.165605651878403926e+00,-1.199008988563502687e+00
5.493055555555556024e-01,1.977500000000000284e+02,8.031400388171441307e-01,4.885448638849694547e-02,-4.174423562272122190e+00,-1.196647494100532505e+00
5.496527777777777679e-01,1.978750000000000000e+02,8.016890692580789235e-01,4.843939802099829495e-02,-4.183145016107577163e+00,-1.194256575053562974e+00
5.500000000000000444e-01,1.980000000000000284e+02,8.002350881721493892e-01,4.802514498296384104e-02,-4.191769946211667985e+00,-1.191835949548255114e+00
5.503472222222222099e-01,1.981250000000000000e+02,7.987781290855104910e-01,4.761173763782599461e-02,-4.200298290198306361e+00,-1.189385337420658217e+00
5.506944444444444864e-01,1.982500000000000284e+02,7.973182255451461975e-01,4.719918644599402358e-02,-4.208729990463620396e+00,-1.186904460247632853e+00
5.510416666666666519e-01,1.983750000000000000e+02,7.958554111172145840e-01,4.678750196424624058e-02,-4.217064994180796944e+00,-1.184393041377170608e+00
5.513888888888889284e-01,1.985000000000000000e+02,7.943897193853864946e-01,4.637669484510819479e-02,-4.225303253294676153e+00,-1.181850805958587047e+00
5.517361111111110938e-01,1.986250000000000000e+02,7.929211839491919767e-01,4.596677583622289093e-02,-4.233444724516008506e+00,-1.179277480972599212e+00
5.520833333333333703e-01,1.987500000000000000e+02,7.914498384223640493e-01,4.555775577970923307e-02,-4.241489369315434743e+00,-1.176672795261264559e+00
5.524305555555555358e-01,1.988750000000000000e+02,7.899757164311900226e-01,4.514964561151094125e-02,-4.249437153917139831e+00,-1.174036479557800439e+00
5.527777777777778123e-01,1.990000000000000000e+02,7.884988516128594860e-01,4.474245636073426180e-02,-4.257288049292246690e+00,-1.171368266516260137e+00
5.531249999999999778e-01,1.991250000000000000e+02,7.870192776138197344e-01,4.433619914897648367e-02,-4.265042031151864421e+00,-1.168667890741088788e+00
5.534722222222222543e-01,1.992500000000000000e+02,7.855370280881276424e-01,4.393088518964271411e-02,-4.272699079939891398e+00,-1.165935088816530296e+00
5.538194444444444198e-01,1.993750000000000000e+02,7.840521366958127514e-01,4.352652578725478560e-02,-4.280259180825464860e+00,-1.163169599335894588e+00
5.541666666666666963e-01,1.995000000000000000e+02,7.825646371012319191e-01,4.312313233674665985e-02,-4.287722323695175142e+00,-1.160371162930688760e+00
5.545138888888888618e-01,1.996250000000000000e+02,7.810745629714384020e-01,4.272071632275379477e-02,-4.295088503144928183e+00,-1.157539522299599888e+00
5.548611111111111382e-01,1.997500000000000000e+02,7.795819479745431657e-01,4.231928931888838397e-02,-4.302357718471562897e+00,-1.154674422237322640e+00
5.552083333333333037e-01,1.998750000000000000e+02,7.780868257780889641e-01,4.191886298700840674e-02,-4.309529973664131042e+00,-1.151775609663248323e+00
5.555555555555555802e-01,2.000000000000000000e+02,7.765892300474175336e-01,4.151944907647320271e-02,-4.316605277394935491e+00,-1.148842833649992290e+00
5.559027777777777457e-01,2.001250000000000000e+02,7.750891944440497783e-01,4.112105942339250308e-02,-4.323583643010216804e+00,-1.145875845451769015e+00
5.562500000000000222e-01,2.002500000000000000e+02,7.735867526240608472e-01,4.072370594986263193e-02,-4.330465088520609740e+00,-1.142874398532603086e+00
5.565972222222222987e-01,2.003750000000000284e+02,7.720819382364648709e-01,4.032740066319547706e-02,-4.337249636591262281e+00,-1.139838248594390091e+00
5.569444444444444642e-01,2.005000000000000000e+02,7.705747849216000311e-01,3.993215565513601878e-02,-4.343937314531697069e+00,-1.136767153604783864e+00
5.572916666666667407e-01,2.006250000000000284e+02,7.690653263095148517e-01,3.953798310107042857e-02,-4.350528154285377092e+00,-1.133660873824920312e+00
5.576388888888889062e-01,2.007500000000000000e+02,7.675535960183662576e-01,3.914489525922594526e-02,-4.357022192418971152e+00,-1.130519171836978032e+00
5.579861111111111827e-01,2.008750000000000284e+02,7.660396276528110837e-01,3.875290446985913545e-02,-4.363419470111358223e+00,-1.127341812571556634e+00
5.583333333333333481e-01,2.010000000000000000e+02,7.645234548024109067e-01,3.836202315443677097e-02,-4.369720033142327154e+00,-1.124128563334895414e+00
5.586805555555556246e-01,2.011250000000000284e+02,7.630051110400323244e-01,3.797226381480514612e-02,-4.375923931881006368e+00,-1.120879193835902399e+00
5.590277777777777901e-01,2.012500000000000000e+02,7.614846299202595592e-01,3.758363903235230341e-02,-4.382031221274000465e+00,-1.117593476213016856e+00
5.593750000000000666e-01,2.013750000000000284e+02,7.599620449778033970e-01,3.719616146715867822e-02,-4.388041960833263921e+00,-1.114271185060880409e+00
5.597222222222222321e-01,2.015000000000000000e+02,7.584373897259215624e-01,3.680984385714058255e-02,-4.393956214623666590e+00,-1.110912097456833836e+00
5.600694444444445086e-01,2.016250000000000284e+02,7.569106976548372057e-01,3.642469901718285719e-02,-4.399774051250309626e+00,-1.107515992987217590e+00
5.604166666666666741e-01,2.017500000000000000e+02,7.553820022301671600e-01,3.604073983826394656e-02,-4.405495543845547424e+00,-1.104082653773497569e+00
5.607638888888889506e-01,2.018750000000000284e+02,7.538513368913490886e-01,3.565797928657028076e-02,-4.411120770055737772e+00,-1.100611864498180159e+00
5.611111111111111160e-01,2.020000000000000000e+02,7.523187350500806225e-01,3.527643040260308033e-02,-4.416649812027712230e+00,-1.097103412430569414e+00
5.614583333333333925e-01,2.021250000000000284e+02,7.507842300887549447e-01,3.489610630027570326e-02,-4.422082756394988046e+00,-1.093557087452273979e+00
5.618055555555555580e-01,2.022500000000000000e+02,7.492478553589092538e-01,3.451702016600208256e-02,-4.427419694263684313e+00,-1.089972682082578137e+00
5.621527777777778345e-01,2.023750000000000284e+02,7.477096441796695636e-01,3.413918525777612928e-02,-4.432660721198187659e+00,-1.086349991503564150e+00
5.625000000000000000e-01,2.025000000000000000e+02,7.461696298362107127e-01,3.376261490424375955e-02,-4.437805937206532825e+00,-1.082688813585059417e+00
5.628472222222222765e-01,2.026250000000000284e+02,7.446278455782107120e-01,3.338732250376432592e-02,-4.442855446725526569e+00,-1.078988948909363144e+00
5.631944444444444420e-01,2.027500000000000000e+02,7.430843246183207462e-01,3.301332152346523469e-02,-4.447809358605598895e+00,-1.075250200795782929e+00
5.635416666666667185e-01,2.028750000000000284e+02,7.415391001306299579e-01,3.264062549828690429e-02,-4.452667786095386049e+00,-1.071472375324938220e+00
5.638888888888888840e-01,2.030000000000000000e+02,7.399922052491463287e-01,3.226924803002028525e-02,-4.457430846826045290e+00,-1.067655281362879238e+00
5.642361111111111605e-01,2.031250000000000284e+02,7.384436730662725656e-01,3.189920278633481820e-02,-4.462098662795328963e+00,-1.063798730584969654e+00
5.645833333333333259e-01,2.032500000000000000e+02,7.368935366312974189e-01,3.153050349979955036e-02,-4.466671360351357478e+00,-1.059902537499567643e+00
5.649305555555556024e-01,2.033750000000000284e+02,7.353418289488843351e-01,3.116316396689498835e-02,-4.471149070176179130e+00,-1.055966519471476017e+00
5.652777777777777679e-01,2.035000000000000000e+02,7.337885829775727675e-01,3.079719804701789090e-02,-4.475531927269019050e+00,-1.051990496745187853e+00
5.656250000000000444e-01,2.036250000000000284e+02,7.322338316282781534e-01,3.043261966147582653e-02,-4.479820070929324771e+00,-1.047974292467892310e+00
5.659722222222222099e-01,2.037500000000000000e+02,7.306776077628061028e-01,3.006944279247731472e-02,-4.484013644739507143e+00,-1.043917732712270396e+00
5.663194444444444864e-01,2.038750000000000284e+02,7.291199441923644775e-01,2.970768148211043111e-02,-4.488112796547458316e+00,-1.039820646499048262e+00
5.666666666666666519e-01,2.040000000000000000e+02,7.275608736760890149e-01,2.934734983131662839e-02,-4.492117678448802387e+00,-1.035682865819341547e+00
5.670138888888889284e-01,2.041250000000000000e+02,7.260004289195668425e-01,2.898846199885434308e-02,-4.496028446768905340e+00,-1.031504225656746820e+00
5.673611111111110938e-01,2.042500000000000000e+02,7.244386425733772006e-01,2.863103220025711368e-02,-4.499845262044615879e+00,-1.027284564009215195e+00
5.677083333333333703e-01,2.043750000000000000e+02,7.228755472316255037e-01,2.827507470678234172e-02,-4.503568289005781544e+00,-1.023023721910683248e+00
5.680555555555555358e-01,2.045000000000000000e+02,7.213111754304968315e-01,2.792060384435411310e-02,-4.507197696556498379e+00,-1.018721543452470346e+00
5.684027777777778123e-01,2.046250000000000000e+02,7.197455596468047556e-01,2.756763399249727645e-02,-4.510733657756126114e+00,-1.014377875804430174e+00
5.687499999999999778e-01,2.047500000000000000e+02,7.181787322965565989e-01,2.721617958326595643e-02,-4.514176349800052890e+00,-1.009992569235871107e+00
5.690972222222222543e-01,2.048750000000000000e+02,7.166107257335156966e-01,2.686625510016180801e-02,-4.517525954000229049e+00,-1.005565477136221242e+00
5.694444444444444198e-01,2.050000000000000000e+02,7.150415722477798663e-01,2.651787507704931462e-02,-4.520782655765439806e+00,-1.001096456035458049e+00
5.697916666666666963e-01,2.051250000000000000e+02,7.134713040643594351e-01,2.617105409706035196e-02,-4.523946644581365639e+00,-9.965853656242811276e-01
5.701388888888888618e-01,2.052500000000000000e+02,7.118999533417676995e-01,2.582580679149386674e-02,-4.527018113990383341e+00,-9.920320687740479260e-01
5.704861111111111382e-01,2.053750000000000000e+02,7.103275521706119422e-01,2.548214783870742656e-02,-4.529997261571138800e+00,-9.874364315564423400e-01
5.708333333333333037e-01,2.055000000000000000e+02,7.087541325722005459e-01,2.514009196300365581e-02,-4.532884288917891524e+00,-9.827983232629081689e-01
5.711805555555555802e-01,2.056250000000000000e+02,7.071797264971477759e-01,2.479965393350790082e-02,-4.535679401619619355e+00,-9.781176164238016835e-01
5.715277777777777457e-01,2.057500000000000000e+02,7.056043658239942173e-01,2.446084856304122507e-02,-4.538382809238895810e+00,-9.733941868273240372e-01
5.718750000000000222e-01,2.058750000000000000e+02,7.040280823578264346e-01,2.412369070698453313e-02,-4.540994725290540046e+00,-9.686279135381585803e-01
5.722222222222222987e-01,2.060000000000000284e+02,7.024509078289136177e-01,2.378819526213995020e-02,-4.543515367220036794e+00,-9.638186789158686985e-01
5.725694444444444642e-01,2.061250000000000000e+02,7.008728738913426737e-01,2.345437716558138389e-02,-4.545944956381729796e+00,-9.589663686330284209e-01
5.729166666666667407e-01,2.062500000000000284e+02,6.992940121216643101e-01,2.312225139350232439e-02,-4.548283718016805643e+00,-9.540708716930829114e-01
5.732638888888889062e-01,2.063750000000000000e+02,6.977143540175517744e-01,2.279183296005585571e-02,-4.550531881231028919e+00,-9.491320804479554951e-01
5.736111111111111827e-01,2.065000000000000284e+02,6.961339309964575950e-01,2.246313691618890412e-02,-4.552689678972287268e+00,-9.441498906153691362e-01
5.739583333333333481e-01,2.066250000000000000e+02,6.945527743942878640e-01,2.213617834847117147e-02,-4.554757348007896667e+00,-9.391242012959200025e-01
5.743055555555556246e-01,2.067500000000000284e+02,6.929709154640757429e-01,2.181097237791645646e-02,-4.556735128901706844e+00,-9.340549149898583758e-01
5.746527777777777901e-01,2.068750000000000000e+02,6.913883853746719543e-01,2.148753415880041984e-02,-4.558623265990972229e+00,-9.289419376136153206e-01
5.750000000000000666e-01,2.070000000000000284e+02,6.898052152094340528e-01,2.116587887747128569e-02,-4.560422007363035490e+00,-9.237851785160370310e-01
5.753472222222222321e-01,2.071250000000000000e+02,6.882214359649323487e-01,2.084602175115498821e-02,-4.562131604831777487e+00,-9.185845504943633832e-01
5.756944444444445086e-01,2.072500000000000284e+02,6.866370785496558327e-01,2.052797802675513858e-02,-4.563752313913876257e+00,-9.133399698099068376e-01
5.760416666666666741e-01,2.073750000000000000e+02,6.850521737827365287e-01,2.021176297964795421e-02,-4.565284393804844854e+00,-9.080513562034708830e-01
5.763888888888889506e-01,2.075000000000000284e+02,6.834667523926691857e-01,1.989739191247081804e-02,-4.566728107354877331e+00,-9.027186329104752716e-01
5.767361111111111160e-01,2.076250000000000000e+02,6.818808450160525059e-01,1.958488015390676476e-02,-4.568083721044483347e+00,-8.973417266758055844e-01
5.770833333333333925e-01,2.077500000000000284e+02,6.802944821963295974e-01,1.927424305746325978e-02,-4.569351504959921151e+00,-8.919205677683721412e-01
5.774305555555555580e-01,2.078750000000000000e+02,6.787076943825418596e-01,1.896549600024642970e-02,-4.570531732768437827e+00,-8.864550899953951291e-01
5.777777777777778345e-01,2.080000000000000284e+02,6.771205119280878648e-01,1.865865438172872870e-02,-4.571624681693311487e+00,-8.809452307163856410e-01
5.781250000000000000e-01,2.081250000000000000e+02,6.755329650894962290e-01,1.835373362251507129e-02,-4.572630632488690061e+00,-8.753909308568588177e-01
5.784722222222222765e-01,2.082500000000000284e+02,6.739450840252004804e-01,1.805074916310066627e-02,-4.573549869414245350e+00,-8.697921349217336839e-01
5.788194444444444420e-01,2.083750000000000000e+02,6.723568987943296937e-01,1.774971646262717487e-02,-4.574382680209643226e+00,-8.641487910084676427e-01
5.791666666666667185e-01,2.085000000000000284e+02,6.707684393555007896e-01,1.745065099763147207e-02,-4.575129356068797115e+00,-8.584608508198725563e-01
5.795138888888888840e-01,2.086250000000000000e+02,6.691797355656275981e-01,1.715356826079327338e-02,-4.575790191613969604e+00,-8.527282696766611547e-01
5.798611111111111605e-01,2.087500000000000284e+02,6.675908171787319212e-01,1.685848375967599969e-02,-4.576365484869660882e+00,-8.469510065296737000e-01
5.802083333333333259e-01,2.088750000000000000e+02,6.660017138447692497e-01,1.656541301546407899e-02,-4.576855537236337312e+00,-8.411290239718330897e-01
5.805555555555556024e-01,2.090000000000000284e+02,6.644124551084577002e-01,1.627437156169624088e-02,-4.577260653463955720e+00,-8.352622882497775514e-01
5.809027777777777679e-01,2.091250000000000000e+02,6.628230704081247149e-01,1.598537494299592798e-02,-4.577581141625326033e+00,-8.293507692752178917e-01
5.812500000000000444e-01,2.092500000000000284e+02,6.612335890745520972e-01,1.569843871379544148e-02,-4.577817313089295403e+00,-8.233944406359694490e-01
5.815972222222222099e-01,2.093750000000000000e+02,6.596440403298413635e-01,1.541357843705814731e-02,-4.577969482493748465e+00,-8.173932796067109319e-01
5.819444444444444864e-01,2.095000000000000284e+02,6.580544532862793172e-01,1.513080968299695614e-02,-4.578037967718448620e+00,-8.113472671594011976e-01
5.822916666666666519e-01,2.096250000000000000e+02,6.564648569452212756e-01,1.485014802778806577e-02,-4.578023089857688355e+00,-8.052563879734500052e-01
5.826388888888889284e-01,2.097500000000000000e+02,6.548752801959744074e-01,1.457160905228230968e-02,-4.577925173192800123e+00,-7.991206304455094056e-01
5.829861111111110938e-01,2.098750000000000000e+02,6.532857518147016096e-01,1.429520834071273776e-02,-4.577744545164477152e+00,-7.929399866990329837e-01
5.833333333333333703e-01,2.100000000000000000e+02,6.516963004633247181e-01,1.402096147939917332e-02,-4.577481536344936153e+00,-7.867144525934686161e-01
5.836805555555555358e-01,2.101250000000000000e+02,6.501069546884458150e-01,1.374888405544890183e-02,-4.577136480409929931e+00,-7.804440277331829989e-01
5.840277777777778123e-01,2.102500000000000000e+02,6.485177429202700905e-01,1.347899165545511820e-02,-4.576709714110581473e+00,-7.741287154760511102e-01
5.843749999999999778e-01,2.103750000000000000e+02,6.469286934715479109e-01,1.321129986419262992e-02,-4.576201577245077701e+00,-7.677685229417515744e-01
5.847222222222222543e-01,2.105000000000000000e+02,6.453398345365175537e-01,1.294582426330955979e-02,-4.575612412630197134e+00,-7.613634610197352881e-01
5.850694444444444198e-01,2.106250000000000000e+02,6.437511941898649281e-01,1.268258043001766790e-02,-4.574942566072688344e+00,-7.549135443769021681e-01
5.854166666666666963e-01,2.107500000000000000e+02,6.421628003856882927e-01,1.242158393577873395e-02,-4.574192386340500072e+00,-7.484187914649377271e-01
5.857638888888888618e-01,2.108750000000000000e+02,6.405746809564770716e-01,1.216285034499023365e-02,-4.573362225133857706e+00,-7.418792245273635455e-01
5.861111111111111382e-01,2.110000000000000000e+02,6.389868636120962231e-01,1.190639521366619429e-02,-4.572452437056195862e+00,-7.352948696062449052e-01
5.864583333333333037e-01,2.111250000000000000e+02,6.373993759387862612e-01,1.165223408811822889e-02,-4.571463379584947084e+00,-7.286657565486094335e-01
5.868055555555555802e-01,2.112500000000000000e+02,6.358122453981673861e-01,1.140038250363302301e-02,-4.570395413042190214e+00,-7.219919190125215769e-01
5.871527777777777457e-01,2.113750000000000000e+02,6.342254993262602669e-01,1.115085598314789761e-02,-4.569248900565154869e+00,-7.152733944728650872e-01
5.875000000000000222e-01,2.115000000000000000e+02,6.326391649325092681e-01,1.090367003592441694e-02,-4.568024208076590931e+00,-7.085102242267818928e-01
5.878472222222222987e-01,2.116250000000000284e+02,6.310532692988251036e-01,1.065884015622059998e-02,-4.566721704255004788e+00,-7.017024533988146517e-01
5.881944444444444642e-01,2.117500000000000000e+02,6.294678393786304893e-01,1.041638182196144048e-02,-4.565341760504758817e+00,-6.948501309457149056e-01
5.885416666666667407e-01,2.118750000000000284e+02,6.278829019959185631e-01,1.017631049340637049e-02,-4.563884750926043843e+00,-6.879533096609266041e-01
5.888888888888889062e-01,2.120000000000000000e+02,6.262984838443245161e-01,9.938641611817886079e-03,-4.562351052284721931e+00,-6.810120461787693147e-01
5.892361111111111827e-01,2.121250000000000284e+02,6.247146114862008881e-01,9.703390598125536184e-03,-4.560741043982038612e+00,-6.740264009782682697e-01
5.895833333333333481e-01,2.122500000000000000e+02,6.231313113517142899e-01,9.470572851592196084e-03,-4.559055108024224978e+00,-6.669964383866954227e-01
5.899305555555556246e-01,2.123750000000000284e+02,6.215486097379386843e-01,9.240203748475278936e-03,-4.557293628991957668e+00,-6.599222265827526801e-01
5.902777777777777901e-01,2.125000000000000000e+02,6.199665328079736470e-01,9.012298640690709003e-03,-4.555456994009723815e+00,-6.528038375994636988e-01
5.906250000000000666e-01,2.126250000000000284e+02,6.183851065900609623e-01,8.786872854473102776e-03,-4.553545592715045665e+00,-6.456413473267111902e-01
5.909722222222222321e-01,2.127500000000000000e+02,6.168043569767219791e-01,8.563941689036668262e-03,-4.551559817227608384e+00,-6.384348355134760178e-01
5.913194444444445086e-01,2.128750000000000284e+02,6.152243097238964120e-01,8.343520415234603749e-03,-4.549500062118264410e+00,-6.311843857697236881e-01
5.916666666666666741e-01,2.130000000000000000e+02,6.136449904501016794e-01,8.125624274218234619e-03,-4.547366724377944536e+00,-6.238900855679934132e-01
5.920138888888889506e-01,2.131250000000000284e+02,6.120664246355933535e-01,7.910268476095921181e-03,-4.545160203386434006e+00,-6.165520262446302358e-01
5.923611111111111160e-01,2.132500000000000000e+02,6.104886376215454824e-01,7.697468198591081792e-03,-4.542880900881067774e+00,-6.091703030007202813e-01
5.927083333333333925e-01,2.133750000000000284e+02,6.089116546092324667e-01,7.487238585699964449e-03,-4.540529220925320075e+00,-6.017450149026672968e-01
5.930555555555555580e-01,2.135000000000000000e+02,6.073355006592322525e-01,7.279594746349627409e-03,-4.538105569877278533e+00,-5.942762648824759797e-01
5.934027777777778345e-01,2.136250000000000284e+02,6.057602006906308567e-01,7.074551753056198232e-03,-4.535610356358033890e+00,-5.867641597376649365e-01
5.937500000000000000e-01,2.137500000000000000e+02,6.041857794802445447e-01,6.872124640581728575e-03,-4.533043991219976476e+00,-5.792088101308999759e-01
5.940972222222222765e-01,2.138750000000000284e+02,6.026122616618482253e-01,6.672328404593044771e-03,-4.530406887514980774e+00,-5.716103305892508146e-01
5.944444444444444420e-01,2.140000000000000000e+02,6.010396717254213872e-01,6.475178000319867233e-03,-4.527699460462527803e+00,-5.639688395031591250e-01
5.947916666666667185e-01,2.141250000000000284e+02,5.994680340163954790e-01,6.280688341213663643e-03,-4.524922127417709383e+00,-5.562844591250402093e-01
5.951388888888888840e-01,2.142500000000000000e+02,5.978973727349231604e-01,6.088874297606700764e-03,-4.522075307839165781e+00,-5.485573155675922408e-01
5.954861111111111605e-01,2.143750000000000284e+02,5.963277119351496625e-01,5.899750695372307958e-03,-4.519159423256937202e+00,-5.407875388017389096e-01
5.958333333333333259e-01,2.145000000000000000e+02,5.947590755245020233e-01,5.713332314585790363e-03,-4.516174897240227359e+00,-5.329752626542765270e-01
5.961805555555556024e-01,2.146250000000000284e+02,5.931914872629834301e-01,5.529633888185377620e-03,-4.513122155365087984e+00,-5.251206248051593084e-01
5.965277777777777679e-01,2.147500000000000000e+02,5.916249707624858800e-01,5.348670100635480665e-03,-4.510001625182038509e+00,-5.172237667844838960e-01
5.968750000000000444e-01,2.148750000000000284e+02,5.900595494861067269e-01,5.170455586589989272e-03,-4.506813736183597818e+00,-5.092848339691137260e-01
5.972222222222222099e-01,2.150000000000000000e+02,5.884952467474831028e-01,4.995004929557724134e-03,-4.503558919771754709e+00,-5.013039755790063001e-01
5.975694444444444864e-01,2.151250000000000284e+02,5.869320857101307798e-01,4.822332660567938377e-03,-4.500237609225356650e+00,-4.932813446731710294e-01
5.979166666666666519e-01,2.152500000000000000e+02,5.853700893868024613e-01,4.652453256839043927e-03,-4.496850239667452342e+00,-4.852170981453394205e-01
5.982638888888889284e-01,2.153750000000000000e+02,5.838092806388496259e-01,4.485381140446845216e-03,-4.493397248032546365e+00,-4.771113967192623373e-01
5.986111111111110938e-01,2.155000000000000000e+02,5.822496821756016905e-01,4.321130676996545045e-03,-4.489879073033809398e+00,-4.689644049437167728e-01
5.989583333333333703e-01,2.156250000000000000e+02,5.806913165537521682e-01,4.159716174294792942e-03,-4.486296155130214736e+00,-4.607762911871457479e-01
5.993055555555555358e-01,2.157500000000000000e+02,5.791342061767601468e-01,4.001151881024664347e-03,-4.482648936493638381e+00,-4.525472276320003373e-01
5.996527777777778123e-01,2.158750000000000000e+02,5.775783732942584292e-01,3.845451985422457773e-03,-4.478937860975876539e+00,-4.442773902687205956e-01
5.999999999999999778e-01,2.160000000000000000e+02,5.760238400014801030e-01,3.692630613956337290e-03,-4.475163374075632916e+00,-4.359669588894216630e-01
6.003472222222222543e-01,2.161250000000000000e+02,5.744706282386876639e-01,3.542701830007868521e-03,-4.471325922905450057e+00,-4.276161170812102785e-01
6.006944444444444198e-01,2.162500000000000000e+02,5.729187597906232332e-01,3.395679632555062989e-03,-4.467425956158594502e+00,-4.192250522192126905e-01
6.010416666666666963e-01,2.163750000000000000e+02,5.713682562859604408e-01,3.251577954858458647e-03,-4.463463924075880662e+00,-4.107939554592328069e-01
6.013888888888888618e-01,2.165000000000000000e+02,5.698191391967776243e-01,3.110410663149835043e-03,-4.459440278412484027e+00,-4.023230217301208000e-01
6.017361111111111382e-01,2.166250000000000000e+02,5.682714298380341367e-01,2.972191555323668022e-03,-4.455355472404682438e+00,-3.938124497257765033e-01
6.020833333333333037e-01,2.167500000000000000e+02,5.667251493670648621e-01,2.836934359630881655e-03,-4.451209960736584037e+00,-3.852624418968579878e-01
6.024305555555555802e-01,2.168750000000000000e+02,5.651803187830792830e-01,2.704652733375775570e-03,-4.447004199506798372e+00,-3.766732044421267078e-01
6.027777777777777457e-01,2.170000000000000000e+02,5.636369589266811975e-01,2.575360261616717935e-03,-4.442738646195099506e+00,-3.680449472995059867e-01
6.031250000000000222e-01,2.171250000000000000e+02,5.620950904793902136e-01,2.449070455869574534e-03,-4.438413759629029620e+00,-3.593778841367644694e-01
6.034722222222222987e-01,2.172500000000000284e+02,5.605547339631831161e-01,2.325796752812995302e-03,-4.434029999950502621e+00,-3.506722323419250720e-01
6.038194444444444642e-01,2.173750000000000000e+02,5.590159097400415611e-01,2.205552512999712101e-03,-4.429587828582365105e+00,-3.419282130133045050e-01
6.041666666666667407e-01,2.175000000000000284e+02,5.574786380115123174e-01,2.088351019569793278e-03,-4.425087708194933356e+00,-3.331460509492352173e-01
6.045138888888889062e-01,2.176250000000000000e+02,5.559429388182829390e-01,1.974205476966731012e-03,-4.420530102672529438e+00,-3.243259746374991814e-01
6.048611111111111827e-01,2.177500000000000284e+02,5.544088320397617675e-01,1.863129009659835692e-03,-4.415915477079964013e+00,-3.154682162443701032e-01
6.052083333333333481e-01,2.178750000000000000e+02,5.528763373936782521e-01,1.755134660867655513e-03,-4.411244297629047573e+00,-3.065730116034001140e-01
6.055555555555556246e-01,2.180000000000000284e+02,5.513454744356870441e-01,1.650235391287115235e-03,-4.406517031645043048e+00,-2.976406002038298193e-01
6.059027777777777901e-01,2.181250000000000000e+02,5.498162625589900765e-01,1.548444077826419086e-03,-4.401734147533151287e+00,-2.886712251787129646e-01
6.062500000000000666e-01,2.182500000000000284e+02,5.482887209939638629e-01,1.449773512341519591e-03,-4.396896114744943240e+00,-2.796651332926832212e-01
6.065972222222222321e-01,2.183750000000000000e+02,5.467628688078064458e-01,1.354236400377477247e-03,-4.392003403744825896e+00,-2.706225749294398075e-01
6.069444444444445086e-01,2.185000000000000284e+02,5.452387249041873440e-01,1.261845359914265212e-03,-4.387056485976483344e+00,-2.615438040788684027e-01
6.072916666666666741e-01,2.186250000000000000e+02,5.437163080229163725e-01,1.172612920117072337e-03,-4.382055833829316072e+00,-2.524290783238830049e-01
6.076388888888889506e-01,2.187500000000000284e+02,5.421956367396189025e-01,1.086551520090125317e-03,-4.377001920604890906e+00,-2.432786588269109096e-01
6.079861111111111160e-01,2.188750000000000000e+02,5.406767294654275524e-01,1.003673507636912389e-03,-4.371895220483394517e+00,-2.340928103160943019e-01
6.083333333333333925e-01,2.190000000000000284e+02,5.391596044466790971e-01,9.239911380247591401e-04,-4.366736208490074489e+00,-2.248718010711349413e-01
6.086805555555555580e-01,2.191250000000000000e+02,5.376442797646312499e-01,8.475165727536063511e-04,-4.361525360461715017e+00,-2.156159029088658974e-01
6.090277777777778345e-01,2.192500000000000284e+02,5.361307733351831084e-01,7.742618783305555774e-04,-4.356263153013107292e+00,-2.063253911684618802e-01
6.093750000000000000e-01,2.193750000000000000e+02,5.346191029086135860e-01,7.042390250495964617e-04,-4.350950063503539411e+00,-1.970005446963736528e-01
6.097222222222222765e-01,2.195000000000000284e+02,5.331092860693258384e-01,6.374598857762695490e-04,-4.345586570003289850e+00,-1.876416458309117796e-01
6.100694444444444420e-01,2.196250000000000000e+02,5.316013402356094542e-01,5.739362347380977088e-04,-4.340173151260166229e+00,-1.782489803865551781e-01
6.104166666666667185e-01,2.197500000000000284e+02,5.300952826594078626e-01,5.136797463201489772e-04,-4.334710286666028090e+00,-1.688228376379070639e-01
6.107638888888888840e-01,2.198750000000000000e+02,5.285911304261040611e-01,4.567019938669046857e-04,-4.329198456223364744e+00,-1.593635103033754219e-01
6.111111111111111605e-01,2.200000000000000284e+02,5.270889004543093392e-01,4.030144484885759084e-04,-4.323638140511875783e+00,-1.498712945285060605e-01
6.114583333333333259e-01,2.201250000000000000e+02,5.255886094956746524e-01,3.526284778746043751e-04,-4.318029820655098661e+00,-1.403464898690516827e-01
6.118055555555556024e-01,2.202500000000000284e+02,5.240902741347023275e-01,3.055553451127843221e-04,-4.312373978287041609e+00,-1.307893992736792743e-01
6.121527777777777679e-01,2.203750000000000000e+02,5.225939107885786417e-01,2.618062075136144261e-04,-4.306671095518880499e+00,-1.212003290664207811e-01
6.125000000000000444e-01,2.205000000000000284e+02,5.210995357070107303e-01,2.213921154418836159e-04,-4.300921654905656588e+00,-1.115795889287738846e-01
6.128472222222222099e-01,2.206250000000000000e+02,5.196071649720809260e-01,1.843240111534377441e-04,-4.295126139413043553e+00,-1.019274918815361031e-01
6.131944444444444864e-01,2.207500000000000284e+02,5.181168144981069812e-01,1.506127276396688423e-04,-4.289285032384116292e+00,-9.224435426629327972e-02
6.135416666666666519e-01,2.208750000000000000e+02,5.166285000315200548e-01,1.202689874770389755e-04,-4.283398817506212986e+00,-8.253049572665462075e-02
6.138888888888889284e-01,2.210000000000000000e+02,5.151422371507482501e-01,9.330340168437534817e-05,-4.277467978777781177e+00,-7.278623918913483537e-02
6.142361111111110938e-01,2.211250000000000000e+02,5.136580412661169159e-01,6.972646858588430374e-05,-4.271493000475331314e+00,-6.301191084378073015e-02
6.145833333333333703e-01,2.212500000000000000e+02,5.121759276197539457e-01,4.954857268198548613e-05,-4.265474367120374311e+00,-5.320784012445331501e-02
6.149305555555555358e-01,2.213750000000000000e+02,5.106959112855153915e-01,3.277998352532721289e-05,-4.259412563446477229e+00,-4.337435968886942106e-02
6.152777777777778123e-01,2.215000000000000000e+02,5.092180071689128562e-01,1.943085460643051259e-05,-4.253308074366317193e+00,-3.351180539828051141e-02
6.156249999999999778e-01,2.216250000000000000e+02,5.077422300070608685e-01,9.511222243732251507e-06,-4.247161384938831219e+00,-2.362051629691824459e-02
6.159722222222222543e-01,2.217500000000000000e+02,5.062685943686284773e-01,3.031004482230640959e-06,-4.240972980336383813e+00,-1.370083459109054311e-02
6.163194444444444198e-01,2.218750000000000000e+02,5.047971146538091647e-01,0.000000000000000000e+00,-4.234743345812042037e+00,-3.753105628045075217e-03
6.166666666666666963e-01,2.220000000000000000e+02,5.033278050942939785e-01,4.278870199842917657e-07,-4.228472966666871002e+00,6.222322125528892585e-03
6.170138888888888618e-01,2.221250000000000000e+02,5.018606797532654262e-01,4.324222231663887376e-06,-4.222162328217324401e+00,1.622509710521584381e-02
6.173611111111111382e-01,2.222500000000000000e+02,5.003957525253934779e-01,1.169843971892976092e-05,-4.215811915762675888e+00,2.625486467093736745e-02
6.177083333333333037e-01,2.223750000000000000e+02,4.989330371368508321e-01,2.255984989597358033e-05,-4.209422214552550834e+00,3.631126712925824424e-02
6.180555555555555802e-01,2.225000000000000000e+02,4.974725471453321224e-01,3.691763845099818418e-05,-4.202993709754498930e+00,4.639394375601697124e-02
6.184027777777778567e-01,2.226250000000000284e+02,4.960142959400914431e-01,5.478086529784617989e-05,-4.196526886421666269e+00,5.650253081919619225e-02
6.187500000000000222e-01,2.227500000000000000e+02,4.945582967419862030e-01,7.615846353588885665e-05,-4.190022229460522496e+00,6.663666160211247080e-02
6.190972222222222987e-01,2.228750000000000284e+02,4.931045626035323592e-01,1.010592384173444430e-04,-4.183480223598680325e+00,7.679596642687470942e-02
6.194444444444444642e-01,2.230000000000000000e+02,4.916531064089751935e-01,1.294918663235409238e-04,-4.176901353352798552e+00,8.698007267810455023e-02
6.197916666666667407e-01,2.231250000000000284e+02,4.902039408743640858e-01,1.614648937487548252e-04,-4.170286102996547228e+00,9.718860482697048997e-02
6.201388888888889062e-01,2.232500000000000000e+02,4.887570785476466062e-01,1.969867362929946875e-04,-4.163634956528685649e+00,1.074211844554506523e-01
6.204861111111111827e-01,2.233750000000000284e+02,4.873125318087662694e-01,2.360656776635822966e-04,-4.156948397641206050e+00,1.176774302809155681e-01
6.208333333333333481e-01,2.235000000000000000e+02,4.858703128697768325e-01,2.787098686835279737e-04,-4.150226909687583898e+00,1.279569581809448520e-01
6.211805555555556246e-01,2.236250000000000284e+02,4.844304337749634759e-01,3.249273263111966247e-04,-4.143470975651096566e+00,1.382593812184488846e-01
6.215277777777777901e-01,2.237500000000000000e+02,4.829929064009785278e-01,3.747259326666697670e-04,-4.136681078113269905e+00,1.485843096670219632e-01
6.218750000000000666e-01,2.238750000000000284e+02,4.815577424569842391e-01,4.281134340674921674e-04,-4.129857699222382550e+00,1.589313510366038296e-01
6.222222222222222321e-01,2.240000000000000000e+02,4.801249534848116007e-01,4.850974400743896702e-04,-4.123001320662106117e+00,1.693001100993632158e-01
6.225694444444445086e-01,2.241250000000000284e+02,4.786945508591243237e-01,5.456854225442690689e-04,-4.116112423620210237e+00,1.796901889158826759e-01
6.229166666666666741e-01,2.242500000000000000e+02,4.772665457875989170e-01,6.098847146939721797e-04,-4.109191488757404365e+00,1.901011868615742340e-01
6.232638888888889506e-01,2.243750000000000284e+02,4.758409493111098176e-01,6.777025101719954397e-04,-4.102238996176248875e+00,2.005327006533873246e-01
6.236111111111111160e-01,2.245000000000000000e+02,4.744177723039328942e-01,7.491458621405727974e-04,-4.095255425390215365e+00,2.109843243767318133e-01
6.239583333333333925e-01,2.246250000000000284e+02,4.729970254739510604e-01,8.242216823663606629e-04,-4.088241255292804688e+00,2.214556495127025237e-01
6.243055555555555580e-01,2.247500000000000000e+02,4.715787193628785401e-01,9.029367403208977006e-04,-4.081196964126832860e+00,2.319462649655166797e-01
6.246527777777778345e-01,2.248750000000000284e+02,4.701628643464885182e-01,9.852976622910364617e-04,-4.074123029453773803e+00,2.424557570902449721e-01
6.250000000000000000e-01,2.250000000000000000e+02,4.687494706348588336e-01,1.071310930497928072e-03,-4.067019928123266403e+00,2.529837097207427998e-01
6.253472222222222765e-01,2.251250000000000284e+02,4.673385482726208906e-01,1.160982882227738202e-03,-4.059888136242701506e+00,2.635297041978836297e-01
6.256944444444444420e-01,2.252500000000000000e+02,4.659301071392258908e-01,1.254319708969252930e-03,-4.052728129146959013e+00,2.740933193979842586e-01
6.260416666666667185e-01,2.253750000000000284e+02,4.645241569492150058e-01,1.351327455564586312e-03,-4.045540381368231131e+00,2.846741317615277822e-01
6.263888888888888840e-01,2.255000000000000000e+02,4.631207072525067581e-01,1.452012019367999746e-03,-4.038325366606014377e+00,2.952717153220748014e-01
6.267361111111111605e-01,2.256250000000000284e+02,4.617197674346874559e-01,1.556379149414643948e-03,-4.031083557697179742e+00,3.058856417354699486e-01
6.270833333333333259e-01,2.257500000000000000e+02,4.603213467173201123e-01,1.664434445600689386e-03,-4.023815426586208055e+00,3.165154803092252167e-01
6.274305555555556024e-01,2.258750000000000284e+02,4.589254541582557523e-01,1.776183357872988160e-03,-4.016521444295528376e+00,3.271607980321984410e-01
6.277777777777777679e-01,2.260000000000000000e+02,4.575320986519618160e-01,1.891631185429097596e-03,-4.009202080896014486e+00,3.378211596044533027e-01
6.281250000000000444e-01,2.261250000000000284e+02,4.561412889298541162e-01,2.010783075927616119e-03,-4.001857805477576413e+00,3.484961274674018283e-01
6.284722222222222099e-01,2.262500000000000000e+02,4.547530335606467800e-01,2.133644024709322774e-03,-3.994489086119937138e+00,3.591852618341161429e-01
6.288194444444444864e-01,2.263750000000000284e+02,4.533673409507039120e-01,2.260218874029068774e-03,-3.987096389863499901e+00,3.698881207199287702e-01
6.291666666666666519e-01,2.265000000000000000e+02,4.519842193444095213e-01,2.390512312297150832e-03,-3.979680182680388256e+00,3.806042599732022413e-01
6.295138888888889284e-01,2.266250000000000000e+02,4.506036768245386126e-01,2.524528873333295714e-03,-3.972240929445605140e+00,3.913332333063771484e-01
6.298611111111110938e-01,2.267500000000000000e+02,4.492257213126491511e-01,2.662272935629930986e-03,-3.964779093908352259e+00,4.020745923271682454e-01
6.302083333333333703e-01,2.268750000000000000e+02,4.478503605694713618e-01,2.803748721626551487e-03,-3.957295138663480039e+00,4.128278865700668043e-01
6.305555555555555358e-01,2.270000000000000000e+02,4.464776021953195673e-01,2.948960296995913576e-03,-3.949789525123098777e+00,4.235926635279704255e-01
6.309027777777778123e-01,2.271250000000000000e+02,4.451074536305030804e-01,3.097911569940444733e-03,-3.942262713488326575e+00,4.343684686840955655e-01
6.312499999999999778e-01,2.272500000000000000e+02,4.437399221557549178e-01,3.250606290499797463e-03,-3.934715162721195369e+00,4.451548455440506591e-01
6.315972222222222543e-01,2.273750000000000000e+02,4.423750148926637871e-01,3.407048049870036247e-03,-3.927147330516700396e+00,4.559513356681635932e-01
6.319444444444444198e-01,2.275000000000000000e+02,4.410127388041220620e-01,3.567240279734016934e-03,-3.919559673275028189e+00,4.667574787039613371e-01
6.322916666666666963e-01,2.276250000000000000e+02,4.396531006947776432e-01,3.731186251602128072e-03,-3.911952646073899587e+00,4.775728124189102530e-01
6.326388888888888618e-01,2.277500000000000000e+02,4.382961072114998080e-01,3.898889076166082990e-03,-3.904326702641119695e+00,4.883968727333042881e-01
6.329861111111111382e-01,2.278750000000000000e+02,4.369417648438503887e-01,4.070351702662879101e-03,-3.896682295327241086e+00,4.992291937534074631e-01
6.333333333333333037e-01,2.280000000000000000e+02,4.355900799245696065e-01,4.245576918250583247e-03,-3.889019875078428168e+00,5.100693078047311424e-01
6.336805555555555802e-01,2.281250000000000000e+02,4.342410586300656794e-01,4.424567347396092705e-03,-3.881339891409453458e+00,5.209167454655621032e-01
6.340277777777778567e-01,2.282500000000000284e+02,4.328947069809184756e-01,4.607325451274191415e-03,-3.873642792376886135e+00,5.317710356006394301e-01
6.343750000000000222e-01,2.283750000000000000e+02,4.315510308423897157e-01,4.793853527178230586e-03,-3.865929024552428483e+00,5.426317053950445723e-01
6.347222222222222987e-01,2.285000000000000284e+02,4.302100359249422246e-01,4.984153707943473656e-03,-3.858199032996420197e+00,5.534982803882771973e-01
6.350694444444444642e-01,2.286250000000000000e+02,4.288717277847715614e-01,5.178227961380759380e-03,-3.850453261231537194e+00,5.643702845084902497e-01
6.354166666666667407e-01,2.287500000000000284e+02,4.275361118243414249e-01,5.376078089723688828e-03,-3.842692151216625440e+00,5.752472401069490537e-01
6.357638888888889062e-01,2.288750000000000000e+02,4.262031932929343236e-01,5.577705729086683030e-03,-3.834916143320746595e+00,5.861286679926180909e-01
6.361111111111111827e-01,2.290000000000000284e+02,4.248729772872056332e-01,5.783112348935827256e-03,-3.827125676297367107e+00,5.970140874669711550e-01
6.364583333333333481e-01,2.291250000000000000e+02,4.235454687517511418e-01,5.992299251571266833e-03,-3.819321187258752914e+00,6.079030163589331792e-01
6.368055555555556246e-01,2.292500000000000284e+02,4.222206724796779276e-01,6.205267571622151077e-03,-3.811503111650507591e+00,6.187949710600459952e-01
6.371527777777777901e-01,2.293750000000000000e+02,4.208985931131926650e-01,6.422018275553268395e-03,-3.803671883226343642e+00,6.296894665597203566e-01
6.375000000000000666e-01,2.295000000000000284e+02,4.195792351441876566e-01,6.642552161185019677e-03,-3.795827934022962591e+00,6.405860164807579693e-01
6.378472222222222321e-01,2.296250000000000000e+02,4.182626029148465152e-01,6.866869857224636164e-03,-3.787971694335202422e+00,6.514841331149344716e-01
6.381944444444445086e-01,2.297500000000000284e+02,4.169487006182486244e-01,7.094971822810249885e-03,-3.780103592691291592e+00,6.623833274588285525e-01
6.385416666666666741e-01,2.298750000000000000e+02,4.156375322989909193e-01,7.326858347067185216e-03,-3.772224055828354405e+00,6.732831092497337799e-01
6.388888888888889506e-01,2.300000000000000284e+02,4.143291018538114989e-01,7.562529548678131701e-03,-3.764333508668058492e+00,6.841829870017851478e-01
6.392361111111111160e-01,2.301250000000000000e+02,4.130234130322254504e-01,7.801985375462797134e-03,-3.756432374292481224e+00,6.950824680421994195e-01
6.395833333333333925e-01,2.302500000000000284e+02,4.117204694371656148e-01,8.045225603973839290e-03,-3.748521073920140001e+00,7.059810585476986589e-01
6.399305555555555580e-01,2.303750000000000000e+02,4.104202745256377294e-01,8.292249839102863382e-03,-3.740600026882255236e+00,7.168782635810280190e-01
6.402777777777778345e-01,2.305000000000000284e+02,4.091228316093749595e-01,8.543057513700109962e-03,-3.732669650599159894e+00,7.277735871276864721e-01
6.406250000000000000e-01,2.306250000000000000e+02,4.078281438555104166e-01,8.797647888206843597e-03,-3.724730360556949282e+00,7.386665321327248179e-01
6.409722222222222765e-01,2.307500000000000284e+02,4.065362142872481210e-01,9.056020050300655697e-03,-3.716782570284288045e+00,7.495566005377548580e-01
6.413194444444444420e-01,2.308750000000000000e+02,4.052470457845505081e-01,9.318172914553168873e-03,-3.708826691329458747e+00,7.604432933180268472e-01
6.416666666666667185e-01,2.310000000000000284e+02,4.039606410848279872e-01,9.584105222101488991e-03,-3.700863133237559222e+00,7.713261105196856926e-01
6.420138888888888840e-01,2.311250000000000000e+02,4.026770027836391597e-01,9.853815540331233025e-03,-3.692892303527959719e+00,7.822045512971377290e-01
6.423611111111111605e-01,2.312500000000000284e+02,4.013961333353964211e-01,1.012730226257436625e-02,-3.684914607671904374e+00,7.930781139505598265e-01
6.427083333333333259e-01,2.313750000000000000e+02,4.001180350540842201e-01,1.040456360781843829e-02,-3.676930449070367590e+00,8.039462959634942063e-01
6.430555555555556024e-01,2.315000000000000284e+02,3.988427101139779829e-01,1.068559762042973170e-02,-3.668940229032073841e+00,8.148085940406243344e-01
6.434027777777777679e-01,2.316250000000000000e+02,3.975701605503776936e-01,1.097040216988957352e-02,-3.660944346751765721e+00,8.256645041456048828e-01
6.437500000000000444e-01,2.317500000000000284e+02,3.963003882603435279e-01,1.125897495054364525e-02,-3.652943199288638088e+00,8.365135215390562262e-01
6.440972222222222099e-01,2.318750000000000000e+02,3.950333950034421449e-01,1.155131348136404466e-02,-3.644937181545017335e+00,8.473551408166422050e-01
6.444444444444444864e-01,2.320000000000000284e+02,3.937691824024978637e-01,1.184741510572566957e-02,-3.636926686245223639e+00,8.581888559472884426e-01
6.447916666666666519e-01,2.321250000000000000e+02,3.925077519443549989e-01,1.214727699119458500e-02,-3.628912103914672116e+00,8.690141603114533986e-01
6.451388888888889284e-01,2.322500000000000000e+02,3.912491049806418042e-01,1.245089612933098985e-02,-3.620893822859156952e+00,8.798305467395726165e-01
6.454861111111110938e-01,2.323750000000000000e+02,3.899932427285482950e-01,1.275826933550437171e-02,-3.612872229144385994e+00,8.906375075505333916e-01
6.458333333333333703e-01,2.325000000000000000e+02,3.887401662716039596e-01,1.306939324872291933e-02,-3.604847706575683208e+00,9.014345345903136408e-01
6.461805555555555358e-01,2.326250000000000000e+02,3.874898765604690709e-01,1.338426433147598890e-02,-3.596820636677972249e+00,9.122211192706549676e-01
6.465277777777778123e-01,2.327500000000000000e+02,3.862423744137284953e-01,1.370287886959011686e-02,-3.588791398675910127e+00,9.229967526078725060e-01
6.468749999999999778e-01,2.328750000000000000e+02,3.849976605186944956e-01,1.402523297209792852e-02,-3.580760369474293991e+00,9.337609252617247169e-01
6.472222222222222543e-01,2.330000000000000000e+02,3.837557354322135850e-01,1.435132257112239386e-02,-3.572727923638643333e+00,9.445131275744025334e-01
6.475694444444444198e-01,2.331250000000000000e+02,3.825165995814858166e-01,1.468114342177115686e-02,-3.564694433376061955e+00,9.552528496095474830e-01
6.479166666666666963e-01,2.332500000000000000e+02,3.812802532648828513e-01,1.501469110204943676e-02,-3.556660268516244727e+00,9.659795811914130281e-01
6.482638888888888618e-01,2.333750000000000000e+02,3.800466966527801249e-01,1.535196101278099058e-02,-3.548625796492788975e+00,9.766928119440453360e-01
6.486111111111111382e-01,2.335000000000000000e+02,3.788159297883902932e-01,1.569294837754731456e-02,-3.540591382324669301e+00,9.873920313305765140e-01
6.489583333333333037e-01,2.336250000000000000e+02,3.775879525886053911e-01,1.603764824263763378e-02,-3.532557388597972192e+00,9.980767286925684711e-01
6.493055555555555802e-01,2.337500000000000000e+02,3.763627648448433227e-01,1.638605547701401169e-02,-3.524524175447834473e+00,1.008746393289448706e+00
6.496527777777778567e-01,2.338750000000000284e+02,3.751403662239044534e-01,1.673816477228925667e-02,-3.516492100540642429e+00,1.019400514337964303e+00
6.500000000000000222e-01,2.340000000000000000e+02,3.739207562688306452e-01,1.709397064271905159e-02,-3.508461519056420119e+00,1.030038581051740509e+00
6.503472222222222987e-01,2.341250000000000284e+02,3.727039343997701204e-01,1.745346742520859779e-02,-3.500432783671474368e+00,1.040660082680895604e+00
6.506944444444444642e-01,2.342500000000000000e+02,3.714898999148529835e-01,1.781664927933060763e-02,-3.492406244541265359e+00,1.051264508551668309e+00
6.510416666666667407e-01,2.343750000000000284e+02,3.702786519910659657e-01,1.818351018736004757e-02,-3.484382249283498822e+00,1.061851348106159110e+00
6.513888888888889062e-01,2.345000000000000000e+02,3.690701896851394381e-01,1.855404395432038930e-02,-3.476361142961469142e+00,1.072420090942062698e+00
6.517361111111111827e-01,2.346250000000000284e+02,3.678645119344356451e-01,1.892824420804513352e-02,-3.468343268067615170e+00,1.082970226852483897e+00
6.520833333333333481e-01,2.347500000000000000e+02,3.666616175578449321e-01,1.930610439925187216e-02,-3.460328964507331406e+00,1.093501245865780014e+00
6.524305555555556246e-01,2.348750000000000284e+02,3.654615052566849709e-01,1.968761780163196320e-02,-3.452318569582988772e+00,1.104012638285465142e+00
6.527777777777777901e-01,2.350000000000000000e+02,3.642641736156106425e-01,2.007277751195167201e-02,-3.444312417978225849e+00,1.114503894730099143e+00
6.531250000000000666e-01,2.351250000000000284e+02,3.630696211035223109e-01,2.046157645016966412e-02,-3.436310841742439504e+00,1.124974506173282096e+00
6.534722222222222321e-01,2.352500000000000000e+02,3.618778460744861980e-01,2.085400735956657522e-02,-3.428314170275546413e+00,1.135423963983610784e+00
6.538194444444445086e-01,2.353750000000000284e+02,3.606888467686554245e-01,2.125006280688927079e-02,-3.420322730312955084e+00,1.145851759964705563e+00
6.541666666666666741e-01,2.355000000000000000e+02,3.595026213131983228e-01,2.164973518250868506e-02,-3.412336845910809213e+00,1.156257386395245446e+00
6.545138888888889506e-01,2.356250000000000284e+02,3.583191677232298589e-01,2.205301670059254052e-02,-3.404356838431422450e+00,1.166640336069040051e+00
6.548611111111111160e-01,2.357500000000000000e+02,3.571384839027522129e-01,2.245989939928958942e-02,-3.396383026529021354e+00,1.177000102335076459e+00
6.552083333333333925e-01,2.358750000000000284e+02,3.559605676455941392e-01,2.287037514093114704e-02,-3.388415726135660222e+00,1.187336179137646219e+00
6.555555555555555580e-01,2.360000000000000000e+02,3.547854166363622053e-01,2.328443561224331770e-02,-3.380455250447429894e+00,1.197648061056409308e+00
6.559027777777778345e-01,2.361250000000000284e+02,3.536130284513895883e-01,2.370207232457534688e-02,-3.372501909910880169e+00,1.207935243346542009e+00
6.562500000000000000e-01,2.362500000000000000e+02,3.524434005596959740e-01,2.412327661414096977e-02,-3.364556012209699798e+00,1.218197221978821521e+00
6.565972222222222765e-01,2.363750000000000284e+02,3.512765303239477332e-01,2.454803964227387017e-02,-3.356617862251637163e+00,1.228433493679757627e+00
6.569444444444444420e-01,2.365000000000000000e+02,3.501124150014246483e-01,2.497635239569672219e-02,-3.348687762155664771e+00,1.238643555971702392e+00
6.572916666666667185e-01,2.366250000000000284e+02,3.489510517449886939e-01,2.540820568680518185e-02,-3.340766011239379552e+00,1.248826907212978510e+00
6.576388888888888840e-01,2.367500000000000000e+02,3.477924376040620880e-01,2.584359015396412926e-02,-3.332852906006681160e+00,1.258983046637951242e+00
6.579861111111111605e-01,2.368750000000000284e+02,3.466365695256026780e-01,2.628249626182024498e-02,-3.324948740135641678e+00,1.269111474397153438e+00
6.583333333333333259e-01,2.370000000000000000e+02,3.454834443550906520e-01,2.672491430162508494e-02,-3.317053804466694178e+00,1.279211691597340161e+00
6.586805555555556024e-01,2.371250000000000284e+02,3.443330588375134726e-01,2.717083439157633867e-02,-3.309168386990994470e+00,1.289283200341558411e+00
6.590277777777777679e-01,2.372500000000000000e+02,3.431854096183586389e-01,2.762024647716868064e-02,-3.301292772839090617e+00,1.299325503769185985e+00
6.593750000000000444e-01,2.373750000000000284e+02,3.420404932446069468e-01,2.807314033156210406e-02,-3.293427244269799381e+00,1.309338106095963239e+00
6.597222222222222099e-01,2.375000000000000000e+02,3.408983061657344660e-01,2.852950555596135696e-02,-3.285572080659367789e+00,1.319320512653949784e+00
6.600694444444444864e-01,2.376250000000000284e+02,3.397588447347118512e-01,2.898933158001151117e-02,-3.277727558490840742e+00,1.329272229931525384e+00
6.604166666666666519e-01,2.377500000000000000e+02,3.386221052090143124e-01,2.945260766220574034e-02,-3.269893951343731064e+00,1.339192765613276936e+00
6.607638888888889284e-01,2.378750000000000000e+02,3.374880837516273657e-01,2.991932289030810668e-02,-3.262071529883884935e+00,1.349081628619930973e+00
6.611111111111110938e-01,2.380000000000000000e+02,3.363567764320659625e-01,3.038946618178883438e-02,-3.254260561853647093e+00,1.358938329148146940e+00
6.614583333333333703e-01,2.381250000000000000e+02,3.352281792273846261e-01,3.086302628427546255e-02,-3.246461312062234317e+00,1.368762378710393079e+00
6.618055555555555358e-01,2.382500000000000000e+02,3.341022880232029646e-01,3.133999177601540925e-02,-3.238674042376401108e+00,1.378553290174651780e+00
6.621527777777778123e-01,2.383750000000000000e+02,3.329790986147252441e-01,3.182035106635480032e-02,-3.230899011711317215e+00,1.388310577804171553e+00
6.624999999999999778e-01,2.385000000000000000e+02,3.318586067077699542e-01,3.230409239622831358e-02,-3.223136476021732477e+00,1.398033757297094226e+00
6.628472222222222543e-01,2.386250000000000000e+02,3.307408079197958761e-01,3.279120383866596794e-02,-3.215386688293363271e+00,1.407722345826092347e+00
6.631944444444444198e-01,2.387500000000000000e+02,3.296256977809375877e-01,3.328167329931026874e-02,-3.207649898534558730e+00,1.417375862077886239e+00
6.635416666666666963e-01,2.388750000000000000e+02,3.285132717350386922e-01,3.377548851695034993e-02,-3.199926353768196563e+00,1.426993826292743295e+00
6.638888888888888618e-01,2.390000000000000000e+02,3.274035251406910429e-01,3.427263706406699639e-02,-3.192216298023852428e+00,1.436575760303890448e+00
6.642361111111111382e-01,2.391250000000000000e+02,3.262964532722733013e-01,3.477310634739354256e-02,-3.184519972330196236e+00,1.446121187576881795e+00
6.645833333333333037e-01,2.392500000000000000e+02,3.251920513209975994e-01,3.527688360848861560e-02,-3.176837614707679336e+00,1.455629633248845201e+00
6.649305555555555802e-01,2.393750000000000000e+02,3.240903143959513732e-01,3.578395592432428995e-02,-3.169169460161430862e+00,1.465100624167723131e+00
6.652777777777778567e-01,2.395000000000000284e+02,3.229912375251490220e-01,3.629431020788594781e-02,-3.161515740674448072e+00,1.474533688931367603e+00
6.656250000000000222e-01,2.396250000000000000e+02,3.218948156565804575e-01,3.680793320878714830e-02,-3.153876685201013164e+00,1.483928357926605601e+00
6.659722222222222987e-01,2.397500000000000284e+02,3.208010436592644288e-01,3.732481151389798607e-02,-3.146252519660373004e+00,1.493284163368189921e+00
6.663194444444444642e-01,2.398750000000000000e+02,3.197099163243035114e-01,3.784493154798552333e-02,-3.138643466930683523e+00,1.502600639337678734e+00
6.666666666666667407e-01,2.400000000000000284e+02,3.186214283659395408e-01,3.836827957436983461e-02,-3.131049746843179271e+00,1.511877321822225895e+00
6.670138888888889062e-01,2.401250000000000000e+02,3.175355744226158738e-01,3.889484169559116744e-02,-3.123471576176636511e+00,1.521113748753247785e+00
6.673611111111111827e-01,2.402500000000000284e+02,3.164523490580341547e-01,3.942460385409351370e-02,-3.115909168652051253e+00,1.530309460045049308e+00
6.677083333333333481e-01,2.403750000000000000e+02,3.153717467622207393e-01,3.995755183291727769e-02,-3.108362734927603288e+00,1.539463997633279124e+00
6.680555555555556246e-01,2.405000000000000284e+02,3.142937619525876802e-01,4.049367125641085280e-02,-3.100832482593848471e+00,1.548576905513358470e+00
6.684027777777777901e-01,2.406250000000000000e+02,3.132183889750012051e-01,4.103294759094915783e-02,-3.093318616169189905e+00,1.557647729778735224e+00
6.687500000000000666e-01,2.407500000000000284e+02,3.121456221048478641e-01,4.157536614567182431e-02,-3.085821337095576489e+00,1.566676018659069358e+00
6.690972222222222321e-01,2.408750000000000000e+02,3.110754555481044514e-01,4.212091207322909286e-02,-3.078340843734483467e+00,1.575661322558295607e+00
6.694444444444445086e-01,2.410000000000000284e+02,3.100078834424059293e-01,4.266957037054558421e-02,-3.070877331363110141e+00,1.584603194092578438e+00
6.697916666666666741e-01,2.411250000000000000e+02,3.089428998581207342e-01,4.322132587959255645e-02,-3.063430992170886658e+00,1.593501188128119361e+00
6.701388888888889506e-01,2.412500000000000284e+02,3.078804987994193110e-01,4.377616328817820340e-02,-3.056002015256162885e+00,1.602354861818885867e+00
6.704861111111111160e-01,2.413750000000000000e+02,3.068206742053516400e-01,4.433406713074644623e-02,-3.048590586623222798e+00,1.611163774644176039e+00
6.708333333333333925e-01,2.415000000000000284e+02,3.057634199509199346e-01,4.489502178919233671e-02,-3.041196889179492935e+00,1.619927488446074815e+00
6.711805555555555580e-01,2.416250000000000000e+02,3.047087298481552797e-01,4.545901149368781341e-02,-3.033821102733047503e+00,1.628645567466780353e+00
6.715277777777778345e-01,2.417500000000000284e+02,3.036565976471926054e-01,4.602602032352285516e-02,-3.026463403990329315e+00,1.637317578385801387e+00
6.718750000000000000e-01,2.418750000000000000e+02,3.026070170373508228e-01,4.659603220795673073e-02,-3.019123966554163818e+00,1.645943090356983385e+00
6.722222222222222765e-01,2.420000000000000284e+02,3.015599816482074647e-01,4.716903092708477768e-02,-3.011802960921980077e+00,1.654521675045447449e+00
6.725694444444444420e-01,2.421250000000000000e+02,3.005154850506808195e-01,4.774500011271560346e-02,-3.004500554484328401e+00,1.663052906664331365e+00
6.729166666666667185e-01,2.422500000000000284e+02,2.994735207581050163e-01,4.832392324926377408e-02,-2.997216911523608029e+00,1.671536362011438737e+00
6.732638888888888840e-01,2.423750000000000000e+02,2.984340822273129912e-01,4.890578367465168996e-02,-2.989952193213087916e+00,1.679971620505684715e+00
6.736111111111111605e-01,2.425000000000000284e+02,2.973971628597140149e-01,4.949056458122767094e-02,-2.982706557616137566e+00,1.688358264223429606e+00
6.739583333333333259e-01,2.426250000000000000e+02,2.963627560023747165e-01,5.007824901669368639e-02,-2.975480159685746973e+00,1.696695877934638386e+00
6.743055555555556024e-01,2.427500000000000284e+02,2.953308549490975543e-01,5.066881988504809420e-02,-2.968273151264259724e+00,1.704984049138900337e+00
6.746527777777777679e-01,2.428750000000000000e+02,2.943014529415033942e-01,5.126225994753838555e-02,-2.961085681083391208e+00,1.713222368101244619e+00
6.750000000000000444e-01,2.430000000000000284e+02,2.932745431701085370e-01,5.185855182362879984e-02,-2.953917894764466645e+00,1.721410427887855032e+00
6.753472222222222099e-01,2.431250000000000000e+02,2.922501187754077412e-01,5.245767799197807030e-02,-2.946769934818937120e+00,1.729547824401553857e+00
6.756944444444444864e-01,2.432500000000000284e+02,2.912281728489516386e-01,5.305962079143144300e-02,-2.939641940649113216e+00,1.737634156417157127e+00
6.760416666666666519e-01,2.433750000000000000e+02,2.902086984344277032e-01,5.366436242202300005e-02,-2.932534048549173988e+00,1.745669025616639614e+00
6.763888888888889284e-01,2.435000000000000000e+02,2.891916885287370564e-01,5.427188494599264473e-02,-2.925446391706405080e+00,1.753652036624143484e+00
6.767361111111110938e-01,2.436250000000000000e+02,2.881771360830759354e-01,5.488217028881159365e-02,-2.918379100202700194e+00,1.761582797040765147e+00
6.770833333333333703e-01,2.437500000000000000e+02,2.871650340040106664e-01,5.549520024022456394e-02,-2.911332301016288593e+00,1.769460917479213302e+00
6.774305555555555358e-01,2.438750000000000000e+02,2.861553751545581337e-01,5.611095645529919074e-02,-2.904306118023736616e+00,1.777286011598232296e+00
6.777777777777778123e-01,2.440000000000000000e+02,2.851481523552588659e-01,5.672942045549140416e-02,-2.897300672002163235e+00,1.785057696136886252e+00
6.781249999999999778e-01,2.441250000000000000e+02,2.841433583852560618e-01,5.735057362971942435e-02,-2.890316080631730067e+00,1.792775590948605169e+00
6.784722222222222543e-01,2.442500000000000000e+02,2.831409859833684539e-01,5.797439723545213391e-02,-2.883352458498354753e+00,1.800439319035068930e+00
6.788194444444444198e-01,2.443750000000000000e+02,2.821410278491653378e-01,5.860087239980747709e-02,-2.876409917096681923e+00,1.808048506579885029e+00
6.791666666666666963e-01,2.445000000000000000e+02,2.811434766440374378e-01,5.922998012066373053e-02,-2.869488564833283295e+00,1.815602782982079111e+00
6.795138888888888618e-01,2.446250000000000000e+02,2.801483249922716579e-01,5.986170126778055101e-02,-2.862588507030123353e+00,1.823101780889346601e+00
6.798611111111111382e-01,2.447500000000000000e+02,2.791555654821180621e-01,6.049601658393449072e-02,-2.855709845928230184e+00,1.830545136231151560e+00
6.802083333333334147e-01,2.448750000000000284e+02,2.781651906668620167e-01,6.113290668606249922e-02,-2.848852680691655426e+00,1.837932488251569074e+00
6.805555555555555802e-01,2.450000000000000000e+02,2.771771930658899485e-01,6.177235206641912280e-02,-2.842017107411638488e+00,1.845263479541958462e+00
6.809027777777778567e-01,2.451250000000000284e+02,2.761915651657561588e-01,6.241433309374529864e-02,-2.835203219111010586e+00,1.852537756073381559e+00
6.812500000000000222e-01,2.452500000000000000e+02,2.752082994212480260e-01,6.305883001444560765e-02,-2.828411105748871446e+00,1.859754967228845590e+00
6.815972222222222987e-01,2.453750000000000284e+02,2.742273882564468801e-01,6.370582295378095228e-02,-2.821640854225456518e+00,1.866914765835309131e+00
6.819444444444444642e-01,2.455000000000000000e+02,2.732488240657922618e-01,6.435529191706700070e-02,-2.814892548387295523e+00,1.874016808195447581e+00
6.822916666666667407e-01,2.456250000000000284e+02,2.722725992151381336e-01,6.500721679088945770e-02,-2.808166269032551288e+00,1.881060754119237455e+00
6.826388888888889062e-01,2.457500000000000000e+02,2.712987060428136976e-01,6.566157734432485904e-02,-2.801462093916646356e+00,1.888046266955263119e+00
6.829861111111111827e-01,2.458750000000000284e+02,2.703271368606750547e-01,6.631835323017691575e-02,-2.794780097758083670e+00,1.894973013621851665e+00
6.833333333333333481e-01,2.460000000000000000e+02,2.693578839551636350e-01,6.697752398621846515e-02,-2.788120352244535027e+00,1.901840664637895806e+00
6.836805555555556246e-01,2.461250000000000284e+02,2.683909395883516402e-01,6.763906903645053315e-02,-2.781482926039129833e+00,1.908648894153549103e+00
6.840277777777777901e-01,2.462500000000000000e+02,2.674262959989960886e-01,6.830296769236532395e-02,-2.774867884787013406e+00,1.915397379980574799e+00
6.843750000000000666e-01,2.463750000000000284e+02,2.664639454035821475e-01,6.896919915422533576e-02,-2.768275291122095805e+00,1.922085803622534339e+00
6.847222222222222321e-01,2.465000000000000000e+02,2.655038799973701846e-01,6.963774251234797208e-02,-2.761705204674077319e+00,1.928713850304678123e+00
6.850694444444445086e-01,2.466250000000000284e+02,2.645460919554348811e-01,7.030857674840573779e-02,-2.755157682075656922e+00,1.935281209003641534e+00
6.854166666666666741e-01,2.467500000000000000e+02,2.635905734337071205e-01,7.098168073673111200e-02,-2.748632776970009850e+00,1.941787572476842971e+00
6.857638888888889506e-01,2.468750000000000284e+02,2.626373165700094381e-01,7.165703324563664489e-02,-2.742130540018461016e+00,1.948232637291661185e+00
6.861111111111111160e-01,2.470000000000000000e+02,2.616863134850903050e-01,7.233461293874138276e-02,-2.735651018908417331e+00,1.954616103854359688e+00
6.864583333333333925e-01,2.471250000000000284e+02,2.607375562836539151e-01,7.301439837630999130e-02,-2.729194258361489656e+00,1.960937676438747834e+00
6.868055555555555580e-01,2.472500000000000000e+02,2.597910370553919712e-01,7.369636801659933123e-02,-2.722760300141876311e+00,1.967197063214572550e+00
6.871527777777778345e-01,2.473750000000000284e+02,2.588467478760045903e-01,7.438050021721742677e-02,-2.716349183064936224e+00,1.973393976275680695e+00
6.875000000000000000e-01,2.475000000000000000e+02,2.579046808082270936e-01,7.506677323648959510e-02,-2.709960943006021861e+00,1.979528131667875224e+00
6.878472222222222765e-01,2.476250000000000284e+02,2.569648279028450277e-01,7.575516523483681597e-02,-2.703595612909490686e+00,1.985599249416560186e+00
6.881944444444444420e-01,2.477500000000000000e+02,2.560271811997152924e-01,7.644565427616024922e-02,-2.697253222797983074e+00,1.991607053554042883e+00
6.885416666666667185e-01,2.478750000000000284e+02,2.550917327287733904e-01,7.713821832923999089e-02,-2.690933799781879632e+00,1.997551272146661727e+00
6.888888888888888840e-01,2.480000000000000000e+02,2.541584745110475607e-01,7.783283526913781225e-02,-2.684637368069008545e+00,2.003431637321547054e+00
6.892361111111111605e-01,2.481250000000000284e+02,2.532273985596614763e-01,7.852948287861373500e-02,-2.678363948974542552e+00,2.009247885293177216e+00
6.895833333333333259e-01,2.482500000000000000e+02,2.522984968808399953e-01,7.922813884954811592e-02,-2.672113560931142828e+00,2.014999756389604268e+00
6.899305555555556024e-01,2.483750000000000284e+02,2.513717614749053086e-01,7.992878078437648526e-02,-2.665886219499284060e+00,2.020686995078451620e+00
6.902777777777777679e-01,2.485000000000000000e+02,2.504471843372747530e-01,8.063138619752927005e-02,-2.659681937377829986e+00,2.026309349992577502e+00
6.906250000000000444e-01,2.486250000000000284e+02,2.495247574594513240e-01,8.133593251688403525e-02,-2.653500724414776801e+00,2.031866573955480870e+00
6.909722222222222099e-01,2.487500000000000000e+02,2.486044728300121631e-01,8.204239708522359509e-02,-2.647342587618267018e+00,2.037358424006440849e+00
6.913194444444444864e-01,2.488750000000000284e+02,2.476863224355915216e-01,8.275075716170615658e-02,-2.641207531167744538e+00,2.042784661425322223e+00
6.916666666666666519e-01,2.490000000000000000e+02,2.467702982618632246e-01,8.346098992333943201e-02,-2.635095556425385954e+00,2.048145051757114032e+00
6.920138888888889284e-01,2.491250000000000000e+02,2.458563922945140867e-01,8.417307246646846264e-02,-2.629006661947685064e+00,2.053439364836186165e+00
6.923611111111110938e-01,2.492500000000000000e+02,2.449445965202187436e-01,8.488698180826639850e-02,-2.622940843497283847e+00,2.058667374810219108e+00
6.927083333333333703e-01,2.493750000000000000e+02,2.440349029276059067e-01,8.560269488823889217e-02,-2.616898094054979751e+00,2.063828860163858359e+00
6.930555555555555358e-01,2.495000000000000000e+02,2.431273035082233969e-01,8.632018856973185106e-02,-2.610878403831960348e+00,2.068923603742068185e+00
6.934027777777778123e-01,2.496250000000000000e+02,2.422217902574953230e-01,8.703943964145159640e-02,-2.604881760282214298e+00,2.073951392773182967e+00
6.937499999999999778e-01,2.497500000000000000e+02,2.413183551756809819e-01,8.776042481898861658e-02,-2.598908148115179451e+00,2.078912018891629021e+00
6.940972222222222543e-01,2.498750000000000000e+02,2.404169902688216010e-01,8.848312074635338031e-02,-2.592957549308549048e+00,2.083805278160387076e+00
6.944444444444444198e-01,2.500000000000000000e+02,2.395176875496902724e-01,8.920750399751589677e-02,-2.587029943121315956e+00,2.088630971093094146e+00
6.947916666666666963e-01,2.501250000000000000e+02,2.386204390387302587e-01,8.993355107795736325e-02,-2.581125306106980766e+00,2.093388902675884289e+00
6.951388888888888618e-01,2.502500000000000000e+02,2.377252367649948517e-01,9.066123842622386686e-02,-2.575243612126985049e+00,2.098078882388877187e+00
6.954861111111111382e-01,2.503750000000000000e+02,2.368320727670786274e-01,9.139054241549303403e-02,-2.569384832364312032e+00,2.102700724227365647e+00
6.958333333333334147e-01,2.505000000000000284e+02,2.359409390940444828e-01,9.212143935514410797e-02,-2.563548935337303991e+00,2.107254246722706892e+00
6.961805555555555802e-01,2.506250000000000000e+02,2.350518278063477573e-01,9.285390549233664415e-02,-2.557735886913655943e+00,2.111739272962856795e+00
6.965277777777778567e-01,2.507500000000000284e+02,2.341647309767524443e-01,9.358791701359697734e-02,-2.551945650324601189e+00,2.116155630612624794e+00
6.968750000000000222e-01,2.508750000000000000e+02,2.332796406912462928e-01,9.432345004640976804e-02,-2.546178186179294922e+00,2.120503151933563757e+00
6.972222222222222987e-01,2.510000000000000284e+02,2.323965490499461106e-01,9.506048066081866643e-02,-2.540433452479372356e+00,2.124781673803579629e+00
6.975694444444444642e-01,2.511250000000000000e+02,2.315154481680033460e-01,9.579898487103137572e-02,-2.534711404633707588e+00,2.128991037736175151e+00
6.979166666666667407e-01,2.512500000000000284e+02,2.306363301764998985e-01,9.653893863703315315e-02,-2.529011995473338104e+00,2.133131089899391153e+00
6.982638888888889062e-01,2.513750000000000000e+02,2.297591872233415711e-01,9.728031786620625065e-02,-2.523335175266590458e+00,2.137201681134410780e+00
6.986111111111111827e-01,2.515000000000000284e+02,2.288840114741437504e-01,9.802309841495601694e-02,-2.517680891734372928e+00,2.141202666973838653e+00
6.989583333333333481e-01,2.516250000000000000e+02,2.280107951131156163e-01,9.876725609034174569e-02,-2.512049090065660018e+00,2.145133907659621197e+00
6.993055555555556246e-01,2.517500000000000284e+02,2.271395303439339708e-01,9.951276665171693292e-02,-2.506439712933142161e+00,2.148995268160674765e+00
6.996527777777777901e-01,2.518750000000000000e+02,2.262702093906168721e-01,1.002596058123711442e-01,-2.500852700509066384e+00,2.152786618190130064e+00
7.000000000000000666e-01,2.520000000000000284e+02,2.254028244983862783e-01,1.010077492411826788e-01,-2.495287990481235951e+00,2.156507832222277710e+00
7.003472222222222321e-01,2.521250000000000000e+02,2.245373679345303575e-01,1.017571725642727742e-01,-2.489745518069202745e+00,2.160158789509150523e+00
7.006944444444445086e-01,2.522500000000000284e+02,2.236738319892564164e-01,1.025078513666683316e-01,-2.484225216040607531e+00,2.163739374096761647e+00
7.010416666666666741e-01,2.523750000000000000e+02,2.228122089765397495e-01,1.032597611939689991e-01,-2.478727014727720501e+00,2.167249474841024259e+00
7.013888888888889506e-01,2.525000000000000284e+02,2.219524912349653822e-01,1.040128775540204442e-01,-2.473250842044115494e+00,2.170688985423301798e+00
7.017361111111111160e-01,2.526250000000000000e+02,2.210946711285670108e-01,1.047671759185913043e-01,-2.467796623501548936e+00,2.174057804365617574e+00
7.020833333333333925e-01,2.527500000000000284e+02,2.202387410476557283e-01,1.055226317250584217e-01,-2.462364282226961798e+00,2.177355835045516219e+00
7.024305555555555580e-01,2.528750000000000000e+02,2.193846934096468637e-01,1.062792203780932865e-01,-2.456953738979696933e+00,2.180582985710594723e+00
7.027777777777778345e-01,2.530000000000000284e+02,2.185325206598785208e-01,1.070369172513569167e-01,-2.451564912168818999e+00,2.183739169492631138e+00
7.031250000000000000e-01,2.531250000000000000e+02,2.176822152724244841e-01,1.077956976891972368e-01,-2.446197717870651989e+00,2.186824304421428611e+00
7.034722222222222765e-01,2.532500000000000284e+02,2.168337697509001294e-01,1.085555370083536031e-01,-2.440852069846431771e+00,2.189838313438258854e+00
7.038194444444444420e-01,2.533750000000000000e+02,2.159871766292657536e-01,1.093164104996623004e-01,-2.435527879560143827e+00,2.192781124408952120e+00
7.041666666666667185e-01,2.535000000000000284e+02,2.151424284726179692e-01,1.100782934297708793e-01,-2.430225056196494204e+00,2.195652670136659879e+00
7.045138888888888840e-01,2.536250000000000000e+02,2.142995178779811549e-01,1.108411610428526040e-01,-2.424943506679060778e+00,2.198452888374218261e+00
7.048611111111111605e-01,2.537500000000000284e+02,2.134584374750862490e-01,1.116049885623291299e-01,-2.419683135688563080e+00,2.201181721836193095e+00
7.052083333333333259e-01,2.538750000000000000e+02,2.126191799271489047e-01,1.123697511925938475e-01,-2.414443845681315537e+00,2.203839118210532799e+00
7.055555555555556024e-01,2.540000000000000284e+02,2.117817379316375148e-01,1.131354241207415123e-01,-2.409225536907802834e+00,2.206425030169869572e+00
7.059027777777777679e-01,2.541250000000000000e+02,2.109461042210360460e-01,1.139019825183005125e-01,-2.404028107431420924e+00,2.208939415382463523e+00
7.062500000000000444e-01,2.542500000000000284e+02,2.101122715635991844e-01,1.146694015429701174e-01,-2.398851453147345048e+00,2.211382236522781763e+00
7.065972222222222099e-01,2.543750000000000000e+02,2.092802327641040683e-01,1.154376563403591571e-01,-2.393695467801562060e+00,2.213753461281688928e+00
7.069444444444444864e-01,2.545000000000000284e+02,2.084499806645906950e-01,1.162067220457313338e-01,-2.388560043010018230e+00,2.216053062376309057e+00
7.072916666666666519e-01,2.546250000000000000e+02,2.076215081451004418e-01,1.169765737857503679e-01,-2.383445068277936230e+00,2.218281017559479817e+00
7.076388888888889284e-01,2.547500000000000000e+02,2.067948081244040948e-01,1.177471866802309447e-01,-2.378350431019238709e+00,2.220437309628863431e+00
7.079861111111110938e-01,2.548750000000000000e+02,2.059698735607255748e-01,1.185185358438917147e-01,-2.373276016576139291e+00,2.222521926435680140e+00
7.083333333333333703e-01,2.550000000000000000e+02,2.051466974524562559e-01,1.192905963881123466e-01,-2.368221708238832157e+00,2.224534860893073507e+00
7.086805555555555358e-01,2.551250000000000000e+02,2.043252728388665063e-01,1.200633434226905383e-01,-2.363187387265352601e+00,2.226476110984085377e+00
7.090277777777778123e-01,2.552500000000000000e+02,2.035055928008050186e-01,1.208367520576063420e-01,-2.358172932901533070e+00,2.228345679769285326e+00
7.093749999999999778e-01,2.553750000000000000e+02,2.026876504613968899e-01,1.216107974047836576e-01,-2.353178222401114628e+00,2.230143575393998212e+00
7.097222222222222543e-01,2.555000000000000000e+02,2.018714389867286296e-01,1.223854545798600674e-01,-2.348203131045961012e+00,2.231869811095181344e+00
7.100694444444444198e-01,2.556250000000000000e+02,2.010569515865336665e-01,1.231606987039520207e-01,-2.343247532166428115e+00,2.233524405207893082e+00
7.104166666666666963e-01,2.557500000000000000e+02,2.002441815148610638e-01,1.239365049054303169e-01,-2.338311297161812519e+00,2.235107381171428820e+00
7.107638888888888618e-01,2.558750000000000000e+02,1.994331220707470931e-01,1.247128483216901618e-01,-2.333394295520974548e+00,2.236618767535029306e+00
7.111111111111111382e-01,2.560000000000000000e+02,1.986237665988714596e-01,1.254897041009283842e-01,-2.328496394843027506e+00,2.238058597963252350e+00
7.114583333333334147e-01,2.561250000000000568e+02,1.978161084902128886e-01,1.262670474039192525e-01,-2.323617460858189432e+00,2.239426911240930629e+00
7.118055555555555802e-01,2.562500000000000000e+02,1.970101411826927218e-01,1.270448534057933287e-01,-2.318757357448718359e+00,2.240723751277772458e+00
7.121527777777778567e-01,2.563750000000000000e+02,1.962058581618122410e-01,1.278230972978188495e-01,-2.313915946669970136e+00,2.241949167112572638e+00
7.125000000000000222e-01,2.565000000000000000e+02,1.954032529612850511e-01,1.286017542891816356e-01,-2.309093088771582813e+00,2.243103212917036959e+00
7.128472222222222987e-01,2.566250000000000000e+02,1.946023191636598593e-01,1.293807996087691925e-01,-2.304288642218740524e+00,2.244185947999218111e+00
7.131944444444444642e-01,2.567500000000000000e+02,1.938030504009358168e-01,1.301602085069533954e-01,-2.299502463713582134e+00,2.245197436806604774e+00
7.135416666666667407e-01,2.568750000000000000e+02,1.930054403551706987e-01,1.309399562573782538e-01,-2.294734408216674737e+00,2.246137748928771050e+00
7.138888888888889062e-01,2.570000000000000000e+02,1.922094827590834498e-01,1.317200181587416530e-01,-2.289984328968629690e+00,2.247006959099678181e+00
7.142361111111111827e-01,2.571250000000000000e+02,1.914151713966455171e-01,1.325003695365859213e-01,-2.285252077511787050e+00,2.247805147199590348e+00
7.145833333333333481e-01,2.572500000000000000e+02,1.906225001036685185e-01,1.332809857450823754e-01,-2.280537503712031011e+00,2.248532398256579690e+00
7.149305555555556246e-01,2.573750000000000000e+02,1.898314627683818645e-01,1.340618421688201667e-01,-2.275840455780671956e+00,2.249188802447665836e+00
7.152777777777777901e-01,2.575000000000000000e+02,1.890420533320037177e-01,1.348429142245932688e-01,-2.271160780296452852e+00,2.249774455099567305e+00
7.156250000000000666e-01,2.576250000000000000e+02,1.882542657893024607e-01,1.356241773631907399e-01,-2.266498322227623596e+00,2.250289456689059442e+00
7.159722222222222321e-01,2.577500000000000000e+02,1.874680941891550545e-01,1.364056070711819890e-01,-2.261852924954136146e+00,2.250733912842936224e+00
7.163194444444445086e-01,2.578750000000000000e+02,1.866835326350913538e-01,1.371871788727076491e-01,-2.257224430289892503e+00,2.251107934337605254e+00
7.166666666666666741e-01,2.580000000000000000e+02,1.859005752858369775e-01,1.379688683312653430e-01,-2.252612678505125032e+00,2.251411637098270191e+00
7.170138888888889506e-01,2.581250000000000000e+02,1.851192163558427195e-01,1.387506510514989466e-01,-2.248017508348818083e+00,2.251645142197744587e+00
7.173611111111111160e-01,2.582500000000000000e+02,1.843394501158111543e-01,1.395325026809845492e-01,-2.243438757071251732e+00,2.251808575854858052e+00
7.177083333333333925e-01,2.583750000000000000e+02,1.835612708932118087e-01,1.403143989120174684e-01,-2.238876260446596156e+00,2.251902069432482723e+00
7.180555555555555580e-01,2.585000000000000000e+02,1.827846730727903379e-01,1.410963154833974886e-01,-2.234329852795612581e+00,2.251925759435172036e+00
7.184027777777778345e-01,2.586250000000000000e+02,1.820096510970678760e-01,1.418782281822150160e-01,-2.229799367008408417e+00,2.251879787506403829e+00
7.187500000000000000e-01,2.587500000000000000e+02,1.812361994668364451e-01,1.426601128456328749e-01,-2.225284634567289643e+00,2.251764300425427745e+00
7.190972222222222765e-01,2.588750000000000000e+02,1.804643127416405979e-01,1.434419453626710750e-01,-2.220785485569665152e+00,2.251579450103735169e+00
7.194444444444444420e-01,2.590000000000000000e+02,1.796939855402572561e-01,1.442237016759862211e-01,-2.216301748751049239e+00,2.251325393581126821e+00
7.197916666666667185e-01,2.591250000000000000e+02,1.789252125411628369e-01,1.450053577836526719e-01,-2.211833251508104947e+00,2.251002293021388212e+00
7.201388888888888840e-01,2.592500000000000000e+02,1.781579884829948834e-01,1.457868897409402842e-01,-2.207379819921778896e+00,2.250610315707591624e+00
7.204861111111111605e-01,2.593750000000000000e+02,1.773923081650034539e-01,1.465682736620922688e-01,-2.202941278780484513e+00,2.250149634036984647e+00
7.208333333333333259e-01,2.595000000000000000e+02,1.766281664474985691e-01,1.473494857220977727e-01,-2.198517451603366979e+00,2.249620425515497235e+00
7.211805555555556024e-01,2.596250000000000000e+02,1.758655582522838656e-01,1.481305021584673198e-01,-2.194108160663605478e+00,2.249022872751861524e+00
7.215277777777777679e-01,2.597500000000000000e+02,1.751044785630879452e-01,1.489112992730009244e-01,-2.189713227011802488e+00,2.248357163451329299e+00
7.218750000000000444e-01,2.598750000000000000e+02,1.743449224259820129e-01,1.496918534335593409e-01,-2.185332470499405044e+00,2.247623490409011993e+00
7.222222222222222099e-01,2.600000000000000000e+02,1.735868849497947952e-01,1.504721410758276812e-01,-2.180965709802205943e+00,2.246822051502819217e+00
7.225694444444444864e-01,2.601250000000000000e+02,1.728303613065153288e-01,1.512521387050800581e-01,-2.176612762443871585e+00,2.245953049686002512e+00
7.229166666666666519e-01,2.602500000000000000e+02,1.720753467316890051e-01,1.520318228979407049e-01,-2.172273444819547095e+00,2.245016692979328266e+00
7.232638888888889284e-01,2.603750000000000000e+02,1.713218365248050656e-01,1.528111703041422631e-01,-2.167947572219488084e+00,2.244013194462832317e+00
7.236111111111110938e-01,2.605000000000000000e+02,1.705698260496769925e-01,1.535901576482797126e-01,-2.163634958852764356e+00,2.242942772267217055e+00
7.239583333333333703e-01,2.606250000000000000e+02,1.698193107348125175e-01,1.543687617315644967e-01,-2.159335417870976048e+00,2.241805649564814651e+00
7.243055555555555358e-01,2.607500000000000000e+02,1.690702860737782753e-01,1.551469594335714852e-01,-2.155048761392047929e+00,2.240602054560209666e+00
7.246527777777778123e-01,2.608750000000000000e+02,1.683227476255534927e-01,1.559247277139858834e-01,-2.150774800524041019e+00,2.239332220480424684e+00
7.249999999999999778e-01,2.610000000000000000e+02,1.675766910148768774e-01,1.567020436143445605e-01,-2.146513345389008620e+00,2.237996385564758661e+00
7.253472222222222543e-01,2.611250000000000000e+02,1.668321119325838764e-01,1.574788842597759919e-01,-2.142264205146892309e+00,2.236594793054205166e+00
7.256944444444444198e-01,2.612500000000000000e+02,1.660890061359387437e-01,1.582552268607328172e-01,-2.138027188019454794e+00,2.235127691180497145e+00
7.260416666666666963e-01,2.613750000000000000e+02,1.653473694489533130e-01,1.590310487147255092e-01,-2.133802101314235422e+00,2.233595333154757778e+00
7.263888888888888618e-01,2.615000000000000000e+02,1.646071977627034666e-01,1.598063272080464670e-01,-2.129588751448548756e+00,2.231997977155764090e+00
7.267361111111111382e-01,2.616250000000000000e+02,1.638684870356305334e-01,1.605810398174953024e-01,-2.125386943973497811e+00,2.230335886317832195e+00
7.270833333333334147e-01,2.617500000000000568e+02,1.631312332938412157e-01,1.613551641120953006e-01,-2.121196483598031257e+00,2.228609328718297089e+00
7.274305555555555802e-01,2.618750000000000000e+02,1.623954326313936658e-01,1.621286777548093805e-01,-2.117017174213007724e+00,2.226818577364624741e+00
7.277777777777778567e-01,2.620000000000000000e+02,1.616610812105781225e-01,1.629015585042477843e-01,-2.112848818915293414e+00,2.224963910181119608e+00
7.281250000000000222e-01,2.621250000000000000e+02,1.609281752621887496e-01,1.636737842163741574e-01,-2.108691220031877478e+00,2.223045609995276006e+00
7.284722222222222987e-01,2.622500000000000000e+02,1.601967110857853427e-01,1.644453328462063546e-01,-2.104544179143996718e+00,2.221063964523708911e+00
7.288194444444444642e-01,2.623750000000000000e+02,1.594666850499502353e-01,1.652161824495090581e-01,-2.100407497111298483e+00,2.219019266357727727e+00
7.291666666666667407e-01,2.625000000000000000e+02,1.587380935925322700e-01,1.659863111844865347e-01,-2.096280974095987570e+00,2.216911812948516136e+00
7.295138888888889062e-01,2.626250000000000000e+02,1.580109332208869399e-01,1.667556973134656506e-01,-2.092164409587014440e+00,2.214741906591928711e+00
7.298611111111111827e-01,2.627500000000000000e+02,1.572852005121050389e-01,1.675243192045757779e-01,-2.088057602424247872e+00,2.212509854412903820e+00
7.302083333333333481e-01,2.628750000000000000e+02,1.565608921132335130e-01,1.682921553334230658e-01,-2.083960350822681384e+00,2.210215968349510174e+00
7.305555555555556246e-01,2.630000000000000000e+02,1.558380047414880953e-01,1.690591842847594672e-01,-2.079872452396613447e+00,2.207860565136594566e+00
7.309027777777777901e-01,2.631250000000000000e+02,1.551165351844591977e-01,1.698253847541436046e-01,-2.075793704183864996e+00,2.205443966289058366e+00
7.312500000000000666e-01,2.632500000000000000e+02,1.543964803003054220e-01,1.705907355495996369e-01,-2.071723902669974304e+00,2.202966498084756974e+00
7.315972222222222321e-01,2.633750000000000000e+02,1.536778370179439079e-01,1.713552155932658583e-01,-2.067662843812405171e+00,2.200428491547015586e+00
7.319444444444445086e-01,2.635000000000000000e+02,1.529606023372263868e-01,1.721188039230423517e-01,-2.063610323064735574e+00,2.197830282426778137e+00
7.322916666666666741e-01,2.636250000000000000e+02,1.522447733291140692e-01,1.728814796942247378e-01,-2.059566135400875631e+00,2.195172211184364119e+00
7.326388888888889506e-01,2.637500000000000000e+02,1.515303471358351306e-01,1.736432221811415877e-01,-2.055530075339230045e+00,2.192454622970872791e+00
7.329861111111111160e-01,2.638750000000000000e+02,1.508173209710426399e-01,1.744040107787757643e-01,-2.051501936966902306e+00,2.189677867609191697e+00
7.333333333333333925e-01,2.640000000000000000e+02,1.501056921199574734e-01,1.751638250043854872e-01,-2.047481513963845146e+00,2.186842299574646820e+00
7.336805555555555580e-01,2.641250000000000000e+02,1.493954579395079252e-01,1.759226444991146832e-01,-2.043468599627032312e+00,2.183948277975273022e+00
7.340277777777778345e-01,2.642500000000000000e+02,1.486866158584555508e-01,1.766804490296000063e-01,-2.039462986894590824e+00,2.180996166531718572e+00
7.343750000000000000e-01,2.643750000000000000e+02,1.479791633775185133e-01,1.774372184895671167e-01,-2.035464468369934554e+00,2.177986333556779730e+00
7.347222222222222765e-01,2.645000000000000000e+02,1.472730980694819392e-01,1.781929329014222130e-01,-2.031472836345860067e+00,2.174919151934551653e+00
7.350694444444444420e-01,2.646250000000000000e+02,1.465684175793020849e-01,1.789475724178358762e-01,-2.027487882828646004e+00,2.171794999099247558e+00
7.354166666666667185e-01,2.647500000000000000e+02,1.458651196242007064e-01,1.797011173233196701e-01,-2.023509399562099631e+00,2.168614257013614210e+00
7.357638888888888840e-01,2.648750000000000000e+02,1.451632019937540430e-01,1.804535480357930544e-01,-2.019537178051608262e+00,2.165377312147004130e+00
7.361111111111111605e-01,2.650000000000000000e+02,1.444626625499690065e-01,1.812048451081466893e-01,-2.015571009588139173e+00,2.162084555453072099e+00
7.364583333333333259e-01,2.651250000000000000e+02,1.437634992273558454e-01,1.819549892297928073e-01,-2.011610685272231525e+00,2.158736382347121285e+00
7.368055555555556024e-01,2.652500000000000000e+02,1.430657100329873477e-01,1.827039612282137515e-01,-2.007655996037932322e+00,2.155333192683082988e+00
7.371527777777777679e-01,2.653750000000000000e+02,1.423692930465563500e-01,1.834517420704948332e-01,-2.003706732676732827e+00,2.151875390730126902e+00
7.375000000000000444e-01,2.655000000000000000e+02,1.416742464204168717e-01,1.841983128648579382e-01,-1.999762685861430578e+00,2.148363385148931215e+00
7.378472222222222099e-01,2.656250000000000000e+02,1.409805683796242493e-01,1.849436548621785636e-01,-1.995823646169990528e+00,2.144797588967585433e+00
7.381944444444444864e-01,2.657500000000000000e+02,1.402882572219618929e-01,1.856877494575004672e-01,-1.991889404109340456e+00,2.141178419557133950e+00
7.385416666666666519e-01,2.658750000000000000e+02,1.395973113179637959e-01,1.864305781915372717e-01,-1.987959750139143722e+00,2.137506298606776323e+00
7.388888888888889284e-01,2.660000000000000000e+02,1.389077291109247769e-01,1.871721227521694342e-01,-1.984034474695514305e+00,2.133781652098705184e+00
7.392361111111110938e-01,2.661250000000000000e+02,1.382195091169062529e-01,1.879123649759290027e-01,-1.980113368214700076e+00,2.130004910282601305e+00
7.395833333333333703e-01,2.662500000000000000e+02,1.375326499247312984e-01,1.886512868494774342e-01,-1.976196221156708344e+00,2.126176507649765846e+00
7.399305555555555358e-01,2.663750000000000000e+02,1.368471501959726000e-01,1.893888705110735038e-01,-1.972282824028890769e+00,2.122296882906927085e+00
7.402777777777778123e-01,2.665000000000000000e+02,1.361630086649306681e-01,1.901250982520338029e-01,-1.968372967409466545e+00,2.118366478949677667e+00
7.406249999999999778e-01,2.666250000000000000e+02,1.354802241386077188e-01,1.908599525181802203e-01,-1.964466441971009392e+00,2.114385742835580118e+00
7.409722222222222543e-01,2.667500000000000000e+02,1.347987954966677615e-01,1.915934159112828161e-01,-1.960563038503858602e+00,2.110355125756926853e+00
7.413194444444444198e-01,2.668750000000000000e+02,1.341187216913943547e-01,1.923254711904884562e-01,-1.956662547939496566e+00,2.106275083013157801e+00
7.416666666666666963e-01,2.670000000000000000e+02,1.334400017476362610e-01,1.930561012737434246e-01,-1.952764761373844138e+00,2.102146073982932961e+00
7.420138888888888618e-01,2.671250000000000000e+02,1.327626347627465231e-01,1.937852892392042947e-01,-1.948869470090519807e+00,2.097968562095882561e+00
7.423611111111111382e-01,2.672500000000000000e+02,1.320866199065123259e-01,1.945130183266411406e-01,-1.944976465584006720e+00,2.093743014804002378e+00
7.427083333333334147e-01,2.673750000000000568e+02,1.314119564210795843e-01,1.952392719388263698e-01,-1.941085539582785957e+00,2.089469903552730656e+00
7.430555555555555802e-01,2.675000000000000000e+02,1.307386436208667624e-01,1.959640336429181728e-01,-1.937196484072385871e+00,2.085149703751677297e+00
7.434027777777778567e-01,2.676250000000000000e+02,1.300666808924708928e-01,1.966872871718325366e-01,-1.933309091318359485e+00,2.080782894745031975e+00
7.437500000000000222e-01,2.677500000000000000e+02,1.293960676945678512e-01,1.974090164256014079e-01,-1.929423153889209042e+00,2.076369959781646735e+00
7.440972222222222987e-01,2.678750000000000000e+02,1.287268035578016945e-01,1.981292054727268881e-01,-1.925538464679218631e+00,2.071911385984778864e+00
7.444444444444444642e-01,2.680000000000000000e+02,1.280588880846688649e-01,1.988478385515178026e-01,-1.921654816931230192e+00,2.067407664321520677e+00
7.447916666666667407e-01,2.681250000000000000e+02,1.273923209493927899e-01,1.995649000714211918e-01,-1.917772004259332919e+00,2.062859289571893573e+00
7.451388888888889062e-01,2.682500000000000000e+02,1.267271018977908503e-01,2.002803746143397290e-01,-1.913889820671474729e+00,2.058266760297643216e+00
7.454861111111111827e-01,2.683750000000000000e+02,1.260632307471333535e-01,2.009942469359406736e-01,-1.910008060592001566e+00,2.053630578810676788e+00
7.458333333333333481e-01,2.685000000000000000e+02,1.254007073859960963e-01,2.017065019669506132e-01,-1.906126518884109444e+00,2.048951251141239549e+00
7.461805555555556246e-01,2.686250000000000000e+02,1.247395317741027826e-01,2.024171248144428503e-01,-1.902244990872212771e+00,2.044229287005709494e+00
7.465277777777777901e-01,2.687500000000000000e+02,1.240797039421624309e-01,2.031261007631102733e-01,-1.898363272364234966e+00,2.039465199774137982e+00
7.468750000000000666e-01,2.688750000000000000e+02,1.234212239916968323e-01,2.038334152765288176e-01,-1.894481159673801374e+00,2.034659506437437315e+00
7.472222222222222321e-01,2.690000000000000000e+02,1.227640920948612352e-01,2.045390539984087153e-01,-1.890598449642355572e+00,2.029812727574291653e+00
7.475694444444445086e-01,2.691250000000000000e+02,1.221083084942565233e-01,2.052430027538358626e-01,-1.886714939661166213e+00,2.024925387317731751e+00
7.479166666666666741e-01,2.692500000000000000e+02,1.214538735027363425e-01,2.059452475504978675e-01,-1.882830427693269248e+00,2.019998013321429475e+00
7.482638888888889506e-01,2.693750000000000000e+02,1.208007875032023476e-01,2.066457745799023249e-01,-1.878944712295288255e+00,2.015031136725672134e+00
7.486111111111111160e-01,2.695000000000000000e+02,1.201490509483970071e-01,2.073445702185802431e-01,-1.875057592639181925e+00,2.010025292123049478e+00
7.489583333333333925e-01,2.696250000000000000e+02,1.194986643606835153e-01,2.080416210292805046e-01,-1.871168868533870322e+00,2.004981017523832065e+00
7.493055555555555580e-01,2.697500000000000000e+02,1.188496283318227764e-01,2.087369137621485349e-01,-1.867278340446788087e+00,1.999898854321067176e+00
7.496527777777778345e-01,2.698750000000000000e+02,1.182019435227407295e-01,2.094304353558956722e-01,-1.863385809525315295e+00,1.994779347255360102e+00
7.500000000000000000e-01,2.700000000000000000e+02,1.175556106632879849e-01,2.101221729389554371e-01,-1.859491077618116384e+00,1.989623044379392969e+00
7.503472222222222765e-01,2.701250000000000000e+02,1.169106305519920924e-01,2.108121138306278952e-01,-1.855593947296365620e+00,1.984430497022125817e+00
7.506944444444444420e-01,2.702500000000000000e+02,1.162670040558051038e-01,2.115002455422091976e-01,-1.851694221874882196e+00,1.979202259752736559e+00
7.510416666666667185e-01,2.703750000000000000e+02,1.156247321098390762e-01,2.121865557781129619e-01,-1.847791705433135423e+00,1.973938890344252073e+00
7.513888888888888840e-01,2.705000000000000000e+02,1.149838157170991609e-01,2.128710324369736673e-01,-1.843886202836161337e+00,1.968640949736925272e+00
7.517361111111111605e-01,2.706250000000000000e+02,1.143442559482063109e-01,2.135536636127416676e-01,-1.839977519755354285e+00,1.963309002001301762e+00
7.520833333333333259e-01,2.707500000000000000e+02,1.137060539411134524e-01,2.142344375957630498e-01,-1.836065462689149275e+00,1.957943614301043356e+00
7.524305555555556024e-01,2.708750000000000000e+02,1.130692109008144541e-01,2.149133428738480844e-01,-1.832149838983587076e+00,1.952545356855446279e+00
7.527777777777777679e-01,2.710000000000000000e+02,1.124337280990479609e-01,2.155903681333237176e-01,-1.828230456852775410e+00,1.947114802901712460e+00
7.531250000000000444e-01,2.711250000000000000e+02,1.117996068739900567e-01,2.162655022600772914e-01,-1.824307125399206697e+00,1.941652528656929944e+00
7.534722222222222099e-01,2.712500000000000000e+02,1.111668486299446923e-01,2.169387343405819457e-01,-1.820379654633989652e+00,1.936159113279809496e+00
7.538194444444444864e-01,2.713750000000000000e+02,1.105354548370225121e-01,2.176100536629142490e-01,-1.816447855496924113e+00,1.930635138832131448e+00
7.541666666666666519e-01,2.715000000000000000e+02,1.099054270308164605e-01,2.182794497177528159e-01,-1.812511539876482836e+00,1.925081190239958051e+00
7.545138888888889284e-01,2.716250000000000000e+02,1.092767668120686181e-01,2.189469121993675438e-01,-1.808570520629653844e+00,1.919497855254560514e+00
7.548611111111110938e-01,2.717500000000000000e+02,1.086494758463301680e-01,2.196124310065930285e-01,-1.804624611601656659e+00,1.913885724413113776e+00
7.552083333333333703e-01,2.718750000000000000e+02,1.080235558636141041e-01,2.202759962437905727e-01,-1.800673627645529518e+00,1.908245390999114610e+00
7.555555555555555358e-01,2.720000000000000000e+02,1.073990086580442205e-01,2.209375982217924306e-01,-1.796717384641603132e+00,1.902577451002574360e+00
7.559027777777778123e-01,2.721250000000000000e+02,1.067758360874923179e-01,2.215972274588369206e-01,-1.792755699516819012e+00,1.896882503079928561e+00
7.562499999999999778e-01,2.722500000000000000e+02,1.061540400732133432e-01,2.222548746814859144e-01,-1.788788390263937211e+00,1.891161148513750723e+00
7.565972222222222543e-01,2.723750000000000000e+02,1.055336225994716048e-01,2.229105308255295848e-01,-1.784815275960597081e+00,1.885413991172161463e+00
7.569444444444444198e-01,2.725000000000000000e+02,1.049145857131605630e-01,2.235641870368777762e-01,-1.780836176788251013e+00,1.879641637468057569e+00
7.572916666666666963e-01,2.726250000000000000e+02,1.042969315234154037e-01,2.242158346724369700e-01,-1.776850914050946972e+00,1.873844696318056835e+00
7.576388888888889728e-01,2.727500000000000568e+02,1.036806622012219625e-01,2.248654653009707349e-01,-1.772859310193994897e+00,1.868023779101241511e+00
7.579861111111111382e-01,2.728750000000000000e+02,1.030657799790162255e-01,2.255130707039486038e-01,-1.768861188822478114e+00,1.862179499617648837e+00
7.583333333333334147e-01,2.730000000000000568e+02,1.024522871502772103e-01,2.261586428763804058e-01,-1.764856374719619536e+00,1.856312474046537098e+00
7.586805555555555802e-01,2.731250000000000000e+02,1.018401860691175165e-01,2.268021740276327247e-01,-1.760844693865021293e+00,1.850423320904439173e+00
7.590277777777778567e-01,2.732500000000000000e+02,1.012294791498613428e-01,2.274436565822361977e-01,-1.756825973452743384e+00,1.844512661002969178e+00
7.593750000000000222e-01,2.733750000000000000e+02,1.006201688666238242e-01,2.280830831806709702e-01,-1.752800041909258422e+00,1.838581117406431487e+00
7.597222222222222987e-01,2.735000000000000000e+02,1.000122577528755330e-01,2.287204466801464053e-01,-1.748766728911224533e+00,1.832629315389197933e+00
7.600694444444444642e-01,2.736250000000000000e+02,9.940574840100889487e-02,2.293557401553567854e-01,-1.744725865403150777e+00,1.826657882392878962e+00
7.604166666666667407e-01,2.737500000000000000e+02,9.880064346189237900e-02,2.299889568992290190e-01,-1.740677283614875837e+00,1.820667447983270515e+00
7.607638888888889062e-01,2.738750000000000000e+02,9.819694564442360551e-02,2.306200904236511418e-01,-1.736620817078931012e+00,1.814658643807113725e+00
7.611111111111111827e-01,2.740000000000000000e+02,9.759465771507143395e-02,2.312491344601888821e-01,-1.732556300647714265e+00,1.808632103548623693e+00
7.614583333333333481e-01,2.741250000000000000e+02,9.699378249741689995e-02,2.318760829607836582e-01,-1.728483570510540135e+00,1.802588462885839293e+00
7.618055555555556246e-01,2.742500000000000000e+02,9.639432287168518687e-02,2.325009300984385296e-01,-1.724402464210523345e+00,1.796528359446754042e+00
7.621527777777777901e-01,2.743750000000000000e+02,9.579628177427258751e-02,2.331236702678872452e-01,-1.720312820661298980e+00,1.790452432765264446e+00
7.625000000000000666e-01,2.745000000000000000e+02,9.519966219726722079e-02,2.337442980862490804e-01,-1.716214480163590794e+00,1.784361324236914070e+00
7.628472222222222321e-01,2.746250000000000000e+02,9.460446718796601540e-02,2.343628083936658557e-01,-1.712107284421633402e+00,1.778255677074457530e+00
7.631944444444445086e-01,2.747500000000000000e+02,9.401069984838289484e-02,2.349791962539272694e-01,-1.707991076559403520e+00,1.772136136263225525e+00
7.635416666666666741e-01,2.748750000000000000e+02,9.341836333475424248e-02,2.355934569550766911e-01,-1.703865701136726862e+00,1.766003348516320015e+00
7.638888888888889506e-01,2.750000000000000000e+02,9.282746085703741379e-02,2.362055860100043536e-01,-1.699731004165191628e+00,1.759857962229607775e+00
7.642361111111111160e-01,2.751250000000000000e+02,9.223799567840343383e-02,2.368155791570231705e-01,-1.695586833123915227e+00,1.753700627436563630e+00
7.645833333333333925e-01,2.752500000000000000e+02,9.164997111472428237e-02,2.374234323604310082e-01,-1.691433036975131587e+00,1.747531995762906298e+00
7.649305555555555580e-01,2.753750000000000000e+02,9.106339053405715367e-02,2.380291418110530854e-01,-1.687269466179636801e+00,1.741352720381094787e+00
7.652777777777778345e-01,2.755000000000000000e+02,9.047825735611857156e-02,2.386327039267738814e-01,-1.683095972712033372e+00,1.735163455964630508e+00
7.656250000000000000e-01,2.756250000000000000e+02,8.989457505175954544e-02,2.392341153530477549e-01,-1.678912410075839690e+00,1.728964858642209057e+00
7.659722222222222765e-01,2.757500000000000000e+02,8.931234714242870798e-02,2.398333729633987110e-01,-1.674718633318397876e+00,1.722757585951700143e+00
7.663194444444444420e-01,2.758750000000000000e+02,8.873157719963623014e-02,2.404304738598997682e-01,-1.670514499045640644e+00,1.716542296793984956e+00
7.666666666666667185e-01,2.760000000000000000e+02,8.815226884440932609e-02,2.410254153736387239e-01,-1.666299865436665417e+00,1.710319651386605466e+00
7.670138888888888840e-01,2.761250000000000000e+02,8.757442574674309532e-02,2.416181950651678789e-01,-1.662074592258136807e+00,1.704090311217312470e+00
7.673611111111111605e-01,2.762500000000000000e+02,8.699805162504670175e-02,2.422088107249365796e-01,-1.657838540878524780e+00,1.697854938997397811e+00
7.677083333333333259e-01,2.763750000000000000e+02,8.642315024558580583e-02,2.427972603737076074e-01,-1.653591574282160748e+00,1.691614198614951992e+00
7.680555555555556024e-01,2.765000000000000000e+02,8.584972542191772471e-02,2.433835422629583856e-01,-1.649333557083114687e+00,1.685368755087916615e+00
7.684027777777777679e-01,2.766250000000000000e+02,8.527778101432421931e-02,2.439676548752643948e-01,-1.645064355538904621e+00,1.679119274517043348e+00
7.687500000000000444e-01,2.767500000000000000e+02,8.470732092923839718e-02,2.445495969246672119e-01,-1.640783837564018466e+00,1.672866424038686572e+00
7.690972222222222099e-01,2.768750000000000000e+02,8.413834911866664712e-02,2.451293673570257015e-01,-1.636491872743256470e+00,1.666610871777484126e+00
7.694444444444444864e-01,2.770000000000000000e+02,8.357086957960595253e-02,2.457069653503520246e-01,-1.632188332344894910e+00,1.660353286798891714e+00
7.697916666666666519e-01,2.771250000000000000e+02,8.300488635345847077e-02,2.462823903151281080e-01,-1.627873089333676138e+00,1.654094339061608521e+00
7.701388888888889284e-01,2.772500000000000000e+02,8.244040352543875738e-02,2.468556418946098174e-01,-1.623546018383598355e+00,1.647834699369857825e+00
7.704861111111110938e-01,2.773750000000000000e+02,8.187742522397938039e-02,2.474267199651097038e-01,-1.619206995890545064e+00,1.641575039325578578e+00
7.708333333333333703e-01,2.775000000000000000e+02,8.131595562012955414e-02,2.479956246362681471e-01,-1.614855899984702026e+00,1.635316031280468430e+00
7.711805555555555358e-01,2.776250000000000000e+02,8.075599892695208004e-02,2.485623562513036844e-01,-1.610492610542820779e+00,1.629058348287939717e+00
7.715277777777778123e-01,2.777500000000000000e+02,8.019755939891433372e-02,2.491269153872484043e-01,-1.606117009200268786e+00,1.622802664054951327e+00
7.718749999999999778e-01,2.778750000000000000e+02,7.964064133127539413e-02,2.496893028551673277e-01,-1.601728979362908367e+00,1.616549652893746414e+00
7.722222222222222543e-01,2.780000000000000000e+02,7.908524905946870409e-02,2.502495197003601346e-01,-1.597328406218776031e+00,1.610299989673472210e+00
7.725694444444444198e-01,2.781250000000000000e+02,7.853138695848296824e-02,2.508075672025449898e-01,-1.592915176749589268e+00,1.604054349771721011e+00
7.729166666666666963e-01,2.782500000000000000e+02,7.797905944223522401e-02,2.513634468760281848e-01,-1.588489179742043289e+00,1.597813409025954146e+00
7.732638888888889728e-01,2.783750000000000568e+02,7.742827096294394029e-02,2.519171604698540179e-01,-1.584050305798939684e+00,1.591577843684856219e+00
7.736111111111111382e-01,2.785000000000000000e+02,7.687902601049574625e-02,2.524687099679398528e-01,-1.579598447350104573e+00,1.585348330359585667e+00
7.739583333333334147e-01,2.786250000000000568e+02,7.633132911180930125e-02,2.530180975891931916e-01,-1.575133498663123355e+00,1.579125545974938927e+00
7.743055555555555802e-01,2.787500000000000000e+02,7.578518483019566765e-02,2.535653257876123723e-01,-1.570655355853884272e+00,1.572910167720450891e+00
7.746527777777778567e-01,2.788750000000000000e+02,7.524059776471304917e-02,2.541103972523705568e-01,-1.566163916896921693e+00,1.566702873001390550e+00
7.750000000000000222e-01,2.790000000000000000e+02,7.469757254952272274e-02,2.546533149078799019e-01,-1.561659081635575319e+00,1.560504339389714668e+00
7.753472222222222987e-01,2.791250000000000000e+02,7.415611385323536697e-02,2.551940819138441841e-01,-1.557140751791939337e+00,1.554315244574914212e+00
7.756944444444444642e-01,2.792500000000000000e+02,7.361622637825930571e-02,2.557327016652876650e-01,-1.552608830976639709e+00,1.548136266314831699e+00
7.760416666666667407e-01,2.793750000000000000e+02,7.307791486014132698e-02,2.562691777925734105e-01,-1.548063224698380758e+00,1.541968082386375505e+00
7.763888888888889062e-01,2.795000000000000000e+02,7.254118406690727994e-02,2.568035141613989047e-01,-1.543503840373332991e+00,1.535811370536211529e+00
7.767361111111111827e-01,2.796250000000000000e+02,7.200603879839782839e-02,2.573357148727781207e-01,-1.538930587334294442e+00,1.529666808431366931e+00
7.770833333333333481e-01,2.797500000000000000e+02,7.147248388560119292e-02,2.578657842630049379e-01,-1.534343376839667705e+00,1.523535073609802115e+00
7.774305555555556246e-01,2.798750000000000000e+02,7.094052418998236798e-02,2.583937269036008511e-01,-1.529742122082226485e+00,1.517416843430915652e+00
7.777777777777777901e-01,2.800000000000000000e+02,7.041016460281171452e-02,2.589195476012420838e-01,-1.525126738197702947e+00,1.511312795026028777e+00
7.781250000000000666e-01,2.801250000000000000e+02,6.988141004448696070e-02,2.594432513976741572e-01,-1.520497142273152580e+00,1.505223605248783070e+00
7.784722222222222321e-01,2.802500000000000000e+02,6.935426546385545232e-02,2.599648435696056969e-01,-1.515853253355130326e+00,1.499149950625562999e+00
7.788194444444445086e-01,2.803750000000000000e+02,6.882873583753237878e-02,2.604843296285854759e-01,-1.511194992457672193e+00,1.493092507305811001e+00
7.791666666666666741e-01,2.805000000000000000e+02,6.830482616921555727e-02,2.610017153208644136e-01,-1.506522282570054605e+00,1.487051951012374307e+00
7.795138888888889506e-01,2.806250000000000000e+02,6.778254148899824638e-02,2.615170066272387017e-01,-1.501835048664361905e+00,1.481028956991776280e+00
7.798611111111111160e-01,2.807500000000000000e+02,6.726188685268047474e-02,2.620302097628739446e-01,-1.497133217702870667e+00,1.475024199964499516e+00
7.802083333333333925e-01,2.808750000000000000e+02,6.674286734107530428e-02,2.625413311771165881e-01,-1.492416718645187990e+00,1.469038354075213881e+00
7.805555555555555580e-01,2.810000000000000000e+02,6.622548805931575966e-02,2.630503775532824218e-01,-1.487685482455236352e+00,1.463072092843023642e+00
7.809027777777778345e-01,2.811250000000000000e+02,6.570975413615570693e-02,2.635573558084339241e-01,-1.482939442107985117e+00,1.457126089111661305e+00
7.812500000000000000e-01,2.812500000000000000e+02,6.519567072327213386e-02,2.640622730931340700e-01,-1.478178532596018391e+00,1.451201014999708550e+00
7.815972222222222765e-01,2.813750000000000000e+02,6.468324299456290616e-02,2.645651367911875385e-01,-1.473402690935878390e+00,1.445297541850782075e+00
7.819444444444444420e-01,2.815000000000000000e+02,6.417247614544283052e-02,2.650659545193625455e-01,-1.468611856174199426e+00,1.439416340183740539e+00
7.822916666666667185e-01,2.816250000000000000e+02,6.366337539213723362e-02,2.655647341270970796e-01,-1.463805969393642936e+00,1.433558079642859973e+00
7.826388888888888840e-01,2.817500000000000000e+02,6.315594597097543006e-02,2.660614836961838203e-01,-1.458984973718639111e+00,1.427723428948056261e+00
7.829861111111111605e-01,2.818750000000000000e+02,6.265019313767890285e-02,2.665562115404435106e-01,-1.454148814320890493e+00,1.421913055845072105e+00
7.833333333333333259e-01,2.820000000000000000e+02,6.214612216665137134e-02,2.670489262053761248e-01,-1.449297438424706597e+00,1.416127627055712601e+00
7.836805555555556024e-01,2.821250000000000000e+02,6.164373835026403653e-02,2.675396364677971595e-01,-1.444430795312105165e+00,1.410367808228065956e+00
7.840277777777777679e-01,2.822500000000000000e+02,6.114304699814078481e-02,2.680283513354563274e-01,-1.439548836327711578e+00,1.404634263886767709e+00
7.843750000000000444e-01,2.823750000000000000e+02,6.064405343644034552e-02,2.685150800466395427e-01,-1.434651514883451995e+00,1.398927657383262746e+00
7.847222222222222099e-01,2.825000000000000000e+02,6.014676300713908685e-02,2.689998320697511991e-01,-1.429738786463052191e+00,1.393248650846123926e+00
7.850694444444444864e-01,2.826250000000000000e+02,5.965118106730931541e-02,2.694826171028828488e-01,-1.424810608626299269e+00,1.387597905131364495e+00
7.854166666666666519e-01,2.827500000000000000e+02,5.915731298839936592e-02,2.699634450733610080e-01,-1.419866941013130823e+00,1.381976079772818888e+00
7.857638888888889284e-01,2.828750000000000000e+02,5.866516415550856317e-02,2.704423261372815301e-01,-1.414907745347474100e+00,1.376383832932530638e+00
7.861111111111110938e-01,2.830000000000000000e+02,5.817473996666602809e-02,2.709192706790213845e-01,-1.409932985440934816e+00,1.370821821351210001e+00
7.864583333333333703e-01,2.831250000000000000e+02,5.768604583210151793e-02,2.713942893107404997e-01,-1.404942627196199778e+00,1.365290700298702253e+00
7.868055555555555358e-01,2.832500000000000000e+02,5.719908717352194943e-02,2.718673928718595700e-01,-1.399936638610308481e+00,1.359791123524537904e+00
7.871527777777778123e-01,2.833750000000000000e+02,5.671386942338118436e-02,2.723385924285250392e-01,-1.394914989777656711e+00,1.354323743208505570e+00
7.874999999999999778e-01,2.835000000000000000e+02,5.623039802415355504e-02,2.728078992730545438e-01,-1.389877652892834936e+00,1.348889209911305898e+00
7.878472222222222543e-01,2.836250000000000000e+02,5.574867842760208164e-02,2.732753249233670911e-01,-1.384824602253217796e+00,1.343488172525238333e+00
7.881944444444444198e-01,2.837500000000000000e+02,5.526871609404945818e-02,2.737408811223946969e-01,-1.379755814261379498e+00,1.338121278224975619e+00
7.885416666666666963e-01,2.838750000000000000e+02,5.479051649164629750e-02,2.742045798374765919e-01,-1.374671267427284960e+00,1.332789172418380241e+00
7.888888888888889728e-01,2.840000000000000568e+02,5.431408509563850212e-02,2.746664332597393843e-01,-1.369570942370255784e+00,1.327492498697415257e+00
7.892361111111111382e-01,2.841250000000000000e+02,5.383942738763500963e-02,2.751264538034559060e-01,-1.364454821820760388e+00,1.322231898789105520e+00
7.895833333333334147e-01,2.842500000000000568e+02,5.336654885487406713e-02,2.755846541053905141e-01,-1.359322890621964319e+00,1.317008012506586612e+00
7.899305555555555802e-01,2.843750000000000000e+02,5.289545498949049795e-02,2.760410470241250191e-01,-1.354175135731097157e+00,1.311821477700241267e+00
7.902777777777778567e-01,2.845000000000000000e+02,5.242615128777964456e-02,2.764956456393701245e-01,-1.349011546220580948e+00,1.306672930208903072e+00
7.906250000000000222e-01,2.846250000000000000e+02,5.195864324946455892e-02,2.769484632512569378e-01,-1.343832113278981666e+00,1.301563003811166963e+00
7.909722222222222987e-01,2.847500000000000000e+02,5.149293637696024384e-02,2.773995133796137713e-01,-1.338636830211731521e+00,1.296492330176771235e+00
7.913194444444444642e-01,2.848750000000000000e+02,5.102903617463864366e-02,2.778488097632255682e-01,-1.333425692441641885e+00,1.291461538818095223e+00
7.916666666666667407e-01,2.850000000000000000e+02,5.056694814809269134e-02,2.782963663590772296e-01,-1.328198697509208603e+00,1.286471257041733152e+00
7.920138888888889062e-01,2.851250000000000000e+02,5.010667780340256200e-02,2.787421973415775689e-01,-1.322955845072731451e+00,1.281522109900195883e+00
7.923611111111111827e-01,2.852500000000000000e+02,4.964823064639866529e-02,2.791863171017697764e-01,-1.317697136908180244e+00,1.276614720143691262e+00
7.927083333333333481e-01,2.853750000000000000e+02,4.919161218192770468e-02,2.796287402465226779e-01,-1.312422576908901739e+00,1.271749708172037918e+00
7.930555555555556246e-01,2.855000000000000000e+02,4.873682791311640533e-02,2.800694815977072261e-01,-1.307132171085073624e+00,1.266927691986674320e+00
7.934027777777777901e-01,2.856250000000000000e+02,4.828388334063792031e-02,2.805085561913545078e-01,-1.301825927562989094e+00,1.262149287142796172e+00
7.937500000000000666e-01,2.857500000000000000e+02,4.783278396197614135e-02,2.809459792767982078e-01,-1.296503856584110492e+00,1.257415106701605501e+00
7.940972222222222321e-01,2.858750000000000000e+02,4.738353527069211896e-02,2.813817663158009186e-01,-1.291165970503917571e+00,1.252725761182692743e+00
7.944444444444445086e-01,2.860000000000000000e+02,4.693614275568921274e-02,2.818159329816634640e-01,-1.285812283790547905e+00,1.248081858516529863e+00
7.947916666666666741e-01,2.861250000000000000e+02,4.649061190048162096e-02,2.822484951583164592e-01,-1.280442813023251247e+00,1.243484003997118226e+00
7.951388888888889506e-01,2.862500000000000000e+02,4.604694818245966270e-02,2.826794689393983817e-01,-1.275057576890598510e+00,1.238932800234744169e+00
7.954861111111111160e-01,2.863750000000000000e+02,4.560515707215918868e-02,2.831088706273141575e-01,-1.269656596188526887e+00,1.234428847108894667e+00
7.958333333333333925e-01,2.865000000000000000e+02,4.516524403252974301e-02,2.835367167322788706e-01,-1.264239893818145832e+00,1.229972741721303775e+00
7.961805555555555580e-01,2.866250000000000000e+02,4.472721451820396016e-02,2.839630239713463178e-01,-1.258807494783352743e+00,1.225565078349142523e+00
7.965277777777778345e-01,2.867500000000000000e+02,4.429107397476709368e-02,2.843878092674192448e-01,-1.253359426188235037e+00,1.221206448398358679e+00
7.968750000000000000e-01,2.868750000000000000e+02,4.385682783803033363e-02,2.848110897482441506e-01,-1.247895717234285051e+00,1.216897440357178173e+00
7.972222222222222765e-01,2.870000000000000000e+02,4.342448153330046023e-02,2.852328827453911031e-01,-1.242416399217380674e+00,1.212638639749742397e+00
7.975694444444444420e-01,2.871250000000000000e+02,4.299404047465554823e-02,2.856532057932149038e-01,-1.236921505524596343e+00,1.208430629089926045e+00
7.979166666666667185e-01,2.872500000000000000e+02,4.256551006421747940e-02,2.860720766278038729e-01,-1.231411071630774678e+00,1.204273987835296600e+00
7.982638888888888840e-01,2.873750000000000000e+02,4.213889569142931918e-02,2.864895131859092614e-01,-1.225885135094929135e+00,1.200169292341261018e+00
7.986111111111111605e-01,2.875000000000000000e+02,4.171420273233101411e-02,2.869055336038599524e-01,-1.220343735556418396e+00,1.196117115815360510e+00
7.989583333333333259e-01,2.876250000000000000e+02,4.129143654883873221e-02,2.873201562164627854e-01,-1.214786914730930034e+00,1.192118028271756947e+00
7.993055555555556024e-01,2.877500000000000000e+02,4.087060248802347473e-02,2.877333995558850610e-01,-1.209214716406253887e+00,1.188172596485873589e+00
7.996527777777777679e-01,2.878750000000000000e+02,4.045170588139370554e-02,2.881452823505223360e-01,-1.203627186437868257e+00,1.184281383949246758e+00
8.000000000000000444e-01,2.880000000000000000e+02,4.003475204417706462e-02,2.885558235238503411e-01,-1.198024372744310506e+00,1.180444950824522943e+00
8.003472222222222099e-01,2.881250000000000000e+02,3.961974627460548154e-02,2.889650421932612456e-01,-1.192406325302356462e+00,1.176663853900678181e+00
8.006944444444444864e-01,2.882500000000000000e+02,3.920669385320155187e-02,2.893729576688842675e-01,-1.186773096142001105e+00,1.172938646548398411e+00
8.010416666666666519e-01,2.883750000000000000e+02,3.879560004206578788e-02,2.897795894523915172e-01,-1.181124739341230301e+00,1.169269878675674113e+00
8.013888888888889284e-01,2.885000000000000000e+02,3.838647008416686685e-02,2.901849572357884099e-01,-1.175461311020592703e+00,1.165658096683572564e+00
8.017361111111110938e-01,2.886250000000000000e+02,3.797930920263380833e-02,2.905890809001868136e-01,-1.169782869337603115e+00,1.162103843422231275e+00
8.020833333333333703e-01,2.887500000000000000e+02,3.757412260004844295e-02,2.909919805145662064e-01,-1.164089474480900499e+00,1.158607658147033925e+00
8.024305555555555358e-01,2.888750000000000000e+02,3.717091545774285632e-02,2.913936763345163494e-01,-1.158381188664260319e+00,1.155170076475011243e+00
8.027777777777778123e-01,2.890000000000000000e+02,3.676969293509582681e-02,2.917941888009680240e-01,-1.152658076120359532e+00,1.151791630341433059e+00
8.031249999999999778e-01,2.891250000000000000e+02,3.637046016883380140e-02,2.921935385389057283e-01,-1.146920203094394575e+00,1.148472847956633291e+00
8.034722222222222543e-01,2.892500000000000000e+02,3.597322227233310660e-02,2.925917463560675502e-01,-1.141167637837475768e+00,1.145214253763035428e+00
8.038194444444444198e-01,2.893750000000000000e+02,3.557798433492437989e-02,2.929888332416290542e-01,-1.135400450599830302e+00,1.142016368392407166e+00
8.041666666666666963e-01,2.895000000000000000e+02,3.518475142119959626e-02,2.933848203648736774e-01,-1.129618713623813830e+00,1.138879708623331322e+00
8.045138888888889728e-01,2.896250000000000568e+02,3.479352857032174534e-02,2.937797290738461964e-01,-1.123822501136744201e+00,1.135804787338911881e+00
8.048611111111111382e-01,2.897500000000000000e+02,3.440432079533744386e-02,2.941735808939935359e-01,-1.118011889343527132e+00,1.132792113484703211e+00
8.052083333333334147e-01,2.898750000000000568e+02,3.401713308249030426e-02,2.945663975267904244e-01,-1.112186956419082939e+00,1.129842192026868419e+00
8.055555555555555802e-01,2.900000000000000000e+02,3.363197039053926474e-02,2.949582008483500051e-01,-1.106347782500613608e+00,1.126955523910587287e+00
8.059027777777778567e-01,2.901250000000000000e+02,3.324883765007855679e-02,2.953490129080203475e-01,-1.100494449679657150e+00,1.124132606018687142e+00
8.062500000000000222e-01,2.902500000000000000e+02,3.286773976286005289e-02,2.957388559269673034e-01,-1.094627041993954775e+00,1.121373931130529966e+00
8.065972222222222987e-01,2.903750000000000000e+02,3.248868160111905573e-02,2.961277522967426523e-01,-1.088745645419130659e+00,1.118679987881134430e+00
8.069444444444444642e-01,2.905000000000000000e+02,3.211166800690345990e-02,2.965157245778371475e-01,-1.082850347860204954e+00,1.116051260720552163e+00
8.072916666666667407e-01,2.906250000000000000e+02,3.173670379140401676e-02,2.969027954982216277e-01,-1.076941239142884976e+00,1.113488229873497604e+00
8.076388888888889062e-01,2.907500000000000000e+02,3.136379373429077494e-02,2.972889879518713641e-01,-1.071018411004713400e+00,1.110991371299228092e+00
8.079861111111111827e-01,2.908750000000000000e+02,3.099294258304911842e-02,2.976743249972804706e-01,-1.065081957085980635e+00,1.108561156651680202e+00
8.083333333333333481e-01,2.910000000000000000e+02,3.062415505232232715e-02,2.980588298559563865e-01,-1.059131972920528630e+00,1.106198053239882295e+00
8.086805555555556246e-01,2.911250000000000000e+02,3.025743582325383582e-02,2.984425259109085293e-01,-1.053168555926273342e+00,1.103902523988606443e+00
8.090277777777777901e-01,2.912500000000000000e+02,2.989278954283636908e-02,2.988254367051162430e-01,-1.047191805395645048e+00,1.101675027399309892e+00
8.093750000000000666e-01,2.913750000000000000e+02,2.953022082326161452e-02,2.992075859399879745e-01,-1.041201822485773754e+00,1.099516017511335431e+00
8.097222222222222321e-01,2.915000000000000000e+02,2.916973424127557168e-02,2.995889974738035200e-01,-1.035198710208548478e+00,1.097425943863388653e+00
8.100694444444445086e-01,2.916250000000000000e+02,2.881133433753493844e-02,2.999696953201467231e-01,-1.029182573420448499e+00,1.095405251455288997e+00
8.104166666666666741e-01,2.917500000000000000e+02,2.845502561596968683e-02,3.003497036463210756e-01,-1.023153518812247809e+00,1.093454380710003893e+00
8.107638888888889506e-01,2.918750000000000000e+02,2.810081254314744995e-02,3.007290467717542159e-01,-1.017111654898513295e+00,1.091573767435961129e+00
8.111111111111111160e-01,2.920000000000000000e+02,2.774869954764177735e-02,3.011077491663903816e-01,-1.011057092006917735e+00,1.089763842789652548e+00
8.114583333333333925e-01,2.921250000000000000e+02,2.739869101940503246e-02,3.014858354490679293e-01,-1.004989942267408010e+00,1.088025033238513295e+00
8.118055555555555580e-01,2.922500000000000000e+02,2.705079130914440563e-02,3.018633303858840877e-01,-9.989103196011882568e-01,1.086357760524110594e+00
8.121527777777778345e-01,2.923750000000000000e+02,2.670500472770116415e-02,3.022402588885493846e-01,-9.928183397095148299e-01,1.084762441625606755e+00
8.125000000000000000e-01,2.925000000000000000e+02,2.636133554543555746e-02,3.026166460127259206e-01,-9.867141200623485986e-01,1.083239488723537924e+00
8.128472222222222765e-01,2.926250000000000000e+02,2.601978799161449099e-02,3.029925169563558174e-01,-9.805977798868207307e-01,1.081789309163874613e+00
8.131944444444444420e-01,2.927500000000000000e+02,2.568036625380283253e-02,3.033678970579763989e-01,-9.744694401555272778e-01,1.080412305422399966e+00
8.135416666666667185e-01,2.928750000000000000e+02,2.534307447725966944e-02,3.037428117950232154e-01,-9.683292235746554510e-01,1.079108875069380691e+00
8.138888888888888840e-01,2.930000000000000000e+02,2.500791676433888541e-02,3.041172867821198555e-01,-9.621772545719688985e-01,1.077879410734556620e+00
8.142361111111111605e-01,2.931250000000000000e+02,2.467489717389275555e-02,3.044913477693573234e-01,-9.560136592845812631e-01,1.076724300072432916e+00
8.145833333333333259e-01,2.932500000000000000e+02,2.434401972068140838e-02,3.048650206405595364e-01,-9.498385655466207167e-01,1.075643925727893802e+00
8.149305555555556024e-01,2.933750000000000000e+02,2.401528837478492800e-02,3.052383314115395541e-01,-9.436521028766755581e-01,1.074638665302119822e+00
8.152777777777777679e-01,2.935000000000000000e+02,2.368870706102118445e-02,3.056113062283404846e-01,-9.374544024651271235e-01,1.073708891318843506e+00
8.156250000000000444e-01,2.936250000000000000e+02,2.336427965836772314e-02,3.059839713654680105e-01,-9.312455971612922934e-01,1.072854971190907225e+00
8.159722222222222099e-01,2.937500000000000000e+02,2.304200999938740835e-02,3.063563532241091458e-01,-9.250258214604152318e-01,1.072077267187156346e+00
8.163194444444444864e-01,2.938750000000000000e+02,2.272190186965952416e-02,3.067284783303420581e-01,-9.187952114904935907e-01,1.071376136399657453e+00
8.166666666666666519e-01,2.940000000000000000e+02,2.240395900721531969e-02,3.071003733333304009e-01,-9.125539049989748186e-01,1.070751930711244748e+00
8.170138888888889284e-01,2.941250000000000000e+02,2.208818510197754076e-02,3.074720650035113745e-01,-9.063020413392540719e-01,1.070204996763399308e+00
8.173611111111110938e-01,2.942500000000000000e+02,2.177458379520581799e-02,3.078435802307687985e-01,-9.000397614570603277e-01,1.069735675924465390e+00
8.177083333333333703e-01,2.943750000000000000e+02,2.146315867894594762e-02,3.082149460225969695e-01,-8.937672078766670802e-01,1.069344304258199374e+00
8.180555555555555358e-01,2.945000000000000000e+02,2.115391329548380397e-02,3.085861895022535273e-01,-8.874845246869500492e-01,1.069031212492662197e+00
8.184027777777778123e-01,2.946250000000000000e+02,2.084685113680473031e-02,3.089573379069022185e-01,-8.811918575272954524e-01,1.068796725989454854e+00
8.187499999999999778e-01,2.947500000000000000e+02,2.054197564405809209e-02,3.093284185857423929e-01,-8.748893535733820448e-01,1.068641164713292735e+00
8.190972222222222543e-01,2.948750000000000000e+02,2.023929020702546280e-02,3.096994589981320045e-01,-8.685771615227737552e-01,1.068564843201936787e+00
8.194444444444445308e-01,2.950000000000000568e+02,1.993879816359559604e-02,3.100704867116962360e-01,-8.622554315804116243e-01,1.068568070536466408e+00
8.197916666666666963e-01,2.951250000000000000e+02,1.964050279924323128e-02,3.104415294004285730e-01,-8.559243154439295509e-01,1.068651150311905829e+00
8.201388888888889728e-01,2.952500000000000568e+02,1.934440734651272920e-02,3.108126148427813873e-01,-8.495839662888268196e-01,1.068814380608212211e+00
8.204861111111111382e-01,2.953750000000000000e+02,1.905051498450875680e-02,3.111837709197450286e-01,-8.432345387535259418e-01,1.069058053961608801e+00
8.208333333333334147e-01,2.955000000000000568e+02,1.875882883838997373e-02,3.115550256129179241e-01,-8.368761889242624097e-01,1.069382457336287562e+00
8.211805555555555802e-01,2.956250000000000000e+02,1.846935197886955676e-02,3.119264070025680735e-01,-8.305090743198455527e-01,1.069787872096467751e+00
8.215277777777778567e-01,2.957500000000000000e+02,1.818208742171959283e-02,3.122979432656827758e-01,-8.241333538762772859e-01,1.070274573978821531e+00
8.218750000000000222e-01,2.958750000000000000e+02,1.789703812728274043e-02,3.126696626740108620e-01,-8.177491879312447365e-01,1.070842833065260624e+00
8.222222222222222987e-01,2.960000000000000000e+02,1.761420699998761386e-02,3.130415935920932702e-01,-8.113567382084648782e-01,1.071492913756099785e+00
8.225694444444444642e-01,2.961250000000000000e+02,1.733359688787041927e-02,3.134137644752870155e-01,-8.049561678019080402e-01,1.072225074743583528e+00
8.229166666666667407e-01,2.962500000000000000e+02,1.705521058210199628e-02,3.137862038677773358e-01,-7.985476411598853019e-01,1.073039568985787895e+00
8.232638888888889062e-01,2.963750000000000000e+02,1.677905081652025440e-02,3.141589404005832309e-01,-7.921313240689971114e-01,1.073936643680898584e+00
8.236111111111111827e-01,2.965000000000000000e+02,1.650512026716794561e-02,3.145320027895532333e-01,-7.857073836379543375e-01,1.074916540241864116e+00
8.239583333333333481e-01,2.966250000000000000e+02,1.623342155183750760e-02,3.149054198333509635e-01,-7.792759882812995142e-01,1.075979494271429138e+00
8.243055555555556246e-01,2.967500000000000000e+02,1.596395722961889765e-02,3.152792204114351349e-01,-7.728373077029512261e-01,1.077125735537550311e+00
8.246527777777777901e-01,2.968750000000000000e+02,1.569672980045664842e-02,3.156534334820276233e-01,-7.663915128796796594e-01,1.078355487949192337e+00
8.250000000000000666e-01,2.970000000000000000e+02,1.543174170470868432e-02,3.160280880800766523e-01,-7.599387760444091811e-01,1.079668969532513234e+00
8.253472222222222321e-01,2.971250000000000000e+02,1.516899532271515777e-02,3.164032133152088755e-01,-7.534792706694407594e-01,1.081066392407433296e+00
8.256944444444445086e-01,2.972500000000000000e+02,1.490849297436937920e-02,3.167788383696747978e-01,-7.470131714495303887e-01,1.082547962764596194e+00
8.260416666666666741e-01,2.973750000000000000e+02,1.465023691869742940e-02,3.171549924962860367e-01,-7.405406542848561591e-01,1.084113880842722866e+00
8.263888888888889506e-01,2.975000000000000000e+02,1.439422935344187443e-02,3.175317050163461441e-01,-7.340618962638550959e-01,1.085764340906348879e+00
8.267361111111111160e-01,2.976250000000000000e+02,1.414047241465258252e-02,3.179090053175698816e-01,-7.275770756459878363e-01,1.087499531223974802e+00
8.270833333333333925e-01,2.977500000000000000e+02,1.388896817628279892e-02,3.182869228519999982e-01,-7.210863718443272230e-01,1.089319634046594265e+00
8.274305555555555580e-01,2.978750000000000000e+02,1.363971864979206076e-02,3.186654871339125172e-01,-7.145899654080932750e-01,1.091224825586633029e+00
8.277777777777778345e-01,2.980000000000000000e+02,1.339272578375436638e-02,3.190447277377169710e-01,-7.080880380050453837e-01,1.093215275997291291e+00
8.281250000000000000e-01,2.981250000000000000e+02,1.314799146347319508e-02,3.194246742958489760e-01,-7.015807724037687043e-01,1.095291149352269455e+00
8.284722222222222765e-01,2.982500000000000000e+02,1.290551751060165821e-02,3.198053564966562012e-01,-6.950683524558565196e-01,1.097452603625926004e+00
8.288194444444444420e-01,2.983750000000000000e+02,1.266530568277057442e-02,3.201868040822763994e-01,-6.885509630780036749e-01,1.099699790673816624e+00
8.291666666666667185e-01,2.985000000000000000e+02,1.242735767322112467e-02,3.205690468465103304e-01,-6.820287902339624564e-01,1.102032856213658540e+00
8.295138888888888840e-01,2.986250000000000000e+02,1.219167511044460736e-02,3.209521146326861918e-01,-6.755020209164390721e-01,1.104451939806690763e+00
8.298611111111111605e-01,2.987500000000000000e+02,1.195825955782814191e-02,3.213360373315202190e-01,-6.689708431288395873e-01,1.106957174839457769e+00
8.302083333333333259e-01,2.988750000000000000e+02,1.172711251330724701e-02,3.217208448789685149e-01,-6.624354458669693413e-01,1.109548688505992420e+00
8.305555555555556024e-01,2.990000000000000000e+02,1.149823540902422149e-02,3.221065672540738278e-01,-6.558960191006001361e-01,1.112226601790430092e+00
8.309027777777777679e-01,2.991250000000000000e+02,1.127162961099328897e-02,3.224932344768070003e-01,-6.493527537549530493e-01,1.114991029450018933e+00
8.312500000000000444e-01,2.992500000000000000e+02,1.104729641877170640e-02,3.228808766059022006e-01,-6.428058416920784390e-01,1.117842079998566218e+00
8.315972222222222099e-01,2.993750000000000000e+02,1.082523706513847245e-02,3.232695237366847718e-01,-6.362554756921736665e-01,1.120779855690288818e+00
8.319444444444444864e-01,2.995000000000000000e+02,1.060545271577800763e-02,3.236592059988967485e-01,-6.297018494347713657e-01,1.123804452504095552e+00
8.322916666666666519e-01,2.996250000000000000e+02,1.038794446897153313e-02,3.240499535545143250e-01,-6.231451574798624327e-01,1.126915960128276328e+00
8.326388888888889284e-01,2.997500000000000000e+02,1.017271335529473276e-02,3.244417965955606054e-01,-6.165855952489435188e-01,1.130114461945641136e+00
8.329861111111110938e-01,2.998750000000000000e+02,9.959760337321705084e-03,3.248347653419147996e-01,-6.100233590059445099e-01,1.133400035019047847e+00
8.333333333333333703e-01,3.000000000000000000e+02,9.749086309335869976e-03,3.252288900391150372e-01,-6.034586458380910567e-01,1.136772750077388094e+00
8.336805555555555358e-01,3.001250000000000000e+02,9.540692097047593842e-03,3.256242009561556294e-01,-5.968916536367104841e-01,1.140232671501979933e+00
8.340277777777778123e-01,3.002500000000000000e+02,9.334578457317719777e-03,3.260207283832828873e-01,-5.903225810779046956e-01,1.143779857313401704e+00
8.343749999999999778e-01,3.003750000000000000e+02,9.130746077889481671e-03,3.264185026297814485e-01,-5.837516276032045370e-01,1.147414359158745123e+00
8.347222222222222543e-01,3.005000000000000000e+02,8.929195577124817568e-03,3.268175540217623243e-01,-5.771789934000848277e-01,1.151136222299309564e+00
8.350694444444445308e-01,3.006250000000000568e+02,8.729927503750112977e-03,3.272179128999402331e-01,-5.706048793824848309e-01,1.154945485598721788e+00
8.354166666666666963e-01,3.007500000000000000e+02,8.532942336606492637e-03,3.276196096174127104e-01,-5.640294871711678537e-01,1.158842181511488656e+00
8.357638888888889728e-01,3.008750000000000568e+02,8.338240484407658318e-03,3.280226745374321684e-01,-5.574530190740625279e-01,1.162826336071994593e+00
8.361111111111111382e-01,3.010000000000000000e+02,8.145822285505534624e-03,3.284271380311739041e-01,-5.508756780665458042e-01,1.166897968883917391e+00
8.364583333333334147e-01,3.011250000000000568e+02,7.955688007661091202e-03,3.288330304755029965e-01,-5.442976677716081513e-01,1.171057093110102088e+00
8.368055555555555802e-01,3.012500000000000000e+02,7.767837847823542800e-03,3.292403822507343203e-01,-5.377191924400119838e-01,1.175303715462851173e+00
8.371527777777778567e-01,3.013750000000000000e+02,7.582271931915378869e-03,3.296492237383931712e-01,-5.311404569303296297e-01,1.179637836194672884e+00
8.375000000000000222e-01,3.015000000000000000e+02,7.398990314625437069e-03,3.300595853189691176e-01,-5.245616666889718616e-01,1.184059449089451377e+00
8.378472222222222987e-01,3.016250000000000000e+02,7.217992979207278961e-03,3.304714973696691316e-01,-5.179830277301219477e-01,1.188568541454079863e+00
8.381944444444444642e-01,3.017500000000000000e+02,7.039279837286571521e-03,3.308849902621672223e-01,-5.114047466156215194e-01,1.193165094110506086e+00
8.385416666666667407e-01,3.018750000000000000e+02,6.862850728673701439e-03,3.313000943603520154e-01,-5.048270304347938220e-01,1.197849081388257630e+00
8.388888888888889062e-01,3.020000000000000000e+02,6.688705421184461958e-03,3.317168400180696142e-01,-4.982500867842377112e-01,1.202620471117370693e+00
8.392361111111111827e-01,3.021250000000000000e+02,6.516843610467172934e-03,3.321352575768677373e-01,-4.916741237475286130e-01,1.207479224621798686e+00
8.395833333333333481e-01,3.022500000000000000e+02,6.347264919837874303e-03,3.325553773637336952e-01,-4.850993498749098243e-01,1.212425296713240286e+00
8.399305555555556246e-01,3.023750000000000000e+02,6.179968900120486053e-03,3.329772296888329763e-01,-4.785259741629087626e-01,1.217458635685432000e+00
8.402777777777777901e-01,3.025000000000000000e+02,6.014955029496768524e-03,3.334008448432452809e-01,-4.719542060339124712e-01,1.222579183308871054e+00
8.406250000000000666e-01,3.026250000000000000e+02,5.852222713361098297e-03,3.338262530966991659e-01,-4.653842553156874451e-01,1.227786874826003460e+00
8.409722222222222321e-01,3.027500000000000000e+02,5.691771284183675707e-03,3.342534846953028604e-01,-4.588163322208937966e-01,1.233081638946841085e+00
8.413194444444445086e-01,3.028750000000000000e+02,5.533600001380226292e-03,3.346825698592773568e-01,-4.522506473265033855e-01,1.238463397845050107e+00
8.416666666666666741e-01,3.030000000000000000e+02,5.377708051189556207e-03,3.351135387806846166e-01,-4.456874115532293845e-01,1.243932067154459808e+00
8.420138888888889506e-01,3.031250000000000000e+02,5.224094546556820942e-03,3.355464216211576645e-01,-4.391268361448755764e-01,1.249487555966056096e+00
8.423611111111111160e-01,3.032500000000000000e+02,5.072758527026216199e-03,3.359812485096272394e-01,-4.325691326476827081e-01,1.255129766825392235e+00
8.427083333333333925e-01,3.033750000000000000e+02,4.923698958638225882e-03,3.364180495400486692e-01,-4.260145128896274391e-01,1.260858595730476539e+00
8.430555555555555580e-01,3.035000000000000000e+02,4.776914733836611429e-03,3.368568547691290216e-01,-4.194631889596828755e-01,1.266673932130091940e+00
8.434027777777778345e-01,3.036250000000000000e+02,4.632404671380431840e-03,3.372976942140523682e-01,-4.129153731870497945e-01,1.272575658922591169e+00
8.437500000000000000e-01,3.037500000000000000e+02,4.490167516264698296e-03,3.377405978502046047e-01,-4.063712781203842606e-01,1.278563652455111610e+00
8.440972222222222765e-01,3.038750000000000000e+02,4.350201939647841895e-03,3.381855956088999915e-01,-3.998311165069540207e-01,1.284637782523277760e+00
8.444444444444444420e-01,3.040000000000000000e+02,4.212506538786146316e-03,3.386327173751050301e-01,-3.932951012718166051e-01,1.290797912371329570e+00
8.447916666666667185e-01,3.041250000000000000e+02,4.077079836975721315e-03,3.390819929851640602e-01,-3.867634454969485769e-01,1.297043898692723296e+00
8.451388888888888840e-01,3.042500000000000000e+02,3.943920283501910380e-03,3.395334522245253006e-01,-3.802363624003536335e-01,1.303375591631173336e+00
8.454861111111111605e-01,3.043750000000000000e+02,3.813026253594883116e-03,3.399871248254670020e-01,-3.737140653151521663e-01,1.309792834782161242e+00
8.458333333333333259e-01,3.045000000000000000e+02,3.684396048394596428e-03,3.404430404648229325e-01,-3.671967676686785365e-01,1.316295465194877945e+00
8.461805555555556024e-01,3.046250000000000000e+02,3.558027894920212653e-03,3.409012287617115833e-01,-3.606846829615187877e-01,1.322883313374650927e+00
8.465277777777777679e-01,3.047500000000000000e+02,3.433919946049620274e-03,3.413617192752623208e-01,-3.541780247465851628e-01,1.329556203285793714e+00
8.468750000000000444e-01,3.048750000000000000e+02,3.312070280504039125e-03,3.418245415023470346e-01,-3.476770066081267263e-01,1.336313952354941215e+00
8.472222222222222099e-01,3.050000000000000000e+02,3.192476902841261902e-03,3.422897248753086763e-01,-3.411818421407807334e-01,1.343156371474807598e+00
8.475694444444444864e-01,3.051250000000000000e+02,3.075137743455290743e-03,3.427572987596944065e-01,-3.346927449285859169e-01,1.350083265008434008e+00
8.479166666666666519e-01,3.052500000000000000e+02,2.960050658584242357e-03,3.432272924519890744e-01,-3.282099285239921116e-01,1.357094430793857720e+00
8.482638888888889284e-01,3.053750000000000000e+02,2.847213430324018520e-03,3.436997351773506404e-01,-3.217336064268677132e-01,1.364189660149270233e+00
8.486111111111110938e-01,3.055000000000000000e+02,2.736623766651505828e-03,3.441746560873462091e-01,-3.152639920635297854e-01,1.371368737878593924e+00
8.489583333333333703e-01,3.056250000000000000e+02,2.628279301452541607e-03,3.446520842576929478e-01,-3.088012987657228203e-01,1.378631442277549191e+00
8.493055555555555358e-01,3.057500000000000000e+02,2.522177594558834904e-03,3.451320486859975056e-01,-3.023457397496629451e-01,1.385977545140151701e+00
8.496527777777778123e-01,3.058750000000000000e+02,2.418316131792220582e-03,3.456145782895009844e-01,-2.958975280950269515e-01,1.393406811765673270e+00
8.499999999999999778e-01,3.060000000000000000e+02,2.316692325014883033e-03,3.460997019028244082e-01,-2.894568767239871776e-01,1.400919000966054373e+00
8.503472222222222543e-01,3.061250000000000000e+02,2.217303512188323333e-03,3.465874482757184682e-01,-2.830239983802274040e-01,1.408513865073789617e+00
8.506944444444445308e-01,3.062500000000000568e+02,2.120146957438512423e-03,3.470778460708137669e-01,-2.765991056079958321e-01,1.416191149950231543e+00
8.510416666666666963e-01,3.063750000000000000e+02,2.025219851129154112e-03,3.475709238613761687e-01,-2.701824107311478484e-01,1.423950594994376484e+00
8.513888888888889728e-01,3.065000000000000568e+02,1.932519309941499929e-03,3.480667101290652599e-01,-2.637741258321919524e-01,1.431791933152104956e+00
8.517361111111111382e-01,3.066250000000000000e+02,1.842042376962384166e-03,3.485652332616936966e-01,-2.573744627313993560e-01,1.439714890925849033e+00
8.520833333333334147e-01,3.067500000000000568e+02,1.753786021777914992e-03,3.490665215509928254e-01,-2.509836329658692855e-01,1.447719188384756439e+00
8.524305555555555802e-01,3.068750000000000000e+02,1.667747140576382806e-03,3.495706031903805799e-01,-2.446018477686614512e-01,1.455804539175254098e+00
8.527777777777778567e-01,3.070000000000000000e+02,1.583922556257086811e-03,3.500775062727327636e-01,-2.382293180479198025e-01,1.463970650532107731e+00
8.531250000000000222e-01,3.071250000000000000e+02,1.502309018546441359e-03,3.505872587881590507e-01,-2.318662543660346687e-01,1.472217223289912225e+00
8.534722222222222987e-01,3.072500000000000000e+02,1.422903204122407880e-03,3.510998886217835402e-01,-2.255128669188162238e-01,1.480543951895049837e+00
8.538194444444444642e-01,3.073750000000000000e+02,1.345701716744427843e-03,3.516154235515270288e-01,-2.191693655147196884e-01,1.488950524418064525e+00
8.541666666666667407e-01,3.075000000000000000e+02,1.270701087392518518e-03,3.521338912458974457e-01,-2.128359595540535998e-01,1.497436622566532982e+00
8.545138888888889062e-01,3.076250000000000000e+02,1.197897774411817509e-03,3.526553192617811749e-01,-2.065128580082748466e-01,1.506001921698343127e+00
8.548611111111111827e-01,3.077500000000000000e+02,1.127288163665450928e-03,3.531797350422410942e-01,-2.002002693992770699e-01,1.514646090835462200e+00
8.552083333333333481e-01,3.078750000000000000e+02,1.058868568694161559e-03,3.537071659143190550e-01,-1.938984017787211134e-01,1.523368792678108985e+00
8.555555555555556246e-01,3.080000000000000000e+02,9.926352308831610724e-04,3.542376390868446911e-01,-1.876074627073883172e-01,1.532169683619414746e+00
8.559027777777777901e-01,3.081250000000000000e+02,9.285843196361576960e-04,3.547711816482455593e-01,-1.813276592346202143e-01,1.541048413760498281e+00
8.562500000000000666e-01,3.082500000000000000e+02,8.667119325565076455e-04,3.553078205643673271e-01,-1.750591978777356061e-01,1.550004626926025919e+00
8.565972222222222321e-01,3.083750000000000000e+02,8.070140956354870465e-04,3.558475826762955152e-01,-1.688022846015356238e-01,1.559037960680162760e+00
8.569444444444445086e-01,3.085000000000000000e+02,7.494867634476353509e-04,3.563904946981866773e-01,-1.625571247978057632e-01,1.568148046343025737e+00
8.572916666666666741e-01,3.086250000000000000e+02,6.941258193533252855e-04,3.569365832150998563e-01,-1.563239232649426547e-01,1.577334509007531027e+00
8.576388888888889506e-01,3.087500000000000000e+02,6.409270757084552499e-04,3.574858746808412535e-01,-1.501028841875180486e-01,1.586596967556739513e+00
8.579861111111111160e-01,3.088750000000000000e+02,5.898862740810024378e-04,3.580383954158081750e-01,-1.438942111159916271e-01,1.595935034681579268e+00
8.583333333333333925e-01,3.090000000000000000e+02,5.409990854745935643e-04,3.585941716048442474e-01,-1.376981069464008334e-01,1.605348316899066763e+00
8.586805555555555580e-01,3.091250000000000000e+02,4.942611105595647210e-04,3.591532292950967431e-01,-1.315147739001686911e-01,1.614836414570926637e+00
8.590277777777778345e-01,3.092500000000000000e+02,4.496678799104103248e-04,3.597155943938846745e-01,-1.253444135039010476e-01,1.624398921922693084e+00
8.593750000000000000e-01,3.093750000000000000e+02,4.072148542506161348e-04,3.602812926665702187e-01,-1.191872265692895116e-01,1.634035427063192936e+00
8.597222222222222765e-01,3.095000000000000000e+02,3.668974247045105270e-04,3.608503497344384692e-01,-1.130434131730536085e-01,1.643745512004530340e+00
8.600694444444444420e-01,3.096250000000000000e+02,3.287109130556616380e-04,3.614227910725845705e-01,-1.069131726369329100e-01,1.653528752682449143e+00
8.604166666666667185e-01,3.097500000000000000e+02,2.926505720128684258e-04,3.619986420078078471e-01,-1.007967035077449308e-01,1.663384718977175103e+00
8.607638888888888840e-01,3.098750000000000000e+02,2.587115854824884563e-04,3.625779277165111503e-01,-9.469420353753681130e-02,1.673312974734658010e+00
8.611111111111111605e-01,3.100000000000000000e+02,2.268890688474172444e-04,3.631606732226114742e-01,-8.860586966375214035e-02,1.683313077788284096e+00
8.614583333333333259e-01,3.101250000000000000e+02,1.971780692542890456e-04,3.637469033954540132e-01,-8.253189798950935629e-02,1.693384579980970361e+00
8.618055555555556024e-01,3.102500000000000000e+02,1.695735659059677139e-04,3.643366429477387092e-01,-7.647248376390035352e-02,1.703527027187736964e+00
8.621527777777777679e-01,3.103750000000000000e+02,1.440704703612121591e-04,3.649299164334482981e-01,-7.042782136243450064e-02,1.713739959338670626e+00
8.625000000000000444e-01,3.105000000000000000e+02,1.206636268420401681e-04,3.655267482457921213e-01,-6.439810426745995464e-02,1.724022910442361889e+00
8.628472222222222099e-01,3.106250000000000000e+02,9.934781254721986618e-05,3.661271626151511027e-01,-5.838352504874379928e-02,1.734375408609702074e+00
8.631944444444444864e-01,3.107500000000000000e+02,8.011773797194064208e-05,3.667311836070366593e-01,-5.238427534406202984e-02,1.744796976078173856e+00
8.635416666666666519e-01,3.108750000000000000e+02,6.296804723513046379e-05,3.673388351200529978e-01,-4.640054583992893333e-02,1.755287129236511312e+00
8.638888888888889284e-01,3.110000000000000000e+02,4.789331841305748046e-05,3.679501408838730669e-01,-4.043252625234571712e-02,1.765845378649834485e+00
8.642361111111110938e-01,3.111250000000000000e+02,3.488806387973994650e-05,3.685651244572190621e-01,-3.448040530767736839e-02,1.776471229085138548e+00
8.645833333333333703e-01,3.112500000000000000e+02,2.394673065374533215e-05,3.691838092258546422e-01,-2.854437072358222832e-02,1.787164179537265252e+00
8.649305555555555358e-01,3.113750000000000000e+02,1.506370075158815273e-05,3.698062184005848074e-01,-2.262460919004402951e-02,1.797923723255249406e+00
8.652777777777778123e-01,3.115000000000000000e+02,8.233291548407329521e-06,3.704323750152663242e-01,-1.672130635047348532e-02,1.808749347769123661e+00
8.656249999999999778e-01,3.116250000000000000e+02,3.449756143775895130e-06,3.710623019248251442e-01,-1.083464678292161455e-02,1.819640534917071673e+00
8.659722222222222543e-01,3.117500000000000000e+02,7.072837357852655715e-07,3.716960218032868135e-01,-4.964813981346065386e-03,1.830596760873069773e+00
8.663194444444445308e-01,3.118750000000000568e+02,0.000000000000000000e+00,3.723335571418126544e-01,8.880096629814728231e-04,1.841617496174880575e+00
8.666666666666666963e-01,3.120000000000000000e+02,1.321967475796833193e-06,3.729749302467489924e-01,6.723642880024790179e-03,1.852702205752488673e+00
8.670138888888889728e-01,3.121250000000000568e+02,4.667185958831086772e-06,3.736201632376840998e-01,1.254190553939844160e-02,1.863850348956944236e+00
8.673611111111111382e-01,3.122500000000000000e+02,1.002959290015416566e-05,3.742692780455166290e-01,1.834261866871614646e-02,1.875061379589582078e+00
8.677083333333334147e-01,3.123750000000000568e+02,1.740306381130132137e-05,3.749222964105346501e-01,2.412560447183545800e-02,1.886334745931684376e+00
8.680555555555555802e-01,3.125000000000000000e+02,2.678141267592575646e-05,3.755792398805018473e-01,2.989068634697123264e-02,1.897669890774514867e+00
8.684027777777778567e-01,3.126250000000000000e+02,3.815839236729825509e-05,3.762401298087591495e-01,3.563768890475792900e-02,1.909066251449786700e+00
8.687500000000000222e-01,3.127500000000000000e+02,5.152769507287687602e-05,3.769049873523321326e-01,4.136643798616397583e-02,1.920523259860479115e+00
8.690972222222222987e-01,3.128750000000000000e+02,6.688295272463738283e-05,3.775738334700533549e-01,4.707676068034537253e-02,1.932040342512110653e+00
8.694444444444444642e-01,3.130000000000000000e+02,8.421773743495504332e-05,3.782466889206924088e-01,5.276848534234532956e-02,1.943616920544352533e+00
8.697916666666667407e-01,3.131250000000000000e+02,1.035255619396088274e-04,3.789235742610986835e-01,5.844144161071645333e-02,1.955252409763085675e+00
8.701388888888889062e-01,3.132500000000000000e+02,1.247998800467558015e-04,3.796045098443549537e-01,6.409546042503545815e-02,1.966946220672796342e+00
8.704861111111111827e-01,3.133750000000000000e+02,1.480340870910903201e-04,3.802895158179432356e-01,6.973037404329461564e-02,1.978697758509422755e+00
8.708333333333333481e-01,3.135000000000000000e+02,1.732215203953874950e-04,3.809786121219193578e-01,7.534601605918286871e-02,1.990506423273503689e+00
8.711805555555556246e-01,3.136250000000000000e+02,2.003554597362885775e-04,3.816718184871027986e-01,8.094222141925425107e-02,2.002371609763823557e+00
8.715277777777777901e-01,3.137500000000000000e+02,2.294291278178897512e-04,3.823691544332750714e-01,8.651882643998179412e-02,2.014292707611325728e+00
8.718750000000000666e-01,3.138750000000000000e+02,2.604356907499393394e-04,3.830706392673915994e-01,9.207566882468663783e-02,2.026269101313499466e+00
8.722222222222222321e-01,3.140000000000000000e+02,2.933682585321102849e-04,3.837762920818053591e-01,9.761258768036394640e-02,2.038300170269077061e+00
8.725694444444445086e-01,3.141250000000000000e+02,3.282198855452901826e-04,3.844861317525037903e-01,1.031294235343869631e-01,2.050385288813159068e+00
8.729166666666666741e-01,3.142500000000000000e+02,3.649835710461179833e-04,3.852001769373540330e-01,1.086260183510548011e-01,2.062523826252673498e+00
8.732638888888889506e-01,3.143750000000000000e+02,4.036522596700579208e-04,3.859184460743661504e-01,1.141022155480714562e-01,2.074715146902251561e+00
8.736111111111111160e-01,3.145000000000000000e+02,4.442188419380336899e-04,3.866409573799633459e-01,1.195578600128498481e-01,2.086958610120414725e+00
8.739583333333333925e-01,3.146250000000000000e+02,4.866761547703429315e-04,3.873677288472702207e-01,1.249927981187355791e-01,2.099253570346185871e+00
8.743055555555555580e-01,3.147500000000000000e+02,5.310169820051276451e-04,3.880987782444084155e-01,1.304068777410565538e-01,2.111599377136023747e+00
8.746527777777778345e-01,3.148750000000000000e+02,5.772340549216101570e-04,3.888341231128089048e-01,1.357999482730713470e-01,2.123995375201164215e+00
8.750000000000000000e-01,3.150000000000000000e+02,6.253200527716040995e-04,3.895737807655361151e-01,1.411718606417890209e-01,2.136440904445263911e+00
8.753472222222222765e-01,3.151250000000000000e+02,6.752676033139578312e-04,3.903177682856261432e-01,1.465224673236507347e-01,2.148935300002461801e+00
8.756944444444444420e-01,3.152500000000000000e+02,7.270692833553872234e-04,3.910661025244350775e-01,1.518516223600585302e-01,2.161477892275743162e+00
8.760416666666667185e-01,3.153750000000000000e+02,7.807176192959170650e-04,3.918188001000053600e-01,1.571591813728035192e-01,2.174068006975719225e+00
8.763888888888888840e-01,3.155000000000000000e+02,8.362050876813922244e-04,3.925758773954413083e-01,1.624450015793307278e-01,2.186704965159680825e+00
8.767361111111111605e-01,3.156250000000000000e+02,8.935241157593412729e-04,3.933373505573016238e-01,1.677089418078781258e-01,2.199388083271065497e+00
8.770833333333333259e-01,3.157500000000000000e+02,9.526670820412285520e-04,3.941032354940031124e-01,1.729508625124731858e-01,2.212116673179233217e+00
8.774305555555556024e-01,3.158750000000000000e+02,1.013626316869419919e-03,3.948735478742410598e-01,1.781706257877947452e-01,2.224890042219624053e+00
8.777777777777777679e-01,3.160000000000000000e+02,1.076394102989333473e-03,3.956483031254196536e-01,1.833680953838736638e-01,2.237707493234191602e+00
8.781250000000000444e-01,3.161250000000000000e+02,1.140962676127088267e-03,3.964275164321015010e-01,1.885431367206855113e-01,2.250568324612243654e+00
8.784722222222222099e-01,3.162500000000000000e+02,1.207324225571868330e-03,3.972112027344659180e-01,1.936956169025511043e-01,2.263471830331567958e+00
8.788194444444444864e-01,3.163750000000000000e+02,1.275470894762159666e-03,3.979993767267868687e-01,1.988254047324366780e-01,2.276417299999942578e+00
8.791666666666666519e-01,3.165000000000000000e+02,1.345394781879739312e-03,3.987920528559211197e-01,2.039323707260753404e-01,2.289404018896906479e+00
8.795138888888889284e-01,3.166250000000000000e+02,1.417087940445603154e-03,3.995892453198132133e-01,2.090163871259554107e-01,2.302431268015918686e+00
8.798611111111110938e-01,3.167500000000000000e+02,1.490542379922176483e-03,4.003909680660144299e-01,2.140773279151514386e-01,2.315498324106813666e+00
8.802083333333333703e-01,3.168750000000000000e+02,1.565750066320552867e-03,4.011972347902181824e-01,2.191150688310145311e-01,2.328604459718604414e+00
8.805555555555555358e-01,3.170000000000000000e+02,1.642702922810979982e-03,4.020080589348061229e-01,2.241294873786885689e-01,2.341748943242546677e+00
8.809027777777778123e-01,3.171250000000000000e+02,1.721392830339996604e-03,4.028234536874147897e-01,2.291204628444993285e-01,2.354931038955608180e+00
8.812500000000000888e-01,3.172500000000000568e+02,1.801811628251288400e-03,4.036434319795126902e-01,2.340878763091710224e-01,2.368150007064146134e+00
8.815972222222222543e-01,3.173750000000000000e+02,1.883951114909841436e-03,4.044680064849953682e-01,2.390316106608885161e-01,2.381405103747995966e+00
8.819444444444445308e-01,3.175000000000000568e+02,1.967803048332487058e-03,4.052971896187945178e-01,2.439515506082022833e-01,2.394695581204816737e+00
8.822916666666666963e-01,3.176250000000000000e+02,2.053359146822425138e-03,4.061309935355035816e-01,2.488475826927849521e-01,2.408020687694724327e+00
8.826388888888889728e-01,3.177500000000000568e+02,2.140611089607781427e-03,4.069694301280187276e-01,2.537195953020194295e-01,2.421379667585291440e+00
8.829861111111111382e-01,3.178750000000000000e+02,2.229550517484353827e-03,4.078125110261932029e-01,2.585674786814142201e-01,2.434771761396761214e+00
8.833333333333334147e-01,3.180000000000000568e+02,2.320169033463331462e-03,4.086602475955121716e-01,2.633911249468889881e-01,2.448196205847641860e+00
8.836805555555555802e-01,3.181250000000000000e+02,2.412458203422214974e-03,4.095126509357777111e-01,2.681904280968546161e-01,2.461652233900525566e+00
8.840277777777778567e-01,3.182500000000000000e+02,2.506409556761490017e-03,4.103697318798157356e-01,2.729652840241699185e-01,2.475139074808266670e+00
8.843750000000000222e-01,3.183750000000000000e+02,2.602014587063190311e-03,4.112315009921916342e-01,2.777155905278885784e-01,2.488655954160354344e+00
8.847222222222222987e-01,3.185000000000000000e+02,2.699264752756321082e-03,4.120979685679519444e-01,2.824412473248988364e-01,2.502202093929677851e+00
8.850694444444444642e-01,3.186250000000000000e+02,2.798151477783590059e-03,4.129691446313716319e-01,2.871421560613287016e-01,2.515776712519476543e+00
8.854166666666667407e-01,3.187500000000000000e+02,2.898666152273640141e-03,4.138450389347266278e-01,2.918182203238329220e-01,2.529379024810653132e+00
8.857638888888889062e-01,3.188750000000000000e+02,3.000800133216577174e-03,4.147256609570758590e-01,2.964693456506785618e-01,2.543008242209273906e+00
8.861111111111111827e-01,3.190000000000000000e+02,3.104544745144163700e-03,4.156110199030661478e-01,3.010954395426883035e-01,2.556663572694424680e+00
8.864583333333333481e-01,3.191250000000000000e+02,3.209891280812679840e-03,4.165011247017478824e-01,3.056964114739795790e-01,2.570344220866269236e+00
8.868055555555556246e-01,3.192500000000000000e+02,3.316831001889137404e-03,4.173959840054117243e-01,3.102721729025479380e-01,2.584049387994429292e+00
8.871527777777777901e-01,3.193750000000000000e+02,3.425355139643307487e-03,4.182956061884396948e-01,3.148226372806840478e-01,2.597778272066571859e+00
8.875000000000000666e-01,3.195000000000000000e+02,3.535454895641737365e-03,4.191999993461759666e-01,3.193477200652083403e-01,2.611530067837306568e+00
8.878472222222222321e-01,3.196250000000000000e+02,3.647121442444490463e-03,4.201091712938097578e-01,3.238473387275094817e-01,2.625303966877295725e+00
8.881944444444445086e-01,3.197500000000000000e+02,3.760345924307334671e-03,4.210231295652814287e-01,3.283214127634435653e-01,2.639099157622669445e+00
8.885416666666666741e-01,3.198750000000000000e+02,3.875119457886180147e-03,4.219418814122005146e-01,3.327698637030238049e-01,2.652914825424617096e+00
8.888888888888889506e-01,3.200000000000000000e+02,3.991433132944712490e-03,4.228654338027840187e-01,3.371926151199477473e-01,2.666750152599296264e+00
8.892361111111111160e-01,3.201250000000000000e+02,4.109278013066167135e-03,4.237937934208111934e-01,3.415895926409380223e-01,2.680604318477936232e+00
8.895833333333333925e-01,3.202500000000000000e+02,4.228645136367188001e-03,4.247269666645969166e-01,3.459607239549095103e-01,2.694476499457235441e+00
8.899305555555555580e-01,3.203750000000000000e+02,4.349525516215682099e-03,4.256649596459790019e-01,3.503059388219405546e-01,2.708365869049906394e+00
8.902777777777778345e-01,3.205000000000000000e+02,4.471910141952219891e-03,4.266077781893288789e-01,3.546251690820849678e-01,2.722271597935550957e+00
8.906250000000000000e-01,3.206250000000000000e+02,4.595789979612073181e-03,4.275554278305732647e-01,3.589183486639681009e-01,2.736192854011693765e+00
8.909722222222222765e-01,3.207500000000000000e+02,4.721155972653693148e-03,4.285079138162403711e-01,3.631854135932342520e-01,2.750128802445100717e+00
8.913194444444444420e-01,3.208750000000000000e+02,4.847999042687187524e-03,4.294652411025182692e-01,3.674263020007829117e-01,2.764078605723247151e+00
8.916666666666667185e-01,3.210000000000000000e+02,4.976310090206564722e-03,4.304274143543344033e-01,3.716409541308262621e-01,2.778041423706091528e+00
8.920138888888888840e-01,3.211250000000000000e+02,5.106079995326229769e-03,4.313944379444522026e-01,3.758293123487723708e-01,2.792016413677969044e+00
8.923611111111111605e-01,3.212500000000000000e+02,5.237299618517207017e-03,4.323663159525866218e-01,3.799913211489036047e-01,2.806002730399815626e+00
8.927083333333333259e-01,3.213750000000000000e+02,5.369959801348713618e-03,4.333430521645352806e-01,3.841269271618716341e-01,2.819999526161469205e+00
8.930555555555556024e-01,3.215000000000000000e+02,5.504051367230981991e-03,4.343246500713318081e-01,3.882360791620151352e-01,2.834005950834298293e+00
8.934027777777777679e-01,3.216250000000000000e+02,5.639565122160449320e-03,4.353111128684128972e-01,3.923187280744669936e-01,2.848021151923930905e+00
8.937500000000000444e-01,3.217500000000000000e+02,5.776491855468236097e-03,4.363024434548075647e-01,3.963748269820921988e-01,2.862044274623255280e+00
8.940972222222222099e-01,3.218750000000000000e+02,5.914822340570461724e-03,4.372986444323428423e-01,4.004043311322200704e-01,2.876074461865571585e+00
8.944444444444444864e-01,3.220000000000000000e+02,6.054547335720812662e-03,4.382997181048693958e-01,4.044071979431942965e-01,2.890110854377982985e+00
8.947916666666666519e-01,3.221250000000000000e+02,6.195657584765104642e-03,4.393056664775026876e-01,4.083833870107207997e-01,2.904152590734897732e+00
8.951388888888889284e-01,3.222500000000000000e+02,6.338143817899759280e-03,4.403164912558875099e-01,4.123328601140359151e-01,2.918198807411795936e+00
8.954861111111110938e-01,3.223750000000000000e+02,6.481996752428990059e-03,4.413321938454756732e-01,4.162555812218629026e-01,2.932248638839118460e+00
8.958333333333333703e-01,3.225000000000000000e+02,6.627207093527836060e-03,4.423527753508282867e-01,4.201515164981935446e-01,2.946301217456389399e+00
8.961805555555555358e-01,3.226250000000000000e+02,6.773765535004163535e-03,4.433782365749311949e-01,4.240206343078586904e-01,2.960355673766441154e+00
8.965277777777778123e-01,3.227500000000000000e+02,6.921662760064581886e-03,4.444085780185337842e-01,4.278629052219166673e-01,2.974411136389865096e+00
8.968750000000000888e-01,3.228750000000000568e+02,7.070889442081102101e-03,4.454437998795038878e-01,4.316783020228319168e-01,2.988466732119616776e+00
8.972222222222222543e-01,3.230000000000000000e+02,7.221436245359575019e-03,4.464839020522028412e-01,4.354667997094712195e-01,3.002521585975759688e+00
8.975694444444445308e-01,3.231250000000000568e+02,7.373293825910740354e-03,4.475288841268807993e-01,4.392283755018936975e-01,3.016574821260417760e+00
8.979166666666666963e-01,3.232500000000000000e+02,7.526452832221600109e-03,4.485787453890872634e-01,4.429630088459415860e-01,3.030625559612808662e+00
8.982638888888889728e-01,3.233750000000000568e+02,7.680903906029770516e-03,4.496334848191061995e-01,4.466706814176460427e-01,3.044672921064506266e+00
8.986111111111111382e-01,3.235000000000000000e+02,7.836637683097837440e-03,4.506931010914042579e-01,4.503513771274149646e-01,3.058716024094789709e+00
8.989583333333334147e-01,3.236250000000000568e+02,7.993644793990221931e-03,4.517575925741038612e-01,4.540050821240333989e-01,3.072753985686189182e+00
8.993055555555555802e-01,3.237500000000000000e+02,8.151915864850782165e-03,4.528269573284719463e-01,4.576317847984668896e-01,3.086785921380115649e+00
8.996527777777778567e-01,3.238750000000000000e+02,8.311441518183346200e-03,4.539011931084306894e-01,4.612314757874660387e-01,3.100810945332682422e+00
9.000000000000000222e-01,3.240000000000000000e+02,8.472212373629842141e-03,4.549802973600833855e-01,4.648041479769478568e-01,3.114828170370609328e+00
9.003472222222222987e-01,3.241250000000000000e+02,8.634219048753546608e-03,4.560642672212664173e-01,4.683497965052136336e-01,3.128836708047312953e+00
9.006944444444444642e-01,3.242500000000000000e+02,8.797452159820511736e-03,4.571530995211129933e-01,4.718684187659283880e-01,3.142835668699049734e+00
9.010416666666667407e-01,3.243750000000000000e+02,8.961902322584817254e-03,4.582467907796438644e-01,4.753600144109340619e-01,3.156824161501253112e+00
9.013888888888889062e-01,3.245000000000000000e+02,9.127560153071454657e-03,4.593453372073707519e-01,4.788245853528281248e-01,3.170801294524929759e+00
9.017361111111111827e-01,3.246250000000000000e+02,9.294416268362097958e-03,4.604487347049250889e-01,4.822621357673594344e-01,3.184766174793223215e+00
9.020833333333333481e-01,3.247500000000000000e+02,9.462461287381823336e-03,4.615569788627024161e-01,4.856726720956188736e-01,3.198717908338028604e+00
9.024305555555556246e-01,3.248750000000000000e+02,9.631685831686076851e-03,4.626700649605304805e-01,4.890562030460307574e-01,3.212655600256770771e+00
9.027777777777777901e-01,3.250000000000000000e+02,9.802080526247551953e-03,4.637879879673506567e-01,4.924127395961218623e-01,3.226578354769233492e+00
9.031250000000000666e-01,3.251250000000000000e+02,9.973636000244990793e-03,4.649107425409276795e-01,4.957422949941146517e-01,3.240485275274547217e+00
9.034722222222222321e-01,3.252500000000000000e+02,1.014634288785157962e-02,4.660383230275707001e-01,4.990448847602940718e-01,3.254375464408191032e+00
9.038194444444445086e-01,3.253750000000000000e+02,1.032019182902390794e-02,4.671707234618803217e-01,5.023205266881838327e-01,3.268248024099174032e+00
9.041666666666666741e-01,3.255000000000000000e+02,1.049517347029167540e-02,4.683079375665117894e-01,5.055692408455116915e-01,3.282102055627225123e+00
9.045138888888889506e-01,3.256250000000000000e+02,1.067127846554795888e-02,4.694499587519618267e-01,5.087910495749821127e-01,3.295936659680127612e+00
9.048611111111111160e-01,3.257500000000000000e+02,1.084849747683854643e-02,4.705967801163698505e-01,5.119859774948221087e-01,3.309750936411079092e+00
9.052083333333333925e-01,3.258750000000000000e+02,1.102682117515190255e-02,4.717483944453453870e-01,5.151540514991468367e-01,3.323543985496196118e+00
9.055555555555555580e-01,3.260000000000000000e+02,1.120624024121021772e-02,4.729047942118095871e-01,5.182953007581040383e-01,3.337314906191995334e+00
9.059027777777778345e-01,3.261250000000000000e+02,1.138674536625974842e-02,4.740659715758623882e-01,5.214097567178240800e-01,3.351062797393034476e+00
9.062500000000000000e-01,3.262500000000000000e+02,1.156832725286019263e-02,4.752319183846642203e-01,5.244974531001560525e-01,3.364786757689554264e+00
9.065972222222222765e-01,3.263750000000000000e+02,1.175097661567491188e-02,4.764026261723420808e-01,5.275584259022034761e-01,3.378485885425223767e+00
9.069444444444444420e-01,3.265000000000000000e+02,1.193468418226163383e-02,4.775780861599128735e-01,5.305927133956565012e-01,3.392159278754891982e+00
9.072916666666667185e-01,3.266250000000000000e+02,1.211944069386171850e-02,4.787582892552297298e-01,5.336003561259219374e-01,3.405806035702449108e+00
9.076388888888888840e-01,3.267500000000000000e+02,1.230523690618918857e-02,4.799432260529433170e-01,5.365813969110299064e-01,3.419425254218677601e+00
9.079861111111111605e-01,3.268750000000000000e+02,1.249206359021994700e-02,4.811328868344905696e-01,5.395358808403640793e-01,3.433016032239211146e+00
9.083333333333333259e-01,3.270000000000000000e+02,1.267991153297980643e-02,4.823272615680957442e-01,5.424638552731589902e-01,3.446577467742458545e+00
9.086805555555556024e-01,3.271250000000000000e+02,1.286877153833271802e-02,4.835263399087977865e-01,5.453653698368117198e-01,3.460108658807628856e+00
9.090277777777777679e-01,3.272500000000000000e+02,1.305863442776800977e-02,4.847301111984935740e-01,5.482404764249765305e-01,3.473608703672745435e+00
9.093750000000000444e-01,3.273750000000000000e+02,1.324949104118652334e-02,4.859385644660061954e-01,5.510892291954659905e-01,3.487076700792739015e+00
9.097222222222222099e-01,3.275000000000000000e+02,1.344133223768674903e-02,4.871516884271658854e-01,5.539116845679301626e-01,3.500511748897482178e+00
9.100694444444444864e-01,3.276250000000000000e+02,1.363414889634992355e-02,4.883694714849203811e-01,5.567079012213517197e-01,3.513912947049933511e+00
9.104166666666666519e-01,3.277500000000000000e+02,1.382793191702353687e-02,4.895919017294559361e-01,5.594779400913145739e-01,3.527279394704230242e+00
9.107638888888889284e-01,3.278750000000000000e+02,1.402267222110470564e-02,4.908189669383481446e-01,5.622218643670888749e-01,3.540610191763855941e+00
9.111111111111110938e-01,3.280000000000000000e+02,1.421836075232137987e-02,4.920506545767224793e-01,5.649397394884894119e-01,3.553904438639728269e+00
9.114583333333333703e-01,3.281250000000000000e+02,1.441498847751523753e-02,4.932869517974464157e-01,5.676316331425539374e-01,3.567161236308395988e+00
9.118055555555555358e-01,3.282500000000000000e+02,1.461254638741912512e-02,4.945278454413311597e-01,5.702976152599943394e-01,3.580379686370144920e+00
9.121527777777778123e-01,3.283750000000000000e+02,1.481102549743649500e-02,4.957733220373619631e-01,5.729377580114621837e-01,3.593558891107175857e+00
9.125000000000000888e-01,3.285000000000000568e+02,1.501041684841858403e-02,4.970233678029419844e-01,5.755521358035929902e-01,3.606697953541702528e+00
9.128472222222222543e-01,3.286250000000000000e+02,1.521071150743939955e-02,4.982779686441605183e-01,5.781408252748632126e-01,3.619795977494093986e+00
9.131944444444445308e-01,3.287500000000000568e+02,1.541190056857122057e-02,4.995371101560817650e-01,5.807039052912371657e-01,3.632852067640982341e+00
9.135416666666666963e-01,3.288750000000000000e+02,1.561397515365576041e-02,5.008007776230495312e-01,5.832414569416036754e-01,3.645865329573335867e+00
9.138888888888889728e-01,3.290000000000000568e+02,1.581692641307569716e-02,5.020689560190165768e-01,5.857535635330222146e-01,3.658834869854547645e+00
9.142361111111111382e-01,3.291250000000000000e+02,1.602074552652451092e-02,5.033416300078912275e-01,5.882403105857589853e-01,3.671759796078435389e+00
9.145833333333334147e-01,3.292500000000000568e+02,1.622542370377372603e-02,5.046187839439072453e-01,5.907017858281243816e-01,3.684639216927291017e+00
9.149305555555555802e-01,3.293750000000000000e+02,1.643095218543831268e-02,5.059004018720087981e-01,5.931380791911023964e-01,3.697472242229805861e+00
9.152777777777778567e-01,3.295000000000000000e+02,1.663732224374149180e-02,5.071864675282617974e-01,5.955492828027887375e-01,3.710257983019033645e+00
9.156250000000000222e-01,3.296250000000000000e+02,1.684452518327549456e-02,5.084769643402790029e-01,5.979354909826168907e-01,3.722995551590252639e+00
9.159722222222222987e-01,3.297500000000000000e+02,1.705255234176202353e-02,5.097718754276708841e-01,6.002968002353896715e-01,3.735684061558833147e+00
9.163194444444444642e-01,3.298750000000000000e+02,1.726139509080969539e-02,5.110711836025121357e-01,6.026333092451093831e-01,3.748322627917991312e+00
9.166666666666667407e-01,3.300000000000000000e+02,1.747104483667074118e-02,5.123748713698326185e-01,6.049451188686110203e-01,3.760910367096551354e+00
9.170138888888889062e-01,3.301250000000000000e+02,1.768149302099222137e-02,5.136829209281218445e-01,6.072323321289839759e-01,3.773446397016596787e+00
9.173611111111111827e-01,3.302500000000000000e+02,1.789273112156906584e-02,5.149953141698625503e-01,6.094950542088131140e-01,3.785929837151104760e+00
9.177083333333333481e-01,3.303750000000000000e+02,1.810475065309122625e-02,5.163120326820740402e-01,6.117333924432013514e-01,3.798359808581461827e+00
9.180555555555556246e-01,3.305000000000000000e+02,1.831754316789108855e-02,5.176330577468849503e-01,6.139474563126136042e-01,3.810735434054957071e+00
9.184027777777777901e-01,3.306250000000000000e+02,1.853110025668606997e-02,5.189583703421187799e-01,6.161373574355044624e-01,3.823055838042162424e+00
9.187500000000000666e-01,3.307500000000000000e+02,1.874541354932003634e-02,5.202879511419034042e-01,6.183032095607640111e-01,3.835320146794272578e+00
9.190972222222222321e-01,3.308750000000000000e+02,1.896047471550168714e-02,5.216217805172987942e-01,6.204451285599562604e-01,3.847527488400311224e+00
9.194444444444445086e-01,3.310000000000000000e+02,1.917627546554092483e-02,5.229598385369467195e-01,6.225632324193703937e-01,3.859676992844309318e+00
9.197916666666666741e-01,3.311250000000000000e+02,1.939280755108027318e-02,5.243021049677352163e-01,6.246576412318659566e-01,3.871767792062327906e+00
9.201388888888889506e-01,3.312500000000000000e+02,1.961006276582629229e-02,5.256485592754910341e-01,6.267284771885361927e-01,3.883799019999465418e+00
9.204861111111111160e-01,3.313750000000000000e+02,1.982803294627557764e-02,5.269991806256819622e-01,6.287758645701632121e-01,3.895769812666676213e+00
9.208333333333333925e-01,3.315000000000000000e+02,2.004670997243964206e-02,5.283539478841476900e-01,6.307999297384906390e-01,3.907679308197557155e+00
9.211805555555555580e-01,3.316250000000000000e+02,2.026608576856527011e-02,5.297128396178446552e-01,6.328008011272958644e-01,3.919526646904993861e+00
9.215277777777778345e-01,3.317500000000000000e+02,2.048615230385309252e-02,5.310758340956149848e-01,6.347786092332778907e-01,3.931310971337723004e+00
9.218750000000000000e-01,3.318750000000000000e+02,2.070690159317149781e-02,5.324429092889688686e-01,6.367334866067408949e-01,3.943031426336727652e+00
9.222222222222222765e-01,3.320000000000000000e+02,2.092832569776899992e-02,5.338140428728944675e-01,6.386655678421009341e-01,3.954687159091585968e+00
9.225694444444444420e-01,3.321250000000000000e+02,2.115041672598112418e-02,5.351892122266791452e-01,6.405749895681904782e-01,3.966277319196625850e+00
9.229166666666667185e-01,3.322500000000000000e+02,2.137316683393641545e-02,5.365683944347579004e-01,6.424618904383833096e-01,3.977801058707032045e+00
9.232638888888888840e-01,3.323750000000000000e+02,2.159656822625627415e-02,5.379515662875745674e-01,6.443264111205206923e-01,3.989257532194735667e+00
9.236111111111111605e-01,3.325000000000000000e+02,2.182061315675364044e-02,5.393387042824669964e-01,6.461686942866572414e-01,4.000645896804241097e+00
9.239583333333333259e-01,3.326250000000000000e+02,2.204529392912699115e-02,5.407297846245686657e-01,6.479888846026143900e-01,4.011965312308279685e+00
9.243055555555556024e-01,3.327500000000000000e+02,2.227060289765050646e-02,5.421247832277340528e-01,6.497871287173533350e-01,4.023214941163346658e+00
9.246527777777777679e-01,3.328750000000000000e+02,2.249653246786069080e-02,5.435236757154751075e-01,6.515635752521524715e-01,4.034393948565047516e+00
9.250000000000000444e-01,3.330000000000000000e+02,2.272307509723969429e-02,5.449264374219272566e-01,6.533183747896108562e-01,4.045501502503360491e+00
9.253472222222222099e-01,3.331250000000000000e+02,2.295022329589411353e-02,5.463330433928249574e-01,6.550516798624569370e-01,4.056536773817684960e+00
9.256944444444444864e-01,3.332500000000000000e+02,2.317796962723019452e-02,5.477434683865026743e-01,6.567636449421832001e-01,4.067498936251767283e+00
9.260416666666666519e-01,3.333750000000000000e+02,2.340630670862507007e-02,5.491576868749118434e-01,6.584544264274913017e-01,4.078387166508456119e+00
9.263888888888889284e-01,3.335000000000000000e+02,2.363522721209380603e-02,5.505756730446607072e-01,6.601241826325628947e-01,4.089200644304320953e+00
9.267361111111110938e-01,3.336250000000000000e+02,2.386472386495246817e-02,5.519974007980652519e-01,6.617730737751407188e-01,4.099938552424032601e+00
9.270833333333333703e-01,3.337500000000000000e+02,2.409478945047731011e-02,5.534228437542288992e-01,6.634012619644358288e-01,4.110600076774652223e+00
9.274305555555555358e-01,3.338750000000000000e+02,2.432541680855894450e-02,5.548519752501315239e-01,6.650089111888565219e-01,4.121184406439687642e+00
9.277777777777778123e-01,3.340000000000000000e+02,2.455659883635251742e-02,5.562847683417467826e-01,6.665961873035581853e-01,4.131690733733021759e+00
9.281250000000000888e-01,3.341250000000000568e+02,2.478832848892485383e-02,5.577211958051686569e-01,6.681632580178121783e-01,4.142118254252594944e+00
9.284722222222222543e-01,3.342500000000000000e+02,2.502059877989380732e-02,5.591612301377616445e-01,6.697102928822031842e-01,4.152466166933943548e+00
9.288194444444445308e-01,3.343750000000000568e+02,2.525340278206832795e-02,5.606048435593325996e-01,6.712374632756548110e-01,4.162733674103557213e+00
9.291666666666666963e-01,3.345000000000000000e+02,2.548673362807874626e-02,5.620520080133126761e-01,6.727449423922694516e-01,4.172919981531998168e+00
9.295138888888889728e-01,3.346250000000000568e+02,2.572058451100501381e-02,5.635026951679666940e-01,6.742329052280113810e-01,4.183024298486877512e+00
9.298611111111111382e-01,3.347500000000000000e+02,2.595494868500122440e-02,5.649568764176118307e-01,6.757015285672003380e-01,4.193045837785565944e+00
9.302083333333334147e-01,3.348750000000000568e+02,2.618981946591312018e-02,5.664145228838641799e-01,6.771509909688492312e-01,4.202983815847763260e+00
9.305555555555555802e-01,3.350000000000000000e+02,2.642519023189233984e-02,5.678756054168945244e-01,6.785814727528232115e-01,4.212837452747808520e+00
9.309027777777778567e-01,3.351250000000000000e+02,2.666105442400466125e-02,5.693400945967094229e-01,6.799931559858343189e-01,4.222605972266823215e+00
9.312500000000000222e-01,3.352500000000000000e+02,2.689740554683509033e-02,5.708079607344446194e-01,6.813862244672641566e-01,4.232288601944588891e+00
9.315972222222222987e-01,3.353750000000000000e+02,2.713423716908697908e-02,5.722791738736824341e-01,6.827608637148231407e-01,4.241884573131252445e+00
9.319444444444444642e-01,3.355000000000000000e+02,2.737154292417534260e-02,5.737537037917798122e-01,6.841172609500447699e-01,4.251393121038764988e+00
9.322916666666667407e-01,3.356250000000000000e+02,2.760931651081648466e-02,5.752315200012222407e-01,6.854556050836158043e-01,4.260813484792145722e+00
9.326388888888889062e-01,3.357500000000000000e+02,2.784755169361142688e-02,5.767125917509873245e-01,6.867760867005381353e-01,4.270144907480452723e+00
9.329861111111111827e-01,3.358750000000000000e+02,2.808624230362627081e-02,5.781968880279341194e-01,6.880788980451346681e-01,4.279386636207577865e+00
9.333333333333333481e-01,3.360000000000000000e+02,2.832538223896273119e-02,5.796843775582002367e-01,6.893642330058918910e-01,4.288537922142754866e+00
9.336805555555556246e-01,3.361250000000000000e+02,2.856496546532938732e-02,5.811750288086295901e-01,6.906322871001451258e-01,4.297598020570886135e+00
9.340277777777777901e-01,3.362500000000000000e+02,2.880498601660283833e-02,5.826688099882033622e-01,6.918832574585984663e-01,4.306566190942548999e+00
9.343750000000000666e-01,3.363750000000000000e+02,2.904543799538619742e-02,5.841656890495002807e-01,6.931173428096958355e-01,4.315441696923825177e+00
9.347222222222222321e-01,3.365000000000000000e+02,2.928631557355995327e-02,5.856656336901637783e-01,6.943347434638320603e-01,4.324223806445829155e+00
9.350694444444445086e-01,3.366250000000000000e+02,2.952761299282953902e-02,5.871686113543975738e-01,6.955356612974115116e-01,4.332911791754023412e+00
9.354166666666666741e-01,3.367500000000000000e+02,2.976932456526608720e-02,5.886745892344663611e-01,6.967202997367449857e-01,4.341504929457224549e+00
9.357638888888889506e-01,3.368750000000000000e+02,3.001144467384067246e-02,5.901835342722233646e-01,6.978888637418120267e-01,4.350002500576407805e+00
9.361111111111111160e-01,3.370000000000000000e+02,3.025396777295618830e-02,5.916954131606475542e-01,6.990415597898457234e-01,4.358403790593175842e+00
9.364583333333333925e-01,3.371250000000000000e+02,3.049688838896923160e-02,5.932101923454053960e-01,7.001785958587992686e-01,4.366708089498046341e+00
9.368055555555555580e-01,3.372500000000000000e+02,3.074020112070928457e-02,5.947278380264193753e-01,7.013001814106367693e-01,4.374914691838379888e+00
9.371527777777778345e-01,3.373750000000000000e+02,3.098390063999091962e-02,5.962483161594632763e-01,7.024065273744966031e-01,4.383022896766100018e+00
9.375000000000000000e-01,3.375000000000000000e+02,3.122798169212011310e-02,5.977715924577654549e-01,7.034978461296943486e-01,4.391032008085086424e+00
9.378472222222222765e-01,3.376250000000000000e+02,3.147243909639553527e-02,5.992976323936358707e-01,7.045743514885918213e-01,4.398941334298324790e+00
9.381944444444444420e-01,3.377500000000000000e+02,3.171726774660141995e-02,6.008264012001005572e-01,7.056362586793195613e-01,4.406750188654737777e+00
9.385416666666667185e-01,3.378750000000000000e+02,3.196246261149832124e-02,6.023578638725652912e-01,7.066837843283587661e-01,4.414457889195770868e+00
9.388888888888888840e-01,3.380000000000000000e+02,3.220801873530387827e-02,6.038919851704798170e-01,7.077171464429788950e-01,4.422063758801630939e+00
9.392361111111111605e-01,3.381250000000000000e+02,3.245393123817044700e-02,6.054287296190321577e-01,7.087365643935403803e-01,4.429567125237278802e+00
9.395833333333333259e-01,3.382500000000000000e+02,3.270019531665433604e-02,6.069680615108479227e-01,7.097422588956623368e-01,4.436967321198094893e+00
9.399305555555556024e-01,3.383750000000000000e+02,3.294680624418036552e-02,6.085099449077145950e-01,7.107344519922507153e-01,4.444263684355266086e+00
9.402777777777777679e-01,3.385000000000000000e+02,3.319375937149900840e-02,6.100543436423127019e-01,7.117133670353901209e-01,4.451455557400838536e+00
9.406250000000000444e-01,3.386250000000000000e+02,3.344105012713867453e-02,6.116012213199697456e-01,7.126792286681059574e-01,4.458542288092490757e+00
9.409722222222222099e-01,3.387500000000000000e+02,3.368867401784991777e-02,6.131505413204255683e-01,7.136322628059960094e-01,4.465523229297983399e+00
9.413194444444444864e-01,3.388750000000000000e+02,3.393662662904486926e-02,6.147022667996164813e-01,7.145726966187305740e-01,4.472397739039303488e+00
9.416666666666666519e-01,3.390000000000000000e+02,3.418490362522851739e-02,6.162563606914690517e-01,7.155007585114204760e-01,4.479165180536476498e+00
9.420138888888889284e-01,3.391250000000000000e+02,3.443350075042554692e-02,6.178127857097160947e-01,7.164166781058630695e-01,4.485824922251068436e+00
9.423611111111110938e-01,3.392500000000000000e+02,3.468241382859874045e-02,6.193715043497206585e-01,7.173206862216598978e-01,4.492376337929369079e+00
9.427083333333333703e-01,3.393750000000000000e+02,3.493163876406132906e-02,6.209324788903222148e-01,7.182130148572161144e-01,4.498818806645255464e+00
9.430555555555556468e-01,3.395000000000000568e+02,3.518117154188390994e-02,6.224956713956902865e-01,7.190938971706043459e-01,4.505151712842690337e+00
9.434027777777778123e-01,3.396250000000000000e+02,3.543100822829300250e-02,6.240610437171985048e-01,7.199635674603213076e-01,4.511374446377935499e+00
9.437500000000000888e-01,3.397500000000000568e+02,3.568114497106445598e-02,6.256285574953119877e-01,7.208222611459155216e-01,4.517486402561400993e+00
9.440972222222222543e-01,3.398750000000000000e+02,3.593157799990825962e-02,6.271981741614850447e-01,7.216702147485057894e-01,4.523486982199165674e+00
9.444444444444445308e-01,3.400000000000000568e+02,3.618230362684871082e-02,6.287698549400810855e-01,7.225076658711755417e-01,4.529375591634162923e+00
9.447916666666666963e-01,3.401250000000000000e+02,3.643331824659534757e-02,6.303435608502969689e-01,7.233348531792558322e-01,4.535151642787003112e+00
9.451388888888889728e-01,3.402500000000000568e+02,3.668461833691039065e-02,6.319192527081122224e-01,7.241520163804933130e-01,4.540814553196475423e+00
9.454861111111111382e-01,3.403750000000000000e+02,3.693620045896512522e-02,6.334968911282420345e-01,7.249593962051108509e-01,4.546363746059675748e+00
9.458333333333334147e-01,3.405000000000000568e+02,3.718806125769236193e-02,6.350764365261120092e-01,7.257572343857591202e-01,4.551798650271808633e+00
9.461805555555555802e-01,3.406250000000000000e+02,3.744019746213106403e-02,6.366578491198412459e-01,7.265457736373471809e-01,4.557118700465609074e+00
9.465277777777778567e-01,3.407500000000000000e+02,3.769260588576400783e-02,6.382410889322450709e-01,7.273252576367859046e-01,4.562323337050428584e+00
9.468750000000000222e-01,3.408750000000000000e+02,3.794528342684808098e-02,6.398261157928416543e-01,7.280959310026050568e-01,4.567412006250929579e+00
9.472222222222222987e-01,3.410000000000000000e+02,3.819822706873750306e-02,6.414128893398842735e-01,7.288580392744922198e-01,4.572384160145468002e+00
9.475694444444444642e-01,3.411250000000000000e+02,3.845143388020062086e-02,6.430013690223950196e-01,7.296118288927037066e-01,4.577239256704052295e+00
9.479166666666667407e-01,3.412500000000000000e+02,3.870490101572785641e-02,6.445915141022210415e-01,7.303575471773998684e-01,4.581976759825980849e+00
9.482638888888889062e-01,3.413750000000000000e+02,3.895862571583504075e-02,6.461832836560968962e-01,7.310954423078591669e-01,4.586596139377077108e+00
9.486111111111111827e-01,3.415000000000000000e+02,3.921260530735775490e-02,6.477766365777255508e-01,7.318257633016100883e-01,4.591096871226565845e+00
9.489583333333333481e-01,3.416250000000000000e+02,3.946683720373785065e-02,6.493715315798657128e-01,7.325487599934703553e-01,4.595478437283570194e+00
9.493055555555556246e-01,3.417500000000000000e+02,3.972131890530491288e-02,6.509679271964395886e-01,7.332646830144826655e-01,4.599740325533238305e+00
9.496527777777777901e-01,3.418750000000000000e+02,3.997604799954763977e-02,6.525657817846438613e-01,7.339737837707640544e-01,4.603882030072465881e+00
9.500000000000000666e-01,3.420000000000000000e+02,4.023102216138068482e-02,6.541650535270833178e-01,7.346763144222651087e-01,4.607903051145258999e+00
9.503472222222222321e-01,3.421250000000000000e+02,4.048623915340174295e-02,6.557657004339061402e-01,7.353725278614423599e-01,4.611802895177696371e+00
9.506944444444445086e-01,3.422500000000000000e+02,4.074169682614210003e-02,6.573676803449608474e-01,7.360626776918473002e-01,4.615581074812513229e+00
9.510416666666666741e-01,3.423750000000000000e+02,4.099739311831059052e-02,6.589709509319572334e-01,7.367470182066200302e-01,4.619237108943281989e+00
9.513888888888889506e-01,3.425000000000000000e+02,4.125332605702896477e-02,6.605754697006464005e-01,7.374258043669075224e-01,4.622770522748203881e+00
9.517361111111111160e-01,3.426250000000000000e+02,4.150949375805979003e-02,6.621811939930041246e-01,7.380992917802071673e-01,4.626180847723513345e+00
9.520833333333333925e-01,3.427500000000000000e+02,4.176589442602735014e-02,6.637880809894360912e-01,7.387677366786215005e-01,4.629467621716473857e+00
9.524305555555555580e-01,3.428750000000000000e+02,4.202252635463071817e-02,6.653960877109831307e-01,7.394313958970356593e-01,4.632630388957973189e+00
9.527777777777778345e-01,3.430000000000000000e+02,4.227938792684924479e-02,6.670051710215463281e-01,7.400905268512260049e-01,4.635668700094715433e+00
9.531250000000000000e-01,3.431250000000000000e+02,4.253647761514003922e-02,6.686152876301195702e-01,7.407453875158882539e-01,4.638582112221022236e+00
9.534722222222222765e-01,3.432500000000000000e+02,4.279379398162923287e-02,6.702263940930358599e-01,7.413962364026004392e-01,4.641370188910205918e+00
9.538194444444444420e-01,3.433750000000000000e+02,4.305133567829353552e-02,6.718384468162178491e-01,7.420433325377088218e-01,4.644032500245541151e+00
9.541666666666667185e-01,3.435000000000000000e+02,4.330910144713580323e-02,6.734514020574483562e-01,7.426869354401458567e-01,4.646568622850829833e+00
9.545138888888888840e-01,3.436250000000000000e+02,4.356709012035169665e-02,6.750652159286422149e-01,7.433273050991898723e-01,4.648978139920545871e+00
9.548611111111111605e-01,3.437500000000000000e+02,4.382530062048937275e-02,6.766798443981381084e-01,7.439647019521532512e-01,4.651260641249567840e+00
9.552083333333333259e-01,3.438750000000000000e+02,4.408373196060137722e-02,6.782952432929898468e-01,7.445993868620046641e-01,4.653415723262487091e+00
9.555555555555556024e-01,3.440000000000000000e+02,4.434238324438791873e-02,6.799113683012774079e-01,7.452316210949377906e-01,4.655442989042498425e+00
9.559027777777777679e-01,3.441250000000000000e+02,4.460125366633367616e-02,6.815281749744211970e-01,7.458616662978778677e-01,4.657342048359872422e+00
9.562500000000000444e-01,3.442500000000000000e+02,4.486034251183597388e-02,6.831456187295129601e-01,7.464897844759298406e-01,4.659112517700003231e+00
9.565972222222222099e-01,3.443750000000000000e+02,4.511964915732455395e-02,6.847636548516460309e-01,7.471162379697695588e-01,4.660754020291020261e+00
9.569444444444444864e-01,3.445000000000000000e+02,4.537917307037504788e-02,6.863822384962684486e-01,7.477412894329924509e-01,4.662266186130981538e+00
9.572916666666666519e-01,3.446250000000000000e+02,4.563891380981326823e-02,6.880013246915309688e-01,7.483652018093814862e-01,4.663648652014628304e+00
9.576388888888889284e-01,3.447500000000000000e+02,4.589887102581186040e-02,6.896208683406576112e-01,7.489882383101772456e-01,4.664901061559724837e+00
9.579861111111110938e-01,3.448750000000000000e+02,4.615904445997924543e-02,6.912408242243150980e-01,7.496106623912373035e-01,4.666023065232937306e+00
9.583333333333333703e-01,3.450000000000000000e+02,4.641943394544126300e-02,6.928611470029997221e-01,7.502327377302014932e-01,4.667014320375301395e+00
9.586805555555556468e-01,3.451250000000000568e+02,4.668003940691333592e-02,6.944817912194233278e-01,7.508547282035815673e-01,4.667874491227236966e+00
9.590277777777778123e-01,3.452500000000000000e+02,4.694086086076566106e-02,6.961027113009169431e-01,7.514768978638242114e-01,4.668603248953129281e+00
9.593750000000000888e-01,3.453750000000000568e+02,4.720189841508121154e-02,6.977238615618390760e-01,7.520995109163247649e-01,4.669200271665468804e+00
9.597222222222222543e-01,3.455000000000000000e+02,4.746315226970353185e-02,6.993451962059902272e-01,7.527228316964101884e-01,4.669665244448546915e+00
9.600694444444445308e-01,3.456250000000000568e+02,4.772462271627867653e-02,7.009666693290393935e-01,7.533471246462868365e-01,4.669997859381709304e+00
9.604166666666666963e-01,3.457500000000000000e+02,4.798631013828812825e-02,7.025882349209556788e-01,7.539726542919369390e-01,4.670197815562159072e+00
9.607638888888889728e-01,3.458750000000000568e+02,4.824821501107412480e-02,7.042098468684516721e-01,7.545996852199993166e-01,4.670264819127311284e+00
9.611111111111111382e-01,3.460000000000000000e+02,4.851033790185588224e-02,7.058314589574268272e-01,7.552284820546188993e-01,4.670198583276702564e+00
9.614583333333334147e-01,3.461250000000000568e+02,4.877267946973995461e-02,7.074530248754293815e-01,7.558593094342592744e-01,4.669998828293455695e+00
9.618055555555555802e-01,3.462500000000000000e+02,4.903524046571940131e-02,7.090744982141140573e-01,7.564924319884920312e-01,4.669665281565270831e+00
9.621527777777778567e-01,3.463750000000000000e+02,4.929802173266863152e-02,7.106958324717166375e-01,7.571281143147569059e-01,4.669197677604984165e+00
9.625000000000000222e-01,3.465000000000000000e+02,4.956102420532668834e-02,7.123169810555282089e-01,7.577666209551096044e-01,4.668595758070654966e+00
9.628472222222222987e-01,3.466250000000000000e+02,4.982424891027430885e-02,7.139378972843828386e-01,7.584082163729458648e-01,4.667859271785215647e+00
9.631944444444444642e-01,3.467500000000000000e+02,5.008769696590298359e-02,7.155585343911449181e-01,7.590531649296897720e-01,4.666987974755638646e+00
9.635416666666667407e-01,3.468750000000000000e+02,5.035136958237575872e-02,7.171788455252112726e-01,7.597017308614836262e-01,4.665981630191655682e+00
9.638888888888889062e-01,3.470000000000000000e+02,5.061526806157862213e-02,7.187987837550108283e-01,7.603541782558609352e-01,4.664840008524024917e+00
9.642361111111111827e-01,3.471250000000000000e+02,5.087939379706557519e-02,7.204183020705198226e-01,7.610107710284003124e-01,4.663562887422319392e+00
9.645833333333333481e-01,3.472500000000000000e+02,5.114374827399482265e-02,7.220373533857732395e-01,7.616717728993650516e-01,4.662150051812260720e+00
9.649305555555556246e-01,3.473750000000000000e+02,5.140833306905692041e-02,7.236558905413907894e-01,7.623374473703429244e-01,4.660601293892587371e+00
9.652777777777777901e-01,3.475000000000000000e+02,5.167314985039427044e-02,7.252738663071029990e-01,7.630080577008706566e-01,4.658916413151453106e+00
9.656250000000000666e-01,3.476250000000000000e+02,5.193820037751390589e-02,7.268912333842882934e-01,7.636838668850611800e-01,4.657095216382362679e+00
9.659722222222222321e-01,3.477500000000000000e+02,5.220348650119043671e-02,7.285079444085075240e-01,7.643651376282167842e-01,4.655137517699632355e+00
9.663194444444445086e-01,3.478750000000000000e+02,5.246901016336249363e-02,7.301239519520531518e-01,7.650521323234453774e-01,4.653043138553390357e+00
9.666666666666666741e-01,3.480000000000000000e+02,5.273477339701933275e-02,7.317392085264947665e-01,7.657451130282849627e-01,4.650811907744100360e+00
9.670138888888889506e-01,3.481250000000000000e+02,5.300077832608127842e-02,7.333536665852381509e-01,7.664443414413213418e-01,4.648443661436610697e+00
9.673611111111111160e-01,3.482500000000000000e+02,5.326702716527013243e-02,7.349672785260806807e-01,7.671500788788083725e-01,4.645938243173737270e+00
9.677083333333333925e-01,3.483750000000000000e+02,5.353352221997276228e-02,7.365799966937772725e-01,7.678625862513038802e-01,4.643295503889368625e+00
9.680555555555555580e-01,3.485000000000000000e+02,5.380026588609641836e-02,7.381917733826086625e-01,7.685821240403059029e-01,4.640515301921101177e+00
9.684027777777778345e-01,3.486250000000000000e+02,5.406726064991530106e-02,7.398025608389563468e-01,7.693089522749070319e-01,4.637597503022385048e+00
9.687500000000000000e-01,3.487500000000000000e+02,5.433450908790954381e-02,7.414123112638744129e-01,7.700433305084483093e-01,4.634541980374214276e+00
9.690972222222222765e-01,3.488750000000000000e+02,5.460201386659607053e-02,7.430209768156768035e-01,7.707855177952062098e-01,4.631348614596324076e+00
9.694444444444444420e-01,3.490000000000000000e+02,5.486977774235102939e-02,7.446285096125169201e-01,7.715357726670745153e-01,4.628017293757911155e+00
9.697916666666667185e-01,3.491250000000000000e+02,5.513780356122491982e-02,7.462348617349789937e-01,7.722943531102824943e-01,4.624547913387884179e+00
9.701388888888888840e-01,3.492500000000000000e+02,5.540609425874804678e-02,7.478399852286677918e-01,7.730615165421209634e-01,4.620940376484629297e+00
9.704861111111111605e-01,3.493750000000000000e+02,5.567465285973031280e-02,7.494438321068076503e-01,7.738375197877018774e-01,4.617194593525281832e+00
9.708333333333333259e-01,3.495000000000000000e+02,5.594348247805013691e-02,7.510463543528356212e-01,7.746226190567283565e-01,4.613310482474546781e+00
9.711805555555556024e-01,3.496250000000000000e+02,5.621258631643820391e-02,7.526475039230073882e-01,7.754170699202990180e-01,4.609287968793006840e+00
9.715277777777777679e-01,3.497500000000000000e+02,5.648196766625016713e-02,7.542472327489975203e-01,7.762211272877436175e-01,4.605126985444969456e+00
9.718750000000000444e-01,3.498750000000000000e+02,5.675162990723436884e-02,7.558454927405104939e-01,7.770350453834842241e-01,4.600827472905817395e+00
9.722222222222222099e-01,3.500000000000000000e+02,5.702157650728842397e-02,7.574422357878852763e-01,7.778590777239235976e-01,4.596389379168883238e+00
9.725694444444444864e-01,3.501250000000000000e+02,5.729181102221113375e-02,7.590374137647101227e-01,7.786934770943765294e-01,4.591812659751837167e+00
9.729166666666666519e-01,3.502500000000000000e+02,5.756233709544278376e-02,7.606309785304344873e-01,7.795384955260306059e-01,4.587097277702591569e+00
9.732638888888889284e-01,3.503750000000000000e+02,5.783315845780102882e-02,7.622228819329872618e-01,7.803943842729531566e-01,4.582243203604713599e+00
9.736111111111110938e-01,3.505000000000000000e+02,5.810427892720592541e-02,7.638130758113896857e-01,7.812613937891249583e-01,4.577250415582366116e+00
9.739583333333333703e-01,3.506250000000000000e+02,5.837570240839860120e-02,7.654015119983792470e-01,7.821397737055233446e-01,4.572118899304748574e+00
9.743055555555556468e-01,3.507500000000000568e+02,5.864743289265127169e-02,7.669881423230265893e-01,7.830297728072561636e-01,4.566848647990059185e+00
9.746527777777778123e-01,3.508750000000000000e+02,5.891947445746994333e-02,7.685729186133588575e-01,7.839316390107256005e-01,4.561439662408971252e+00
9.750000000000000888e-01,3.510000000000000568e+02,5.919183126628823483e-02,7.701557926989830438e-01,7.848456193408592796e-01,4.555891950887616559e+00
9.753472222222222543e-01,3.511250000000000000e+02,5.946450756815433586e-02,7.717367164137081126e-01,7.857719599083667905e-01,4.550205529310092700e+00
9.756944444444445308e-01,3.512500000000000568e+02,5.973750769740998612e-02,7.733156415981723431e-01,7.867109058870640492e-01,4.544380421120460589e+00
9.760416666666666963e-01,3.513750000000000000e+02,6.001083607336032272e-02,7.748925201024652321e-01,7.876627014912543912e-01,4.538416657324288117e+00
9.763888888888889728e-01,3.515000000000000568e+02,6.028449719993766998e-02,7.764673037887572793e-01,7.886275899531558498e-01,4.532314276489671556e+00
9.767361111111111382e-01,3.516250000000000000e+02,6.055849566535544820e-02,7.780399445339212239e-01,7.896058135003863887e-01,4.526073324747805771e+00
9.770833333333334147e-01,3.517500000000000568e+02,6.083283614175733628e-02,7.796103942321624958e-01,7.905976133335071987e-01,4.519693855793014414e+00
9.774305555555555802e-01,3.518750000000000000e+02,6.110752338485490875e-02,7.811786047976423397e-01,7.916032296036372706e-01,4.513175930882358244e+00
9.777777777777778567e-01,3.520000000000000000e+02,6.138256223356012425e-02,7.827445281671053801e-01,7.926229013901289200e-01,4.506519618834697205e+00
9.781250000000000222e-01,3.521250000000000000e+02,6.165795760960941785e-02,7.843081163025034108e-01,7.936568666782900516e-01,4.499724996029306645e+00
9.784722222222222987e-01,3.522500000000000000e+02,6.193371451718032716e-02,7.858693211936220724e-01,7.947053623371930220e-01,4.492792146403960629e+00
9.788194444444444642e-01,3.523750000000000000e+02,6.220983804249871629e-02,7.874280948607027542e-01,7.957686240975503367e-01,4.485721161452587147e+00
9.791666666666667407e-01,3.525000000000000000e+02,6.248633335344145473e-02,7.889843893570692712e-01,7.968468865296594039e-01,4.478512140222376203e+00
9.795138888888889062e-01,3.526250000000000000e+02,6.276320569912824388e-02,7.905381567717447711e-01,7.979403830214052418e-01,4.471165189310441157e+00
9.798611111111111827e-01,3.527500000000000000e+02,6.304046040950780916e-02,7.920893492320778551e-01,7.990493457563695445e-01,4.463680422859977348e+00
9.802083333333333481e-01,3.528750000000000000e+02,6.331810289493604305e-02,7.936379189063575978e-01,8.001740056919804944e-01,4.456057962555934004e+00
9.805555555555556246e-01,3.530000000000000000e+02,6.359613864574664710e-02,7.951838180064357831e-01,8.013145925377621603e-01,4.448297937620185216e+00
9.809027777777777901e-01,3.531250000000000000e+02,6.387457323181328084e-02,7.967269987903379258e-01,8.024713347336644986e-01,4.440400484806259485e+00
9.812500000000000666e-01,3.532500000000000000e+02,6.415341230210601375e-02,7.982674135648831770e-01,8.036444594284721799e-01,4.432365748393519489e+00
9.815972222222222321e-01,3.533750000000000000e+02,6.443266158423806289e-02,7.998050146882905720e-01,8.048341924582875784e-01,4.424193880180919081e+00
9.819444444444445086e-01,3.535000000000000000e+02,6.471232688400788136e-02,8.013397545727942717e-01,8.060407583251086860e-01,4.415885039480214935e+00
9.822916666666666741e-01,3.536250000000000000e+02,6.499241408493029726e-02,8.028715856872445933e-01,8.072643801755065018e-01,4.407439393108761649e+00
9.826388888888889506e-01,3.537500000000000000e+02,6.527292914776404442e-02,8.044004605597206981e-01,8.085052797793684798e-01,4.398857115381732186e+00
9.829861111111111160e-01,3.538750000000000000e+02,6.555387811002844067e-02,8.059263317801254045e-01,8.097636775087456718e-01,4.390138388103956402e+00
9.833333333333333925e-01,3.540000000000000000e+02,6.583526708551620810e-02,8.074491520027889946e-01,8.110397923167916856e-01,4.381283400561187591e+00
9.836805555555555580e-01,3.541250000000000000e+02,6.611710226379488575e-02,8.089688739490614733e-01,8.123338417168023406e-01,4.372292349510948917e+00
9.840277777777778345e-01,3.542500000000000000e+02,6.639938990970535582e-02,8.104854504099101575e-01,8.136460417613465834e-01,4.363165439172846938e+00
9.843750000000000000e-01,3.543750000000000000e+02,6.668213636284969770e-02,8.119988342485032762e-01,8.149766070214897740e-01,4.353902881218453480e+00
9.847222222222222765e-01,3.545000000000000000e+02,6.696534803707392125e-02,8.135089784027994542e-01,8.163257505661315472e-01,4.344504894760666147e+00
9.850694444444444420e-01,3.546250000000000000e+02,6.724903141994212352e-02,8.150158358881276488e-01,8.176936839414339353e-01,4.334971706342607867e+00
9.854166666666667185e-01,3.547500000000000000e+02,6.753319307220527479e-02,8.165193597997680852e-01,8.190806171503667299e-01,4.325303549926028168e+00
9.857638888888888840e-01,3.548750000000000000e+02,6.781783962726020687e-02,8.180195033155212014e-01,8.204867586323419948e-01,4.315500666879267477e+00
9.861111111111111605e-01,3.550000000000000000e+02,6.810297779060521528e-02,8.195162196982820335e-01,8.219123152429664847e-01,4.305563305964682286e+00
9.864583333333333259e-01,3.551250000000000000e+02,6.838861433928475342e-02,8.210094622986017221e-01,8.233574922339080837e-01,4.295491723325653766e+00
9.868055555555556024e-01,3.552500000000000000e+02,6.867475612133054630e-02,8.224991845572515725e-01,8.248224932328640513e-01,4.285286182473060812e+00
9.871527777777777679e-01,3.553750000000000000e+02,6.896141005519275391e-02,8.239853400077739032e-01,8.263075202236518368e-01,4.274946954271351629e+00
9.875000000000000444e-01,3.555000000000000000e+02,6.924858312916730430e-02,8.254678822790384451e-01,8.278127735263930420e-01,4.264474316924042441e+00
9.878472222222222099e-01,3.556250000000000000e+02,6.953628240081349832e-02,8.269467650977831985e-01,8.293384517778482623e-01,4.253868555958846720e+00
9.881944444444444864e-01,3.557500000000000000e+02,6.982451499636715964e-02,8.284219422911596187e-01,8.308847519118458536e-01,4.243129964212239535e+00
9.885416666666666519e-01,3.558750000000000000e+02,7.011328811014483353e-02,8.298933677892622596e-01,8.324518691398343773e-01,4.232258841813628436e+00
9.888888888888889284e-01,3.560000000000000000e+02,7.040260900394362809e-02,8.313609956276635238e-01,8.340399969315571704e-01,4.221255496168988763e+00
9.892361111111110938e-01,3.561250000000000000e+02,7.069248500643213196e-02,8.328247799499327586e-01,8.356493269958578107e-01,4.210120241944077080e+00
9.895833333333333703e-01,3.562500000000000000e+02,7.098292351253598920e-02,8.342846750101580167e-01,8.372800492616122581e-01,4.198853401047145439e+00
9.899305555555556468e-01,3.563750000000000568e+02,7.127393198281667397e-02,8.357406351754546048e-01,8.389323518587635808e-01,4.187455302611203578e+00
9.902777777777778123e-01,3.565000000000000000e+02,7.156551794284346513e-02,8.371926149284713015e-01,8.406064210995140007e-01,4.175926282975817472e+00
9.906250000000000888e-01,3.566250000000000568e+02,7.185768898255950887e-02,8.386405688698924665e-01,8.423024414596426146e-01,4.164266685668411405e+00
9.909722222222222543e-01,3.567500000000000000e+02,7.215045275563986005e-02,8.400844517209244966e-01,8.440205955599242582e-01,4.152476861385168583e+00
9.913194444444445308e-01,3.568750000000000568e+02,7.244381697884536009e-02,8.415242183257882758e-01,8.457610641477387725e-01,4.140557167971392616e+00
9.916666666666666963e-01,3.570000000000000000e+02,7.273778943136825770e-02,8.429598236541926415e-01,8.475240260787547664e-01,4.128507970401479987e+00
9.920138888888889728e-01,3.571250000000000568e+02,7.303237795417247269e-02,8.443912228038092938e-01,8.493096582988010068e-01,4.116329640758380926e+00
9.923611111111111382e-01,3.572500000000000000e+02,7.332759044932712911e-02,8.458183710027357138e-01,8.511181358258348428e-01,4.104022558212626848e+00
9.927083333333334147e-01,3.573750000000000568e+02,7.362343487933455111e-02,8.472412236119546414e-01,8.529496317320768295e-01,4.091587109000881739e+00
9.930555555555555802e-01,3.575000000000000000e+02,7.391991926645052891e-02,8.486597361277801177e-01,8.548043171262822426e-01,4.079023686404079641e+00
9.934027777777778567e-01,3.576250000000000000e+02,7.421705169200112917e-02,8.500738641843049725e-01,8.566823611361549240e-01,4.066332690725039001e+00
9.937500000000000222e-01,3.577500000000000000e+02,7.451484029568991585e-02,8.514835635558284377e-01,8.585839308908980172e-01,4.053514529265703992e+00
9.940972222222222987e-01,3.578750000000000000e+02,7.481329327490282566e-02,8.528887901592887566e-01,8.605091915039183581e-01,4.040569616303861800e+00
9.944444444444444642e-01,3.580000000000000000e+02,7.511241888400375932e-02,8.542895000566758101e-01,8.624583060556808567e-01,4.027498373069469118e+00
9.947916666666667407e-01,3.581250000000000000e+02,7.541222543362650910e-02,8.556856494574454075e-01,8.644314355767167557e-01,4.014301227720483922e+00
9.951388888888889062e-01,3.582500000000000000e+02,7.571272128996003881e-02,8.570771947209165909e-01,8.664287390307626735e-01,4.000978615318294018e+00
9.954861111111111827e-01,3.583750000000000000e+02,7.601391487402790748e-02,8.584640923586684957e-01,8.684503732980690671e-01,3.987530977802650867e+00
9.958333333333333481e-01,3.585000000000000000e+02,7.631581466096142019e-02,8.598462990369195591e-01,8.704964931588647925e-01,3.973958763966221941e+00
9.961805555555556246e-01,3.586250000000000000e+02,7.661842917926876828e-02,8.612237715789077264e-01,8.725672512769733213e-01,3.960262429428629272e+00
9.965277777777777901e-01,3.587500000000000000e+02,7.692176701009603712e-02,8.625964669672516738e-01,8.746627981835740639e-01,3.946442436610127391e+00
9.968750000000000666e-01,3.588750000000000000e+02,7.722583678648474448e-02,8.639643423463096994e-01,8.767832822611431043e-01,3.932499254704775016e+00
9.972222222222222321e-01,3.590000000000000000e+02,7.753064719262238447e-02,8.653273550245267343e-01,8.789288497275382639e-01,3.918433359653219927e+00
9.975694444444445086e-01,3.591250000000000000e+02,7.783620696308933551e-02,8.666854624767734716e-01,8.810996446202579158e-01,3.904245234114996244e+00
9.979166666666666741e-01,3.592500000000000000e+02,7.814252488209734449e-02,8.680386223466713957e-01,8.832958087808492342e-01,3.889935367440469083e+00
9.982638888888889506e-01,3.593750000000000000e+02,7.844960978272562391e-02,8.693867924489143695e-01,8.855174818394889735e-01,3.875504255642258311e+00
9.986111111111111160e-01,3.595000000000000000e+02,7.875747054614970488e-02,8.707299307715735681e-01,8.877648011997326671e-01,3.860952401366314568e+00
9.989583333333333925e-01,3.596250000000000000e+02,7.906611610086637654e-02,8.720679954783994159e-01,8.900379020234305827e-01,3.846280313862490807e+00
9.993055555555555580e-01,3.597500000000000000e+02,7.937555542191196412e-02,8.734009449111055368e-01,8.923369172158001073e-01,3.831488508954775885e+00
9.996527777777778345e-01,3.598750000000000000e+02,7.968579753007642985e-02,8.747287375916492635e-01,8.946619774106846501e-01,3.816577509011028102e+00
1.000000000000000000e+00,3.600000000000000000e+02,7.999685149111233906e-02,8.760513322244960488e-01,8.970132109559724176e-01,3.801547842912338382e+00
