motor_time_fraction,motor_angle_deg,small_fraction_0_1,large_fraction_0_1,dsmall_dt,dlarge_dt
0.000000000000000000e+00,0.000000000000000000e+00,8.358734520687484404e-02,8.773551932773890893e-01,1.014783021563908427e+00,3.968389974389627373e+00
3.472222222222222355e-04,1.250000000000000000e-01,8.394017457397634496e-02,8.787301716788388228e-01,1.017517328360607820e+00,3.951462561622204550e+00
6.944444444444444709e-04,2.500000000000000000e-01,8.429395668883513104e-02,8.800992485356821105e-01,1.020270869120378565e+00,3.934397211074240452e+00
1.041666666666666652e-03,3.750000000000000000e-01,8.464869825121988656e-02,8.814623760925646145e-01,1.023043766530980836e+00,3.917194728972103412e+00
1.388888888888888942e-03,5.000000000000000000e-01,8.500440600344164044e-02,8.828195068756383712e-01,1.025836142944849261e+00,3.899855930557865946e+00
1.736111111111111232e-03,6.250000000000000000e-01,8.536108673023472260e-02,8.841705936956815171e-01,1.028648120365348140e+00,3.882381640023125247e+00
2.083333333333333304e-03,7.500000000000000000e-01,8.571874725863289080e-02,8.855155896511937019e-01,1.031479820432583683e+00,3.864772690442098924e+00
2.430555555555555594e-03,8.750000000000000000e-01,8.607739445784091947e-02,8.868544481314689643e-01,1.034331364408780596e+00,3.847029923704043952e+00
2.777777777777777884e-03,1.000000000000000000e+00,8.643703523910097053e-02,8.881871228196444035e-01,1.037202873163220129e+00,3.829154190444968187e+00
3.125000000000000173e-03,1.125000000000000000e+00,8.679767655555309380e-02,8.895135676957255377e-01,1.040094467156732039e+00,3.811146349978661529e+00
3.472222222222222463e-03,1.250000000000000000e+00,8.715932540209057888e-02,8.908337370395867927e-01,1.043006266425761330e+00,3.793007270227057415e+00
3.819444444444444753e-03,1.375000000000000000e+00,8.752198881521053297e-02,8.921475854339493416e-01,1.045938390565979592e+00,3.774737827649912614e+00
4.166666666666666609e-03,1.500000000000000000e+00,8.788567387285689536e-02,8.934550677673324115e-01,1.048890958715471555e+00,3.756338907173816022e+00
4.513888888888889332e-03,1.625000000000000222e+00,8.825038769425935792e-02,8.947561392369804967e-01,1.051864089537477343e+00,3.737811402120564175e+00
4.861111111111111188e-03,1.750000000000000000e+00,8.861613743976497204e-02,8.960507553517670365e-01,1.054857901202698400e+00,3.719156214134854643e+00
5.208333333333333912e-03,1.875000000000000222e+00,8.898293031066405179e-02,8.973388719350706699e-01,1.057872511371168445e+00,3.700374253111347489e+00
5.555555555555555768e-03,2.000000000000000000e+00,8.935077354901015123e-02,8.986204451276271765e-01,1.060908037173688978e+00,3.681466437121094781e+00
5.902777777777777624e-03,2.125000000000000000e+00,8.971967443743236736e-02,8.998954313903558822e-01,1.063964595192833373e+00,3.662433692337328406e+00
6.250000000000000347e-03,2.250000000000000000e+00,9.008964029894180048e-02,9.011637875071601966e-01,1.067042301443512864e+00,3.643276952960620374e+00
6.597222222222222203e-03,2.375000000000000000e+00,9.046067849673113115e-02,9.024254705877010618e-01,1.070141271353121315e+00,3.623997161143433399e+00
6.944444444444444926e-03,2.500000000000000000e+00,9.083279643396696690e-02,9.036804380701449757e-01,1.073261619741241457e+00,3.604595266914054630e+00
7.291666666666666782e-03,2.625000000000000000e+00,9.120600155357574956e-02,9.049286477238862592e-01,1.076403460798933676e+00,3.585072228099927649e+00
7.638888888888889506e-03,2.750000000000000000e+00,9.158030133802105843e-02,9.061700576522407902e-01,1.079566908067594255e+00,3.565429010250380948e+00
7.986111111111112229e-03,2.875000000000000444e+00,9.195570330907459899e-02,9.074046262951139807e-01,1.082752074417392629e+00,3.545666586558772870e+00
8.333333333333333218e-03,3.000000000000000000e+00,9.233221502757965604e-02,9.086323124316413313e-01,1.085959072025293626e+00,3.525785937784044588e+00
8.680555555555555941e-03,3.125000000000000000e+00,9.270984409320603969e-02,9.098530751828016738e-01,1.089188012352656498e+00,3.505788052171705527e+00
9.027777777777778664e-03,3.250000000000000444e+00,9.308859814419814804e-02,9.110668740140026589e-01,1.092439006122424061e+00,3.485673925374239257e+00
9.374999999999999653e-03,3.375000000000000000e+00,9.346848485711398147e-02,9.122736687376393760e-01,1.095712163295899932e+00,3.465444560370956051e+00
9.722222222222222376e-03,3.500000000000000000e+00,9.384951194655712092e-02,9.134734195156237746e-01,1.099007593049121434e+00,3.445100967387277002e+00
1.006944444444444510e-02,3.625000000000000444e+00,9.423168716489976893e-02,9.146660868618867735e-01,1.102325403748823485e+00,3.424644163813486131e+00
1.041666666666666782e-02,3.750000000000000444e+00,9.461501830199706142e-02,9.158516316448517269e-01,1.105665702928003702e+00,3.404075174122925151e+00
1.076388888888888881e-02,3.875000000000000000e+00,9.499951318489414931e-02,9.170300150898804681e-01,1.109028597261094262e+00,3.383395029789664221e+00
1.111111111111111154e-02,4.000000000000000000e+00,9.538517967752274673e-02,9.182011987816873777e-01,1.112414192538737634e+00,3.362604769205644217e+00
1.145833333333333426e-02,4.125000000000000000e+00,9.577202568039056008e-02,9.193651446667302496e-01,1.115822593642173066e+00,3.341705437597290551e+00
1.180555555555555525e-02,4.250000000000000000e+00,9.616005913026073881e-02,9.205218150555664058e-01,1.119253904517243825e+00,3.320698086941630489e+00
1.215277777777777797e-02,4.375000000000000000e+00,9.654928799982259724e-02,9.216711726251826109e-01,1.122708228148018961e+00,3.299583775881888226e+00
1.250000000000000069e-02,4.500000000000000000e+00,9.693972029735256624e-02,9.228131804212948985e-01,1.126185666530045593e+00,3.278363569642594122e+00
1.284722222222222342e-02,4.625000000000000000e+00,9.733136406636722082e-02,9.239478018606203102e-01,1.129686320643225272e+00,3.257038539944199673e+00
1.319444444444444441e-02,4.750000000000000000e+00,9.772422738526495567e-02,9.250750007331153268e-01,1.133210290424329969e+00,3.235609764917207976e+00
1.354166666666666713e-02,4.875000000000000000e+00,9.811831836695934783e-02,9.261947412041876548e-01,1.136757674739158341e+00,3.214078329015828128e+00
1.388888888888888985e-02,5.000000000000000000e+00,9.851364515850245807e-02,9.273069878168774816e-01,1.140328571354330522e+00,3.192445322931166007e+00
1.423611111111111084e-02,5.125000000000000000e+00,9.891021594069827894e-02,9.284117054940073110e-01,1.143923076908745395e+00,3.170711843503950522e+00
1.458333333333333356e-02,5.250000000000000000e+00,9.930803892770539987e-02,9.295088595403016019e-01,1.147541286884683265e+00,3.148878993636804235e+00
1.493055555555555629e-02,5.375000000000000000e+00,9.970712236663187289e-02,9.305984156444773170e-01,1.151183295578578125e+00,3.126947882206076113e+00
1.527777777777777901e-02,5.500000000000000000e+00,1.001074745371166586e-01,9.316803398813016113e-01,1.154849196071456641e+00,3.104919623973227516e+00
1.562500000000000000e-02,5.625000000000000000e+00,1.005091037509033836e-01,9.327545987136214301e-01,1.158539080199051163e+00,3.082795339495794096e+00
1.597222222222222446e-02,5.750000000000000888e+00,1.009120183514027602e-01,9.338211589943580249e-01,1.162253038521594339e+00,3.060576155037921353e+00
1.631944444444444545e-02,5.875000000000000000e+00,1.013162267132439731e-01,9.348799879684759340e-01,1.165991160293301743e+00,3.038263202480483649e+00
1.666666666666666644e-02,6.000000000000000000e+00,1.017217372418162125e-01,9.359310532749147704e-01,1.169753533431549863e+00,3.015857619230799092e+00
1.701388888888889089e-02,6.125000000000000888e+00,1.021285583727986751e-01,9.369743229484940317e-01,1.173540244485753226e+00,2.993360548131943411e+00
1.736111111111111188e-02,6.250000000000000000e+00,1.025366985716806290e-01,9.380097654217847136e-01,1.177351378605949295e+00,2.970773137371670813e+00
1.770833333333333287e-02,6.375000000000000000e+00,1.029461663332696814e-01,9.390373495269477289e-01,1.181187019511104497e+00,2.948096540390944487e+00
1.805555555555555733e-02,6.500000000000000888e+00,1.033569701811895836e-01,9.400570444975435702e-01,1.185047249457134244e+00,2.925331915792105164e+00
1.840277777777777832e-02,6.625000000000000000e+00,1.037691186673664334e-01,9.410688199703085566e-01,1.188932149204662059e+00,2.902480427246650674e+00
1.874999999999999931e-02,6.750000000000000000e+00,1.041826203715037480e-01,9.420726459868976610e-01,1.192841797986509356e+00,2.879543243402673980e+00
1.909722222222222376e-02,6.875000000000000888e+00,1.045974839005468782e-01,9.430684929955966966e-01,1.196776273474933872e+00,2.856521537791931298e+00
1.944444444444444475e-02,7.000000000000000000e+00,1.050137178881343919e-01,9.440563318530030834e-01,1.200735651748624289e+00,2.833416488736576255e+00
1.979166666666666574e-02,7.125000000000000000e+00,1.054313309940403398e-01,9.450361338256710875e-01,1.204720007259452830e+00,2.810229279255544554e+00
2.013888888888889020e-02,7.250000000000000888e+00,1.058503319036022822e-01,9.460078705917274178e-01,1.208729412798996483e+00,2.786961096970621554e+00
2.048611111111111119e-02,7.375000000000000000e+00,1.062707293271395737e-01,9.469715142424537380e-01,1.212763939464843510e+00,2.763613134012179451e+00
2.083333333333333565e-02,7.500000000000000888e+00,1.066925319993596993e-01,9.479270372838340952e-01,1.216823656626679240e+00,2.740186586924598267e+00
2.118055555555555663e-02,7.625000000000000000e+00,1.071157486787510660e-01,9.488744126380720401e-01,1.220908631892170471e+00,2.716682656571387966e+00
2.152777777777777762e-02,7.750000000000000000e+00,1.075403881469670780e-01,9.498136136450738842e-01,1.225018931072655581e+00,2.693102548040005484e+00
2.187500000000000208e-02,7.875000000000000888e+00,1.079664592081947955e-01,9.507446140638988741e-01,1.229154618148644129e+00,2.669447470546387979e+00
2.222222222222222307e-02,8.000000000000000000e+00,1.083939706885140991e-01,9.516673880741749469e-01,1.233315755235143252e+00,2.645718637339192991e+00
2.256944444444444406e-02,8.125000000000000000e+00,1.088229314352435473e-01,9.525819102774842895e-01,1.237502402546811986e+00,2.621917265603774361e+00
2.291666666666666852e-02,8.250000000000000000e+00,1.092533503162746444e-01,9.534881556987113704e-01,1.241714618362955935e+00,2.598044576365889480e+00
2.326388888888888951e-02,8.375000000000000000e+00,1.096852362193938418e-01,9.543860997873615526e-01,1.245952458992376055e+00,2.574101794395141418e+00
2.361111111111111049e-02,8.500000000000000000e+00,1.101185980515916735e-01,9.552757184188429562e-01,1.250215978738073552e+00,2.550090148108177690e+00
2.395833333333333495e-02,8.625000000000000000e+00,1.105534447383608593e-01,9.561569878957164592e-01,1.254505229861826887e+00,2.526010869471643439e+00
2.430555555555555594e-02,8.750000000000000000e+00,1.109897852229809467e-01,9.570298849489110582e-01,1.258820262548643543e+00,2.501865193904904583e+00
2.465277777777778040e-02,8.875000000000001776e+00,1.114276284657913368e-01,9.578943867389068112e-01,1.263161124871108099e+00,2.477654360182530713e+00
2.500000000000000139e-02,9.000000000000000000e+00,1.118669834434508764e-01,9.587504708568818090e-01,1.267527862753622614e+00,2.453379610336585248e+00
2.534722222222222238e-02,9.125000000000000000e+00,1.123078591481866811e-01,9.595981153258262841e-01,1.271920519936561300e+00,2.429042189558675791e+00
2.569444444444444683e-02,9.250000000000000000e+00,1.127502645870289283e-01,9.604372986016239677e-01,1.276339137940341706e+00,2.404643346101825063e+00
2.604166666666666782e-02,9.375000000000000000e+00,1.131942087810342973e-01,9.612679995740962546e-01,1.280783756029428622e+00,2.380184331182136237e+00
2.638888888888888881e-02,9.500000000000000000e+00,1.136397007644956714e-01,9.620901975680152818e-01,1.285254411176275813e+00,2.355666398880280621e+00
2.673611111111111327e-02,9.625000000000000000e+00,1.140867495841406953e-01,9.629038723440797032e-01,1.289751138025219568e+00,2.331090806042795727e+00
2.708333333333333426e-02,9.750000000000000000e+00,1.145353642983166081e-01,9.637090040998611551e-01,1.294273968856337609e+00,2.306458812183230567e+00
2.743055555555555525e-02,9.875000000000000000e+00,1.149855539761639178e-01,9.645055734707091988e-01,1.298822933549274472e+00,2.281771679383112872e+00
2.777777777777777971e-02,1.000000000000000000e+01,1.154373276967753936e-01,9.652935615306282857e-01,1.303398059547052901e+00,2.257030672192776866e+00
2.812500000000000069e-02,1.012500000000000000e+01,1.158906945483446777e-01,9.660729497931177523e-01,1.307999371819884793e+00,2.232237057532036939e+00
2.847222222222222168e-02,1.025000000000000000e+01,1.163456636273008243e-01,9.668437202119753993e-01,1.312626892828975267e+00,2.207392104590732984e+00
2.881944444444444614e-02,1.037500000000000000e+01,1.168022440374317378e-01,9.676058551820708731e-01,1.317280642490357589e+00,2.182497084729137171e+00
2.916666666666666713e-02,1.050000000000000000e+01,1.172604448889924683e-01,9.683593375400795233e-01,1.321960638138742761e+00,2.157553271378253701e+00
2.951388888888889159e-02,1.062500000000000178e+01,1.177202752978048911e-01,9.691041505651865062e-01,1.326666894491419502e+00,2.132561939939990658e+00
2.986111111111111258e-02,1.075000000000000000e+01,1.181817443843405507e-01,9.698402779797515860e-01,1.331399423612194877e+00,2.107524367687248379e+00
3.020833333333333356e-02,1.087500000000000000e+01,1.186448612727940694e-01,9.705677039499430725e-01,1.336158234875404416e+00,2.082441833663893238e+00
3.055555555555555802e-02,1.100000000000000000e+01,1.191096350901433149e-01,9.712864130863343437e-01,1.340943334929986630e+00,2.057315618584655503e+00
3.090277777777777901e-02,1.112500000000000000e+01,1.195760749651959970e-01,9.719963904444671732e-01,1.345754727663653449e+00,2.032147004734947249e+00
3.125000000000000000e-02,1.125000000000000000e+01,1.200441900276255636e-01,9.726976215253794189e-01,1.350592414167146149e+00,2.006937275870608328e+00
3.159722222222222099e-02,1.137500000000000000e+01,1.205139894069929274e-01,9.733900922760982954e-01,1.355456392698608736e+00,1.981687717117588399e+00
3.194444444444444892e-02,1.150000000000000178e+01,1.209854822317582290e-01,9.740737890900987850e-01,1.360346658648070584e+00,1.956399614871583426e+00
3.229166666666666990e-02,1.162500000000000178e+01,1.214586776282766262e-01,9.747486988077265213e-01,1.365263204502072947e+00,1.931074256697615565e+00
3.263888888888889089e-02,1.175000000000000000e+01,1.219335847197863809e-01,9.754148087165869230e-01,1.370206019808425157e+00,1.905712931229583296e+00
3.298611111111111188e-02,1.187500000000000000e+01,1.224102126253805711e-01,9.760721065518994655e-01,1.375175091141131123e+00,1.880316928069782012e+00
3.333333333333333287e-02,1.200000000000000000e+01,1.228885704589692124e-01,9.767205804968152050e-01,1.380170402065468149e+00,1.854887537688406640e+00
3.368055555555555386e-02,1.212500000000000000e+01,1.233686673282287372e-01,9.773602191827011065e-01,1.385191933103254502e+00,1.829426051323030489e+00
3.402777777777778179e-02,1.225000000000000178e+01,1.238505123335388453e-01,9.779910116893891781e-01,1.390239661698305706e+00,1.803933760878101422e+00
3.437500000000000278e-02,1.237500000000000178e+01,1.243341145669073777e-01,9.786129475453912985e-01,1.395313562182089795e+00,1.778411958824421379e+00
3.472222222222222376e-02,1.250000000000000000e+01,1.248194831108850184e-01,9.792260167280770755e-01,1.400413605739605494e+00,1.752861938098654537e+00
3.506944444444444475e-02,1.262500000000000000e+01,1.253066270374656732e-01,9.798302096638187297e-01,1.405539760375478453e+00,1.727284992002848352e+00
3.541666666666666574e-02,1.275000000000000000e+01,1.257955554069765114e-01,9.804255172281010067e-01,1.410691990880306612e+00,1.701682414103988128e+00
3.576388888888889367e-02,1.287500000000000178e+01,1.262862772669567646e-01,9.810119307455954507e-01,1.415870258797242931e+00,1.676055498133590449e+00
3.611111111111111466e-02,1.300000000000000178e+01,1.267788016510237870e-01,9.815894419901990409e-01,1.421074522388860117e+00,1.650405537887342122e+00
3.645833333333333565e-02,1.312500000000000000e+01,1.272731375777286511e-01,9.821580431850411852e-01,1.426304736604270706e+00,1.624733827124794194e+00
3.680555555555555663e-02,1.325000000000000000e+01,1.277692940493994345e-01,9.827177270024517464e-01,1.431560853046552229e+00,1.599041659469119914e+00
3.715277777777777762e-02,1.337500000000000000e+01,1.282672800509745137e-01,9.832684865638976479e-01,1.436842819940460148e+00,1.573330328306945747e+00
3.749999999999999861e-02,1.350000000000000000e+01,1.287671045488233967e-01,9.838103154398825101e-01,1.442150582100456768e+00,1.547601126688260997e+00
3.784722222222222654e-02,1.362500000000000178e+01,1.292687764895574520e-01,9.843432076498127570e-01,1.447484080899068770e+00,1.521855347226420463e+00
3.819444444444444753e-02,1.375000000000000178e+01,1.297723047988290634e-01,9.848671576618284185e-01,1.452843254235570258e+00,1.496094281998235687e+00
3.854166666666666852e-02,1.387500000000000000e+01,1.302776983801204602e-01,9.853821603926005146e-01,1.458228036505021974e+00,1.470319222444182117e+00
3.888888888888888951e-02,1.400000000000000000e+01,1.307849661135215558e-01,9.858882112070913584e-01,1.463638358567670661e+00,1.444531459268714180e+00
3.923611111111111049e-02,1.412500000000000000e+01,1.312941168544972115e-01,9.863853059182823291e-01,1.469074147718716139e+00,1.418732282340703588e+00
3.958333333333333148e-02,1.425000000000000000e+01,1.318051594326443698e-01,9.868734407868666736e-01,1.474535327658467621e+00,1.392922980594011317e+00
3.993055555555555941e-02,1.437500000000000178e+01,1.323181026504389457e-01,9.873526125209075577e-01,1.480021818462888827e+00,1.367104841928195036e+00
4.027777777777778040e-02,1.450000000000000178e+01,1.328329552819716430e-01,9.878228182754612563e-01,1.485533536554561218e+00,1.341279153109369737e+00
4.062500000000000139e-02,1.462500000000000000e+01,1.333497260716749733e-01,9.882840556521670372e-01,1.491070394674061328e+00,1.315447199671216927e+00
4.097222222222222238e-02,1.475000000000000000e+01,1.338684237330395044e-01,9.887363226988016285e-01,1.496632301851768432e+00,1.289610265816165446e+00
4.131944444444444337e-02,1.487500000000000000e+01,1.343890569473215335e-01,9.891796179087993801e-01,1.502219163380122291e+00,1.263769634316741941e+00
4.166666666666667129e-02,1.500000000000000178e+01,1.349116343622392689e-01,9.896139402207405622e-01,1.507830880786333205e+00,1.237926586417105401e+00
4.201388888888889228e-02,1.512500000000000178e+01,1.354361645906615730e-01,9.900392890178013605e-01,1.513467351805555472e+00,1.212082401734766224e+00
4.236111111111111327e-02,1.525000000000000000e+01,1.359626562092868807e-01,9.904556641271732298e-01,1.519128470354550231e+00,1.186238358162509776e+00
4.270833333333333426e-02,1.537500000000000000e+01,1.364911177573119583e-01,9.908630658194470531e-01,1.524814126505826151e+00,1.160395731770520911e+00
4.305555555555555525e-02,1.550000000000000000e+01,1.370215577350935854e-01,9.912614948079627730e-01,1.530524206462295478e+00,1.134555796708731190e+00
4.340277777777777624e-02,1.562500000000000000e+01,1.375539846028001056e-01,9.916509522481260497e-01,1.536258592532434575e+00,1.108719825109379498e+00
4.375000000000000416e-02,1.575000000000000178e+01,1.380884067790552339e-01,9.920314397366907233e-01,1.542017163105974475e+00,1.082889086989811567e+00
4.409722222222222515e-02,1.587500000000000178e+01,1.386248326395730091e-01,9.924029593110080816e-01,1.547799792630122795e+00,1.057064850155521540e+00
4.444444444444444614e-02,1.600000000000000000e+01,1.391632705157851702e-01,9.927655134482411547e-01,1.553606351586346079e+00,1.031248380103431339e+00
4.479166666666666713e-02,1.612500000000000000e+01,1.397037286934593447e-01,9.931191050645472584e-01,1.559436706467693279e+00,1.005440939925440036e+00
4.513888888888888812e-02,1.625000000000000000e+01,1.402462154113115755e-01,9.934637375142256754e-01,1.565290719756706306e+00,9.796437902122290264e-01
4.548611111111111605e-02,1.637500000000000000e+01,1.407907388596090492e-01,9.937994145888322528e-01,1.571168249903899028e+00,9.538581889573454209e-01
4.583333333333333703e-02,1.650000000000000000e+01,1.413373071787669411e-01,9.941261405162620246e-01,1.577069151306842221e+00,9.280853914615668776e-01
4.618055555555555802e-02,1.662500000000000000e+01,1.418859284579375157e-01,9.944439199597970847e-01,1.582993274289837160e+00,9.023266502375539844e-01
4.652777777777777901e-02,1.675000000000000000e+01,1.424366107335919562e-01,9.947527580171214856e-01,1.588940465084212272e+00,8.765832149148046204e-01
4.687500000000000000e-02,1.687500000000000000e+01,1.429893619880963918e-01,9.950526602193044967e-01,1.594910565809244174e+00,8.508563321449134076e-01
4.722222222222222099e-02,1.700000000000000000e+01,1.435441901482809868e-01,9.953436325297496667e-01,1.600903414453710871e+00,8.251472455071467982e-01
4.756944444444444892e-02,1.712500000000000000e+01,1.441011030840016471e-01,9.956256813431120234e-01,1.606918844858089557e+00,7.994571954143417924e-01
4.791666666666666990e-02,1.725000000000000000e+01,1.446601086066979791e-01,9.958988134841818551e-01,1.612956686697417430e+00,7.737874190191348367e-01
4.826388888888889089e-02,1.737500000000000000e+01,1.452212144679428940e-01,9.961630362067377398e-01,1.619016765464809327e+00,7.481391501205344463e-01
4.861111111111111188e-02,1.750000000000000000e+01,1.457844283579887712e-01,9.964183571923636018e-01,1.625098902455660355e+00,7.225136190708366657e-01
4.895833333333333287e-02,1.762500000000000000e+01,1.463497579043064323e-01,9.966647845492385693e-01,1.631202914752528210e+00,6.969120526829004625e-01
4.930555555555556080e-02,1.775000000000000355e+01,1.469172106701205072e-01,9.969023268108897495e-01,1.637328615210716043e+00,6.713356741377900505e-01
4.965277777777778179e-02,1.787500000000000000e+01,1.474867941529386384e-01,9.971309929349162493e-01,1.643475812444557205e+00,6.457857028927835863e-01
5.000000000000000278e-02,1.800000000000000000e+01,1.480585157830770771e-01,9.973507923016801113e-01,1.649644310814420534e+00,6.202633545897677791e-01
5.034722222222222376e-02,1.812500000000000000e+01,1.486323829221816439e-01,9.975617347129657198e-01,1.655833910414436616e+00,5.947698409640195250e-01
5.069444444444444475e-02,1.825000000000000000e+01,1.492084028617433333e-01,9.977638303906077866e-01,1.662044407060959905e+00,5.693063697533889966e-01
5.104166666666666574e-02,1.837500000000000000e+01,1.497865828216125017e-01,9.979570899750866975e-01,1.668275592281772690e+00,5.438741446078796393e-01
5.138888888888889367e-02,1.850000000000000000e+01,1.503669299485069222e-01,9.981415245240947698e-01,1.674527253306044683e+00,5.184743649996506054e-01
5.173611111111111466e-02,1.862500000000000000e+01,1.509494513145181738e-01,9.983171455110687598e-01,1.680799173055048890e+00,4.931082261334377992e-01
5.208333333333333565e-02,1.875000000000000000e+01,1.515341539156139228e-01,9.984839648236939480e-01,1.687091130133655525e+00,4.677769188574010251e-01
5.243055555555555663e-02,1.887500000000000000e+01,1.521210446701382057e-01,9.986419947623754734e-01,1.693402898822594871e+00,4.424816295744134487e-01
5.277777777777777762e-02,1.900000000000000000e+01,1.527101304173083263e-01,9.987912480386782477e-01,1.699734249071514380e+00,4.172235401537949806e-01
5.312499999999999861e-02,1.912500000000000000e+01,1.533014179157106138e-01,9.989317377737398918e-01,1.706084946492828713e+00,3.920038278435014067e-01
5.347222222222222654e-02,1.925000000000000000e+01,1.538949138417926021e-01,9.990634774966493659e-01,1.712454752356370902e+00,3.668236651827689876e-01
5.381944444444444753e-02,1.937500000000000000e+01,1.544906247883550132e-01,9.991864811427968451e-01,1.718843423584860419e+00,3.416842199152411164e-01
5.416666666666666852e-02,1.950000000000000000e+01,1.550885572630415210e-01,9.993007630521947293e-01,1.725250712750184157e+00,3.165866549025550536e-01
5.451388888888888951e-02,1.962500000000000000e+01,1.556887176868274603e-01,9.994063379677659009e-01,1.731676368070507177e+00,2.915321280384331470e-01
5.486111111111111049e-02,1.975000000000000000e+01,1.562911123925075363e-01,9.995032210336057821e-01,1.738120133408217027e+00,2.665217921632519471e-01
5.520833333333333842e-02,1.987500000000000355e+01,1.568957476231835901e-01,9.995914277932110847e-01,1.744581748268711374e+00,2.415567949791215807e-01
5.555555555555555941e-02,2.000000000000000000e+01,1.575026295307516422e-01,9.996709741876822486e-01,1.751060947800026080e+00,2.166382789654720253e-01
5.590277777777778040e-02,2.012500000000000000e+01,1.581117641743882418e-01,9.997418765538954588e-01,1.757557462793330139e+00,1.917673812951556089e-01
5.625000000000000139e-02,2.025000000000000000e+01,1.587231575190388988e-01,9.998041516226451320e-01,1.764071019684272157e+00,1.669452337510712037e-01
5.659722222222222238e-02,2.037500000000000000e+01,1.593368154339056264e-01,9.998578165167577581e-01,1.770601340555201908e+00,1.421729626433281268e-01
5.694444444444444337e-02,2.050000000000000000e+01,1.599527436909356781e-01,9.999028887491775430e-01,1.777148143138258751e+00,1.174516887269439064e-01
5.729166666666667129e-02,2.062500000000000000e+01,1.605709479633121994e-01,9.999393862210240735e-01,1.783711140819351559e+00,9.278252712009189829e-02
5.763888888888889228e-02,2.075000000000000000e+01,1.611914338239453237e-01,9.999673272196201168e-01,1.790290042643012836e+00,6.816658722290512562e-02
5.798611111111111327e-02,2.087500000000000000e+01,1.618142067439665710e-01,9.999867304164922199e-01,1.796884553318155220e+00,4.360497263684041946e-02
5.833333333333333426e-02,2.100000000000000000e+01,1.624392720912235522e-01,9.999976148653441088e-01,1.803494373224719949e+00,1.909878108461501509e-02
5.868055555555555525e-02,2.112500000000000000e+01,1.630666351287792804e-01,1.000000000000000000e+00,1.810119198421227704e+00,-5.350895669276402138e-03
5.902777777777778317e-02,2.125000000000000355e+01,1.636963010134117880e-01,9.999939056323249309e-01,1.816758720653243175e+00,-2.974297189746534162e-02
5.937500000000000416e-02,2.137500000000000000e+01,1.643282747941195443e-01,9.999793519501107841e-01,1.823412627362742455e+00,-5.407636798801311595e-02
5.972222222222222515e-02,2.150000000000000000e+01,1.649625614106277616e-01,9.999563595149446593e-01,1.830080601698409026e+00,-7.835001052211970629e-02
6.006944444444444614e-02,2.162500000000000000e+01,1.655991656919002519e-01,9.999249492600398304e-01,1.836762322526845015e+00,-1.025628323512201290e-01
6.041666666666666713e-02,2.175000000000000000e+01,1.662380923546546430e-01,9.998851424880481620e-01,1.843457464444706817e+00,-1.267137726734711145e-01
6.076388888888888812e-02,2.187500000000000000e+01,1.668793460018816177e-01,9.998369608688432164e-01,1.850165697791778197e+00,-1.508017771096079318e-01
6.111111111111111605e-02,2.200000000000000000e+01,1.675229311213696781e-01,9.997804264372760485e-01,1.856886688664967089e+00,-1.748257977781786932e-01
6.145833333333333703e-02,2.212500000000000000e+01,1.681688520842340162e-01,9.997155615909066873e-01,1.863620098933252089e+00,-1.987847933701356595e-01
6.180555555555555802e-02,2.225000000000000000e+01,1.688171131434519634e-01,9.996423890877090823e-01,1.870365586253554868e+00,-2.226777292227889726e-01
6.215277777777777901e-02,2.237500000000000000e+01,1.694677184324023811e-01,9.995609320437508494e-01,1.877122804087571817e+00,-2.465035773931009977e-01
6.250000000000000000e-02,2.250000000000000000e+01,1.701206719634128783e-01,9.994712139308462584e-01,1.883891401719537839e+00,-2.702613167303302699e-01
6.284722222222222099e-02,2.262500000000000000e+01,1.707759776263119145e-01,9.993732585741869068e-01,1.890671024274950263e+00,-2.939499329480038670e-01
6.319444444444444198e-02,2.275000000000000000e+01,1.714336391869889231e-01,9.992670901499451919e-01,1.897461312740238215e+00,-3.175684186952209553e-01
6.354166666666666297e-02,2.287500000000000000e+01,1.720936602859597098e-01,9.991527331828534697e-01,1.904261903983391235e+00,-3.411157736272746877e-01
6.388888888888889783e-02,2.300000000000000355e+01,1.727560444369408976e-01,9.990302125437597880e-01,1.911072430775533570e+00,-3.645910044755922286e-01
6.423611111111111882e-02,2.312500000000000355e+01,1.734207950254311459e-01,9.988995534471585280e-01,1.917892521813469697e+00,-3.879931251169714823e-01
6.458333333333333981e-02,2.325000000000000355e+01,1.740879153073004448e-01,9.987607814486968438e-01,1.924721801743173533e+00,-4.113211566421324239e-01
6.493055555555556080e-02,2.337500000000000355e+01,1.747574084073877099e-01,9.986139224426601180e-01,1.931559891184255751e+00,-4.345741274235502272e-01
6.527777777777778179e-02,2.350000000000000000e+01,1.754292773181069798e-01,9.984590026594294399e-01,1.938406406755370792e+00,-4.577510731825775170e-01
6.562500000000000278e-02,2.362500000000000000e+01,1.761035248980633849e-01,9.982960486629193220e-01,1.945260961100605535e+00,-4.808510370558518598e-01
6.597222222222222376e-02,2.375000000000000000e+01,1.767801538706770259e-01,9.981250873479925456e-01,1.952123162916816312e+00,-5.038730696609692306e-01
6.631944444444444475e-02,2.387500000000000000e+01,1.774591668228179264e-01,9.979461459378492494e-01,1.958992616981938939e+00,-5.268162291614285619e-01
6.666666666666666574e-02,2.400000000000000000e+01,1.781405662034498405e-01,9.977592519813972549e-01,1.965868924184248856e+00,-5.496795813308372747e-01
6.701388888888888673e-02,2.412500000000000000e+01,1.788243543222853282e-01,9.975644333505988559e-01,1.972751681552596725e+00,-5.724621996163670179e-01
6.736111111111110772e-02,2.425000000000000000e+01,1.795105333484508792e-01,9.973617182377934043e-01,1.979640482287597703e+00,-5.951631652014609530e-01
6.770833333333334259e-02,2.437500000000000355e+01,1.801991053091629991e-01,9.971511351530030209e-01,1.986534915793783274e+00,-6.177815670677816451e-01
6.805555555555556357e-02,2.450000000000000355e+01,1.808900720884160651e-01,9.969327129212118832e-01,1.993434567712714323e+00,-6.403165020563879040e-01
6.840277777777778456e-02,2.462500000000000355e+01,1.815834354256820049e-01,9.967064806796285259e-01,2.000339019957051434e+00,-6.627670749281523443e-01
6.875000000000000555e-02,2.475000000000000355e+01,1.822791969146207725e-01,9.964724678749241615e-01,2.007247850745587758e+00,-6.851323984233901321e-01
6.909722222222222654e-02,2.487500000000000000e+01,1.829773580018046186e-01,9.962307042604533480e-01,2.014160634639227787e+00,-7.074115933207102414e-01
6.944444444444444753e-02,2.500000000000000000e+01,1.836779199854541023e-01,9.959812198934510086e-01,2.021076942577926250e+00,-7.296037884950775654e-01
6.979166666666666852e-02,2.512500000000000000e+01,1.843808840141874517e-01,9.957240451322124652e-01,2.027996341918584022e+00,-7.517081209750772208e-01
7.013888888888888951e-02,2.525000000000000000e+01,1.850862510857832210e-01,9.954592106332520451e-01,2.034918396473872182e+00,-7.737237359993760499e-01
7.048611111111111049e-02,2.537500000000000000e+01,1.857940220459561864e-01,9.951867473484430349e-01,2.041842666552032615e+00,-7.956497870723873156e-01
7.083333333333333148e-02,2.550000000000000000e+01,1.865041975871481739e-01,9.949066865221374290e-01,2.048768708997593890e+00,-8.174854360191083913e-01
7.118055555555555247e-02,2.562500000000000000e+01,1.872167782473321551e-01,9.946190596882683588e-01,2.055696077233045482e+00,-8.392298530391509859e-01
7.152777777777778734e-02,2.575000000000000355e+01,1.879317644088312755e-01,9.943238986674322044e-01,2.062624321301434804e+00,-8.608822167599414765e-01
7.187500000000000833e-02,2.587500000000000355e+01,1.886491562971537306e-01,9.940212355639533870e-01,2.069552987909908381e+00,-8.824417142890954580e-01
7.222222222222222932e-02,2.600000000000000355e+01,1.893689539798409649e-01,9.937111027629303983e-01,2.076481620474176726e+00,-9.039075412659558495e-01
7.256944444444445030e-02,2.612500000000000355e+01,1.900911573653339126e-01,9.933935329272660653e-01,2.083409759163902475e+00,-9.252789019122905634e-01
7.291666666666667129e-02,2.625000000000000000e+01,1.908157662018530043e-01,9.930685589946773861e-01,2.090336940949008238e+00,-9.465550090821442941e-01
7.326388888888889228e-02,2.637500000000000000e+01,1.915427800762957711e-01,9.927362141746897128e-01,2.097262699646903705e+00,-9.677350843108414313e-01
7.361111111111111327e-02,2.650000000000000000e+01,1.922721984131502970e-01,9.923965319456152789e-01,2.104186565970620038e+00,-9.888183578631297710e-01
7.395833333333333426e-02,2.662500000000000000e+01,1.930040204734262133e-01,9.920495460515126318e-01,2.111108067577845748e+00,-1.009804068780468356e+00
7.430555555555555525e-02,2.675000000000000000e+01,1.937382453536018734e-01,9.916952904991318540e-01,2.118026729120868978e+00,-1.030691464927440126e+00
7.465277777777777624e-02,2.687500000000000000e+01,1.944748719845900975e-01,9.913337995548424653e-01,2.124942072297407503e+00,-1.051479803037308258e+00
7.499999999999999722e-02,2.700000000000000000e+01,1.952138991307208193e-01,9.909651077415465581e-01,2.131853615902330912e+00,-1.072168348756680212e+00
7.534722222222221821e-02,2.712500000000000000e+01,1.959553253887428848e-01,9.905892498355769460e-01,2.138760875880258538e+00,-1.092756376689302478e+00
7.569444444444445308e-02,2.725000000000000355e+01,1.966991491868428643e-01,9.902062608635777696e-01,2.145663365379036680e+00,-1.113243170438968255e+00
7.604166666666667407e-02,2.737500000000000355e+01,1.974453687836838500e-01,9.898161760993738900e-01,2.152560594804083571e+00,-1.133628022651529177e+00
7.638888888888889506e-02,2.750000000000000355e+01,1.981939822674628482e-01,9.894190310608235173e-01,2.159452071873592338e+00,-1.153910235056023526e+00
7.673611111111111605e-02,2.762500000000000000e+01,1.989449875549869629e-01,9.890148615066568505e-01,2.166337301674591487e+00,-1.174089118504894724e+00
7.708333333333333703e-02,2.775000000000000000e+01,1.996983823907701461e-01,9.886037034333023943e-01,2.173215786719847831e+00,-1.194163993013313219e+00
7.743055555555555802e-02,2.787500000000000000e+01,2.004541643461491551e-01,9.881855930716976211e-01,2.180087027005610523e+00,-1.214134187797591302e+00
7.777777777777777901e-02,2.800000000000000000e+01,2.012123308184197434e-01,9.877605668840885311e-01,2.186950520070187309e+00,-1.233999041312682010e+00
7.812500000000000000e-02,2.812500000000000000e+01,2.019728790299938348e-01,9.873286615608151129e-01,2.193805761053335690e+00,-1.253757901288764742e+00
7.847222222222222099e-02,2.825000000000000000e+01,2.027358060275767093e-01,9.868899140170835915e-01,2.200652242756484078e+00,-1.273410124766916285e+00
7.881944444444444198e-02,2.837500000000000000e+01,2.035011086813660885e-01,9.864443613897295737e-01,2.207489455703729675e+00,-1.292955078133848135e+00
7.916666666666666297e-02,2.850000000000000000e+01,2.042687836842720095e-01,9.859920410339650942e-01,2.214316888203667677e+00,-1.312392137155725447e+00
7.951388888888889783e-02,2.862500000000000355e+01,2.050388275511578207e-01,9.855329905201171137e-01,2.221134026411981655e+00,-1.331720687011052284e+00
7.986111111111111882e-02,2.875000000000000355e+01,2.058112366181046038e-01,9.850672476303531377e-01,2.227940354394820410e+00,-1.350940122322618064e+00
8.020833333333333981e-02,2.887500000000000355e+01,2.065860070416959404e-01,9.845948503553978437e-01,2.234735354192944889e+00,-1.370049847188514747e+00
8.055555555555556080e-02,2.900000000000000355e+01,2.073631347983264095e-01,9.841158368912359400e-01,2.241518505886630486e+00,-1.389049275212204781e+00
8.090277777777778179e-02,2.912500000000000000e+01,2.081426156835317898e-01,9.836302456358088087e-01,2.248289287661317637e+00,-1.407937829531647367e+00
8.125000000000000278e-02,2.925000000000000000e+01,2.089244453113430489e-01,9.831381151856962708e-01,2.255047175874000054e+00,-1.426714942847474576e+00
8.159722222222222376e-02,2.937500000000000000e+01,2.097086191136630917e-01,9.826394843327934669e-01,2.261791645120344807e+00,-1.445380057450221578e+00
8.194444444444444475e-02,2.950000000000000000e+01,2.104951323396662688e-01,9.821343920609767464e-01,2.268522168302520736e+00,-1.463932625246594066e+00
8.229166666666666574e-02,2.962500000000000000e+01,2.112839800552232805e-01,9.816228775427587872e-01,2.275238216697740068e+00,-1.482372107784787563e+00
8.263888888888888673e-02,2.975000000000000000e+01,2.120751571423480641e-01,9.811049801359374989e-01,2.281939260027488370e+00,-1.500697976278838830e+00
8.298611111111110772e-02,2.987500000000000000e+01,2.128686582986702436e-01,9.805807393802348226e-01,2.288624766527443288e+00,-1.518909711632020043e+00
8.333333333333334259e-02,3.000000000000000355e+01,2.136644780369314212e-01,9.800501949939302015e-01,2.295294203018062529e+00,-1.537006804459266851e+00
8.368055555555556357e-02,3.012500000000000355e+01,2.144626106845056723e-01,9.795133868704831714e-01,2.301947034975824646e+00,-1.554988755108632104e+00
8.402777777777778456e-02,3.025000000000000355e+01,2.152630503829460196e-01,9.789703550751513994e-01,2.308582726605131530e+00,-1.572855073681778126e+00
8.437500000000000555e-02,3.037500000000000355e+01,2.160657910875548315e-01,9.784211398415987304e-01,2.315200740910830834e+00,-1.590605280053493775e+00
8.472222222222222654e-02,3.050000000000000000e+01,2.168708265669801460e-01,9.778657815685009025e-01,2.321800539771372129e+00,-1.608238903890231164e+00
8.506944444444444753e-02,3.062500000000000000e+01,2.176781504028374170e-01,9.773043208161410478e-01,2.328381584012570116e+00,-1.625755484667671613e+00
8.541666666666666852e-02,3.075000000000000000e+01,2.184877559893568244e-01,9.767367983030009748e-01,2.334943333481960703e+00,-1.643154571687308385e+00
8.576388888888888951e-02,3.087500000000000000e+01,2.192996365330563968e-01,9.761632549023470107e-01,2.341485247123746838e+00,-1.660435724092053089e+00
8.611111111111111049e-02,3.100000000000000000e+01,2.201137850524419737e-01,9.755837316388104030e-01,2.348006783054315427e+00,-1.677598510880854210e+00
8.645833333333333148e-02,3.112500000000000000e+01,2.209301943777324806e-01,9.749982696849617270e-01,2.354507398638307603e+00,-1.694642510922335754e+00
8.680555555555555247e-02,3.125000000000000000e+01,2.217488571506124051e-01,9.744069103578832935e-01,2.360986550565233433e+00,-1.711567312967444909e+00
8.715277777777778734e-02,3.137500000000000355e+01,2.225697658240106680e-01,9.738096951157345638e-01,2.367443694926624431e+00,-1.728372515661118491e+00
8.750000000000000833e-02,3.150000000000000355e+01,2.233929126619064454e-01,9.732066655543145650e-01,2.373878287293692324e+00,-1.745057727552952631e+00
8.784722222222222932e-02,3.162500000000000355e+01,2.242182897391621910e-01,9.725978634036225312e-01,2.380289782795494968e+00,-1.761622567106893245e+00
8.819444444444445030e-02,3.175000000000000355e+01,2.250458889413836094e-01,9.719833305244118815e-01,2.386677636197584551e+00,-1.778066662709921308e+00
8.854166666666667129e-02,3.187500000000000000e+01,2.258757019648072739e-01,9.713631089047455314e-01,2.393041301981145175e+00,-1.794389652679762470e+00
8.888888888888889228e-02,3.200000000000000000e+01,2.267077203162156385e-01,9.707372406565448753e-01,2.399380234422565206e+00,-1.810591185271585690e+00
8.923611111111111327e-02,3.212500000000000000e+01,2.275419353128797229e-01,9.701057680121393245e-01,2.405693887673470588e+00,-1.826670918683727329e+00
8.958333333333333426e-02,3.225000000000000000e+01,2.283783380825300802e-01,9.694687333208117375e-01,2.411981715841183149e+00,-1.842628521062401603e+00
8.993055555555555525e-02,3.237500000000000000e+01,2.292169195633548262e-01,9.688261790453446265e-01,2.418243173069587026e+00,-1.858463670505429155e+00
9.027777777777777624e-02,3.250000000000000000e+01,2.300576705040269510e-01,9.681781477585642559e-01,2.424477713620399655e+00,-1.874176055064967983e+00
9.062499999999999722e-02,3.262500000000000000e+01,2.309005814637594967e-01,9.675246821398837405e-01,2.430684791954823343e+00,-1.889765372749239836e+00
9.097222222222223209e-02,3.275000000000000000e+01,2.317456428123884082e-01,9.668658249718450337e-01,2.436863862815564108e+00,-1.905231331523279170e+00
9.131944444444445308e-02,3.287500000000000000e+01,2.325928447304853319e-01,9.662016191366638029e-01,2.443014381309198679e+00,-1.920573649308660258e+00
9.166666666666667407e-02,3.300000000000000000e+01,2.334421772094976699e-01,9.655321076127699742e-01,2.449135802988883448e+00,-1.935792053982253291e+00
9.201388888888889506e-02,3.312500000000000000e+01,2.342936300519184167e-01,9.648573334713536065e-01,2.455227583937376501e+00,-1.950886283373966634e+00
9.236111111111111605e-02,3.325000000000000000e+01,2.351471928714843618e-01,9.641773398729077682e-01,2.461289180850368741e+00,-1.965856085263508746e+00
9.270833333333333703e-02,3.337500000000000000e+01,2.360028550934036851e-01,9.634921700637757436e-01,2.467320051120098334e+00,-1.980701217376138468e+00
9.305555555555555802e-02,3.350000000000000000e+01,2.368606059546118359e-01,9.628018673726980170e-01,2.473319652919234279e+00,-1.995421447377431656e+00
9.340277777777777901e-02,3.362500000000000000e+01,2.377204345040576927e-01,9.621064752073611448e-01,2.479287445285018432e+00,-2.010016552867054607e+00
9.375000000000000000e-02,3.375000000000000000e+01,2.385823296030178953e-01,9.614060370509516229e-01,2.485222888203642011e+00,-2.024486321371537390e+00
9.409722222222222099e-02,3.387500000000000000e+01,2.394462799254415963e-01,9.607005964587086444e-01,2.491125442694843262e+00,-2.038830550336058867e+00
9.444444444444444198e-02,3.400000000000000000e+01,2.403122739583234413e-01,9.599901970544817420e-01,2.496994570896711618e+00,-2.053049047115241166e+00
9.479166666666667684e-02,3.412500000000000711e+01,2.411803000021070509e-01,9.592748825272930935e-01,2.502829736150671724e+00,-2.067141628962952282e+00
9.513888888888889783e-02,3.425000000000000000e+01,2.420503461711174253e-01,9.585546966279008263e-01,2.508630403086644201e+00,-2.081108123021119471e+00
9.548611111111111882e-02,3.437500000000000000e+01,2.429224003940234078e-01,9.578296831653687615e-01,2.514396037708356957e+00,-2.094948366307556320e+00
9.583333333333333981e-02,3.450000000000000000e+01,2.437964504143289302e-01,9.570998860036384892e-01,2.520126107478784849e+00,-2.108662205702803938e+00
9.618055555555556080e-02,3.462500000000000000e+01,2.446724837908954286e-01,9.563653490581084382e-01,2.525820081405722117e+00,-2.122249497935988050e+00
9.652777777777778179e-02,3.475000000000000000e+01,2.455504878984923756e-01,9.556261162922160546e-01,2.531477430127438311e+00,-2.135710109569691983e+00
9.687500000000000278e-02,3.487500000000000000e+01,2.464304499283785366e-01,9.548822317140261973e-01,2.537097625998430583e+00,-2.149043916983849112e+00
9.722222222222222376e-02,3.500000000000000000e+01,2.473123568889128709e-01,9.541337393728250849e-01,2.542680143175230167e+00,-2.162250806358656074e+00
9.756944444444444475e-02,3.512500000000000000e+01,2.481961956061951580e-01,9.533806833557219029e-01,2.548224457702263912e+00,-2.175330673656517444e+00
9.791666666666666574e-02,3.525000000000000000e+01,2.490819527247361831e-01,9.526231077842532979e-01,2.553730047597743802e+00,-2.188283424602999627e+00
9.826388888888888673e-02,3.537500000000000000e+01,2.499696147081582887e-01,9.518610568109984182e-01,2.559196392939565801e+00,-2.201108974666827756e+00
9.861111111111112160e-02,3.550000000000000711e+01,2.508591678399252345e-01,9.510945746161991732e-01,2.564622975951205586e+00,-2.213807249038912683e+00
9.895833333333334259e-02,3.562500000000000000e+01,2.517505982241021179e-01,9.503237054043883747e-01,2.570009281087588970e+00,-2.226378182610394774e+00
9.930555555555556357e-02,3.575000000000000000e+01,2.526438917861453803e-01,9.495484934010245404e-01,2.575354795120920581e+00,-2.238821719949748434e+00
9.965277777777778456e-02,3.587500000000000000e+01,2.535390342737218750e-01,9.487689828491374655e-01,2.580659007226451696e+00,-2.251137815278903442e+00
1.000000000000000056e-01,3.600000000000000000e+01,2.544360112575584920e-01,9.479852180059791245e-01,2.585921409068175247e+00,-2.263326432448422576e+00
1.003472222222222265e-01,3.612500000000000000e+01,2.553348081323208452e-01,9.471972431396856740e-01,2.591141494884412921e+00,-2.275387544911716464e+00
1.006944444444444475e-01,3.625000000000000000e+01,2.562354101175222665e-01,9.464051025259470062e-01,2.596318761573300993e+00,-2.287321135698314745e+00
1.010416666666666685e-01,3.637500000000000000e+01,2.571378022584622225e-01,9.456088404446885143e-01,2.601452708778136724e+00,-2.299127197386178878e+00
1.013888888888888895e-01,3.650000000000000000e+01,2.580419694271937070e-01,9.448085011767574093e-01,2.606542838972574216e+00,-2.310805732073077046e+00
1.017361111111111105e-01,3.662500000000000000e+01,2.589478963235216646e-01,9.440041290006248031e-01,2.611588657545652836e+00,-2.322356751347018911e+00
1.020833333333333315e-01,3.675000000000000000e+01,2.598555674760292256e-01,9.431957681890950074e-01,2.616589672886639573e+00,-2.333780276255749353e+00
1.024305555555555663e-01,3.687500000000000711e+01,2.607649672431347487e-01,9.423834630060262674e-01,2.621545396469661338e+00,-2.345076337275310507e+00
1.027777777777777873e-01,3.700000000000000000e+01,2.616760798141767874e-01,9.415672577030623769e-01,2.626455342938120552e+00,-2.356244974277673432e+00
1.031250000000000083e-01,3.712500000000000000e+01,2.625888892105305294e-01,9.407471965163767269e-01,2.631319030188858044e+00,-2.367286236497451402e+00
1.034722222222222293e-01,3.725000000000000000e+01,2.635033792867504387e-01,9.399233236634263466e-01,2.636135979456073475e+00,-2.378200182497679283e+00
1.038194444444444503e-01,3.737500000000000000e+01,2.644195337317448158e-01,9.390956833397199333e-01,2.640905715394941122e+00,-2.388986880134691404e+00
1.041666666666666713e-01,3.750000000000000000e+01,2.653373360699773920e-01,9.382643197155964288e-01,2.645627766164965866e+00,-2.399646406522076614e+00
1.045138888888888923e-01,3.762500000000000000e+01,2.662567696626990110e-01,9.374292769330171415e-01,2.650301663512975470e+00,-2.410178847993732720e+00
1.048611111111111133e-01,3.775000000000000000e+01,2.671778177092073991e-01,9.365905991023719679e-01,2.654926942855832639e+00,-2.420584300066013661e+00
1.052083333333333343e-01,3.787500000000000000e+01,2.681004632481355232e-01,9.357483302992959384e-01,2.659503143362750066e+00,-2.430862867398985383e+00
1.055555555555555552e-01,3.800000000000000000e+01,2.690246891587692035e-01,9.349025145615018628e-01,2.664029808037270186e+00,-2.441014663756784220e+00
1.059027777777777762e-01,3.812500000000000000e+01,2.699504781623922045e-01,9.340531958856276296e-01,2.668506483798833706e+00,-2.451039811967088422e+00
1.062499999999999972e-01,3.825000000000000000e+01,2.708778128236604688e-01,9.332004182240938306e-01,2.672932721563958225e+00,-2.460938443879714388e+00
1.065972222222222321e-01,3.837500000000000000e+01,2.718066755520037181e-01,9.323442254819804820e-01,2.677308076326984754e+00,-2.470710700324326936e+00
1.069444444444444531e-01,3.850000000000000000e+01,2.727370486030552543e-01,9.314846615139147357e-01,2.681632107240382368e+00,-2.480356731067286269e+00
1.072916666666666741e-01,3.862500000000000000e+01,2.736689140801101261e-01,9.306217701209773541e-01,2.685904377694600775e+00,-2.489876694767626741e+00
1.076388888888888951e-01,3.875000000000000000e+01,2.746022539356096637e-01,9.297555950476211750e-01,2.690124455397438386e+00,-2.499270758932175429e+00
1.079861111111111160e-01,3.887500000000000000e+01,2.755370499726550459e-01,9.288861799786077844e-01,2.694291912452915660e+00,-2.508539099869822486e+00
1.083333333333333370e-01,3.900000000000000000e+01,2.764732838465467357e-01,9.280135685359583997e-01,2.698406325439641318e+00,-2.517681902644934411e+00
1.086805555555555580e-01,3.912500000000000000e+01,2.774109370663524476e-01,9.271378042759235161e-01,2.702467275488640297e+00,-2.526699361029937752e+00
1.090277777777777790e-01,3.925000000000000000e+01,2.783499909965003183e-01,9.262589306859659866e-01,2.706474348360642157e+00,-2.535591677457057713e+00
1.093750000000000000e-01,3.937500000000000000e+01,2.792904268584004424e-01,9.253769911817636418e-01,2.710427134522791714e+00,-2.544359062969238305e+00
1.097222222222222210e-01,3.950000000000000000e+01,2.802322257320921661e-01,9.244920291042275640e-01,2.714325229224793912e+00,-2.553001737170230712e+00
1.100694444444444420e-01,3.962500000000000000e+01,2.811753685579179707e-01,9.236040877165387908e-01,2.718168232574437404e+00,-2.561519928173871197e+00
1.104166666666666768e-01,3.975000000000000711e+01,2.821198361382228348e-01,9.227132102012023385e-01,2.721955749612523068e+00,-2.569913872552554324e+00
1.107638888888888978e-01,3.987500000000000000e+01,2.830656091390803542e-01,9.218194396571187665e-01,2.725687390387134812e+00,-2.578183815284895264e+00
1.111111111111111188e-01,4.000000000000000000e+01,2.840126680920441182e-01,9.209228190966747274e-01,2.729362770027280671e+00,-2.586330009702606514e+00
1.114583333333333398e-01,4.012500000000000000e+01,2.849609933959250108e-01,9.200233914428528337e-01,2.732981508815847338e+00,-2.594352717436581468e+00
1.118055555555555608e-01,4.025000000000000000e+01,2.859105653185922691e-01,9.191211995263578460e-01,2.736543232261880565e+00,-2.602252208362201724e+00
1.121527777777777818e-01,4.037500000000000000e+01,2.868613639988019104e-01,9.182162860827647322e-01,2.740047571172157248e+00,-2.610028760543868120e+00
1.125000000000000028e-01,4.050000000000000000e+01,2.878133694480473070e-01,9.173086937496855997e-01,2.743494161722041191e+00,-2.617682660178768828e+00
1.128472222222222238e-01,4.062500000000000000e+01,2.887665615524364071e-01,9.163984650639536156e-01,2.746882645525607902e+00,-2.625214201539888048e+00
1.131944444444444448e-01,4.075000000000000000e+01,2.897209200745917701e-01,9.154856424588301289e-01,2.750212669705007773e+00,-2.632623686918263761e+00
1.135416666666666657e-01,4.087500000000000000e+01,2.906764246555749720e-01,9.145702682612318890e-01,2.753483886959068982e+00,-2.639911426564510943e+00
1.138888888888888867e-01,4.100000000000000000e+01,2.916330548168349912e-01,9.136523846889754719e-01,2.756695955631118355e+00,-2.647077738629596055e+00
1.142361111111111216e-01,4.112500000000000711e+01,2.925907899621799091e-01,9.127320338480456874e-01,2.759848539775994425e+00,-2.654122949104900542e+00
1.145833333333333426e-01,4.125000000000000000e+01,2.935496093797709816e-01,9.118092577298836376e-01,2.762941309226255804e+00,-2.661047391761552472e+00
1.149305555555555636e-01,4.137500000000000000e+01,2.945094922441407470e-01,9.108840982086957583e-01,2.765973939657547120e+00,-2.667851408089063181e+00
1.152777777777777846e-01,4.150000000000000000e+01,2.954704176182327835e-01,9.099565970387843983e-01,2.768946112653131841e+00,-2.674535347233246263e+00
1.156250000000000056e-01,4.162500000000000000e+01,2.964323644554643922e-01,9.090267958519011593e-01,2.771857515767548019e+00,-2.681099565933456663e+00
1.159722222222222265e-01,4.175000000000000000e+01,2.973953116018103193e-01,9.080947361546205521e-01,2.774707842589401174e+00,-2.687544428459138324e+00
1.163194444444444475e-01,4.187500000000000000e+01,2.983592377979091825e-01,9.071604593257356353e-01,2.777496792803261449e+00,-2.693870306545697257e+00
1.166666666666666685e-01,4.200000000000000000e+01,2.993241216811906025e-01,9.062240066136797445e-01,2.780224072250641942e+00,-2.700077579329707600e+00
1.170138888888888895e-01,4.212500000000000000e+01,3.002899417880234290e-01,9.052854191339642087e-01,2.782889392990080424e+00,-2.706166633283463518e+00
1.173611111111111105e-01,4.225000000000000000e+01,3.012566765558846171e-01,9.043447378666460423e-01,2.785492473356263599e+00,-2.712137862148873424e+00
1.177083333333333315e-01,4.237500000000000000e+01,3.022243043255488648e-01,9.034020036538125131e-01,2.788033038018210785e+00,-2.717991666870723133e+00
1.180555555555555663e-01,4.250000000000000711e+01,3.031928033432979008e-01,9.024572571970943535e-01,2.790510818036495699e+00,-2.723728455529303982e+00
1.184027777777777873e-01,4.262500000000000000e+01,3.041621517631493132e-01,9.015105390551984010e-01,2.792925550919484134e+00,-2.729348643272416108e+00
1.187500000000000083e-01,4.275000000000000000e+01,3.051323276491051395e-01,9.005618896414651076e-01,2.795276980678583989e+00,-2.734852652246767768e+00
1.190972222222222293e-01,4.287500000000000000e+01,3.061033089774196081e-01,8.996113492214529161e-01,2.797564857882496980e+00,-2.740240911528764478e+00
1.194444444444444503e-01,4.300000000000000000e+01,3.070750736388848656e-01,8.986589579105405123e-01,2.799788939710436075e+00,-2.745513857054709295e+00
1.197916666666666713e-01,4.312500000000000000e+01,3.080475994411354668e-01,8.977047556715601617e-01,2.801948990004328621e+00,-2.750671931550415561e+00
1.201388888888888923e-01,4.325000000000000000e+01,3.090208641109706833e-01,8.967487823124510316e-01,2.804044779319964764e+00,-2.755715584460251222e+00
1.204861111111111133e-01,4.337500000000000000e+01,3.099948452966949097e-01,8.957910774839387136e-01,2.806076084977096485e+00,-2.760645271875617368e+00
1.208333333333333343e-01,4.350000000000000000e+01,3.109695205704740006e-01,8.948316806772413923e-01,2.808042691108459277e+00,-2.765461456462867229e+00
1.211805555555555552e-01,4.362500000000000000e+01,3.119448674307097602e-01,8.938706312217973293e-01,2.809944388707721785e+00,-2.770164607390690037e+00
1.215277777777777762e-01,4.375000000000000000e+01,3.129208633044305299e-01,8.929079682830201037e-01,2.811780975676338112e+00,-2.774755200256956655e+00
1.218750000000000111e-01,4.387500000000000711e+01,3.138974855496970418e-01,8.919437308600813852e-01,2.813552256869287671e+00,-2.779233717015042959e+00
1.222222222222222321e-01,4.400000000000000000e+01,3.148747114580252582e-01,8.909779577837135811e-01,2.815258044139715032e+00,-2.783600645899634074e+00
1.225694444444444531e-01,4.412500000000000000e+01,3.158525182568237000e-01,8.900106877140441242e-01,2.816898156382428020e+00,-2.787856481352037452e+00
1.229166666666666741e-01,4.425000000000000000e+01,3.168308831118456514e-01,8.890419591384530751e-01,2.818472419576262933e+00,-2.792001723944990577e+00
1.232638888888888951e-01,4.437500000000000000e+01,3.178097831296562981e-01,8.880718103694562604e-01,2.819980666825297799e+00,-2.796036880306998818e+00
1.236111111111111160e-01,4.450000000000000000e+01,3.187891953601136863e-01,8.871002795426171650e-01,2.821422738398912333e+00,-2.799962463046187899e+00
1.239583333333333370e-01,4.462500000000000000e+01,3.197690967988635058e-01,8.861274046144826944e-01,2.822798481770659507e+00,-2.803778990673710059e+00
1.243055555555555580e-01,4.475000000000000000e+01,3.207494643898468611e-01,8.851532233605482469e-01,2.824107751655982046e+00,-2.807486987526691458e+00
1.246527777777777790e-01,4.487500000000000000e+01,3.217302750278216994e-01,8.841777733732465450e-01,2.825350410048716121e+00,-2.811086983690739505e+00
1.250000000000000000e-01,4.500000000000000000e+01,3.227115055608956729e-01,8.832010920599664416e-01,2.826526326256408428e+00,-2.814579514922031844e+00
1.253472222222222210e-01,4.512500000000000000e+01,3.236931327930721025e-01,8.822232166410979293e-01,2.827635376934419131e+00,-2.817965122568972358e+00
1.256944444444444420e-01,4.525000000000000000e+01,3.246751334868061556e-01,8.812441841481021276e-01,2.828677446118804006e+00,-2.821244353493457258e+00
1.260416666666666630e-01,4.537500000000000000e+01,3.256574843655742901e-01,8.802640314216122475e-01,2.829652425257975779e+00,-2.824417759991733501e+00
1.263888888888888840e-01,4.550000000000000000e+01,3.266401621164525815e-01,8.792827951095603112e-01,2.830560213243125567e+00,-2.827485899714880180e+00
1.267361111111111049e-01,4.562500000000000000e+01,3.276231433927059844e-01,8.783005116653314071e-01,2.831400716437394216e+00,-2.830449335588913762e+00
1.270833333333333259e-01,4.575000000000000000e+01,3.286064048163883644e-01,8.773172173459451439e-01,2.832173848703811281e+00,-2.833308635734534064e+00
1.274305555555555469e-01,4.587500000000000000e+01,3.295899229809505226e-01,8.763329482102683032e-01,2.832879531431948372e+00,-2.836064373386517179e+00
1.277777777777777957e-01,4.600000000000000711e+01,3.305736744538586014e-01,8.753477401172496952e-01,2.833517693563326389e+00,-2.838717126812773106e+00
1.281250000000000167e-01,4.612500000000000711e+01,3.315576357792199280e-01,8.743616287241905427e-01,2.834088271615536669e+00,-2.841267479233073434e+00
1.284722222222222376e-01,4.625000000000000711e+01,3.325417834804184070e-01,8.733746494850364028e-01,2.834591209705087156e+00,-2.843716018737461049e+00
1.288194444444444586e-01,4.637500000000000711e+01,3.335260940627559068e-01,8.723868376487011744e-01,2.835026459568951829e+00,-2.846063338204361859e+00
1.291666666666666796e-01,4.650000000000000711e+01,3.345105440161024180e-01,8.713982282574185279e-01,2.835393980584840712e+00,-2.848310035218401204e+00
1.295138888888889006e-01,4.662500000000000711e+01,3.354951098175524837e-01,8.704088561451229777e-01,2.835693739790153600e+00,-2.850456711987933378e+00
1.298611111111111216e-01,4.675000000000000711e+01,3.364797679340872372e-01,8.694187559358580453e-01,2.835925711899638824e+00,-2.852503975262311364e+00
1.302083333333333426e-01,4.687500000000000000e+01,3.374644948252438215e-01,8.684279620422132862e-01,2.836089879321733953e+00,-2.854452436248891445e+00
1.305555555555555636e-01,4.700000000000000000e+01,3.384492669457888625e-01,8.674365086637924049e-01,2.836186232173592003e+00,-2.856302710529796673e+00
1.309027777777777846e-01,4.712500000000000000e+01,3.394340607483980476e-01,8.664444297857080146e-01,2.836214768294795352e+00,-2.858055417978443202e+00
1.312500000000000056e-01,4.725000000000000000e+01,3.404188526863392017e-01,8.654517591771047069e-01,2.836175493259716962e+00,-2.859711182675845453e+00
1.315972222222222265e-01,4.737500000000000000e+01,3.414036192161601369e-01,8.644585303897155404e-01,2.836068420388585753e+00,-2.861270632826714788e+00
1.319444444444444475e-01,4.750000000000000000e+01,3.423883368003799998e-01,8.634647767564420651e-01,2.835893570757187732e+00,-2.862734400675350344e+00
1.322916666666666685e-01,4.762500000000000000e+01,3.433729819101837277e-01,8.624705313899678760e-01,2.835650973205245506e+00,-2.864103122421356673e+00
1.326388888888888895e-01,4.775000000000000000e+01,3.443575310281186685e-01,8.614758271813992563e-01,2.835340664343452666e+00,-2.865377438135174870e+00
1.329861111111111105e-01,4.787500000000000000e+01,3.453419606507946438e-01,8.604806967989364619e-01,2.834962688559162114e+00,-2.866557991673458705e+00
1.333333333333333315e-01,4.800000000000000000e+01,3.463262472915840662e-01,8.594851726865725405e-01,2.834517098020719494e+00,-2.867645430594298439e+00
1.336805555555555525e-01,4.812500000000000000e+01,3.473103674833250554e-01,8.584892870628246797e-01,2.834003952680461236e+00,-2.868640406072306082e+00
1.340277777777777735e-01,4.825000000000000000e+01,3.482942977810238316e-01,8.574930719194913120e-01,2.833423320276351021e+00,-2.869543572813574528e+00
1.343749999999999944e-01,4.837500000000000000e+01,3.492780147645586641e-01,8.564965590204419721e-01,2.832775276332255565e+00,-2.870355588970527450e+00
1.347222222222222154e-01,4.850000000000000000e+01,3.502614950413829864e-01,8.554997799004353531e-01,2.832059904156878360e+00,-2.871077116056655498e+00
1.350694444444444364e-01,4.862500000000000000e+01,3.512447152492278457e-01,8.545027658639663404e-01,2.831277294841328285e+00,-2.871708818861176127e+00
1.354166666666666852e-01,4.875000000000000711e+01,3.522276520588041859e-01,8.535055479841435755e-01,2.830427547255325749e+00,-2.872251365363608144e+00
1.357638888888889062e-01,4.887500000000000711e+01,3.532102821765017442e-01,8.525081571015976634e-01,2.829510768042061475e+00,-2.872705426648285876e+00
1.361111111111111271e-01,4.900000000000000711e+01,3.541925823470884471e-01,8.515106238234169123e-01,2.828527071611678156e+00,-2.873071676818813813e+00
1.364583333333333481e-01,4.912500000000000711e+01,3.551745293564049777e-01,8.505129785221137162e-01,2.827476580133415851e+00,-2.873350792912488849e+00
1.368055555555555691e-01,4.925000000000000711e+01,3.561561000340576211e-01,8.495152513346215795e-01,2.826359423526372261e+00,-2.873543454814681652e+00
1.371527777777777901e-01,4.937500000000000711e+01,3.571372712561075580e-01,8.485174721613203408e-01,2.825175739448922752e+00,-2.873650345173218490e+00
1.375000000000000111e-01,4.950000000000000711e+01,3.581180199477557724e-01,8.475196706650922618e-01,2.823925673286777904e+00,-2.873672149312740842e+00
1.378472222222222321e-01,4.962500000000000000e+01,3.590983230860241293e-01,8.465218762704073141e-01,2.822609378139671499e+00,-2.873609555149089445e+00
1.381944444444444531e-01,4.975000000000000000e+01,3.600781577024312341e-01,8.455241181624379987e-01,2.821227014806717559e+00,-2.873463253103692328e+00
1.385416666666666741e-01,4.987500000000000000e+01,3.610575008856631851e-01,8.445264252862053622e-01,2.819778751770384950e+00,-2.873233936017998591e+00
1.388888888888888951e-01,5.000000000000000000e+01,3.620363297842381645e-01,8.435288263457518809e-01,2.818264765179145925e+00,-2.872922299067951712e+00
1.392361111111111160e-01,5.012500000000000000e+01,3.630146216091656441e-01,8.425313498033469850e-01,2.816685238828755100e+00,-2.872529039678516583e+00
1.395833333333333370e-01,5.025000000000000000e+01,3.639923536365973766e-01,8.415340238787205607e-01,2.815040364142193940e+00,-2.872054857438280706e+00
1.399305555555555580e-01,5.037500000000000000e+01,3.649695032104726677e-01,8.405368765483263171e-01,2.813330340148263442e+00,-2.871500454014132675e+00
1.402777777777777790e-01,5.050000000000000000e+01,3.659460477451554339e-01,8.395399355446352407e-01,2.811555373458843654e+00,-2.870866533066037452e+00
1.406250000000000000e-01,5.062500000000000000e+01,3.669219647280626551e-01,8.385432283554581367e-01,2.809715678244809389e+00,-2.870153800161913349e+00
1.409722222222222210e-01,5.075000000000000000e+01,3.678972317222848343e-01,8.375467822232985915e-01,2.807811476210615442e+00,-2.869362962692625807e+00
1.413194444444444420e-01,5.087500000000000000e+01,3.688718263691974641e-01,8.365506241447332458e-01,2.805842996567555314e+00,-2.868494729787116615e+00
1.416666666666666630e-01,5.100000000000000000e+01,3.698457263910623904e-01,8.355547808698243761e-01,2.803810476005688113e+00,-2.867549812227672135e+00
1.420138888888888840e-01,5.112500000000000000e+01,3.708189095936197388e-01,8.345592789015603419e-01,2.801714158664453169e+00,-2.866528922365339405e+00
1.423611111111111049e-01,5.125000000000000000e+01,3.717913538686688502e-01,8.335641444953246770e-01,2.799554296101964379e+00,-2.865432774035512775e+00
1.427083333333333259e-01,5.137500000000000000e+01,3.727630371966393352e-01,8.325694036583963786e-01,2.797331147262998918e+00,-2.864262082473707061e+00
1.430555555555555747e-01,5.150000000000000711e+01,3.737339376491498610e-01,8.315750821494773959e-01,2.795044978445680783e+00,-2.863017564231497669e+00
1.434027777777777957e-01,5.162500000000000711e+01,3.747040333915548915e-01,8.305812054782510945e-01,2.792696063266861817e+00,-2.861699937092684998e+00
1.437500000000000167e-01,5.175000000000000711e+01,3.756733026854806590e-01,8.295877989049685874e-01,2.790284682626222867e+00,-2.860309919989661331e+00
1.440972222222222376e-01,5.187500000000000711e+01,3.766417238913467025e-01,8.285948874400638209e-01,2.787811124669079099e+00,-2.858848232920003340e+00
1.444444444444444586e-01,5.200000000000000711e+01,3.776092754708754717e-01,8.276024958437993018e-01,2.785275684747905878e+00,-2.857315596863301277e+00
1.447916666666666796e-01,5.212500000000000711e+01,3.785759359895880527e-01,8.266106486259382491e-01,2.782678665382606553e+00,-2.855712733698239969e+00
1.451388888888889006e-01,5.225000000000000711e+01,3.795416841192854052e-01,8.256193700454482753e-01,2.780020376219504818e+00,-2.854040366119942718e+00
1.454861111111111216e-01,5.237500000000000711e+01,3.805064986405157224e-01,8.246286841102307141e-01,2.777301133989081183e+00,-2.852299217557573652e+00
1.458333333333333426e-01,5.250000000000000000e+01,3.814703584450266916e-01,8.236386145768807010e-01,2.774521262462474436e+00,-2.850490012092240732e+00
1.461805555555555636e-01,5.262500000000000000e+01,3.824332425382024891e-01,8.226491849504754539e-01,2.771681092406723668e+00,-2.848613474375184307e+00
1.465277777777777846e-01,5.275000000000000000e+01,3.833951300414848440e-01,8.216604184843893099e-01,2.768780961538793051e+00,-2.846670329546272082e+00
1.468750000000000056e-01,5.287500000000000000e+01,3.843560001947778915e-01,8.206723381801395156e-01,2.765821214478376699e+00,-2.844661303152815623e+00
1.472222222222222265e-01,5.300000000000000000e+01,3.853158323588372070e-01,8.196849667872576628e-01,2.762802202699479182e+00,-2.842587121068719913e+00
1.475694444444444475e-01,5.312500000000000000e+01,3.862746060176404095e-01,8.186983268031908789e-01,2.759724284480797873e+00,-2.840448509413958877e+00
1.479166666666666685e-01,5.325000000000000000e+01,3.872323007807417228e-01,8.177124404732303287e-01,2.756587824854914270e+00,-2.838246194474420836e+00
1.482638888888888895e-01,5.337500000000000000e+01,3.881888963856074404e-01,8.167273297904672491e-01,2.753393195556296913e+00,-2.835980902622108779e+00
1.486111111111111105e-01,5.350000000000000000e+01,3.891443726999347374e-01,8.157430164957765184e-01,2.750140774968130142e+00,-2.833653360235710128e+00
1.489583333333333315e-01,5.362500000000000000e+01,3.900987097239498880e-01,8.147595220778292013e-01,2.746830948067984668e+00,-2.831264293621559514e+00
1.493055555555555525e-01,5.375000000000000000e+01,3.910518875926889404e-01,8.137768677731301858e-01,2.743464106372328182e+00,-2.828814428935001235e+00
1.496527777777777735e-01,5.387500000000000000e+01,3.920038865782581317e-01,8.127950745660845744e-01,2.740040647879903979e+00,-2.826304492102141186e+00
1.499999999999999944e-01,5.400000000000000000e+01,3.929546870920748725e-01,8.118141631890909427e-01,2.736560977013963836e+00,-2.823735208742039315e+00
1.503472222222222154e-01,5.412500000000000000e+01,3.939042696870878046e-01,8.108341541226616878e-01,2.733025504563403096e+00,-2.821107304089314649e+00
1.506944444444444364e-01,5.425000000000000000e+01,3.948526150599777629e-01,8.098550675955685785e-01,2.729434647622768662e+00,-2.818421502917197508e+00
1.510416666666666852e-01,5.437500000000000711e+01,3.957997040533355881e-01,8.088769235850180594e-01,2.725788829531182511e+00,-2.815678529461026258e+00
1.513888888888889062e-01,5.450000000000000711e+01,3.967455176578197351e-01,8.078997418168500921e-01,2.722088479810186534e+00,-2.812879107342212581e+00
1.517361111111111271e-01,5.462500000000000711e+01,3.976900370142927854e-01,8.069235417657647513e-01,2.718334034100499785e+00,-2.810023959492666368e+00
1.520833333333333481e-01,5.475000000000000711e+01,3.986332434159343130e-01,8.059483426555746899e-01,2.714525934097739235e+00,-2.807113808079715334e+00
1.524305555555555691e-01,5.487500000000000711e+01,3.995751183103322113e-01,8.049741634594831385e-01,2.710664627487082257e+00,-2.804149374431502917e+00
1.527777777777777901e-01,5.500000000000000711e+01,4.005156433015509276e-01,8.040010229003892173e-01,2.706750567876905045e+00,-2.801131378962895102e+00
1.531250000000000111e-01,5.512500000000000711e+01,4.014548001521763831e-01,8.030289394512167833e-01,2.702784214731396073e+00,-2.798060541101898835e+00
1.534722222222222321e-01,5.525000000000000000e+01,4.023925707853373557e-01,8.020579313352704798e-01,2.698766033302172573e+00,-2.794937579216597801e+00
1.538194444444444531e-01,5.537500000000000000e+01,4.033289372867031042e-01,8.010880165266160979e-01,2.694696494558904476e+00,-2.791763210542627327e+00
1.541666666666666741e-01,5.550000000000000000e+01,4.042638819064566236e-01,8.001192127504858087e-01,2.690576075118959576e+00,-2.788538151111176422e+00
1.545138888888888951e-01,5.562500000000000000e+01,4.051973870612432527e-01,7.991515374837099284e-01,2.686405257176093464e+00,-2.785263115677559131e+00
1.548611111111111160e-01,5.575000000000000000e+01,4.061294353360944132e-01,7.981850079551711108e-01,2.682184528428187775e+00,-2.781938817650327245e+00
1.552083333333333370e-01,5.587500000000000000e+01,4.070600094863259799e-01,7.972196411462851851e-01,2.677914382004051408e+00,-2.778565969020968307e+00
1.555555555555555580e-01,5.600000000000000000e+01,4.079890924394112828e-01,7.962554537915045305e-01,2.673595316389321574e+00,-2.775145280294175176e+00
1.559027777777777790e-01,5.612500000000000000e+01,4.089166672968281846e-01,7.952924623788464320e-01,2.669227835351441147e+00,-2.771677460418697780e+00
1.562500000000000000e-01,5.625000000000000000e+01,4.098427173358797360e-01,7.943306831504460819e-01,2.664812447863765588e+00,-2.768163216718810826e+00
1.565972222222222210e-01,5.637500000000000000e+01,4.107672260114886842e-01,7.933701321031313425e-01,2.660349668028790582e+00,-2.764603254826363710e+00
1.569444444444444420e-01,5.650000000000000000e+01,4.116901769579646708e-01,7.924108249890227107e-01,2.655840015000534571e+00,-2.760998278613467694e+00
1.572916666666666630e-01,5.662500000000000000e+01,4.126115539907448393e-01,7.914527773161557089e-01,2.651284012906062859e+00,-2.757348990125790600e+00
1.576388888888888840e-01,5.675000000000000000e+01,4.135313411081070756e-01,7.904960043491269239e-01,2.646682190766214138e+00,-2.753656089516493655e+00
1.579861111111111049e-01,5.687500000000000000e+01,4.144495224928547161e-01,7.895405211097621390e-01,2.642035082415496561e+00,-2.749920274980805601e+00
1.583333333333333259e-01,5.700000000000000000e+01,4.153660825139744994e-01,7.885863423778074477e-01,2.637343226421215103e+00,-2.746142242691246516e+00
1.586805555555555747e-01,5.712500000000000711e+01,4.162810057282657072e-01,7.876334826916427945e-01,2.632607166001804000e+00,-2.742322686733510650e+00
1.590277777777777957e-01,5.725000000000000711e+01,4.171942768819402181e-01,7.866819563490177192e-01,2.627827448944427768e+00,-2.738462299043012749e+00
1.593750000000000167e-01,5.737500000000000711e+01,4.181058809121955266e-01,7.857317774078089734e-01,2.623004627521815291e+00,-2.734561769342109816e+00
1.597222222222222376e-01,5.750000000000000711e+01,4.190158029487569546e-01,7.847829596867993418e-01,2.618139258408397563e+00,-2.730621785078006347e+00
1.600694444444444586e-01,5.762500000000000711e+01,4.199240283153911069e-01,7.838355167664785572e-01,2.613231902595722023e+00,-2.726643031361345226e+00
1.604166666666666796e-01,5.775000000000000711e+01,4.208305425313911829e-01,7.828894619898653096e-01,2.608283125307191863e+00,-2.722626190905494958e+00
1.607638888888889006e-01,5.787500000000000711e+01,4.217353313130301484e-01,7.819448084633496832e-01,2.603293495912125888e+00,-2.718571943966551441e+00
1.611111111111111216e-01,5.800000000000000711e+01,4.226383805749863720e-01,7.810015690575572433e-01,2.598263587839174882e+00,-2.714480968284034734e+00
1.614583333333333426e-01,5.812500000000000000e+01,4.235396764317371221e-01,7.800597564082325519e-01,2.593193978489106044e+00,-2.710353939022325243e+00
1.618055555555555636e-01,5.825000000000000000e+01,4.244392051989233638e-01,7.791193829171433327e-01,2.588085249146956368e+00,-2.706191528712803773e+00
1.621527777777777846e-01,5.837500000000000000e+01,4.253369533946824710e-01,7.781804607530053985e-01,2.582937984893610484e+00,-2.701994407196746106e+00
1.625000000000000056e-01,5.850000000000000000e+01,4.262329077409508504e-01,7.772430018524254525e-01,2.577752774516779422e+00,-2.697763241568940540e+00
1.628472222222222265e-01,5.862500000000000000e+01,4.271270551647362024e-01,7.763070179208654276e-01,2.572530210421436703e+00,-2.693498696122066161e+00
1.631944444444444475e-01,5.875000000000000000e+01,4.280193827993568068e-01,7.753725204336239241e-01,2.567270888539695761e+00,-2.689201432291810079e+00
1.635416666666666685e-01,5.887500000000000000e+01,4.289098779856515553e-01,7.744395206368385187e-01,2.561975408240182883e+00,-2.684872108602757823e+00
1.638888888888888895e-01,5.900000000000000000e+01,4.297985282731563994e-01,7.735080295485060597e-01,2.556644372236883012e+00,-2.680511380615036465e+00
1.642361111111111105e-01,5.912500000000000000e+01,4.306853214212510994e-01,7.725780579595195041e-01,2.551278386497525030e+00,-2.676119900871743340e+00
1.645833333333333315e-01,5.925000000000000000e+01,4.315702454002718347e-01,7.716496164347267372e-01,2.545878060151477218e+00,-2.671698318847137710e+00
1.649305555555555525e-01,5.937500000000000000e+01,4.324532883925938376e-01,7.707227153140032705e-01,2.540444005397218596e+00,-2.667247280895630013e+00
1.652777777777777735e-01,5.950000000000000000e+01,4.333344387936807762e-01,7.697973647133450337e-01,2.534976837409357753e+00,-2.662767430201547825e+00
1.656249999999999944e-01,5.962500000000000000e+01,4.342136852131014968e-01,7.688735745259775989e-01,2.529477174245269300e+00,-2.658259406729706065e+00
1.659722222222222154e-01,5.975000000000000000e+01,4.350910164755154574e-01,7.679513544234829459e-01,2.523945636751316002e+00,-2.653723847176769457e+00
1.663194444444444642e-01,5.987500000000000711e+01,4.359664216216238564e-01,7.670307138569415484e-01,2.518382848468717405e+00,-2.649161384923429452e+00
1.666666666666666852e-01,6.000000000000000711e+01,4.368398899090898402e-01,7.661116620580927794e-01,2.512789435539066307e+00,-2.644572649987376955e+00
1.670138888888889062e-01,6.012500000000000711e+01,4.377114108134241288e-01,7.651942080405104152e-01,2.507166026609505494e+00,-2.639958268977106837e+00
1.673611111111111271e-01,6.025000000000000711e+01,4.385809740288394987e-01,7.642783606007941266e-01,2.501513252737604276e+00,-2.635318865046526682e+00
1.677083333333333481e-01,6.037500000000000711e+01,4.394485694690702382e-01,7.633641283197775129e-01,2.495831747295937042e+00,-2.630655057850401324e+00
1.680555555555555691e-01,6.050000000000000711e+01,4.403141872681597402e-01,7.624515195637492360e-01,2.490122145876393134e+00,-2.625967463500618493e+00
1.684027777777777901e-01,6.062500000000000711e+01,4.411778177812147317e-01,7.615405424856922512e-01,2.484385086194233594e+00,-2.621256694523288022e+00
1.687500000000000111e-01,6.075000000000000711e+01,4.420394515851250872e-01,7.606312050265348068e-01,2.478621207991916542e+00,-2.616523359816685268e+00
1.690972222222222321e-01,6.087500000000000000e+01,4.428990794792521668e-01,7.597235149164185408e-01,2.472831152942711608e+00,-2.611768064610024975e+00
1.694444444444444531e-01,6.100000000000000000e+01,4.437566924860809614e-01,7.588174796759787899e-01,2.467015564554120743e+00,-2.606991410423083355e+00
1.697916666666666741e-01,6.112500000000000000e+01,4.446122818518418729e-01,7.579131066176391096e-01,2.461175088071127171e+00,-2.602193995026671036e+00
1.701388888888888951e-01,6.125000000000000000e+01,4.454658390470956908e-01,7.570104028469207824e-01,2.455310370379292895e+00,-2.597376412403955115e+00
1.704861111111111160e-01,6.137500000000000000e+01,4.463173557672872049e-01,7.561093752637636500e-01,2.449422059907722993e+00,-2.592539252712633413e+00
1.708333333333333370e-01,6.150000000000000000e+01,4.471668239332642902e-01,7.552100305638613786e-01,2.443510806531922430e+00,-2.587683102247970268e+00
1.711805555555555580e-01,6.162500000000000000e+01,4.480142356917628521e-01,7.543123752400087145e-01,2.437577261476549850e+00,-2.582808543406692969e+00
1.715277777777777790e-01,6.175000000000000000e+01,4.488595834158589093e-01,7.534164155834610632e-01,2.431622077218114519e+00,-2.577916154651744840e+00
1.718750000000000000e-01,6.187500000000000000e+01,4.497028597053856491e-01,7.525221576853068362e-01,2.425645907387607103e+00,-2.573006510477914066e+00
1.722222222222222210e-01,6.200000000000000000e+01,4.505440573873183419e-01,7.516296074378505665e-01,2.419649406673107350e+00,-2.568080181378323612e+00
1.725694444444444420e-01,6.212500000000000000e+01,4.513831695161235058e-01,7.507387705360082375e-01,2.413633230722374456e+00,-2.563137733811795549e+00
1.729166666666666630e-01,6.225000000000000000e+01,4.522201893740755985e-01,7.498496524787147122e-01,2.407598036045448975e+00,-2.558179730171083133e+00
1.732638888888888840e-01,6.237500000000000000e+01,4.530551104715400124e-01,7.489622585703387125e-01,2.401544479917281816e+00,-2.553206728751983956e+00
1.736111111111111049e-01,6.250000000000000000e+01,4.538879265472209323e-01,7.480765939221127869e-01,2.395473220280408544e+00,-2.548219283723323070e+00
1.739583333333333537e-01,6.262500000000000711e+01,4.547186315683769964e-01,7.471926634535698275e-01,2.389384915647696506e+00,-2.543217945097816735e+00
1.743055555555555747e-01,6.275000000000000711e+01,4.555472197310015958e-01,7.463104718939924664e-01,2.383280225005171893e+00,-2.538203258703819465e+00
1.746527777777777957e-01,6.287500000000000711e+01,4.563736854599712012e-01,7.454300237838692444e-01,2.377159807714962714e+00,-2.533175766157943265e+00
1.750000000000000167e-01,6.300000000000000711e+01,4.571980234091586048e-01,7.445513234763632138e-01,2.371024323418360336e+00,-2.528136004838561046e+00
1.753472222222222376e-01,6.312500000000000711e+01,4.580202284615134123e-01,7.436743751387866475e-01,2.364874431939035127e+00,-2.523084507860194226e+00
1.756944444444444586e-01,6.325000000000000711e+01,4.588402957291079498e-01,7.427991827540862957e-01,2.358710793186416410e+00,-2.518021804048788503e+00
1.760416666666666796e-01,6.337500000000000711e+01,4.596582205531507537e-01,7.419257501223379681e-01,2.352534067059255829e+00,-2.512948417917855615e+00
1.763888888888889006e-01,6.350000000000000711e+01,4.604739985039666417e-01,7.410540808622448905e-01,2.346344913349399874e+00,-2.507864869645521022e+00
1.767361111111111216e-01,6.362500000000000711e+01,4.612876253809416460e-01,7.401841784126503843e-01,2.340143991645785793e+00,-2.502771675052438916e+00
1.770833333333333426e-01,6.375000000000000000e+01,4.620990972124370821e-01,7.393160460340525431e-01,2.333931961238682185e+00,-2.497669345580601163e+00
1.774305555555555636e-01,6.387500000000000000e+01,4.629084102556687008e-01,7.384496868101279032e-01,2.327709481024193394e+00,-2.492558388273020231e+00
1.777777777777777846e-01,6.400000000000000000e+01,4.637155609965531999e-01,7.375851036492637736e-01,2.321477209409046338e+00,-2.487439305754310936e+00
1.781250000000000056e-01,6.412500000000000000e+01,4.645205461495226507e-01,7.367222992860942288e-01,2.315235804215686422e+00,-2.482312596212139955e+00
1.784722222222222265e-01,6.425000000000000000e+01,4.653233626573038406e-01,7.358612762830448739e-01,2.308985922587676320e+00,-2.477178753379563503e+00
1.788194444444444475e-01,6.437500000000000000e+01,4.661240076906674190e-01,7.350020370318814944e-01,2.302728220895461586e+00,-2.472038266518250538e+00
1.791666666666666685e-01,6.450000000000000000e+01,4.669224786481421807e-01,7.341445837552663667e-01,2.296463354642471977e+00,-2.466891620402581697e+00
1.795138888888888895e-01,6.462500000000000000e+01,4.677187731556988748e-01,7.332889185083184547e-01,2.290191978371613146e+00,-2.461739295304628872e+00
1.798611111111111105e-01,6.475000000000000000e+01,4.685128890663991519e-01,7.324350431801793793e-01,2.283914745572149574e+00,-2.456581766980012294e+00
1.802083333333333315e-01,6.487500000000000000e+01,4.693048244600145913e-01,7.315829594955834958e-01,2.277632308587004051e+00,-2.451419506654636926e+00
1.805555555555555525e-01,6.500000000000000000e+01,4.700945776426126987e-01,7.307326690164336336e-01,2.271345318520495038e+00,-2.446252981012298378e+00
1.809027777777777735e-01,6.512500000000000000e+01,4.708821471461098751e-01,7.298841731433799440e-01,2.265054425146515005e+00,-2.441082652183170332e+00
1.812499999999999944e-01,6.525000000000000000e+01,4.716675317277947976e-01,7.290374731174025236e-01,2.258760276817186607e+00,-2.435908977733149516e+00
1.815972222222222154e-01,6.537500000000000000e+01,4.724507303698182170e-01,7.281925700213982555e-01,2.252463520372007366e+00,-2.430732410654087960e+00
1.819444444444444642e-01,6.550000000000000000e+01,4.732317422786524452e-01,7.273494647817706493e-01,2.246164801047492166e+00,-2.425553399354867690e+00
1.822916666666666852e-01,6.562500000000000000e+01,4.740105668845183695e-01,7.265081581700230107e-01,2.239864762387350439e+00,-2.420372387653368484e+00
1.826388888888889062e-01,6.575000000000000000e+01,4.747872038407835449e-01,7.256686508043527217e-01,2.233564046153190041e+00,-2.415189814769269638e+00
1.829861111111111271e-01,6.587500000000000000e+01,4.755616530233264805e-01,7.248309431512497403e-01,2.227263292235794001e+00,-2.410006115317724795e+00
1.833333333333333481e-01,6.600000000000000000e+01,4.763339145298727817e-01,7.239950355270959870e-01,2.220963138566958150e+00,-2.404821719303889882e+00
1.836805555555555691e-01,6.612500000000000000e+01,4.771039886792994289e-01,7.231609280997676192e-01,2.214664221031937608e+00,-2.399637052118300584e+00
1.840277777777777901e-01,6.625000000000000000e+01,4.778718760109088581e-01,7.223286208902368610e-01,2.208367173382486115e+00,-2.394452534533102472e+00
1.843750000000000111e-01,6.637500000000000000e+01,4.786375772836731768e-01,7.214981137741769412e-01,2.202072627150536643e+00,-2.389268582699118237e+00
1.847222222222222321e-01,6.650000000000000000e+01,4.794010934754488473e-01,7.206694064835669211e-01,2.195781211562512603e+00,-2.384085608143770241e+00
1.850694444444444531e-01,6.662500000000000000e+01,4.801624257821613395e-01,7.198424986082974097e-01,2.189493553454304742e+00,-2.378904017769825519e+00
1.854166666666666741e-01,6.675000000000000000e+01,4.809215756169596401e-01,7.190173895977760576e-01,2.183210277186925730e+00,-2.373724213854984999e+00
1.857638888888888951e-01,6.687500000000000000e+01,4.816785446093433398e-01,7.181940787625341605e-01,2.176932004562846856e+00,-2.368546594052298726e+00
1.861111111111111160e-01,6.700000000000000000e+01,4.824333346042596338e-01,7.173725652758304872e-01,2.170659354743058156e+00,-2.363371551391404424e+00
1.864583333333333370e-01,6.712500000000000000e+01,4.831859476611712889e-01,7.165528481752594381e-01,2.164392944164831079e+00,-2.358199474280589847e+00
1.868055555555555580e-01,6.725000000000000000e+01,4.839363860530974670e-01,7.157349263643516535e-01,2.158133386460237890e+00,-2.353030746509672699e+00
1.871527777777777790e-01,6.737500000000000000e+01,4.846846522656249601e-01,7.149187986141799511e-01,2.151881292375415367e+00,-2.347865747253682134e+00
1.875000000000000000e-01,6.750000000000000000e+01,4.854307489958930577e-01,7.141044635649587136e-01,2.145637269690599425e+00,-2.342704851077362260e+00
1.878472222222222210e-01,6.762500000000000000e+01,4.861746791515488830e-01,7.132919197276456069e-01,2.139401923140944017e+00,-2.337548427940462137e+00
1.881944444444444420e-01,6.775000000000000000e+01,4.869164458496776926e-01,7.124811654855379706e-01,2.133175854338142940e+00,-2.332396843203831782e+00
1.885416666666666630e-01,6.787500000000000000e+01,4.876560524157035337e-01,7.116721990958694288e-01,2.126959661692853221e+00,-2.327250457636301562e+00
1.888888888888888840e-01,6.800000000000000000e+01,4.883935023822654764e-01,7.108650186914032831e-01,2.120753940337955168e+00,-2.322109627422352052e+00
1.892361111111111049e-01,6.812500000000000000e+01,4.891287994880659795e-01,7.100596222820213521e-01,2.114559282052654865e+00,-2.316974704170561505e+00
1.895833333333333537e-01,6.825000000000001421e+01,4.898619476766928882e-01,7.092560077563129228e-01,2.108376275187432647e+00,-2.311846034922826476e+00
1.899305555555555747e-01,6.837500000000000000e+01,4.905929510954168404e-01,7.084541728831581509e-01,2.102205504589869101e+00,-2.306723962164346275e+00
1.902777777777777957e-01,6.850000000000000000e+01,4.913218140939614176e-01,7.076541153133077966e-01,2.096047551531349917e+00,-2.301608823834379702e+00
1.906250000000000167e-01,6.862500000000000000e+01,4.920485412232494804e-01,7.068558325809600751e-01,2.089902993634659811e+00,-2.296500953337742512e+00
1.909722222222222376e-01,6.875000000000000000e+01,4.927731372341233596e-01,7.060593221053339530e-01,2.083772404802495259e+00,-2.291400679557064279e+00
1.913194444444444586e-01,6.887500000000000000e+01,4.934956070760411762e-01,7.052645811922355623e-01,2.077656355146891620e+00,-2.286308326865783780e+00
1.916666666666666796e-01,6.900000000000000000e+01,4.942159558957485155e-01,7.044716070356219495e-01,2.071555410919581064e+00,-2.281224215141876677e+00
1.920138888888889006e-01,6.912500000000000000e+01,4.949341890359255647e-01,7.036803967191609388e-01,2.065470134443302630e+00,-2.276148659782323058e+00
1.923611111111111216e-01,6.925000000000000000e+01,4.956503120338123791e-01,7.028909472177820028e-01,2.059401084044055974e+00,-2.271081971718274417e+00
1.927083333333333426e-01,6.937500000000000000e+01,4.963643306198076699e-01,7.021032553992263558e-01,2.053348813984346322e+00,-2.266024457430960926e+00
1.930555555555555636e-01,6.950000000000000000e+01,4.970762507160482735e-01,7.013173180255878325e-01,2.047313874397382438e+00,-2.260976418968292379e+00
1.934027777777777846e-01,6.962500000000000000e+01,4.977860784349626422e-01,7.005331317548497694e-01,2.041296811222291563e+00,-2.255938153962150139e+00
1.937500000000000056e-01,6.975000000000000000e+01,4.984938200778042394e-01,6.997506931424155585e-01,2.035298166140312226e+00,-2.250909955646398508e+00
1.940972222222222265e-01,6.987500000000000000e+01,4.991994821331618981e-01,6.989699986426313183e-01,2.029318476512020908e+00,-2.245892112875551128e+00
1.944444444444444475e-01,7.000000000000000000e+01,4.999030712754490291e-01,6.981910446103047896e-01,2.023358275315566335e+00,-2.240884910144129716e+00
1.947916666666666685e-01,7.012500000000000000e+01,5.006045943633714579e-01,6.974138273022144618e-01,2.017418091085945608e+00,-2.235888627606692491e+00
1.951388888888888895e-01,7.025000000000000000e+01,5.013040584383735565e-01,6.966383428786133702e-01,2.011498447855323946e+00,-2.230903541098522957e+00
1.954861111111111105e-01,7.037500000000000000e+01,5.020014707230653350e-01,6.958645874047257873e-01,2.005599865094394918e+00,-2.225929922156960394e+00
1.958333333333333315e-01,7.050000000000000000e+01,5.026968386196285499e-01,6.950925568522346998e-01,1.999722857654824715e+00,-2.220968038043392934e+00
1.961805555555555525e-01,7.062500000000000000e+01,5.033901697082023841e-01,6.943222471007634011e-01,1.993867935712743567e+00,-2.216018151765874578e+00
1.965277777777777735e-01,7.075000000000000000e+01,5.040814717452510862e-01,6.935536539393470923e-01,1.988035604713328963e+00,-2.211080522102371493e+00
1.968749999999999944e-01,7.087500000000000000e+01,5.047707526619110707e-01,6.927867730678998193e-01,1.982226365316483552e+00,-2.206155403624630917e+00
1.972222222222222432e-01,7.100000000000001421e+01,5.054580205623212530e-01,6.920216000986685323e-01,1.976440713343590616e+00,-2.201243046722662910e+00
1.975694444444444642e-01,7.112500000000000000e+01,5.061432837219320691e-01,6.912581305576818158e-01,1.970679139725394435e+00,-2.196343697629818514e+00
1.979166666666666852e-01,7.125000000000000000e+01,5.068265505858006170e-01,6.904963598861885155e-01,1.964942130450977986e+00,-2.191457598448456778e+00
1.982638888888889062e-01,7.137500000000000000e+01,5.075078297668643712e-01,6.897362834420875943e-01,1.959230166517865079e+00,-2.186584987176210415e+00
1.986111111111111271e-01,7.150000000000000000e+01,5.081871300442005746e-01,6.889778965013482193e-01,1.953543723883251815e+00,-2.181726097732812342e+00
1.989583333333333481e-01,7.162500000000000000e+01,5.088644603612670902e-01,6.882211942594220755e-01,1.947883273416365801e+00,-2.176881159987493319e+00
1.993055555555555691e-01,7.175000000000000000e+01,5.095398298241280433e-01,6.874661718326441351e-01,1.942249280851973126e+00,-2.172050399786937369e+00
1.996527777777777901e-01,7.187500000000000000e+01,5.102132476996632526e-01,6.867128242596245435e-01,1.936642206745015082e+00,-2.167234038983776756e+00
2.000000000000000111e-01,7.200000000000000000e+01,5.108847234137615656e-01,6.859611465026304034e-01,1.931062506426418857e+00,-2.162432295465636312e+00
2.003472222222222321e-01,7.212500000000000000e+01,5.115542665494998698e-01,6.852111334489576766e-01,1.925510629960051512e+00,-2.157645383184689791e+00
2.006944444444444531e-01,7.225000000000000000e+01,5.122218868453063401e-01,6.844627799122923184e-01,1.919987022100836604e+00,-2.152873512187752247e+00
2.010416666666666741e-01,7.237500000000000000e+01,5.128875941931105853e-01,6.837160806340606412e-01,1.914492122254044970e+00,-2.148116888646862677e+00
2.013888888888888951e-01,7.250000000000000000e+01,5.135513986364792505e-01,6.829710302847697978e-01,1.909026364435758349e+00,-2.143375714890379591e+00
2.017361111111111160e-01,7.262500000000000000e+01,5.142133103687371865e-01,6.822276234653373850e-01,1.903590177234502745e+00,-2.138650189434555760e+00
2.020833333333333370e-01,7.275000000000000000e+01,5.148733397310777393e-01,6.814858547084078344e-01,1.898183983774070827e+00,-2.133940507015595234e+00
2.024305555555555580e-01,7.287500000000000000e+01,5.155314972106576077e-01,6.807457184796611438e-01,1.892808201677527613e+00,-2.129246858622176219e+00
2.027777777777777790e-01,7.300000000000000000e+01,5.161877934386820410e-01,6.800072091791073969e-01,1.887463243032402316e+00,-2.124569431528436247e+00
2.031250000000000000e-01,7.312500000000000000e+01,5.168422391884761602e-01,6.792703211423711807e-01,1.882149514357076558e+00,-2.119908409327400545e+00
2.034722222222222210e-01,7.325000000000000000e+01,5.174948453735450649e-01,6.785350486419635674e-01,1.876867416568367197e+00,-2.115263971964851386e+00
2.038194444444444420e-01,7.337500000000000000e+01,5.181456230456252809e-01,6.778013858885424403e-01,1.871617344950299744e+00,-2.110636295773617555e+00
2.041666666666666630e-01,7.350000000000000000e+01,5.187945833927213313e-01,6.770693270321620494e-01,1.866399689124097927e+00,-2.106025553508296788e+00
2.045138888888888840e-01,7.362500000000000000e+01,5.194417377371365330e-01,6.763388661635072463e-01,1.861214833019358528e+00,-2.101431914380362365e+00
2.048611111111111327e-01,7.375000000000001421e+01,5.200870975334899171e-01,6.756099973151202809e-01,1.856063154846444796e+00,-2.096855544093679136e+00
2.052083333333333537e-01,7.387500000000001421e+01,5.207306743667275972e-01,6.748827144626102781e-01,1.850945027070073357e+00,-2.092296604880408140e+00
2.055555555555555747e-01,7.400000000000000000e+01,5.213724799501223695e-01,6.741570115258535001e-01,1.845860816384118142e+00,-2.087755255537264709e+00
2.059027777777777957e-01,7.412500000000000000e+01,5.220125261232656522e-01,6.734328823701792865e-01,1.840810883687618915e+00,-2.083231651462167822e+00
2.062500000000000167e-01,7.425000000000000000e+01,5.226508248500518761e-01,6.727103208075446705e-01,1.835795584061996610e+00,-2.078725944691221184e+00
2.065972222222222376e-01,7.437500000000000000e+01,5.232873882166546586e-01,6.719893205976941175e-01,1.830815266749483916e+00,-2.074238283936040261e+00
2.069444444444444586e-01,7.450000000000000000e+01,5.239222284294950960e-01,6.712698754493079401e-01,1.825870275132752685e+00,-2.069768814621419040e+00
2.072916666666666796e-01,7.462500000000000000e+01,5.245553578132046146e-01,6.705519790211371678e-01,1.820960946715766138e+00,-2.065317678923305422e+00
2.076388888888889006e-01,7.475000000000000000e+01,5.251867888085806069e-01,6.698356249231242066e-01,1.816087613105830556e+00,-2.060885015807089715e+00
2.079861111111111216e-01,7.487500000000000000e+01,5.258165339705348496e-01,6.691208067175118401e-01,1.811250599996852007e+00,-2.056470961066192871e+00
2.083333333333333426e-01,7.500000000000000000e+01,5.264446059660394805e-01,6.684075179199372441e-01,1.806450227153808097e+00,-2.052075647360945165e+00
2.086805555555555636e-01,7.512500000000000000e+01,5.270710175720637602e-01,6.676957520005130098e-01,1.801686808398415440e+00,-2.047699204257719785e+00
2.090277777777777846e-01,7.525000000000000000e+01,5.276957816735097229e-01,6.669855023848955122e-01,1.796960651596009928e+00,-2.043341758268363062e+00
2.093750000000000056e-01,7.537500000000000000e+01,5.283189112611407223e-01,6.662767624553370682e-01,1.792272058643623822e+00,-2.039003432889847645e+00
2.097222222222222265e-01,7.550000000000000000e+01,5.289404194295083128e-01,6.655695255517276587e-01,1.787621325459255672e+00,-2.034684348644193452e+00
2.100694444444444475e-01,7.562500000000000000e+01,5.295603193748736892e-01,6.648637849726193316e-01,1.783008741972352373e+00,-2.030384623118592469e+00
2.104166666666666685e-01,7.575000000000000000e+01,5.301786243931269071e-01,6.641595339762393913e-01,1.778434592115470503e+00,-2.026104371005778670e+00
2.107638888888888895e-01,7.587500000000000000e+01,5.307953478777037715e-01,6.634567657814873787e-01,1.773899153817134255e+00,-2.021843704144592913e+00
2.111111111111111105e-01,7.600000000000000000e+01,5.314105033174997272e-01,6.627554735689202836e-01,1.769402698995882650e+00,-2.017602731560740104e+00
2.114583333333333315e-01,7.612500000000000000e+01,5.320241042947820853e-01,6.620556504817205479e-01,1.764945493555495570e+00,-2.013381559507752883e+00
2.118055555555555525e-01,7.625000000000000000e+01,5.326361644831015818e-01,6.613572896266528556e-01,1.760527797381403747e+00,-2.009180291508099625e+00
2.121527777777777735e-01,7.637500000000000000e+01,5.332466976452010510e-01,6.606603840750047141e-01,1.756149864338270694e+00,-2.004999028394481186e+00
2.124999999999999944e-01,7.650000000000000000e+01,5.338557176309260965e-01,6.599649268635134902e-01,1.751811942268750144e+00,-2.000837868351270643e+00
2.128472222222222432e-01,7.662500000000001421e+01,5.344632383751325433e-01,6.592709109952779034e-01,1.747514272993401452e+00,-1.996696906956085149e+00
2.131944444444444642e-01,7.675000000000000000e+01,5.350692738955967753e-01,6.585783294406568622e-01,1.743257092311775613e+00,-1.992576237221504787e+00
2.135416666666666852e-01,7.687500000000000000e+01,5.356738382909248530e-01,6.578871751381526467e-01,1.739040630004652144e+00,-1.988475949636889561e+00
2.138888888888889062e-01,7.700000000000000000e+01,5.362769457384635174e-01,6.571974409952795471e-01,1.734865109837424146e+00,-1.984396132210315189e+00
2.142361111111111271e-01,7.712500000000000000e+01,5.368786104922118607e-01,6.565091198894177360e-01,1.730730749564630466e+00,-1.980336870510602143e+00
2.145833333333333481e-01,7.725000000000000000e+01,5.374788468807355502e-01,6.558222046686543738e-01,1.726637760935627153e+00,-1.976298247709428413e+00
2.149305555555555691e-01,7.737500000000000000e+01,5.380776693050831616e-01,6.551366881526067276e-01,1.722586349701387798e+00,-1.972280344623507098e+00
2.152777777777777901e-01,7.750000000000000000e+01,5.386750922367035121e-01,6.544525631332335225e-01,1.718576715622427420e+00,-1.968283239756837721e+00
2.156250000000000111e-01,7.762500000000000000e+01,5.392711302153688768e-01,6.537698223756311933e-01,1.714609052477852114e+00,-1.964307009342998400e+00
2.159722222222222321e-01,7.775000000000000000e+01,5.398657978470979835e-01,6.530884586188134833e-01,1.710683548075509819e+00,-1.960351727387482423e+00
2.163194444444444531e-01,7.787500000000000000e+01,5.404591098020865569e-01,6.524084645764790524e-01,1.706800384263249759e+00,-1.956417465710057257e+00
2.166666666666666741e-01,7.800000000000000000e+01,5.410510808126383075e-01,6.517298329377619881e-01,1.702959736941280777e+00,-1.952504293987143313e+00
2.170138888888888951e-01,7.812500000000000000e+01,5.416417256711028028e-01,6.510525563679696592e-01,1.699161776075609032e+00,-1.948612279794192270e+00
2.173611111111111160e-01,7.825000000000000000e+01,5.422310592278180019e-01,6.503766275093038063e-01,1.695406665712560601e+00,-1.944741488648073169e+00
2.177083333333333370e-01,7.837500000000000000e+01,5.428190963890562326e-01,6.497020389815690855e-01,1.691694563994380784e+00,-1.940891984049421426e+00
2.180555555555555580e-01,7.850000000000000000e+01,5.434058521149779386e-01,6.490287833828646269e-01,1.688025623175881895e+00,-1.937063827524976078e+00
2.184027777777777790e-01,7.862500000000000000e+01,5.439913414175902018e-01,6.483568532902632686e-01,1.684399989642159534e+00,-1.933257078669871731e+00
2.187500000000000000e-01,7.875000000000000000e+01,5.445755793587123694e-01,6.476862412604738051e-01,1.680817803927342258e+00,-1.929471795189877881e+00
2.190972222222222210e-01,7.887500000000000000e+01,5.451585810479466776e-01,6.470169398304906894e-01,1.677279200734385745e+00,-1.925708032943579173e+00
2.194444444444444420e-01,7.900000000000000000e+01,5.457403616406584224e-01,6.463489415182276376e-01,1.673784308955883482e+00,-1.921965845984486831e+00
2.197916666666666630e-01,7.912500000000000000e+01,5.463209363359613491e-01,6.456822388231363563e-01,1.670333251695900634e+00,-1.918245286603061706e+00
2.201388888888888840e-01,7.925000000000000000e+01,5.469003203747121455e-01,6.450168242268130570e-01,1.666926146292808886e+00,-1.914546405368647619e+00
2.204861111111111327e-01,7.937500000000001421e+01,5.474785290375123736e-01,6.443526901935874296e-01,1.663563104343122268e+00,-1.910869251171290362e+00
2.208333333333333537e-01,7.950000000000001421e+01,5.480555776427192827e-01,6.436898291710988484e-01,1.660244231726310415e+00,-1.907213871263464311e+00
2.211805555555555747e-01,7.962500000000000000e+01,5.486314815444647275e-01,6.430282335908583669e-01,1.656969628630589941e+00,-1.903580311301644068e+00
2.215277777777777957e-01,7.975000000000000000e+01,5.492062561306840784e-01,6.423678958687947249e-01,1.653739389579683028e+00,-1.899968615387761739e+00
2.218750000000000167e-01,7.987500000000000000e+01,5.497799168211540133e-01,6.417088084057874786e-01,1.650553603460522378e+00,-1.896378826110505678e+00
2.222222222222222376e-01,8.000000000000000000e+01,5.503524790655405230e-01,6.410509635881853630e-01,1.647412353551898301e+00,-1.892810984586466017e+00
2.225694444444444586e-01,8.012500000000000000e+01,5.509239583414559105e-01,6.403943537883102222e-01,1.644315717554039935e+00,-1.889265130501112333e+00
2.229166666666666796e-01,8.025000000000000000e+01,5.514943701525278907e-01,6.397389713649463960e-01,1.641263767619106417e+00,-1.885741302149589460e+00
2.232638888888889006e-01,8.037500000000000000e+01,5.520637300264785718e-01,6.390848086638171166e-01,1.638256570382591537e+00,-1.882239536477330777e+00
2.236111111111111216e-01,8.050000000000000000e+01,5.526320535132138723e-01,6.384318580180458058e-01,1.635294186995615906e+00,-1.878759869120467663e+00
2.239583333333333426e-01,8.062500000000000000e+01,5.531993561829255945e-01,6.377801117486034954e-01,1.632376673158107971e+00,-1.875302334446033115e+00
2.243055555555555636e-01,8.075000000000000000e+01,5.537656536242046013e-01,6.371295621647429241e-01,1.629504079152844120e+00,-1.871866965591945542e+00
2.246527777777777846e-01,8.087500000000000000e+01,5.543309614421650933e-01,6.364802015644184241e-01,1.626676449880352315e+00,-1.868453794506762078e+00
2.250000000000000056e-01,8.100000000000000000e+01,5.548952952565826546e-01,6.358320222346913742e-01,1.623893824894661497e+00,-1.865062851989197856e+00
2.253472222222222265e-01,8.112500000000000000e+01,5.554586707000440660e-01,6.351850164521236630e-01,1.621156238439872554e+00,-1.861694167727391935e+00
2.256944444444444475e-01,8.125000000000000000e+01,5.560211034161098853e-01,6.345391764831554982e-01,1.618463719487553298e+00,-1.858347770337921423e+00
2.260416666666666685e-01,8.137500000000000000e+01,5.565826090574905738e-01,6.338944945844712242e-01,1.615816291774936353e+00,-1.855023687404538046e+00
2.263888888888888895e-01,8.150000000000000000e+01,5.571432032842351667e-01,6.332509630033517078e-01,1.613213973843907301e+00,-1.851721945516637824e+00
2.267361111111111105e-01,8.162500000000000000e+01,5.577029017619352658e-01,6.326085739780117345e-01,1.610656779080770207e+00,-1.848442570307438082e+00
2.270833333333333315e-01,8.175000000000000000e+01,5.582617201599404666e-01,6.319673197379270801e-01,1.608144715756775867e+00,-1.845185586491862928e+00
2.274305555555555525e-01,8.187500000000000000e+01,5.588196741495909947e-01,6.313271925041453736e-01,1.605677787069397455e+00,-1.841951017904117638e+00
2.277777777777777735e-01,8.200000000000000000e+01,5.593767794024618878e-01,6.306881844895857459e-01,1.603255991184346030e+00,-1.838738887534955957e+00
2.281250000000000222e-01,8.212500000000001421e+01,5.599330515886244974e-01,6.300502878993260447e-01,1.600879321278303458e+00,-1.835549217568616776e+00
2.284722222222222432e-01,8.225000000000001421e+01,5.604885063749206475e-01,6.294134949308757276e-01,1.598547765582362112e+00,-1.832382029419436842e+00
2.288194444444444642e-01,8.237500000000000000e+01,5.610431594232536678e-01,6.287777977744374303e-01,1.596261307426158016e+00,-1.829237343768115975e+00
2.291666666666666852e-01,8.250000000000000000e+01,5.615970263888940828e-01,6.281431886131545461e-01,1.594019925282682548e+00,-1.826115180597633225e+00
2.295138888888889062e-01,8.262500000000000000e+01,5.621501229188010651e-01,6.275096596233483703e-01,1.591823592813752963e+00,-1.823015559228813309e+00
2.298611111111111271e-01,8.275000000000000000e+01,5.627024646499602101e-01,6.268772029747414765e-01,1.589672278916135273e+00,-1.819938498355510692e+00
2.302083333333333481e-01,8.287500000000000000e+01,5.632540672077366306e-01,6.262458108306692139e-01,1.587565947768297292e+00,-1.816884016079436837e+00
2.305555555555555691e-01,8.300000000000000000e+01,5.638049462042449278e-01,6.256154753482791042e-01,1.585504558877782078e+00,-1.813852129944586222e+00
2.309027777777777901e-01,8.312500000000000000e+01,5.643551172367365920e-01,6.249861886787194676e-01,1.583488067129180887e+00,-1.810842856971289327e+00
2.312500000000000111e-01,8.325000000000000000e+01,5.649045958860017258e-01,6.243579429673143943e-01,1.581516422832698776e+00,-1.807856213689849723e+00
2.315972222222222321e-01,8.337500000000000000e+01,5.654533977147901957e-01,6.237307303537289460e-01,1.579589571773284629e+00,-1.804892216173785480e+00
2.319444444444444531e-01,8.350000000000000000e+01,5.660015382662485495e-01,6.231045429721211448e-01,1.577707455260325409e+00,-1.801950880072646477e+00
2.322916666666666741e-01,8.362500000000000000e+01,5.665490330623755844e-01,6.224793729512844154e-01,1.575870010177880864e+00,-1.799032220644423585e+00
2.326388888888888951e-01,8.375000000000000000e+01,5.670958976024931264e-01,6.218552124147775917e-01,1.574077169035435819e+00,-1.796136252787505994e+00
2.329861111111111160e-01,8.387500000000000000e+01,5.676421473617367930e-01,6.212320534810441552e-01,1.572328860019171159e+00,-1.793262991072222423e+00
2.333333333333333370e-01,8.400000000000000000e+01,5.681877977895645193e-01,6.206098882635208147e-01,1.570625007043727095e+00,-1.790412449771927150e+00
2.336805555555555580e-01,8.412500000000000000e+01,5.687328643082805169e-01,6.199887088707359828e-01,1.568965529804440262e+00,-1.787584642893631282e+00
2.340277777777777790e-01,8.425000000000000000e+01,5.692773623115816584e-01,6.193685074063957074e-01,1.567350343830045789e+00,-1.784779584208182168e+00
2.343750000000000000e-01,8.437500000000000000e+01,5.698213071631179627e-01,6.187492759694614985e-01,1.565779360535829001e+00,-1.781997287279978526e+00
2.347222222222222210e-01,8.450000000000000000e+01,5.703647141950750621e-01,6.181310066542162751e-01,1.564252487277199455e+00,-1.779237765496202828e+00
2.350694444444444420e-01,8.462500000000000000e+01,5.709075987067731006e-01,6.175136915503219859e-01,1.562769627403688188e+00,-1.776501032095586963e+00
2.354166666666666630e-01,8.475000000000000000e+01,5.714499759632851728e-01,6.168973227428647954e-01,1.561330680313334662e+00,-1.773787100196683175e+00
2.357638888888889117e-01,8.487500000000001421e+01,5.719918611940755238e-01,6.162818923123927206e-01,1.559935541507461387e+00,-1.771095982825649617e+00
2.361111111111111327e-01,8.500000000000001421e+01,5.725332695916550696e-01,6.156673923349429423e-01,1.558584102645811376e+00,-1.768427692943536522e+00
2.364583333333333537e-01,8.512500000000001421e+01,5.730742163102580111e-01,6.150538148820600126e-01,1.557276251602033978e+00,-1.765782243473064561e+00
2.368055555555555747e-01,8.525000000000000000e+01,5.736147164645365448e-01,6.144411520208040711e-01,1.556011872519509343e+00,-1.763159647324901824e+00
2.371527777777777957e-01,8.537500000000000000e+01,5.741547851282751136e-01,6.138293958137505113e-01,1.554790845867479510e+00,-1.760559917423418996e+00
2.375000000000000167e-01,8.550000000000000000e+01,5.746944373331250855e-01,6.132185383189813210e-01,1.553613048497492599e+00,-1.757983066731923172e+00
2.378472222222222376e-01,8.562500000000000000e+01,5.752336880673578623e-01,6.126085715900669859e-01,1.552478353700116109e+00,-1.755429108277374750e+00
2.381944444444444586e-01,8.575000000000000000e+01,5.757725522746384161e-01,6.119994876760400659e-01,1.551386631261934212e+00,-1.752898055174557435e+00
2.385416666666666796e-01,8.587500000000000000e+01,5.763110448528189211e-01,6.113912786213607786e-01,1.550337747522782417e+00,-1.750389920649725095e+00
2.388888888888889006e-01,8.600000000000000000e+01,5.768491806527514809e-01,6.107839364658743664e-01,1.549331565433226032e+00,-1.747904718063704843e+00
2.392361111111111216e-01,8.612500000000000000e+01,5.773869744771217283e-01,6.101774532447599153e-01,1.548367944612248914e+00,-1.745442460934444329e+00
2.395833333333333426e-01,8.625000000000000000e+01,5.779244410793018538e-01,6.095718209884722905e-01,1.547446741405158921e+00,-1.743003162959022578e+00
2.399305555555555636e-01,8.637500000000000000e+01,5.784615951622237295e-01,6.089670317226767438e-01,1.546567808941658351e+00,-1.740586838035090178e+00
2.402777777777777846e-01,8.650000000000000000e+01,5.789984513772727936e-01,6.083630774681745290e-01,1.545730997194103118e+00,-1.738193500281762116e+00
2.406250000000000056e-01,8.662500000000000000e+01,5.795350243232022525e-01,6.077599502408232990e-01,1.544936153035902926e+00,-1.735823164059942858e+00
2.409722222222222265e-01,8.675000000000000000e+01,5.800713285450664891e-01,6.071576420514495087e-01,1.544183120300066880e+00,-1.733475843992076548e+00
2.413194444444444475e-01,8.687500000000000000e+01,5.806073785331758996e-01,6.065561449057539356e-01,1.543471739837859014e+00,-1.731151554981337881e+00
2.416666666666666685e-01,8.700000000000000000e+01,5.811431887220716019e-01,6.059554508042114263e-01,1.542801849577569051e+00,-1.728850312230234776e+00
2.420138888888888895e-01,8.712500000000000000e+01,5.816787734895212392e-01,6.053555517419633158e-01,1.542173284583365556e+00,-1.726572131258642173e+00
2.423611111111111105e-01,8.725000000000000000e+01,5.822141471555342118e-01,6.047564397087050736e-01,1.541585877114221681e+00,-1.724317027921245193e+00
2.427083333333333315e-01,8.737500000000000000e+01,5.827493239813977821e-01,6.041581066885658435e-01,1.541039456682896658e+00,-1.722085018424402314e+00
2.430555555555555525e-01,8.750000000000000000e+01,5.832843181687342726e-01,6.035605446599842105e-01,1.540533850114960135e+00,-1.719876119342420795e+00
2.434027777777777735e-01,8.762500000000000000e+01,5.838191438585776938e-01,6.029637455955780823e-01,1.540068881607833839e+00,-1.717690347633228587e+00
2.437500000000000222e-01,8.775000000000001421e+01,5.843538151304727979e-01,6.023677014620077985e-01,1.539644372789847893e+00,-1.715527720653472032e+00
2.440972222222222432e-01,8.787500000000001421e+01,5.848883460015903424e-01,6.017724042198365764e-01,1.539260142779288909e+00,-1.713388256172995172e+00
2.444444444444444642e-01,8.800000000000000000e+01,5.854227504258697756e-01,6.011778458233829614e-01,1.538916008243411015e+00,-1.711271972388735962e+00
2.447916666666666852e-01,8.812500000000000000e+01,5.859570422931745792e-01,6.005840182205715028e-01,1.538611783457432658e+00,-1.709178887938012537e+00
2.451388888888889062e-01,8.825000000000000000e+01,5.864912354284752549e-01,5.999909133527768779e-01,1.538347280363449476e+00,-1.707109021911207947e+00
2.454861111111111271e-01,8.837500000000000000e+01,5.870253435910467443e-01,5.993985231546651304e-01,1.538122308629299884e+00,-1.705062393863850945e+00
2.458333333333333481e-01,8.850000000000000000e+01,5.875593804736906067e-01,5.988068395540293576e-01,1.537936675707329170e+00,-1.703039023828083476e+00
2.461805555555555691e-01,8.862500000000000000e+01,5.880933597019751824e-01,5.982158544716230653e-01,1.537790186893053912e+00,-1.701038932323529096e+00
2.465277777777777901e-01,8.875000000000000000e+01,5.886272948334974053e-01,5.976255598209885278e-01,1.537682645383722013e+00,-1.699062140367540330e+00
2.468750000000000111e-01,8.887500000000000000e+01,5.891611993571639339e-01,5.970359475082825940e-01,1.537613852336719766e+00,-1.697108669484845178e+00
2.472222222222222321e-01,8.900000000000000000e+01,5.896950866924930423e-01,5.964470094320990512e-01,1.537583606927849678e+00,-1.695178541716568787e+00
2.475694444444444531e-01,8.912500000000000000e+01,5.902289701889369411e-01,5.958587374832869932e-01,1.537591706409432879e+00,-1.693271779628657381e+00
2.479166666666666741e-01,8.925000000000000000e+01,5.907628631252239693e-01,5.952711235447687432e-01,1.537637946168240566e+00,-1.691388406319667581e+00
2.482638888888888951e-01,8.937500000000000000e+01,5.912967787087198834e-01,5.946841594913522266e-01,1.537722119783233365e+00,-1.689528445427960213e+00
2.486111111111111160e-01,8.950000000000000000e+01,5.918307300748119060e-01,5.940978371895428989e-01,1.537844019083088432e+00,-1.687691921138270157e+00
2.489583333333333370e-01,8.962500000000000000e+01,5.923647302863094266e-01,5.935121484973533423e-01,1.538003434203509157e+00,-1.685878858187656260e+00
2.493055555555555580e-01,8.975000000000000000e+01,5.928987923328667975e-01,5.929270852641099765e-01,1.538200153644300627e+00,-1.684089281870849053e+00
2.496527777777777790e-01,8.987500000000000000e+01,5.934329291304246690e-01,5.923426393302587689e-01,1.538433964326186398e+00,-1.682323218044962543e+00
2.500000000000000000e-01,9.000000000000000000e+01,5.939671535206729747e-01,5.917588025271695029e-01,1.538704651647369914e+00,-1.680580693133615799e+00
2.503472222222222210e-01,9.012500000000000000e+01,5.945014782705292378e-01,5.911755666769381579e-01,1.539011999539809938e+00,-1.678861734130416838e+00
2.506944444444444420e-01,9.025000000000000000e+01,5.950359160716424123e-01,5.905929235921884013e-01,1.539355790525210876e+00,-1.677166368601847868e+00
2.510416666666666630e-01,9.037500000000000000e+01,5.955704795399107132e-01,5.900108650758724149e-01,1.539735805770694910e+00,-1.675494624689527701e+00
2.513888888888888840e-01,9.050000000000000000e+01,5.961051812150212070e-01,5.894293829210711655e-01,1.540151825144165709e+00,-1.673846531111867986e+00
2.517361111111111049e-01,9.062500000000000000e+01,5.966400335600097193e-01,5.888484689107933434e-01,1.540603627269331977e+00,-1.672222117165114819e+00
2.520833333333333259e-01,9.075000000000000000e+01,5.971750489608360635e-01,5.882681148177751895e-01,1.541090989580387927e+00,-1.670621412723778176e+00
2.524305555555555469e-01,9.087500000000000000e+01,5.977102397259822508e-01,5.876883124042793227e-01,1.541613688376327618e+00,-1.669044448240457612e+00
2.527777777777777679e-01,9.100000000000000000e+01,5.982456180860670214e-01,5.871090534218941226e-01,1.542171498874888469e+00,-1.667491254745057994e+00
2.531249999999999889e-01,9.112500000000000000e+01,5.987811961934793592e-01,5.865303296113342224e-01,1.542764195266114191e+00,-1.665961863843394397e+00
2.534722222222222099e-01,9.125000000000000000e+01,5.993169861220317696e-01,5.859521327022396697e-01,1.543391550765510489e+00,-1.664456307715208583e+00
2.538194444444444309e-01,9.137500000000000000e+01,5.998529998666302099e-01,5.853744544129781957e-01,1.544053337666790426e+00,-1.662974619111565522e+00
2.541666666666666519e-01,9.150000000000000000e+01,6.003892493429641153e-01,5.847972864504463741e-01,1.544749327394202565e+00,-1.661516831351663726e+00
2.545138888888888729e-01,9.162500000000000000e+01,6.009257463872117455e-01,5.842206205098741112e-01,1.545479290554414353e+00,-1.660082978319042279e+00
2.548611111111110938e-01,9.175000000000000000e+01,6.014625027557676251e-01,5.836444482746284690e-01,1.546242996987953644e+00,-1.658673094457196129e+00
2.552083333333333703e-01,9.187500000000001421e+01,6.019995301249836395e-01,5.830687614160207088e-01,1.547040215820185471e+00,-1.657287214764598060e+00
2.555555555555555913e-01,9.200000000000001421e+01,6.025368400909297817e-01,5.824935515931137786e-01,1.547870715511819428e+00,-1.655925374789135152e+00
2.559027777777778123e-01,9.212500000000001421e+01,6.030744441691728852e-01,5.819188104525339078e-01,1.548734263908935649e+00,-1.654587610621953475e+00
2.562500000000000333e-01,9.225000000000001421e+01,6.036123537945706774e-01,5.813445296282816477e-01,1.549630628292509416e+00,-1.653273958890726592e+00
2.565972222222222543e-01,9.237500000000001421e+01,6.041505803210852621e-01,5.807707007415477962e-01,1.550559575427439940e+00,-1.651984456752341623e+00
2.569444444444444753e-01,9.250000000000001421e+01,6.046891350216109240e-01,5.801973154005306554e-01,1.551520871611049346e+00,-1.650719141885006014e+00
2.572916666666666963e-01,9.262500000000001421e+01,6.052280290878218061e-01,5.796243652002566193e-01,1.552514282721068284e+00,-1.649478052479792956e+00
2.576388888888889173e-01,9.275000000000001421e+01,6.057672736300331318e-01,5.790518417224034264e-01,1.553539574263074430e+00,-1.648261227231604842e+00
2.579861111111111382e-01,9.287500000000001421e+01,6.063068796770810787e-01,5.784797365351270759e-01,1.554596511417382310e+00,-1.647068705329582716e+00
2.583333333333333592e-01,9.300000000000001421e+01,6.068468581762167524e-01,5.779080411928918526e-01,1.555684859085382232e+00,-1.645900526446947731e+00
2.586805555555555802e-01,9.312500000000001421e+01,6.073872199930187010e-01,5.773367472363039044e-01,1.556804381935299908e+00,-1.644756730730296601e+00
2.590277777777778012e-01,9.325000000000001421e+01,6.079279759113185300e-01,5.767658461919493718e-01,1.557954844447387854e+00,-1.643637358788329506e+00
2.593750000000000222e-01,9.337500000000001421e+01,6.084691366331443918e-01,5.761953295722356261e-01,1.559136010958523499e+00,-1.642542451680049309e+00
2.597222222222222432e-01,9.350000000000001421e+01,6.090107127786784647e-01,5.756251888752368373e-01,1.560347645706209097e+00,-1.641472050902403668e+00
2.600694444444444642e-01,9.362500000000000000e+01,6.095527148862295297e-01,5.750554155845443161e-01,1.561589512871970786e+00,-1.640426198377399780e+00
2.604166666666666852e-01,9.375000000000000000e+01,6.100951534122220909e-01,5.744860011691215185e-01,1.562861376624135268e+00,-1.639404936438674687e+00
2.607638888888889062e-01,9.387500000000000000e+01,6.106380387311978186e-01,5.739169370831628259e-01,1.564163001159989408e+00,-1.638408307817550646e+00
2.611111111111111271e-01,9.400000000000000000e+01,6.111813811358340898e-01,5.733482147659588746e-01,1.565494150747307467e+00,-1.637436355628559603e+00
2.614583333333333481e-01,9.412500000000000000e+01,6.117251908369744084e-01,5.727798256417652167e-01,1.566854589765225514e+00,-1.636489123354455844e+00
2.618055555555555691e-01,9.425000000000000000e+01,6.122694779636750351e-01,5.722117611196780862e-01,1.568244082744486789e+00,-1.635566654830710176e+00
2.621527777777777901e-01,9.437500000000000000e+01,6.128142525632640503e-01,5.716440125935133842e-01,1.569662394407014494e+00,-1.634668994229508954e+00
2.625000000000000111e-01,9.450000000000000000e+01,6.133595246014144076e-01,5.710765714416941030e-01,1.571109289704828216e+00,-1.633796186043239951e+00
2.628472222222222321e-01,9.462500000000000000e+01,6.139053039622309749e-01,5.705094290271407464e-01,1.572584533858288225e+00,-1.632948275067499955e+00
2.631944444444444531e-01,9.475000000000000000e+01,6.144516004483496774e-01,5.699425766971699669e-01,1.574087892393657651e+00,-1.632125306383594543e+00
2.635416666666666741e-01,9.487500000000000000e+01,6.149984237810504073e-01,5.693760057833983090e-01,1.575619131179984977e+00,-1.631327325340577339e+00
2.638888888888888951e-01,9.500000000000000000e+01,6.155457836003827010e-01,5.688097076016520592e-01,1.577178016465288879e+00,-1.630554377536796773e+00
2.642361111111111160e-01,9.512500000000000000e+01,6.160936894653025186e-01,5.682436734518842014e-01,1.578764314912047384e+00,-1.629806508800981879e+00
2.645833333333333370e-01,9.525000000000000000e+01,6.166421508538235674e-01,5.676778946180980334e-01,1.580377793631983829e+00,-1.629083765172864906e+00
2.649305555555555580e-01,9.537500000000000000e+01,6.171911771631779509e-01,5.671123623682765569e-01,1.582018220220138049e+00,-1.628386192883346739e+00
2.652777777777777790e-01,9.550000000000000000e+01,6.177407777099905850e-01,5.665470679543207488e-01,1.583685362788222362e+00,-1.627713838334213126e+00
2.656250000000000000e-01,9.562500000000000000e+01,6.182909617304639394e-01,5.659820026119926073e-01,1.585378989997258570e+00,-1.627066748077409031e+00
2.659722222222222210e-01,9.575000000000000000e+01,6.188417383805746574e-01,5.654171575608677447e-01,1.587098871089483554e+00,-1.626444968793876233e+00
2.663194444444444420e-01,9.587500000000000000e+01,6.193931167362801693e-01,5.648525240042933104e-01,1.588844775919524999e+00,-1.625848547271970812e+00
2.666666666666666630e-01,9.600000000000000000e+01,6.199451057937377385e-01,5.642880931293555724e-01,1.590616474984840600e+00,-1.625277530385444091e+00
2.670138888888888840e-01,9.612500000000000000e+01,6.204977144695316138e-01,5.637238561068531606e-01,1.592413739455410093e+00,-1.624731965071031681e+00
2.673611111111111049e-01,9.625000000000000000e+01,6.210509516009118380e-01,5.631598040912798586e-01,1.594236341202690088e+00,-1.624211898305612634e+00
2.677083333333333259e-01,9.637500000000000000e+01,6.216048259460440484e-01,5.625959282208140566e-01,1.596084052827811517e+00,-1.623717377082994018e+00
2.680555555555555469e-01,9.650000000000000000e+01,6.221593461842657158e-01,5.620322196173179741e-01,1.597956647689024789e+00,-1.623248448390283816e+00
2.684027777777777679e-01,9.662500000000000000e+01,6.227145209163548190e-01,5.614686693863432110e-01,1.599853899928393108e+00,-1.622805159183897672e+00
2.687499999999999889e-01,9.675000000000000000e+01,6.232703586648065119e-01,5.609052686171452917e-01,1.601775584497711957e+00,-1.622387556365182171e+00
2.690972222222222099e-01,9.687500000000000000e+01,6.238268678741180073e-01,5.603420083827084230e-01,1.603721477183678301e+00,-1.621995686755671295e+00
2.694444444444444309e-01,9.700000000000000000e+01,6.243840569110837846e-01,5.597788797397766913e-01,1.605691354632286405e+00,-1.621629597071987172e+00
2.697916666666666519e-01,9.712500000000000000e+01,6.249419340650966825e-01,5.592158737288948078e-01,1.607684994372452936e+00,-1.621289333900388208e+00
2.701388888888888729e-01,9.725000000000000000e+01,6.255005075484599830e-01,5.586529813744582906e-01,1.609702174838869571e+00,-1.620974943670978163e+00
2.704861111111110938e-01,9.737500000000000000e+01,6.260597854967044906e-01,5.580901936847718625e-01,1.611742675394087554e+00,-1.620686472631575947e+00
2.708333333333333703e-01,9.750000000000001421e+01,6.266197759689150493e-01,5.575275016521171745e-01,1.613806276349820212e+00,-1.620423966821261885e+00
2.711805555555555913e-01,9.762500000000001421e+01,6.271804869480641642e-01,5.569648962528309655e-01,1.615892758987466316e+00,-1.620187472043612686e+00
2.715277777777778123e-01,9.775000000000001421e+01,6.277419263413508421e-01,5.564023684473897724e-01,1.618001905577862942e+00,-1.619977033839622438e+00
2.718750000000000333e-01,9.787500000000001421e+01,6.283041019805485350e-01,5.558399091805076297e-01,1.620133499400245203e+00,-1.619792697460319619e+00
2.722222222222222543e-01,9.800000000000001421e+01,6.288670216223581910e-01,5.552775093812403195e-01,1.622287324760436356e+00,-1.619634507839105231e+00
2.725694444444444753e-01,9.812500000000001421e+01,6.294306929487678559e-01,5.547151599631010566e-01,1.624463167008246778e+00,-1.619502509563801596e+00
2.729166666666666963e-01,9.825000000000001421e+01,6.299951235674174921e-01,5.541528518241852774e-01,1.626660812554098889e+00,-1.619396746848424717e+00
2.732638888888889173e-01,9.837500000000001421e+01,6.305603210119707924e-01,5.535905758473050886e-01,1.628880048884854270e+00,-1.619317263504705284e+00
2.736111111111111382e-01,9.850000000000001421e+01,6.311262927424909908e-01,5.530283229001348166e-01,1.631120664578881385e+00,-1.619264102913340553e+00
2.739583333333333592e-01,9.862500000000001421e+01,6.316930461458230006e-01,5.524660838353643300e-01,1.633382449320313956e+00,-1.619237307995010200e+00
2.743055555555555802e-01,9.875000000000001421e+01,6.322605885359787736e-01,5.519038494908650172e-01,1.635665193912544835e+00,-1.619236921181149480e+00
2.746527777777778012e-01,9.887500000000001421e+01,6.328289271545293193e-01,5.513416106898640923e-01,1.637968690290936058e+00,-1.619262984384503890e+00
2.750000000000000222e-01,9.900000000000001421e+01,6.333980691709988342e-01,5.507793582411301125e-01,1.640292731534737314e+00,-1.619315538969454682e+00
2.753472222222222432e-01,9.912500000000001421e+01,6.339680216832641602e-01,5.502170829391689333e-01,1.642637111878242795e+00,-1.619394625722141212e+00
2.756944444444444642e-01,9.925000000000000000e+01,6.345387917179583503e-01,5.496547755644288769e-01,1.645001626721146248e+00,-1.619500284820394320e+00
2.760416666666666852e-01,9.937500000000000000e+01,6.351103862308755676e-01,5.490924268835174482e-01,1.647386072638147514e+00,-1.619632555803457885e+00
2.763888888888889062e-01,9.950000000000000000e+01,6.356828121073820892e-01,5.485300276494289307e-01,1.649790247387755260e+00,-1.619791477541554503e+00
2.767361111111111271e-01,9.962500000000000000e+01,6.362560761628280881e-01,5.479675686017814185e-01,1.652213949920341873e+00,-1.619977088205262206e+00
2.770833333333333481e-01,9.975000000000000000e+01,6.368301851429625238e-01,5.474050404670652847e-01,1.654656980385410758e+00,-1.620189425234741298e+00
2.774305555555555691e-01,9.987500000000000000e+01,6.374051457243511409e-01,5.468424339589017524e-01,1.657119140138102686e+00,-1.620428525308809764e+00
2.777777777777777901e-01,1.000000000000000000e+02,6.379809645147960229e-01,5.462797397783138997e-01,1.659600231744941201e+00,-1.620694424313868565e+00
2.781250000000000111e-01,1.001250000000000000e+02,6.385576480537569211e-01,5.457169486140053261e-01,1.662100058988802198e+00,-1.620987157312710814e+00
2.784722222222222321e-01,1.002500000000000000e+02,6.391352028127742502e-01,5.451540511426533619e-01,1.664618426873140988e+00,-1.621306758513191060e+00
2.788194444444444531e-01,1.003750000000000000e+02,6.397136351958941924e-01,5.445910380292100506e-01,1.667155141625451309e+00,-1.621653261236801757e+00
2.791666666666666741e-01,1.005000000000000000e+02,6.402929515400931360e-01,5.440278999272158966e-01,1.669710010699977154e+00,-1.622026697887131164e+00
2.795138888888888951e-01,1.006250000000000000e+02,6.408731581157048884e-01,5.434646274791247178e-01,1.672282842779676537e+00,-1.622427099918240412e+00
2.798611111111111160e-01,1.007500000000000000e+02,6.414542611268471139e-01,5.429012113166375997e-01,1.674873447777440516e+00,-1.622854497802955320e+00
2.802083333333333370e-01,1.008750000000000000e+02,6.420362667118488798e-01,5.423376420610498405e-01,1.677481636836573697e+00,-1.623308921001086258e+00
2.805555555555555580e-01,1.010000000000000000e+02,6.426191809436774260e-01,5.417739103236085541e-01,1.680107222330531336e+00,-1.623790397927582507e+00
2.809027777777777790e-01,1.011250000000000000e+02,6.432030098303650467e-01,5.412100067058799313e-01,1.682750017861940339e+00,-1.624298955920639553e+00
2.812500000000000000e-01,1.012500000000000000e+02,6.437877593154364142e-01,5.406459218001297140e-01,1.685409838260879978e+00,-1.624834621209768182e+00
2.815972222222222210e-01,1.013750000000000000e+02,6.443734352783335728e-01,5.400816461897128828e-01,1.688086499582450939e+00,-1.625397418883813616e+00
2.819444444444444420e-01,1.015000000000000000e+02,6.449600435348407101e-01,5.395171704494763354e-01,1.690779819103623405e+00,-1.625987372858977764e+00
2.822916666666666630e-01,1.016250000000000000e+02,6.455475898375089283e-01,5.389524851461703348e-01,1.693489615319379693e+00,-1.626604505846809934e+00
2.826388888888888840e-01,1.017500000000000000e+02,6.461360798760767965e-01,5.383875808388733919e-01,1.696215707938148354e+00,-1.627248839322203544e+00
2.829861111111111049e-01,1.018750000000000000e+02,6.467255192778919026e-01,5.378224480794261408e-01,1.698957917876540380e+00,-1.627920393491402606e+00
2.833333333333333259e-01,1.020000000000000000e+02,6.473159136083288523e-01,5.372570774128788695e-01,1.701716067253396192e+00,-1.628619187260022638e+00
2.836805555555555469e-01,1.021250000000000000e+02,6.479072683712059355e-01,5.366914593779471554e-01,1.704489979383143172e+00,-1.629345238201101109e+00
2.840277777777777679e-01,1.022500000000000000e+02,6.484995890091986848e-01,5.361255845074812676e-01,1.707279478768474634e+00,-1.630098562523187855e+00
2.843749999999999889e-01,1.023750000000000000e+02,6.490928809042511016e-01,5.355594433289448952e-01,1.710084391092355327e+00,-1.630879175038479900e+00
2.847222222222222099e-01,1.025000000000000000e+02,6.496871493779844409e-01,5.349930263649053108e-01,1.712904543209359476e+00,-1.631687089131022894e+00
2.850694444444444309e-01,1.026250000000000000e+02,6.502823996921014427e-01,5.344263241335356351e-01,1.715739763136351792e+00,-1.632522316724968725e+00
2.854166666666666519e-01,1.027500000000000000e+02,6.508786370487897877e-01,5.338593271491258729e-01,1.718589880042514562e+00,-1.633384868252925726e+00
2.857638888888888729e-01,1.028750000000000000e+02,6.514758665911185576e-01,5.332920259226081594e-01,1.721454724238732359e+00,-1.634274752624382376e+00
2.861111111111111494e-01,1.030000000000000142e+02,6.520740934034341407e-01,5.327244109620890011e-01,1.724334127166333275e+00,-1.635191977194246027e+00
2.864583333333333703e-01,1.031250000000000142e+02,6.526733225117496984e-01,5.321564727733966160e-01,1.727227921385208420e+00,-1.636136547731472213e+00
2.868055555555555913e-01,1.032500000000000142e+02,6.532735588841322993e-01,5.315882018606349346e-01,1.730135940561301044e+00,-1.637108468387830529e+00
2.871527777777778123e-01,1.033750000000000142e+02,6.538748074310839487e-01,5.310195887267523673e-01,1.733058019453493470e+00,-1.638107741666780859e+00
2.875000000000000333e-01,1.035000000000000142e+02,6.544770730059192854e-01,5.304506238741182322e-01,1.735993993899874299e+00,-1.639134368392503038e+00
2.878472222222222543e-01,1.036250000000000142e+02,6.550803604051373963e-01,5.298812978051118394e-01,1.738943700803416981e+00,-1.640188347679064185e+00
2.881944444444444753e-01,1.037500000000000142e+02,6.556846743687891887e-01,5.293116010227216783e-01,1.741906978117074400e+00,-1.641269676899747010e+00
2.885416666666666963e-01,1.038750000000000142e+02,6.562900195808395454e-01,5.287415240311541531e-01,1.744883664828270842e+00,-1.642378351656547997e+00
2.888888888888889173e-01,1.040000000000000142e+02,6.568964006695230395e-01,5.281710573364558625e-01,1.747873600942859706e+00,-1.643514365749849215e+00
2.892361111111111382e-01,1.041250000000000142e+02,6.575038222076954320e-01,5.276001914471419862e-01,1.750876627468477054e+00,-1.644677711148280874e+00
2.895833333333333592e-01,1.042500000000000142e+02,6.581122887131782839e-01,5.270289168748395481e-01,1.753892586397372000e+00,-1.645868377958769946e+00
2.899305555555555802e-01,1.043750000000000142e+02,6.587218046490976864e-01,5.264572241349376736e-01,1.756921320688680455e+00,-1.647086354396817276e+00
2.902777777777778012e-01,1.045000000000000142e+02,6.593323744242166606e-01,5.258851037472505041e-01,1.759962674250165060e+00,-1.648331626756959434e+00
2.906250000000000222e-01,1.046250000000000142e+02,6.599440023932617860e-01,5.253125462366884380e-01,1.763016491919431550e+00,-1.649604179383483915e+00
2.909722222222222432e-01,1.047500000000000142e+02,6.605566928572425001e-01,5.247395421339404731e-01,1.766082619444623747e+00,-1.650903994641362615e+00
2.913194444444444642e-01,1.048750000000000000e+02,6.611704500637632931e-01,5.241660819761670975e-01,1.769160903464622736e+00,-1.652231052887431773e+00
2.916666666666666852e-01,1.050000000000000000e+02,6.617852782073309070e-01,5.235921563077018392e-01,1.772251191488738664e+00,-1.653585332441833256e+00
2.920138888888889062e-01,1.051250000000000000e+02,6.624011814296507650e-01,5.230177556807639183e-01,1.775353331875920926e+00,-1.654966809559703655e+00
2.923611111111111271e-01,1.052500000000000000e+02,6.630181638199209582e-01,5.224428706561793367e-01,1.778467173813493396e+00,-1.656375458403150702e+00
2.927083333333333481e-01,1.053750000000000000e+02,6.636362294151137986e-01,5.218674918041136257e-01,1.781592567295421592e+00,-1.657811251013501019e+00
2.930555555555555691e-01,1.055000000000000000e+02,6.642553822002530417e-01,5.212916097048120312e-01,1.784729363100122423e+00,-1.659274157283834761e+00
2.934027777777777901e-01,1.056250000000000000e+02,6.648756261086831154e-01,5.207152149493504689e-01,1.787877412767832963e+00,-1.660764144931834441e+00
2.937500000000000111e-01,1.057500000000000000e+02,6.654969650223276911e-01,5.201382981403955830e-01,1.791036568577537347e+00,-1.662281179472921755e+00
2.940972222222222321e-01,1.058750000000000000e+02,6.661194027719443689e-01,5.195608498929740193e-01,1.794206683523478896e+00,-1.663825224193725694e+00
2.944444444444444531e-01,1.060000000000000000e+02,6.667429431373670390e-01,5.189828608352510253e-01,1.797387611291247023e+00,-1.665396240125869065e+00
2.947916666666666741e-01,1.061250000000000000e+02,6.673675898477430257e-01,5.184043216093173756e-01,1.800579206233470009e+00,-1.666994186020091639e+00
2.951388888888888951e-01,1.062500000000000000e+02,6.679933465817595728e-01,5.178252228719865125e-01,1.803781323345113652e+00,-1.668619018320715242e+00
2.954861111111111160e-01,1.063750000000000000e+02,6.686202169678625573e-01,5.172455552955995683e-01,1.806993818238393557e+00,-1.670270691140456787e+00
2.958333333333333370e-01,1.065000000000000000e+02,6.692482045844675431e-01,5.166653095688386044e-01,1.810216547117327934e+00,-1.671949156235610134e+00
2.961805555555555580e-01,1.066250000000000000e+02,6.698773129601589549e-01,5.160844763975505067e-01,1.813449366751919367e+00,-1.673654362981581656e+00
2.965277777777777790e-01,1.067500000000000000e+02,6.705075455738841450e-01,5.155030465055757682e-01,1.816692134451997287e+00,-1.675386258348818602e+00
2.968750000000000000e-01,1.068750000000000000e+02,6.711389058551340270e-01,5.149210106355900374e-01,1.819944708040720727e+00,-1.677144786879104510e+00
2.972222222222222210e-01,1.070000000000000000e+02,6.717713971841187126e-01,5.143383595499496641e-01,1.823206945827755332e+00,-1.678929890662264057e+00
2.975694444444444420e-01,1.071250000000000000e+02,6.724050228919303818e-01,5.137550840315476819e-01,1.826478706582137956e+00,-1.680741509313253168e+00
2.979166666666666630e-01,1.072500000000000000e+02,6.730397862606982695e-01,5.131711748846777832e-01,1.829759849504835278e+00,-1.682579579949665227e+00
2.982638888888888840e-01,1.073750000000000000e+02,6.736756905237347715e-01,5.125866229359035131e-01,1.833050234201021089e+00,-1.684444037169658070e+00
2.986111111111111049e-01,1.075000000000000000e+02,6.743127388656692256e-01,5.120014190349387873e-01,1.836349720652057149e+00,-1.686334813030290425e+00
2.989583333333333259e-01,1.076250000000000000e+02,6.749509344225755880e-01,5.114155540555328505e-01,1.839658169187225578e+00,-1.688251837026305102e+00
2.993055555555555469e-01,1.077500000000000000e+02,6.755902802820867858e-01,5.108290188963633405e-01,1.842975440455192571e+00,-1.690195036069336076e+00
2.996527777777777679e-01,1.078750000000000000e+02,6.762307794835009656e-01,5.102418044819380105e-01,1.846301395395225864e+00,-1.692164334467577858e+00
2.999999999999999889e-01,1.080000000000000000e+02,6.768724350178779714e-01,5.096539017635006719e-01,1.849635895208192826e+00,-1.694159653905893181e+00
3.003472222222222099e-01,1.081250000000000000e+02,6.775152498281247215e-01,5.090653017199465724e-01,1.852978801327321623e+00,-1.696180913426392101e+00
3.006944444444444309e-01,1.082500000000000000e+02,6.781592268090701481e-01,5.084759953587426606e-01,1.856329975388763209e+00,-1.698228029409468709e+00
3.010416666666666519e-01,1.083750000000000000e+02,6.788043688075318105e-01,5.078859737168552879e-01,1.859689279201953260e+00,-1.700300915555325476e+00
3.013888888888888729e-01,1.085000000000000000e+02,6.794506786223702965e-01,5.072952278616839061e-01,1.863056574719785585e+00,-1.702399482865961655e+00
3.017361111111111494e-01,1.086250000000000142e+02,6.800981590045328540e-01,5.067037488920012045e-01,1.866431724008617454e+00,-1.704523639627667286e+00
3.020833333333333703e-01,1.087500000000000142e+02,6.807468126570892508e-01,5.061115279388987975e-01,1.869814589218101952e+00,-1.706673291393997260e+00
3.024305555555555913e-01,1.088750000000000142e+02,6.813966422352539798e-01,5.055185561667390193e-01,1.873205032550884885e+00,-1.708848340969254087e+00
3.027777777777778123e-01,1.090000000000000142e+02,6.820476503464010243e-01,5.049248247741122686e-01,1.876602916232154028e+00,-1.711048688392478034e+00
3.031250000000000333e-01,1.091250000000000142e+02,6.826998395500643024e-01,5.043303249947999056e-01,1.880008102479060028e+00,-1.713274230921946861e+00
3.034722222222222543e-01,1.092500000000000142e+02,6.833532123579311168e-01,5.037350480987424772e-01,1.883420453470028066e+00,-1.715524863020194024e+00
3.038194444444444753e-01,1.093750000000000142e+02,6.840077712338230587e-01,5.031389853930131606e-01,1.886839831313965599e+00,-1.717800476339557791e+00
3.041666666666666963e-01,1.095000000000000142e+02,6.846635185936660317e-01,5.025421282227956477e-01,1.890266098019376173e+00,-1.720100959708258381e+00
3.045138888888889173e-01,1.096250000000000142e+02,6.853204568054506174e-01,5.019444679723668035e-01,1.893699115463399973e+00,-1.722426199117013113e+00
3.048611111111111382e-01,1.097500000000000142e+02,6.859785881891800052e-01,5.013459960660853199e-01,1.897138745360777534e+00,-1.724776077706186905e+00
3.052083333333333592e-01,1.098750000000000142e+02,6.866379150168100409e-01,5.007467039693818123e-01,1.900584849232767048e+00,-1.727150475753504555e+00
3.055555555555555802e-01,1.100000000000000142e+02,6.872984395121749523e-01,5.001465831897567993e-01,1.904037288376016823e+00,-1.729549270662303462e+00
3.059027777777778012e-01,1.101250000000000142e+02,6.879601638509046380e-01,4.995456252777787931e-01,1.907495923831397322e+00,-1.731972336950349911e+00
3.062500000000000222e-01,1.102500000000000142e+02,6.886230901603306309e-01,4.989438218280900506e-01,1.910960616352821662e+00,-1.734419546239219123e+00
3.065972222222222432e-01,1.103750000000000142e+02,6.892872205193804058e-01,4.983411644804121576e-01,1.914431226376059447e+00,-1.736890767244237965e+00
3.069444444444444642e-01,1.105000000000000000e+02,6.899525569584622486e-01,4.977376449205578313e-01,1.917907613987539062e+00,-1.739385865765012307e+00
3.072916666666666852e-01,1.106250000000000000e+02,6.906191014593380251e-01,4.971332548814447749e-01,1.921389638893185925e+00,-1.741904704676515925e+00
3.076388888888889062e-01,1.107500000000000000e+02,6.912868559549856240e-01,4.965279861441121434e-01,1.924877160387263642e+00,-1.744447143920776266e+00
3.079861111111111271e-01,1.108750000000000000e+02,6.919558223294511867e-01,4.959218305387412817e-01,1.928370037321277097e+00,-1.747013040499132197e+00
3.083333333333333481e-01,1.110000000000000000e+02,6.926260024176895680e-01,4.953147799456769085e-01,1.931868128072903090e+00,-1.749602248465097709e+00
3.086805555555555691e-01,1.111250000000000000e+02,6.932973980053940277e-01,4.947068262964524066e-01,1.935371290514995568e+00,-1.752214618917807609e+00
3.090277777777777901e-01,1.112500000000000000e+02,6.939700108288164859e-01,4.940979615748168907e-01,1.938879381984656369e+00,-1.754849999996062726e+00
3.093750000000000111e-01,1.113750000000000000e+02,6.946438425745753431e-01,4.934881778177633294e-01,1.942392259252393227e+00,-1.757508236872985519e+00
3.097222222222222321e-01,1.115000000000000000e+02,6.953188948794537527e-01,4.928774671165601640e-01,1.945909778491367037e+00,-1.760189171751272763e+00
3.100694444444444531e-01,1.116250000000000000e+02,6.959951693301870135e-01,4.922658216177823176e-01,1.949431795246752364e+00,-1.762892643859060637e+00
3.104166666666666741e-01,1.117500000000000000e+02,6.966726674632393035e-01,4.916532335243455343e-01,1.952958164405206309e+00,-1.765618489446400874e+00
3.107638888888888951e-01,1.118750000000000000e+02,6.973513907645686460e-01,4.910396950965408291e-01,1.956488740164469498e+00,-1.768366541782351087e+00
3.111111111111111160e-01,1.120000000000000000e+02,6.980313406693841038e-01,4.904251986530692164e-01,1.960023376003110052e+00,-1.771136631152690821e+00
3.114583333333333370e-01,1.121250000000000000e+02,6.987125185618896506e-01,4.898097365720789909e-01,1.963561924650407464e+00,-1.773928584858250002e+00
3.118055555555555580e-01,1.122500000000000000e+02,6.993949257750191606e-01,4.891933012922013435e-01,1.967104238056403442e+00,-1.776742227213862213e+00
3.121527777777777790e-01,1.123750000000000000e+02,7.000785635901610737e-01,4.885758853135880875e-01,1.970650167362125060e+00,-1.779577379547951255e+00
3.125000000000000000e-01,1.125000000000000000e+02,7.007634332368715135e-01,4.879574811989479954e-01,1.974199562869982438e+00,-1.782433860202740750e+00
3.128472222222222210e-01,1.126250000000000000e+02,7.014495358925786350e-01,4.873380815745840255e-01,1.977752274014366485e+00,-1.785311484535092807e+00
3.131944444444444420e-01,1.127500000000000000e+02,7.021368726822756479e-01,4.867176791314294926e-01,1.981308149332446700e+00,-1.788210064917986619e+00
3.135416666666666630e-01,1.128750000000000000e+02,7.028254446782047360e-01,4.860962666260830733e-01,1.984867036435177035e+00,-1.791129410742630101e+00
3.138888888888888840e-01,1.130000000000000000e+02,7.035152528995306520e-01,4.854738368818450889e-01,1.988428781978530013e+00,-1.794069328421199039e+00
3.142361111111111049e-01,1.131250000000000000e+02,7.042062983120033204e-01,4.848503827897502338e-01,1.991993231634967998e+00,-1.797029621390235476e+00
3.145833333333333259e-01,1.132500000000000000e+02,7.048985818276114479e-01,4.842258973096002506e-01,1.995560230065147378e+00,-1.800010090114656069e+00
3.149305555555555469e-01,1.133750000000000000e+02,7.055921043042279184e-01,4.836003734709955482e-01,1.999129620889883219e+00,-1.803010532092434781e+00
3.152777777777777679e-01,1.135000000000000000e+02,7.062868665452415318e-01,4.829738043743637133e-01,2.002701246662376366e+00,-1.806030741859896427e+00
3.156249999999999889e-01,1.136250000000000000e+02,7.069828692991835251e-01,4.823461831919877429e-01,2.006274948840707673e+00,-1.809070510997683456e+00
3.159722222222222099e-01,1.137500000000000000e+02,7.076801132593416588e-01,4.817175031690297260e-01,2.009850567760624873e+00,-1.812129628137339576e+00
3.163194444444444309e-01,1.138750000000000000e+02,7.083785990633654217e-01,4.810877576245556342e-01,2.013427942608610799e+00,-1.815207878968557065e+00
3.166666666666666519e-01,1.140000000000000000e+02,7.090783272928635750e-01,4.804569399525533413e-01,2.017006911395256452e+00,-1.818305046247059797e+00
3.170138888888889284e-01,1.141250000000000142e+02,7.097792984729905941e-01,4.798250436229516414e-01,2.020587310928946057e+00,-1.821420909803134647e+00
3.173611111111111494e-01,1.142500000000000142e+02,7.104815130720237848e-01,4.791920621826334381e-01,2.024168976789858743e+00,-1.824555246550815246e+00
3.177083333333333703e-01,1.143750000000000142e+02,7.111849715009342932e-01,4.785579892564469917e-01,2.027751743304300636e+00,-1.827707830497693475e+00
3.180555555555555913e-01,1.145000000000000142e+02,7.118896741129462358e-01,4.779228185482128910e-01,2.031335443519366457e+00,-1.830878432755402629e+00
3.184027777777778123e-01,1.146250000000000142e+02,7.125956212030876147e-01,4.772865438417286943e-01,2.034919909177963948e+00,-1.834066821550718318e+00
3.187500000000000333e-01,1.147500000000000142e+02,7.133028130077343487e-01,4.766491590017671864e-01,2.038504970694170915e+00,-1.837272762237328605e+00
3.190972222222222543e-01,1.148750000000000142e+02,7.140112497041440909e-01,4.760106579750733036e-01,2.042090457128970193e+00,-1.840496017308233867e+00
3.194444444444444753e-01,1.150000000000000142e+02,7.147209314099824962e-01,4.753710347913535084e-01,2.045676196166346550e+00,-1.843736346408796800e+00
3.197916666666666963e-01,1.151250000000000142e+02,7.154318581828400525e-01,4.747302835642643881e-01,2.049262014089769934e+00,-1.846993506350428360e+00
3.201388888888889173e-01,1.152500000000000142e+02,7.161440300197431386e-01,4.740883984923919825e-01,2.052847735759060210e+00,-1.850267251124926293e+00
3.204861111111111382e-01,1.153750000000000142e+02,7.168574468566550895e-01,4.734453738602296125e-01,2.056433184587643570e+00,-1.853557331919448270e+00
3.208333333333333592e-01,1.155000000000000142e+02,7.175721085679699351e-01,4.728012040391481041e-01,2.060018182520226837e+00,-1.856863497132120511e+00
3.211805555555555802e-01,1.156250000000000142e+02,7.182880149659988112e-01,4.721558834883627376e-01,2.063602550010855907e+00,-1.860185492388286344e+00
3.215277777777778012e-01,1.157500000000000142e+02,7.190051658004485979e-01,4.715094067558918689e-01,2.067186106001417389e+00,-1.863523060557406019e+00
3.218750000000000222e-01,1.158750000000000142e+02,7.197235607578934546e-01,4.708617684795109448e-01,2.070768667900544813e+00,-1.866875941770560710e+00
3.222222222222222432e-01,1.160000000000000142e+02,7.204431994612379153e-01,4.702129633877010217e-01,2.074350051562968922e+00,-1.870243873438612647e+00
3.225694444444444642e-01,1.161250000000000000e+02,7.211640814691752110e-01,4.695629863005891247e-01,2.077930071269301404e+00,-1.873626590270991876e+00
3.229166666666666852e-01,1.162500000000000000e+02,7.218862062756360443e-01,4.689118321308832771e-01,2.081508539706260930e+00,-1.877023824295103838e+00
3.232638888888889062e-01,1.163750000000000000e+02,7.226095733092325890e-01,4.682594958848002031e-01,2.085085267947357046e+00,-1.880435304876363345e+00
3.236111111111111271e-01,1.165000000000000000e+02,7.233341819326944977e-01,4.676059726629865909e-01,2.088660065434022606e+00,-1.883860758738857166e+00
3.239583333333333481e-01,1.166250000000000000e+02,7.240600314422992456e-01,4.669512576614316401e-01,2.092232739957226251e+00,-1.887299909986624114e+00
3.243055555555555691e-01,1.167500000000000000e+02,7.247871210672963693e-01,4.662953461723733928e-01,2.095803097639534762e+00,-1.890752480125551305e+00
3.246527777777777901e-01,1.168750000000000000e+02,7.255154499693236003e-01,4.656382335851977916e-01,2.099370942917668348e+00,-1.894218188085880605e+00
3.250000000000000111e-01,1.170000000000000000e+02,7.262450172418208894e-01,4.649799153873274138e-01,2.102936078525528441e+00,-1.897696750245338126e+00
3.253472222222222321e-01,1.171250000000000000e+02,7.269758219094339946e-01,4.643203871651048753e-01,2.106498305477719768e+00,-1.901187880452857693e+00
3.256944444444444531e-01,1.172500000000000000e+02,7.277078629274167376e-01,4.636596446046661324e-01,2.110057423053556036e+00,-1.904691290052920483e+00
3.260416666666666741e-01,1.173750000000000000e+02,7.284411391810234893e-01,4.629976834928066221e-01,2.113613228781572317e+00,-1.908206687910480648e+00
3.263888888888888951e-01,1.175000000000000000e+02,7.291756494849007675e-01,4.623344997178361893e-01,2.117165518424537929e+00,-1.911733780436508656e+00
3.267361111111111160e-01,1.176250000000000000e+02,7.299113925824709526e-01,4.616700892704280745e-01,2.120714085964976015e+00,-1.915272271614105515e+00
3.270833333333333370e-01,1.177500000000000000e+02,7.306483671453102291e-01,4.610044482444567993e-01,2.124258723591192499e+00,-1.918821863025220065e+00
3.274305555555555580e-01,1.178750000000000000e+02,7.313865717725257509e-01,4.603375728378272802e-01,2.127799221683836173e+00,-1.922382253877948255e+00
3.277777777777777790e-01,1.180000000000000000e+02,7.321260049901238132e-01,4.596694593532939521e-01,2.131335368802956598e+00,-1.925953141034408622e+00
3.281250000000000000e-01,1.181250000000000000e+02,7.328666652503768031e-01,4.590001041992703978e-01,2.134866951675615798e+00,-1.929534219039198639e+00
3.284722222222222210e-01,1.182500000000000000e+02,7.336085509311830455e-01,4.583295038906300412e-01,2.138393755184004874e+00,-1.933125180148418831e+00
3.288194444444444420e-01,1.183750000000000000e+02,7.343516603354260930e-01,4.576576550494942386e-01,2.141915562354105962e+00,-1.936725714359265105e+00
3.291666666666666630e-01,1.185000000000000000e+02,7.350959916903276881e-01,4.569845544060120446e-01,2.145432154344897757e+00,-1.940335509440186179e+00
3.295138888888888840e-01,1.186250000000000000e+02,7.358415431467960621e-01,4.563101987991291519e-01,2.148943310438084620e+00,-1.943954250961583030e+00
3.298611111111111049e-01,1.187500000000000000e+02,7.365883127787752338e-01,4.556345851773448974e-01,2.152448808028383453e+00,-1.947581622327086537e+00
3.302083333333333259e-01,1.188750000000000000e+02,7.373362985825864246e-01,4.549577105994597193e-01,2.155948422614351490e+00,-1.951217304805351827e+00
3.305555555555555469e-01,1.190000000000000000e+02,7.380854984762682536e-01,4.542795722353101251e-01,2.159441927789766513e+00,-1.954860977562416835e+00
3.309027777777777679e-01,1.191250000000000000e+02,7.388359102989142668e-01,4.536001673664946110e-01,2.162929095235555987e+00,-1.958512317694577121e+00
3.312499999999999889e-01,1.192500000000000000e+02,7.395875318100075813e-01,4.529194933870847040e-01,2.166409694712288392e+00,-1.962171000261808684e+00
3.315972222222222099e-01,1.193750000000000000e+02,7.403403606887526411e-01,4.522375478043267893e-01,2.169883494053211681e+00,-1.965836698321701936e+00
3.319444444444444309e-01,1.195000000000000000e+02,7.410943945334043104e-01,4.515543282393325586e-01,2.173350259157862840e+00,-1.969509082963913471e+00
3.322916666666666519e-01,1.196250000000000000e+02,7.418496308605970757e-01,4.508698324277545799e-01,2.176809753986227225e+00,-1.973187823345140979e+00
3.326388888888889284e-01,1.197500000000000142e+02,7.426060671046683659e-01,4.501840582204516550e-01,2.180261740553473881e+00,-1.976872586724587544e+00
3.329861111111111494e-01,1.198750000000000142e+02,7.433637006169849792e-01,4.494970035841426292e-01,2.183705978925246427e+00,-1.980563038499939310e+00
3.333333333333333703e-01,1.200000000000000142e+02,7.441225286652626281e-01,4.488086666020456028e-01,2.187142227213525025e+00,-1.984258842243831866e+00
3.336805555555555913e-01,1.201250000000000142e+02,7.448825484328897018e-01,4.481190454745045959e-01,2.190570241573053245e+00,-1.987959659740794471e+00
3.340277777777778123e-01,1.202500000000000142e+02,7.456437570182452568e-01,4.474281385196048899e-01,2.193989776198336905e+00,-1.991665151024692326e+00
3.343750000000000333e-01,1.203750000000000142e+02,7.464061514340186720e-01,4.467359441737739356e-01,2.197400583321212686e+00,-1.995374974416620928e+00
3.347222222222222543e-01,1.205000000000000142e+02,7.471697286065273058e-01,4.460424609923699935e-01,2.200802413208983843e+00,-1.999088786563280928e+00
3.350694444444444753e-01,1.206250000000000142e+02,7.479344853750353739e-01,4.453476876502555637e-01,2.204195014163132793e+00,-2.002806242475809739e+00
3.354166666666666963e-01,1.207500000000000142e+02,7.487004184910697191e-01,4.446516229423597144e-01,2.207578132518594138e+00,-2.006526995569062333e+00
3.357638888888889173e-01,1.208750000000000142e+02,7.494675246177375794e-01,4.439542657842250883e-01,2.210951512643619221e+00,-2.010250697701331912e+00
3.361111111111111382e-01,1.210000000000000142e+02,7.502358003290440225e-01,4.432556152125406435e-01,2.214314896940187793e+00,-2.013976999214525776e+00
3.364583333333333592e-01,1.211250000000000142e+02,7.510052421092091590e-01,4.425556703856624030e-01,2.217668025845011659e+00,-2.017705548974749075e+00
3.368055555555555802e-01,1.212500000000000142e+02,7.517758463519857992e-01,4.418544305841176634e-01,2.221010637831097867e+00,-2.021435994413328885e+00
3.371527777777778012e-01,1.213750000000000142e+02,7.525476093599782201e-01,4.411518952110973779e-01,2.224342469409885670e+00,-2.025167981568240183e+00
3.375000000000000222e-01,1.215000000000000142e+02,7.533205273439614880e-01,4.404480637929307774e-01,2.227663255133959908e+00,-2.028901155125954148e+00
3.378472222222222432e-01,1.216250000000000142e+02,7.540945964222016684e-01,4.397429359795489434e-01,2.230972727600316841e+00,-2.032635158463670155e+00
3.381944444444444642e-01,1.217500000000000000e+02,7.548698126197779246e-01,4.390365115449315070e-01,2.234270617454219732e+00,-2.036369633691949232e+00
3.385416666666666852e-01,1.218750000000000000e+02,7.556461718679048367e-01,4.383287903875388025e-01,2.237556653393599770e+00,-2.040104221697725873e+00
3.388888888888889062e-01,1.220000000000000000e+02,7.564236700032579419e-01,4.376197725307293118e-01,2.240830562174041418e+00,-2.043838562187703545e+00
3.392361111111111271e-01,1.221250000000000000e+02,7.572023027672994955e-01,4.369094581231617869e-01,2.244092068614321533e+00,-2.047572293732107696e+00
3.395833333333333481e-01,1.222500000000000000e+02,7.579820658056072302e-01,4.361978474391828842e-01,2.247340895602506272e+00,-2.051305053808800682e+00
3.399305555555555691e-01,1.223750000000000000e+02,7.587629546672056691e-01,4.354849408791978682e-01,2.250576764102620420e+00,-2.055036478847756864e+00
3.402777777777777901e-01,1.225000000000000000e+02,7.595449648038988810e-01,4.347707389700268266e-01,2.253799393161866504e+00,-2.058766204275861433e+00
3.406250000000000111e-01,1.226250000000000000e+02,7.603280915696052356e-01,4.340552423652460079e-01,2.257008499918402578e+00,-2.062493864562066292e+00
3.409722222222222321e-01,1.227500000000000000e+02,7.611123302196982632e-01,4.333384518455112300e-01,2.260203799609668884e+00,-2.066219093262847029e+00
3.413194444444444531e-01,1.228750000000000000e+02,7.618976759103459617e-01,4.326203683188677984e-01,2.263385005581276754e+00,-2.069941523067995615e+00
3.416666666666666741e-01,1.230000000000000000e+02,7.626841236978573191e-01,4.319009928210427174e-01,2.266551829296435727e+00,-2.073660785846712873e+00
3.420138888888888951e-01,1.231250000000000000e+02,7.634716685380283918e-01,4.311803265157226894e-01,2.269703980345923355e+00,-2.077376512693996702e+00
3.423611111111111160e-01,1.232500000000000000e+02,7.642603052854961554e-01,4.304583706948134081e-01,2.272841166458611450e+00,-2.081088333977331395e+00
3.427083333333333370e-01,1.233750000000000000e+02,7.650500286930925764e-01,4.297351267786845841e-01,2.275963093512519908e+00,-2.084795879383644301e+00
3.430555555555555580e-01,1.235000000000000000e+02,7.658408334112041249e-01,4.290105963163991509e-01,2.279069465546406548e+00,-2.088498777966548037e+00
3.434027777777777790e-01,1.236250000000000000e+02,7.666327139871353946e-01,4.282847809859229860e-01,2.282159984771895189e+00,-2.092196658193832715e+00
3.437500000000000000e-01,1.237500000000000000e+02,7.674256648644771639e-01,4.275576825943214199e-01,2.285234351586131751e+00,-2.095889147995226409e+00
3.440972222222222210e-01,1.238750000000000000e+02,7.682196803824782316e-01,4.268293030779368724e-01,2.288292264584956381e+00,-2.099575874810386100e+00
3.444444444444444420e-01,1.240000000000000000e+02,7.690147547754216939e-01,4.260996445025519441e-01,2.291333420576606716e+00,-2.103256465637136863e+00
3.447916666666666630e-01,1.241250000000000000e+02,7.698108821720088812e-01,4.253687090635329682e-01,2.294357514595936731e+00,-2.106930547079928218e+00
3.451388888888888840e-01,1.242500000000000000e+02,7.706080565947432959e-01,4.246364990859586297e-01,2.297364239919138740e+00,-2.110597745398508085e+00
3.454861111111111049e-01,1.243750000000000000e+02,7.714062719593248740e-01,4.239030170247320428e-01,2.300353288078987646e+00,-2.114257686556812565e+00
3.458333333333333259e-01,1.245000000000000000e+02,7.722055220740458026e-01,4.231682654646735653e-01,2.303324348880576800e+00,-2.117909996272044015e+00
3.461805555555555469e-01,1.246250000000000000e+02,7.730058006391947734e-01,4.224322471205984031e-01,2.306277110417559228e+00,-2.121554300063937859e+00
3.465277777777777679e-01,1.247500000000000000e+02,7.738071012464641241e-01,4.216949648373776727e-01,2.309211259088881363e+00,-2.125190223304219472e+00
3.468749999999999889e-01,1.248750000000000000e+02,7.746094173783663051e-01,4.209564215899794792e-01,2.312126479616005259e+00,-2.128817391266212500e+00
3.472222222222222099e-01,1.250000000000000000e+02,7.754127424076524555e-01,4.202166204834955066e-01,2.315022455060618434e+00,-2.132435429174628805e+00
3.475694444444444309e-01,1.251250000000000000e+02,7.762170695967408607e-01,4.194755647531485665e-01,2.317898866842816652e+00,-2.136043962255483208e+00
3.479166666666667074e-01,1.252500000000000142e+02,7.770223920971487397e-01,4.187332577642846609e-01,2.320755394759763224e+00,-2.139642615786170321e+00
3.482638888888889284e-01,1.253750000000000142e+02,7.778287029489331372e-01,4.179897030123452262e-01,2.323591717004821700e+00,-2.143231015145658613e+00
3.486111111111111494e-01,1.255000000000000142e+02,7.786359950801368113e-01,4.172449041228233346e-01,2.326407510187144201e+00,-2.146808785864813718e+00
3.489583333333333703e-01,1.256250000000000142e+02,7.794442613062428915e-01,4.164988648512024105e-01,2.329202449351716275e+00,-2.150375553676820317e+00
3.493055555555555913e-01,1.257500000000000142e+02,7.802534943296328684e-01,4.157515890828776262e-01,2.331976207999859163e+00,-2.153930944567725714e+00
3.496527777777778123e-01,1.258750000000000142e+02,7.810636867390566840e-01,4.150030808330587018e-01,2.334728458110171267e+00,-2.157474584827047348e+00
3.500000000000000333e-01,1.260000000000000142e+02,7.818748310091060416e-01,4.142533442466554972e-01,2.337458870159914159e+00,-2.161006101098487786e+00
3.503472222222222543e-01,1.261250000000000142e+02,7.826869194996984858e-01,4.135023835981469498e-01,2.340167113146825795e+00,-2.164525120430701666e+00
3.506944444444444753e-01,1.262500000000000142e+02,7.834999444555652559e-01,4.127502032914316943e-01,2.342852854611365387e+00,-2.168031270328142135e+00
3.510416666666666963e-01,1.263750000000000142e+02,7.843138980057515752e-01,4.119968078596602523e-01,2.345515760659374394e+00,-2.171524178801934379e+00
3.513888888888889173e-01,1.265000000000000142e+02,7.851287721631208250e-01,4.112422019650500693e-01,2.348155495985156271e+00,-2.175003474420816207e+00
3.517361111111111382e-01,1.266250000000000142e+02,7.859445588238695990e-01,4.104863903986848972e-01,2.350771723894961696e+00,-2.178468786362099952e+00
3.520833333333333592e-01,1.267500000000000142e+02,7.867612497670490868e-01,4.097293780802923058e-01,2.353364106330869454e+00,-2.181919744462645916e+00
3.524305555555555802e-01,1.268750000000000142e+02,7.875788366540960039e-01,4.089711700580071496e-01,2.355932303895068802e+00,-2.185355979269865578e+00
3.527777777777778012e-01,1.270000000000000142e+02,7.883973110283719610e-01,4.082117715081154397e-01,2.358475975874527730e+00,-2.188777122092712801e+00
3.531250000000000222e-01,1.271250000000000142e+02,7.892166643147097149e-01,4.074511877347820055e-01,2.360994780266032933e+00,-2.192182805052675487e+00
3.534722222222222432e-01,1.272500000000000142e+02,7.900368878189715227e-01,4.066894241697582291e-01,2.363488373801618803e+00,-2.195572661134745029e+00
3.538194444444444642e-01,1.273750000000000000e+02,7.908579727276134896e-01,4.059264863720738470e-01,2.365956411974345475e+00,-2.198946324238354233e+00
3.541666666666666852e-01,1.275000000000000000e+02,7.916799101072591327e-01,4.051623800277115439e-01,2.368398549064445024e+00,-2.202303429228290366e+00
3.545138888888889062e-01,1.276250000000000000e+02,7.925026909042841572e-01,4.043971109492613403e-01,2.370814438165820270e+00,-2.205643611985537600e+00
3.548611111111111271e-01,1.277500000000000000e+02,7.933263059444092269e-01,4.036306850755597142e-01,2.373203731212881973e+00,-2.208966509458086591e+00
3.552083333333333481e-01,1.278750000000000000e+02,7.941507459323007279e-01,4.028631084713109600e-01,2.375566079007729314e+00,-2.212271759711658348e+00
3.555555555555555691e-01,1.280000000000000000e+02,7.949760014511833006e-01,4.020943873266889512e-01,2.377901131247649680e+00,-2.215559001980358378e+00
3.559027777777777901e-01,1.281250000000000000e+02,7.958020629624611431e-01,4.013245279569235269e-01,2.380208536552957277e+00,-2.218827876717237135e+00
3.562500000000000111e-01,1.282500000000000000e+02,7.966289208053486393e-01,4.005535368018682263e-01,2.382487942495123079e+00,-2.222078025644762533e+00
3.565972222222222321e-01,1.283750000000000000e+02,7.974565651965110913e-01,3.997814204255512593e-01,2.384738995625236946e+00,-2.225309091805176998e+00
3.569444444444444531e-01,1.285000000000000000e+02,7.982849862297156651e-01,3.990081855157076030e-01,2.386961341502742862e+00,-2.228520719610738610e+00
3.572916666666666741e-01,1.286250000000000000e+02,7.991141738754916624e-01,3.982338388832949994e-01,2.389154624724481479e+00,-2.231712554893829470e+00
3.576388888888888951e-01,1.287500000000000000e+02,7.999441179808017832e-01,3.974583874619931345e-01,2.391318488954018218e+00,-2.234884244956949928e+00
3.579861111111111160e-01,1.288750000000000000e+02,8.007748082687230484e-01,3.966818383076827215e-01,2.393452576951228483e+00,-2.238035438622533846e+00
3.583333333333333370e-01,1.290000000000000000e+02,8.016062343381383792e-01,3.959041985979104283e-01,2.395556530602171552e+00,-2.241165786282630190e+00
3.586805555555555580e-01,1.291250000000000000e+02,8.024383856634382806e-01,3.951254756313347105e-01,2.397629990949205592e+00,-2.244274939948413206e+00
3.590277777777777790e-01,1.292500000000000000e+02,8.032712515942318499e-01,3.943456768271558777e-01,2.399672598221365583e+00,-2.247362553299514953e+00
3.593750000000000000e-01,1.293750000000000000e+02,8.041048213550727741e-01,3.935648097245268984e-01,2.401683991864985046e+00,-2.250428281733168667e+00
3.597222222222222210e-01,1.295000000000000000e+02,8.049390840451901008e-01,3.927828819819492168e-01,2.403663810574538040e+00,-2.253471782413169144e+00
3.600694444444444420e-01,1.296250000000000000e+02,8.057740286382336636e-01,3.919999013766515272e-01,2.405611692323728512e+00,-2.256492714318618198e+00
3.604166666666666630e-01,1.297500000000000000e+02,8.066096439820290565e-01,3.912158758039497308e-01,2.407527274396781269e+00,-2.259490738292458722e+00
3.607638888888888840e-01,1.298750000000000000e+02,8.074459187983438202e-01,3.904308132765922368e-01,2.409410193419956325e+00,-2.262465517089789380e+00
3.611111111111111049e-01,1.300000000000000000e+02,8.082828416826645102e-01,3.896447219240872784e-01,2.411260085393254204e+00,-2.265416715425936367e+00
3.614583333333333259e-01,1.301250000000000000e+02,8.091204011039843103e-01,3.888576099920147411e-01,2.413076585722325085e+00,-2.268344000024304030e+00
3.618055555555555469e-01,1.302500000000000000e+02,8.099585854046031930e-01,3.880694858413192283e-01,2.414859329250558240e+00,-2.271247039663951472e+00
3.621527777777777679e-01,1.303750000000000000e+02,8.107973827999371830e-01,3.872803579475893043e-01,2.416607950291350893e+00,-2.274125505226916477e+00
3.624999999999999889e-01,1.305000000000000000e+02,8.116367813783406104e-01,3.864902349003188076e-01,2.418322082660542716e+00,-2.276979069745279194e+00
3.628472222222222099e-01,1.306250000000000000e+02,8.124767691009390225e-01,3.856991254021517324e-01,2.420001359709020416e+00,-2.279807408447933170e+00
3.631944444444444309e-01,1.307500000000000000e+02,8.133173338014730858e-01,3.849070382681119562e-01,2.421645414355465764e+00,-2.282610198807077939e+00
3.635416666666667074e-01,1.308750000000000284e+02,8.141584631861547017e-01,3.841139824248157031e-01,2.423253879119250165e+00,-2.285387120584410958e+00
3.638888888888889284e-01,1.310000000000000000e+02,8.150001448335332244e-01,3.833199669096692963e-01,2.424826386153470015e+00,-2.288137855877016236e+00
3.642361111111111494e-01,1.311250000000000000e+02,8.158423661943748906e-01,3.825250008700500914e-01,2.426362567278108617e+00,-2.290862089162939874e+00
3.645833333333333703e-01,1.312500000000000000e+02,8.166851145915526855e-01,3.817290935624711445e-01,2.427862054013304238e+00,-2.293559507346430326e+00
3.649305555555555913e-01,1.313750000000000000e+02,8.175283772199479770e-01,3.809322543517319470e-01,2.429324477612757605e+00,-2.296229799802863791e+00
3.652777777777778123e-01,1.315000000000000000e+02,8.183721411463638074e-01,3.801344927100526183e-01,2.430749469097215787e+00,-2.298872658423327220e+00
3.656250000000000333e-01,1.316250000000000000e+02,8.192163933094495087e-01,3.793358182161917780e-01,2.432136659288059555e+00,-2.301487777658830947e+00
3.659722222222222543e-01,1.317500000000000000e+02,8.200611205196386422e-01,3.785362405545508735e-01,2.433485678840987099e+00,-2.304074854564192698e+00
3.663194444444444753e-01,1.318750000000000000e+02,8.209063094590950405e-01,3.777357695142625760e-01,2.434796158279760370e+00,-2.306633588841537907e+00
3.666666666666666963e-01,1.320000000000000000e+02,8.217519466816747276e-01,3.769344149882636885e-01,2.436067728030033575e+00,-2.309163682883428326e+00
3.670138888888889173e-01,1.321250000000000000e+02,8.225980186128974969e-01,3.761321869723531774e-01,2.437300018453236294e+00,-2.311664841815611826e+00
3.673611111111111382e-01,1.322500000000000000e+02,8.234445115499298140e-01,3.753290955642367144e-01,2.438492659880518332e+00,-2.314136773539380076e+00
3.677083333333333592e-01,1.323750000000000000e+02,8.242914116615804865e-01,3.745251509625555086e-01,2.439645282646733193e+00,-2.316579188773532305e+00
3.680555555555555802e-01,1.325000000000000000e+02,8.251387049883082137e-01,3.737203634658997076e-01,2.440757517124457543e+00,-2.318991801095913630e+00
3.684027777777778012e-01,1.326250000000000000e+02,8.259863774422401272e-01,3.729147434718096399e-01,2.441828993758054178e+00,-2.321374326984564362e+00
3.687500000000000222e-01,1.327500000000000000e+02,8.268344148072028776e-01,3.721083014757615715e-01,2.442859343097741220e+00,-2.323726485858434110e+00
3.690972222222222432e-01,1.328750000000000000e+02,8.276828027387651554e-01,3.713010480701390281e-01,2.443848195833680847e+00,-2.326048000117658887e+00
3.694444444444444642e-01,1.330000000000000000e+02,8.285315267642925363e-01,3.704929939431910735e-01,2.444795182830084013e+00,-2.328338595183419901e+00
3.697916666666666852e-01,1.331250000000000000e+02,8.293805722830134286e-01,3.696841498779762647e-01,2.445699935159288962e+00,-2.330597999537333376e+00
3.701388888888889062e-01,1.332500000000000000e+02,8.302299245660975657e-01,3.688745267512941184e-01,2.446562084135862403e+00,-2.332825944760412273e+00
3.704861111111111271e-01,1.333750000000000000e+02,8.310795687567451573e-01,3.680641355326009223e-01,2.447381261350653592e+00,-2.335022165571543518e+00
3.708333333333333481e-01,1.335000000000000000e+02,8.319294898702911389e-01,3.672529872829138342e-01,2.448157098704842216e+00,-2.337186399865521569e+00
3.711805555555555691e-01,1.336250000000000000e+02,8.327796727943149735e-01,3.664410931537031013e-01,2.448889228443945854e+00,-2.339318388750588618e+00
3.715277777777777901e-01,1.337500000000000000e+02,8.336301022887698808e-01,3.656284643857677374e-01,2.449577283191793242e+00,-2.341417876585505375e+00
3.718750000000000111e-01,1.338750000000000000e+02,8.344807629861181741e-01,3.648151123081015967e-01,2.450220895984438485e+00,-2.343484611016129371e+00
3.722222222222222321e-01,1.340000000000000000e+02,8.353316393914804738e-01,3.640010483367457361e-01,2.450819700304034399e+00,-2.345518343011491869e+00
3.725694444444444531e-01,1.341250000000000000e+02,8.361827158827959128e-01,3.631862839736283433e-01,2.451373330112632587e+00,-2.347518826899395172e+00
3.729166666666666741e-01,1.342500000000000000e+02,8.370339767109967744e-01,3.623708308053920635e-01,2.451881419885924007e+00,-2.349485820401467695e+00
3.732638888888888951e-01,1.343750000000000000e+02,8.378854060001900139e-01,3.615547005022095584e-01,2.452343604646884501e+00,-2.351419084667735415e+00
3.736111111111111160e-01,1.345000000000000000e+02,8.387369877478548785e-01,3.607379048165879620e-01,2.452759519999366589e+00,-2.353318384310654210e+00
3.739583333333333370e-01,1.346250000000000000e+02,8.395887058250491863e-01,3.599204555821597928e-01,2.453128802161563815e+00,-2.355183487438619938e+00
3.743055555555555580e-01,1.347500000000000000e+02,8.404405439766302610e-01,3.591023647124636509e-01,2.453451087999407143e+00,-2.357014165688945173e+00
3.746527777777777790e-01,1.348750000000000000e+02,8.412924858214839707e-01,3.582836441997134802e-01,2.453726015059841448e+00,-2.358810194260294590e+00
3.750000000000000000e-01,1.350000000000000000e+02,8.421445148527666458e-01,3.574643061135568400e-01,2.453953221603994539e+00,-2.360571351944583007e+00
3.753472222222222210e-01,1.351250000000000000e+02,8.429966144381608739e-01,3.566443625998206857e-01,2.454132346640224061e+00,-2.362297421158304989e+00
3.756944444444444420e-01,1.352500000000000000e+02,8.438487678201387343e-01,3.558238258792479347e-01,2.454263029957047149e+00,-2.363988187973322663e+00
3.760416666666666630e-01,1.353750000000000000e+02,8.447009581162392422e-01,3.550027082462240413e-01,2.454344912155927982e+00,-2.365643442147088216e+00
3.763888888888888840e-01,1.355000000000000000e+02,8.455531683193558967e-01,3.541810220674900256e-01,2.454377634683939657e+00,-2.367262977152289949e+00
3.767361111111111049e-01,1.356250000000000000e+02,8.464053812980362190e-01,3.533587797808495079e-01,2.454360839866270183e+00,-2.368846590205935243e+00
3.770833333333333259e-01,1.357500000000000000e+02,8.472575797967930589e-01,3.525359938938618654e-01,2.454294170938585484e+00,-2.370394082297845539e+00
3.774305555555555469e-01,1.358750000000000000e+02,8.481097464364238947e-01,3.517126769825289490e-01,2.454177272079231198e+00,-2.371905258218583779e+00
3.777777777777777679e-01,1.360000000000000000e+02,8.489618637143465651e-01,3.508888416899695883e-01,2.454009788441278150e+00,-2.373379926586764110e+00
3.781249999999999889e-01,1.361250000000000000e+02,8.498139140049416618e-01,3.500645007250853813e-01,2.453791366184391531e+00,-2.374817899875802940e+00
3.784722222222222099e-01,1.362500000000000000e+02,8.506658795599078005e-01,3.492396668612195443e-01,2.453521652506527762e+00,-2.376218994440045584e+00
3.788194444444444864e-01,1.363750000000000284e+02,8.515177425086278840e-01,3.484143529348023294e-01,2.453200295675458609e+00,-2.377583030540297848e+00
3.791666666666667074e-01,1.365000000000000284e+02,8.523694848585456896e-01,3.475885718439928329e-01,2.452826945060096353e+00,-2.378909832368755861e+00
3.795138888888889284e-01,1.366250000000000000e+02,8.532210884955537811e-01,3.467623365473073149e-01,2.452401251161640428e+00,-2.380199228073317741e+00
3.798611111111111494e-01,1.367500000000000000e+02,8.540725351843919677e-01,3.459356600622439104e-01,2.451922865644517557e+00,-2.381451049781285967e+00
3.802083333333333703e-01,1.368750000000000000e+02,8.549238065690567545e-01,3.451085554638946840e-01,2.451391441367129165e+00,-2.382665133622436482e+00
3.805555555555555913e-01,1.370000000000000000e+02,8.557748841732210066e-01,3.442810358835533546e-01,2.450806632412381614e+00,-2.383841319751478505e+00
3.809027777777778123e-01,1.371250000000000000e+02,8.566257494006647155e-01,3.434531145073131952e-01,2.450168094118010398e+00,-2.384979452369881514e+00
3.812500000000000333e-01,1.372500000000000000e+02,8.574763835357149810e-01,3.426248045746594917e-01,2.449475483106694274e+00,-2.386079379747072959e+00
3.815972222222222543e-01,1.373750000000000000e+02,8.583267677436986487e-01,3.417961193770515660e-01,2.448728457315928697e+00,-2.387140954240986268e+00
3.819444444444444753e-01,1.375000000000000000e+02,8.591768830714039407e-01,3.409670722565007472e-01,2.447926676027688764e+00,-2.388164032317993790e+00
3.822916666666666963e-01,1.376250000000000000e+02,8.600267104475504132e-01,3.401376766041409594e-01,2.447069799897859887e+00,-2.389148474572186931e+00
3.826388888888889173e-01,1.377500000000000000e+02,8.608762306832737909e-01,3.393079458587911490e-01,2.446157490985422900e+00,-2.390094145744003029e+00
3.829861111111111382e-01,1.378750000000000000e+02,8.617254244726166856e-01,3.384778935055129390e-01,2.445189412781409999e+00,-2.391000914738217187e+00
3.833333333333333592e-01,1.380000000000000000e+02,8.625742723930306388e-01,3.376475330741616210e-01,2.444165230237610231e+00,-2.391868654641277292e+00
3.836805555555555802e-01,1.381250000000000000e+02,8.634227549058894891e-01,3.368168781379317633e-01,2.443084609795033835e+00,-2.392697242737990670e+00
3.840277777777778012e-01,1.382500000000000000e+02,8.642708523570096224e-01,3.359859423118955468e-01,2.441947219412115455e+00,-2.393486560527544160e+00
3.843750000000000222e-01,1.383750000000000000e+02,8.651185449771838787e-01,3.351547392515375479e-01,2.440752728592665566e+00,-2.394236493738873151e+00
3.847222222222222432e-01,1.385000000000000000e+02,8.659658128827206758e-01,3.343232826512836375e-01,2.439500808413572308e+00,-2.394946932345376922e+00
3.850694444444444642e-01,1.386250000000000000e+02,8.668126360759967897e-01,3.334915862430241074e-01,2.438191131552219115e+00,-2.395617770578944761e+00
3.854166666666666852e-01,1.387500000000000000e+02,8.676589944460170178e-01,3.326596637946330759e-01,2.436823372313658531e+00,-2.396248906943348356e+00
3.857638888888889062e-01,1.388750000000000000e+02,8.685048677689840568e-01,3.318275291084827883e-01,2.435397206657499147e+00,-2.396840244226944971e+00
3.861111111111111271e-01,1.390000000000000000e+02,8.693502357088771504e-01,3.309951960199545296e-01,2.433912312224535412e+00,-2.397391689514722479e+00
3.864583333333333481e-01,1.391250000000000000e+02,8.701950778180418400e-01,3.301626783959433764e-01,2.432368368363084343e+00,-2.397903154199668041e+00
3.868055555555555691e-01,1.392500000000000000e+02,8.710393735377861546e-01,3.293299901333615609e-01,2.430765056155059334e+00,-2.398374553993457781e+00
3.871527777777777901e-01,1.393750000000000000e+02,8.718831021989870145e-01,3.284971451576371160e-01,2.429102058441756640e+00,-2.398805808936498529e+00
3.875000000000000111e-01,1.395000000000000000e+02,8.727262430227064050e-01,3.276641574212086905e-01,2.427379059849350540e+00,-2.399196843407257251e+00
3.878472222222222321e-01,1.396250000000000000e+02,8.735687751208147667e-01,3.268310409020179219e-01,2.425595746814118492e+00,-2.399547586130942989e+00
3.881944444444444531e-01,1.397500000000000000e+02,8.744106774966243778e-01,3.259978096019988114e-01,2.423751807607359865e+00,-2.399857970187497802e+00
3.885416666666666741e-01,1.398750000000000000e+02,8.752519290455301748e-01,3.251644775455647673e-01,2.421846932360043780e+00,-2.400127933018920245e+00
3.888888888888888951e-01,1.400000000000000000e+02,8.760925085556603431e-01,3.243310587780922072e-01,2.419880813087137650e+00,-2.400357416435890290e+00
3.892361111111111160e-01,1.401250000000000000e+02,8.769323947085342352e-01,3.234975673644026606e-01,2.417853143711673258e+00,-2.400546366623735217e+00
3.895833333333333370e-01,1.402500000000000000e+02,8.777715660797292818e-01,3.226640173872435402e-01,2.415763620088487329e+00,-2.400694734147710285e+00
3.899305555555555580e-01,1.403750000000000000e+02,8.786100011395560072e-01,3.218304229457655263e-01,2.413611940027676539e+00,-2.400802473957584837e+00
3.902777777777777790e-01,1.405000000000000000e+02,8.794476782537398174e-01,3.209967981540002291e-01,2.411397803317761657e+00,-2.400869545391561832e+00
3.906250000000000000e-01,1.406250000000000000e+02,8.802845756841138902e-01,3.201631571393352416e-01,2.409120911748531935e+00,-2.400895912179520142e+00
3.909722222222222210e-01,1.407500000000000000e+02,8.811206715893159513e-01,3.193295140409898036e-01,2.406780969133603953e+00,-2.400881542445562733e+00
3.913194444444444420e-01,1.408750000000000000e+02,8.819559440254964855e-01,3.184958830084875236e-01,2.404377681332666050e+00,-2.400826408709892501e+00
3.916666666666666630e-01,1.410000000000000000e+02,8.827903709470322768e-01,3.176622782001299883e-01,2.401910756273422098e+00,-2.400730487889998876e+00
3.920138888888888840e-01,1.411250000000000000e+02,8.836239302072476098e-01,3.168287137814708165e-01,2.399379903973238193e+00,-2.400593761301188511e+00
3.923611111111111049e-01,1.412500000000000000e+02,8.844565995591449070e-01,3.159952039237869936e-01,2.396784836560468701e+00,-2.400416214656399649e+00
3.927083333333333259e-01,1.413750000000000000e+02,8.852883566561408069e-01,3.151617628025535911e-01,2.394125268295489217e+00,-2.400197838065369904e+00
3.930555555555555469e-01,1.415000000000000000e+02,8.861191790528096801e-01,3.143284045959160444e-01,2.391400915591415099e+00,-2.399938626033108147e+00
3.934027777777777679e-01,1.416250000000000000e+02,8.869490442056343626e-01,3.134951434831658168e-01,2.388611497034523801e+00,-2.399638577457709143e+00
3.937499999999999889e-01,1.417500000000000000e+02,8.877779294737655480e-01,3.126619936432141755e-01,2.385756733404352570e+00,-2.399297695627456317e+00
3.940972222222222099e-01,1.418750000000000000e+02,8.886058121197859538e-01,3.118289692530686885e-01,2.382836347693505274e+00,-2.398915988217292128e+00
3.944444444444444864e-01,1.420000000000000284e+02,8.894326693104821491e-01,3.109960844863116636e-01,2.379850065127149694e+00,-2.398493467284593450e+00
3.947916666666667074e-01,1.421250000000000284e+02,8.902584781176227091e-01,3.101633535115785323e-01,2.376797613182202173e+00,-2.398030149264264832e+00
3.951388888888889284e-01,1.422500000000000000e+02,8.910832155187443648e-01,3.093307904910387318e-01,2.373678721606210296e+00,-2.397526054963191378e+00
3.954861111111111494e-01,1.423750000000000000e+02,8.919068583979430365e-01,3.084984095788788072e-01,2.370493122435934019e+00,-2.396981209553994852e+00
3.958333333333333703e-01,1.425000000000000000e+02,8.927293835466713068e-01,3.076662249197884558e-01,2.367240550015615952e+00,-2.396395642568144080e+00
3.961805555555555913e-01,1.426250000000000000e+02,8.935507676645442210e-01,3.068342506474470710e-01,2.363920741014950533e+00,-2.395769387888386337e+00
3.965277777777778123e-01,1.427500000000000000e+02,8.943709873601485283e-01,3.060025008830156157e-01,2.360533434446750345e+00,-2.395102483740521038e+00
3.968750000000000333e-01,1.428750000000000000e+02,8.951900191518600280e-01,3.051709897336286614e-01,2.357078371684310003e+00,-2.394394972684516620e+00
3.972222222222222543e-01,1.430000000000000000e+02,8.960078394686651349e-01,3.043397312908928121e-01,2.353555296478479164e+00,-2.393646901604978616e+00
3.975694444444444753e-01,1.431250000000000000e+02,8.968244246509908812e-01,3.035087396293855155e-01,2.349963954974414904e+00,-2.392858321700926716e+00
3.979166666666666963e-01,1.432500000000000000e+02,8.976397509515382511e-01,3.026780288051589274e-01,2.346304095728052985e+00,-2.392029288474961657e+00
3.982638888888889173e-01,1.433750000000000000e+02,8.984537945361213973e-01,3.018476128542489367e-01,2.342575469722290027e+00,-2.391159861721766422e+00
3.986111111111111382e-01,1.435000000000000000e+02,8.992665314845148528e-01,3.010175057911850804e-01,2.338777830382848588e+00,-2.390250105515942192e+00
3.989583333333333592e-01,1.436250000000000000e+02,9.000779377913025181e-01,3.001877216075078958e-01,2.334910933593866922e+00,-2.389300088199227901e+00
3.993055555555555802e-01,1.437500000000000000e+02,9.008879893667356420e-01,2.993582742702892707e-01,2.330974537713194739e+00,-2.388309882367063430e+00
3.996527777777778012e-01,1.438750000000000000e+02,9.016966620375932440e-01,2.985291777206581232e-01,2.326968403587402534e+00,-2.387279564854519975e+00
4.000000000000000222e-01,1.440000000000000000e+02,9.025039315480488655e-01,2.977004458723303548e-01,2.322892294566492488e+00,-2.386209216721585147e+00
4.003472222222222432e-01,1.441250000000000000e+02,9.033097735605430945e-01,2.968720926101444113e-01,2.318745976518344687e+00,-2.385098923237836122e+00
4.006944444444444642e-01,1.442500000000000000e+02,9.041141636566594197e-01,2.960441317886033374e-01,2.314529217842873798e+00,-2.383948773866470194e+00
4.010416666666666852e-01,1.443750000000000000e+02,9.049170773380070809e-01,2.952165772304207736e-01,2.310241789485894870e+00,-2.382758862247706944e+00
4.013888888888889062e-01,1.445000000000000000e+02,9.057184900271058048e-01,2.943894427250732804e-01,2.305883464952735995e+00,-2.381529286181591765e+00
4.017361111111111271e-01,1.446250000000000000e+02,9.065183770682769815e-01,2.935627420273597132e-01,2.301454020321560101e+00,-2.380260147610155474e+00
4.020833333333333481e-01,1.447500000000000000e+02,9.073167137285419459e-01,2.927364888559662037e-01,2.296953234256426502e+00,-2.378951552598989938e+00
4.024305555555555691e-01,1.448750000000000000e+02,9.081134751985178166e-01,2.919106968920370804e-01,2.292380888020076668e+00,-2.377603611318185539e+00
4.027777777777777901e-01,1.450000000000000000e+02,9.089086365933262135e-01,2.910853797777532836e-01,2.287736765486462431e+00,-2.376216438022685562e+00
4.031250000000000111e-01,1.451250000000000000e+02,9.097021729534984225e-01,2.902605511149182194e-01,2.283020653153016610e+00,-2.374790151032039720e+00
4.034722222222222321e-01,1.452500000000000000e+02,9.104940592458913295e-01,2.894362244635489967e-01,2.278232340152653190e+00,-2.373324872709539513e+00
4.038194444444444531e-01,1.453750000000000000e+02,9.112842703646026887e-01,2.886124133404764924e-01,2.273371618265522809e+00,-2.371820729440796693e+00
4.041666666666666741e-01,1.455000000000000000e+02,9.120727811318932732e-01,2.877891312179526873e-01,2.268438281930518663e+00,-2.370277851611705344e+00
4.045138888888888951e-01,1.456250000000000000e+02,9.128595662991110249e-01,2.869663915222655515e-01,2.263432128256539499e+00,-2.368696373585843062e+00
4.048611111111111160e-01,1.457500000000000000e+02,9.136446005476223098e-01,2.861442076323618688e-01,2.258352957033487929e+00,-2.367076433681272629e+00
4.052083333333333370e-01,1.458750000000000000e+02,9.144278584897411744e-01,2.853225928784776655e-01,2.253200570743054687e+00,-2.365418174146794339e+00
4.055555555555555580e-01,1.460000000000000000e+02,9.152093146696692605e-01,2.845015605407789638e-01,2.247974774569261314e+00,-2.363721741137625454e+00
4.059027777777777790e-01,1.461250000000000000e+02,9.159889435644329447e-01,2.836811238480079211e-01,2.242675376408755472e+00,-2.361987284690497457e+00
4.062500000000000000e-01,1.462500000000000000e+02,9.167667195848305806e-01,2.828612959761410695e-01,2.237302186880899324e+00,-2.360214958698219068e+00
4.065972222222222210e-01,1.463750000000000000e+02,9.175426170763750777e-01,2.820420900470541614e-01,2.231855019337629198e+00,-2.358404920883688582e+00
4.069444444444444420e-01,1.465000000000000000e+02,9.183166103202484720e-01,2.812235191271965640e-01,2.226333689873089217e+00,-2.356557332773335123e+00
4.072916666666666630e-01,1.466250000000000000e+02,9.190886735342538305e-01,2.804055962262761437e-01,2.220738017333053094e+00,-2.354672359670042070e+00
4.076388888888888840e-01,1.467500000000000000e+02,9.198587808737713756e-01,2.795883342959517570e-01,2.215067823324144314e+00,-2.352750170625523829e+00
4.079861111111111049e-01,1.468750000000000000e+02,9.206269064327211593e-01,2.787717462285375092e-01,2.209322932222848035e+00,-2.350790938412188336e+00
4.083333333333333259e-01,1.470000000000000000e+02,9.213930242445244057e-01,2.779558448557149508e-01,2.203503171184304055e+00,-2.348794839494441788e+00
4.086805555555555469e-01,1.471250000000000000e+02,9.221571082830707367e-01,2.771406429472564881e-01,2.197608370150934132e+00,-2.346762053999504882e+00
4.090277777777777679e-01,1.472500000000000000e+02,9.229191324636860649e-01,2.763261532097588957e-01,2.191638361860857920e+00,-2.344692765687715230e+00
4.093749999999999889e-01,1.473750000000000000e+02,9.236790706441070364e-01,2.755123882853868778e-01,2.185592981856121497e+00,-2.342587161922301320e+00
4.097222222222222654e-01,1.475000000000000284e+02,9.244368966254549180e-01,2.746993607506271751e-01,2.179472068490752701e+00,-2.340445433638670636e+00
4.100694444444444864e-01,1.476250000000000284e+02,9.251925841532118167e-01,2.738870831150542196e-01,2.173275462938641045e+00,-2.338267775313209729e+00
4.104166666666667074e-01,1.477500000000000284e+02,9.259461069182038928e-01,2.730755678201054470e-01,2.167003009201231123e+00,-2.336054384931573580e+00
4.107638888888889284e-01,1.478750000000000000e+02,9.266974385575827977e-01,2.722648272378689338e-01,2.160654554115070347e+00,-2.333805463956518889e+00
4.111111111111111494e-01,1.480000000000000000e+02,9.274465526558109962e-01,2.714548736698810805e-01,2.154229947359171948e+00,-2.331521217295235537e+00
4.114583333333333703e-01,1.481250000000000000e+02,9.281934227456519748e-01,2.706457193459370636e-01,2.147729041462242527e+00,-2.329201853266228639e+00
4.118055555555555913e-01,1.482500000000000000e+02,9.289380223091585620e-01,2.698373764229118343e-01,2.141151691809745738e+00,-2.326847583565727184e+00
4.121527777777778123e-01,1.483750000000000000e+02,9.296803247786675772e-01,2.690298569835931075e-01,2.134497756650823863e+00,-2.324458623233635279e+00
4.125000000000000333e-01,1.485000000000000000e+02,9.304203035377953679e-01,2.682231730355264521e-01,2.127767097105073280e+00,-2.322035190619034406e+00
4.128472222222222543e-01,1.486250000000000000e+02,9.311579319224344564e-01,2.674173365098723165e-01,2.120959577169193810e+00,-2.319577507345245593e+00
4.131944444444444753e-01,1.487500000000000000e+02,9.318931832217545175e-01,2.666123592602754888e-01,2.114075063723508840e+00,-2.317085798274455044e+00
4.135416666666666963e-01,1.488750000000000000e+02,9.326260306792057975e-01,2.658082530617463246e-01,2.107113426538341105e+00,-2.314560291471896125e+00
4.138888888888889173e-01,1.490000000000000000e+02,9.333564474935210908e-01,2.650050296095546876e-01,2.100074538280294334e+00,-2.312001218169622785e+00
4.142361111111111382e-01,1.491250000000000000e+02,9.340844068197247108e-01,2.642027005181377675e-01,2.092958274518410988e+00,-2.309408812729869531e+00
4.145833333333333592e-01,1.492500000000000000e+02,9.348098817701396834e-01,2.634012773200183344e-01,2.085764513730213654e+00,-2.306783312607977088e+00
4.149305555555555802e-01,1.493750000000000000e+02,9.355328454154014928e-01,2.626007714647378144e-01,2.078493137307658944e+00,-2.304124958314942795e+00
4.152777777777778012e-01,1.495000000000000000e+02,9.362532707854671621e-01,2.618011943178020218e-01,2.071144029562979050e+00,-2.301433993379559340e+00
4.156250000000000222e-01,1.496250000000000000e+02,9.369711308706324404e-01,2.610025571596399363e-01,2.063717077734453564e+00,-2.298710664310173790e+00
4.159722222222222432e-01,1.497500000000000000e+02,9.376863986225498770e-01,2.602048711845753037e-01,2.056212171992065407e+00,-2.295955220556054499e+00
4.163194444444444642e-01,1.498750000000000000e+02,9.383990469552446756e-01,2.594081474998127246e-01,2.048629205443099455e+00,-2.293167914468390745e+00
4.166666666666666852e-01,1.500000000000000000e+02,9.391090487461380976e-01,2.586123971244368436e-01,2.040968074137667454e+00,-2.290349001260932216e+00
4.170138888888889062e-01,1.501250000000000000e+02,9.398163768370696447e-01,2.578176309884250839e-01,2.033228677074143675e+00,-2.287498738970246137e+00
4.173611111111111271e-01,1.502500000000000000e+02,9.405210040353212397e-01,2.570238599316744255e-01,2.025410916204554379e+00,-2.284617388415644434e+00
4.177083333333333481e-01,1.503750000000000000e+02,9.412229031146431835e-01,2.562310947030428943e-01,2.017514696439914879e+00,-2.281705213158758738e+00
4.180555555555555691e-01,1.505000000000000000e+02,9.419220468162839977e-01,2.554393459594032079e-01,2.009539925655489778e+00,-2.278762479462767665e+00
4.184027777777777901e-01,1.506250000000000000e+02,9.426184078500201569e-01,2.546486242647126308e-01,2.001486514696029673e+00,-2.275789456251308351e+00
4.187500000000000111e-01,1.507500000000000000e+02,9.433119588951869305e-01,2.538589400890964853e-01,1.993354377380959219e+00,-2.272786415067049592e+00
4.190972222222222321e-01,1.508750000000000000e+02,9.440026726017133329e-01,2.530703038079458178e-01,1.985143430509535456e+00,-2.269753630029970548e+00
4.194444444444444531e-01,1.510000000000000000e+02,9.446905215911575171e-01,2.522827257010296087e-01,1.976853593865961489e+00,-2.266691377795301499e+00
4.197916666666666741e-01,1.511250000000000000e+02,9.453754784577433901e-01,2.514962159516216378e-01,1.968484790224489966e+00,-2.263599937511190596e+00
4.201388888888888951e-01,1.512500000000000000e+02,9.460575157694002257e-01,2.507107846456433919e-01,1.960036945354515669e+00,-2.260479590776071301e+00
4.204861111111111160e-01,1.513750000000000000e+02,9.467366060688042761e-01,2.499264417708192965e-01,1.951509988025628806e+00,-2.257330621595726061e+00
4.208333333333333370e-01,1.515000000000000000e+02,9.474127218744198276e-01,2.491431972158492936e-01,1.942903850012686062e+00,-2.254153316340098634e+00
4.211805555555555580e-01,1.516250000000000000e+02,9.480858356815448085e-01,2.483610607695947436e-01,1.934218466100871003e+00,-2.250947963699814647e+00
4.215277777777777790e-01,1.517500000000000000e+02,9.487559199633557316e-01,2.475800421202812851e-01,1.925453774090760461e+00,-2.247714854642462345e+00
4.218750000000000000e-01,1.518750000000000000e+02,9.494229471719576319e-01,2.468001508547146283e-01,1.916609714803395148e+00,-2.244454282368589570e+00
4.222222222222222210e-01,1.520000000000000000e+02,9.500868897394311174e-01,2.460213964575135304e-01,1.907686232085366251e+00,-2.241166542267472916e+00
4.225694444444444420e-01,1.521250000000000000e+02,9.507477200788854166e-01,2.452437883103579797e-01,1.898683272813936673e+00,-2.237851931872650191e+00
4.229166666666666630e-01,1.522500000000000000e+02,9.514054105855122012e-01,2.444673356912512308e-01,1.889600786902164042e+00,-2.234510750817205071e+00
4.232638888888888840e-01,1.523750000000000000e+02,9.520599336376381894e-01,2.436920477737997970e-01,1.880438727304071911e+00,-2.231143300788838602e+00
4.236111111111111049e-01,1.525000000000000000e+02,9.527112615977848531e-01,2.429179336265067102e-01,1.871197050019852037e+00,-2.227749885484719972e+00
4.239583333333333259e-01,1.526250000000000000e+02,9.533593668137244626e-01,2.421450022120832934e-01,1.861875714101113077e+00,-2.224330810566143679e+00
4.243055555555555469e-01,1.527500000000000000e+02,9.540042216195416813e-01,2.413732623867730076e-01,1.852474681656164801e+00,-2.220886383612953097e+00
4.246527777777777679e-01,1.528750000000000000e+02,9.546457983366966049e-01,2.406027228996949208e-01,1.842993917855360042e+00,-2.217416914077801060e+00
4.249999999999999889e-01,1.530000000000000000e+02,9.552840692750870222e-01,2.398333923922007227e-01,1.833433390936507923e+00,-2.213922713240219498e+00
4.253472222222222654e-01,1.531250000000000284e+02,9.559190067341167829e-01,2.390652793972479762e-01,1.823793072210317057e+00,-2.210404094160496324e+00
4.256944444444444864e-01,1.532500000000000284e+02,9.565505830037609458e-01,2.382983923387909930e-01,1.814072936065941555e+00,-2.206861371633403124e+00
4.260416666666667074e-01,1.533750000000000284e+02,9.571787703656383650e-01,2.375327395311854217e-01,1.804272959976568336e+00,-2.203294862141736754e+00
4.263888888888889284e-01,1.535000000000000000e+02,9.578035410940820560e-01,2.367683291786106814e-01,1.794393124505101245e+00,-2.199704883809738387e+00
4.267361111111111494e-01,1.536250000000000000e+02,9.584248674572128923e-01,2.360051693745088275e-01,1.784433413309924887e+00,-2.196091756356334024e+00
4.270833333333333703e-01,1.537500000000000000e+02,9.590427217180160779e-01,2.352432681010374060e-01,1.774393813150739296e+00,-2.192455801048261765e+00
4.274305555555555913e-01,1.538750000000000000e+02,9.596570761354191736e-01,2.344826332285418757e-01,1.764274313894500068e+00,-2.188797340653044099e+00
4.277777777777778123e-01,1.540000000000000000e+02,9.602679029653711229e-01,2.337232725150414636e-01,1.754074908521459752e+00,-2.185116699391867368e+00
4.281250000000000333e-01,1.541250000000000000e+02,9.608751744619246082e-01,2.329651936057332007e-01,1.743795593131280519e+00,-2.181414202892308474e+00
4.284722222222222543e-01,1.542500000000000000e+02,9.614788628783215163e-01,2.322084040325115006e-01,1.733436366949282048e+00,-2.177690178140989641e+00
4.288194444444444753e-01,1.543750000000000000e+02,9.620789404680770707e-01,2.314529112135051414e-01,1.722997232332790674e+00,-2.173944953436113270e+00
4.291666666666666963e-01,1.545000000000000000e+02,9.626753794860707369e-01,2.306987224526290126e-01,1.712478194777580010e+00,-2.170178858339905315e+00
4.295138888888889173e-01,1.546250000000000000e+02,9.632681521896352406e-01,2.299458449391547088e-01,1.701879262924457015e+00,-2.166392223630975611e+00
4.298611111111111382e-01,1.547500000000000000e+02,9.638572308396512467e-01,2.291942857472954453e-01,1.691200448565949532e+00,-2.162585381256610262e+00
4.302083333333333592e-01,1.548750000000000000e+02,9.644425877016418180e-01,2.284440518358089589e-01,1.680441766653138380e+00,-2.158758664284987638e+00
4.305555555555555802e-01,1.550000000000000000e+02,9.650241950468705365e-01,2.276951500476172285e-01,1.669603235302587807e+00,-2.154912406857321105e+00
4.309027777777778012e-01,1.551250000000000000e+02,9.656020251534428445e-01,2.269475871094407127e-01,1.658684875803435377e+00,-2.151046944139969774e+00
4.312500000000000222e-01,1.552500000000000000e+02,9.661760503074070527e-01,2.262013696314524869e-01,1.647686712624616856e+00,-2.147162612276492855e+00
4.315972222222222432e-01,1.553750000000000000e+02,9.667462428038614553e-01,2.254565041069458708e-01,1.636608773422204566e+00,-2.143259748339656046e+00
4.319444444444444642e-01,1.555000000000000000e+02,9.673125749480613322e-01,2.247129969120207904e-01,1.625451089046921371e+00,-2.139338690283418831e+00
4.322916666666666852e-01,1.556250000000000000e+02,9.678750190565299505e-01,2.239708543052858492e-01,1.614213693551778572e+00,-2.135399776894897794e+00
4.326388888888889062e-01,1.557500000000000000e+02,9.684335474581708958e-01,2.232300824275780526e-01,1.602896624199882991e+00,-2.131443347746305506e+00
4.329861111111111271e-01,1.558750000000000000e+02,9.689881324953858455e-01,2.224906873016975206e-01,1.591499921472369072e+00,-2.127469743146886749e+00
4.333333333333333481e-01,1.560000000000000000e+02,9.695387465251915637e-01,2.217526748321605179e-01,1.580023629076513947e+00,-2.123479304094840980e+00
4.336805555555555691e-01,1.561250000000000000e+02,9.700853619203423372e-01,2.210160508049687222e-01,1.568467793954005041e+00,-2.119472372229285639e+00
4.340277777777777901e-01,1.562500000000000000e+02,9.706279510704547420e-01,2.202808208873948403e-01,1.556832466289349570e+00,-2.115449289782175946e+00
4.343750000000000111e-01,1.563750000000000000e+02,9.711664863831341865e-01,2.195469906277845717e-01,1.545117699518474774e+00,-2.111410399530302406e+00
4.347222222222222321e-01,1.565000000000000000e+02,9.717009402851064515e-01,2.188145654553768082e-01,1.533323550337479135e+00,-2.107356044747271007e+00
4.350694444444444531e-01,1.566250000000000000e+02,9.722312852233506719e-01,2.180835506801386270e-01,1.521450078711562570e+00,-2.103286569155559338e+00
4.354166666666666741e-01,1.567500000000000000e+02,9.727574936662358729e-01,2.173539514926180194e-01,1.509497347884111385e+00,-2.099202316878574059e+00
4.357638888888888951e-01,1.568750000000000000e+02,9.732795381046613903e-01,2.166257729638130514e-01,1.497465424385971300e+00,-2.095103632392781634e+00
4.361111111111111160e-01,1.570000000000000000e+02,9.737973910531990684e-01,2.158990200450575936e-01,1.485354378044904333e+00,-2.090990860479906122e+00
4.364583333333333370e-01,1.571250000000000000e+02,9.743110250512411197e-01,2.151736975679237052e-01,1.473164281995190894e+00,-2.086864346179148733e+00
4.368055555555555580e-01,1.572500000000000000e+02,9.748204126641484280e-01,2.144498102441398379e-01,1.460895212687443934e+00,-2.082724434739531283e+00
4.371527777777777790e-01,1.573750000000000000e+02,9.753255264844047367e-01,2.137273626655271652e-01,1.448547249898585410e+00,-2.078571471572268514e+00
4.375000000000000000e-01,1.575000000000000000e+02,9.758263391327727243e-01,2.130063593039511205e-01,1.436120476742021701e+00,-2.074405802203267424e+00
4.378472222222222210e-01,1.576250000000000000e+02,9.763228232594546308e-01,2.122868045112898949e-01,1.423614979677973569e+00,-2.070227772225679885e+00
4.381944444444444420e-01,1.577500000000000000e+02,9.768149515452571041e-01,2.115687025194187831e-01,1.411030848524019943e+00,-2.066037727252574729e+00
4.385416666666666630e-01,1.578750000000000000e+02,9.773026967027566014e-01,2.108520574402124870e-01,1.398368176465823565e+00,-2.061836012869723955e+00
4.388888888888888840e-01,1.580000000000000000e+02,9.777860314774726724e-01,2.101368732655619076e-01,1.385627060068020500e+00,-2.057622974588471543e+00
4.392361111111111049e-01,1.581250000000000000e+02,9.782649286490423535e-01,2.094231538674083404e-01,1.372807599285324365e+00,-2.053398957798740820e+00
4.395833333333333259e-01,1.582500000000000000e+02,9.787393610323997795e-01,2.087109029977941288e-01,1.359909897473803975e+00,-2.049164307722168843e+00
4.399305555555555469e-01,1.583750000000000000e+02,9.792093014789577943e-01,2.080001242889290280e-01,1.346934061402363714e+00,-2.044919369365363337e+00
4.402777777777777679e-01,1.585000000000000000e+02,9.796747228777969996e-01,2.072908212532726113e-01,1.333880201264388665e+00,-2.040664487473297317e+00
4.406250000000000444e-01,1.586250000000000284e+02,9.801355981568553588e-01,2.065829972836333850e-01,1.320748430689599351e+00,-2.036400006482854241e+00
4.409722222222222654e-01,1.587500000000000284e+02,9.805919002841239074e-01,2.058766556532845293e-01,1.307538866756101648e+00,-2.032126270476521057e+00
4.413194444444444864e-01,1.588750000000000284e+02,9.810436022688461266e-01,2.051717995160941554e-01,1.294251630002603681e+00,-2.027843623136244222e+00
4.416666666666667074e-01,1.590000000000000284e+02,9.814906771627223137e-01,2.044684319066717160e-01,1.280886844440831895e+00,-2.023552407697434052e+00
4.420138888888889284e-01,1.591250000000000000e+02,9.819330980611168380e-01,2.037665557405331507e-01,1.267444637568142518e+00,-2.019252966903155144e+00
4.423611111111111494e-01,1.592500000000000000e+02,9.823708381042706161e-01,2.030661738142772732e-01,1.253925140380323766e+00,-2.014945642958490879e+00
4.427083333333333703e-01,1.593750000000000000e+02,9.828038704785191371e-01,2.023672888057826691e-01,1.240328487384562584e+00,-2.010630777485074905e+00
4.430555555555555913e-01,1.595000000000000000e+02,9.832321684175128196e-01,2.016699032744165843e-01,1.226654816612624099e+00,-2.006308711475835782e+00
4.434027777777778123e-01,1.596250000000000000e+02,9.836557052034440307e-01,2.009740196612616603e-01,1.212904269634203835e+00,-2.001979785249900612e+00
4.437500000000000333e-01,1.597500000000000000e+02,9.840744541682771018e-01,2.002796402893576577e-01,1.199076991570474426e+00,-1.997644338407751574e+00
4.440972222222222543e-01,1.598750000000000000e+02,9.844883886949836738e-01,1.995867673639591111e-01,1.185173131107796651e+00,-1.993302709786524129e+00
4.444444444444444753e-01,1.600000000000000000e+02,9.848974822187853695e-01,1.988954029728069728e-01,1.171192840511627864e+00,-1.988955237415569455e+00
4.447916666666666963e-01,1.601250000000000000e+02,9.853017082283951344e-01,1.982055490864183811e-01,1.157136275640620049e+00,-1.984602258472209613e+00
4.451388888888889173e-01,1.602500000000000000e+02,9.857010402672707894e-01,1.975172075583887243e-01,1.143003595960863983e+00,-1.980244109237719208e+00
4.454861111111111382e-01,1.603750000000000000e+02,9.860954519348678060e-01,1.968303801257114405e-01,1.128794964560343228e+00,-1.975881125053532861e+00
4.458333333333333592e-01,1.605000000000000000e+02,9.864849168879008534e-01,1.961450684091105567e-01,1.114510548163540005e+00,-1.971513640277702484e+00
4.461805555555555802e-01,1.606250000000000000e+02,9.868694088416082311e-01,1.954612739133916866e-01,1.100150517146239126e+00,-1.967141988241573713e+00
4.465277777777778012e-01,1.607500000000000000e+02,9.872489015710231852e-01,1.947789980278042121e-01,1.085715045550461610e+00,-1.962766501206716363e+00
4.468750000000000222e-01,1.608750000000000000e+02,9.876233689122476678e-01,1.940982420264206754e-01,1.071204311099600126e+00,-1.958387510322109781e+00
4.472222222222222432e-01,1.610000000000000000e+02,9.879927847637359761e-01,1.934190070685314344e-01,1.056618495213720754e+00,-1.954005345581578679e+00
4.475694444444444642e-01,1.611250000000000000e+02,9.883571230875783931e-01,1.927412941990513662e-01,1.041957783024987760e+00,-1.949620335781486302e+00
4.479166666666666852e-01,1.612500000000000000e+02,9.887163579107940414e-01,1.920651043489447485e-01,1.027222363393293758e+00,-1.945232808478697617e+00
4.482638888888889062e-01,1.613750000000000000e+02,9.890704633266287349e-01,1.913904383356614392e-01,1.012412428922009333e+00,-1.940843089948819822e+00
4.486111111111111271e-01,1.615000000000000000e+02,9.894194134958554931e-01,1.907172968635901245e-01,9.975281759739207388e-01,-1.936451505144704432e+00
4.489583333333333481e-01,1.616250000000000000e+02,9.897631826480846051e-01,1.900456805245238356e-01,9.825698046872701763e-01,-1.932058377655242909e+00
4.493055555555555691e-01,1.617500000000000000e+02,9.901017450830762456e-01,1.893755897981412029e-01,9.675375189919802610e-01,-1.927664029664433842e+00
4.496527777777777901e-01,1.618750000000000000e+02,9.904350751720607526e-01,1.887070250525013926e-01,9.524315266260118262e-01,-1.923268781910763892e+00
4.500000000000000111e-01,1.620000000000000000e+02,9.907631473590621241e-01,1.880399865445526175e-01,9.372520391518367466e-01,-1.918872953646852730e+00
4.503472222222222321e-01,1.621250000000000000e+02,9.910859361622316177e-01,1.873744744206553570e-01,9.219992719730695230e-01,-1.914476862599422846e+00
4.506944444444444531e-01,1.622500000000000000e+02,9.914034161751811292e-01,1.867104887171188443e-01,9.066734443512159958e-01,-1.910080824929557108e+00
4.510416666666666741e-01,1.623750000000000000e+02,9.917155620683278938e-01,1.860480293607519042e-01,8.912747794225541753e-01,-1.905685155193284519e+00
4.513888888888888951e-01,1.625000000000000000e+02,9.920223485902419647e-01,1.853870961694266406e-01,8.758035042151174343e-01,-1.901290166302447071e+00
4.517361111111111160e-01,1.626250000000000000e+02,9.923237505690010174e-01,1.847276888526562799e-01,8.602598496658084848e-01,-1.896896169485913886e+00
4.520833333333333370e-01,1.627500000000000000e+02,9.926197429135503736e-01,1.840698070121863372e-01,8.446440506376299284e-01,-1.892503474251105766e+00
4.524305555555555580e-01,1.628750000000000000e+02,9.929103006150683530e-01,1.834134501425989661e-01,8.289563459369927445e-01,-1.888112388345836168e+00
4.527777777777777790e-01,1.630000000000000000e+02,9.931953987483401747e-01,1.827586176319299094e-01,8.131969783311496780e-01,-1.883723217720495224e+00
4.531250000000000000e-01,1.631250000000000000e+02,9.934750124731348553e-01,1.821053087623002997e-01,7.973661945657107841e-01,-1.879336266490556850e+00
4.534722222222222210e-01,1.632500000000000000e+02,9.937491170355904346e-01,1.814535227105587845e-01,7.814642453822608914e-01,-1.874951836899437341e+00
4.538194444444444420e-01,1.633750000000000000e+02,9.940176877696043078e-01,1.808032585489397770e-01,7.654913855360381270e-01,-1.870570229281671049e+00
4.541666666666666630e-01,1.635000000000000000e+02,9.942807000982298860e-01,1.801545152457302290e-01,7.494478738137045903e-01,-1.866191742026453992e+00
4.545138888888888840e-01,1.636250000000000000e+02,9.945381295350795847e-01,1.795072916659540274e-01,7.333339730512028476e-01,-1.861816671541527635e+00
4.548611111111111049e-01,1.637500000000000000e+02,9.947899516857339197e-01,1.788615865720638021e-01,7.171499501516376274e-01,-1.857445312217410383e+00
4.552083333333333259e-01,1.638750000000000000e+02,9.950361422491564856e-01,1.782173986246493314e-01,7.008960761032599907e-01,-1.853077956391986802e+00
4.555555555555555469e-01,1.640000000000000000e+02,9.952766770191162626e-01,1.775747263831549128e-01,6.845726259974712624e-01,-1.848714894315461654e+00
4.559027777777777679e-01,1.641250000000000000e+02,9.955115318856152529e-01,1.769335683066120268e-01,6.681798790469086757e-01,-1.844356414115668974e+00
4.562500000000000444e-01,1.642500000000000284e+02,9.957406828363212226e-01,1.762939227543801890e-01,6.517181186035189144e-01,-1.840002801763751528e+00
4.565972222222222654e-01,1.643750000000000284e+02,9.959641059580109923e-01,1.756557879869029559e-01,6.351876321767272460e-01,-1.835654341040205528e+00
4.569444444444444864e-01,1.645000000000000284e+02,9.961817774380136159e-01,1.750191621664748676e-01,6.185887114515743468e-01,-1.831311313501295723e+00
4.572916666666667074e-01,1.646250000000000284e+02,9.963936735656668819e-01,1.743840433580180205e-01,6.019216523069190750e-01,-1.826973998445855729e+00
4.576388888888889284e-01,1.647500000000000000e+02,9.965997707337743705e-01,1.737504295298724633e-01,5.851867548336147085e-01,-1.822642672882451853e+00
4.579861111111111494e-01,1.648750000000000000e+02,9.968000454400712806e-01,1.731183185545977499e-01,5.683843233527167138e-01,-1.818317611496936603e+00
4.583333333333333703e-01,1.650000000000000000e+02,9.969944742886975853e-01,1.724877082097833469e-01,5.515146664336838533e-01,-1.813999086620389667e+00
4.586805555555555913e-01,1.651250000000000000e+02,9.971830339916749608e-01,1.718585961788736127e-01,5.345780969125502047e-01,-1.809687368197427260e+00
4.590277777777778123e-01,1.652500000000000000e+02,9.973657013703932650e-01,1.712309800520002423e-01,5.175749319100964030e-01,-1.805382723754923813e+00
4.593750000000000333e-01,1.653750000000000000e+02,9.975424533570984575e-01,1.706048573268283408e-01,5.005054928499911293e-01,-1.801085418371105584e+00
4.597222222222222543e-01,1.655000000000000000e+02,9.977132669963935108e-01,1.699802254094113785e-01,4.833701054769030669e-01,-1.796795714645053277e+00
4.600694444444444753e-01,1.656250000000000000e+02,9.978781194467383209e-01,1.693570816150572478e-01,4.661690998745536274e-01,-1.792513872666589458e+00
4.604166666666666963e-01,1.657500000000000000e+02,9.980369879819619428e-01,1.687354231692048123e-01,4.489028104837322619e-01,-1.788240149986568994e+00
4.607638888888889173e-01,1.658750000000000000e+02,9.981898499927779334e-01,1.681152472083110028e-01,4.315715761202681966e-01,-1.783974801587574044e+00
4.611111111111111382e-01,1.660000000000000000e+02,9.983366829883058013e-01,1.674965507807466281e-01,4.141757399928931438e-01,-1.779718079855006740e+00
4.614583333333333592e-01,1.661250000000000000e+02,9.984774645976003393e-01,1.668793308477040382e-01,3.967156497210746480e-01,-1.775470234548588433e+00
4.618055555555555802e-01,1.662500000000000000e+02,9.986121725711857300e-01,1.662635842841131417e-01,3.791916573527282508e-01,-1.771231512774268602e+00
4.621527777777778012e-01,1.663750000000000000e+02,9.987407847825964247e-01,1.656493078795682194e-01,3.616041193818753108e-01,-1.767002158956544555e+00
4.625000000000000222e-01,1.665000000000000000e+02,9.988632792299235730e-01,1.650364983392634544e-01,3.439533967661506653e-01,-1.762782414811182807e+00
4.628472222222222432e-01,1.666250000000000000e+02,9.989796340373693351e-01,1.644251522849372316e-01,3.262398549442380724e-01,-1.758572519318363669e+00
4.631944444444444642e-01,1.667500000000000000e+02,9.990898274568039694e-01,1.638152662558288730e-01,3.084638638531859156e-01,-1.754372708696236183e+00
4.635416666666666852e-01,1.668750000000000000e+02,9.991938378693314693e-01,1.632068367096397021e-01,2.906257979455558194e-01,-1.750183216374891382e+00
4.638888888888889062e-01,1.670000000000000000e+02,9.992916437868606394e-01,1.625998600235070424e-01,2.727260362064802823e-01,-1.746004272970747007e+00
4.642361111111111271e-01,1.671250000000000000e+02,9.993832238536822787e-01,1.619943324949850993e-01,2.547649621705366241e-01,-1.741836106261360761e+00
4.645833333333333481e-01,1.672500000000000000e+02,9.994685568480499160e-01,1.613902503430356128e-01,2.367429639385005558e-01,-1.737678941160662793e+00
4.649305555555555691e-01,1.673750000000000000e+02,9.995476216837705374e-01,1.607876097090250034e-01,2.186604341938848395e-01,-1.733532999694599841e+00
4.652777777777777901e-01,1.675000000000000000e+02,9.996203974117974234e-01,1.601864066577330381e-01,2.005177702193473299e-01,-1.729398500977215924e+00
4.656250000000000111e-01,1.676250000000000000e+02,9.996868632218297579e-01,1.595866371783665472e-01,1.823153739128964279e-01,-1.725275661187155363e+00
4.659722222222222321e-01,1.677500000000000000e+02,9.997469984439179003e-01,1.589882971855837435e-01,1.640536518038902825e-01,-1.721164693544582125e+00
4.663194444444444531e-01,1.678750000000000000e+02,9.998007825500754286e-01,1.583913825205246484e-01,1.457330150688459780e-01,-1.717065808288537498e+00
4.666666666666666741e-01,1.680000000000000000e+02,9.998481951558938485e-01,1.577958889518505659e-01,1.273538795470281204e-01,-1.712979212654718530e+00
4.670138888888888951e-01,1.681250000000000000e+02,9.998892160221652947e-01,1.572018121767904397e-01,1.089166657558223728e-01,-1.708905110853695897e+00
4.673611111111111160e-01,1.682500000000000000e+02,9.999238250565093411e-01,1.566091478221953714e-01,9.042179890585018420e-02,-1.704843704049539888e+00
4.677083333333333370e-01,1.683750000000000000e+02,9.999520023150050285e-01,1.560178914455991606e-01,7.186970891585948984e-02,-1.700795190338902252e+00
4.680555555555555580e-01,1.685000000000000000e+02,9.999737280038284437e-01,1.554280385362879768e-01,5.326083042736361184e-02,-1.696759764730514153e+00
4.684027777777777790e-01,1.686250000000000000e+02,9.999889824808947392e-01,1.548395845163757500e-01,3.459560281899392437e-02,-1.692737619125119108e+00
4.687500000000000000e-01,1.687500000000000000e+02,9.999977462575051490e-01,1.542525247418861656e-01,1.587447022058938520e-02,-1.688728942295840030e+00
4.690972222222222210e-01,1.688750000000000000e+02,1.000000000000000000e+00,1.536668545038429590e-01,-2.902118472991675746e-03,-1.684733919868975027e+00
4.694444444444444420e-01,1.690000000000000000e+02,9.999957245314150533e-01,1.530825690293648456e-01,-2.173370958836713315e-02,-1.680752734305239526e+00
4.697916666666666630e-01,1.691250000000000000e+02,9.999849008331425093e-01,1.524996634827691100e-01,-4.061984466043448705e-02,-1.676785564881420942e+00
4.701388888888888840e-01,1.692500000000000000e+02,9.999675100465988953e-01,1.519181329666785540e-01,-5.956006041948892771e-02,-1.672832587672489213e+00
4.704861111111111049e-01,1.693750000000000000e+02,9.999435334748928428e-01,1.513379725231380479e-01,-7.855388877864878661e-02,-1.668893975534128549e+00
4.708333333333333259e-01,1.695000000000000000e+02,9.999129525845020794e-01,1.507591771347338572e-01,-9.760085682166201593e-02,-1.664969898085705724e+00
4.711805555555555469e-01,1.696250000000000000e+02,9.998757490069509757e-01,1.501817417257213239e-01,-1.167004867910193255e-01,-1.661060521693680903e+00
4.715277777777778234e-01,1.697500000000000284e+02,9.998319045404945316e-01,1.496056611631567945e-01,-1.358522960764425302e-01,-1.657166009455442790e+00
4.718750000000000444e-01,1.698750000000000284e+02,9.997814011518048050e-01,1.490309302580349882e-01,-1.550557972037437116e-01,-1.653286521183588764e+00
4.722222222222222654e-01,1.700000000000000284e+02,9.997242209776613375e-01,1.484575437664332753e-01,-1.743104978240683223e-01,-1.649422213390628889e+00
4.725694444444444864e-01,1.701250000000000284e+02,9.996603463266465761e-01,1.478854963906586495e-01,-1.936159007035196389e-01,-1.645573239274138011e+00
4.729166666666667074e-01,1.702500000000000284e+02,9.995897596808425156e-01,1.473147827804029419e-01,-2.129715037131849620e-01,-1.641739748702328638e+00
4.732638888888889284e-01,1.703750000000000000e+02,9.995124436975332261e-01,1.467453975338999239e-01,-2.323767998195731266e-01,-1.637921888200074338e+00
4.736111111111111494e-01,1.705000000000000000e+02,9.994283812109084897e-01,1.461773351990893477e-01,-2.518312770754872476e-01,-1.634119800935349698e+00
4.739583333333333703e-01,1.706250000000000000e+02,9.993375552337718792e-01,1.456105902747842629e-01,-2.713344186113189616e-01,-1.630333626706116146e+00
4.743055555555555913e-01,1.707500000000000000e+02,9.992399489592519446e-01,1.450451572118438559e-01,-2.908857026267758217e-01,-1.626563501927640099e+00
4.746527777777778123e-01,1.708750000000000000e+02,9.991355457625141767e-01,1.444810304143501756e-01,-3.104846023830893365e-01,-1.622809559620240982e+00
4.750000000000000333e-01,1.710000000000000000e+02,9.990243292024790778e-01,1.439182042407883833e-01,-3.301305861956699839e-01,-1.619071929397469356e+00
4.753472222222222543e-01,1.711250000000000000e+02,9.989062830235375667e-01,1.433566730052322769e-01,-3.498231174272374844e-01,-1.615350737454725349e+00
4.756944444444444753e-01,1.712500000000000000e+02,9.987813911572762660e-01,1.427964309785326180e-01,-3.695616544814382953e-01,-1.611646106558304092e+00
4.760416666666666963e-01,1.713750000000000000e+02,9.986496377241956823e-01,1.422374723895102611e-01,-3.893456507969696445e-01,-1.607958156034867248e+00
4.763888888888889173e-01,1.715000000000000000e+02,9.985110070354383804e-01,1.416797914261512803e-01,-4.091745548422049961e-01,-1.604287001761351528e+00
4.767361111111111382e-01,1.716250000000000000e+02,9.983654835945147132e-01,1.411233822368074819e-01,-4.290478101103140096e-01,-1.600632756155305092e+00
4.770833333333333592e-01,1.717500000000000000e+02,9.982130520990305511e-01,1.405682389313985536e-01,-4.489648551149617584e-01,-1.596995528165650269e+00
4.774305555555555802e-01,1.718750000000000000e+02,9.980536974424172314e-01,1.400143555826179609e-01,-4.689251233864913937e-01,-1.593375423263874158e+00
4.777777777777778012e-01,1.720000000000000000e+02,9.978874047156630622e-01,1.394617262271422853e-01,-4.889280434686983368e-01,-1.589772543435644669e+00
4.781250000000000222e-01,1.721250000000000000e+02,9.977141592090439381e-01,1.389103448668429774e-01,-5.089730389161227775e-01,-1.586186987172863772e+00
4.784722222222222432e-01,1.722500000000000000e+02,9.975339464138582857e-01,1.383602054699999695e-01,-5.290595282919612341e-01,-1.582618849466121080e+00
4.788194444444444642e-01,1.723750000000000000e+02,9.973467520241577899e-01,1.378113019725197286e-01,-5.491869251665140172e-01,-1.579068221797600202e+00
4.791666666666666852e-01,1.725000000000000000e+02,9.971525619384831174e-01,1.372636282791541706e-01,-5.693546381162376546e-01,-1.575535192134383866e+00
4.795138888888889062e-01,1.726250000000000000e+02,9.969513622615975290e-01,1.367171782647218226e-01,-5.895620707234136004e-01,-1.572019844922196263e+00
4.798611111111111271e-01,1.727500000000000000e+02,9.967431393062201606e-01,1.361719457753323148e-01,-6.098086215764008111e-01,-1.568522261079555724e+00
4.802083333333333481e-01,1.728750000000000000e+02,9.965278795947614121e-01,1.356279246296117069e-01,-6.300936842705204821e-01,-1.565042517992351945e+00
4.805555555555555691e-01,1.730000000000000000e+02,9.963055698610542299e-01,1.350851086199300888e-01,-6.504166474095769424e-01,-1.561580689508838882e+00
4.809027777777777901e-01,1.731250000000000000e+02,9.960761970520894959e-01,1.345434915136300702e-01,-6.707768946080129302e-01,-1.558136845935043535e+00
4.812500000000000111e-01,1.732500000000000000e+02,9.958397483297461994e-01,1.340030670542590174e-01,-6.911738044937066894e-01,-1.554711054030593731e+00
4.815972222222222321e-01,1.733750000000000000e+02,9.955962110725223857e-01,1.334638289627990693e-01,-7.116067507114393065e-01,-1.551303377004953798e+00
4.819444444444444531e-01,1.735000000000000000e+02,9.953455728772655497e-01,1.329257709389021769e-01,-7.320751019270310689e-01,-1.547913874514077248e+00
4.822916666666666741e-01,1.736250000000000000e+02,9.950878215608998101e-01,1.323888866621234506e-01,-7.525782218321577233e-01,-1.544542602657463792e+00
4.826388888888888951e-01,1.737500000000000000e+02,9.948229451621533048e-01,1.318531697931570046e-01,-7.731154691498288711e-01,-1.541189613975639805e+00
4.829861111111111160e-01,1.738750000000000000e+02,9.945509319432800366e-01,1.313186139750717185e-01,-7.936861976406159869e-01,-1.537854957448024917e+00
4.833333333333333370e-01,1.740000000000000000e+02,9.942717703917843819e-01,1.307852128345484977e-01,-8.142897561095338022e-01,-1.534538678491226493e+00
4.836805555555555580e-01,1.741250000000000000e+02,9.939854492221389393e-01,1.302529599831168672e-01,-8.349254884136790844e-01,-1.531240818957723349e+00
4.840277777777777790e-01,1.742500000000000000e+02,9.936919573775020442e-01,1.297218490183938144e-01,-8.555927334705493159e-01,-1.527961417134962252e+00
4.843750000000000000e-01,1.743750000000000000e+02,9.933912840314299553e-01,1.291918735253204942e-01,-8.762908252671547382e-01,-1.524700507744844780e+00
4.847222222222222210e-01,1.745000000000000000e+02,9.930834185895883737e-01,1.286630270774011264e-01,-8.970190928698243971e-01,-1.521458121943629171e+00
4.850694444444444420e-01,1.746250000000000000e+02,9.927683506914594114e-01,1.281353032379408952e-01,-9.177768604347681380e-01,-1.518234287322212328e+00
4.854166666666666630e-01,1.747500000000000000e+02,9.924460702120432298e-01,1.276086955612832918e-01,-9.385634472194401834e-01,-1.515029027906820147e+00
4.857638888888888840e-01,1.748750000000000000e+02,9.921165672635579025e-01,1.270831975940486802e-01,-9.593781675946134735e-01,-1.511842364160092433e+00
4.861111111111111049e-01,1.750000000000000000e+02,9.917798321971338371e-01,1.265588028763703632e-01,-9.802203310572851214e-01,-1.508674312982545285e+00
4.864583333333333259e-01,1.751250000000000000e+02,9.914358556045035353e-01,1.260355049431315932e-01,-1.001089242244310951e+00,-1.505524887714447146e+00
4.868055555555555469e-01,1.752500000000000000e+02,9.910846283196870221e-01,1.255132973252015838e-01,-1.021984200946898014e+00,-1.502394098138061684e+00
4.871527777777778234e-01,1.753750000000000284e+02,9.907261414206703920e-01,1.249921735506701881e-01,-1.042904502125842070e+00,-1.499281950480287673e+00
4.875000000000000444e-01,1.755000000000000284e+02,9.903603862310829120e-01,1.244721271460820650e-01,-1.063849435927598286e+00,-1.496188447415688128e+00
4.878472222222222654e-01,1.756250000000000284e+02,9.899873543218628003e-01,1.239531516376688736e-01,-1.084818287701175832e+00,-1.493113588069890474e+00
4.881944444444444864e-01,1.757500000000000284e+02,9.896070375129223384e-01,1.234352405525824675e-01,-1.105810338015842609e+00,-1.490057368023375517e+00
4.885416666666667074e-01,1.758750000000000284e+02,9.892194278748025482e-01,1.229183874201230098e-01,-1.126824862679672412e+00,-1.487019779315640333e+00
4.888888888888889284e-01,1.760000000000000000e+02,9.888245177303237599e-01,1.224025857729697797e-01,-1.147861132758918767e+00,-1.484000810449745522e+00
4.892361111111111494e-01,1.761250000000000000e+02,9.884222996562296304e-01,1.218878291484066373e-01,-1.168918414598241418e+00,-1.481000446397225279e+00
4.895833333333333703e-01,1.762500000000000000e+02,9.880127664848203928e-01,1.213741110895485004e-01,-1.189995969841791457e+00,-1.478018668603384933e+00
4.899305555555555913e-01,1.763750000000000000e+02,9.875959113055842176e-01,1.208614251465640332e-01,-1.211093055455155776e+00,-1.475055454992950210e+00
4.902777777777778123e-01,1.765000000000000000e+02,9.871717274668151410e-01,1.203497648778970863e-01,-1.232208923748144613e+00,-1.472110779976102846e+00
4.906250000000000333e-01,1.766250000000000000e+02,9.867402085772275511e-01,1.198391238514866924e-01,-1.253342822398485934e+00,-1.469184614454870363e+00
4.909722222222222543e-01,1.767500000000000000e+02,9.863013485075593501e-01,1.193294956459825251e-01,-1.274493994476384229e+00,-1.466276925829884448e+00
4.913194444444444753e-01,1.768750000000000000e+02,9.858551413921669004e-01,1.188208738519613145e-01,-1.295661678469939959e+00,-1.463387678007503245e+00
4.916666666666666963e-01,1.770000000000000000e+02,9.854015816306127551e-01,1.183132520731372817e-01,-1.316845108311515578e+00,-1.460516831407284055e+00
4.920138888888889173e-01,1.771250000000000000e+02,9.849406638892421739e-01,1.178066239275722127e-01,-1.338043513404936879e+00,-1.457664342969826166e+00
4.923611111111111382e-01,1.772500000000000000e+02,9.844723831027499816e-01,1.173009830488817851e-01,-1.359256118653646928e+00,-1.454830166164958083e+00
4.927083333333333592e-01,1.773750000000000000e+02,9.839967344757400980e-01,1.167963230874396602e-01,-1.380482144489715957e+00,-1.452014251000282030e+00
4.930555555555555802e-01,1.775000000000000000e+02,9.835137134842704132e-01,1.162926377115773707e-01,-1.401720806903827166e+00,-1.449216544030067721e+00
4.934027777777778012e-01,1.776250000000000000e+02,9.830233158773917790e-01,1.157899206087823901e-01,-1.422971317476120934e+00,-1.446436988364500520e+00
4.937500000000000222e-01,1.777500000000000000e+02,9.825255376786730110e-01,1.152881654868919969e-01,-1.444232883407993162e+00,-1.443675523679261996e+00
4.940972222222222432e-01,1.778750000000000000e+02,9.820203751877153442e-01,1.147873660752844610e-01,-1.465504707554812880e+00,-1.440932086225468645e+00
4.944444444444444642e-01,1.780000000000000000e+02,9.815078249816560074e-01,1.142875161260661493e-01,-1.486785988459575991e+00,-1.438206608839942335e+00
4.947916666666666852e-01,1.781250000000000000e+02,9.809878839166593645e-01,1.137886094152551070e-01,-1.508075920387478286e+00,-1.435499020955826932e+00
4.951388888888889062e-01,1.782500000000000000e+02,9.804605491293975073e-01,1.132906397439610580e-01,-1.529373693361443465e+00,-1.432809248613531317e+00
4.954861111111111271e-01,1.783750000000000000e+02,9.799258180385148620e-01,1.127936009395612699e-01,-1.550678493198596186e+00,-1.430137214472017471e+00
4.958333333333333481e-01,1.785000000000000000e+02,9.793836883460826925e-01,1.122974868568737961e-01,-1.571989501547663259e+00,-1.427482837820419181e+00
4.961805555555555691e-01,1.786250000000000000e+02,9.788341580390410579e-01,1.118022913793235013e-01,-1.593305895927336513e+00,-1.424846034589978494e+00
4.965277777777777901e-01,1.787500000000000000e+02,9.782772253906245608e-01,1.113080084201078651e-01,-1.614626849765594452e+00,-1.422226717366328774e+00
4.968750000000000111e-01,1.788750000000000000e+02,9.777128889617768825e-01,1.108146319233549448e-01,-1.635951532439970268e+00,-1.419624795402081308e+00
4.972222222222222321e-01,1.790000000000000000e+02,9.771411476025486653e-01,1.103221558652797279e-01,-1.657279109318776200e+00,-1.417040174629755400e+00
4.975694444444444531e-01,1.791250000000000000e+02,9.765620004534839582e-01,1.098305742553335046e-01,-1.678608741803290227e+00,-1.414472757675008685e+00
4.979166666666666741e-01,1.792500000000000000e+02,9.759754469469892335e-01,1.093398811373503671e-01,-1.699939587370915106e+00,-1.411922443870201604e+00
4.982638888888888951e-01,1.793750000000000000e+02,9.753814868086883028e-01,1.088500705906884497e-01,-1.721270799619299519e+00,-1.409389129268266982e+00
4.986111111111111160e-01,1.795000000000000000e+02,9.747801200587616899e-01,1.083611367313655621e-01,-1.742601528311396919e+00,-1.406872706656896010e+00
4.989583333333333370e-01,1.796250000000000000e+02,9.741713470132705721e-01,1.078730737131910616e-01,-1.763930919421547783e+00,-1.404373065573033319e+00
4.993055555555555580e-01,1.797500000000000000e+02,9.735551682854629574e-01,1.073858757288918137e-01,-1.785258115182477345e+00,-1.401890092317684022e+00
4.996527777777777790e-01,1.798750000000000000e+02,9.729315847870658729e-01,1.068995370112325455e-01,-1.806582254133303422e+00,-1.399423669971016082e+00
5.000000000000000000e-01,1.800000000000000000e+02,9.723005977295595681e-01,1.064140518341330083e-01,-1.827902471168472154e+00,-1.396973678407781971e+00
5.003472222222222765e-01,1.801250000000000284e+02,9.716622086254323998e-01,1.059294145137764098e-01,-1.849217897587728920e+00,-1.394539994313024556e+00
5.006944444444444420e-01,1.802500000000000000e+02,9.710164192894227275e-01,1.054456194097158905e-01,-1.870527661146980991e+00,-1.392122491198091394e+00
5.010416666666667185e-01,1.803750000000000284e+02,9.703632318397378276e-01,1.049626609259723120e-01,-1.891830886110221321e+00,-1.389721039416943249e+00
5.013888888888888840e-01,1.805000000000000000e+02,9.697026486992604832e-01,1.044805335121287843e-01,-1.913126693302325876e+00,-1.387335506182752365e+00
5.017361111111111605e-01,1.806250000000000284e+02,9.690346725967297070e-01,1.039992316644172549e-01,-1.934414200162932529e+00,-1.384965755584794067e+00
5.020833333333333259e-01,1.807500000000000000e+02,9.683593065679103606e-01,1.035187499268011846e-01,-1.955692520801174172e+00,-1.382611648605632348e+00
5.024305555555556024e-01,1.808750000000000284e+02,9.676765539567379060e-01,1.030390828920505902e-01,-1.976960766051490292e+00,-1.380273043138575018e+00
5.027777777777777679e-01,1.810000000000000000e+02,9.669864184164471688e-01,1.025602252028119526e-01,-1.998218043530312515e+00,-1.377949794005437489e+00
5.031250000000000444e-01,1.811250000000000284e+02,9.662889039106767886e-01,1.020821715526713108e-01,-2.019463457693810415e+00,-1.375641752974561038e+00
5.034722222222222099e-01,1.812500000000000000e+02,9.655840147145600127e-01,1.016049166872119852e-01,-2.040696109896500854e+00,-1.373348768779134144e+00
5.038194444444444864e-01,1.813750000000000284e+02,9.648717554157888454e-01,1.011284554050641410e-01,-2.061915098450924688e+00,-1.371070687135767852e+00
5.041666666666666519e-01,1.815000000000000000e+02,9.641521309156612096e-01,1.006527825589498548e-01,-2.083119518688189675e+00,-1.368807350763366237e+00
5.045138888888889284e-01,1.816250000000000000e+02,9.634251464301037959e-01,1.001778930567202713e-01,-2.104308463019569864e+00,-1.366558599402251550e+00
5.048611111111110938e-01,1.817500000000000000e+02,9.626908074906779245e-01,9.970378186238693097e-02,-2.125481020998941428e+00,-1.364324269833566694e+00
5.052083333333333703e-01,1.818750000000000000e+02,9.619491199455563191e-01,9.923044399714475716e-02,-2.146636279386312296e+00,-1.362104195898944825e+00
5.055555555555555358e-01,1.820000000000000000e+02,9.612000899604872250e-01,9.875787454039079705e-02,-2.167773322212168896e+00,-1.359898208520441631e+00
5.059027777777778123e-01,1.821250000000000000e+02,9.604437240197268855e-01,9.828606863073295619e-02,-2.188891230842878510e+00,-1.357706135720720297e+00
5.062499999999999778e-01,1.822500000000000000e+02,9.596800289269554751e-01,9.781502146699477818e-02,-2.209989084046932728e+00,-1.355527802643522906e+00
5.065972222222222543e-01,1.823750000000000000e+02,9.589090118061650569e-01,9.734472830920959385e-02,-2.231065958062250498e+00,-1.353363031574360553e+00
5.069444444444444198e-01,1.825000000000000000e+02,9.581306801025295528e-01,9.687518447961096513e-02,-2.252120926664282763e+00,-1.351211641961493015e+00
5.072916666666666963e-01,1.826250000000000000e+02,9.573450415832448490e-01,9.640638536361331723e-02,-2.273153061235161587e+00,-1.349073450437137556e+00
5.076388888888888618e-01,1.827500000000000000e+02,9.565521043383495847e-01,9.593832641078678392e-02,-2.294161430833690840e+00,-1.346948270838942419e+00
5.079861111111111382e-01,1.828750000000000000e+02,9.557518767815192939e-01,9.547100313582218556e-02,-2.315145102266337851e+00,-1.344835914231696350e+00
5.083333333333333037e-01,1.830000000000000000e+02,9.549443676508347911e-01,9.500441111949205208e-02,-2.336103140159040414e+00,-1.342736188929293029e+00
5.086805555555555802e-01,1.831250000000000000e+02,9.541295860095283521e-01,9.453854600960036325e-02,-2.357034607030031204e+00,-1.340648900516929753e+00
5.090277777777777457e-01,1.832500000000000000e+02,9.533075412467022502e-01,9.407340352192729294e-02,-2.377938563363467317e+00,-1.338573851873551268e+00
5.093750000000000222e-01,1.833750000000000000e+02,9.524782430780200926e-01,9.360897944116343405e-02,-2.398814067684060358e+00,-1.336510843194535392e+00
5.097222222222221877e-01,1.835000000000000000e+02,9.516417015463790596e-01,9.314526962183998504e-02,-2.419660176632465465e+00,-1.334459672014602694e+00
5.100694444444444642e-01,1.836250000000000000e+02,9.507979270225440649e-01,9.268226998924561366e-02,-2.440475945041717054e+00,-1.332420133230973525e+00
5.104166666666667407e-01,1.837500000000000284e+02,9.499469302057688136e-01,9.221997654034071179e-02,-2.461260426014386216e+00,-1.330392019126745318e+00
5.107638888888889062e-01,1.838750000000000000e+02,9.490887221243782257e-01,9.175838534466015939e-02,-2.482012671000713766e+00,-1.328375119394504589e+00
5.111111111111111827e-01,1.840000000000000284e+02,9.482233141363306528e-01,9.129749254520777568e-02,-2.502731729877581301e+00,-1.326369221160160095e+00
5.114583333333333481e-01,1.841250000000000000e+02,9.473507179297501191e-01,9.083729435934466412e-02,-2.523416651028291380e+00,-1.324374109007008693e+00
5.118055555555556246e-01,1.842500000000000284e+02,9.464709455234304736e-01,9.037778707966705183e-02,-2.544066481423289616e+00,-1.322389565000011702e+00
5.121527777777777901e-01,1.843750000000000000e+02,9.455840092673120090e-01,8.991896707487705143e-02,-2.564680266701609757e+00,-1.320415368710302406e+00
5.125000000000000666e-01,1.845000000000000284e+02,9.446899218429301026e-01,8.946083079064359733e-02,-2.585257051253266436e+00,-1.318451297239899844e+00
5.128472222222222321e-01,1.846250000000000000e+02,9.437886962638338817e-01,8.900337475045606850e-02,-2.605795878302366031e+00,-1.316497125246644639e+00
5.131944444444445086e-01,1.847500000000000284e+02,9.428803458759754674e-01,8.854659555646819669e-02,-2.626295789991137664e+00,-1.314552624969349326e+00
5.135416666666666741e-01,1.848750000000000000e+02,9.419648843580742392e-01,8.809048989033393950e-02,-2.646755827464644995e+00,-1.312617566253144519e+00
5.138888888888889506e-01,1.850000000000000284e+02,9.410423257219437954e-01,8.763505451403359736e-02,-2.667175030956431936e+00,-1.310691716575057120e+00
5.142361111111111160e-01,1.851250000000000000e+02,9.401126843127975974e-01,8.718028627069263070e-02,-2.687552439874816734e+00,-1.308774841069770822e+00
5.145833333333333925e-01,1.852500000000000284e+02,9.391759748095170890e-01,8.672618208538929174e-02,-2.707887092890080893e+00,-1.306866702555601556e+00
5.149305555555555580e-01,1.853750000000000000e+02,9.382322122248955010e-01,8.627273896595548386e-02,-2.728178028022325563e+00,-1.304967061560680319e+00
5.152777777777778345e-01,1.855000000000000284e+02,9.372814119058453519e-01,8.581995400376642158e-02,-2.748424282730174806e+00,-1.303075676349318091e+00
5.156250000000000000e-01,1.856250000000000000e+02,9.363235895335810799e-01,8.536782437452258843e-02,-2.768624894000121461e+00,-1.301192302948584789e+00
5.159722222222222765e-01,1.857500000000000284e+02,9.353587611237645927e-01,8.491634733902196641e-02,-2.788778898436715004e+00,-1.299316695175067649e+00
5.163194444444444420e-01,1.858750000000000000e+02,9.343869430266243947e-01,8.446552024392280089e-02,-2.808885332353361353e+00,-1.297448604661841198e+00
5.166666666666667185e-01,1.860000000000000284e+02,9.334081519270381877e-01,8.401534052249665097e-02,-2.828943231863955798e+00,-1.295587780885598894e+00
5.170138888888888840e-01,1.861250000000000000e+02,9.324224048445889368e-01,8.356580569537329362e-02,-2.848951632975073700e+00,-1.293733971194012788e+00
5.173611111111111605e-01,1.862500000000000284e+02,9.314297191335841886e-01,8.311691337127398438e-02,-2.868909571678991188e+00,-1.291886920833230645e+00
5.177083333333333259e-01,1.863750000000000000e+02,9.304301124830458569e-01,8.266866124773789015e-02,-2.888816084047256094e+00,-1.290046372975600875e+00
5.180555555555556024e-01,1.865000000000000284e+02,9.294236029166649260e-01,8.222104711183528258e-02,-2.908670206325035146e+00,-1.288212068747555561e+00
5.184027777777777679e-01,1.866250000000000000e+02,9.284102087927261771e-01,8.177406884087556893e-02,-2.928470975025985634e+00,-1.286383747257670240e+00
5.187500000000000444e-01,1.867500000000000284e+02,9.273899488039981653e-01,8.132772440310051532e-02,-2.948217427027906012e+00,-1.284561145624919520e+00
5.190972222222222099e-01,1.868750000000000000e+02,9.263628419775887801e-01,8.088201185837216867e-02,-2.967908599668875436e+00,-1.282743999007086799e+00
5.194444444444444864e-01,1.870000000000000284e+02,9.253289076747703845e-01,8.043692935884746986e-02,-2.987543530844111395e+00,-1.280932040629358948e+00
5.197916666666666519e-01,1.871250000000000000e+02,9.242881655907689842e-01,7.999247514964541450e-02,-3.007121259103341160e+00,-1.279125001813091744e+00
5.201388888888889284e-01,1.872500000000000000e+02,9.232406357545185349e-01,7.954864756950165428e-02,-3.026640823748834919e+00,-1.277322612004737623e+00
5.204861111111110938e-01,1.873750000000000000e+02,9.221863385283846082e-01,7.910544505141643701e-02,-3.046101264933925190e+00,-1.275524598804945953e+00
5.208333333333333703e-01,1.875000000000000000e+02,9.211252946078503090e-01,7.866286612328841910e-02,-3.065501623762166616e+00,-1.273730687997818523e+00
5.211805555555555358e-01,1.876250000000000000e+02,9.200575250211704414e-01,7.822090940854201091e-02,-3.084840942386948281e+00,-1.271940603580342888e+00
5.215277777777778123e-01,1.877500000000000000e+02,9.189830511289871495e-01,7.777957362674114972e-02,-3.104118264111736192e+00,-1.270154067791969155e+00
5.218749999999999778e-01,1.878750000000000000e+02,9.179018946239158039e-01,7.733885759419607819e-02,-3.123332633490707888e+00,-1.268370801144356630e+00
5.222222222222222543e-01,1.880000000000000000e+02,9.168140775300914758e-01,7.689876022455645332e-02,-3.142483096429996792e+00,-1.266590522451263023e+00
5.225694444444444198e-01,1.881250000000000000e+02,9.157196222026831034e-01,7.645928052939712782e-02,-3.161568700289322464e+00,-1.264812948858611286e+00
5.229166666666666963e-01,1.882500000000000000e+02,9.146185513273697998e-01,7.602041761879095583e-02,-3.180588493984170650e+00,-1.263037795874674574e+00
5.232638888888888618e-01,1.883750000000000000e+02,9.135108879197836318e-01,7.558217070187286946e-02,-3.199541528088343689e+00,-1.261264777400441295e+00
5.236111111111111382e-01,1.885000000000000000e+02,9.123966553249146516e-01,7.514453908739178456e-02,-3.218426854937024739e+00,-1.259493605760112045e+00
5.239583333333333037e-01,1.886250000000000000e+02,9.112758772164848420e-01,7.470752218425440183e-02,-3.237243528730175068e+00,-1.257723991731743762e+00
5.243055555555555802e-01,1.887500000000000000e+02,9.101485775962773195e-01,7.427111950205446400e-02,-3.255990605636418511e+00,-1.255955644578035768e+00
5.246527777777777457e-01,1.888750000000000000e+02,9.090147807934407798e-01,7.383533065159582354e-02,-3.274667143897229238e+00,-1.254188272077265021e+00
5.250000000000000222e-01,1.890000000000000000e+02,9.078745114637452041e-01,7.340015534540071662e-02,-3.293272203931576936e+00,-1.252421580554351932e+00
5.253472222222221877e-01,1.891250000000000000e+02,9.067277945888128077e-01,7.296559339821012680e-02,-3.311804848440826898e+00,-1.250655274912066517e+00
5.256944444444444642e-01,1.892500000000000000e+02,9.055746554753044686e-01,7.253164472747118674e-02,-3.330264142514065551e+00,-1.248889058662367990e+00
5.260416666666667407e-01,1.893750000000000284e+02,9.044151197540736264e-01,7.209830935381600359e-02,-3.348649153733671557e+00,-1.247122633957880700e+00
5.263888888888889062e-01,1.895000000000000000e+02,9.032492133792816569e-01,7.166558740152673135e-02,-3.366958952281230655e+00,-1.245355701623497513e+00
5.267361111111111827e-01,1.896250000000000284e+02,9.020769626274750541e-01,7.123347909899166441e-02,-3.385192611043744026e+00,-1.243587961188114210e+00
5.270833333333333481e-01,1.897500000000000000e+02,9.008983940966333037e-01,7.080198477915014554e-02,-3.403349205720026749e+00,-1.241819110916484670e+00
5.274305555555556246e-01,1.898750000000000284e+02,8.997135347051662402e-01,7.037110487992510877e-02,-3.421427814927467281e+00,-1.240048847841211277e+00
5.277777777777777901e-01,1.900000000000000000e+02,8.985224116908887559e-01,6.994083994464626863e-02,-3.439427520308903752e+00,-1.238276867794852132e+00
5.281250000000000666e-01,1.901250000000000284e+02,8.973250526099471047e-01,6.951119062245972313e-02,-3.457347406639810217e+00,-1.236502865442138166e+00
5.284722222222222321e-01,1.902500000000000000e+02,8.961214853357160059e-01,6.908215766873038177e-02,-3.475186561935576179e+00,-1.234726534312336810e+00
5.288194444444445086e-01,1.903750000000000284e+02,8.949117380576523395e-01,6.865374194542758768e-02,-3.492944077559083205e+00,-1.232947566831695596e+00
5.291666666666666741e-01,1.905000000000000000e+02,8.936958392801161999e-01,6.822594442150475835e-02,-3.510619048328296188e+00,-1.231165654356035422e+00
5.295138888888889506e-01,1.906250000000000284e+02,8.924738178211506501e-01,6.779876617326398291e-02,-3.528210572624125962e+00,-1.229380487203424410e+00
5.298611111111111160e-01,1.907500000000000000e+02,8.912457028112278357e-01,6.737220838471193185e-02,-3.545717752498303010e+00,-1.227591754686987224e+00
5.302083333333333925e-01,1.908750000000000284e+02,8.900115236919531325e-01,6.694627234790172243e-02,-3.563139693781445683e+00,-1.225799145147808078e+00
5.305555555555555580e-01,1.910000000000000000e+02,8.887713102147366540e-01,6.652095946326572196e-02,-3.580475506191108881e+00,-1.224002345987946549e+00
5.309027777777778345e-01,1.911250000000000284e+02,8.875250924394241236e-01,6.609627123993493114e-02,-3.597724303439996607e+00,-1.222201043703547541e+00
5.312500000000000000e-01,1.912500000000000000e+02,8.862729007328902231e-01,6.567220929604933310e-02,-3.614885203344122999e+00,-1.220394923918068253e+00
5.315972222222222765e-01,1.913750000000000284e+02,8.850147657675948576e-01,6.524877535905332371e-02,-3.631957327931079949e+00,-1.218583671415591541e+00
5.319444444444444420e-01,1.915000000000000000e+02,8.837507185201044502e-01,6.482597126598227399e-02,-3.648939803548231442e+00,-1.216766970174244289e+00
5.322916666666667185e-01,1.916250000000000284e+02,8.824807902695691597e-01,6.440379896373651936e-02,-3.665831760970966524e+00,-1.214944503399709719e+00
5.326388888888888840e-01,1.917500000000000000e+02,8.812050125961706781e-01,6.398226050934388565e-02,-3.682632335510835908e+00,-1.213115953558830507e+00
5.329861111111111605e-01,1.918750000000000284e+02,8.799234173795251746e-01,6.356135807020983630e-02,-3.699340667123716120e+00,-1.211281002413305163e+00
5.333333333333333259e-01,1.920000000000000000e+02,8.786360367970547092e-01,6.314109392435705848e-02,-3.715955900517815991e+00,-1.209439331053478339e+00
5.336805555555556024e-01,1.921250000000000284e+02,8.773429033223156814e-01,6.272147046065197629e-02,-3.732477185261671160e+00,-1.207590619932210396e+00
5.340277777777777679e-01,1.922500000000000000e+02,8.760440497232946377e-01,6.230249017902128594e-02,-3.748903675891929854e+00,-1.205734548898835579e+00
5.343750000000000444e-01,1.923750000000000284e+02,8.747395090606630008e-01,6.188415569065447430e-02,-3.765234532021098701e+00,-1.203870797233203893e+00
5.347222222222222099e-01,1.925000000000000000e+02,8.734293146859978263e-01,6.146646971819624827e-02,-3.781468918445045624e+00,-1.201999043679804036e+00
5.350694444444444864e-01,1.926250000000000284e+02,8.721135002399603708e-01,6.104943509592645340e-02,-3.797606005250399264e+00,-1.200118966481964033e+00
5.354166666666666519e-01,1.927500000000000000e+02,8.707920996504440181e-01,6.063305476992796039e-02,-3.813644967921684614e+00,-1.198230243416128715e+00
5.357638888888889284e-01,1.928750000000000000e+02,8.694651471306782398e-01,6.021733179824289434e-02,-3.829584987448305444e+00,-1.196332551826208235e+00
5.361111111111110938e-01,1.930000000000000000e+02,8.681326771773009154e-01,5.980226935101697755e-02,-3.845425250431225184e+00,-1.194425568658008308e+00
5.364583333333333703e-01,1.931250000000000000e+02,8.667947245683900181e-01,5.938787071063138939e-02,-3.861164949189454187e+00,-1.192508970493716847e+00
5.368055555555555358e-01,1.932500000000000000e+02,8.654513243614609941e-01,5.897413927182384996e-02,-3.876803281866190165e+00,-1.190582433586472089e+00
5.371527777777778123e-01,1.933750000000000000e+02,8.641025118914238412e-01,5.856107854179540967e-02,-3.892339452534730349e+00,-1.188645633894989784e+00
5.374999999999999778e-01,1.935000000000000000e+02,8.627483227685091016e-01,5.814869214030844030e-02,-3.907772671303992418e+00,-1.186698247118251004e+00
5.378472222222222543e-01,1.936250000000000000e+02,8.613887928761501112e-01,5.773698379976945072e-02,-3.923102154423755650e+00,-1.184739948730255898e+00
5.381944444444444198e-01,1.937500000000000000e+02,8.600239583688360501e-01,5.732595736530174402e-02,-3.938327124389481959e+00,-1.182770414014841176e+00
5.385416666666666963e-01,1.938750000000000000e+02,8.586538556699215841e-01,5.691561679480486302e-02,-3.953446810046827853e+00,-1.180789318100535779e+00
5.388888888888888618e-01,1.940000000000000000e+02,8.572785214694081946e-01,5.650596615900366909e-02,-3.968460446695662114e+00,-1.178796335995506706e+00
5.392361111111111382e-01,1.941250000000000000e+02,8.558979927216807670e-01,5.609700964148234270e-02,-3.983367276193754858e+00,-1.176791142622506614e+00
5.395833333333333037e-01,1.942500000000000000e+02,8.545123066432158687e-01,5.568875153870960631e-02,-3.998166547059930576e+00,-1.174773412853924448e+00
5.399305555555555802e-01,1.943750000000000000e+02,8.531215007102479486e-01,5.528119626004892456e-02,-4.012857514576841034e+00,-1.172742821546846503e+00
5.402777777777777457e-01,1.945000000000000000e+02,8.517256126564068941e-01,5.487434832775851118e-02,-4.027439440893169298e+00,-1.170699043578182996e+00
5.406250000000000222e-01,1.946250000000000000e+02,8.503246804703127326e-01,5.446821237697756224e-02,-4.041911595125413648e+00,-1.168641753879824385e+00
5.409722222222221877e-01,1.947500000000000000e+02,8.489187423931412457e-01,5.406279315570203248e-02,-4.056273253459048433e+00,-1.166570627473853206e+00
5.413194444444444642e-01,1.948750000000000000e+02,8.475078369161497260e-01,5.365809552474639504e-02,-4.070523699249236849e+00,-1.164485339507778550e+00
5.416666666666667407e-01,1.950000000000000284e+02,8.460920027781718700e-01,5.325412445769405617e-02,-4.084662223120878899e+00,-1.162385565289828282e+00
5.420138888888889062e-01,1.951250000000000000e+02,8.446712789630765883e-01,5.285088504083623046e-02,-4.098688123068136235e+00,-1.160270980324250134e+00
5.423611111111111827e-01,1.952500000000000284e+02,8.432457046971888470e-01,5.244838247309637630e-02,-4.112600704553336151e+00,-1.158141260346665868e+00
5.427083333333333481e-01,1.953750000000000000e+02,8.418153194466838629e-01,5.204662206594499324e-02,-4.126399280605200559e+00,-1.155996081359443206e+00
5.430555555555556246e-01,1.955000000000000284e+02,8.403801629149397767e-01,5.164560924329999331e-02,-4.140083171916490556e+00,-1.153835119667093512e+00
5.434027777777777901e-01,1.956250000000000000e+02,8.389402750398612385e-01,5.124534954141642812e-02,-4.153651706940911126e+00,-1.151658051911708114e+00
5.437500000000000666e-01,1.957500000000000284e+02,8.374956959911662446e-01,5.084584860876201901e-02,-4.167104221989388790e+00,-1.149464555108401065e+00
5.440972222222222321e-01,1.958750000000000000e+02,8.360464661676438869e-01,5.044711220588273676e-02,-4.180440061325576551e+00,-1.147254306680778102e+00
5.444444444444445086e-01,1.960000000000000284e+02,8.345926261943742430e-01,5.004914620525368479e-02,-4.193658577260671372e+00,-1.145026984496422928e+00
5.447916666666666741e-01,1.961250000000000000e+02,8.331342169199191794e-01,4.965195659111966420e-02,-4.206759130247445633e+00,-1.142782266902401700e+00
5.451388888888889506e-01,1.962500000000000284e+02,8.316712794134776265e-01,4.925554945932207607e-02,-4.219741088973534282e+00,-1.140519832760771290e+00
5.454861111111111160e-01,1.963750000000000000e+02,8.302038549620125440e-01,4.885993101711389591e-02,-4.232603830453895100e+00,-1.138239361484108203e+00
5.458333333333333925e-01,1.965000000000000284e+02,8.287319850673403598e-01,4.846510758296243560e-02,-4.245346740122500684e+00,-1.135940533071035707e+00
5.461805555555555580e-01,1.966250000000000000e+02,8.272557114431952074e-01,4.807108558633985812e-02,-4.257969211923132491e+00,-1.133623028141762301e+00
5.465277777777778345e-01,1.967500000000000284e+02,8.257750760122563038e-01,4.767787156750078609e-02,-4.270470648399394165e+00,-1.131286527973616618e+00
5.468750000000000000e-01,1.968750000000000000e+02,8.242901209031476828e-01,4.728547217724855117e-02,-4.282850460783788726e+00,-1.128930714536591218e+00
5.472222222222222765e-01,1.970000000000000284e+02,8.228008884474038442e-01,4.689389417668798909e-02,-4.295108069085957325e+00,-1.126555270528874608e+00
5.475694444444444420e-01,1.971250000000000000e+02,8.213074211764104238e-01,4.650314443696647315e-02,-4.307242902179944544e+00,-1.124159879412381935e+00
5.479166666666667185e-01,1.972500000000000284e+02,8.198097618183071145e-01,4.611322993900288103e-02,-4.319254397890607500e+00,-1.121744225448276788e+00
5.482638888888888840e-01,1.973750000000000000e+02,8.183079532948692725e-01,4.572415777320389119e-02,-4.331142003078991998e+00,-1.119307993732485906e+00
5.486111111111111605e-01,1.975000000000000284e+02,8.168020387183505537e-01,4.533593513916737289e-02,-4.342905173726817836e+00,-1.116850870231196557e+00
5.489583333333333259e-01,1.976250000000000000e+02,8.152920613883071210e-01,4.494856934537479198e-02,-4.354543375019905405e+00,-1.114372541816341711e+00
5.493055555555556024e-01,1.977500000000000284e+02,8.137780647883823271e-01,4.456206780887041197e-02,-4.366056081430650160e+00,-1.111872696301052565e+00
5.496527777777777679e-01,1.978750000000000000e+02,8.122600925830725238e-01,4.417643805492783848e-02,-4.377442776799425062e+00,-1.109351022475129067e+00
5.500000000000000444e-01,1.980000000000000284e+02,8.107381886144556793e-01,4.379168771670523264e-02,-4.388702954414987367e+00,-1.106807210140426045e+00
5.503472222222222099e-01,1.981250000000000000e+02,8.092123968989022309e-01,4.340782453488790937e-02,-4.399836117093760102e+00,-1.104240950146273326e+00
5.506944444444444864e-01,1.982500000000000284e+02,8.076827616237469698e-01,4.302485635731710667e-02,-4.410841777258098340e+00,-1.101651934424826118e+00
5.510416666666666519e-01,1.983750000000000000e+02,8.061493271439467145e-01,4.264279113861073334e-02,-4.421719457013392862e+00,-1.099039856026400974e+00
5.513888888888889284e-01,1.985000000000000000e+02,8.046121379786995709e-01,4.226163693976569408e-02,-4.432468688224116882e+00,-1.096404409154769333e+00
5.517361111111110938e-01,1.986250000000000000e+02,8.030712388080475383e-01,4.188140192775341442e-02,-4.443089012588670172e+00,-1.093745289202420867e+00
5.520833333333333703e-01,1.987500000000000000e+02,8.015266744694451440e-01,4.150209437510038457e-02,-4.453579981713142288e+00,-1.091062192785780871e+00
5.524305555555555358e-01,1.988750000000000000e+02,7.999784899543103123e-01,4.112372265945676841e-02,-4.463941157183834108e+00,-1.088354817780384121e+00
5.527777777777778123e-01,1.990000000000000000e+02,7.984267304045433722e-01,4.074629526315369510e-02,-4.474172110638655830e+00,-1.085622863356003664e+00
5.531249999999999778e-01,1.991250000000000000e+02,7.968714411090285221e-01,4.036982077274731823e-02,-4.484272423837261989e+00,-1.082866030011735869e+00
5.534722222222222543e-01,1.992500000000000000e+02,7.953126675001017665e-01,3.999430787855091235e-02,-4.494241688730019391e+00,-1.080084019611023960e+00
5.538194444444444198e-01,1.993750000000000000e+02,7.937504551500077499e-01,3.961976537415645011e-02,-4.504079507525678316e+00,-1.077276535416631154e+00
5.541666666666666963e-01,1.995000000000000000e+02,7.921848497673189549e-01,3.924620215594049749e-02,-4.513785492757852680e+00,-1.074443282125560506e+00
5.545138888888888618e-01,1.996250000000000000e+02,7.906158971933456847e-01,3.887362722256226116e-02,-4.523359267350163471e+00,-1.071583965903907032e+00
5.548611111111111382e-01,1.997500000000000000e+02,7.890436433985122955e-01,3.850204967444614129e-02,-4.532800464680149410e+00,-1.068698294421646544e+00
5.552083333333333037e-01,1.998750000000000000e+02,7.874681344787208825e-01,3.813147871325398702e-02,-4.542108728641840010e+00,-1.065785976887366093e+00
5.555555555555555802e-01,2.000000000000000000e+02,7.858894166516838808e-01,3.776192364134430685e-02,-4.551283713707027445e+00,-1.062846724082913585e+00
5.559027777777777457e-01,2.001250000000000000e+02,7.843075362532463402e-01,3.739339386122125103e-02,-4.560325084985191069e+00,-1.059880248397983893e+00
5.562500000000000222e-01,2.002500000000000000e+02,7.827225397336777801e-01,3.702589887496882809e-02,-4.569232518282081656e+00,-1.056886263864619480e+00
5.565972222222222987e-01,2.003750000000000284e+02,7.811344736539508338e-01,3.665944828367578845e-02,-4.578005700156940527e+00,-1.053864486191644856e+00
5.569444444444444642e-01,2.005000000000000000e+02,7.795433846819967982e-01,3.629405178684706051e-02,-4.586644327978330438e+00,-1.050814632799006665e+00
5.572916666666667407e-01,2.006250000000000284e+02,7.779493195889410906e-01,3.592971918180314084e-02,-4.595148109978596018e+00,-1.047736422852038052e+00
5.576388888888889062e-01,2.007500000000000000e+02,7.763523252453260470e-01,3.556646036306896491e-02,-4.603516765306872927e+00,-1.044629577295629552e+00
5.579861111111111827e-01,2.008750000000000284e+02,7.747524486173067437e-01,3.520428532174969122e-02,-4.611750024080730981e+00,-1.041493818888308276e+00
5.583333333333333481e-01,2.010000000000000000e+02,7.731497367628379358e-01,3.484320414489513323e-02,-4.619847627436326043e+00,-1.038328872236229827e+00
5.586805555555556246e-01,2.011250000000000284e+02,7.715442368278353502e-01,3.448322701485194430e-02,-4.627809327577150356e+00,-1.035134463827060314e+00
5.590277777777777901e-01,2.012500000000000000e+02,7.699359960423294291e-01,3.412436420860540109e-02,-4.635634887821283634e+00,-1.031910322063773089e+00
5.593750000000000666e-01,2.013750000000000284e+02,7.683250617165929830e-01,3.376662609710726765e-02,-4.643324082647197315e+00,-1.028656177298327368e+00
5.597222222222222321e-01,2.015000000000000000e+02,7.667114812372629595e-01,3.341002314459443068e-02,-4.650876697738045351e+00,-1.025371761865248921e+00
5.600694444444445086e-01,2.016250000000000284e+02,7.650953020634390089e-01,3.305456590789359467e-02,-4.658292530024474409e+00,-1.022056810115091530e+00
5.604166666666666741e-01,2.017500000000000000e+02,7.634765717227741666e-01,3.270026503571665799e-02,-4.665571387725909958e+00,-1.018711058447800522e+00
5.607638888888889506e-01,2.018750000000000284e+02,7.618553378075434424e-01,3.234713126794212801e-02,-4.672713090390329782e+00,-1.015334245345931752e+00
5.611111111111111160e-01,2.020000000000000000e+02,7.602316479707094121e-01,3.199517543488708538e-02,-4.679717468932472535e+00,-1.011926111407794426e+00
5.614583333333333925e-01,2.021250000000000284e+02,7.586055499219637177e-01,3.164440845656648488e-02,-4.686584365670549701e+00,-1.008486399380411180e+00
5.618055555555555580e-01,2.022500000000000000e+02,7.569770914237659021e-01,3.129484134194170791e-02,-4.693313634361336639e+00,-1.005014854192409990e+00
5.621527777777778345e-01,2.023750000000000284e+02,7.553463202873613724e-01,3.094648518815653129e-02,-4.699905140233752832e+00,-1.001511222986747107e+00
5.625000000000000000e-01,2.025000000000000000e+02,7.537132843687966988e-01,3.059935117976378405e-02,-4.706358760020818544e+00,-9.979752551533120908e-01
5.628472222222222765e-01,2.026250000000000284e+02,7.520780315649164827e-01,3.025345058793840053e-02,-4.712674381990046513e+00,-9.944067023613897272e-01
5.631944444444444420e-01,2.027500000000000000e+02,7.504406098093560074e-01,2.990879476968131764e-02,-4.718851905972219818e+00,-9.908053185919905026e-01
5.635416666666667185e-01,2.028750000000000284e+02,7.488010670685182335e-01,2.956539516701021594e-02,-4.724891243388577244e+00,-9.871708601700232011e-01
5.638888888888888840e-01,2.030000000000000000e+02,7.471594513375489077e-01,2.922326330614102158e-02,-4.730792317276358183e+00,-9.835030857963383832e-01
5.642361111111111605e-01,2.031250000000000284e+02,7.455158106362941295e-01,2.888241079665685232e-02,-4.736555062312739928e+00,-9.798017565796030004e-01
5.645833333333333259e-01,2.032500000000000000e+02,7.438701930052600275e-01,2.854284933066634014e-02,-4.742179424837124735e+00,-9.760666360680366749e-01
5.649305555555556024e-01,2.033750000000000284e+02,7.422226465015552277e-01,2.820459068195194444e-02,-4.747665362871789085e+00,-9.722974902809768949e-01
5.652777777777777679e-01,2.035000000000000000e+02,7.405732191948349863e-01,2.786764670510532768e-02,-4.753012846140880043e+00,-9.684940877402965498e-01
5.656250000000000444e-01,2.036250000000000284e+02,7.389219591632300022e-01,2.753202933465360297e-02,-4.758221856087751611e+00,-9.646561995016450508e-01
5.659722222222222099e-01,2.037500000000000000e+02,7.372689144892802249e-01,2.719775058417411850e-02,-4.763292385890630420e+00,-9.607835991855330215e-01
5.663194444444444864e-01,2.038750000000000284e+02,7.356141332558531198e-01,2.686482254539836884e-02,-4.768224440476611647e+00,-9.568760630082320251e-01
5.666666666666666519e-01,2.040000000000000000e+02,7.339576635420652639e-01,2.653325738730581002e-02,-4.773018036533962061e+00,-9.529333698125161956e-01
5.670138888888889284e-01,2.041250000000000000e+02,7.322995534191929501e-01,2.620306735520544147e-02,-4.777673202522763063e+00,-9.489553010982102466e-01
5.673611111111110938e-01,2.042500000000000000e+02,7.306398509465887869e-01,2.587426476980961634e-02,-4.782189978683815568e+00,-9.449416410525642851e-01
5.677083333333333703e-01,2.043750000000000000e+02,7.289786041675830885e-01,2.554686202629377970e-02,-4.786568417045893753e+00,-9.408921765804392212e-01
5.680555555555555358e-01,2.045000000000000000e+02,7.273158611053959222e-01,2.522087159334928524e-02,-4.790808581431259761e+00,-9.368066973343095460e-01
5.684027777777778123e-01,2.046250000000000000e+02,7.256516697590370546e-01,2.489630601222335426e-02,-4.794910547459478423e+00,-9.326849957440628280e-01
5.687499999999999778e-01,2.047500000000000000e+02,7.239860780992125600e-01,2.457317789574961497e-02,-4.798874402549524021e+00,-9.285268670466145791e-01
5.690972222222222543e-01,2.048750000000000000e+02,7.223191340642242109e-01,2.425149992736799071e-02,-4.802700245920157762e+00,-9.243321093153126222e-01
5.694444444444444198e-01,2.050000000000000000e+02,7.206508855558761972e-01,2.393128486013606365e-02,-4.806388188588594623e+00,-9.201005234891523887e-01
5.697916666666666963e-01,2.051250000000000000e+02,7.189813804353758497e-01,2.361254551572726165e-02,-4.809938353367424924e+00,-9.158319134017651741e-01
5.701388888888888618e-01,2.052500000000000000e+02,7.173106665192415798e-01,2.329529478342220322e-02,-4.813350874859824380e+00,-9.115260858102206543e-01
5.704861111111111382e-01,2.053750000000000000e+02,7.156387915752061568e-01,2.297954561908760809e-02,-4.816625899453019777e+00,-9.071828504235909252e-01
5.708333333333333037e-01,2.055000000000000000e+02,7.139658033181314201e-01,2.266531104414716905e-02,-4.819763585310021803e+00,-9.028020199313200322e-01
5.711805555555555802e-01,2.056250000000000000e+02,7.122917494059167742e-01,2.235260414454142211e-02,-4.822764102359625049e+00,-8.983834100313446980e-01
5.715277777777777457e-01,2.057500000000000000e+02,7.106166774354186755e-01,2.204143806967820071e-02,-4.825627632284652968e+00,-8.939268394580257571e-01
5.718750000000000222e-01,2.058750000000000000e+02,7.089406349383684525e-01,2.173182603137347943e-02,-4.828354368508482430e+00,-8.894321300098189109e-01
5.722222222222222987e-01,2.060000000000000284e+02,7.072636693773034500e-01,2.142378130278346088e-02,-4.830944516179803472e+00,-8.848991065767295439e-01
5.725694444444444642e-01,2.061250000000000000e+02,7.055858281414941757e-01,2.111731721732499831e-02,-4.833398292155655085e+00,-8.803275971675328382e-01
5.729166666666667407e-01,2.062500000000000284e+02,7.039071585428826605e-01,2.081244716758929442e-02,-4.835715924982698866e+00,-8.757174329367433119e-01
5.732638888888889062e-01,2.063750000000000000e+02,7.022277078120295890e-01,2.050918460424404691e-02,-4.837897654876762488e+00,-8.710684482113573157e-01
5.736111111111111827e-01,2.065000000000000284e+02,7.005475230940629849e-01,2.020754303492801329e-02,-4.839943733700623696e+00,-8.663804805173329626e-01
5.739583333333333481e-01,2.066250000000000000e+02,6.988666514446416622e-01,1.990753602313549697e-02,-4.841854424940069457e+00,-8.616533706058352449e-01
5.743055555555556246e-01,2.067500000000000284e+02,6.971851398259202304e-01,1.960917718709127150e-02,-4.843630003678198293e+00,-8.568869624792131434e-01
5.746527777777777901e-01,2.068750000000000000e+02,6.955030351025307533e-01,1.931248019861826412e-02,-4.845270756567973791e+00,-8.520811034167341536e-01
5.750000000000000666e-01,2.070000000000000284e+02,6.938203840375672948e-01,1.901745878199458464e-02,-4.846776981803063933e+00,-8.472356440000397004e-01
5.753472222222222321e-01,2.071250000000000000e+02,6.921372332885861178e-01,1.872412671280298743e-02,-4.848148989086912053e+00,-8.423504381383594142e-01
5.756944444444445086e-01,2.072500000000000284e+02,6.904536294036122124e-01,1.843249781677067795e-02,-4.849387099600096285e+00,-8.374253430934333053e-01
5.760416666666666741e-01,2.073750000000000000e+02,6.887696188171654743e-01,1.814258596860128525e-02,-4.850491645965932186e+00,-8.324602195041805874e-01
5.763888888888889506e-01,2.075000000000000284e+02,6.870852478462862178e-01,1.785440509079759194e-02,-4.851462972214371838e+00,-8.274549314110820619e-01
5.767361111111111160e-01,2.076250000000000000e+02,6.854005626865878886e-01,1.756796915247696433e-02,-4.852301433744152348e+00,-8.224093462802922749e-01
5.770833333333333925e-01,2.077500000000000284e+02,6.837156094083117752e-01,1.728329216817684269e-02,-4.853007397283231938e+00,-8.173233350274581310e-01
5.774305555555555580e-01,2.078750000000000000e+02,6.820304339524039250e-01,1.700038819665349032e-02,-4.853581240847502976e+00,-8.121967720412670566e-01
5.777777777777778345e-01,2.080000000000000284e+02,6.803450821265992765e-01,1.671927133967195112e-02,-4.854023353697794363e+00,-8.070295352066876315e-01
5.781250000000000000e-01,2.081250000000000000e+02,6.786595996015286625e-01,1.643995574078807240e-02,-4.854334136295165969e+00,-8.018215059279359958e-01
5.784722222222222765e-01,2.082500000000000284e+02,6.769740319068350276e-01,1.616245558412214914e-02,-4.854514000254481765e+00,-7.965725691511249540e-01
5.788194444444444420e-01,2.083750000000000000e+02,6.752884244273112957e-01,1.588678509312606985e-02,-4.854563368296306081e+00,-7.912826133866358580e-01
5.791666666666667185e-01,2.085000000000000284e+02,6.736028223990491171e-01,1.561295852934105159e-02,-4.854482674197091896e+00,-7.859515307311654153e-01
5.795138888888888840e-01,2.086250000000000000e+02,6.719172709056145942e-01,1.534099019114927055e-02,-4.854272362737686031e+00,-7.805792168894830629e-01
5.798611111111111605e-01,2.087500000000000284e+02,6.702318148742302251e-01,1.507089441251651882e-02,-4.853932889650149463e+00,-7.751655711958604922e-01
5.802083333333333259e-01,2.088750000000000000e+02,6.685464990719874878e-01,1.480268556172963101e-02,-4.853464721562908757e+00,-7.697104966352069644e-01
5.805555555555556024e-01,2.090000000000000284e+02,6.668613681020673090e-01,1.453637804012324411e-02,-4.852868335944244826e+00,-7.642138998638666747e-01
5.809027777777777679e-01,2.091250000000000000e+02,6.651764663999935046e-01,1.427198628080394820e-02,-4.852144221044113692e+00,-7.586756912301132472e-01
5.812500000000000444e-01,2.092500000000000284e+02,6.634918382298916617e-01,1.400952474736246074e-02,-4.851292875834308127e+00,-7.530957847943039463e-01
5.815972222222222099e-01,2.093750000000000000e+02,6.618075276807834362e-01,1.374900793258275813e-02,-4.850314809947008143e+00,-7.474740983487234702e-01
5.819444444444444864e-01,2.095000000000000284e+02,6.601235786628911750e-01,1.349045035714243647e-02,-4.849210543611665258e+00,-7.418105534370668108e-01
5.822916666666666519e-01,2.096250000000000000e+02,6.584400349039739586e-01,1.323386656830682732e-02,-4.847980607590272939e+00,-7.361050753736407826e-01
5.826388888888889284e-01,2.097500000000000000e+02,6.567569399456764101e-01,1.297927113861618680e-02,-4.846625543111023227e+00,-7.303575932621559907e-01
5.829861111111110938e-01,2.098750000000000000e+02,6.550743371399124770e-01,1.272667866456732300e-02,-4.845145901800357535e+00,-7.245680400142469058e-01
5.833333333333333703e-01,2.100000000000000000e+02,6.533922696452615364e-01,1.247610376528757864e-02,-4.843542245613417840e+00,-7.187363523675961430e-01
5.836805555555555358e-01,2.101250000000000000e+02,6.517107804233990276e-01,1.222756108120396680e-02,-4.841815146762918687e+00,-7.128624709037428842e-01
5.840277777777778123e-01,2.102500000000000000e+02,6.500299122355424064e-01,1.198106527270448134e-02,-4.839965187646425804e+00,-7.069463400655212615e-01
5.843749999999999778e-01,2.103750000000000000e+02,6.483497076389329594e-01,1.173663101879533072e-02,-4.837992960772100837e+00,-7.009879081741573481e-01
5.847222222222222543e-01,2.105000000000000000e+02,6.466702089833333833e-01,1.149427301575109070e-02,-4.835899068682863344e+00,-6.949871274459935577e-01
5.850694444444444198e-01,2.106250000000000000e+02,6.449914584075608914e-01,1.125400597575882018e-02,-4.833684123879032235e+00,-6.889439540088747593e-01
5.854166666666666963e-01,2.107500000000000000e+02,6.433134978360401934e-01,1.101584462555788360e-02,-4.831348748739427990e+00,-6.828583479181420390e-01
5.857638888888888618e-01,2.108750000000000000e+02,6.416363689753904476e-01,1.077980370507349364e-02,-4.828893575440961428e+00,-6.767302731722885101e-01
5.861111111111111382e-01,2.110000000000000000e+02,6.399601133110336404e-01,1.054589796604375740e-02,-4.826319245876718789e+00,-6.705596977282172189e-01
5.864583333333333037e-01,2.111250000000000000e+02,6.382847721038391597e-01,1.031414217064426098e-02,-4.823626411572551120e+00,-6.643465935161538827e-01
5.868055555555555802e-01,2.112500000000000000e+02,6.366103863867911272e-01,1.008455109010463271e-02,-4.820815733602195508e+00,-6.580909364541540629e-01
5.871527777777777457e-01,2.113750000000000000e+02,6.349369969616900367e-01,9.857139503322322194e-03,-4.817887882500922814e+00,-6.517927064622619504e-01
5.875000000000000222e-01,2.115000000000000000e+02,6.332646443958799276e-01,9.631922195469903511e-03,-4.814843538177738580e+00,-6.454518874762532610e-01
5.878472222222222987e-01,2.116250000000000284e+02,6.315933690190123073e-01,9.408913956598527473e-03,-4.811683389826145074e+00,-6.390684674610251914e-01
5.881944444444444642e-01,2.117500000000000000e+02,6.299232109198367180e-01,9.188129580237293717e-03,-4.808408135833492025e+00,-6.326424384235773690e-01
5.885416666666667407e-01,2.118750000000000284e+02,6.282542099430227234e-01,8.969583861986667531e-03,-4.805018483688900943e+00,-6.261737964256035571e-01
5.888888888888889062e-01,2.120000000000000000e+02,6.265864056860195319e-01,8.753291598109332744e-03,-4.801515149889824308e+00,-6.196625415957044414e-01
5.892361111111111827e-01,2.121250000000000284e+02,6.249198374959391566e-01,8.539267584114801357e-03,-4.797898859847201436e+00,-6.131086781411799747e-01
5.895833333333333481e-01,2.122500000000000000e+02,6.232545444664849832e-01,8.327526613342680489e-03,-4.794170347789274089e+00,-6.065122143594491311e-01
5.899305555555556246e-01,2.123750000000000284e+02,6.215905654348998777e-01,8.118083475539588506e-03,-4.790330356664047606e+00,-5.998731626490383384e-01
5.902777777777777901e-01,2.125000000000000000e+02,6.199279389789614791e-01,7.910952955433123851e-03,-4.786379638040425100e+00,-5.931915395201959873e-01
5.906250000000000666e-01,2.126250000000000284e+02,6.182667034140023610e-01,7.706149831303743536e-03,-4.782318952008032475e+00,-5.864673656050682915e-01
5.909722222222222321e-01,2.127500000000000000e+02,6.166068967899719366e-01,7.503688873550162439e-03,-4.778149067075748491e+00,-5.797006656674941194e-01
5.913194444444445086e-01,2.128750000000000284e+02,6.149485568885273423e-01,7.303584843254131570e-03,-4.773870760068949615e+00,-5.728914686123597333e-01
5.916666666666666741e-01,2.130000000000000000e+02,6.132917212201678403e-01,7.105852490740751162e-03,-4.769484816025519436e+00,-5.660398074945642843e-01
5.920138888888889506e-01,2.131250000000000284e+02,6.116364270213980880e-01,6.910506554136097539e-03,-4.764992028090567544e+00,-5.591457195275425507e-01
5.923611111111111160e-01,2.132500000000000000e+02,6.099827112519348171e-01,6.717561757921761308e-03,-4.760393197409982236e+00,-5.522092460913896605e-01
5.927083333333333925e-01,2.133750000000000284e+02,6.083306105919430440e-01,6.527032811486307290e-03,-4.755689133022727333e+00,-5.452304327405441686e-01
5.930555555555555580e-01,2.135000000000000000e+02,6.066801614393193542e-01,6.338934407675602539e-03,-4.750880651751991479e+00,-5.382093292110657901e-01
5.934027777777778345e-01,2.136250000000000284e+02,6.050313999070039417e-01,6.153281221339034802e-03,-4.745968578095123291e+00,-5.311459894274580540e-01
5.937500000000000000e-01,2.137500000000000000e+02,6.033843618203384995e-01,5.970087907873729109e-03,-4.740953744112468726e+00,-5.240404715090972720e-01
5.940972222222222765e-01,2.138750000000000284e+02,6.017390827144556420e-01,5.789369101767332347e-03,-4.735836989315028944e+00,-5.168928377761938808e-01
5.944444444444444420e-01,2.140000000000000000e+02,6.000955978317176198e-01,5.611139415138804640e-03,-4.730619160551036373e+00,-5.097031547553507735e-01
5.947916666666667185e-01,2.141250000000000284e+02,5.984539421191811259e-01,5.435413436276362309e-03,-4.725301111891430317e+00,-5.024714931846541166e-01
5.951388888888888840e-01,2.142500000000000000e+02,5.968141502261159470e-01,5.262205728174445922e-03,-4.719883704514261424e+00,-4.951979280183598231e-01
5.954861111111111605e-01,2.143750000000000284e+02,5.951762565015529249e-01,5.091530827069364745e-03,-4.714367806588033893e+00,-4.878825384311077928e-01
5.958333333333333259e-01,2.145000000000000000e+02,5.935402949918805460e-01,4.923403240972786671e-03,-4.708754293154044035e+00,-4.805254078217210956e-01
5.961805555555556024e-01,2.146250000000000284e+02,5.919062994384753917e-01,4.757837448204350374e-03,-4.703044046007661905e+00,-4.731266238165360294e-01
5.965277777777777679e-01,2.147500000000000000e+02,5.902743032753819952e-01,4.594847895924178589e-03,-4.697237953578680347e+00,-4.656862782723101835e-01
5.968750000000000444e-01,2.148750000000000284e+02,5.886443396270262252e-01,4.434448998662300981e-03,-4.691336910810639083e+00,-4.582044672786611539e-01
5.972222222222222099e-01,2.150000000000000000e+02,5.870164413059780761e-01,4.276655136849459582e-03,-4.685341819039244626e+00,-4.506812911600751037e-01
5.975694444444444864e-01,2.151250000000000284e+02,5.853906408107494297e-01,4.121480655345699864e-03,-4.679253585869833643e+00,-4.431168544774409801e-01
5.979166666666666519e-01,2.152500000000000000e+02,5.837669703236432195e-01,3.968939861970095448e-03,-4.673073125053951671e+00,-4.355112660291606264e-01
5.982638888888889284e-01,2.153750000000000000e+02,5.821454617086365690e-01,3.819047026028119657e-03,-4.666801356365031239e+00,-4.278646388517743371e-01
5.986111111111110938e-01,2.155000000000000000e+02,5.805261465093149997e-01,3.671816376841022852e-03,-4.660439205473235980e+00,-4.201770902201555913e-01
5.989583333333333703e-01,2.156250000000000000e+02,5.789090559468438313e-01,3.527262102273697082e-03,-4.653987603819415675e+00,-4.124487416472277790e-01
5.993055555555555358e-01,2.157500000000000000e+02,5.772942209179893203e-01,3.385398347263417207e-03,-4.647447488488320566e+00,-4.046797188832421122e-01
5.996527777777778123e-01,2.158750000000000000e+02,5.756816719931778792e-01,3.246239212348584618e-03,-4.640819802080935474e+00,-3.968701519145681478e-01
5.999999999999999778e-01,2.160000000000000000e+02,5.740714394146070321e-01,3.109798752198252025e-03,-4.634105492586117592e+00,-3.890201749620584848e-01
6.003472222222222543e-01,2.161250000000000000e+02,5.724635530943924522e-01,2.976090974142336486e-03,-4.627305513251429581e+00,-3.811299264789108632e-01
6.006944444444444198e-01,2.162500000000000000e+02,5.708580426127691787e-01,2.845129836702417481e-03,-4.620420822453296772e+00,-3.731995491481044369e-01
6.010416666666666963e-01,2.163750000000000000e+02,5.692549372163291377e-01,2.716929248122730567e-03,-4.613452383566407633e+00,-3.652291898793327829e-01
6.013888888888888618e-01,2.165000000000000000e+02,5.676542658163116206e-01,2.591503064904884628e-03,-4.606401164832492512e+00,-3.572189998055105287e-01
6.017361111111111382e-01,2.166250000000000000e+02,5.660560569869340641e-01,2.468865090340372978e-03,-4.599268139228391838e+00,-3.491691342787722752e-01
6.020833333333333037e-01,2.167500000000000000e+02,5.644603389637735669e-01,2.349029073047685396e-03,-4.592054284333545233e+00,-3.410797528660419742e-01
6.024305555555555802e-01,2.168750000000000000e+02,5.628671396421872641e-01,2.232008705508593122e-03,-4.584760582196821588e+00,-3.329510193440949339e-01
6.027777777777777457e-01,2.170000000000000000e+02,5.612764865757892130e-01,2.117817622608196039e-03,-4.577388019202815350e+00,-3.247831016941902793e-01
6.031250000000000222e-01,2.171250000000000000e+02,5.596884069749635815e-01,2.006469400175564001e-03,-4.569937585937526414e+00,-3.165761720961858816e-01
6.034722222222222987e-01,2.172500000000000284e+02,5.581029277054327942e-01,1.897977553527113595e-03,-4.562410277053566610e+00,-3.083304069222399524e-01
6.038194444444444642e-01,2.173750000000000000e+02,5.565200752868664225e-01,1.792355536011556571e-03,-4.554807091134800423e+00,-3.000459867299847816e-01
6.041666666666667407e-01,2.175000000000000284e+02,5.549398758915401464e-01,1.689616737559445497e-03,-4.547129030560515872e+00,-2.917230962552486151e-01
6.045138888888889062e-01,2.176250000000000000e+02,5.533623553430438990e-01,1.589774483231841872e-03,-4.539377101369163725e+00,-2.833619244043383278e-01
6.048611111111111827e-01,2.177500000000000284e+02,5.517875391150304232e-01,1.492842031774757388e-03,-4.531552313121588682e+00,-2.749626642457749792e-01
6.052083333333333481e-01,2.178750000000000000e+02,5.502154523300215594e-01,1.398832574175065810e-03,-4.523655678763923937e+00,-2.665255130016395690e-01
6.055555555555556246e-01,2.180000000000000284e+02,5.486461197582522820e-01,1.307759232220085961e-03,-4.515688214490031882e+00,-2.580506720383756725e-01
6.059027777777777901e-01,2.181250000000000000e+02,5.470795658165694686e-01,1.219635057059905575e-03,-4.507650939603631279e+00,-2.495383468571664709e-01
6.062500000000000666e-01,2.182500000000000284e+02,5.455158145673737469e-01,1.134473027774110477e-03,-4.499544876380037195e+00,-2.409887470837988321e-01
6.065972222222222321e-01,2.183750000000000000e+02,5.439548897176154085e-01,1.052286049940326981e-03,-4.491371049927630033e+00,-2.324020864580915446e-01
6.069444444444445086e-01,2.185000000000000284e+02,5.423968146178304028e-01,9.730869542089289536e-04,-4.483130488048988838e+00,-2.237785828228106011e-01
6.072916666666666741e-01,2.186250000000000000e+02,5.408416122612328403e-01,8.968884948795105084e-04,-4.474824221101817656e+00,-2.151184581121478312e-01
6.076388888888889506e-01,2.187500000000000284e+02,5.392893052828486855e-01,8.237033484825944090e-04,-4.466453281859561031e+00,-2.064219383396879715e-01
6.079861111111111160e-01,2.188750000000000000e+02,5.377399159587050725e-01,7.535441123654532938e-04,-4.458018705371871171e+00,-1.976892535859418876e-01
6.083333333333333925e-01,2.190000000000000284e+02,5.361934662050590328e-01,6.864233032818961491e-04,-4.449521528824834427e+00,-1.889206379853614337e-01
6.086805555555555580e-01,2.191250000000000000e+02,5.346499775776852870e-01,6.223533559874386062e-04,-4.440962791401072529e+00,-1.801163297129302621e-01
6.090277777777778345e-01,2.192500000000000284e+02,5.331094712712033390e-01,5.613466218381950876e-04,-4.432343534139664420e+00,-1.712765709702347428e-01
6.093750000000000000e-01,2.193750000000000000e+02,5.315719681184605250e-01,5.034153673957902269e-04,-4.423664799795996139e+00,-1.624016079711036731e-01
6.097222222222222765e-01,2.195000000000000284e+02,5.300374885899561406e-01,4.485717730362865524e-04,-4.414927632701480142e+00,-1.534916909267375063e-01
6.100694444444444420e-01,2.196250000000000000e+02,5.285060527933236330e-01,3.968279315652288607e-04,-4.406133078623255983e+00,-1.445470740304093671e-01
6.104166666666667185e-01,2.197500000000000284e+02,5.269776804728519837e-01,3.481958468373899619e-04,-4.397282184623789725e+00,-1.355680154416521177e-01
6.107638888888888840e-01,2.198750000000000000e+02,5.254523910090639349e-01,3.026874323828789557e-04,-4.388375998920542642e+00,-1.265547772700167661e-01
6.111111111111111605e-01,2.200000000000000284e+02,5.239302034183356271e-01,2.603145100377046587e-04,-4.379415570745569752e+00,-1.175076255583202556e-01
6.114583333333333259e-01,2.201250000000000000e+02,5.224111363525725249e-01,2.210888085820246951e-04,-4.370401950205213382e+00,-1.084268302654749772e-01
6.118055555555556024e-01,2.202500000000000284e+02,5.208952080989273092e-01,1.850219623826527930e-04,-4.361336188139824266e+00,-9.931266524880183466e-02
6.121527777777777679e-01,2.203750000000000000e+02,5.193824365795710607e-01,1.521255100429095165e-04,-4.352219335983597226e+00,-9.016540824591941228e-02
6.125000000000000444e-01,2.205000000000000284e+02,5.178728393515096284e-01,1.224108930585427954e-04,-4.343052445624489444e+00,-8.098534085613712241e-02
6.128472222222222099e-01,2.206250000000000000e+02,5.163664336064531790e-01,9.588945447991439875e-05,-4.333836569264307492e+00,-7.177274852141332651e-02
6.131944444444444864e-01,2.207500000000000284e+02,5.148632361707274896e-01,7.257243758148017429e-05,-4.324572759278931144e+00,-6.252792050682064173e-02
6.135416666666666519e-01,2.208750000000000000e+02,5.133632635052420845e-01,5.247098453734051965e-05,-4.315262068078749458e+00,-5.325114988059067439e-02
6.138888888888889284e-01,2.210000000000000000e+02,5.118665317054991171e-01,3.559613510491675887e-05,-4.305905547969274494e+00,-4.394273349365764025e-02
6.142361111111110938e-01,2.211250000000000000e+02,5.103730565016566523e-01,2.195882531415923358e-05,-4.296504251012041919e+00,-3.460297195878420801e-02
6.145833333333333703e-01,2.212500000000000000e+02,5.088828532586334719e-01,1.156988616586041402e-05,-4.287059228885720330e+00,-2.523216962918833906e-02
6.149305555555555358e-01,2.213750000000000000e+02,5.073959369762717220e-01,4.440042336136014112e-06,-4.277571532747556304e+00,-1.583063457677769126e-02
6.152777777777778123e-01,2.215000000000000000e+02,5.059123222895365313e-01,5.799108898643603346e-07,-4.268042213095091242e+00,-6.398678569856703149e-03
6.156249999999999778e-01,2.216250000000000000e+02,5.044320234687732496e-01,0.000000000000000000e+00,-4.258472319628246794e+00,3.063382949544290763e-03
6.159722222222222543e-01,2.217500000000000000e+02,5.029550544200044326e-01,2.710707676530893615e-06,-4.248862901111747803e+00,1.255523088884748922e-02
6.163194444444444198e-01,2.218750000000000000e+02,5.014814286852832259e-01,8.722320503855381151e-06,-4.239215005237952916e+00,2.207654252849699031e-02
6.166666666666666963e-01,2.220000000000000000e+02,5.000111594430836082e-01,1.804501238364178135e-05,-4.229529678490065336e+00,3.162699154603221263e-02
6.170138888888888618e-01,2.221250000000000000e+02,4.985442595087492546e-01,3.068884328982813967e-05,-4.219807966005816979e+00,4.120624804054168894e-02
6.173611111111111382e-01,2.222500000000000000e+02,4.970807413349806470e-01,4.666375802988783923e-05,-4.210050911441565624e+00,5.081397855760727555e-02
6.177083333333333037e-01,2.223750000000000000e+02,4.956206170123757526e-01,6.597958501471080060e-05,-4.200259556836932084e+00,6.044984611464815361e-02
6.180555555555555802e-01,2.225000000000000000e+02,4.941638982700117255e-01,8.864603503900939129e-05,-4.190434942479865477e+00,7.011351022673327493e-02
6.184027777777778567e-01,2.226250000000000284e+02,4.927105964760795098e-01,1.146727000691160969e-04,-4.180578106772329328e+00,7.980462693278785047e-02
6.187500000000000222e-01,2.227500000000000000e+02,4.912607226385605763e-01,1.440690520406206522e-04,-4.170690086096469962e+00,8.952284882226177465e-02
6.190972222222222987e-01,2.228750000000000284e+02,4.898142874059502883e-01,1.768444416659932777e-04,-4.160771914681386185e+00,9.926782506221801250e-02
6.194444444444444642e-01,2.230000000000000000e+02,4.883713010680313937e-01,2.130080972498934859e-04,-4.150824624470519808e+00,1.090392014248239422e-01
6.197916666666667407e-01,2.231250000000000284e+02,4.869317735566868199e-01,2.525691235163743343e-04,-4.140849244989631472e+00,1.188366203153048972e-01
6.201388888888889062e-01,2.232500000000000000e+02,4.854957144467658137e-01,2.955365004439677846e-04,-4.130846803215470153e+00,1.286597208002659698e-01
6.204861111111111827e-01,2.233750000000000284e+02,4.840631329569886621e-01,3.419190821115887318e-04,-4.120818323445060827e+00,1.385081386364792055e-01
6.208333333333333481e-01,2.235000000000000000e+02,4.826340379509023171e-01,3.917255955544250517e-04,-4.110764827165728441e+00,1.483815063000439027e-01
6.211805555555556246e-01,2.236250000000000284e+02,4.812084379378757104e-01,4.449646396300587208e-04,-4.100687332925810225e+00,1.582794530159880309e-01
6.215277777777777901e-01,2.237500000000000000e+02,4.797863410741453061e-01,5.016446838946222314e-04,-4.090586856206130051e+00,1.682016047882467225e-01
6.218750000000000666e-01,2.238750000000000284e+02,4.783677551638997882e-01,5.617740674894306212e-04,-4.080464409292201111e+00,1.781475844300782485e-01
6.222222222222222321e-01,2.240000000000000000e+02,4.769526876604141541e-01,6.253609980389216241e-04,-4.070321001147249262e+00,1.881170115948396226e-01
6.225694444444445086e-01,2.241250000000000284e+02,4.755411456672229975e-01,6.924135505587776171e-04,-4.060157637286003762e+00,1.981095028072005770e-01
6.229166666666666741e-01,2.242500000000000000e+02,4.741331359393420875e-01,7.629396663747193153e-04,-4.049975319649345096e+00,2.081246714947120047e-01
6.232638888888889506e-01,2.243750000000000284e+02,4.727286648845274719e-01,8.369471520526565933e-04,-4.039775046479769038e+00,2.181621280198066115e-01
6.236111111111111160e-01,2.245000000000000000e+02,4.713277385645852080e-01,9.144436783406849735e-04,-4.029557812197763766e+00,2.282214797121345506e-01
6.239583333333333925e-01,2.246250000000000284e+02,4.699303626967165637e-01,9.954367791207754251e-04,-4.019324607279019190e+00,2.383023309013368451e-01
6.243055555555555580e-01,2.247500000000000000e+02,4.685365426549111811e-01,1.079933850373779357e-03,-4.009076418132611508e+00,2.484042829501452998e-01
6.246527777777778345e-01,2.248750000000000284e+02,4.671462834713772660e-01,1.167942149154075531e-03,-3.998814226980053288e+00,2.585269342879104593e-01
6.250000000000000000e-01,2.250000000000000000e+02,4.657595898380204047e-01,1.259468792577534118e-03,-3.988539011735360074e+00,2.686698804444426769e-01
6.253472222222222765e-01,2.251250000000000284e+02,4.643764661079559652e-01,1.354520756821228199e-03,-3.978251745886031809e+00,2.788327140842816743e-01
6.256944444444444420e-01,2.252500000000000000e+02,4.629969162970700158e-01,1.453104876132592458e-03,-3.967953398375085872e+00,2.890150250412678035e-01
6.260416666666667185e-01,2.253750000000000284e+02,4.616209440856144930e-01,1.555227841855275767e-03,-3.957644933484031124e+00,2.992164003535374150e-01
6.263888888888888840e-01,2.255000000000000000e+02,4.602485528198489995e-01,1.660896201461944379e-03,-3.947327310716953974e+00,3.094364242988077440e-01
6.267361111111111605e-01,2.256250000000000284e+02,4.588797455137160752e-01,1.770116357603973524e-03,-3.937001484685582309e+00,3.196746784300752986e-01
6.270833333333333259e-01,2.257500000000000000e+02,4.575145248505635420e-01,1.882894567170195765e-03,-3.926668404995481421e+00,3.299307416116026292e-01
6.274305555555556024e-01,2.258750000000000284e+02,4.561528931848993218e-01,1.999236940360577756e-03,-3.916329016133285545e+00,3.402041900552998932e-01
6.277777777777777679e-01,2.260000000000000000e+02,4.547948525441908862e-01,2.119149439771649945e-03,-3.905984257355082701e+00,3.504945973573991846e-01
6.281250000000000444e-01,2.261250000000000284e+02,4.534404046306967917e-01,2.242637879493286808e-03,-3.895635062575898644e+00,3.608015345355110592e-01
6.284722222222222099e-01,2.262500000000000000e+02,4.520895508233452875e-01,2.369707924221696113e-03,-3.885282360260336798e+00,3.711245700659517310e-01
6.288194444444444864e-01,2.263750000000000284e+02,4.507422921796410686e-01,2.500365088382441175e-03,-3.874927073314368364e+00,3.814632699214546285e-01
6.291666666666666519e-01,2.265000000000000000e+02,4.493986294376176027e-01,2.634614735268243826e-03,-3.864570118978325919e+00,3.918171976091502917e-01
6.295138888888889284e-01,2.266250000000000000e+02,4.480585630178187673e-01,2.772462076188786893e-03,-3.854212408721061411e+00,4.021859142089145300e-01
6.298611111111110938e-01,2.267500000000000000e+02,4.467220930253261724e-01,2.913912169635783558e-03,-3.843854848135362712e+00,4.125689784119567771e-01
6.302083333333333703e-01,2.268750000000000000e+02,4.453892192518119075e-01,3.058969920458917344e-03,-3.833498336834541664e+00,4.229659465598041290e-01
6.305555555555555358e-01,2.270000000000000000e+02,4.440599411776374184e-01,3.207640079058083748e-03,-3.823143768350336646e+00,4.333763726834948260e-01
6.309027777777778123e-01,2.271250000000000000e+02,4.427342579739788619e-01,3.359927240587523394e-03,-3.812792030032023494e+00,4.437998085431393291e-01
6.312499999999999778e-01,2.272500000000000000e+02,4.414121685049942623e-01,3.515835844173668175e-03,-3.802444002946838708e+00,4.542358036677255906e-01
6.315972222222222543e-01,2.273750000000000000e+02,4.400936713300186431e-01,3.675370172147861356e-03,-3.792100561781682089e+00,4.646839053952501186e-01
6.319444444444444198e-01,2.275000000000000000e+02,4.387787647057998508e-01,3.838534349293132829e-03,-3.781762574746145411e+00,4.751436589130823562e-01
6.322916666666666963e-01,2.276250000000000000e+02,4.374674465887609665e-01,4.005332342103308692e-03,-3.771430903476846730e+00,4.856146072986558537e-01
6.326388888888888618e-01,2.277500000000000000e+02,4.361597146373020761e-01,4.175767958058809737e-03,-3.761106402943124483e+00,4.960962915603840395e-01
6.329861111111111382e-01,2.278750000000000000e+02,4.348555662141279088e-01,4.349844844914109443e-03,-3.750789921354069634e+00,5.065882506788900175e-01
6.333333333333333037e-01,2.280000000000000000e+02,4.335549983886147207e-01,4.527566490001922080e-03,-3.740482300066945598e+00,5.170900216484383138e-01
6.336805555555555802e-01,2.281250000000000000e+02,4.322580079392026597e-01,4.708936219550078142e-03,-3.730184373496968853e+00,5.276011395186818165e-01
6.340277777777778567e-01,2.282500000000000284e+02,4.309645913558227126e-01,4.893957198013818011e-03,-3.719896969028510636e+00,5.381211374366079436e-01
6.343750000000000222e-01,2.283750000000000000e+02,4.296747448423531290e-01,5.082632427422132532e-03,-3.709620906927691308e+00,5.486495466887604255e-01
6.347222222222222987e-01,2.285000000000000284e+02,4.283884643191051556e-01,5.274964746739962441e-03,-3.699357000256391359e+00,5.591858967436942329e-01
6.350694444444444642e-01,2.286250000000000000e+02,4.271057454253409102e-01,5.470956831243526178e-03,-3.689106054787726130e+00,5.697297152946423360e-01
6.354166666666667407e-01,2.287500000000000284e+02,4.258265835218160711e-01,5.670611191911398979e-03,-3.678868868922931412e+00,5.802805283024524696e-01
6.357638888888889062e-01,2.288750000000000000e+02,4.245509736933569811e-01,5.873930174831164600e-03,-3.668646233609742513e+00,5.908378600386897661e-01
6.361111111111111827e-01,2.290000000000000284e+02,4.232789107514597360e-01,6.080915960619774803e-03,-3.658438932262216614e+00,6.014012331290125024e-01
6.364583333333333481e-01,2.291250000000000000e+02,4.220103892369223564e-01,6.291570563859227340e-03,-3.648247740682063700e+00,6.119701685967076088e-01
6.368055555555556246e-01,2.292500000000000284e+02,4.207454034224977213e-01,6.505895832549474928e-03,-3.638073426981426550e+00,6.225441859064883010e-01
6.371527777777777901e-01,2.293750000000000000e+02,4.194839473155823617e-01,6.723893447572256918e-03,-3.627916751507239024e+00,6.331228030084097291e-01
6.375000000000000666e-01,2.295000000000000284e+02,4.182260146609190765e-01,6.945564922175431928e-03,-3.617778466767005874e+00,6.437055363820796128e-01
6.378472222222222321e-01,2.296250000000000000e+02,4.169715989433375181e-01,7.170911601468531529e-03,-3.607659317356190609e+00,6.542919010809561398e-01
6.381944444444445086e-01,2.297500000000000284e+02,4.157206933905087110e-01,7.399934661935629945e-03,-3.597560039887077732e+00,6.648814107769102089e-01
6.385416666666666741e-01,2.298750000000000000e+02,4.144732909757335992e-01,7.632635110963502736e-03,-3.587481362919216377e+00,6.754735778048976957e-01
6.388888888888889506e-01,2.300000000000000284e+02,4.132293844207480804e-01,7.869013786385433556e-03,-3.577424006891389396e+00,6.860679132078471021e-01
6.392361111111111160e-01,2.301250000000000000e+02,4.119889661985560725e-01,8.109071356039623812e-03,-3.567388684055161185e+00,6.966639267816872039e-01
6.395833333333333925e-01,2.302500000000000284e+02,4.107520285362807333e-01,8.352808317345311248e-03,-3.557376098409972265e+00,7.072611271205538896e-01
6.399305555555555580e-01,2.303750000000000000e+02,4.095185634180453227e-01,8.600224996891864260e-03,-3.547386945639852129e+00,7.178590216621046904e-01
6.402777777777778345e-01,2.305000000000000284e+02,4.082885625878663327e-01,8.851321550046389180e-03,-3.537421913051655764e+00,7.284571167330448072e-01
6.406250000000000000e-01,2.306250000000000000e+02,4.070620175525773710e-01,9.106097960575074840e-03,-3.527481679514954838e+00,7.390549175947197513e-01
6.409722222222222765e-01,2.307500000000000284e+02,4.058389195847646458e-01,9.364554040281886094e-03,-3.517566915403471217e+00,7.496519284889118229e-01
6.413194444444444420e-01,2.308750000000000000e+02,4.046192597257304846e-01,9.626689428661242692e-03,-3.507678282538166492e+00,7.602476526837007587e-01
6.416666666666667185e-01,2.310000000000000284e+02,4.034030287884706745e-01,9.892503592570284915e-03,-3.497816434131889807e+00,7.708415925194880280e-01
6.420138888888888840e-01,2.311250000000000000e+02,4.021902173606736741e-01,1.016199582591181295e-02,-3.487982014735701242e+00,7.814332494551178288e-01
6.423611111111111605e-01,2.312500000000000284e+02,4.009808158077354245e-01,1.043516524933885831e-02,-3.478175660186751728e+00,7.920221241141244262e-01
6.427083333333333259e-01,2.313750000000000000e+02,3.997748142757971412e-01,1.071201080997056729e-02,-3.468397997557855383e+00,8.026077163310395557e-01
6.430555555555556024e-01,2.315000000000000284e+02,3.985722026947932095e-01,1.099253128112815184e-02,-3.458649645108640147e+00,8.131895251978582539e-01
6.434027777777777679e-01,2.316250000000000000e+02,3.973729707815227830e-01,1.127672526208337370e-02,-3.448931212238375288e+00,8.237670491105310022e-01
6.437500000000000444e-01,2.317500000000000284e+02,3.961771080427325953e-01,1.156459117782665698e-02,-3.439243299440406965e+00,8.343397858155849889e-01
6.440972222222222099e-01,2.318750000000000000e+02,3.949846037782175912e-01,1.185612727884827362e-02,-3.429586498258270666e+00,8.449072324567972192e-01
6.444444444444444864e-01,2.320000000000000284e+02,3.937954470839343801e-01,1.215133164093803314e-02,-3.419961391243413473e+00,8.554688856219697657e-01
6.447916666666666519e-01,2.321250000000000000e+02,3.926096268551334534e-01,1.245020216499979557e-02,-3.410368551914607416e+00,8.660242413897095703e-01
6.451388888888889284e-01,2.322500000000000000e+02,3.914271317894987834e-01,1.275273657688376881e-02,-3.400808544718980198e+00,8.765727953763444713e-01
6.454861111111110938e-01,2.323750000000000000e+02,3.902479503903082958e-01,1.305893242723255195e-02,-3.391281924994738350e+00,8.871140427828155817e-01
6.458333333333333703e-01,2.325000000000000000e+02,3.890720709695985047e-01,1.336878709134671148e-02,-3.381789238935496211e+00,8.976474784416803576e-01
6.461805555555555358e-01,2.326250000000000000e+02,3.878994816513495758e-01,1.368229776906382082e-02,-3.372331023556328855e+00,9.081725968641010116e-01
6.465277777777778123e-01,2.327500000000000000e+02,3.867301703746757746e-01,1.399946148465600233e-02,-3.362907806661425525e+00,9.186888922868987617e-01
6.468749999999999778e-01,2.328750000000000000e+02,3.855641248970297918e-01,1.432027508674171834e-02,-3.353520106813454138e+00,9.291958587196232910e-01
6.472222222222222543e-01,2.330000000000000000e+02,3.844013327974154515e-01,1.464473524821635966e-02,-3.344168433304534283e+00,9.396929899916566242e-01
6.475694444444444198e-01,2.331250000000000000e+02,3.832417814796142963e-01,1.497283846619637711e-02,-3.334853286128938166e+00,9.501797797992863615e-01
6.479166666666666963e-01,2.332500000000000000e+02,3.820854581754146162e-01,1.530458106198283319e-02,-3.325575155957380069e+00,9.606557217528535197e-01
6.482638888888888618e-01,2.333750000000000000e+02,3.809323499478565744e-01,1.563995918103827654e-02,-3.316334524113039528e+00,9.711203094238352040e-01
6.486111111111111382e-01,2.335000000000000000e+02,3.797824436944800541e-01,1.597896879298259937e-02,-3.307131862549181012e+00,9.815730363919630275e-01
6.489583333333333037e-01,2.336250000000000000e+02,3.786357261505821636e-01,1.632160569160314920e-02,-3.297967633828485567e+00,9.920133962923144422e-01
6.493055555555555802e-01,2.337500000000000000e+02,3.774921838924799600e-01,1.666786549488294758e-02,-3.288842291103989623e+00,1.002440882862402072e+00
6.496527777777778567e-01,2.338750000000000284e+02,3.763518033407832197e-01,1.701774364504355860e-02,-3.279756278101734868e+00,1.012854989989199206e+00
6.500000000000000222e-01,2.340000000000000000e+02,3.752145707636686534e-01,1.737123540860598808e-02,-3.270710029105026617e+00,1.023255211756171290e+00
6.503472222222222987e-01,2.341250000000000284e+02,3.740804722801608362e-01,1.772833587646660894e-02,-3.261703968940355747e+00,1.033641042490273554e+00
6.506944444444444642e-01,2.342500000000000000e+02,3.729494938634202450e-01,1.808903996398968095e-02,-3.252738512964988615e+00,1.044011976808855824e+00
6.510416666666667407e-01,2.343750000000000284e+02,3.718216213440299067e-01,1.845334241111700954e-02,-3.243814067056165928e+00,1.054367509666584990e+00
6.513888888888889062e-01,2.345000000000000000e+02,3.706968404132917061e-01,1.882123778249236365e-02,-3.234931027601982922e+00,1.064707136402247789e+00
6.517361111111111827e-01,2.346250000000000284e+02,3.695751366265208615e-01,1.919272046760370221e-02,-3.226089781493866937e+00,1.075030352785531829e+00
6.520833333333333481e-01,2.347500000000000000e+02,3.684564954063456188e-01,1.956778468094035398e-02,-3.217290706120724764e+00,1.085336655063721789e+00
6.524305555555556246e-01,2.348750000000000284e+02,3.673409020460050578e-01,1.994642446216737808e-02,-3.208534169364680277e+00,1.095625540008333898e+00
6.527777777777777901e-01,2.350000000000000000e+02,3.662283417126542262e-01,2.032863367631515886e-02,-3.199820529598479624e+00,1.105896504961630722e+00
6.531250000000000666e-01,2.351250000000000284e+02,3.651187994506626122e-01,2.071440601398633410e-02,-3.191150135684466260e+00,1.116149047883107315e+00
6.534722222222222321e-01,2.352500000000000000e+02,3.640122601849191120e-01,2.110373499157744068e-02,-3.182523326975212452e+00,1.126382667395821935e+00
6.538194444444445086e-01,2.353750000000000284e+02,3.629087087241323895e-01,2.149661395151799756e-02,-3.173940433315724619e+00,1.136596862832668364e+00
6.541666666666666741e-01,2.355000000000000000e+02,3.618081297641319583e-01,2.189303606252443121e-02,-3.165401775047272270e+00,1.146791134282522551e+00
6.545138888888889506e-01,2.356250000000000284e+02,3.607105078911655993e-01,2.229299431987106020e-02,-3.156907663012779697e+00,1.156964982636299988e+00
6.548611111111111160e-01,2.357500000000000000e+02,3.596158275851994990e-01,2.269648154567613721e-02,-3.148458398563854566e+00,1.167117909632840123e+00
6.552083333333333925e-01,2.358750000000000284e+02,3.585240732232082839e-01,2.310349038920455483e-02,-3.140054273569335308e+00,1.177249417904740802e+00
6.555555555555555580e-01,2.360000000000000000e+02,3.574352290824702183e-01,2.351401332718579956e-02,-3.131695570425470976e+00,1.187359011023987332e+00
6.559027777777778345e-01,2.361250000000000284e+02,3.563492793438502448e-01,2.392804266414829198e-02,-3.123382562067604784e+00,1.197446193547510029e+00
6.562500000000000000e-01,2.362500000000000000e+02,3.552662080950863555e-01,2.434557053276915212e-02,-3.115115511983472807e+00,1.207510471062543722e+00
6.565972222222222765e-01,2.363750000000000284e+02,3.541859993340649160e-01,2.476658889424005958e-02,-3.106894674227996589e+00,1.217551350231872664e+00
6.569444444444444420e-01,2.365000000000000000e+02,3.531086369720947138e-01,2.519108953864762634e-02,-3.098720293439660711e+00,1.227568338838906703e+00
6.572916666666667185e-01,2.366250000000000284e+02,3.520341048371717907e-01,2.561906408537195298e-02,-3.090592604858379833e+00,1.237560945832613335e+00
6.576388888888888840e-01,2.367500000000000000e+02,3.509623866772419443e-01,2.605050398349709542e-02,-3.082511834344925372e+00,1.247528681372242376e+00
6.579861111111111605e-01,2.368750000000000284e+02,3.498934661634507393e-01,2.648540051224116190e-02,-3.074478198401815465e+00,1.257471056871932058e+00
6.583333333333333259e-01,2.370000000000000000e+02,3.488273268933921867e-01,2.692374478139756763e-02,-3.066491904195764562e+00,1.267387585045090859e+00
6.586805555555556024e-01,2.371250000000000284e+02,3.477639523943443778e-01,2.736552773179606185e-02,-3.058553149581559438e+00,1.277277779948616132e+00
6.590277777777777679e-01,2.372500000000000000e+02,3.467033261264990118e-01,2.781074013577477036e-02,-3.050662123127474423e+00,1.287141157026922667e+00
6.593750000000000444e-01,2.373750000000000284e+02,3.456454314861799881e-01,2.825937259767139983e-02,-3.042819004142107708e+00,1.296977233155784948e+00
6.597222222222222099e-01,2.375000000000000000e+02,3.445902518090564470e-01,2.871141555432619313e-02,-3.035023962702706246e+00,1.306785526685934284e+00
6.600694444444444864e-01,2.376250000000000284e+02,3.435377703733395460e-01,2.916685927560359187e-02,-3.027277159684924168e+00,1.316565557486520488e+00
6.604166666666666519e-01,2.377500000000000000e+02,3.424879704029754612e-01,2.962569386492427959e-02,-3.019578746794023605e+00,1.326316846988279785e+00
6.607638888888889284e-01,2.378750000000000000e+02,3.414408350708204032e-01,3.008790925981785769e-02,-3.011928866597481047e+00,1.336038918226571504e+00
6.611111111111110938e-01,2.380000000000000000e+02,3.403963475018124685e-01,3.055349523248475710e-02,-3.004327652559038775e+00,1.345731295884086798e+00
6.614583333333333703e-01,2.381250000000000000e+02,3.393544907761204543e-01,3.102244139037785980e-02,-2.996775229074108537e+00,1.355393506333455234e+00
6.618055555555555358e-01,2.382500000000000000e+02,3.383152479322915629e-01,3.149473717679475426e-02,-2.989271711506609641e+00,1.365025077679494103e+00
6.621527777777778123e-01,2.383750000000000000e+02,3.372786019703768456e-01,3.197037187148807358e-02,-2.981817206227133976e+00,1.374625539801312968e+00
6.624999999999999778e-01,2.385000000000000000e+02,3.362445358550503749e-01,3.244933459128734182e-02,-2.974411810652512589e+00,1.384194424394099565e+00
6.628472222222222543e-01,2.386250000000000000e+02,3.352130325187079873e-01,3.293161429073862556e-02,-2.967055613286689209e+00,1.393731265010727416e+00
6.631944444444444198e-01,2.387500000000000000e+02,3.341840748645574788e-01,3.341719976275451393e-02,-2.959748693762962901e+00,1.403235597103039689e+00
6.635416666666666963e-01,2.388750000000000000e+02,3.331576457696893701e-01,3.390607963928262553e-02,-2.952491122887515473e+00,1.412706958062918350e+00
6.638888888888888618e-01,2.390000000000000000e+02,3.321337280881353493e-01,3.439824239198490535e-02,-2.945282962684278250e+00,1.422144887263073754e+00
6.642361111111111382e-01,2.391250000000000000e+02,3.311123046539076742e-01,3.489367633293354032e-02,-2.938124266441044075e+00,1.431548926097577557e+00
6.645833333333333037e-01,2.392500000000000000e+02,3.300933582840274161e-01,3.539236961531884440e-02,-2.931015078756905368e+00,1.440918618022077435e+00
6.649305555555555802e-01,2.393750000000000000e+02,3.290768717815297228e-01,3.589431023417291589e-02,-2.923955435590908092e+00,1.450253508593800644e+00
6.652777777777778567e-01,2.395000000000000284e+02,3.280628279384580348e-01,3.639948602710550707e-02,-2.916945364311983813e+00,1.459553145511200523e+00
6.656250000000000222e-01,2.396250000000000000e+02,3.270512095388359297e-01,3.690788467505467380e-02,-2.909984883750089679e+00,1.468817078653370967e+00
6.659722222222222987e-01,2.397500000000000284e+02,3.260419993616240908e-01,3.741949370305104605e-02,-2.903074004248573203e+00,1.478044860119131609e+00
6.663194444444444642e-01,2.398750000000000000e+02,3.250351801836576793e-01,3.793430048099444285e-02,-2.896212727717736524e+00,1.487236044265832113e+00
6.666666666666667407e-01,2.400000000000000284e+02,3.240307347825632789e-01,3.845229222444596778e-02,-2.889401047689576174e+00,1.496390187747859812e+00
6.670138888888889062e-01,2.401250000000000000e+02,3.230286459396617960e-01,3.897345599543106109e-02,-2.882638949373701465e+00,1.505506849554799187e+00
6.673611111111111827e-01,2.402500000000000284e+02,3.220288964428444367e-01,3.949777870325803936e-02,-2.875926409714381737e+00,1.514585591049342428e+00
6.677083333333333481e-01,2.403750000000000000e+02,3.210314690894360834e-01,4.002524710534729330e-02,-2.869263397448763797e+00,1.523625976004816751e+00
6.680555555555556246e-01,2.405000000000000284e+02,3.200363466890315256e-01,4.055584780807610507e-02,-2.862649873166162706e+00,1.532627570642457915e+00
6.684027777777777901e-01,2.406250000000000000e+02,3.190435120663166479e-01,4.108956726763422079e-02,-2.856085789368493888e+00,1.541589943668295826e+00
6.687500000000000666e-01,2.407500000000000284e+02,3.180529480638648598e-01,4.162639179089322461e-02,-2.849571090531752837e+00,1.550512666309755483e+00
6.690972222222222321e-01,2.408750000000000000e+02,3.170646375449131527e-01,4.216630753628826389e-02,-2.843105713168593063e+00,1.559395312351905316e+00
6.694444444444445086e-01,2.410000000000000284e+02,3.160785633961150087e-01,4.270930051471300698e-02,-2.836689585891922327e+00,1.568237458173387777e+00
6.697916666666666741e-01,2.411250000000000000e+02,3.150947085302749362e-01,4.325535659042464842e-02,-2.830322629479562480e+00,1.577038682781972678e+00
6.701388888888889506e-01,2.412500000000000284e+02,3.141130558890542490e-01,4.380446148196535938e-02,-2.824004756939888949e+00,1.585798567849810103e+00
6.704861111111111160e-01,2.413750000000000000e+02,3.131335884456598606e-01,4.435660076309123900e-02,-2.817735873578497419e+00,1.594516697748297185e+00
6.708333333333333925e-01,2.415000000000000284e+02,3.121562892075062101e-01,4.491175986371703094e-02,-2.811515877065823066e+00,1.603192659582615365e+00
6.711805555555555580e-01,2.416250000000000000e+02,3.111811412188547066e-01,4.546992407087028371e-02,-2.805344657505738137e+00,1.611826043225906169e+00
6.715277777777778345e-01,2.417500000000000284e+02,3.102081275634274715e-01,4.603107852965968722e-02,-2.799222097505071893e+00,1.620416441353099701e+00
6.718750000000000000e-01,2.418750000000000000e+02,3.092372313670012085e-01,4.659520824425198576e-02,-2.793148072244079572e+00,1.628963449474342129e+00
6.722222222222222765e-01,2.420000000000000284e+02,3.082684357999702085e-01,4.716229807886347658e-02,-2.787122449547783543e+00,1.637466665968114965e+00
6.725694444444444420e-01,2.421250000000000000e+02,3.073017240798909810e-01,4.773233275876147264e-02,-2.781145089958232397e+00,1.645925692113923589e+00
6.729166666666667185e-01,2.422500000000000284e+02,3.063370794739951330e-01,4.830529687127667338e-02,-2.775215846807600251e+00,1.654340132124675788e+00
6.732638888888888840e-01,2.423750000000000000e+02,3.053744853016827632e-01,4.888117486682758139e-02,-2.769334566292152466e+00,1.662709593178627099e+00
6.736111111111111605e-01,2.425000000000000284e+02,3.044139249369859357e-01,4.945995105995606295e-02,-2.763501087547028501e+00,1.671033685450983075e+00
6.739583333333333259e-01,2.426250000000000000e+02,3.034553818110077850e-01,5.004160963037228987e-02,-2.757715242721847648e+00,1.679312022145114103e+00
6.743055555555556024e-01,2.427500000000000284e+02,3.024988394143334203e-01,5.062613462401297643e-02,-2.751976857057083947e+00,1.687544219523388955e+00
6.746527777777777679e-01,2.428750000000000000e+02,3.015442812994180710e-01,5.121350995410738766e-02,-2.746285748961242668e+00,1.695729896937591574e+00
6.750000000000000444e-01,2.430000000000000284e+02,3.005916910829431465e-01,5.180371940225688560e-02,-2.740641730088757111e+00,1.703868676859001674e+00
6.753472222222222099e-01,2.431250000000000000e+02,2.996410524481498694e-01,5.239674661952142820e-02,-2.735044605418646135e+00,1.711960184908028815e+00
6.756944444444444864e-01,2.432500000000000284e+02,2.986923491471425440e-01,5.299257512751947424e-02,-2.729494173333864904e+00,1.720004049883483654e+00
6.760416666666666519e-01,2.433750000000000000e+02,2.977455650031651246e-01,5.359118831953585405e-02,-2.723990225701356405e+00,1.727999903791443304e+00
6.763888888888889284e-01,2.435000000000000000e+02,2.968006839128482510e-01,5.419256946164138777e-02,-2.718532547952777545e+00,1.735947381873729434e+00
6.767361111111110938e-01,2.436250000000000000e+02,2.958576898484328588e-01,5.479670169381962302e-02,-2.713120919165879830e+00,1.743846122635944074e+00
6.770833333333333703e-01,2.437500000000000000e+02,2.949165668599583734e-01,5.540356803110686040e-02,-2.707755112146518872e+00,1.751695767875160792e+00
6.774305555555555358e-01,2.438750000000000000e+02,2.939772990774299211e-01,5.601315136473773715e-02,-2.702434893511287406e+00,1.759495962707148253e+00
6.777777777777778123e-01,2.440000000000000000e+02,2.930398707129489577e-01,5.662543446330419589e-02,-2.697160023770726944e+00,1.767246355593242502e+00
6.781249999999999778e-01,2.441250000000000000e+02,2.921042660628224708e-01,5.724039997391996981e-02,-2.691930257413141181e+00,1.774946598366758277e+00
6.784722222222222543e-01,2.442500000000000000e+02,2.911704695096375417e-01,5.785803042339745378e-02,-2.686745342988928975e+00,1.782596346259018416e+00
6.788194444444444198e-01,2.443750000000000000e+02,2.902384655243090972e-01,5.847830821943070939e-02,-2.681605023195479109e+00,1.790195257924965366e+00
6.791666666666666963e-01,2.445000000000000000e+02,2.893082386680957963e-01,5.910121565178999559e-02,-2.676509034962567757e+00,1.797742995468360361e+00
6.795138888888888618e-01,2.446250000000000000e+02,2.883797735945904384e-01,5.972673489352186421e-02,-2.671457109538257324e+00,1.805239224466535619e+00
6.798611111111111382e-01,2.447500000000000000e+02,2.874530550516751770e-01,6.035484800216147500e-02,-2.666448972575249599e+00,1.812683613994776621e+00
6.802083333333334147e-01,2.448750000000000284e+02,2.865280678834515871e-01,6.098553692095008000e-02,-2.661484344217726949e+00,1.820075836650232981e+00
6.805555555555555802e-01,2.450000000000000000e+02,2.856047970321364260e-01,6.161878348006121636e-02,-2.656562939188599426e+00,1.827415568575460725e+00
6.809027777777778567e-01,2.451250000000000284e+02,2.846832275399299728e-01,6.225456939783822335e-02,-2.651684466877166191e+00,1.834702489481481624e+00
6.812500000000000222e-01,2.452500000000000000e+02,2.837633445508522256e-01,6.289287628203467373e-02,-2.646848631427196619e+00,1.841936282670475711e+00
6.815972222222222987e-01,2.453750000000000284e+02,2.828451333125481248e-01,6.353368563106734368e-02,-2.642055131825348901e+00,1.849116635058023705e+00
6.819444444444444642e-01,2.455000000000000000e+02,2.819285791780647976e-01,6.417697883527263836e-02,-2.637303661989976789e+00,1.856243237194901585e+00
6.822916666666667407e-01,2.456250000000000284e+02,2.810136676075935536e-01,6.482273717817424452e-02,-2.632593910860239639e+00,1.863315783288501670e+00
6.826388888888889062e-01,2.457500000000000000e+02,2.801003841701857344e-01,6.547094183775516163e-02,-2.627925562485550426e+00,1.870333971223759884e+00
6.829861111111111827e-01,2.458750000000000284e+02,2.791887145454318708e-01,6.612157388773950983e-02,-2.623298296115293748e+00,1.877297502583730182e+00
6.833333333333333481e-01,2.460000000000000000e+02,2.782786445251172469e-01,6.677461429887834865e-02,-2.618711786288841381e+00,1.884206082669637183e+00
6.836805555555556246e-01,2.461250000000000284e+02,2.773701600148361646e-01,6.743004394024611214e-02,-2.614165702925797419e+00,1.891059420520608825e+00
6.840277777777777901e-01,2.462500000000000000e+02,2.764632470355852800e-01,6.808784358054022212e-02,-2.609659711416499661e+00,1.897857228932876117e+00
6.843750000000000666e-01,2.463750000000000284e+02,2.755578917253167504e-01,6.874799388939013822e-02,-2.605193472712707514e+00,1.904599224478619401e+00
6.847222222222222321e-01,2.465000000000000000e+02,2.746540803404664555e-01,6.941047543867027991e-02,-2.600766643418515933e+00,1.911285127524326777e+00
6.850694444444445086e-01,2.466250000000000284e+02,2.737517992574456938e-01,7.007526870382269069e-02,-2.596378875881403925e+00,1.917914662248772606e+00
6.854166666666666741e-01,2.467500000000000000e+02,2.728510349741047336e-01,7.074235406518107616e-02,-2.592029818283479781e+00,1.924487556660519738e+00
6.857638888888889506e-01,2.468750000000000284e+02,2.719517741111628362e-01,7.141171180930624973e-02,-2.587719114732824011e+00,1.931003542615016721e+00
6.861111111111111160e-01,2.470000000000000000e+02,2.710540034136072474e-01,7.208332213032257740e-02,-2.583446405354969500e+00,1.937462355831265359e+00
6.864583333333333925e-01,2.471250000000000284e+02,2.701577097520583837e-01,7.275716513126437301e-02,-2.579211326384462932e+00,1.943863735908052393e+00
6.868055555555555580e-01,2.472500000000000000e+02,2.692628801241082059e-01,7.343322082542348694e-02,-2.575013510256515037e+00,1.950207426339733985e+00
6.871527777777778345e-01,2.473750000000000284e+02,2.683695016556199020e-01,7.411146913770720601e-02,-2.570852585698692128e+00,1.956493174531624524e+00
6.875000000000000000e-01,2.475000000000000000e+02,2.674775616020028113e-01,7.479188990599631992e-02,-2.566728177822657830e+00,1.962720731814918240e+00
6.878472222222222765e-01,2.476250000000000284e+02,2.665870473494483806e-01,7.547446288251302704e-02,-2.562639908215923690e+00,1.968889853461226691e+00
6.881944444444444420e-01,2.477500000000000000e+02,2.656979464161424720e-01,7.615916773518899285e-02,-2.558587395033609990e+00,1.975000298696617307e+00
6.885416666666667185e-01,2.478750000000000284e+02,2.648102464534358158e-01,7.684598404904416369e-02,-2.554570253090157728e+00,1.981051830715324646e+00
6.888888888888888840e-01,2.480000000000000000e+02,2.639239352469932021e-01,7.753489132756380409e-02,-2.550588093951043689e+00,1.987044216692927412e+00
6.892361111111111605e-01,2.481250000000000284e+02,2.630390007179011502e-01,7.822586899408492944e-02,-2.546640526024403606e+00,1.992977227799187512e+00
6.895833333333333259e-01,2.482500000000000000e+02,2.621554309237525415e-01,7.891889639318475091e-02,-2.542727154652587807e+00,1.998850639210394853e+00
6.899305555555556024e-01,2.483750000000000284e+02,2.612732140596912833e-01,7.961395279207429676e-02,-2.538847582203628495e+00,2.004664230121350421e+00
6.902777777777777679e-01,2.485000000000000000e+02,2.603923384594323265e-01,8.031101738199476758e-02,-2.535001408162586678e+00,2.010417783756869969e+00
6.906250000000000444e-01,2.486250000000000284e+02,2.595127925962457671e-01,8.101006927962041415e-02,-2.531188229222764541e+00,2.016111087382892464e+00
6.909722222222222099e-01,2.487500000000000000e+02,2.586345650839096955e-01,8.171108752846127643e-02,-2.527407639376777926e+00,2.021743932317186854e+00
6.913194444444444864e-01,2.488750000000000284e+02,2.577576446776322916e-01,8.241405110027479053e-02,-2.523659230007442744e+00,2.027316113939599873e+00
6.916666666666666519e-01,2.490000000000000000e+02,2.568820202749438342e-01,8.311893889647518907e-02,-2.519942589978498404e+00,2.032827431701905052e+00
6.920138888888889284e-01,2.491250000000000000e+02,2.560076809165532374e-01,8.382572974955117273e-02,-2.516257305725100313e+00,2.038277689137250714e+00
6.923611111111110938e-01,2.492500000000000000e+02,2.551346157871776654e-01,8.453440242448267972e-02,-2.512602961344119201e+00,2.043666693869157225e+00
6.927083333333333703e-01,2.493750000000000000e+02,2.542628142163379512e-01,8.524493562016435821e-02,-2.508979138684170884e+00,2.048994257620130099e+00
6.930555555555555358e-01,2.495000000000000000e+02,2.533922656791239292e-01,8.595730797082894170e-02,-2.505385417435417317e+00,2.054260196219852119e+00
6.934027777777778123e-01,2.496250000000000000e+02,2.525229597969270157e-01,8.667149804747620312e-02,-2.501821375219069665e+00,2.059464329612973099e+00
6.937499999999999778e-01,2.497500000000000000e+02,2.516548863381458112e-01,8.738748435930118741e-02,-2.498286587676621373e+00,2.064606481866467558e+00
6.940972222222222543e-01,2.498750000000000000e+02,2.507880352188548989e-01,8.810524535512857802e-02,-2.494780628558757485e+00,2.069686481176626902e+00
6.944444444444444198e-01,2.500000000000000000e+02,2.499223965034489403e-01,8.882475942484631404e-02,-2.491303069813948223e+00,2.074704159875600418e+00
6.947916666666666963e-01,2.501250000000000000e+02,2.490579604052502449e-01,8.954600490084363429e-02,-2.487853481676696177e+00,2.079659354437580543e+00
6.951388888888888618e-01,2.502500000000000000e+02,2.481947172870912488e-01,9.026896005944964885e-02,-2.484431432755432656e+00,2.084551905484551604e+00
6.954861111111111382e-01,2.503750000000000000e+02,2.473326576618626038e-01,9.099360312237497750e-02,-2.481036490120030358e+00,2.089381657791661073e+00
6.958333333333334147e-01,2.505000000000000284e+02,2.464717721930321237e-01,9.171991225815416537e-02,-2.477668219388939441e+00,2.094148460292202252e+00
6.961805555555555802e-01,2.506250000000000000e+02,2.456120516951341981e-01,9.244786558359061046e-02,-2.474326184815908380e+00,2.098852166082173731e+00
6.965277777777778567e-01,2.507500000000000284e+02,2.447534871342278984e-01,9.317744116520343400e-02,-2.471009949376277604e+00,2.103492632424492470e+00
6.968750000000000222e-01,2.508750000000000000e+02,2.438960696283274943e-01,9.390861702067321293e-02,-2.467719074852860128e+00,2.108069720752775655e+00
6.972222222222222987e-01,2.510000000000000284e+02,2.430397904477994697e-01,9.464137112029266663e-02,-2.464453121921347467e+00,2.112583296674772182e+00
6.975694444444444642e-01,2.511250000000000000e+02,2.421846410157341145e-01,9.537568138841504006e-02,-2.461211650235253678e+00,2.117033229975389563e+00
6.979166666666667407e-01,2.512500000000000284e+02,2.413306129082851137e-01,9.611152570490570646e-02,-2.457994218510388240e+00,2.121419394619348697e+00
6.982638888888889062e-01,2.513750000000000000e+02,2.404776978549806044e-01,9.684888190659396434e-02,-2.454800384608818664e+00,2.125741668753468705e+00
6.986111111111111827e-01,2.515000000000000284e+02,2.396258877390038677e-01,9.758772778872541742e-02,-2.451629705622329070e+00,2.129999934708574738e+00
6.989583333333333481e-01,2.516250000000000000e+02,2.387751745974490136e-01,9.832804110641431283e-02,-2.448481737955359616e+00,2.134194079001019428e+00
6.993055555555556246e-01,2.517500000000000284e+02,2.379255506215423588e-01,9.906979957609882148e-02,-2.445356037407388605e+00,2.138323992333866386e+00
6.996527777777777901e-01,2.518750000000000000e+02,2.370770081568410736e-01,9.981298087699236321e-02,-2.442252159254785226e+00,2.142389569597673127e+00
7.000000000000000666e-01,2.520000000000000284e+02,2.362295397033977173e-01,1.005575626525404970e-01,-2.439169658332071222e+00,2.146390709870948488e+00
7.003472222222222321e-01,2.521250000000000000e+02,2.353831379159026793e-01,1.013035225118724264e-01,-2.436108089112629660e+00,2.150327316420226342e+00
7.006944444444445086e-01,2.522500000000000284e+02,2.345377956037935085e-01,1.020508380312573349e-01,-2.433067005788789761e+00,2.154199296699784050e+00
7.010416666666666741e-01,2.523750000000000000e+02,2.336935057313399566e-01,1.027994867555564878e-01,-2.430045962351336630e+00,2.158006562351031832e+00
7.013888888888889506e-01,2.525000000000000284e+02,2.328502614176983232e-01,1.035494461996791377e-01,-2.427044512668369958e+00,2.161749029201532668e+00
7.017361111111111160e-01,2.526250000000000000e+02,2.320080559369433471e-01,1.043006938500334047e-01,-2.424062210563569408e+00,2.165426617263679354e+00
7.020833333333333925e-01,2.527500000000000284e+02,2.311668827180673180e-01,1.050532071659811550e-01,-2.421098609893773013e+00,2.169039250733030944e+00
7.024305555555555580e-01,2.528750000000000000e+02,2.303267353449571508e-01,1.058069635812884518e-01,-2.418153264625943155e+00,2.172586857986329001e+00
7.027777777777778345e-01,2.530000000000000284e+02,2.294876075563422047e-01,1.065619405055782953e-01,-2.415225728913426018e+00,2.176069371579132827e+00
7.031250000000000000e-01,2.531250000000000000e+02,2.286494932457165397e-01,1.073181153257799225e-01,-2.412315557171564429e+00,2.179486728243183791e+00
7.034722222222222765e-01,2.532500000000000284e+02,2.278123864612336680e-01,1.080754654075801735e-01,-2.409422304152597061e+00,2.182838868883403727e+00
7.038194444444444420e-01,2.533750000000000000e+02,2.269762814055794331e-01,1.088339680968693629e-01,-2.406545525019866183e+00,2.186125738574563826e+00
7.041666666666667185e-01,2.535000000000000284e+02,2.261411724358131370e-01,1.095936007211912033e-01,-2.403684775421316644e+00,2.189347286557670191e+00
7.045138888888888840e-01,2.536250000000000000e+02,2.253070540631899321e-01,1.103543405911866920e-01,-2.400839611562264775e+00,2.192503466235988352e+00
7.048611111111111605e-01,2.537500000000000284e+02,2.244739209529516277e-01,1.111161650020400099e-01,-2.398009590277426994e+00,2.195594235170795994e+00
7.052083333333333259e-01,2.538750000000000000e+02,2.236417679240983170e-01,1.118790512349203681e-01,-2.395194269102234319e+00,2.198619555076794185e+00
7.055555555555556024e-01,2.540000000000000284e+02,2.228105899491316932e-01,1.126429765584240350e-01,-2.392393206343351508e+00,2.201579391817234832e+00
7.059027777777777679e-01,2.541250000000000000e+02,2.219803821537751631e-01,1.134079182300137545e-01,-2.389605961148472346e+00,2.204473715398743039e+00
7.062500000000000444e-01,2.542500000000000284e+02,2.211511398166688680e-01,1.141738534974564984e-01,-2.386832093575313340e+00,2.207302499965837939e+00
7.065972222222222099e-01,2.543750000000000000e+02,2.203228583690444720e-01,1.149407596002589710e-01,-2.384071164659844033e+00,2.210065723795160419e+00
7.069444444444444864e-01,2.545000000000000284e+02,2.194955333943702236e-01,1.157086137711021284e-01,-2.381322736483718394e+00,2.212763369289425075e+00
7.072916666666666519e-01,2.546250000000000000e+02,2.186691606279797528e-01,1.164773932372714926e-01,-2.378586372240911739e+00,2.215395422971064399e+00
7.076388888888889284e-01,2.547500000000000000e+02,2.178437359566721410e-01,1.172470752220875767e-01,-2.375861636303544078e+00,2.217961875475611855e+00
7.079861111111110938e-01,2.548750000000000000e+02,2.170192554182925337e-01,1.180176369463317859e-01,-2.373148094286898768e+00,2.220462721544806950e+00
7.083333333333333703e-01,2.550000000000000000e+02,2.161957152012880801e-01,1.187890556296728600e-01,-2.370445313113597852e+00,2.222897960019423191e+00
7.086805555555555358e-01,2.551250000000000000e+02,2.153731116442451354e-01,1.195613084920861963e-01,-2.367752861076977133e+00,2.225267593831818935e+00
7.090277777777778123e-01,2.552500000000000000e+02,2.145514412353998202e-01,1.203343727552756565e-01,-2.365070307903588187e+00,2.227571629998249314e+00
7.093749999999999778e-01,2.553750000000000000e+02,2.137307006121325070e-01,1.211082256440883520e-01,-2.362397224814886787e+00,2.229810079610889506e+00
7.097222222222222543e-01,2.555000000000000000e+02,2.129108865604345535e-01,1.218828443879305529e-01,-2.359733184588036714e+00,2.231982957829639513e+00
7.100694444444444198e-01,2.556250000000000000e+02,2.120919960143628491e-01,1.226582062221751313e-01,-2.357077761615892442e+00,2.234090283873618965e+00
7.104166666666666963e-01,2.557500000000000000e+02,2.112740260554625826e-01,1.234342883895740983e-01,-2.354430531966078988e+00,2.236132081012497608e+00
7.107638888888888618e-01,2.558750000000000000e+02,2.104569739121801841e-01,1.242110681416595669e-01,-2.351791073439227997e+00,2.238108376557504720e+00
7.111111111111111382e-01,2.560000000000000000e+02,2.096408369592487608e-01,1.249885227401483084e-01,-2.349158965626322537e+00,2.240019201852257780e+00
7.114583333333334147e-01,2.561250000000000568e+02,2.088256127170588228e-01,1.257666294583375810e-01,-2.346533789965163930e+00,2.241864592263317135e+00
7.118055555555555802e-01,2.562500000000000000e+02,2.080112988510061656e-01,1.265453655825026502e-01,-2.343915129795951735e+00,2.243644587170541271e+00
7.121527777777778567e-01,2.563750000000000000e+02,2.071978931708207960e-01,1.273247084132877183e-01,-2.341302570415968454e+00,2.245359229957208047e+00
7.125000000000000222e-01,2.565000000000000000e+02,2.063853936298802594e-01,1.281046352670937860e-01,-2.338695699133363171e+00,2.247008567999907669e+00
7.128472222222222987e-01,2.566250000000000000e+02,2.055737983245011502e-01,1.288851234774641141e-01,-2.336094105320043468e+00,2.248592652658217173e+00
7.131944444444444642e-01,2.567500000000000000e+02,2.047631054932131378e-01,1.296661503964645912e-01,-2.333497380463656512e+00,2.250111539264207927e+00
7.135416666666667407e-01,2.568750000000000000e+02,2.039533135160151722e-01,1.304476933960629914e-01,-2.330905118218645544e+00,2.251565287111672919e+00
7.138888888888889062e-01,2.570000000000000000e+02,2.031444209136161749e-01,1.312297298694998504e-01,-2.328316914456421305e+00,2.252953959445212817e+00
7.142361111111111827e-01,2.571250000000000000e+02,2.023364263466540525e-01,1.320122372326614502e-01,-2.325732367314585325e+00,2.254277623449099544e+00
7.145833333333333481e-01,2.572500000000000000e+02,2.015293286149028029e-01,1.327951929254430063e-01,-2.323151077245256158e+00,2.255536350235946674e+00
7.149305555555556246e-01,2.573750000000000000e+02,2.007231266564596106e-01,1.335785744131126607e-01,-2.320572647062457250e+00,2.256730214835192871e+00
7.152777777777777901e-01,2.575000000000000000e+02,1.999178195469165642e-01,1.343623591876683399e-01,-2.317996681988585106e+00,2.257859296181406350e+00
7.156250000000000666e-01,2.576250000000000000e+02,1.991134064985159713e-01,1.351465247691929772e-01,-2.315422789699944417e+00,2.258923677102409044e+00
7.159722222222222321e-01,2.577500000000000000e+02,1.983098868592922670e-01,1.359310487072017681e-01,-2.312850580371360376e+00,2.259923444307213369e+00
7.163194444444445086e-01,2.578750000000000000e+02,1.975072601121944382e-01,1.367159085819910358e-01,-2.310279666719845082e+00,2.260858688373805769e+00
7.166666666666666741e-01,2.580000000000000000e+02,1.967055258741985391e-01,1.375010820059761329e-01,-2.307709664047345566e+00,2.261729503736749081e+00
7.170138888888889506e-01,2.581250000000000000e+02,1.959046838954003333e-01,1.382865466250312314e-01,-2.305140190282535251e+00,2.262535988674636567e+00
7.173611111111111160e-01,2.582500000000000000e+02,1.951047340580977785e-01,1.390722801198195080e-01,-2.302570866021690588e+00,2.263278245297375424e+00
7.177083333333333925e-01,2.583750000000000000e+02,1.943056763758575778e-01,1.398582602071229697e-01,-2.300001314568615118e+00,2.263956379533322849e+00
7.180555555555555580e-01,2.585000000000000000e+02,1.935075109925681325e-01,1.406444646411643684e-01,-2.297431161973628733e+00,2.264570501116284884e+00
7.184027777777778345e-01,2.586250000000000000e+02,1.927102381814780052e-01,1.414308712149288938e-01,-2.294860037071612791e+00,2.265120723572354944e+00
7.187500000000000000e-01,2.587500000000000000e+02,1.919138583442252799e-01,1.422174577614753743e-01,-2.292287571519129763e+00,2.265607164206612900e+00
7.190972222222222765e-01,2.588750000000000000e+02,1.911183720098482419e-01,1.430042021552486997e-01,-2.289713399830588081e+00,2.266029944089708259e+00
7.194444444444444420e-01,2.590000000000000000e+02,1.903237798337900910e-01,1.437910823133835558e-01,-2.287137159413476617e+00,2.266389188044291902e+00
7.197916666666667185e-01,2.591250000000000000e+02,1.895300825968862790e-01,1.445780761970051065e-01,-2.284558490602659475e+00,2.266685024631322598e+00
7.201388888888888840e-01,2.592500000000000000e+02,1.887372812043436598e-01,1.453651618125249012e-01,-2.281977036693731975e+00,2.266917586136274920e+00
7.204861111111111605e-01,2.593750000000000000e+02,1.879453766847045681e-01,1.461523172129318981e-01,-2.279392443975440052e+00,2.267087008555204175e+00
7.208333333333333259e-01,2.595000000000000000e+02,1.871543701888049582e-01,1.469395204990774084e-01,-2.276804361761167517e+00,2.267193431580703411e+00
7.211805555555556024e-01,2.596250000000000000e+02,1.863642629887166391e-01,1.477267498209576535e-01,-2.274212442419482727e+00,2.267236998587761398e+00
7.215277777777777679e-01,2.597500000000000000e+02,1.855750564766825150e-01,1.485139833789881347e-01,-2.271616341403762895e+00,2.267217856619502037e+00
7.218750000000000444e-01,2.598750000000000000e+02,1.847867521640395028e-01,1.493011994252768093e-01,-2.269015717280883138e+00,2.267136156372844269e+00
7.222222222222222099e-01,2.600000000000000000e+02,1.839993516801336493e-01,1.500883762648880793e-01,-2.266410231758973826e+00,2.266992052184036321e+00
7.225694444444444864e-01,2.601250000000000000e+02,1.832128567712240363e-01,1.508754922571060586e-01,-2.263799549714261339e+00,2.266785702014119774e+00
7.229166666666666519e-01,2.602500000000000000e+02,1.824272692993783862e-01,1.516625258166884593e-01,-2.261183339216984223e+00,2.266517267434306149e+00
7.232638888888889284e-01,2.603750000000000000e+02,1.816425912413593968e-01,1.524494554151201720e-01,-2.258561271556375871e+00,2.266186913611251352e+00
7.236111111111110938e-01,2.605000000000000000e+02,1.808588246875037775e-01,1.532362595818564655e-01,-2.255933021264758587e+00,2.265794809292278611e+00
7.239583333333333703e-01,2.606250000000000000e+02,1.800759718405901544e-01,1.540229169055659098e-01,-2.253298266140697503e+00,2.265341126790492154e+00
7.243055555555555358e-01,2.607500000000000000e+02,1.792940350147038120e-01,1.548094060353643608e-01,-2.250656687271256118e+00,2.264826041969849602e+00
7.246527777777778123e-01,2.608750000000000000e+02,1.785130166340890556e-01,1.555957056820456152e-01,-2.248007969053352539e+00,2.264249734230145528e+00
7.249999999999999778e-01,2.610000000000000000e+02,1.777329192319971329e-01,1.563817946193070962e-01,-2.245351799214202693e+00,2.263612386491947959e+00
7.253472222222222543e-01,2.611250000000000000e+02,1.769537454495256623e-01,1.571676516849695726e-01,-2.242687868830864240e+00,2.262914185181462479e+00
7.256944444444444198e-01,2.612500000000000000e+02,1.761754980344540089e-01,1.579532557821909100e-01,-2.240015872348906534e+00,2.262155320215345267e+00
7.260416666666666963e-01,2.613750000000000000e+02,1.753981798400681968e-01,1.587385858806769912e-01,-2.237335507600164419e+00,2.261335984985468617e+00
7.263888888888888618e-01,2.615000000000000000e+02,1.746217938239847944e-01,1.595236210178836433e-01,-2.234646475819638933e+00,2.260456376343626506e+00
7.267361111111111382e-01,2.616250000000000000e+02,1.738463430469635307e-01,1.603083403002176499e-01,-2.231948481661485406e+00,2.259516694586211294e+00
7.270833333333334147e-01,2.617500000000000568e+02,1.730718306717199950e-01,1.610927229042280195e-01,-2.229241233214163564e+00,2.258517143438838026e+00
7.274305555555555802e-01,2.618750000000000000e+02,1.722982599617296495e-01,1.618767480777952850e-01,-2.226524442014687022e+00,2.257457930040933647e+00
7.277777777777778567e-01,2.620000000000000000e+02,1.715256342800278444e-01,1.626603951413138904e-01,-2.223797823062036105e+00,2.256339264930293353e+00
7.281250000000000222e-01,2.621250000000000000e+02,1.707539570880056701e-01,1.634436434888689171e-01,-2.221061094829698934e+00,2.255161362027618299e+00
7.284722222222222987e-01,2.622500000000000000e+02,1.699832319442013406e-01,1.642264725894097832e-01,-2.218313979277362513e+00,2.253924438621006665e+00
7.288194444444444642e-01,2.623750000000000000e+02,1.692134625030886907e-01,1.650088619879140628e-01,-2.215556201861773378e+00,2.252628715350437183e+00
7.291666666666667407e-01,2.625000000000000000e+02,1.684446525138596495e-01,1.657907913065513605e-01,-2.212787491546742480e+00,2.251274416192225125e+00
7.295138888888889062e-01,2.626250000000000000e+02,1.676768058192059929e-01,1.665722402458371110e-01,-2.210007580812327621e+00,2.249861768443469856e+00
7.298611111111111827e-01,2.627500000000000000e+02,1.669099263540976541e-01,1.673531885857834911e-01,-2.207216205663194319e+00,2.248391002706478847e+00
7.302083333333333481e-01,2.628750000000000000e+02,1.661440181445553999e-01,1.681336161870445045e-01,-2.204413105636149783e+00,2.246862352873195690e+00
7.305555555555556246e-01,2.630000000000000000e+02,1.653790853064244504e-01,1.689135029920565689e-01,-2.201598023806869975e+00,2.245276056109611673e+00
7.309027777777777901e-01,2.631250000000000000e+02,1.646151320441456845e-01,1.696928290261699168e-01,-2.198770706795833974e+00,2.243632352840176036e+00
7.312500000000000666e-01,2.632500000000000000e+02,1.638521626495211270e-01,1.704715743987804122e-01,-2.195930904773436776e+00,2.241931486732209322e+00
7.315972222222222321e-01,2.633750000000000000e+02,1.630901815004842104e-01,1.712497193044500987e-01,-2.193078371464344034e+00,2.240173704680315403e+00
7.319444444444445086e-01,2.635000000000000000e+02,1.623291930598607935e-01,1.720272440240279976e-01,-2.190212864151038108e+00,2.238359256790807716e+00
7.322916666666666741e-01,2.636250000000000000e+02,1.615692018741383684e-01,1.728041289257586655e-01,-2.187334143676621157e+00,2.236488396366126619e+00
7.326388888888889506e-01,2.637500000000000000e+02,1.608102125722237485e-01,1.735803544663935827e-01,-2.184441974446814871e+00,2.234561379889295374e+00
7.329861111111111160e-01,2.638750000000000000e+02,1.600522298642106656e-01,1.743559011922894419e-01,-2.181536124431243451e+00,2.232578467008363710e+00
7.333333333333333925e-01,2.640000000000000000e+02,1.592952585401385956e-01,1.751307497405068525e-01,-2.178616365163938529e+00,2.230539920520887787e+00
7.336805555555555580e-01,2.641250000000000000e+02,1.585393034687580249e-01,1.759048808398988029e-01,-2.175682471743120683e+00,2.228446006358417719e+00
7.340277777777778345e-01,2.642500000000000000e+02,1.577843695962906356e-01,1.766782753121990956e-01,-2.172734222830240203e+00,2.226296993571012628e+00
7.343750000000000000e-01,2.643750000000000000e+02,1.570304619451937111e-01,1.774509140730994583e-01,-2.169771400648304649e+00,2.224093154311790332e+00
7.347222222222222765e-01,2.645000000000000000e+02,1.562775856129240415e-01,1.782227781333263483e-01,-2.166793790979481660e+00,2.221834763821472158e+00
7.350694444444444420e-01,2.646250000000000000e+02,1.555257457707018565e-01,1.789938485997091822e-01,-2.163801183162004094e+00,2.219522100413005017e+00
7.354166666666667185e-01,2.647500000000000000e+02,1.547749476622764242e-01,1.797641066762462048e-01,-2.160793370086378395e+00,2.217155445456177709e+00
7.357638888888888840e-01,2.648750000000000000e+02,1.540251966026949804e-01,1.805335336651603950e-01,-2.157770148190908177e+00,2.214735083362288304e+00
7.361111111111111605e-01,2.650000000000000000e+02,1.532764979770695757e-01,1.813021109679559817e-01,-2.154731317456531681e+00,2.212261301568838601e+00
7.364583333333333259e-01,2.651250000000000000e+02,1.525288572393502240e-01,1.820698200864637739e-01,-2.151676681401007762e+00,2.209734390524279224e+00
7.368055555555556024e-01,2.652500000000000000e+02,1.517822799110952470e-01,1.828366426238867692e-01,-2.148606047072423753e+00,2.207154643672788907e+00
7.371527777777777679e-01,2.653750000000000000e+02,1.510367715802508892e-01,1.836025602858339101e-01,-2.145519225042079370e+00,2.204522357439091973e+00
7.375000000000000444e-01,2.655000000000000000e+02,1.502923378999240500e-01,1.843675548813570042e-01,-2.142416029396702726e+00,2.201837831213328212e+00
7.378472222222222099e-01,2.656250000000000000e+02,1.495489845871673662e-01,1.851316083239738786e-01,-2.139296277730066365e+00,2.199101367335968504e+00
7.381944444444444864e-01,2.657500000000000000e+02,1.488067174217604649e-01,1.858947026326928653e-01,-2.136159791133960262e+00,2.196313271082772633e+00
7.385416666666666519e-01,2.658750000000000000e+02,1.480655422449987102e-01,1.866568199330269906e-01,-2.133006394188580401e+00,2.193473850649801271e+00
7.388888888888889284e-01,2.660000000000000000e+02,1.473254649584822273e-01,1.874179424580080522e-01,-2.129835914952293408e+00,2.190583417138479927e+00
7.392361111111110938e-01,2.661250000000000000e+02,1.465864915229113108e-01,1.881780525491903167e-01,-2.126648184950832743e+00,2.187642284540715298e+00
7.395833333333333703e-01,2.662500000000000000e+02,1.458486279568838861e-01,1.889371326576529675e-01,-2.123443039165907820e+00,2.184650769724059138e+00
7.399305555555555358e-01,2.663750000000000000e+02,1.451118803356981068e-01,1.896951653449956143e-01,-2.120220316023246898e+00,2.181609192416943621e+00
7.402777777777778123e-01,2.665000000000000000e+02,1.443762547901566995e-01,1.904521332843300829e-01,-2.116979857380082208e+00,2.178517875193959341e+00
7.406249999999999778e-01,2.666250000000000000e+02,1.436417575053807183e-01,1.912080192612640450e-01,-2.113721508512091507e+00,2.175377143461194596e+00
7.409722222222222543e-01,2.667500000000000000e+02,1.429083947196225779e-01,1.919628061748840930e-01,-2.110445118099802286e+00,2.172187325441641281e+00
7.413194444444444198e-01,2.668750000000000000e+02,1.421761727230874406e-01,1.927164770387290171e-01,-2.107150538214469737e+00,2.168948752160653193e+00
7.416666666666666963e-01,2.670000000000000000e+02,1.414450978567578232e-01,1.934690149817619997e-01,-2.103837624303440013e+00,2.165661757431465606e+00
7.420138888888888618e-01,2.671250000000000000e+02,1.407151765112249486e-01,1.942204032493348997e-01,-2.100506235175015668e+00,2.162326677840788580e+00
7.423611111111111382e-01,2.672500000000000000e+02,1.399864151255223732e-01,1.949706252041504551e-01,-2.097156232982813506e+00,2.158943852734447777e+00
7.427083333333334147e-01,2.673750000000000568e+02,1.392588201859694952e-01,1.957196643272159919e-01,-2.093787483209659683e+00,2.155513624203101219e+00
7.430555555555555802e-01,2.675000000000000000e+02,1.385323982250175334e-01,1.964675042187944143e-01,-2.090399854651003420e+00,2.152036337068016003e+00
7.434027777777778567e-01,2.676250000000000000e+02,1.378071558201014180e-01,1.972141285993514737e-01,-2.086993219397862198e+00,2.148512338866907623e+00
7.437500000000000222e-01,2.677500000000000000e+02,1.370830995925000628e-01,1.979595213104940743e-01,-2.083567452819342858e+00,2.144941979839852131e+00
7.440972222222222987e-01,2.678750000000000000e+02,1.363602362061996087e-01,1.987036663159083838e-01,-2.080122433544692839e+00,2.141325612915259136e+00
7.444444444444444642e-01,2.680000000000000000e+02,1.356385723667664356e-01,1.994465477022891453e-01,-2.076658043444952195e+00,2.137663593695910080e+00
7.447916666666667407e-01,2.681250000000000000e+02,1.349181148202234226e-01,2.001881496802669080e-01,-2.073174167614176611e+00,2.133956280445070242e+00
7.451388888888889062e-01,2.682500000000000000e+02,1.341988703519348403e-01,2.009284565853286242e-01,-2.069670694350254081e+00,2.130204034072662456e+00
7.454861111111111827e-01,2.683750000000000000e+02,1.334808457854961550e-01,2.016674528787355258e-01,-2.066147515135330348e+00,2.126407218121502130e+00
7.458333333333333481e-01,2.685000000000000000e+02,1.327640479816335761e-01,2.024051231484333135e-01,-2.062604524615859969e+00,2.122566198753624622e+00
7.461805555555556246e-01,2.686250000000000000e+02,1.320484838371075997e-01,2.031414521099607073e-01,-2.059041620582269250e+00,2.118681344736637051e+00
7.465277777777777901e-01,2.687500000000000000e+02,1.313341602836253230e-01,2.038764246073507536e-01,-2.055458703948278565e+00,2.114753027430182453e+00
7.468750000000000666e-01,2.688750000000000000e+02,1.306210842867598088e-01,2.046100256140286344e-01,-2.051855678729860966e+00,2.110781620772434142e+00
7.472222222222222321e-01,2.690000000000000000e+02,1.299092628448766940e-01,2.053422402337049257e-01,-2.048232452023871275e+00,2.106767501266686438e+00
7.475694444444445086e-01,2.691250000000000000e+02,1.291987029880666826e-01,2.060730537012648578e-01,-2.044588933986335899e+00,2.102711047967987135e+00
7.479166666666666741e-01,2.692500000000000000e+02,1.284894117770898070e-01,2.068024513836498046e-01,-2.040925037810450871e+00,2.098612642469850798e+00
7.482638888888889506e-01,2.693750000000000000e+02,1.277813963023221866e-01,2.075304187807387180e-01,-2.037240679704254376e+00,2.094472668891026235e+00
7.486111111111111160e-01,2.695000000000000000e+02,1.270746636827153886e-01,2.082569415262206236e-01,-2.033535778868013288e+00,2.090291513862347905e+00
7.489583333333333925e-01,2.696250000000000000e+02,1.263692210647587855e-01,2.089820053884666740e-01,-2.029810257471325041e+00,2.086069566513621076e+00
7.493055555555555580e-01,2.697500000000000000e+02,1.256650756214551523e-01,2.097055962713939015e-01,-2.026064040629960594e+00,2.081807218460601128e+00
7.496527777777778345e-01,2.698750000000000000e+02,1.249622345513004829e-01,2.104277002153264742e-01,-2.022297056382430736e+00,2.077504863792010603e+00
7.500000000000000000e-01,2.700000000000000000e+02,1.242607050772735616e-01,2.111483033978525936e-01,-2.018509235666315238e+00,2.073162899056635311e+00
7.503472222222222765e-01,2.701250000000000000e+02,1.235604944458322252e-01,2.118673921346768130e-01,-2.014700512294343770e+00,2.068781723250468829e+00
7.506944444444444420e-01,2.702500000000000000e+02,1.228616099259217942e-01,2.125849528804660549e-01,-2.010870822930267643e+00,2.064361737803925845e+00
7.510416666666667185e-01,2.703750000000000000e+02,1.221640588079866280e-01,2.133009722296946298e-01,-2.007020107064493963e+00,2.059903346569102123e+00
7.513888888888888840e-01,2.705000000000000000e+02,1.214678484029950711e-01,2.140154369174810112e-01,-2.003148306989532834e+00,2.055406955807105085e+00
7.517361111111111605e-01,2.706250000000000000e+02,1.207729860414694656e-01,2.147283338204233061e-01,-1.999255367775244263e+00,2.050872974175423025e+00
7.520833333333333259e-01,2.707500000000000000e+02,1.200794790725272509e-01,2.154396499574283697e-01,-1.995341237243895227e+00,2.046301812715372481e+00
7.524305555555556024e-01,2.708750000000000000e+02,1.193873348629272829e-01,2.161493724905387548e-01,-1.991405865945051534e+00,2.041693884839567819e+00
7.527777777777777679e-01,2.710000000000000000e+02,1.186965607961308483e-01,2.168574887257515849e-01,-1.987449207130314921e+00,2.037049606319473849e+00
7.531250000000000444e-01,2.711250000000000000e+02,1.180071642713642760e-01,2.175639861138386477e-01,-1.983471216727885178e+00,2.032369395272978441e+00
7.534722222222222099e-01,2.712500000000000000e+02,1.173191527026967440e-01,2.182688522511550822e-01,-1.979471853317016583e+00,2.027653672152040176e+00
7.538194444444444864e-01,2.713750000000000000e+02,1.166325335181222639e-01,2.189720748804513395e-01,-1.975451078102306912e+00,2.022902859730356440e+00
7.541666666666666519e-01,2.715000000000000000e+02,1.159473141586539330e-01,2.196736418916747091e-01,-1.971408854887898743e+00,2.018117383091101225e+00
7.545138888888889284e-01,2.716250000000000000e+02,1.152635020774251812e-01,2.203735413227702333e-01,-1.967345150051553526e+00,2.013297669614679375e+00
7.548611111111110938e-01,2.717500000000000000e+02,1.145811047388011900e-01,2.210717613604756271e-01,-1.963259932518632622e+00,2.008444148966547882e+00
7.552083333333333703e-01,2.718750000000000000e+02,1.139001296174972228e-01,2.217682903411139217e-01,-1.959153173735983078e+00,2.003557253085048284e+00
7.555555555555555358e-01,2.720000000000000000e+02,1.132205841977102362e-01,2.224631167513784202e-01,-1.955024847645762343e+00,1.998637416169305903e+00
7.559027777777778123e-01,2.721250000000000000e+02,1.125424759722546270e-01,2.231562292291178196e-01,-1.950874930659171724e+00,1.993685074667122192e+00
7.562499999999999778e-01,2.722500000000000000e+02,1.118658124417109545e-01,2.238476165641133386e-01,-1.946703401630152319e+00,1.988700667262956578e+00
7.565972222222222543e-01,2.723750000000000000e+02,1.111906011135818662e-01,2.245372676988532101e-01,-1.942510241829022322e+00,1.983684634865866547e+00
7.569444444444444198e-01,2.725000000000000000e+02,1.105168495014583058e-01,2.252251717293042022e-01,-1.938295434916071702e+00,1.978637420597545438e+00
7.572916666666666963e-01,2.726250000000000000e+02,1.098445651241918564e-01,2.259113179056776166e-01,-1.934058966915133793e+00,1.973559469780330922e+00
7.576388888888889728e-01,2.727500000000000568e+02,1.091737555050823205e-01,2.265956956331900696e-01,-1.929800826187148655e+00,1.968451229925268331e+00
7.579861111111111382e-01,2.728750000000000000e+02,1.085044281710680070e-01,2.272782944728221066e-01,-1.925521003403697140e+00,1.963313150720175537e+00
7.583333333333334147e-01,2.730000000000000568e+02,1.078365906519288819e-01,2.279591041420732656e-01,-1.921219491520537614e+00,1.958145684017734256e+00
7.586805555555555802e-01,2.731250000000000000e+02,1.071702504794984079e-01,2.286381145157089512e-01,-1.916896285751173989e+00,1.952949283823590010e+00
7.590277777777778567e-01,2.732500000000000000e+02,1.065054151868831678e-01,2.293153156265093084e-01,-1.912551383540409544e+00,1.947724406284469190e+00
7.593750000000000222e-01,2.733750000000000000e+02,1.058420923076950210e-01,2.299906976660062441e-01,-1.908184784537965584e+00,1.942471509676300334e+00
7.597222222222222987e-01,2.735000000000000000e+02,1.051802893752869783e-01,2.306642509852258049e-01,-1.903796490572088773e+00,1.937191054392335632e+00
7.600694444444444642e-01,2.736250000000000000e+02,1.045200139220033159e-01,2.313359660954167618e-01,-1.899386505623259946e+00,1.931883502931295071e+00
7.604166666666667407e-01,2.737500000000000000e+02,1.038612734784360170e-01,2.320058336687828293e-01,-1.894954835797906023e+00,1.926549319885481948e+00
7.607638888888889062e-01,2.738750000000000000e+02,1.032040755726923581e-01,2.326738445392051990e-01,-1.890501489302212734e+00,1.921188971928921685e+00
7.611111111111111827e-01,2.740000000000000000e+02,1.025484277296682678e-01,2.333399897029654058e-01,-1.886026476415987307e+00,1.915802927805473121e+00
7.614583333333333481e-01,2.741250000000000000e+02,1.018943374703349808e-01,2.340042603194600057e-01,-1.881529809466609748e+00,1.910391658316945129e+00
7.618055555555556246e-01,2.742500000000000000e+02,1.012418123110315343e-01,2.346666477119143390e-01,-1.877011502803070719e+00,1.904955636311191691e+00
7.621527777777777901e-01,2.743750000000000000e+02,1.005908597627675621e-01,2.353271433680900193e-01,-1.872471572770107340e+00,1.899495336670193213e+00
7.625000000000000666e-01,2.745000000000000000e+02,9.994148733053381806e-02,2.359857389409909245e-01,-1.867910037682434909e+00,1.894011236298120071e+00
7.628472222222222321e-01,2.746250000000000000e+02,9.929370251262478742e-02,2.366424262495604725e-01,-1.863326917799110083e+00,1.888503814109369294e+00
7.631944444444445086e-01,2.747500000000000000e+02,9.864751279996526734e-02,2.372971972793804230e-01,-1.858722235297991077e+00,1.882973551016575708e+00
7.635416666666666741e-01,2.748750000000000000e+02,9.800292567545094979e-02,2.379500441833602986e-01,-1.854096014250346869e+00,1.877420929918600656e+00
7.638888888888889506e-01,2.750000000000000000e+02,9.735994861329452799e-02,2.386009592824261949e-01,-1.849448280595587635e+00,1.871846435688472088e+00
7.642361111111111160e-01,2.751250000000000000e+02,9.671858907838068453e-02,2.392499350662037894e-01,-1.844779062116147728e+00,1.866250555161306224e+00
7.645833333333333925e-01,2.752500000000000000e+02,9.607885452563108553e-02,2.398969641936982700e-01,-1.840088388412501441e+00,1.860633777122167043e+00
7.649305555555555580e-01,2.753750000000000000e+02,9.544075239937779842e-02,2.405420394939676021e-01,-1.835376290878368843e+00,1.854996592293906454e+00
7.652777777777778345e-01,2.755000000000000000e+02,9.480429013274402350e-02,2.411851539667952682e-01,-1.830642802676046843e+00,1.849339493324928529e+00
7.656250000000000000e-01,2.756250000000000000e+02,9.416947514703567779e-02,2.418263007833548750e-01,-1.825887958711945647e+00,1.843662974776931529e+00
7.659722222222222765e-01,2.757500000000000000e+02,9.353631485113775290e-02,2.424654732868741225e-01,-1.821111795612274875e+00,1.837967533112563556e+00
7.663194444444444420e-01,2.758750000000000000e+02,9.290481664092375969e-02,2.431026649932912509e-01,-1.816314351698939733e+00,1.832253666683051341e+00
7.666666666666667185e-01,2.760000000000000000e+02,9.227498789867003004e-02,2.437378695919088789e-01,-1.811495666965605711e+00,1.826521875715728216e+00
7.670138888888888840e-01,2.761250000000000000e+02,9.164683599247937240e-02,2.443710809460441225e-01,-1.806655783053974451e+00,1.820772662301540779e+00
7.673611111111111605e-01,2.762500000000000000e+02,9.102036827571197142e-02,2.450022930936730792e-01,-1.801794743230255014e+00,1.815006530382429650e+00
7.677083333333333259e-01,2.763750000000000000e+02,9.039559208642790333e-02,2.456315002480705667e-01,-1.796912592361852523e+00,1.809223985738691143e+00
7.680555555555556024e-01,2.765000000000000000e+02,8.977251474683239918e-02,2.462586967984476127e-01,-1.792009376894258876e+00,1.803425535976214800e+00
7.684027777777777679e-01,2.766250000000000000e+02,8.915114356273382001e-02,2.468838773105820061e-01,-1.787085144828180594e+00,1.797611690513663874e+00
7.687500000000000444e-01,2.767500000000000000e+02,8.853148582300654490e-02,2.475070365274456563e-01,-1.782139945696877392e+00,1.791782960569559213e+00
7.690972222222222099e-01,2.768750000000000000e+02,8.791354879906371211e-02,2.481281693698275670e-01,-1.777173830543743449e+00,1.785939859149274556e+00
7.694444444444444864e-01,2.770000000000000000e+02,8.729733974433501187e-02,2.487472709369525359e-01,-1.772186851900108051e+00,1.780082901031926568e+00
7.697916666666666519e-01,2.771250000000000000e+02,8.668286589375599760e-02,2.493643365070931650e-01,-1.767179063763311353e+00,1.774212602757189616e+00
7.701388888888889284e-01,2.772500000000000000e+02,8.607013446326089445e-02,2.499793615381810108e-01,-1.762150521574980200e+00,1.768329482611971759e+00
7.704861111111110938e-01,2.773750000000000000e+02,8.545915264928671817e-02,2.505923416684083804e-01,-1.757101282199601933e+00,1.762434060617019238e+00
7.708333333333333703e-01,2.775000000000000000e+02,8.484992762828069690e-02,2.512032727168309054e-01,-1.752031403903313800e+00,1.756526858513376865e+00
7.711805555555555358e-01,2.776250000000000000e+02,8.424246655621930868e-02,2.518121506839599011e-01,-1.746940946332983691e+00,1.750608399748758703e+00
7.715277777777778123e-01,2.777500000000000000e+02,8.363677656813162109e-02,2.524189717523538379e-01,-1.741829970495537117e+00,1.744679209463775305e+00
7.718749999999999778e-01,2.778750000000000000e+02,8.303286477763040241e-02,2.530237322872035954e-01,-1.736698538737554864e+00,1.738739814478058143e+00
7.722222222222222543e-01,2.780000000000000000e+02,8.243073827645022722e-02,2.536264288369135533e-01,-1.731546714725143765e+00,1.732790743276231282e+00
7.725694444444444198e-01,2.781250000000000000e+02,8.183040413399404744e-02,2.542270581336759649e-01,-1.726374563424095232e+00,1.726832525993772682e+00
7.729166666666666963e-01,2.782500000000000000e+02,8.123186939688324670e-02,2.548256170940431664e-01,-1.721182151080296707e+00,1.720865694402718082e+00
7.732638888888889728e-01,2.783750000000000568e+02,8.063514108851882467e-02,2.554221028194919030e-01,-1.715969545200459301e+00,1.714890781897240757e+00
7.736111111111111382e-01,2.785000000000000000e+02,8.004022620864523208e-02,2.560165125969852129e-01,-1.710736814533101668e+00,1.708908323479070734e+00
7.739583333333334147e-01,2.786250000000000568e+02,7.944713173292343444e-02,2.566088438995272614e-01,-1.705484029049844752e+00,1.702918855742766802e+00
7.743055555555555802e-01,2.787500000000000000e+02,7.885586461250887469e-02,2.571990943867141777e-01,-1.700211259926986296e+00,1.696922916860845731e+00
7.746527777777778567e-01,2.788750000000000000e+02,7.826643177363569459e-02,2.577872619052797853e-01,-1.694918579527367131e+00,1.690921046568725439e+00
7.750000000000000222e-01,2.790000000000000000e+02,7.767884011721017112e-02,2.583733444896346154e-01,-1.689606061382559643e+00,1.684913786149541348e+00
7.753472222222222987e-01,2.791250000000000000e+02,7.709309651840488831e-02,2.589573403624019221e-01,-1.684273780175318702e+00,1.678901678418757371e+00
7.756944444444444642e-01,2.792500000000000000e+02,7.650920782626488559e-02,2.595392479349450388e-01,-1.678921811722373647e+00,1.672885267708636992e+00
7.760416666666667407e-01,2.793750000000000000e+02,7.592718086331412541e-02,2.601190658078944562e-01,-1.673550232957487394e+00,1.666865099852508747e+00
7.763888888888889062e-01,2.795000000000000000e+02,7.534702242517303528e-02,2.606967927716627997e-01,-1.668159121914856380e+00,1.660841722168880930e+00
7.767361111111111827e-01,2.796250000000000000e+02,7.476873928017793713e-02,2.612724278069599726e-01,-1.662748557712795616e+00,1.654815683445342245e+00
7.770833333333333481e-01,2.797500000000000000e+02,7.419233816900780432e-02,2.618459700852996952e-01,-1.657318620537741927e+00,1.648787533922298376e+00
7.774305555555556246e-01,2.798750000000000000e+02,7.361782580431491807e-02,2.624174189695019921e-01,-1.651869391628558725e+00,1.642757825276490502e+00
7.777777777777777901e-01,2.800000000000000000e+02,7.304520887036433652e-02,2.629867740141870192e-01,-1.646400953261181632e+00,1.636727110604346169e+00
7.781250000000000666e-01,2.801250000000000000e+02,7.247449402267462648e-02,2.635540349662672255e-01,-1.640913388733533873e+00,1.630695944405087472e+00
7.784722222222222321e-01,2.802500000000000000e+02,7.190568788766582564e-02,2.641192017654306334e-01,-1.635406782350798505e+00,1.624664882563681578e+00
7.788194444444445086e-01,2.803750000000000000e+02,7.133879706231380236e-02,2.646822745446180680e-01,-1.629881219410985294e+00,1.618634482333534574e+00
7.791666666666666741e-01,2.805000000000000000e+02,7.077382811380571181e-02,2.652432536304967226e-01,-1.624336786190808235e+00,1.612605302319004785e+00
7.795138888888889506e-01,2.806250000000000000e+02,7.021078757920343194e-02,2.658021395439262302e-01,-1.618773569931888368e+00,1.606577902457672735e+00
7.798611111111111160e-01,2.807500000000000000e+02,6.964968196511193976e-02,2.663589330004166311e-01,-1.613191658827288988e+00,1.600552844002413266e+00
7.802083333333333925e-01,2.808750000000000000e+02,6.909051774734947804e-02,2.669136349105844519e-01,-1.607591142008330864e+00,1.594530689503208309e+00
7.805555555555555580e-01,2.810000000000000000e+02,6.853330137062567384e-02,2.674662463805973500e-01,-1.601972109531763389e+00,1.588512002788763366e+00
7.809027777777778345e-01,2.811250000000000000e+02,6.797803924822085064e-02,2.680167687126172593e-01,-1.596334652367222162e+00,1.582497348947855986e+00
7.812500000000000000e-01,2.812500000000000000e+02,6.742473776167229316e-02,2.685652034052329884e-01,-1.590678862385030312e+00,1.576487294310475518e+00
7.815972222222222765e-01,2.813750000000000000e+02,6.687340326046341266e-02,2.691115521538882116e-01,-1.585004832344294012e+00,1.570482406428690858e+00
7.819444444444444420e-01,2.815000000000000000e+02,6.632404206171695071e-02,2.696558168513026876e-01,-1.579312655881326410e+00,1.564483254057295714e+00
7.822916666666667185e-01,2.816250000000000000e+02,6.577666044989176342e-02,2.701979995878873164e-01,-1.573602427498376644e+00,1.558490407134176969e+00
7.826388888888888840e-01,2.817500000000000000e+02,6.523126467648560078e-02,2.707381026521493705e-01,-1.567874242552693476e+00,1.552504436760458795e+00
7.829861111111111605e-01,2.818750000000000000e+02,6.468786095973834416e-02,2.712761285310953951e-01,-1.562128197245868932e+00,1.546525915180354760e+00
7.833333333333333259e-01,2.820000000000000000e+02,6.414645548434168287e-02,2.718120799106224506e-01,-1.556364388613534322e+00,1.540555415760784808e+00
7.836805555555556024e-01,2.821250000000000000e+02,6.360705440115145548e-02,2.723459596759055801e-01,-1.550582914515332700e+00,1.534593512970704010e+00
7.840277777777777679e-01,2.822500000000000000e+02,6.306966382690275263e-02,2.728777709117761741e-01,-1.544783873625220405e+00,1.528640782360178640e+00
7.843750000000000444e-01,2.823750000000000000e+02,6.253428984392797596e-02,2.734075169030948382e-01,-1.538967365422059919e+00,1.522697800539169366e+00
7.847222222222222099e-01,2.825000000000000000e+02,6.200093849988111416e-02,2.739352011351138816e-01,-1.533133490180546898e+00,1.516765145156059758e+00
7.850694444444444864e-01,2.826250000000000000e+02,6.146961580746044401e-02,2.744608272938361404e-01,-1.527282348962402780e+00,1.510843394875873047e+00
7.854166666666666519e-01,2.827500000000000000e+02,6.094032774413900289e-02,2.749843992663620895e-01,-1.521414043607910216e+00,1.504933129358241306e+00
7.857638888888889284e-01,2.828750000000000000e+02,6.041308025189345149e-02,2.755059211412336784e-01,-1.515528676727705637e+00,1.499034929235042890e+00
7.861111111111110938e-01,2.830000000000000000e+02,5.988787923694111059e-02,2.760253972087646224e-01,-1.509626351694923763e+00,1.493149376087792968e+00
7.864583333333333703e-01,2.831250000000000000e+02,5.936473056947233484e-02,2.765428319613701946e-01,-1.503707172637568590e+00,1.487277052424695434e+00
7.868055555555555358e-01,2.832500000000000000e+02,5.884364008339346142e-02,2.770582300938819187e-01,-1.497771244431243876e+00,1.481418541657430143e+00
7.871527777777778123e-01,2.833750000000000000e+02,5.832461357606615049e-02,2.775715965038589306e-01,-1.491818672692123426e+00,1.475574428077616407e+00
7.874999999999999778e-01,2.835000000000000000e+02,5.780765680805266538e-02,2.780829362918880165e-01,-1.485849563770248238e+00,1.469745296832984494e+00
7.878472222222222543e-01,2.836250000000000000e+02,5.729277550286109022e-02,2.785922547618779888e-01,-1.479864024743067663e+00,1.463931733903223620e+00
7.881944444444444198e-01,2.837500000000000000e+02,5.677997534669495389e-02,2.790995574213437358e-01,-1.473862163409301873e+00,1.458134326075539500e+00
7.885416666666666963e-01,2.838750000000000000e+02,5.626926198820354774e-02,2.796048499816815580e-01,-1.467844088283054349e+00,1.452353660919871281e+00
7.888888888888889728e-01,2.840000000000000568e+02,5.576064103823342305e-02,2.801081383584380080e-01,-1.461809908588205476e+00,1.446590326763813827e+00
7.892361111111111382e-01,2.841250000000000000e+02,5.525411806958480804e-02,2.806094286715679620e-01,-1.455759734253086357e+00,1.440844912667206712e+00
7.895833333333334147e-01,2.842500000000000568e+02,5.474969861676557553e-02,2.811087272456841424e-01,-1.449693675905405099e+00,1.435118008396392586e+00
7.899305555555555802e-01,2.843750000000000000e+02,5.424738817575171929e-02,2.816060406102979807e-01,-1.443611844867459970e+00,1.429410204398173345e+00
7.902777777777778567e-01,2.845000000000000000e+02,5.374719220374444412e-02,2.821013755000522094e-01,-1.437514353151579938e+00,1.423722091773409915e+00
7.906250000000000222e-01,2.846250000000000000e+02,5.324911611893358432e-02,2.825947388549420736e-01,-1.431401313455859858e+00,1.418054262250307840e+00
7.909722222222222987e-01,2.847500000000000000e+02,5.275316530025903755e-02,2.830861378205284939e-01,-1.425272839160117266e+00,1.412407308157360930e+00
7.913194444444444642e-01,2.848750000000000000e+02,5.225934508717483551e-02,2.835755797481429585e-01,-1.419129044322113398e+00,1.406781822395960946e+00
7.916666666666667407e-01,2.850000000000000000e+02,5.176766077941413746e-02,2.840630721950812565e-01,-1.412970043674004916e+00,1.401178398412658455e+00
7.920138888888889062e-01,2.851250000000000000e+02,5.127811763675655526e-02,2.845486229247865539e-01,-1.406795952619064538e+00,1.395597630171101500e+00
7.923611111111111827e-01,2.852500000000000000e+02,5.079072087879434039e-02,2.850322399070262525e-01,-1.400606887228591502e+00,1.390040112123605898e+00
7.927083333333333481e-01,2.853750000000000000e+02,5.030547568470228326e-02,2.855139313180541927e-01,-1.394402964239103371e+00,1.384506439182401571e+00
7.930555555555556246e-01,2.855000000000000000e+02,4.982238719300588481e-02,2.859937055407680839e-01,-1.388184301049709246e+00,1.378997206690509181e+00
7.934027777777777901e-01,2.856250000000000000e+02,4.934146050135301137e-02,2.864715711648513352e-01,-1.381951015719738995e+00,1.373513010392286349e+00
7.937500000000000666e-01,2.857500000000000000e+02,4.886270066628426584e-02,2.869475369869085579e-01,-1.375703226966572768e+00,1.368054446403602853e+00
7.940972222222222321e-01,2.858750000000000000e+02,4.838611270300496175e-02,2.874216120105893557e-01,-1.369441054163680782e+00,1.362622111181677642e+00
7.944444444444445086e-01,2.860000000000000000e+02,4.791170158515720839e-02,2.878938054467019558e-01,-1.363164617338870066e+00,1.357216601494542818e+00
7.947916666666666741e-01,2.861250000000000000e+02,4.743947224459418854e-02,2.883641267133139618e-01,-1.356874037172759229e+00,1.351838514390168555e+00
7.951388888888889506e-01,2.862500000000000000e+02,4.696942957115195216e-02,2.888325854358468336e-01,-1.350569434997398899e+00,1.346488447165204994e+00
7.954861111111111160e-01,2.863750000000000000e+02,4.650157841242542195e-02,2.892991914471542692e-01,-1.344250932795140185e+00,1.341166997333391508e+00
7.958333333333333925e-01,2.865000000000000000e+02,4.603592357354138742e-02,2.897639547875933141e-01,-1.337918653197653684e+00,1.335874762593571186e+00
7.961805555555555580e-01,2.866250000000000000e+02,4.557246981693371946e-02,2.902268857050825934e-01,-1.331572719485137890e+00,1.330612340797371118e+00
7.965277777777778345e-01,2.867500000000000000e+02,4.511122186211765500e-02,2.906879946551506610e-01,-1.325213255585700356e+00,1.325380329916492128e+00
7.968750000000000000e-01,2.868750000000000000e+02,4.465218438546608021e-02,2.911472923009703617e-01,-1.318840386074932258e+00,1.320179328009654096e+00
7.972222222222222765e-01,2.870000000000000000e+02,4.419536201998345432e-02,2.916047895133846990e-01,-1.312454236175606637e+00,1.315009933189149827e+00
7.975694444444444420e-01,2.871250000000000000e+02,4.374075935508262014e-02,2.920604973709186036e-01,-1.306054931757583359e+00,1.309872743587058963e+00
7.979166666666667185e-01,2.872500000000000000e+02,4.328838093635821449e-02,2.925144271597805434e-01,-1.299642599337815119e+00,1.304768357321058003e+00
7.982638888888888840e-01,2.873750000000000000e+02,4.283823126536400600e-02,2.929665903738509214e-01,-1.293217366080557484e+00,1.299697372459894806e+00
7.986111111111111605e-01,2.875000000000000000e+02,4.239031479938633329e-02,2.934169987146595937e-01,-1.286779359797677769e+00,1.294660386988462530e+00
7.989583333333333259e-01,2.876250000000000000e+02,4.194463595122053384e-02,2.938656640913498985e-01,-1.280328708949118210e+00,1.289657998772525405e+00
7.993055555555556024e-01,2.877500000000000000e+02,4.150119908894467358e-02,2.943125986206325262e-01,-1.273865542643483950e+00,1.284690805523047263e+00
7.996527777777777679e-01,2.878750000000000000e+02,4.106000853569512915e-02,2.947578146267239019e-01,-1.267389990638765784e+00,1.279759404760176800e+00
8.000000000000000444e-01,2.880000000000000000e+02,4.062106856944013022e-02,2.952013246412748537e-01,-1.260902183343167504e+00,1.274864393776828919e+00
8.003472222222222099e-01,2.881250000000000000e+02,4.018438342275453684e-02,2.956431414032843485e-01,-1.254402251816057801e+00,1.270006369601923923e+00
8.006944444444444864e-01,2.882500000000000000e+02,3.974995728259336780e-02,2.960832778590019032e-01,-1.247890327769021201e+00,1.265185928963219908e+00
8.010416666666666519e-01,2.883750000000000000e+02,3.931779429006508619e-02,2.965217471618163403e-01,-1.241366543567017589e+00,1.260403668249807874e+00
8.013888888888889284e-01,2.885000000000000000e+02,3.888789854020390652e-02,2.969585626721324978e-01,-1.234831032229610104e+00,1.255660183474196057e+00
8.017361111111110938e-01,2.886250000000000000e+02,3.846027408174389206e-02,2.973937379572323958e-01,-1.228283927432332501e+00,1.250956070234053197e+00
8.020833333333333703e-01,2.887500000000000000e+02,3.803492491688868077e-02,2.978272867911255783e-01,-1.221725363508078033e+00,1.246291923673559676e+00
8.024305555555555358e-01,2.888750000000000000e+02,3.761185500108527036e-02,2.982592231543840233e-01,-1.215155475448620459e+00,1.241668338444395614e+00
8.027777777777778123e-01,2.890000000000000000e+02,3.719106824279303641e-02,2.986895612339653394e-01,-1.208574398906152814e+00,1.237085908666347489e+00
8.031249999999999778e-01,2.891250000000000000e+02,3.677256850325574811e-02,2.991183154230204755e-01,-1.201982270194934532e+00,1.232545227887558159e+00
8.034722222222222543e-01,2.892500000000000000e+02,3.635635959627016300e-02,2.995455003206881073e-01,-1.195379226292969443e+00,1.228046889044389189e+00
8.038194444444444198e-01,2.893750000000000000e+02,3.594244528795619009e-02,2.999711307318755904e-01,-1.188765404843741047e+00,1.223591484420929243e+00
8.041666666666666963e-01,2.895000000000000000e+02,3.553082929652438826e-02,3.003952216670260356e-01,-1.182140944157986873e+00,1.219179605608118333e+00
8.045138888888889728e-01,2.896250000000000568e+02,3.512151529204534522e-02,3.008177883418690080e-01,-1.175505983215530792e+00,1.214811843462520802e+00
8.048611111111111382e-01,2.897500000000000000e+02,3.471450689621610047e-02,3.012388461771591253e-01,-1.168860661667126655e+00,1.210488788064718602e+00
8.052083333333334147e-01,2.898750000000000568e+02,3.430980768212671395e-02,3.016584107983998342e-01,-1.162205119836329681e+00,1.206211028677341535e+00
8.055555555555555802e-01,2.900000000000000000e+02,3.390742117402710532e-02,3.020764980355513107e-01,-1.155539498721403380e+00,1.201979153702741998e+00
8.059027777777778567e-01,2.901250000000000000e+02,3.350735084709215855e-02,3.024931239227241497e-01,-1.148863939997226691e+00,1.197793750640296251e+00
8.062500000000000222e-01,2.902500000000000000e+02,3.310960012718637546e-02,3.029083046978591209e-01,-1.142178586017209785e+00,1.193655406043353739e+00
8.065972222222222987e-01,2.903750000000000000e+02,3.271417239062719001e-02,3.033220568023911601e-01,-1.135483579815200317e+00,1.189564705475818940e+00
8.069444444444444642e-01,2.905000000000000000e+02,3.232107096394997575e-02,3.037343968808973171e-01,-1.128779065107420765e+00,1.185522233468384812e+00
8.072916666666667407e-01,2.906250000000000000e+02,3.193029912366930623e-02,3.041453417807314374e-01,-1.122065186294339378e+00,1.181528573474401211e+00
8.076388888888889062e-01,2.907500000000000000e+02,3.154186009604215829e-02,3.045549085516414123e-01,-1.115342088462581538e+00,1.177584307825404908e+00
8.079861111111111827e-01,2.908750000000000000e+02,3.115575705682793739e-02,3.049631144453732179e-01,-1.108609917386754518e+00,1.173690017686273901e+00
8.083333333333333481e-01,2.910000000000000000e+02,3.077199313105142761e-02,3.053699769152553589e-01,-1.101868819531319099e+00,1.169846283010066434e+00
8.086805555555556246e-01,2.911250000000000000e+02,3.039057139276064509e-02,3.057755136157738751e-01,-1.095118942052331734e+00,1.166053682492477206e+00
8.090277777777777901e-01,2.912500000000000000e+02,3.001149486478804293e-02,3.061797424021245884e-01,-1.088360432799232225e+00,1.162312793525980270e+00
8.093750000000000666e-01,2.913750000000000000e+02,2.963476651850824664e-02,3.065826813297548581e-01,-1.081593440316513055e+00,1.158624192153609123e+00
8.097222222222222321e-01,2.915000000000000000e+02,2.926038927359747924e-02,3.069843486538850752e-01,-1.074818113845394274e+00,1.154988453022415928e+00
8.100694444444445086e-01,2.916250000000000000e+02,2.888836599779062361e-02,3.073847628290173883e-01,-1.068034603325374921e+00,1.151406149336577256e+00
8.104166666666666741e-01,2.917500000000000000e+02,2.851869950663910025e-02,3.077839425084258340e-01,-1.061243059395775346e+00,1.147877852810180288e+00
8.107638888888889506e-01,2.918750000000000000e+02,2.815139256326709694e-02,3.081819065436298688e-01,-1.054443633397174729e+00,1.144404133619676189e+00
8.111111111111111160e-01,2.920000000000000000e+02,2.778644787812819747e-02,3.085786739838539128e-01,-1.047636477372765107e+00,1.140985560356003070e+00
8.114583333333333925e-01,2.921250000000000000e+02,2.742386810876079953e-02,3.089742640754674086e-01,-1.040821744069636123e+00,1.137622699976386542e+00
8.118055555555555580e-01,2.922500000000000000e+02,2.706365585954407377e-02,3.093686962614088376e-01,-1.033999586939976068e+00,1.134316117755829634e+00
8.121527777777778345e-01,2.923750000000000000e+02,2.670581368145211534e-02,3.097619901805943043e-01,-1.027170160142144129e+00,1.131066377238267640e+00
8.125000000000000000e-01,2.925000000000000000e+02,2.635034407180937913e-02,3.101541656673068581e-01,-1.020333618541679144e+00,1.127874040187436755e+00
8.128472222222222765e-01,2.926250000000000000e+02,2.599724947404477224e-02,3.105452427505699387e-01,-1.013490117712176231e+00,1.124739666537403426e+00
8.131944444444444420e-01,2.927500000000000000e+02,2.564653227744568068e-02,3.109352416535040020e-01,-1.006639813936054617e+00,1.121663814342817034e+00
8.135416666666667185e-01,2.928750000000000000e+02,2.529819481691088917e-02,3.113241827926651606e-01,-9.997828642052011272e-01,1.118647039728838166e+00
8.138888888888888840e-01,2.930000000000000000e+02,2.495223937270556538e-02,3.117120867773657822e-01,-9.929194262215146338e-01,1.115689896840790896e+00
8.142361111111111605e-01,2.931250000000000000e+02,2.460866817021360037e-02,3.120989744089793239e-01,-9.860496583972774287e-01,1.112792937793501524e+00
8.145833333333333259e-01,2.932500000000000000e+02,2.426748337969148253e-02,3.124848666802251818e-01,-9.791737198554403276e-01,1.109956712620369101e+00
8.149305555555556024e-01,2.933750000000000000e+02,2.392868711602091220e-02,3.128697847744386640e-01,-9.722917704297170394e-01,1.107181769222132184e+00
8.152777777777777679e-01,2.935000000000000000e+02,2.359228143846271025e-02,3.132537500648202577e-01,-9.654039706645777263e-01,1.104468653315377136e+00
8.156250000000000444e-01,2.936250000000000000e+02,2.325826835040981089e-02,3.136367841136681878e-01,-9.585104818150630424e-01,1.101817908380751110e+00
8.159722222222222099e-01,2.937500000000000000e+02,2.292664979914018145e-02,3.140189086715940991e-01,-9.516114658464500664e-01,1.099230075610920565e+00
8.163194444444444864e-01,2.938750000000000000e+02,2.259742767557064783e-02,3.144001456767193114e-01,-9.447070854337453749e-01,1.096705693858255115e+00
8.166666666666666519e-01,2.940000000000000000e+02,2.227060381401079273e-02,3.147805172538518104e-01,-9.377975039610495500e-01,1.094245299582254916e+00
8.170138888888889284e-01,2.941250000000000000e+02,2.194617999191608368e-02,3.151600457136482514e-01,-9.308828855206930930e-01,1.091849426796723588e+00
8.173611111111110938e-01,2.942500000000000000e+02,2.162415792964343317e-02,3.155387535517537589e-01,-9.239633949122502132e-01,1.089518607016691121e+00
8.177083333333333703e-01,2.943750000000000000e+02,2.130453929020452788e-02,3.159166634479256830e-01,-9.170391976413416746e-01,1.087253369205088971e+00
8.180555555555555358e-01,2.945000000000000000e+02,2.098732567902172538e-02,3.162937982651385371e-01,-9.101104599182571198e-01,1.085054239719188685e+00
8.184027777777778123e-01,2.946250000000000000e+02,2.067251864368284744e-02,3.166701810486697299e-01,-9.031773486563812181e-01,1.082921742256805153e+00
8.187499999999999778e-01,2.947500000000000000e+02,2.036011967369865186e-02,3.170458350251662560e-01,-8.962400314704589421e-01,1.080856397802275159e+00
8.190972222222222543e-01,2.948750000000000000e+02,2.005013020025826070e-02,3.174207836016941786e-01,-8.892986766746036054e-01,1.078858724572206995e+00
8.194444444444445308e-01,2.950000000000000568e+02,1.974255159598726009e-02,3.177950503647668512e-01,-8.823534532801670105e-01,1.076929237961024022e+00
8.197916666666666963e-01,2.951250000000000000e+02,1.943738517470665686e-02,3.181686590793561531e-01,-8.754045309933533581e-01,1.075068450486281524e+00
8.201388888888889728e-01,2.952500000000000568e+02,1.913463219119071468e-02,3.185416336878847399e-01,-8.684520802126355354e-01,1.073276871733796378e+00
8.204861111111111382e-01,2.953750000000000000e+02,1.883429384092796463e-02,3.189139983091972552e-01,-8.614962720259737861e-01,1.071555008302566447e+00
8.208333333333334147e-01,2.955000000000000568e+02,1.853637125988255932e-02,3.192857772375141678e-01,-8.545372782077942375e-01,1.069903363749501457e+00
8.211805555555555802e-01,2.956250000000000000e+02,1.824086552425554369e-02,3.196569949413661793e-01,-8.475752712157494928e-01,1.068322438533967356e+00
8.215277777777778567e-01,2.957500000000000000e+02,1.794777765024881122e-02,3.200276760625088701e-01,-8.406104241872550675e-01,1.066812729962153261e+00
8.218750000000000222e-01,2.958750000000000000e+02,1.765710859382987191e-02,3.203978454148178057e-01,-8.336429109357982314e-01,1.065374732131260105e+00
8.222222222222222987e-01,2.960000000000000000e+02,1.736885925049718241e-02,3.207675279831652682e-01,-8.266729059470049323e-01,1.064008935873528738e+00
8.225694444444444642e-01,2.961250000000000000e+02,1.708303045504781098e-02,3.211367489222761717e-01,-8.197005843744835651e-01,1.062715828700103948e+00
8.229166666666667407e-01,2.962500000000000000e+02,1.679962298134672627e-02,3.215055335555652150e-01,-8.127261220354127236e-01,1.061495894744748147e+00
8.232638888888889062e-01,2.963750000000000000e+02,1.651863754209643986e-02,3.218739073739546042e-01,-8.057496954058962491e-01,1.060349614707407850e+00
8.236111111111111827e-01,2.965000000000000000e+02,1.624007478860913650e-02,3.222418960346727368e-01,-7.987714816160551567e-01,1.059277465797639595e+00
8.239583333333333481e-01,2.966250000000000000e+02,1.596393531058102819e-02,3.226095253600304025e-01,-7.917916584449081752e-01,1.058279921677907742e+00
8.243055555555556246e-01,2.967500000000000000e+02,1.569021963586723564e-02,3.229768213361816076e-01,-7.848104043149440878e-01,1.057357452406753495e+00
8.246527777777777901e-01,2.968750000000000000e+02,1.541892823026036995e-02,3.233438101118602526e-01,-7.778278982865006741e-01,1.056510524381848226e+00
8.250000000000000666e-01,2.970000000000000000e+02,1.515006149726877763e-02,3.237105179971008773e-01,-7.708443200518249050e-01,1.055739600282934676e+00
8.253472222222222321e-01,2.971250000000000000e+02,1.488361977789901675e-02,3.240769714619364250e-01,-7.638598499289296351e-01,1.055045139014673117e+00
8.256944444444445086e-01,2.972500000000000000e+02,1.461960335043968259e-02,3.244431971350780208e-01,-7.568746688551465374e-01,1.054427595649374938e+00
8.260416666666666741e-01,2.973750000000000000e+02,1.435801243024749894e-02,3.248092218025744327e-01,-7.498889583804346781e-01,1.053887421369670951e+00
8.263888888888889506e-01,2.975000000000000000e+02,1.409884716953500178e-02,3.251750724064520481e-01,-7.429029006604067620e-01,1.053425063411078222e+00
8.267361111111111160e-01,2.976250000000000000e+02,1.384210765716282522e-02,3.255407760433329245e-01,-7.359166784491174562e-01,1.053040965004514495e+00
8.270833333333333925e-01,2.977500000000000000e+02,1.358779391843207250e-02,3.259063599630359076e-01,-7.289304750915358566e-01,1.052735565318728250e+00
8.274305555555555580e-01,2.978750000000000000e+02,1.333590591488134462e-02,3.262718515671550468e-01,-7.219444745157901355e-01,1.052509299402689003e+00
8.277777777777778345e-01,2.980000000000000000e+02,1.308644354408456355e-02,3.266372784076193025e-01,-7.149588612251129849e-01,1.052362598127921212e+00
8.281250000000000000e-01,2.981250000000000000e+02,1.283940663945449048e-02,3.270026681852322703e-01,-7.079738202895120569e-01,1.052295888130794888e+00
8.284722222222222765e-01,2.982500000000000000e+02,1.259479497004516689e-02,3.273680487481922530e-01,-7.009895373371637373e-01,1.052309591754793106e+00
8.288194444444444420e-01,2.983750000000000000e+02,1.235260824036138114e-02,3.277334480905897962e-01,-6.940061985455516780e-01,1.052404126992746436e+00
8.291666666666667185e-01,2.985000000000000000e+02,1.211284609016853586e-02,3.280988943508892919e-01,-6.870239906322815893e-01,1.052579907429054717e+00
8.295138888888888840e-01,2.986250000000000000e+02,1.187550809430782880e-02,3.284644158103862122e-01,-6.800431008456703230e-01,1.052837342181906832e+00
8.298611111111111605e-01,2.987500000000000000e+02,1.164059376251202864e-02,3.288300408916478568e-01,-6.730637169549945620e-01,1.053176835845487602e+00
8.302083333333333259e-01,2.988750000000000000e+02,1.140810253922786531e-02,3.291957981569316183e-01,-6.660860272405129123e-01,1.053598788432212441e+00
8.305555555555556024e-01,2.990000000000000000e+02,1.117803380343968499e-02,3.295617163065839295e-01,-6.591102204831682521e-01,1.054103595314963115e+00
8.309027777777777679e-01,2.991250000000000000e+02,1.095038686849736549e-02,3.299278241774199483e-01,-6.521364859540235148e-01,1.054691647169360591e+00
8.312500000000000444e-01,2.992500000000000000e+02,1.072516098194824068e-02,3.302941507410825928e-01,-6.451650134033928286e-01,1.055363329916070514e+00
8.315972222222222099e-01,2.993750000000000000e+02,1.050235532537221843e-02,3.306607251023804817e-01,-6.381959930497330680e-01,1.056119024663148664e+00
8.319444444444444864e-01,2.995000000000000000e+02,1.028196901422191202e-02,3.310275764976080559e-01,-6.312296155681991205e-01,1.056959107648448359e+00
8.322916666666666519e-01,2.996250000000000000e+02,1.006400109766527641e-02,3.313947342928442730e-01,-6.242660720789462436e-01,1.057883950182076038e+00
8.326388888888889284e-01,2.997500000000000000e+02,9.848450558434158203e-03,3.317622279822303177e-01,-6.173055541351581965e-01,1.058893918588934335e+00
8.329861111111110938e-01,2.998750000000000000e+02,9.635316312674939432e-03,3.321300871862305493e-01,-6.103482537107532968e-01,1.059989374151329766e+00
8.333333333333333703e-01,3.000000000000000000e+02,9.424597209805334400e-03,3.324983416498712430e-01,-6.033943631878270208e-01,1.061170673051673452e+00
8.336805555555555358e-01,3.001250000000000000e+02,9.216292032374976892e-03,3.328670212409581275e-01,-5.964440753438419174e-01,1.062438166315286203e+00
8.340277777777778123e-01,3.002500000000000000e+02,9.010399495929331121e-03,3.332361559482787117e-01,-5.894975833384722419e-01,1.063792199753300638e+00
8.343749999999999778e-01,3.003750000000000000e+02,8.806918248881153918e-03,3.336057758797789097e-01,-5.825550807002369824e-01,1.065233113905684315e+00
8.347222222222222543e-01,3.005000000000000000e+02,8.605846872382883275e-03,3.339759112607256775e-01,-5.756167613127789462e-01,1.066761243984389873e+00
8.350694444444445308e-01,3.006250000000000568e+02,8.407183880207206098e-03,3.343465924318442806e-01,-5.686828194009536652e-01,1.068376919816631965e+00
8.354166666666666963e-01,3.007500000000000000e+02,8.210927718630271419e-03,3.347178498474411845e-01,-5.617534495165441566e-01,1.070080465788315838e+00
8.357638888888889728e-01,3.008750000000000568e+02,8.017076766320636871e-03,3.350897140735041857e-01,-5.548288465237566358e-01,1.071872200787614693e+00
8.361111111111111382e-01,3.010000000000000000e+02,7.825629334233622295e-03,3.354622157857830023e-01,-5.479092055844460019e-01,1.073752438148710242e+00
8.364583333333334147e-01,3.011250000000000568e+02,7.636583665511000214e-03,3.358353857678521570e-01,-5.409947221430224662e-01,1.075721485595703797e+00
8.368055555555555802e-01,3.012500000000000000e+02,7.449937935384337052e-03,3.362092549091520444e-01,-5.340855919111393568e-01,1.077779645186713209e+00
8.371527777777778567e-01,3.013750000000000000e+02,7.265690251085941097e-03,3.365838542030132885e-01,-5.271820108520540726e-01,1.079927213258150109e+00
8.375000000000000222e-01,3.015000000000000000e+02,7.083838651764208863e-03,3.369592147446594521e-01,-5.202841751647742097e-01,1.082164480369209869e+00
8.378472222222222987e-01,3.016250000000000000e+02,6.904381108403923224e-03,3.373353677291914821e-01,-5.133922812679025949e-01,1.084491731246564505e+00
8.381944444444444642e-01,3.017500000000000000e+02,6.727315523753447934e-03,3.377123444495532256e-01,-5.065065257832238599e-01,1.086909244729270752e+00
8.385416666666667407e-01,3.018750000000000000e+02,6.552639732256489678e-03,3.380901762944781841e-01,-4.996271055190250054e-01,1.089417293713917712e+00
8.388888888888889062e-01,3.020000000000000000e+02,6.380351499990968150e-03,3.384688947464150055e-01,-4.927542174531834851e-01,1.092016145100000113e+00
8.392361111111111827e-01,3.021250000000000000e+02,6.210448524612728616e-03,3.388485313794378784e-01,-4.858880587159497555e-01,1.094706059735552905e+00
8.395833333333333481e-01,3.022500000000000000e+02,6.042928435305139519e-03,3.392291178571340549e-01,-4.790288265725208827e-01,1.097487292363029221e+00
8.399305555555556246e-01,3.023750000000000000e+02,5.877788792736689770e-03,3.396106859304751646e-01,-4.721767184053383137e-01,1.100360091565458553e+00
8.402777777777777901e-01,3.025000000000000000e+02,5.715027089021798741e-03,3.399932674356694329e-01,-4.653319316961345153e-01,1.103324699712870949e+00
8.406250000000000666e-01,3.026250000000000000e+02,5.554640747690880141e-03,3.403768942919955243e-01,-4.584946640077305346e-01,1.106381352909018068e+00
8.409722222222222321e-01,3.027500000000000000e+02,5.396627123664247440e-03,3.407615984996160696e-01,-4.516651129656242269e-01,1.109530280938379354e+00
8.413194444444445086e-01,3.028750000000000000e+02,5.240983503233859371e-03,3.411474121373762602e-01,-4.448434762392795561e-01,1.112771707213484396e+00
8.416666666666666741e-01,3.030000000000000000e+02,5.087707104052431942e-03,3.415343673605801822e-01,-4.380299515232413676e-01,1.116105848722542371e+00
8.420138888888889506e-01,3.031250000000000000e+02,4.936795075126176012e-03,3.419224963987532173e-01,-4.312247365179582292e-01,1.119532915977405230e+00
8.423611111111111160e-01,3.032500000000000000e+02,4.788244496817743723e-03,3.423118315533827949e-01,-4.244280289104249704e-01,1.123053112961854616e+00
8.427083333333333925e-01,3.033750000000000000e+02,4.642052380853489181e-03,3.427024051956431006e-01,-4.176400263545712033e-01,1.126666637080247169e+00
8.430555555555555580e-01,3.035000000000000000e+02,4.498215670338357591e-03,3.430942497641018551e-01,-4.108609264514275217e-01,1.130373679106499329e+00
8.434027777777778345e-01,3.036250000000000000e+02,4.356731239777977827e-03,3.434873977624097741e-01,-4.040909267290770379e-01,1.134174423133457399e+00
8.437500000000000000e-01,3.037500000000000000e+02,4.217595895107546441e-03,3.438818817569708197e-01,-3.973302246224057477e-01,1.138069046522609318e+00
8.440972222222222765e-01,3.038750000000000000e+02,4.080806373727550833e-03,3.442777343745977991e-01,-3.905790174526104774e-01,1.142057719854214559e+00
8.444444444444444420e-01,3.040000000000000000e+02,3.946359344546849363e-03,3.446749883001477555e-01,-3.838375024065361352e-01,1.146140606877800394e+00
8.447916666666667185e-01,3.041250000000000000e+02,3.814251408033077217e-03,3.450736762741419272e-01,-3.771058765157890846e-01,1.150317864463079598e+00
8.451388888888888840e-01,3.042500000000000000e+02,3.684479096269984225e-03,3.454738310903691656e-01,-3.703843366356524558e-01,1.154589642551265838e+00
8.454861111111111605e-01,3.043750000000000000e+02,3.557038873022672597e-03,3.458754855934715877e-01,-3.636730794238043907e-01,1.158956084106826045e+00
8.458333333333333259e-01,3.045000000000000000e+02,3.431927133809668188e-03,3.462786726765130219e-01,-3.569723013188771943e-01,1.163417325069645791e+00
8.461805555555556024e-01,3.046250000000000000e+02,3.309140205982571189e-03,3.466834252785328530e-01,-3.502821985187818399e-01,1.167973494307655624e+00
8.465277777777777679e-01,3.047500000000000000e+02,3.188674348813962806e-03,3.470897763820810500e-01,-3.436029669589071855e-01,1.172624713569891952e+00
8.468750000000000444e-01,3.048750000000000000e+02,3.070525753591840136e-03,3.474977590107397041e-01,-3.369348022900887640e-01,1.177371097440035319e+00
8.472222222222222099e-01,3.050000000000000000e+02,2.954690543722935433e-03,3.479074062266255818e-01,-3.302778998564617208e-01,1.182212753290393659e+00
8.475694444444444864e-01,3.051250000000000000e+02,2.841164774841934727e-03,3.483187511278789672e-01,-3.236324546731107477e-01,1.187149781236394475e+00
8.479166666666666519e-01,3.052500000000000000e+02,2.729944434930738333e-03,3.487318268461361281e-01,-3.169986614035732453e-01,1.192182274091540428e+00
8.482638888888889284e-01,3.053750000000000000e+02,2.621025444443932529e-03,3.491466665439867390e-01,-3.103767143371768955e-01,1.197310317322883177e+00
8.486111111111110938e-01,3.055000000000000000e+02,2.514403656443100089e-03,3.495633034124135952e-01,-3.037668073662605495e-01,1.202533989006985937e+00
8.489583333333333703e-01,3.056250000000000000e+02,2.410074856738018100e-03,3.499817706682211704e-01,-2.971691339631964413e-01,1.207853359786422498e+00
8.493055555555555358e-01,3.057500000000000000e+02,2.308034764036542841e-03,3.504021015514450776e-01,-2.905838871573392379e-01,1.213268492826784950e+00
8.496527777777778123e-01,3.058750000000000000e+02,2.208279030103589818e-03,3.508243293227491510e-01,-2.840112595117790795e-01,1.218779443774236748e+00
8.499999999999999778e-01,3.060000000000000000e+02,2.110803239925377380e-03,3.512484872608073738e-01,-2.774514431000096315e-01,1.224386260713609342e+00
8.503472222222222543e-01,3.061250000000000000e+02,2.015602911884561369e-03,3.516746086596716503e-01,-2.709046294824487000e-01,1.230088984127059470e+00
8.506944444444445308e-01,3.062500000000000568e+02,1.922673497942626111e-03,3.521027268261235910e-01,-2.643710096828648659e-01,1.235887646853266020e+00
8.510416666666666963e-01,3.063750000000000000e+02,1.832010383829224716e-03,3.525328750770145847e-01,-2.578507741646787199e-01,1.241782274047228185e+00
8.513888888888889728e-01,3.065000000000000568e+02,1.743608889242456153e-03,3.529650867365911604e-01,-2.513441128071413622e-01,1.247772883140628952e+00
8.517361111111111382e-01,3.066250000000000000e+02,1.657464268054303349e-03,3.533993951338054162e-01,-2.448512148814702416e-01,1.253859483802786334e+00
8.520833333333334147e-01,3.067500000000000568e+02,1.573571708527010020e-03,3.538358335996137916e-01,-2.383722690268270383e-01,1.260042077902222779e+00
8.524305555555555802e-01,3.068750000000000000e+02,1.491926333536035352e-03,3.542744354642618498e-01,-2.319074632262520808e-01,1.266320659468813226e+00
8.527777777777778567e-01,3.070000000000000000e+02,1.412523200802531017e-03,3.547152340545557947e-01,-2.254569847824973716e-01,1.272695214656573537e+00
8.531250000000000222e-01,3.071250000000000000e+02,1.335357303133917614e-03,3.551582626911214402e-01,-2.190210202937953043e-01,1.279165721707064884e+00
8.534722222222222987e-01,3.072500000000000000e+02,1.260423568671514274e-03,3.556035546856512464e-01,-2.125997556295471380e-01,1.285732150913447169e+00
8.538194444444444642e-01,3.073750000000000000e+02,1.187716861149633275e-03,3.560511433381366997e-01,-2.061933759059696170e-01,1.292394464585138625e+00
8.541666666666667407e-01,3.075000000000000000e+02,1.117231980159779942e-03,3.565010619340927001e-01,-1.998020654616473324e-01,1.299152617013171529e+00
8.545138888888889062e-01,3.076250000000000000e+02,1.048963661426005308e-03,3.569533437417646837e-01,-1.934260078330889143e-01,1.306006554436175415e+00
8.548611111111111827e-01,3.077500000000000000e+02,9.829065770866755088e-04,3.574080220093285853e-01,-1.870653857302022882e-01,1.312956215007051064e+00
8.552083333333333481e-01,3.078750000000000000e+02,9.190553359867119788e-04,3.578651299620766446e-01,-1.807203810117355702e-01,1.320001528760300191e+00
8.555555555555556246e-01,3.080000000000000000e+02,8.574044839769328361e-04,3.583247007995947198e-01,-1.743911746606823243e-01,1.327142417580060574e+00
8.559027777777777901e-01,3.081250000000000000e+02,7.979485042222854907e-04,3.587867676929242244e-01,-1.680779467597065813e-01,1.334378795168812193e+00
8.562500000000000666e-01,3.082500000000000000e+02,7.406818175189697076e-04,3.592513637817181249e-01,-1.617808764664890042e-01,1.341710567016817901e+00
8.565972222222222321e-01,3.083750000000000000e+02,6.855987826196100051e-04,3.597185221713828374e-01,-1.555001419891137715e-01,1.349137630372229779e+00
8.569444444444445086e-01,3.085000000000000000e+02,6.326936965676345547e-04,3.601882759302130754e-01,-1.492359205613946471e-01,1.356659874211952888e+00
8.572916666666666741e-01,3.086250000000000000e+02,5.819607950399659007e-04,3.606606580865117095e-01,-1.429883884182911180e-01,1.364277179213201796e+00
8.576388888888889506e-01,3.087500000000000000e+02,5.333942526972876514e-04,3.611357016257070729e-01,-1.367577207712255549e-01,1.371989417725829163e+00
8.579861111111111160e-01,3.088750000000000000e+02,4.869881835443590126e-04,3.616134394874537250e-01,-1.305440917835047065e-01,1.379796453745344875e+00
8.583333333333333925e-01,3.090000000000000000e+02,4.427366412982210674e-04,3.620939045627294406e-01,-1.243476745457059301e-01,1.387698142886730768e+00
8.586805555555555580e-01,3.091250000000000000e+02,4.006336197648198254e-04,3.625771296909182095e-01,-1.181686410511411794e-01,1.395694332358975220e+00
8.590277777777778345e-01,3.092500000000000000e+02,3.606730532241521846e-04,3.630631476568895732e-01,-1.120071621713088772e-01,1.403784860940406443e+00
8.593750000000000000e-01,3.093750000000000000e+02,3.228488168244078452e-04,3.635519911880664146e-01,-1.058634076314200478e-01,1.411969558954750070e+00
8.597222222222222765e-01,3.095000000000000000e+02,2.871547269831607047e-04,3.640436929514838105e-01,-9.973754598597289744e-02,1.420248248248018097e+00
8.600694444444444420e-01,3.096250000000000000e+02,2.535845417998711928e-04,3.645382855508436659e-01,-9.362974459436113062e-02,1.428620742166135216e+00
8.604166666666667185e-01,3.097500000000000000e+02,2.221319614737542691e-04,3.650358015235589115e-01,-8.754016959655214203e-02,1.437086845533391610e+00
8.607638888888888840e-01,3.098750000000000000e+02,1.927906287314332654e-04,3.655362733377899853e-01,-8.146898588886897219e-02,1.445646354631667130e+00
8.611111111111111605e-01,3.100000000000000000e+02,1.655541292636941979e-04,3.660397333894763183e-01,-7.541635709979596647e-02,1.454299057180499899e+00
8.614583333333333259e-01,3.101250000000000000e+02,1.404159921692375997e-04,3.665462139993590496e-01,-6.938244556591140200e-02,1.463044732317912544e+00
8.618055555555556024e-01,3.102500000000000000e+02,1.173696904076364369e-04,3.670557474099997997e-01,-6.336741230786260837e-02,1.471883150582113942e+00
8.621527777777777679e-01,3.103750000000000000e+02,9.640864126065901011e-05,3.675683657827885087e-01,-5.737141700651362392e-02,1.480814073893976124e+00
8.625000000000000444e-01,3.105000000000000000e+02,7.752620680127247975e-05,3.680841011949519959e-01,-5.139461797910111623e-02,1.489837255540403360e+00
8.628472222222222099e-01,3.106250000000000000e+02,6.071569437116910805e-05,3.686029856365502511e-01,-4.543717215558098349e-02,1.498952440158467070e+00
8.631944444444444864e-01,3.107500000000000000e+02,4.597035706697275237e-05,3.691250510074731150e-01,-3.949923505503189630e-02,1.508159363720450896e+00
8.635416666666666519e-01,3.108750000000000000e+02,3.328339423386322593e-05,3.696503291144263015e-01,-3.358096076224220683e-02,1.517457753519697361e+00
8.638888888888889284e-01,3.110000000000000000e+02,2.264795196772316854e-05,3.701788516679182517e-01,-2.768250190436816194e-02,1.526847328157361128e+00
8.642361111111110938e-01,3.111250000000000000e+02,1.405712362538663506e-05,3.707106502792377190e-01,-2.180400962777041124e-02,1.536327797529965622e+00
8.645833333333333703e-01,3.112500000000000000e+02,7.503950342568484608e-06,3.712457564574306312e-01,-1.594563357497323641e-02,1.545898862817878694e+00
8.649305555555555358e-01,3.113750000000000000e+02,2.981421560421547353e-06,3.717842016062710142e-01,-1.010752186178402907e-02,1.555560216474632718e+00
8.652777777777778123e-01,3.115000000000000000e+02,4.824755591959302618e-07,3.723260170212298603e-01,-4.289821054559572223e-03,1.565311542217151963e+00
8.656249999999999778e-01,3.116250000000000000e+02,0.000000000000000000e+00,3.728712338864388909e-01,1.507323852344304160e-03,1.575152515016822852e+00
8.659722222222222543e-01,3.117500000000000000e+02,1.526832475662621486e-06,3.734198832716542071e-01,7.283769458991664822e-03,1.585082801091496352e+00
8.663194444444445308e-01,3.118750000000000568e+02,5.055761066698404875e-06,3.739719961292137795e-01,1.303937398205357381e-02,1.595102057898359238e+00
8.666666666666666963e-01,3.120000000000000000e+02,1.057952490737376168e-05,3.745276032909953812e-01,1.877399727686379638e-02,1.605209934127717508e+00
8.670138888888889728e-01,3.121250000000000568e+02,1.809081475808596118e-05,3.750867354653713570e-01,2.448750085924993394e-02,1.615406069697690628e+00
8.673611111111111382e-01,3.122500000000000000e+02,2.758227358600170748e-05,3.756494232341619499e-01,3.017974792719363766e-02,1.625690095749787289e+00
8.677083333333334147e-01,3.123750000000000568e+02,3.904649715295566267e-05,3.762156970495882380e-01,3.585060338228363702e-02,1.636061634645438856e+00
8.680555555555555802e-01,3.125000000000000000e+02,5.247603461018806453e-05,3.767855872312206866e-01,4.149993385093102283e-02,1.646520299963405431e+00
8.684027777777778567e-01,3.126250000000000000e+02,6.786338910123664741e-05,3.773591239629319194e-01,4.712760770541815636e-02,1.657065696498158269e+00
8.687500000000000222e-01,3.127500000000000000e+02,8.520101837145720072e-05,3.779363372898441598e-01,5.273349508467935903e-02,1.667697420259124819e+00
8.690972222222222987e-01,3.128750000000000000e+02,1.044813353857510229e-04,3.785172571152811138e-01,5.831746791490761972e-02,1.678415058470932752e+00
8.694444444444444642e-01,3.130000000000000000e+02,1.256967089518163446e-04,3.791019131977159673e-01,6.387939992986678417e-02,1.689218189574533513e+00
8.697916666666667407e-01,3.131250000000000000e+02,1.488394643514486795e-04,3.796903351477224908e-01,6.941916669100717252e-02,1.700106383229314400e+00
8.701388888888889062e-01,3.132500000000000000e+02,1.739018839794694992e-04,3.802825524249266453e-01,7.493664560733172275e-02,1.711079200316100390e+00
8.704861111111111827e-01,3.133750000000000000e+02,2.008762079871792160e-04,3.808785943349593528e-01,8.043171595499917781e-02,1.722136192941172039e+00
8.708333333333333481e-01,3.135000000000000000e+02,2.297546349355426832e-04,3.814784900264095446e-01,8.590425889667722970e-02,1.733276904441139354e+00
8.711805555555556246e-01,3.136250000000000000e+02,2.605293224523203368e-04,3.820822684877817066e-01,9.135415750062628182e-02,1.744500869388883713e+00
8.715277777777777901e-01,3.137500000000000000e+02,2.931923878979323696e-04,3.826899585444524798e-01,9.678129675952587552e-02,1.755807613600345096e+00
8.718750000000000666e-01,3.138750000000000000e+02,3.277359090360048959e-04,3.833015888556320361e-01,1.021855636090111541e-01,1.767196654142359824e+00
8.722222222222222321e-01,3.140000000000000000e+02,3.641519247121232836e-04,3.839171879113276176e-01,1.075668469459507975e-01,1.778667499341387126e+00
8.725694444444445086e-01,3.141250000000000000e+02,4.024324355373725369e-04,3.845367840293115180e-01,1.129250376464364797e-01,1.790219648793267782e+00
8.729166666666666741e-01,3.142500000000000000e+02,4.425694045788222913e-04,3.851604053520889526e-01,1.182600285834489590e-01,1.801852593373885147e+00
8.732638888888889506e-01,3.143750000000000000e+02,4.845547580555354403e-04,3.857880798438750314e-01,1.235717146442783659e-01,1.813565815250869129e+00
8.736111111111111160e-01,3.145000000000000000e+02,5.283803860416790444e-04,3.864198352875706233e-01,1.288599927475994611e-01,1.825358787896190327e+00
8.739583333333333925e-01,3.146250000000000000e+02,5.740381431742646754e-04,3.870556992817481001e-01,1.341247618602861014e-01,1.837230976099803792e+00
8.743055555555555580e-01,3.147500000000000000e+02,6.215198493674650975e-04,3.876956992376366928e-01,1.393659230138609706e-01,1.849181835984218036e+00
8.746527777777778345e-01,3.148750000000000000e+02,6.708172905316648997e-04,3.883398623761168955e-01,1.445833793206670881e-01,1.861210815020080345e+00
8.750000000000000000e-01,3.150000000000000000e+02,7.219222192997196098e-04,3.889882157247191441e-01,1.497770359897130921e-01,1.873317352042701334e+00
8.753472222222222765e-01,3.151250000000000000e+02,7.748263557572648451e-04,3.896407861146292118e-01,1.549468003421916873e-01,1.885500877269606690e+00
8.756944444444444420e-01,3.152500000000000000e+02,8.295213881784968893e-04,3.902976001776967685e-01,1.600925818266421830e-01,1.897760812319026824e+00
8.760416666666667185e-01,3.153750000000000000e+02,8.859989737677405244e-04,3.909586843434555425e-01,1.652142920338192655e-01,1.910096570229425694e+00
8.763888888888888840e-01,3.155000000000000000e+02,9.442507394055405867e-04,3.916240648361462018e-01,1.703118447111875988e-01,1.922507555479945340e+00
8.767361111111111605e-01,3.156250000000000000e+02,1.004268282400015049e-03,3.922937676717480615e-01,1.753851557770924607e-01,1.934993164011900912e+00
8.770833333333333259e-01,3.157500000000000000e+02,1.066043171243625859e-03,3.929678186550189523e-01,1.804341433345696410e-01,1.947552783251221831e+00
8.774305555555556024e-01,3.158750000000000000e+02,1.129566946373055259e-03,3.936462433765431923e-01,1.854587276848147781e-01,1.960185792131921678e+00
8.777777777777777679e-01,3.160000000000000000e+02,1.194831120935708427e-03,3.943290672097851113e-01,1.904588313402747202e-01,1.972891561120494019e+00
8.781250000000000444e-01,3.161250000000000000e+02,1.261827181559216967e-03,3.950163153081560075e-01,1.954343790374114820e-01,1.985669452241368482e+00
8.784722222222222099e-01,3.162500000000000000e+02,1.330546589125939164e-03,3.957080126020847133e-01,2.003852977490557241e-01,1.998518819103292543e+00
8.788194444444444864e-01,3.163750000000000000e+02,1.400980779551669114e-03,3.964041837961026493e-01,2.053115166964357419e-01,2.011439006926768247e+00
8.791666666666666519e-01,3.165000000000000000e+02,1.473121164568028021e-03,3.971048533659345403e-01,2.102129673608033322e-01,2.024429352572400642e+00
8.795138888888889284e-01,3.166250000000000000e+02,1.546959132509748928e-03,3.978100455556009551e-01,2.150895834946965346e-01,2.037489184570301592e+00
8.798611111111110938e-01,3.167500000000000000e+02,1.622486049104696244e-03,3.985197843745315605e-01,2.199413011328225920e-01,2.050617823150444607e+00
8.802083333333333703e-01,3.168750000000000000e+02,1.699693258268094144e-03,3.992340935946889213e-01,2.247680586025548599e-01,2.063814580274044186e+00
8.805555555555555358e-01,3.170000000000000000e+02,1.778572082901017613e-03,3.999529967477011283e-01,2.295697965340378066e-01,2.077078759665850871e+00
8.809027777777778123e-01,3.171250000000000000e+02,1.859113825690616268e-03,4.006765171220101895e-01,2.343464578699142875e-01,2.090409656847537878e+00
8.812500000000000888e-01,3.172500000000000568e+02,1.941309769916023950e-03,4.014046777600275839e-01,2.390979878746533338e-01,2.103806559171953250e+00
8.815972222222222543e-01,3.173750000000000000e+02,2.025151180254896287e-03,4.021375014553049132e-01,2.438243341434793154e-01,2.117268745858458701e+00
8.819444444444445308e-01,3.175000000000000568e+02,2.110629303594580616e-03,4.028750107497158228e-01,2.485254466109015070e-01,2.130795488029206375e+00
8.822916666666666963e-01,3.176250000000000000e+02,2.197735369846122618e-03,4.036172279306507460e-01,2.532012775588577402e-01,2.144386048746378393e+00
8.826388888888889728e-01,3.177500000000000568e+02,2.286460592760330979e-03,4.043641750282263025e-01,2.578517816244405014e-01,2.158039683050459789e+00
8.829861111111111382e-01,3.178750000000000000e+02,2.376796170747044138e-03,4.051158738125039127e-01,2.624769158072082220e-01,2.171755637999423172e+00
8.833333333333334147e-01,3.180000000000000568e+02,2.468733287696612492e-03,4.058723457907284504e-01,2.670766394761207030e-01,2.185533152708952986e+00
8.836805555555555802e-01,3.181250000000000000e+02,2.562263113803480482e-03,4.066336122045745016e-01,2.716509143760170719e-01,2.199371458393590384e+00
8.840277777777778567e-01,3.182500000000000000e+02,2.657376806392770623e-03,4.073996940274131617e-01,2.761997046337300032e-01,2.213269778408909705e+00
8.843750000000000222e-01,3.183750000000000000e+02,2.754065510747444757e-03,4.081706119615866601e-01,2.807229767637298701e-01,2.227227328294578701e+00
8.847222222222222987e-01,3.185000000000000000e+02,2.852320360939199738e-03,4.089463864357074097e-01,2.852206996734256705e-01,2.241243315818485460e+00
8.850694444444444642e-01,3.186250000000000000e+02,2.952132480660101671e-03,4.097270376019622740e-01,2.896928446679664093e-01,2.255316941021739297e+00
8.854166666666667407e-01,3.187500000000000000e+02,3.053492984055007284e-03,4.105125853334416486e-01,2.941393854546831554e-01,2.269447396264715255e+00
8.857638888888889062e-01,3.188750000000000000e+02,3.156392976557405739e-03,4.113030492214769240e-01,2.985602981470734107e-01,2.283633866273969026e+00
8.861111111111111827e-01,3.190000000000000000e+02,3.260823555725156364e-03,4.120984485730018743e-01,3.029555612683940691e-01,2.297875528190191918e+00
8.864583333333333481e-01,3.191250000000000000e+02,3.366775812077801942e-03,4.128988024079240926e-01,3.073251557547944102e-01,2.312171551617049570e+00
8.868055555555556246e-01,3.192500000000000000e+02,3.474240829934146981e-03,4.137041294565180771e-01,3.116690649580462491e-01,2.326521098671027854e+00
8.871527777777777901e-01,3.193750000000000000e+02,3.583209688252940277e-03,4.145144481568336370e-01,3.159872746478501471e-01,2.340923324032163411e+00
8.875000000000000666e-01,3.195000000000000000e+02,3.693673461471503553e-03,4.153297766521243939e-01,3.202797730137119103e-01,2.355377374995775597e+00
8.878472222222222321e-01,3.196250000000000000e+02,3.805623220346467366e-03,4.161501327882898837e-01,3.245465506663691713e-01,2.369882391525075516e+00
8.881944444444445086e-01,3.197500000000000000e+02,3.919050032795240793e-03,4.169755341113420832e-01,3.287876006388263939e-01,2.384437506304782239e+00
8.885416666666666741e-01,3.198750000000000000e+02,4.033944964736220842e-03,4.178059978648849260e-01,3.330029183869335774e-01,2.399041844795576139e+00
8.888888888888889506e-01,3.200000000000000000e+02,4.150299080931154662e-03,4.186415409876171334e-01,3.371925017895470167e-01,2.413694525289560744e+00
8.892361111111111160e-01,3.201250000000000000e+02,4.268103445825721480e-03,4.194821801108519210e-01,3.413563511482582413e-01,2.428394658966588793e+00
8.895833333333333925e-01,3.202500000000000000e+02,4.387349124390629330e-03,4.203279315560591312e-01,3.454944691866995710e-01,2.443141349951558183e+00
8.899305555555555580e-01,3.203750000000000000e+02,4.508027182962563890e-03,4.211788113324231309e-01,3.496068610494054152e-01,2.457933695372540583e+00
8.902777777777778345e-01,3.205000000000000000e+02,4.630128690085342884e-03,4.220348351344260784e-01,3.536935343002703958e-01,2.472770785419900808e+00
8.906250000000000000e-01,3.206250000000000000e+02,4.753644717348123189e-03,4.228960183394468997e-01,3.577544989205420634e-01,2.487651703406248416e+00
8.909722222222222765e-01,3.207500000000000000e+02,4.878566340225295832e-03,4.237623760053862987e-01,3.617897673064255359e-01,2.502575525827352543e+00
8.913194444444444420e-01,3.208750000000000000e+02,5.004884638914536971e-03,4.246339228683084777e-01,3.657993542662303921e-01,2.517541322423865413e+00
8.916666666666667185e-01,3.210000000000000000e+02,5.132590699173015733e-03,4.255106733401073926e-01,3.697832770171013417e-01,2.532548156244015747e+00
8.920138888888888840e-01,3.211250000000000000e+02,5.261675613154608196e-03,4.263926415061933262e-01,3.737415551813330628e-01,2.547595083707094421e+00
8.923611111111111605e-01,3.212500000000000000e+02,5.392130480243102417e-03,4.272798411232041627e-01,3.776742107822436134e-01,2.562681154667930006e+00
8.927083333333333259e-01,3.213750000000000000e+02,5.523946407884996676e-03,4.281722856167343161e-01,3.815812682396287348e-01,2.577805412482087277e+00
8.930555555555556024e-01,3.215000000000000000e+02,5.657114512422072201e-03,4.290699880790929677e-01,3.854627543648030397e-01,2.592966894072067152e+00
8.934027777777777679e-01,3.216250000000000000e+02,5.791625919919190200e-03,4.299729612670789014e-01,3.893186983552059943e-01,2.608164629994252248e+00
8.937500000000000444e-01,3.217500000000000000e+02,5.927471766993292791e-03,4.308812175997834837e-01,3.931491317885988934e-01,2.623397644506775706e+00
8.940972222222222099e-01,3.218750000000000000e+02,6.064643201637567524e-03,4.317947691564150148e-01,3.969540886168373417e-01,2.638664955638190257e+00
8.944444444444444864e-01,3.220000000000000000e+02,6.203131384046082011e-03,4.327136276741490040e-01,4.007336051592367276e-01,2.653965575257017484e+00
8.947916666666666519e-01,3.221250000000000000e+02,6.342927487432738209e-03,4.336378045459992614e-01,4.044877200955064867e-01,2.669298509142058240e+00
8.951388888888889284e-01,3.222500000000000000e+02,6.484022698851753252e-03,4.345673108187180222e-01,4.082164744582955640e-01,2.684662757053602800e+00
8.954861111111110938e-01,3.223750000000000000e+02,6.626408220011036597e-03,4.355021571907164435e-01,4.119199116252997284e-01,2.700057312805392407e+00
8.958333333333333703e-01,3.225000000000000000e+02,6.770075268086992240e-03,4.364423540100149101e-01,4.155980773109899662e-01,2.715481164337460118e+00
8.961805555555555358e-01,3.226250000000000000e+02,6.915015076533153997e-03,4.373879112722139362e-01,4.192510195579136068e-01,2.730933293789683525e+00
8.965277777777778123e-01,3.227500000000000000e+02,7.061218895887207483e-03,4.383388386184944308e-01,4.228787887275993751e-01,2.746412677576213213e+00
8.968750000000000888e-01,3.228750000000000568e+02,7.208677994575101236e-03,4.392951453336425005e-01,4.264814374910701478e-01,2.761918286460650851e+00
8.972222222222222543e-01,3.230000000000000000e+02,7.357383659710645812e-03,4.402568403441000644e-01,4.300590208189441488e-01,2.777449085631998660e+00
8.975694444444445308e-01,3.231250000000000568e+02,7.507327197892424073e-03,4.412239322160441124e-01,4.336115959711568935e-01,2.793004034781434886e+00
8.979166666666666963e-01,3.232500000000000000e+02,7.658499935996860783e-03,4.421964291534883906e-01,4.371392224862724607e-01,2.808582088179755409e+00
8.982638888888889728e-01,3.233750000000000568e+02,7.810893221967667513e-03,4.431743389964180047e-01,4.406419621704316114e-01,2.824182194755680442e+00
8.986111111111111382e-01,3.235000000000000000e+02,7.964498425601122464e-03,4.441576692189458386e-01,4.441198790858867373e-01,2.839803298174822022e+00
8.989583333333334147e-01,3.236250000000000568e+02,8.119306939326576336e-03,4.451464269274997831e-01,4.475730395391750993e-01,2.855444336919464643e+00
8.993055555555555802e-01,3.237500000000000000e+02,8.275310178984938980e-03,4.461406188590370525e-01,4.510015120689072066e-01,2.871104244369004910e+00
8.996527777777778567e-01,3.238750000000000000e+02,8.432499584601247170e-03,4.471402513792869238e-01,4.544053674331867132e-01,2.886781948881183890e+00
9.000000000000000222e-01,3.240000000000000000e+02,8.590866621152156574e-03,4.481453304810195104e-01,4.577846785966401266e-01,2.902476373873969617e+00
9.003472222222222987e-01,3.241250000000000000e+02,8.750402779331084915e-03,4.491558617823474542e-01,4.611395207171067878e-01,2.918186437908218966e+00
9.006944444444444642e-01,3.242500000000000000e+02,8.911099576305453462e-03,4.501718505250510427e-01,4.644699711319387192e-01,2.933911054770955484e+00
9.010416666666667407e-01,3.243750000000000000e+02,9.072948556473984030e-03,4.511933015729382435e-01,4.677761093439692375e-01,2.949649133559409719e+00
9.013888888888889062e-01,3.245000000000000000e+02,9.235941292213428050e-03,4.522202194102278860e-01,4.710580170070979289e-01,2.965399578765675948e+00
9.017361111111111827e-01,3.246250000000000000e+02,9.400069384623859284e-03,4.532526081399676499e-01,4.743157779115436123e-01,2.981161290362110527e+00
9.020833333333333481e-01,3.247500000000000000e+02,9.565324464267988686e-03,4.542904714824784751e-01,4.775494779687478042e-01,2.996933163887314677e+00
9.024305555555556246e-01,3.248750000000000000e+02,9.731698191905361825e-03,4.553338127738316699e-01,4.807592051959394541e-01,3.012714090532834899e+00
9.027777777777777901e-01,3.250000000000000000e+02,9.899182259219671196e-03,4.563826349643519409e-01,4.839450497003441876e-01,3.028502957230454484e+00
9.031250000000000666e-01,3.251250000000000000e+02,1.006776838954327735e-02,4.574369406171569508e-01,4.871071036630897910e-01,3.044298646740184910e+00
9.034722222222222321e-01,3.252500000000000000e+02,1.023744833857268520e-02,4.584967319067206337e-01,4.902454613227565372e-01,3.060100037738787915e+00
9.038194444444445086e-01,3.253750000000000000e+02,1.040821389508106778e-02,4.595620106174736486e-01,4.933602189586223652e-01,3.075906004909010338e+00
9.041666666666666741e-01,3.255000000000000000e+02,1.058005688162395874e-02,4.606327781424301437e-01,4.964514748735847083e-01,3.091715419029350542e+00
9.045138888888889506e-01,3.256250000000000000e+02,1.075296915523878648e-02,4.617090354818503273e-01,4.995193293767739018e-01,3.107527147064462980e+00
9.048611111111111160e-01,3.257500000000000000e+02,1.092694260813798293e-02,4.627907832419282386e-01,5.025638847658442376e-01,3.123340052256120991e+00
9.052083333333333925e-01,3.258750000000000000e+02,1.110196916839668868e-02,4.638780216335192663e-01,5.055852453089831888e-01,3.139152994214793768e+00
9.055555555555555580e-01,3.260000000000000000e+02,1.127804080063360241e-02,4.649707504708913697e-01,5.085835172266052195e-01,3.154964829011720706e+00
9.059027777777778345e-01,3.261250000000000000e+02,1.145514950668637642e-02,4.660689691705151572e-01,5.115588086727714812e-01,3.170774409271622130e+00
9.062500000000000000e-01,3.262500000000000000e+02,1.163328732627857270e-02,4.671726767498814992e-01,5.145112297163074722e-01,3.186580584265881200e+00
9.065972222222222765e-01,3.263750000000000000e+02,1.181244633768154494e-02,4.682818718263542235e-01,5.174408923216479161e-01,3.202382200006330670e+00
9.069444444444444420e-01,3.265000000000000000e+02,1.199261865837002866e-02,4.693965526160541746e-01,5.203479103294084140e-01,3.218178099339488174e+00
9.072916666666667185e-01,3.266250000000000000e+02,1.217379644566934059e-02,4.705167169327783561e-01,5.232323994366908648e-01,3.233967122041380371e+00
9.076388888888888840e-01,3.267500000000000000e+02,1.235597189739687761e-02,4.716423621869468286e-01,5.260944771771078887e-01,3.249748104912795199e+00
9.079861111111111605e-01,3.268750000000000000e+02,1.253913725249636811e-02,4.727734853845906859e-01,5.289342629005792107e-01,3.265519881875117658e+00
9.083333333333333259e-01,3.270000000000000000e+02,1.272328479166469871e-02,4.739100831263649005e-01,5.317518777528480456e-01,3.281281284066539072e+00
9.086805555555556024e-01,3.271250000000000000e+02,1.290840683797195645e-02,4.750521516066010252e-01,5.345474446547724412e-01,3.297031139938828570e+00
9.090277777777777679e-01,3.272500000000000000e+02,1.309449575747436909e-02,4.761996866123901495e-01,5.373210882813678202e-01,3.312768275354514902e+00
9.093750000000000444e-01,3.273750000000000000e+02,1.328154395981966801e-02,4.773526835227028808e-01,5.400729350406253682e-01,3.328491513684552761e+00
9.097222222222222099e-01,3.275000000000000000e+02,1.346954389884451493e-02,4.785111373075377483e-01,5.428031130520885039e-01,3.344199675906376790e+00
9.100694444444444864e-01,3.276250000000000000e+02,1.365848807316660286e-02,4.796750425271107954e-01,5.455117521252296209e-01,3.359891580702435654e+00
9.104166666666666519e-01,3.277500000000000000e+02,1.384836902676539645e-02,4.808443933310728169e-01,5.481989837375947916e-01,3.375566044559098700e+00
9.107638888888889284e-01,3.278750000000000000e+02,1.403917934955968214e-02,4.820191834577675638e-01,5.508649410127584023e-01,3.391221881866029353e+00
9.111111111111110938e-01,3.280000000000000000e+02,1.423091167797293013e-02,4.831994062335155382e-01,5.535097586980544104e-01,3.406857905015848065e+00
9.114583333333333703e-01,3.281250000000000000e+02,1.442355869549632671e-02,4.843850545719448619e-01,5.561335731421432893e-01,3.422472924504302405e+00
9.118055555555555358e-01,3.282500000000000000e+02,1.461711313323773090e-02,4.855761209733440720e-01,5.587365222723638114e-01,3.438065749030700058e+00
9.121527777777778123e-01,3.283750000000000000e+02,1.481156777046775501e-02,4.867725975240603242e-01,5.613187455719247376e-01,3.453635185598793012e+00
9.125000000000000888e-01,3.285000000000000568e+02,1.500691543515515584e-02,4.879744758959247419e-01,5.638803840569045489e-01,3.469180039617917544e+00
9.128472222222222543e-01,3.286250000000000000e+02,1.520314900449566166e-02,4.891817473457178433e-01,5.664215802531002986e-01,3.484699115004549430e+00
9.131944444444445308e-01,3.287500000000000568e+02,1.540026140543205094e-02,4.903944027146704410e-01,5.689424781727072666e-01,3.500191214284152252e+00
9.135416666666666963e-01,3.288750000000000000e+02,1.559824561516571541e-02,4.916124324279952384e-01,5.714432232908451814e-01,3.515655138693322801e+00
9.138888888888889728e-01,3.290000000000000568e+02,1.579709466166044629e-02,4.928358264944595057e-01,5.739239625219414442e-01,3.531089688282283312e+00
9.142361111111111382e-01,3.291250000000000000e+02,1.599680162413894338e-02,4.940645745059896177e-01,5.763848441959694702e-01,3.546493662017606407e+00
9.145833333333334147e-01,3.292500000000000568e+02,1.619735963356960795e-02,4.952986656373143393e-01,5.788260180345653483e-01,3.561865857885285980e+00
9.149305555555555802e-01,3.293750000000000000e+02,1.639876187314532122e-02,4.965380886456397524e-01,5.812476351269998398e-01,3.577205072994002588e+00
9.152777777777778567e-01,3.295000000000000000e+02,1.660100157875504107e-02,4.977828318703655386e-01,5.836498479060540090e-01,3.592510103678706379e+00
9.156250000000000222e-01,3.296250000000000000e+02,1.680407203944552647e-02,4.990328832328312925e-01,5.860328101237636256e-01,3.607779745604394073e+00
9.159722222222222987e-01,3.297500000000000000e+02,1.700796659787404477e-02,5.002882302361043587e-01,5.883966768270728620e-01,3.623012793870182158e+00
9.163194444444444642e-01,3.298750000000000000e+02,1.721267865075597203e-02,5.015488599647999202e-01,5.907416043333827416e-01,3.638208043113503543e+00
9.166666666666667407e-01,3.300000000000000000e+02,1.741820164930057285e-02,5.028147590849406656e-01,5.930677502060149875e-01,3.653364287614608408e+00
9.170138888888889062e-01,3.301250000000000000e+02,1.762452909963868955e-02,5.040859138438481546e-01,5.953752732295849448e-01,3.668480321401200950e+00
9.173611111111111827e-01,3.302500000000000000e+02,1.783165456324389136e-02,5.053623100700764814e-01,5.976643333853104423e-01,3.683554938353292840e+00
9.177083333333333481e-01,3.303750000000000000e+02,1.803957165734226473e-02,5.066439331733758600e-01,5.999350918262370547e-01,3.698586932308190356e+00
9.180555555555556246e-01,3.305000000000000000e+02,1.824827405531622218e-02,5.079307681446998401e-01,6.021877108524157363e-01,3.713575097165694672e+00
9.184027777777777901e-01,3.306250000000000000e+02,1.845775548709765318e-02,5.092227995562413900e-01,6.044223538860147293e-01,3.728518226993383866e+00
9.187500000000000666e-01,3.307500000000000000e+02,1.866800973955332760e-02,5.105200115615123879e-01,6.066391854463935029e-01,3.743415116132118747e+00
9.190972222222222321e-01,3.308750000000000000e+02,1.887903065686151460e-02,5.118223878954549777e-01,6.088383711251307284e-01,3.758264559301569552e+00
9.194444444444445086e-01,3.310000000000000000e+02,1.909081214088115264e-02,5.131299118745937804e-01,6.110200775610212798e-01,3.773065351705938930e+00
9.197916666666666741e-01,3.311250000000000000e+02,1.930334815150866815e-02,5.144425663972189700e-01,6.131844724150453674e-01,3.787816289139733783e+00
9.201388888888889506e-01,3.312500000000000000e+02,1.951663270703089120e-02,5.157603339436135359e-01,6.153317243453275687e-01,3.802516168093673432e+00
9.204861111111111160e-01,3.313750000000000000e+02,1.973065988446558866e-02,5.170831965763101890e-01,6.174620029820703238e-01,3.817163785860598235e+00
9.208333333333333925e-01,3.315000000000000000e+02,1.994542381989498556e-02,5.184111359403897890e-01,6.195754789024959797e-01,3.831757940641520310e+00
9.211805555555555580e-01,3.316250000000000000e+02,2.016091870879048106e-02,5.197441332638147449e-01,6.216723236057838387e-01,3.846297431651673371e+00
9.215277777777778345e-01,3.317500000000000000e+02,2.037713880632839245e-02,5.210821693578010505e-01,6.237527094880297440e-01,3.860781059226647827e+00
9.218750000000000000e-01,3.318750000000000000e+02,2.059407842769635580e-02,5.224252246172222947e-01,6.258168098172000038e-01,3.875207624928481920e+00
9.222222222222222765e-01,3.320000000000000000e+02,2.081173194839287116e-02,5.237732790210583023e-01,6.278647987081321657e-01,3.889575931651853669e+00
9.225694444444444420e-01,3.321250000000000000e+02,2.103009380451580784e-02,5.251263121328719752e-01,6.298968510975574420e-01,3.903884783730203534e+00
9.229166666666667185e-01,3.322500000000000000e+02,2.124915849304459883e-02,5.264843031013312080e-01,6.319131427191625461e-01,3.918132987041906823e+00
9.232638888888888840e-01,3.323750000000000000e+02,2.146892057211169380e-02,5.278472306607607800e-01,6.339138500786961616e-01,3.932319349116365714e+00
9.236111111111111605e-01,3.325000000000000000e+02,2.168937466126681993e-02,5.292150731317351031e-01,6.358991504291277019e-01,3.946442679240119045e+00
9.239583333333333259e-01,3.326250000000000000e+02,2.191051544173180932e-02,5.305878084217066082e-01,6.378692217458690195e-01,3.960501788562874381e+00
9.243055555555556024e-01,3.327500000000000000e+02,2.213233765664791505e-02,5.319654140256731001e-01,6.398242427020623957e-01,3.974495490203524550e+00
9.246527777777777679e-01,3.328750000000000000e+02,2.235483611131249340e-02,5.333478670268753108e-01,6.417643926439322577e-01,3.988422599356011844e+00
9.250000000000000444e-01,3.330000000000000000e+02,2.257800567340984693e-02,5.347351440975417480e-01,6.436898515662329290e-01,4.002281933395225977e+00
9.253472222222222099e-01,3.331250000000000000e+02,2.280184127323119439e-02,5.361272214996581909e-01,6.456008000877661024e-01,4.016072311982696874e+00
9.256944444444444864e-01,3.332500000000000000e+02,2.302633790388739984e-02,5.375240750857845917e-01,6.474974194270062267e-01,4.029792557172258149e+00
9.260416666666666519e-01,3.333750000000000000e+02,2.325149062151304902e-02,5.389256802999010665e-01,6.493798913778163762e-01,4.043441493515555152e+00
9.263888888888889284e-01,3.335000000000000000e+02,2.347729454546215386e-02,5.403320121782972940e-01,6.512483982852811382e-01,4.057017948167467303e+00
9.267361111111110938e-01,3.336250000000000000e+02,2.370374485849486429e-02,5.417430453504893384e-01,6.531031230216394201e-01,4.070520750991305725e+00
9.270833333333333703e-01,3.337500000000000000e+02,2.393083680695716475e-02,5.431587540401837666e-01,6.549442489623487074e-01,4.083948734663961133e+00
9.274305555555555358e-01,3.338750000000000000e+02,2.415856570095070363e-02,5.445791120662677454e-01,6.567719599622701132e-01,4.097300734780803033e+00
9.277777777777778123e-01,3.340000000000000000e+02,2.438692691449525010e-02,5.460040928438458785e-01,6.585864403319947602e-01,4.110575589960463461e+00
9.281250000000000888e-01,3.341250000000000568e+02,2.461591588568361189e-02,5.474336693853039115e-01,6.603878748142946176e-01,4.123772141949375580e+00
9.284722222222222543e-01,3.342500000000000000e+02,2.484552811682596424e-02,5.488678143014126265e-01,6.621764485607294359e-01,4.136889235726157743e+00
9.288194444444445308e-01,3.343750000000000568e+02,2.507575917459017867e-02,5.503064998024732590e-01,6.639523471084081141e-01,4.149925719605782604e+00
9.291666666666666963e-01,3.345000000000000000e+02,2.530660469012937369e-02,5.517496976994881175e-01,6.657157563568982805e-01,4.162880445343472680e+00
9.295138888888889728e-01,3.346250000000000568e+02,2.553806035920478876e-02,5.531973794053778315e-01,6.674668625453128445e-01,4.175752268238451137e+00
9.298611111111111382e-01,3.347500000000000000e+02,2.577012194230017192e-02,5.546495159362253569e-01,6.692058522295502021e-01,4.188540047237334640e+00
9.302083333333334147e-01,3.348750000000000568e+02,2.600278526472718163e-02,5.561060779125648335e-01,6.709329122597244011e-01,4.201242645037375212e+00
9.305555555555555802e-01,3.350000000000000000e+02,2.623604621672379067e-02,5.575670355606983097e-01,6.726482297577716096e-01,4.213858928189341491e+00
9.309027777777778567e-01,3.351250000000000000e+02,2.646990075354423155e-02,5.590323587140535455e-01,6.743519920952507629e-01,4.226387767200205481e+00
9.312500000000000222e-01,3.352500000000000000e+02,2.670434489554339083e-02,5.605020168145740111e-01,6.760443868713212900e-01,4.238828036635452712e+00
9.315972222222222987e-01,3.353750000000000000e+02,2.693937472825091647e-02,5.619759789141485218e-01,6.777256018909398882e-01,4.251178615221145485e+00
9.319444444444444642e-01,3.355000000000000000e+02,2.717498640243847310e-02,5.634542136760692932e-01,6.793958251432464790e-01,4.263438385945650388e+00
9.322916666666667407e-01,3.356250000000000000e+02,2.741117613418138366e-02,5.649366893765344066e-01,6.810552447801766496e-01,4.275606236161054063e+00
9.326388888888889062e-01,3.357500000000000000e+02,2.764794020490992515e-02,5.664233739061759199e-01,6.827040490952674956e-01,4.287681057684202379e+00
9.329861111111111827e-01,3.358750000000000000e+02,2.788527496145695034e-02,5.679142347716319428e-01,6.843424265027022724e-01,4.299661746897445624e+00
9.333333333333333481e-01,3.360000000000000000e+02,2.812317681609301234e-02,5.694092390971442486e-01,6.859705655165739824e-01,4.311547204848968029e+00
9.336805555555556246e-01,3.361250000000000000e+02,2.836164224656083713e-02,5.709083536262017367e-01,6.875886547303843299e-01,4.323336337352810865e+00
9.340277777777777901e-01,3.362500000000000000e+02,2.860066779609667445e-02,5.724115447232069886e-01,6.891968827967679401e-01,4.335028055088439025e+00
9.343750000000000666e-01,3.363750000000000000e+02,2.884025007345008412e-02,5.739187783751874550e-01,6.907954384074685983e-01,4.346621273699978971e+00
9.347222222222222321e-01,3.365000000000000000e+02,2.908038575289077429e-02,5.754300201935320658e-01,6.923845102735556312e-01,4.358114913895006381e+00
9.350694444444445086e-01,3.366250000000000000e+02,2.932107157421490543e-02,5.769452354157714735e-01,6.939642871058963047e-01,4.369507901542972306e+00
9.354166666666666741e-01,3.367500000000000000e+02,2.956230434273989655e-02,5.784643889073820544e-01,6.955349575958689190e-01,4.380799167773120395e+00
9.357638888888889506e-01,3.368750000000000000e+02,2.980408092929453037e-02,5.799874451636336525e-01,6.970967103963575662e-01,4.391987649072081723e+00
9.361111111111111160e-01,3.370000000000000000e+02,3.004639827020342061e-02,5.815143683114627482e-01,6.986497341029801467e-01,4.403072287380888739e+00
9.364583333333333925e-01,3.371250000000000000e+02,3.028925336726298947e-02,5.830451221113879257e-01,7.001942172356229177e-01,4.414052030191681908e+00
9.368055555555555580e-01,3.372500000000000000e+02,3.053264328771157499e-02,5.845796699594486556e-01,7.017303482202073006e-01,4.424925830643804403e+00
9.371527777777778345e-01,3.373750000000000000e+02,3.077656516419481278e-02,5.861179748891877095e-01,7.032583153707652190e-01,4.435692647619540629e+00
9.375000000000000000e-01,3.375000000000000000e+02,3.102101619472293070e-02,5.876599995736572213e-01,7.047783068717702326e-01,4.446351445839258787e+00
9.378472222222222765e-01,3.376250000000000000e+02,3.126599364262364761e-02,5.892057063274672712e-01,7.062905107607665434e-01,4.456901195956159967e+00
9.381944444444444420e-01,3.377500000000000000e+02,3.151149483648615912e-02,5.907550571088554525e-01,7.077951149112828855e-01,4.467340874650422400e+00
9.385416666666667185e-01,3.378750000000000000e+02,3.175751717010378422e-02,5.923080135218042885e-01,7.092923070160365162e-01,4.477669464722913162e+00
9.388888888888888840e-01,3.380000000000000000e+02,3.200405810240648102e-02,5.938645368181749706e-01,7.107822745704269751e-01,4.487885955188296805e+00
9.392361111111111605e-01,3.381250000000000000e+02,3.225111515739086110e-02,5.954245878998863928e-01,7.122652048563322680e-01,4.497989341367656380e+00
9.395833333333333259e-01,3.382500000000000000e+02,3.249868592404192569e-02,5.969881273211170569e-01,7.137412849262071424e-01,4.507978624980544247e+00
9.399305555555556024e-01,3.383750000000000000e+02,3.274676805625172105e-02,5.985551152905467243e-01,7.152107015874855644e-01,4.517852814236487546e+00
9.402777777777777679e-01,3.385000000000000000e+02,3.299535927273100633e-02,6.001255116736210482e-01,7.166736413872835110e-01,4.527610923925897701e+00
9.406250000000000444e-01,3.386250000000000000e+02,3.324445735691657772e-02,6.016992759948556202e-01,7.181302905974144002e-01,4.537251975510450563e+00
9.409722222222222099e-01,3.387500000000000000e+02,3.349406015687297899e-02,6.032763674401662168e-01,7.195808351997228236e-01,4.546774997212820857e+00
9.413194444444444864e-01,3.388750000000000000e+02,3.374416558518953529e-02,6.048567448592345741e-01,7.210254608717294733e-01,4.556179024105894371e+00
9.416666666666666519e-01,3.390000000000000000e+02,3.399477161887175247e-02,6.064403667678980314e-01,7.224643529725878199e-01,4.565463098201282932e+00
9.420138888888889284e-01,3.391250000000000000e+02,3.424587629922905968e-02,6.080271913505784775e-01,7.238976965293660859e-01,4.574626268537307361e+00
9.423611111111110938e-01,3.392500000000000000e+02,3.449747773175681348e-02,6.096171764627336120e-01,7.253256762236517385e-01,4.583667591266310737e+00
9.427083333333333703e-01,3.393750000000000000e+02,3.474957408601354186e-02,6.112102796333450661e-01,7.267484763784834989e-01,4.592586129741362377e+00
9.430555555555556468e-01,3.395000000000000568e+02,3.500216359549491313e-02,6.128064580674318362e-01,7.281662809455941021e-01,4.601380954602287687e+00
9.434027777777778123e-01,3.396250000000000000e+02,3.525524455750253527e-02,6.144056686485953600e-01,7.295792734929963386e-01,4.610051143861081613e+00
9.437500000000000888e-01,3.397500000000000568e+02,3.550881533300912635e-02,6.160078679415962322e-01,7.309876371928906158e-01,4.618595782986656850e+00
9.440972222222222543e-01,3.398750000000000000e+02,3.576287434651746061e-02,6.176130121949541252e-01,7.323915548099056982e-01,4.627013964988890393e+00
9.444444444444445308e-01,3.400000000000000568e+02,3.601742008591837102e-02,6.192210573435852350e-01,7.337912086896742903e-01,4.635304790502056349e+00
9.447916666666666963e-01,3.401250000000000000e+02,3.627245110234258996e-02,6.208319590114592668e-01,7.351867807477324712e-01,4.643467367867493145e+00
9.451388888888889728e-01,3.402500000000000568e+02,3.652796601001011972e-02,6.224456725142942792e-01,7.365784524587599691e-01,4.651500813215649011e+00
9.454861111111111382e-01,3.403750000000000000e+02,3.678396348607483601e-02,6.240621528622711800e-01,7.379664048461584969e-01,4.659404250547385828e+00
9.458333333333334147e-01,3.405000000000000568e+02,3.704044227046539295e-02,6.256813547627843031e-01,7.393508184719671528e-01,4.667176811814589321e+00
9.461805555555555802e-01,3.406250000000000000e+02,3.729740116572491382e-02,6.273032326232125255e-01,7.407318734270983418e-01,4.674817637000038495e+00
9.465277777777778567e-01,3.407500000000000000e+02,3.755483903684482538e-02,6.289277405537261334e-01,7.421097493219354080e-01,4.682325874196591187e+00
9.468750000000000222e-01,3.408750000000000000e+02,3.781275481109617337e-02,6.305548323701101188e-01,7.434846252772431274e-01,4.689700679685570250e+00
9.472222222222222987e-01,3.410000000000000000e+02,3.807114747785893261e-02,6.321844615966282221e-01,7.448566799154435758e-01,4.696941218014490715e+00
9.475694444444444642e-01,3.411250000000000000e+02,3.833001608844695263e-02,6.338165814688995203e-01,7.462260913522027472e-01,4.704046662073954721e+00
9.479166666666667407e-01,3.412500000000000000e+02,3.858935975592983625e-02,6.354511449368137610e-01,7.475930371883794390e-01,4.711016193173852784e+00
9.482638888888889062e-01,3.413750000000000000e+02,3.884917765495429776e-02,6.370881046674645720e-01,7.489576945022903276e-01,4.717849001118755048e+00
9.486111111111111827e-01,3.415000000000000000e+02,3.910946902156137162e-02,6.387274130481149781e-01,7.503202398423252095e-01,4.724544284282563567e+00
9.489583333333333481e-01,3.416250000000000000e+02,3.937023315299941623e-02,6.403690221891819023e-01,7.516808492199021918e-01,4.731101249682357235e+00
9.493055555555556246e-01,3.417500000000000000e+02,3.963146940753864422e-02,6.420128839272547516e-01,7.530396981027535075e-01,4.737519113051484432e+00
9.496527777777777901e-01,3.418750000000000000e+02,3.989317720427918573e-02,6.436589498281292121e-01,7.543969614085459519e-01,4.743797098911814558e+00
9.500000000000000666e-01,3.420000000000000000e+02,4.015535602296145534e-02,6.453071711898759055e-01,7.557528134988354962e-01,4.749934440645235512e+00
9.503472222222222321e-01,3.421250000000000000e+02,4.041800540376973283e-02,6.469574990459253661e-01,7.571074281733669586e-01,4.755930380564304727e+00
9.506944444444445086e-01,3.422500000000000000e+02,4.068112494713709004e-02,6.486098841681842142e-01,7.584609786646990814e-01,4.761784169982129278e+00
9.510416666666666741e-01,3.423750000000000000e+02,4.094471431354794466e-02,6.502642770701695385e-01,7.598136376331535713e-01,4.767495069281375564e+00
9.513888888888889506e-01,3.425000000000000000e+02,4.120877322333831028e-02,6.519206280101730311e-01,7.611655771621058664e-01,4.773062347982483189e+00
9.517361111111111160e-01,3.426250000000000000e+02,4.147330145649404110e-02,6.535788869944417767e-01,7.625169687536025309e-01,4.778485284811038625e+00
9.520833333333333925e-01,3.427500000000000000e+02,4.173829885244938892e-02,6.552390037803903500e-01,7.638679833243059436e-01,4.783763167764310431e+00
9.524305555555555580e-01,3.428750000000000000e+02,4.200376530988206292e-02,6.569009278798277895e-01,7.652187912017552884e-01,4.788895294176920281e+00
9.527777777777778345e-01,3.430000000000000000e+02,4.226970078650871959e-02,6.585646085622126611e-01,7.665695621209636101e-01,4.793880970785691531e+00
9.531250000000000000e-01,3.431250000000000000e+02,4.253610529887830866e-02,6.602299948579288813e-01,7.679204652213269533e-01,4.798719513793606062e+00
9.534722222222222765e-01,3.432500000000000000e+02,4.280297892216499561e-02,6.618970355615844126e-01,7.692716690438615723e-01,4.803410248932934223e+00
9.538194444444444420e-01,3.433750000000000000e+02,4.307032178995982841e-02,6.635656792353281652e-01,7.706233415287435662e-01,4.807952511527447292e+00
9.541666666666667185e-01,3.435000000000000000e+02,4.333813409406215428e-02,6.652358742121946555e-01,7.719756500131732535e-01,4.812345646553796819e+00
9.545138888888888840e-01,3.436250000000000000e+02,4.360641608426901739e-02,6.669075685994619862e-01,7.733287612295518532e-01,4.816589008701984476e+00
9.548611111111111605e-01,3.437500000000000000e+02,4.387516806816577769e-02,6.685807102820403580e-01,7.746828413039648087e-01,4.820681962434973933e+00
9.552083333333333259e-01,3.438750000000000000e+02,4.414439041091501592e-02,6.702552469258697965e-01,7.760380557549627634e-01,4.824623882047364809e+00
9.555555555555556024e-01,3.440000000000000000e+02,4.441408353504521650e-02,6.719311259813481874e-01,7.773945694926557293e-01,4.828414151723216641e+00
9.559027777777777679e-01,3.441250000000000000e+02,4.468424792023944353e-02,6.736082946867724131e-01,7.787525468181035748e-01,4.832052165592936710e+00
9.562500000000000444e-01,3.442500000000000000e+02,4.495488410312484251e-02,6.752867000718050239e-01,7.801121514230058285e-01,4.835537327789285023e+00
9.565972222222222099e-01,3.443750000000000000e+02,4.522599267705895709e-02,6.769662889609521228e-01,7.814735463896707035e-01,4.838869052502436041e+00
9.569444444444444864e-01,3.445000000000000000e+02,4.549757429192023001e-02,6.786470079770706709e-01,7.828368941913000922e-01,4.842046764034169115e+00
9.572916666666666519e-01,3.446250000000000000e+02,4.576962965389552718e-02,6.803288035448820104e-01,7.842023566925178102e-01,4.845069896851069480e+00
9.576388888888889284e-01,3.447500000000000000e+02,4.604215952526898026e-02,6.820116218945166953e-01,7.855700951502410101e-01,4.847937895636885486e+00
9.579861111111110938e-01,3.448750000000000000e+02,4.631516472421140507e-02,6.836954090650666505e-01,7.869402702147618722e-01,4.850650215343874194e+00
9.583333333333333703e-01,3.450000000000000000e+02,4.658864612456987270e-02,6.853801109081634202e-01,7.883130419311569215e-01,4.853206321243276555e+00
9.586805555555556468e-01,3.451250000000000568e+02,4.686260465565828676e-02,6.870656730915654098e-01,7.896885697409325999e-01,4.855605688974804046e+00
9.590277777777778123e-01,3.452500000000000000e+02,4.713704130204653120e-02,6.887520411027686640e-01,7.910670124839557227e-01,4.857847804595219365e+00
9.593750000000000888e-01,3.453750000000000568e+02,4.741195710335459335e-02,6.904391602526338545e-01,7.924485284006335117e-01,4.859932164625941020e+00
9.597222222222222543e-01,3.455000000000000000e+02,4.768735315404214192e-02,6.921269756790243699e-01,7.938332751343559757e-01,4.861858276099710885e+00
9.600694444444445308e-01,3.456250000000000568e+02,4.796323060320328846e-02,6.938154323504672760e-01,7.952214097341970822e-01,4.863625656606313186e+00
9.604166666666666963e-01,3.457500000000000000e+02,4.823959065436016214e-02,6.955044750698237133e-01,7.966130886578409731e-01,4.865233834337312047e+00
9.607638888888889728e-01,3.458750000000000568e+02,4.851643456525882303e-02,6.971940484779820535e-01,7.980084677747717459e-01,4.866682348129844904e+00
9.611111111111111382e-01,3.460000000000000000e+02,4.879376364766408597e-02,6.988840970575558309e-01,7.994077023696953832e-01,4.867970747509447804e+00
9.614583333333334147e-01,3.461250000000000568e+02,4.907157926715911833e-02,7.005745651366090954e-01,8.008109471461926088e-01,4.869098592731906372e+00
9.618055555555555802e-01,3.462500000000000000e+02,4.934988284294232475e-02,7.022653968923823209e-01,8.022183562305960081e-01,4.870065454824135109e+00
9.621527777777778567e-01,3.463750000000000000e+02,4.962867584762929024e-02,7.039565363550455146e-01,8.036300831760890828e-01,4.870870915624081476e+00
9.625000000000000222e-01,3.465000000000000000e+02,4.990795980705369644e-02,7.056479274114541012e-01,8.050462809670306807e-01,4.871514567819660080e+00
9.628472222222222987e-01,3.466250000000000000e+02,5.018773630007004188e-02,7.073395138089260126e-01,8.064671020234880361e-01,4.871996014986689438e+00
9.631944444444444642e-01,3.467500000000000000e+02,5.046800695835973460e-02,7.090312391590266605e-01,8.078926982059605466e-01,4.872314871625866850e+00
9.635416666666667407e-01,3.468750000000000000e+02,5.074877346623732355e-02,7.107230469413705620e-01,8.093232208203186007e-01,4.872470763198718302e+00
9.638888888888889062e-01,3.470000000000000000e+02,5.103003756045785405e-02,7.124148805074308477e-01,8.107588206229380257e-01,4.872463326162615793e+00
9.642361111111111827e-01,3.471250000000000000e+02,5.131180103002853238e-02,7.141066830843663116e-01,8.121996478260166130e-01,4.872292208004750158e+00
9.645833333333333481e-01,3.472500000000000000e+02,5.159406571601903024e-02,7.157983977788534569e-01,8.136458521030666136e-01,4.871957067275135778e+00
9.649305555555556246e-01,3.473750000000000000e+02,5.187683351137700044e-02,7.174899675809355282e-01,8.150975825945971920e-01,4.871457573618624970e+00
9.652777777777777901e-01,3.475000000000000000e+02,5.216010636074278756e-02,7.191813353678790932e-01,8.165549879139567535e-01,4.870793407805894759e+00
9.656250000000000666e-01,3.476250000000000000e+02,5.244388626026826039e-02,7.208724439080455015e-01,8.180182161533493534e-01,4.869964261763472635e+00
9.659722222222222321e-01,3.477500000000000000e+02,5.272817525743642847e-02,7.225632358647644526e-01,8.194874148899953248e-01,4.868969838602734690e+00
9.663194444444445086e-01,3.478750000000000000e+02,5.301297545088416718e-02,7.242536538002268820e-01,8.209627311924485582e-01,4.867809852647894786e+00
9.666666666666666741e-01,3.480000000000000000e+02,5.329828899022611560e-02,7.259436401793800675e-01,8.224443116270687693e-01,4.866484029463018501e+00
9.670138888888889506e-01,3.481250000000000000e+02,5.358411807588203679e-02,7.276331373738379460e-01,8.239323022646195538e-01,4.864992105877995243e+00
9.673611111111111160e-01,3.482500000000000000e+02,5.387046495890543407e-02,7.293220876657937612e-01,8.254268486869994481e-01,4.863333830013528036e+00
9.677083333333333925e-01,3.483750000000000000e+02,5.415733194081531754e-02,7.310104332519472559e-01,8.269280959941033293e-01,4.861508961305104570e+00
9.680555555555555580e-01,3.485000000000000000e+02,5.444472137342979551e-02,7.326981162474349718e-01,8.284361888107968364e-01,4.859517270525947730e+00
9.684027777777778345e-01,3.486250000000000000e+02,5.473263565870266356e-02,7.343850786897755389e-01,8.299512712940113612e-01,4.857358539808970477e+00
9.687500000000000000e-01,3.487500000000000000e+02,5.502107724856192261e-02,7.360712625428108558e-01,8.314734871399271920e-01,4.855032562667709328e+00
9.690972222222222765e-01,3.488750000000000000e+02,5.531004864475123906e-02,7.377566097006681423e-01,8.330029795912756718e-01,4.852539144016245309e+00
9.694444444444444420e-01,3.490000000000000000e+02,5.559955239867361843e-02,7.394410619917162197e-01,8.345398914447100802e-01,4.849878100188110608e+00
9.697916666666667185e-01,3.491250000000000000e+02,5.588959111123776441e-02,7.411245611825367785e-01,8.360843650582765463e-01,4.847049258954180040e+00
9.701388888888888840e-01,3.492500000000000000e+02,5.618016743270718566e-02,7.428070489818966449e-01,8.376365423589536841e-01,4.844052459539546440e+00
9.704861111111111605e-01,3.493750000000000000e+02,5.647128406255235572e-02,7.444884670447319275e-01,8.391965648502697217e-01,4.840887552639376423e+00
9.708333333333333259e-01,3.495000000000000000e+02,5.676294374930363623e-02,7.461687569761267236e-01,8.407645736199662601e-01,4.837554400433758062e+00
9.711805555555556024e-01,3.496250000000000000e+02,5.705514929041007044e-02,7.478478603353098109e-01,8.423407093477310870e-01,4.834052876601523607e+00
9.715277777777777679e-01,3.497500000000000000e+02,5.734790353209729546e-02,7.495257186396437898e-01,8.439251123129741794e-01,4.830382866333062353e+00
9.718750000000000444e-01,3.498750000000000000e+02,5.764120936923115834e-02,7.512022733686303244e-01,8.455179224026491136e-01,4.826544266342104095e+00
9.722222222222222099e-01,3.500000000000000000e+02,5.793506974518242841e-02,7.528774659679072778e-01,8.471192791190933491e-01,4.822536984876503396e+00
9.725694444444444864e-01,3.501250000000000000e+02,5.822948765169412566e-02,7.545512378532592823e-01,8.487293215879080366e-01,4.818360941727987345e+00
9.729166666666666519e-01,3.502500000000000000e+02,5.852446612875286669e-02,7.562235304146250892e-01,8.503481885658498163e-01,4.814016068240911217e+00
9.732638888888889284e-01,3.503750000000000000e+02,5.882000826446166786e-02,7.578942850201140224e-01,8.519760184487402688e-01,4.809502307319961645e+00
9.736111111111110938e-01,3.505000000000000000e+02,5.911611719491612765e-02,7.595634430200154386e-01,8.536129492793637086e-01,4.804819613436889902e+00
9.739583333333333703e-01,3.506250000000000000e+02,5.941279610408344708e-02,7.612309457508219523e-01,8.552591187553741925e-01,4.799967952636180257e+00
9.743055555555556468e-01,3.507500000000000568e+02,5.971004822368350395e-02,7.628967345392445587e-01,8.569146642371900935e-01,4.794947302539757317e+00
9.746527777777778123e-01,3.508750000000000000e+02,6.000787683307330644e-02,7.645607507062341934e-01,8.585797227558582545e-01,4.789757652350625783e+00
9.750000000000000888e-01,3.510000000000000568e+02,6.030628525913402094e-02,7.662229355710052925e-01,8.602544310209113698e-01,4.784399002855539429e+00
9.753472222222222543e-01,3.511250000000000000e+02,6.060527687616097670e-02,7.678832304550549104e-01,8.619389254281633050e-01,4.778871366426637124e+00
9.756944444444445308e-01,3.512500000000000568e+02,6.090485510575555095e-02,7.695415766861901652e-01,8.636333420674817685e-01,4.773174767022061893e+00
9.760416666666666963e-01,3.513750000000000000e+02,6.120502341672091201e-02,7.711979156025450255e-01,8.653378167305115776e-01,4.767309240185599428e+00
9.763888888888889728e-01,3.515000000000000568e+02,6.150578532495898365e-02,7.728521885566093097e-01,8.670524849183354199e-01,4.761274833045266774e+00
9.767361111111111382e-01,3.516250000000000000e+02,6.180714439337153115e-02,7.745043369192454730e-01,8.687774818490645590e-01,4.755071604310940003e+00
9.770833333333334147e-01,3.517500000000000568e+02,6.210910423176314865e-02,7.761543020837129436e-01,8.705129424653615944e-01,4.748699624270926734e+00
9.774305555555555802e-01,3.518750000000000000e+02,6.241166849674679301e-02,7.778020254696850211e-01,8.722590014418891702e-01,4.742158974787579417e+00
9.777777777777778567e-01,3.520000000000000000e+02,6.271484089165153819e-02,7.794474485272694375e-01,8.740157931926705315e-01,4.735449749291873012e+00
9.781250000000000222e-01,3.521250000000000000e+02,6.301862516643408352e-02,7.810905127410213700e-01,8.757834518783363942e-01,4.728572052777005652e+00
9.784722222222222987e-01,3.522500000000000000e+02,6.332302511759220487e-02,7.827311596339600053e-01,8.775621114132878819e-01,4.721526001790969040e+00
9.788194444444444642e-01,3.523750000000000000e+02,6.362804458807896912e-02,7.843693307715750018e-01,8.793519054727483297e-01,4.714311724428164041e+00
9.791666666666667407e-01,3.525000000000000000e+02,6.393368746722305485e-02,7.860049677658392797e-01,8.811529674996909645e-01,4.706929360319980660e+00
9.795138888888889062e-01,3.526250000000000000e+02,6.423995769064747008e-02,7.876380122792080440e-01,8.829654307116355794e-01,4.699379060624408133e+00
9.798611111111111827e-01,3.527500000000000000e+02,6.454685924019312737e-02,7.892684060286229153e-01,8.847894281073327427e-01,4.691660988014651146e+00
9.802083333333333481e-01,3.528750000000000000e+02,6.485439614384427842e-02,7.908960907895051795e-01,8.866250924732793637e-01,4.683775316666745958e+00
9.805555555555556246e-01,3.530000000000000000e+02,6.516257247565565569e-02,7.925210083997509258e-01,8.884725563901078038e-01,4.675722232246191545e+00
9.809027777777777901e-01,3.531250000000000000e+02,6.547139235568216753e-02,7.941431007637135275e-01,8.903319522388136731e-01,4.667501931893627720e+00
9.812500000000000666e-01,3.532500000000000000e+02,6.578085994991014762e-02,7.957623098561914521e-01,8.922034122068236428e-01,4.659114624209464317e+00
9.815972222222222321e-01,3.533750000000000000e+02,6.609097947019190733e-02,7.973785777263974195e-01,8.940870682938840686e-01,4.650560529237616869e+00
9.819444444444445086e-01,3.535000000000000000e+02,6.640175517418174522e-02,7.989918465019358873e-01,8.959830523177756412e-01,4.641839878448175583e+00
9.822916666666666741e-01,3.536250000000000000e+02,6.671319136527205373e-02,8.006020583927597745e-01,8.978914959198578405e-01,4.632952914719200344e+00
9.826388888888889506e-01,3.537500000000000000e+02,6.702529239253508797e-02,8.022091556951372882e-01,8.998125305704038901e-01,4.623899892317427707e+00
9.829861111111111160e-01,3.538750000000000000e+02,6.733806265066315244e-02,8.038130807955942148e-01,9.017462875737395356e-01,4.614681076878130561e+00
9.833333333333333925e-01,3.540000000000000000e+02,6.765150657991281236e-02,8.054137761748636493e-01,9.036928980731828709e-01,4.605296745383905765e+00
9.836805555555555580e-01,3.541250000000000000e+02,6.796562866604830000e-02,8.070111844118184052e-01,9.056524930557697806e-01,4.595747186142588703e+00
9.840277777777778345e-01,3.542500000000000000e+02,6.828043344028983386e-02,8.086052481874032027e-01,9.076252033567602240e-01,4.586032698764132221e+00
9.843750000000000000e-01,3.543750000000000000e+02,6.859592547926034178e-02,8.101959102885504249e-01,9.096111596639071539e-01,4.576153594136600056e+00
9.847222222222222765e-01,3.545000000000000000e+02,6.891210940493563974e-02,8.117831136120953195e-01,9.116104925215057220e-01,4.566110194401152178e+00
9.850694444444444420e-01,3.546250000000000000e+02,6.922898988459473546e-02,8.133668011686768784e-01,9.136233323341939050e-01,4.555902832926108204e+00
9.854166666666667185e-01,3.547500000000000000e+02,6.954657163077271331e-02,8.149469160866336104e-01,9.156498093705137675e-01,4.545531854280054240e+00
9.857638888888888840e-01,3.548750000000000000e+02,6.986485940121348048e-02,8.165234016158848807e-01,9.176900537662081581e-01,4.534997614204031358e+00
9.861111111111111605e-01,3.550000000000000000e+02,7.018385799882442821e-02,8.180962011318082538e-01,9.197441955272590564e-01,4.524300479582739953e+00
9.864583333333333259e-01,3.551250000000000000e+02,7.050357227163146778e-02,8.196652581390999615e-01,9.218123645326713467e-01,4.513440828414871042e+00
9.868055555555556024e-01,3.552500000000000000e+02,7.082400711273653671e-02,8.212305162756343702e-01,9.238946905369738172e-01,4.502419049782428573e+00
9.871527777777777679e-01,3.553750000000000000e+02,7.114516746027239880e-02,8.227919193162991363e-01,9.259913031724386068e-01,4.491235543819225740e+00
9.875000000000000444e-01,3.555000000000000000e+02,7.146705829736385573e-02,8.243494111768346899e-01,9.281023319510116609e-01,4.479890721678338572e+00
9.878472222222222099e-01,3.556250000000000000e+02,7.178968465208335203e-02,8.259029359176492946e-01,9.302279062659677411e-01,4.468385005498753948e+00
9.881944444444444864e-01,3.557500000000000000e+02,7.211305159741152049e-02,8.274524377476308867e-01,9.323681553932573474e-01,4.456718828371013075e+00
9.885416666666666519e-01,3.558750000000000000e+02,7.243716425119614555e-02,8.289978610279410409e-01,9.345232084925422233e-01,4.444892634302008538e+00
9.888888888888889284e-01,3.560000000000000000e+02,7.276202777611234795e-02,8.305391502758018296e-01,9.366931946079308791e-01,4.432906878178827448e+00
9.892361111111110938e-01,3.561250000000000000e+02,7.308764737962189506e-02,8.320762501682640311e-01,9.388782426683975890e-01,4.420762025731730382e+00
9.895833333333333703e-01,3.562500000000000000e+02,7.341402831393341322e-02,8.336091055459690091e-01,9.410784814878875304e-01,4.408458553496195975e+00
9.899305555555556468e-01,3.563750000000000568e+02,7.374117587596311363e-02,8.351376614168909418e-01,9.432940397650708686e-01,4.395996948774097746e+00
9.902777777777778123e-01,3.565000000000000000e+02,7.406909540729390840e-02,8.366618629600695023e-01,9.455250460827872017e-01,4.383377709593990978e+00
9.906250000000000888e-01,3.566250000000000568e+02,7.439779229413517880e-02,8.381816555293292170e-01,9.477716289071568267e-01,4.370601344670474120e+00
9.909722222222222543e-01,3.567500000000000000e+02,7.472727196728251586e-02,8.396969846569775076e-01,9.500339165863119772e-01,4.357668373362746372e+00
9.913194444444445308e-01,3.568750000000000568e+02,7.505753990207560122e-02,8.412077960575004010e-01,9.523120373488398460e-01,4.344579325632203393e+00
9.916666666666666963e-01,3.570000000000000000e+02,7.538860161835751750e-02,8.427140356312301517e-01,9.546061193018104962e-01,4.331334741999235405e+00
9.920138888888889728e-01,3.571250000000000568e+02,7.572046268043096384e-02,8.442156494680074230e-01,9.569162904284994609e-01,4.317935173499100721e+00
9.923611111111111382e-01,3.572500000000000000e+02,7.605312869701549849e-02,8.457125838508232629e-01,9.592426785857069982e-01,4.304381181636990128e+00
9.927083333333334147e-01,3.573750000000000568e+02,7.638660532120364333e-02,8.472047852594475348e-01,9.615854115007349545e-01,4.290673338342172904e+00
9.930555555555555802e-01,3.575000000000000000e+02,7.672089825041372713e-02,8.486922003740385856e-01,9.639446167679833755e-01,4.276812225921372779e+00
9.934027777777778567e-01,3.576250000000000000e+02,7.705601322634508810e-02,8.501747760787409236e-01,9.663204218451806327e-01,4.262798437011195318e+00
9.937500000000000222e-01,3.577500000000000000e+02,7.739195603492797504e-02,8.516524594652602476e-01,9.687129540492148694e-01,4.248632574529828787e+00
9.940972222222222987e-01,3.578750000000000000e+02,7.772873250627541919e-02,8.531251978364283728e-01,9.711223405515944096e-01,4.234315251627793764e+00
9.944444444444444642e-01,3.580000000000000000e+02,7.806634851463109537e-02,8.545929387097443986e-01,9.735487083735185898e-01,4.219847091637961789e+00
9.947916666666667407e-01,3.581250000000000000e+02,7.840480997831625332e-02,8.560556298209039960e-01,9.759921843805638986e-01,4.205228728024672513e+00
9.951388888888889062e-01,3.582500000000000000e+02,7.874412285967485881e-02,8.575132191273060478e-01,9.784528952769488974e-01,4.190460804332079015e+00
9.954861111111111827e-01,3.583750000000000000e+02,7.908429316501681960e-02,8.589656548115466306e-01,9.809309675994254407e-01,4.175543974131642244e+00
9.958333333333333481e-01,3.585000000000000000e+02,7.942532694455803344e-02,8.604128852848864639e-01,9.834265277107563374e-01,4.160478900968859861e+00
9.961805555555556246e-01,3.586250000000000000e+02,7.976723029235956164e-02,8.618548591907115863e-01,9.859397017927954421e-01,4.145266258309117546e+00
9.965277777777777901e-01,3.587500000000000000e+02,8.011000934626272274e-02,8.632915254079612799e-01,9.884706158391395325e-01,4.129906729482842209e+00
9.968750000000000666e-01,3.588750000000000000e+02,8.045367028782313135e-02,8.647228330545482233e-01,9.910193956473869470e-01,4.114401007629766127e+00
9.972222222222222321e-01,3.590000000000000000e+02,8.079821934224032387e-02,8.661487314907527768e-01,9.935861668109726708e-01,4.098749795642469884e+00
9.975694444444445086e-01,3.591250000000000000e+02,8.114366277828705121e-02,8.675691703226020568e-01,9.961710547105915303e-01,4.082953806109081540e+00
9.979166666666666741e-01,3.592500000000000000e+02,8.149000690823174353e-02,8.689840994052221435e-01,9.987741845051868461e-01,4.067013761255284798e+00
9.982638888888889506e-01,3.593750000000000000e+02,8.183725808776175226e-02,8.703934688461781866e-01,1.001395681122535297e+00,4.050930392885462084e+00
9.986111111111111160e-01,3.595000000000000000e+02,8.218542271589993065e-02,8.717972290087873111e-01,1.004035669249391693e+00,4.034704442323151952e+00
9.989583333333333925e-01,3.596250000000000000e+02,8.253450723492025687e-02,8.731953305154159795e-01,1.006694273321221855e+00,4.018336660350676048e+00
9.993055555555555580e-01,3.597500000000000000e+02,8.288451813025823900e-02,8.745877242507508198e-01,1.009371617511484409e+00,4.001827807148091942e+00
9.996527777777778345e-01,3.598750000000000000e+02,8.323546193041782282e-02,8.759743613650534666e-01,1.012067825720506686e+00,3.985178652231328833e+00
1.000000000000000000e+00,3.600000000000000000e+02,8.358734520687484404e-02,8.773551932773890893e-01,1.014783021563908427e+00,3.968389974389627373e+00
