theta_deg,phase,u_from_high_turn_deg,E_x,E_y,candidate_projected_velocity,candidate_velocity_normalized,target_velocity,target_velocity_normalized
0.0,short_fast,1.188187203334735,0.41371969831822764,6.508192603501054,-0.23135118847925631,-0.07957014320990537,-0.05214303478674571,-0.1645098096394876
0.25,short_fast,1.438187203334735,0.4208823484159274,6.512598623251872,-0.2816873967710373,-0.09688260799017498,-0.0642075342212776,-0.20257296636766195
0.5,short_fast,1.688187203334735,0.42843909275197145,6.517037205886861,-0.3329945144179674,-0.11452900404151725,-0.07665460334634135,-0.24184311972003794
0.7500000000000001,short_fast,1.938187203334735,0.4363958410410982,6.521507642342569,-0.38529777795727765,-0.13251801113296557,-0.08948502324004116,-0.28232273397608776
1.0,short_fast,2.188187203334735,0.44475856740567377,6.526009131154829,-0.4386228598059098,-0.15085845894854286,-0.10269887454475113,-0.32401206356023565
1.25,short_fast,2.438187203334735,0.45353330882651566,6.530540774460415,-0.4929958566453995,-0.1695593230923977,-0.11629555293048703,-0.36690920182836195
1.5000000000000002,short_fast,2.688187203334735,0.4627261634042181,6.535101573890057,-0.548443275956313,-0.18862972045750417,-0.130273784558278,-0.4110101298543058
1.75,short_fast,2.938187203334735,0.4723432884202148,6.539690426353663,-0.6049920205810745,-0.208078903916253,-0.14463164154353855,-0.45630876521636954
2.0,short_fast,3.188187203334735,0.48239089818644487,6.544306119719056,-0.6626693711900692,-0.2279162562899026,-0.1593665574194404,-0.5027970107838224
2.25,short_fast,3.438187203334735,0.49287526167212103,6.548947328385937,-0.7215029665221893,-0.24815128355257934,-0.17447534260028408,-0.5504648035034037
2.5,short_fast,3.688187203334735,0.5038026998957994,6.553612608757283,-0.7815207812675325,-0.268793607224328,-0.18995419984487094,-0.599300163185826
2.75,short_fast,3.938187203334735,0.515179583070537,6.558300394610961,-0.8427511014568378,-0.28985295590663757,-0.20579873971987495,-0.64928924129228
3.0000000000000004,short_fast,4.188187203334735,0.5270123274897061,6.563008992374821,-0.9052224972194995,-0.31133915591292527,-0.22200399606321436,-0.7004163697209369
3.25,short_fast,4.438187203334735,0.539307392140639,6.567736576309285,-0.9689637927697219,-0.33326212094567614,-0.23856444144742378,-0.7526641095934525
3.5,short_fast,4.688187203334735,0.5520712750330956,6.572481183601934,-1.0340040334785994,-0.3556318407713261,-0.25547400264302567,-0.8060133000414706
3.7499999999999996,short_fast,4.938187203334735,0.565310509229215,6.5772407093794705,-1.100372449888754,-0.3784583688435782,-0.2727260760819025,-0.8604431069931274
4.0,short_fast,5.188187203334735,0.5790316585614512,6.582012901643084,-1.1680984185276464,-0.40175180882566597,-0.2903135433206684,-0.9159310719595538
4.25,short_fast,5.438187203334735,0.5932413130248095,6.586795356134108,-1.2372114193759771,-0.42552229996217933,-0.30822878650404095,-0.9724531608213802
4.5,short_fast,5.688187203334735,0.6079460838295319,6.591585511137678,-1.3077409898486754,-0.449780001251442,-0.3264637038282129,-1.0299838126152387
4.75,short_fast,5.938187203334735,0.6231525981003179,6.596380642233056,-1.3797166751480567,-0.47453507437014514,-0.3450097250042244,-1.0884959883202687
5.0,short_fast,6.188187203334735,0.6388674932081249,6.601177857000235,-1.4531679748518076,-0.49979766530299946,-0.36385782672133443,-1.147961219644619
5.25,short_fast,6.438187203334735,0.6550974107205945,6.60597408969341,-1.5281242856026975,-0.5255778846316296,-0.3829985481103925,-1.2083496578119506
5.5,short_fast,6.688187203334735,0.6718489899572608,6.610766095893052,-1.6046148397723716,-0.5518857864388067,-0.4024220062072111,-1.269630122347943
5.75,short_fast,6.938187203334735,0.6891288611358477,6.615550447149405,-1.6826686399784025,-0.5787313457864652,-0.42211791141593685,-1.3317701498667955
6.000000000000001,short_fast,7.188187203334735,0.7069436380961722,6.620323525631385,-1.76231438934202,-0.6061244347287834,-0.44207558297242255,-1.3947360428577316
6.25,short_fast,7.438187203334735,0.7252999105885563,6.625081518796099,-1.8435804173837498,-0.6340747968249799,-0.4622839644075993,-1.4584929184715025
6.5,short_fast,7.688187203334735,0.7442042361139944,6.629820414095537,-1.9264946014656497,-0.6625920201204236,-0.4827199413987393,-1.5229678516693679
6.75,short_fast,7.938187203334735,0.7636631313039106,6.634535993738211,-2.01108428370204,-0.6916855085691915,-0.5033490912923588,-1.5880522399467922
7.0,short_fast,8.188187203334735,0.7836830628279092,6.639223829524916,-2.097376183275688,-0.7213644518763948,-0.5241377516119353,-1.653639879136194
7.250000000000001,short_fast,8.438187203334735,0.8042704378187502,6.643879277779271,-2.185396304113417,-0.7516377937444407,-0.5450530200579068,-1.719626963406942
7.499999999999999,short_fast,8.688187203334735,0.825431593804564,6.648497474395006,-2.2751698378941203,-0.7825141985139383,-0.5660627545076722,-1.7859120852653587
7.75,short_fast,8.938187203334735,0.8471727881394258,6.653073330023516,-2.3667210623833106,-0.8140020161972273,-0.5871355730155913,-1.852396235554717
8.0,short_fast,9.188187203334735,0.8695001869244998,6.657601525426667,-2.4600732351115964,-0.8461092459105147,-0.6082408538129849,-1.9189828034552434
8.25,short_fast,9.438187203334735,0.8924198534133128,6.662076507021331,-2.5552484824400015,-0.8788434977193762,-0.6293487353081342,-1.9855775764841148
8.5,short_fast,9.688187203334735,0.9159377358961813,6.666492482643648,-2.652267684082755,-0.9122119529219168,-0.6504301160862818,-2.0520887404954617
8.75,short_fast,9.938187203334735,0.9400596550604359,6.67084341756254,-2.751150353188201,-0.9462213228042051,-0.6714566549096306,-2.1184268796803654
9.0,short_fast,10.188187203334735,0.9647912908249192,6.675123030773406,-2.8519145121107066,-0.980877805913685,-0.6924007707173453,-2.1845049765668616
9.25,short_fast,10.438187203334735,0.9901381686492492,6.679324791604526,-2.9545765640409307,-1.0161870439081253,-0.7132356426255506,-2.2502384120199364
9.5,short_fast,10.688187203334735,1.0161056453204695,6.683441916669978,-3.0591511606984367,-1.052154076050266,-0.7339352099273322,-2.3155449652415268
9.75,short_fast,10.938187203334735,1.0426988942221467,6.687467367204383,-3.165651066329349,-1.088783292431633,-0.7544741720927366,-2.380344813770523
10.0,short_fast,11.188187203334735,1.0699228900935036,6.6913938468159495,-3.274087018292459,-1.1260783860229966,-0.7748279887687715,-2.4445605334827687
10.25,short_fast,11.438187203334735,1.0977823932889694,6.695213799695625,-3.384467584559645,-1.1640423036635492,-0.7949728797794051,-2.5081170985910575
10.5,short_fast,11.688187203334735,1.1262819335515184,6.698919409321213,-3.496799018500645,-1.2026771961160718,-0.8148858251255668,-2.570941881645136
10.75,short_fast,11.938187203334735,1.1554257933162817,6.7025025976962365,-3.6110851113677627,-1.2419843673310254,-0.8345445649851466,-2.6329646535317037
11.0,short_fast,12.188187203334735,1.1852179905643645,6.705955025164304,-3.7273270429427976,-1.2819642230785608,-0.8539275997129957,-2.6941175834744113
11.25,short_fast,12.438187203334735,1.215662261250292,6.70926809084029,-3.8455232308560716,-1.322616219123817,-0.8730141898409254,-2.7543352390338605
11.5,short_fast,12.688187203334735,1.2467620413302893,6.712432933700124,-3.9656691791355354,-1.3639388091374147,-0.891784356077709,-2.8135545861076086
11.75,short_fast,12.938187203334735,1.2785204484225412,6.715440434371374,-4.087757326592182,-1.4059293925496474,-0.9102188793090793,-2.87171498893016
12.000000000000002,short_fast,13.188187203334735,1.310940263134587,6.718281217666668,-4.211776895696002,-1.4485842625733931,-0.9282993005977309,-2.9287582100729748
12.25,short_fast,13.438187203334735,1.3440239100973468,6.720945655901918,-4.337713742643983,-1.4918985546370072,-0.9460079211833191,-2.984628410444464
12.5,short_fast,13.688187203334735,1.3777734387495482,6.723423873040724,-4.4655502093677155,-1.5358661954843233,-0.9633278024824601,-3.039272149289992
12.75,short_fast,13.938187203334735,1.412190503920851,6.7257057497055746,-4.59526497827254,-1.5804798532141262,-0.9802427660887307,-3.0926383841918734
13.0,short_fast,14.188187203334735,1.4472763462665172,6.727780929095264,-4.726832930542207,-1.6257308885459376,-0.9967373937726687,-3.1446784710693754
13.25,short_fast,14.438187203334735,1.4830317726110573,6.729638823846482,-4.860225008882234,-1.6716093076124323,-1.0127970274817728,-3.195346164178718
13.5,short_fast,14.688187203334735,1.5194571362630134,6.731268623875664,-4.9954080856109195,-1.7181037165911075,-1.0284077693405025,-3.2445976161130727
13.75,short_fast,14.938187203334735,1.556552317367542,6.73265930523494,-5.132344837038633,-1.7652012784987237,-1.043556481650278,-3.2923913778025633
14.0,short_fast,15.188187203334735,1.594316703368186,6.733799640013281,-5.2709936251030225,-1.8128876724813183,-1.0582307868894807,-3.3386883985142655
14.250000000000002,short_fast,15.438187203334735,1.6327491696536156,6.734678207310942,-5.411308387249493,-1.8611470559400705,-1.0724190677134526,-3.383452025852207
14.500000000000002,short_fast,15.688187203334735,1.671848060469538,6.73528340531169,-5.553238535562083,-1.9099620298387177,-1.0861104669544968,-3.4266480057573685
14.750000000000002,short_fast,15.938187203334735,1.7116111701801167,6.735603464473325,-5.696728866159153,-1.9593136075414153,-1.0992948876218767,-3.468244482507681
14.999999999999998,short_fast,16.188187203334735,1.7520357249672394,6.735626461852628,-5.841719479870532,-2.009181187530705,-1.1119629929018175,-3.5082119987180302
15.25,short_fast,16.438187203334735,1.7931183650595683,6.735340336575901,-5.98814571520737,-2.05954253035339,-1.1241062061575042,-3.5465234953402502
15.5,short_fast,16.688187203334735,1.8348551275866685,6.734732906460967,-6.135938094622456,-2.110373740137495,-1.1357167109290836,-3.5831543116631313
15.75,short_fast,16.938187203334735,1.8772414301564093,6.733791885790742,-6.285022285036796,-2.1616492510159078,-1.1467874509336622,-3.618082185312412
16.0,short_fast,17.188187203334735,1.9202720552563028,6.732504904232248,-6.435319073577383,-2.2133418187817124,-1.1573121300653086,-3.6512872522507855
16.25,short_fast,17.438187203334735,1.9639411355813987,6.730859526888357,-6.586744359431062,-2.265422518086434,-1.1672852123950521,-3.6827520467778982
16.5,short_fast,17.688187203334735,2.0082421403927024,6.728843275462575,-6.739209162670012,-2.3178607454754454,-1.1767019221708817,-3.7124615015303437
16.75,short_fast,17.938187203334735,2.0531678630108687,6.7264436505098715,-6.892619650845539,-2.3706242285345467,-1.1855582438177485,-3.740402947481673
17.0,short_fast,18.188187203334735,2.0987104095500033,6.723648154738916,-7.04687718407852,-2.4236790413982185,-1.193850921937564,-3.7665661139423863
17.25,short_fast,18.438187203334735,2.144861188995678,6.720444317323251,-7.20187837929717,-2.476989626843343,-1.2015774613092003,-3.790943128559936
17.5,short_fast,18.688187203334735,2.191610904729931,6.716819719170783,-7.357515194185948,-2.5305188251623045,-1.2087361268884909,-3.813528517318727
17.75,short_fast,18.938187203334735,2.2389495476037,6.712762019092906,-7.51367503131367,-2.5842279099764616,-1.21532594380823,-3.834319204540119
18.0,short_fast,19.188187203334735,2.286866390654049,6.70825898080615,-7.670240862804903,-2.6380766311152004,-1.221346697378172,-3.853314512882417
18.25,short_fast,19.438187203334735,2.335349985559591,6.703298500691066,-7.8270913758067,-2.6920232646472737,-1.226798933085033,-3.870516163340885
18.5,short_fast,19.688187203334735,2.384388160922622,6.697868636224821,-7.984101138883756,-2.746024670110185,-1.2316839565924897,-3.8859282752477355
18.75,short_fast,19.938187203334735,2.4339680224606317,6.691957634995975,-8.141140789349626,-2.8000363549402505,-1.2360038337411796,-3.899557366272134
19.0,short_fast,20.188187203334735,2.484075955183281,6.6855539642021125,-8.29807724141071,-2.8540125460609396,-1.2397613905487013,-3.911412352420199
19.25,short_fast,20.438187203334735,2.534697627623171,6.678646340523555,-8.454773914864493,-2.9079062685405686,-1.2429602132096131,-3.921504548034998
19.5,short_fast,20.688187203334735,2.58581799818038,6.671223760259348,-8.611090983954691,-2.961669431182696,-1.245604648095436,-3.929847665796554
19.75,short_fast,20.938187203334735,2.637421323631337,6.6632755296053165,-8.766885645845184,-3.0152529188641384,-1.2476998017546503,-3.9364578167218403
20.0,short_fast,21.188187203334735,2.689491169842441,6.65479129494795,-8.922012408032666,-3.0686066913867016,-1.2492515409126983,-3.9413535101647827
20.25,short_fast,21.438187203334735,2.7420104247180115,6.645761073042788,-9.076323393876502,-3.1216798885600827,-1.2502664924719824,-3.94455565381626
20.5,short_fast,21.688187203334735,2.7949613134005045,6.636175280941588,-9.22966866528438,-3.1744209411852817,-1.250752043511866,-3.946087553704101
20.75,short_fast,21.938187203334735,2.8483254157287776,6.626024765528944,-9.381896561455644,-3.22677768756083,-1.2507163412886737,-3.945974914193089
21.0,short_fast,22.188187203334735,2.902083685947477,6.615300832526507,-9.532854052451668,-3.2786974950885903,-1.2501682932356906,-3.944245837984957
21.25,short_fast,22.438187203334735,2.9562164746475235,6.60399527482126,-9.68238710623614,-3.3301273865123457,-1.2491175669631627,-3.940930826118392
21.5,short_fast,22.688187203334735,3.0107035529042143,6.592100399973898,-9.830341067708456,-3.381014170281259,-1.2475745902582969,-3.936062777969032
21.75,short_fast,22.938187203334735,3.0655241385658814,6.579609056763767,-9.976561048142413,-3.4313045744920965,-1.2455505510852611,-3.929676991249468
22.0,short_fast,23.188187203334735,3.120656924632353,6.566514660628648,-10.120892323340694,-3.4809453838291327,-1.2430573975851844,-3.921811162009243
22.25,short_fast,23.438187203334735,3.1760801096488747,6.552811217860499,-10.263180738724989,-3.5298835788894705,-1.2401078380761552,-3.912505384634849
22.5,short_fast,23.688187203334735,3.2317714300277123,6.5384933484222305,-10.403273119502563,-3.578066477254342,-1.2367153410532246,-3.901802151849735
22.75,short_fast,23.938187203334735,3.2877081941966213,6.5235563072559515,-10.541017683983933,-3.6254418756441855,-1.2328941351884035,-3.8897463547142985
23.0,short_fast,24.188187203334735,3.343867318460721,6.507996003959231,-10.676264458073721,-3.671958192477229,-1.2286592093306643,-3.8763852826258915
23.25,short_fast,24.438187203334735,3.4002253644523686,6.491809020713633,-10.808865688918505,-3.717564610138123,-1.2240263125059396,-3.861768623318816
23.5,short_fast,24.688187203334735,3.456758578032309,6.474992628358067,-10.938676255672032,-3.76221121625514,-1.2190119539171234,-3.8459484628643277
23.75,short_fast,24.938187203334735,3.5134429294950196,6.457544800509141,-11.065554075330132,-3.805849143281656,-1.2136334029440703,-3.8289792856706337
24.000000000000004,short_fast,25.188187203334735,3.570254154921693,6.439464225641056,-11.189360501594967,-3.848430705680169,-1.2079086891435955,-3.810917974482892
24.25,short_fast,25.438187203334735,3.627167798515985,6.420750317048904,-11.309960714751375,-3.889909534015044,-1.2018566022494759,-3.7918238103832156
24.5,short_fast,25.688187203334735,3.684159255750432,6.401403220631129,-11.427224100576565,-3.9302407052734334,-1.1954966921724484,-3.771758472790667
24.75,short_fast,25.938187203334735,3.7412038171455655,6.381423820439611,-11.541024616358465,-3.969380868752381,-1.1888492690002108,-3.750786039461261
25.0,short_fast,26.188187203334735,3.7982767124990824,6.36081374195888,-11.651241142166732,-4.0072883668737855,-1.1819354029974225,-3.728972986487966
25.25,short_fast,26.438187203334735,3.855353155379251,6.3395753530894146,-11.757757815603759,-4.043923350317524,-1.174776924605703,-3.7063881883007017
25.5,short_fast,26.688187203334735,3.912408387694885,6.317711762823823,-11.86046434835993,-4.079247886896398,-1.167396424443633,-3.6831029176663397
25.75,short_fast,26.938187203334735,3.969417724153793,6.2952268176183575,-11.959256323007088,-4.113226063634264,-1.1598172533067541,-3.6591908456887037
26.0,short_fast,27.188187203334735,4.026356596422695,6.272125095476148,-12.054035468585838,-4.1458240815506056,-1.1520635221675684,-3.6347280418085686
26.250000000000004,short_fast,27.438187203334735,4.083200596803978,6.248411897772088,-12.144709913674689,-4.1770103427002665,-1.1441601021755394,-3.609792973803664
26.5,short_fast,27.688187203334735,4.139925521248544,6.224093238862682,-12.231194415770982,-4.2067555290659575,-1.136132624657091,-3.5844665077886693
26.75,short_fast,27.938187203334735,4.196507411529088,6.199175833537032,-12.313410565963732,-4.235032672952731,-1.1280074811156082,-3.5588319082152164
27.0,short_fast,28.188187203334735,4.252922596404645,6.173667082377496,-12.391286968035534,-4.261817218587694,-1.1198118232314365,-3.5329748378718886
27.25,short_fast,28.438187203334735,4.309147731614788,6.147575055110297,-12.464759391293228,-4.287087074684058,-1.1115735628618828,-3.506983357884224
27.5,short_fast,28.688187203334735,4.365159838550614,6.120908472037223,-12.53377089659331,-4.310822657785897,-1.1033213720412147,-3.4809479277147104
27.75,short_fast,28.938187203334735,4.420936341459366,6.09367668364967,-12.598271935196884,-4.333006926267985,-1.09508468298066,-3.454961405162787
28.0,short_fast,29.188187203334735,4.476455103050125,6.0658896485353875,-12.658220420258603,-4.353625404923458,-1.0865794693918802,-3.4281276952693034
28.25,short_fast,29.438187203334735,4.5316944583793894,6.037557909696462,-12.713581770923039,-4.37266620013017,-1.0778168564182042,-3.400481897548869
28.500000000000004,short_fast,29.688187203334735,4.586633246907386,6.008692569404019,-12.764328929168599,-4.390120005643934,-1.06880770984953,-3.3720582932633056
28.75,short_fast,29.938187203334735,4.6412508426284695,5.979305262721271,-12.810442349702424,-4.405980099123004,-1.0595626206085116,-3.3428902964760026
29.000000000000004,short_fast,30.188187203334735,4.695527182191912,5.949408129831179,-12.85190996336783,-4.42024232954256,-1.0500918892367392,-3.313010405106254
29.25,short_fast,30.438187203334735,4.749442790942535,5.919013787308817,-12.888727114677515,-4.432905095710088,-1.040405510380928,-3.282450151983616
29.500000000000004,short_fast,30.688187203334735,4.8029788068239885,5.888135298481023,-12.920896474230197,-4.443969316142253,-1.0305131572790995,-3.251240055902249
29.75,short_fast,30.938187203334735,4.856117002100699,5.856786143017373,-12.948427926903735,-4.453438390610425,-1.0204241662467677,-3.219409572675268
29.999999999999996,short_fast,31.188187203334735,4.908839802867803,5.824980185896806,-12.971338436843565,-4.461318153705256,-1.0101475211631226,-3.1869870461890883
30.25,short_fast,31.438187203334735,4.961130306331219,5.792731645893559,-12.989651890380625,-4.467616820810407,-0.9996918379572155,-3.153999659457778
30.5,short_fast,31.688187203334735,5.012972295852732,5.760055063724203,-13.003398918116634,-4.472344926911158,-0.9890653490941428,-3.1204733856773994
30.750000000000004,short_fast,31.938187203334735,5.064350253767022,5.72696526999503,-13.012616697506585,-4.475515258695304,-0.9782758880612312,-3.0864329392803644
31.0,short_fast,32.188187203334735,5.115249371989297,5.69347735308527,-13.017348737347637,-4.477142780430993,-0.9673308738542212,-3.051901726989775
31.250000000000004,short_fast,32.438187203334735,5.165655560443177,5.6596066270973235,-13.017644645650385,-4.477244554129159,-0.9562372954634523,-3.0169017988737763
31.5,short_fast,32.688187203334735,5.215555453348845,5.625368599999994,-13.013559882422069,-4.475839654516617,-0.9450016963600477,-2.9814537993999037
31.750000000000004,short_fast,32.938187203334735,5.264936413421104,5.590778942084846,-13.005155498932119,-4.472949079359938,-0.9336301589820973,-2.9455769184894267
32.0,short_fast,33.188187203334735,5.313786534035835,5.55585345484951,-12.992497865058244,-4.468595655689788,-0.9221282892208444,-2.9092888425717036
32.25,short_fast,33.438187203334735,5.362094639431376,5.520608040414755,-12.975658386326423,-4.462803942480624,-0.9105012009068679,-2.8726057056385232
32.5,short_fast,33.688187203334735,5.409850283018535,5.485058671574941,-12.954713212261137,-4.455600130341658,-0.8987535002962689,-2.8355420402984577
32.75,short_fast,33.938187203334735,5.457043743879298,5.449221362573825,-12.929742937653174,-4.4470119387719205,-0.8868892705568533,-2.798110728831206
33.0,short_fast,34.188187203334735,5.503666021539802,5.413112140689795,-12.900832298332132,-4.437068511525289,-0.8749120562543177,-2.7603229542419463
33.25,short_fast,34.438187203334735,5.549708829107691,5.3767470187066815,-12.868069863000082,-4.4258003106208,-0.8628248478384327,-2.722188151315679
33.5,short_fast,34.688187203334735,5.595164584867921,5.340141968338136,-12.831547722642055,-4.413239009519548,-0.8506300661292283,-2.6837139576715785
33.75,short_fast,34.938187203334735,5.640026402433852,5.3033128946654955,-12.791361178979576,-4.3994173859724475,-0.8383295468031784,-2.6449061648173413
34.0,short_fast,35.188187203334735,5.6842880795528625,5.266275611640992,-12.747608433375474,-4.38436921502321,-0.8259245248793841,-2.60576866920353
34.25,short_fast,35.438187203334735,5.727944085666949,5.229045818700312,-12.70039027753333,-4.368129162628564,-0.8134156192057592,-2.5663034232779243
34.5,short_fast,35.688187203334735,5.770989548329636,5.1916390785206525,-12.649809787263386,-4.350732680333131,-0.8008028169452149,-2.5265103865398695
34.75,short_fast,35.938187203334735,5.8134202385804405,5.154070795953043,-12.595972020510198,-4.332215901410092,-0.7880854580618433,-2.4863874765946217
35.0,short_fast,36.188187203334735,5.855232555377596,5.1163561981503545,-12.538983720755962,-4.312615538850727,-0.7752622198071026,-2.445930520207699
35.25,short_fast,36.438187203334735,5.896423509188525,5.078510315905568,-12.478953026829092,-4.29196878555696,-0.7623311012060013,-2.4051332043592253
35.5,short_fast,36.688187203334735,5.9369907048358135,5.040547966208238,-12.415989190060191,-4.270313217060947,-0.7492894075432829,-2.3639870272982826
35.75,short_fast,36.938187203334735,5.976932323694339,5.002483736020904,-12.350202299638948,-4.247686697065256,-0.7361337348496098,-2.322481249597256
36.0,short_fast,37.188187203334735,6.01624710533239,4.964331967271387,-12.281703016935717,-4.2241272860663335,-0.7228599543877484,-2.2806028452061824
36.25,short_fast,37.438187203334735,6.054934328686854,4.926106743051489,-12.210602319461966,-4.199673153293129,-0.7094631971387534,-2.238336452507098
36.5,short_fast,37.688187203334735,6.092993792858986,4.88782187500761,-12.137011255054809,-4.174362492162153,-0.6959378382881524,-2.1956643253683894
36.75,short_fast,37.938187203334735,6.13042579761384,4.849490891904234,-12.06104070678338,-4.1482334394201805,-0.6822774817121298,-2.1525662841991355
37.0,short_fast,38.188187203334735,6.167231123662503,4.811127029337153,-11.98280116898937,-4.121323998116384,-0.6684749444637117,-2.10901966700346
37.25,short_fast,38.438187203334735,6.203411012802306,4.772743220569452,-11.902402534791273,-4.093671964517269,-0.6545222412589506,-2.064999280434879
37.5,short_fast,38.688187203334735,6.238967147986024,4.734352088460108,-11.81995389530212,-4.065314859050305,-0.6404105689631097,-2.0204773508506477
37.75,short_fast,38.938187203334735,6.273901633386785,4.695965938452088,-11.73556335073443,-4.036289861335997,-0.6261302910768466,-1.9754234753661069
38.0,short_fast,39.188187203334735,6.3082169745211445,4.657596752584337,-11.64933783349378,-4.0066337493432895,-0.611670922222399,-1.929804572909034
38.25,short_slow,39.438187203334735,6.341916058488403,4.619256184489979,-11.561382943294456,-3.9763828426798074,-0.5970211126297688,-1.8835848352739903
38.5,short_slow,39.688187203334735,6.375002134379924,4.580955555341245,-11.471802794266942,-3.9455729500065173,-0.5821686326229056,-1.8367256781766663
38.75,short_slow,39.938187203334735,6.407478793907893,4.54270585070025,-11.380699873968135,-3.9142393205461845,-0.5674352245243582,-1.7902421896044012
39.0,short_slow,40.188187203334735,6.439349952298748,4.504517718233705,-11.288174914150789,-3.88241659963625,-0.5528071364771938,-1.744090982834971
39.25,short_slow,40.438187203334735,6.47061982949236,4.46640146624884,-11.194326773099297,-3.8501387882598017,-0.5382696859719671,-1.698225734963625
39.5,short_slow,40.688187203334735,6.501292931683929,4.428367063007309,-11.099252329294146,-3.8174392064728844,-0.523807244350816,-1.652597138013941
39.75,short_slow,40.938187203334735,6.531374033241761,4.390424136773721,-11.003046386127517,-3.7843504606327087,-0.5094032213115598,-1.6071528500486927
40.0,short_slow,41.188187203334735,6.560868159030173,4.352581976555344,-10.905801587357171,-3.750904414319147,-0.4950400494117939,-1.5618374462807028
40.25,short_slow,41.438187203334735,6.589780567163228,4.314849533489864,-10.807608342955083,-3.7171321628313616,-0.48101338724951614,-1.517583721279252
40.5,short_slow,41.688187203334735,6.618116732211486,4.277235422838528,-10.708554764981033,-3.68306401113239,-0.4673234940359867,-1.4743924928485834
40.75,short_slow,41.938187203334735,6.645882328880672,4.23974792654253,-10.608726613089303,-3.6487294551068983,-0.45397062488492423,-1.4322645658653106
41.0,short_slow,42.188187203334735,6.673083216178002,4.202394996301447,-10.508207249258652,-3.614157165991164,-0.44095503083041737,-1.39120073233493
41.25,short_slow,42.438187203334735,6.699725422078956,4.165184257133321,-10.40707760132167,-3.579374977829488,-0.4282769588448369,-1.351201771448332
41.5,short_slow,42.688187203334735,6.725815128704533,4.128123011377084,-10.30541613485897,-3.544409877807573,-0.4159366518567483,-1.3122684496383146
41.75,short_slow,42.938187203334735,6.751358658016404,4.0912182430992505,-10.203298833016694,-3.5092879993110313,-0.40393434876882334,-1.274401520636095
42.0,short_slow,43.188187203334735,6.776362458034948,4.05447662286791,-10.100799183801671,-3.4740346175557186,-0.3922702844757527,-1.2376017255278218
42.25,short_slow,43.438187203334735,6.800833089582941,4.017904512858504,-9.997988174407515,-3.4386741476362768,-0.38094468988215774,-1.201869792811088
42.5,short_slow,43.688187203334735,6.8247772135555795,3.98150797225718,-9.894934292126452,-3.40323014483974,-0.3699577919205028,-1.1672064384514418
42.75,short_slow,43.938187203334735,6.8482015787156385,3.9452927629289514,-9.791703531405547,-3.367725307072432,-0.35930981356900743,-1.1336123659389006
43.0,short_slow,44.188187203334735,6.871113010010787,3.909264355319359,-9.68835940661211,-3.332181479250456,-0.3490009738695583,-1.1010882663444626
43.25,short_slow,44.438187203334735,6.893518397408576,3.8734279345598104,-9.584962970080916,-3.2966196595067956,-0.3390314879456212,-1.0696348183766173
43.5,short_slow,44.688187203334735,6.915424685243121,3.837788406748242,-9.481572835025634,-3.2610600070713907,-0.32940156702015366,-1.0392526884378612
43.75,short_slow,44.938187203334735,6.936838862066281,3.8023504053782644,-9.378245202907877,-3.2255218516843582,-0.32011141843351676,-1.0099425306812078
44.0,short_slow,45.188187203334735,6.957767950994956,3.7671182978914253,-9.275033894869637,-3.1900237044067583,-0.3111612456613872,-0.9817049870666994
44.25,short_slow,45.438187203334735,6.97821900054516,3.7320961923286675,-9.171990386848318,-3.1545832696979366,-0.3025512483326696,-0.9545406874179212
44.5,short_slow,45.688187203334735,6.998199075942601,3.697287944058595,-9.069163848007769,-3.1192174586333654,-0.2942816222474087,-0.9284502494785126
44.75,short_slow,45.938187203334735,7.017715250898814,3.6626971625614404,-8.966601182133742,-3.0839424031420566,-0.2863525593947011,-0.9034342789686789
45.0,short_slow,46.188187203334735,7.03677459984114,3.6283272182491677,-8.864347071657635,-3.0487734711479386,-0.27876424797060784,-0.8794933696417049
45.25,short_slow,46.438187203334735,7.0553841905844275,3.594181249303386,-8.762444023988246,-3.0137252825050433,-0.27151687239606614,-0.8566281033404656
45.5,short_slow,46.688187203334735,7.073551077431736,3.5602621685141145,-8.660932419847349,-2.978811725621878,-0.264610613334802,-0.8348390500539402
45.75,short_slow,46.938187203334735,7.091282294691106,3.5265726701037163,-8.559850563321193,-2.944045974675971,-0.2580456477112417,-0.8141267679737224
46.0,short_slow,47.188187203334735,7.108584850595097,3.4931152365215183,-8.459234733356134,-2.9094405073251037,-0.25182214872842457,-0.7944918035505346
46.25,short_slow,47.438187203334735,7.125465721609609,3.4598921451958264,-8.359119236442849,-2.87500712282734,-0.24594028588591477,-0.7759346915507394
46.5,short_slow,47.688187203334735,7.141931847118394,3.4269054752311554,-8.25953646024943,-2.84075696048741,-0.2404002249977134,-0.7584559551128509
46.75,short_slow,47.938187203334735,7.157990124469583,3.3941571140396425,-8.160516927979447,-2.8067005183524394,-0.23520212821017075,-0.7420561058040485
47.0,short_slow,48.188187203334735,7.173647404370566,3.361648763896551,-8.062089353246332,-2.7728476720852595,-0.23034615401989844,-0.7267356436766882
47.25,short_slow,48.438187203334735,7.1889104866175595,3.3293819484108065,-7.964280695270433,-2.7392076939486927,-0.22583245729168136,-0.7124950573248152
47.5,short_slow,48.688187203334735,7.203786116146372,3.297358018902437,-7.867116214219686,-2.7057892718392367,-0.22166118927639006,-0.6993348239406761
47.75,short_slow,48.938187203334735,7.218280979390883,3.265578160679674,-7.770619526528776,-2.6726005283133496,-0.21783249762889273,-0.6872554093712314
48.00000000000001,short_slow,49.188187203334735,7.232401700936105,3.234043399209247,-7.674812660045345,-2.6396490395542487,-0.2143465264259674,-0.6762572681746674
48.25,short_slow,49.438187203334735,7.246154840452697,3.202754606174297,-7.579716108864715,-2.606941854231579,-0.21120341618421395,-0.6663408436769084
48.5,short_slow,49.688187203334735,7.2595468899002,3.1717125054149546,-7.485348887727078,-2.5744855122106007,-0.2084033038779664,-0.6575065680281296
48.75,short_slow,49.938187203334735,7.272584270986426,3.1409176787473974,-7.391728585863018,-2.542286063071632,-0.2059463229572048,-0.6497548622592685
49.0,short_slow,50.188187203334735,7.2852733328707515,3.1103705716578403,-7.29887142018448,-2.5103490844043725,-0.20383260336546768,-0.6430861363385378
49.25,short_slow,50.438187203334735,7.297620350099345,3.0800714988684676,-7.20679228772907,-2.4786796998454173,-0.202062271557764,-0.6375007892279378
49.5,short_slow,50.688187203334735,7.30963152076072,3.050020649772926,-7.115504817275695,-2.447282596830767,-0.20063545051848514,-0.6329992089397678
49.75,short_slow,50.938187203334735,7.321312964850232,3.0202180937395373,-7.025021420059126,-2.416162044038419,-0.1995522597793174,-0.6295817725931393
50.0,short_slow,51.188187203334735,7.332670722832582,2.990663785280768,-6.935353339520045,-2.385321908499233,-0.19881281543715376,-0.6272488464704876
50.25000000000001,short_slow,51.438187203334735,7.3437107543916635,2.9613575690880976,-6.846510700035608,-2.3547656723571544,-0.1984172301720062,-0.6260007860740844
50.5,short_slow,51.688187203334735,7.354438937357468,2.9322991849316864,-6.758502554583425,-2.3244964492626026,-0.19836561326491783,-0.6258379361825501
50.75,short_slow,51.938187203334735,7.364861066800109,2.903488272424743,-6.671336931299245,-2.2945170003853614,-0.19865807061587498,-0.6267606309073662
51.0,short_slow,52.188187203334735,7.37498285428134,2.8749243756527325,-6.585020878895414,-2.2648297500356516,-0.198959837343254,-0.6277126964532188
51.25,short_slow,52.438187203334735,7.384809927254386,2.846606947667975,-6.499560510913652,-2.2354368008842807,-0.19927072846599714,-0.6286935492100683
51.5,short_slow,52.688187203334735,7.394347828603161,2.818535354850433,-6.414961048791406,-2.2063399487747373,-0.19959055988074104,-0.6297026083369763
51.75,short_slow,52.938187203334735,7.403602016312344,2.790708881135704,-6.331226863726608,-2.177540697122014,-0.19991914836181676,-0.6307392957621055
52.0,short_slow,53.188187203334735,7.412577863260122,2.7631267321115494,-6.24836151733049,-2.1490402708946,-0.20025631156124943,-0.6318030361827188
52.25,short_slow,53.438187203334735,7.421280657125757,2.7357880389844556,-6.166367801062807,-2.1208396301776977,-0.20060186800875876,-0.632893257065181
52.50000000000001,short_slow,53.688187203334735,7.429715600404456,2.708691862417905,-6.08524777444786,-2.0929394833171107,-0.20095563711175873,-0.6340093886449573
52.75,short_slow,53.938187203334735,7.437887810522341,2.6818371962442247,-6.005002802073557,-2.0653402996445758,-0.20131743915535777,-0.6351508639266142
53.0,short_slow,54.188187203334735,7.445802320044665,2.655222971052026,-5.9256335893791645,-2.0380423217864827,-0.20168709530235857,-0.6363171186838197
53.25,short_slow,54.438187203334735,7.453464076970739,2.6288480576513504,-5.847140217240469,-2.011045577558975,-0.20206442759325804,-0.6375075914593414
53.5,short_slow,54.688187203334735,7.460877945109258,2.6027112704188116,-5.769522175363871,-1.9843498914534028,-0.20244925894624777,-0.6387217235650496
53.75,short_slow,54.938187203334735,7.468048704528172,2.576811370525015,-5.692778394503378,-1.957954895716925,-0.2028414131572133,-0.6399589590819141
54.0,short_slow,55.188187203334735,7.4749810520733595,2.5511470690467353,-5.616907277516678,-1.9318600410338316,-0.2032407148997348,-0.6412187448600066
54.25,short_slow,55.438187203334735,7.4816796019507485,2.525717029966329,-5.541906729278428,-1.9060646068138163,-0.20364698972508669,-0.6425005305184996
54.5,short_slow,55.688187203334735,7.488148886366812,2.5005198730609215,-5.467774185470531,-1.8805677110940096,-0.20406006406223776,-0.6438037684456668
54.75000000000001,short_slow,55.938187203334735,7.494393356222522,2.47555417668396,-5.394506640270722,-1.8553683200620945,-0.2044797652178512,-0.6451279137988826
55.0,short_slow,56.188187203334735,7.500417381856243,2.4508184804417907,-5.322100672961983,-1.8304652572082607,-0.20490592137628433,-0.6464724245046222
55.25,short_slow,56.438187203334735,7.506225253831162,2.426311287767841,-5.250552473486402,-1.8058572121141103,-0.20533836159958901,-0.6478367612584621
55.5,short_slow,56.688187203334735,7.5118211837631605,2.4020310683971577,-5.1798578669679864,-1.781542748886952,-0.20577691582751145,-0.64922038752508
55.75,short_slow,56.938187203334735,7.517209305185267,2.3779762607438846,-5.11001233722965,-1.7575203142481541,-0.20622141487749215,-0.6506227695382544
56.0,short_slow,57.188187203334735,7.5223936744449444,2.3541452741844004,-5.041011049330192,-1.7337882452844362,-0.206671690444666,-0.6520433763008648
56.25,short_slow,57.438187203334735,7.527378271630873,2.3305364912487607,-4.972848871147496,-1.710344776871122,-0.20712757510186214,-0.6534816795848916
56.5,short_slow,57.688187203334735,7.532167001525835,2.3071482697230654,-4.9055203940345224,-1.6871880487764896,-0.20758890229960417,-0.6549371539314164
56.75,short_slow,57.938187203334735,7.536763694582719,2.2839789446654213,-4.839019952574832,-1.664316112456422,-0.20805550636610992,-0.6564092766506215
57.00000000000001,short_slow,58.188187203334735,7.541172107920741,2.2610268303380447,-4.773341643464515,-1.6417269375485917,-0.2085272225072917,-0.6578975278217907
57.25,short_slow,58.438187203334735,7.545395926339138,2.2382902220581156,-4.70847934354734,-1.6194184180754092,-0.20900388680675613,-0.6594013902933086
57.5,short_slow,58.688187203334735,7.549438763345833,2.2157673979699046,-4.644426727029938,-1.5973883783649547,-0.20948533622580406,-0.6609203496826601
57.74999999999999,short_slow,58.938187203334735,7.553304162198656,2.1934566207406556,-4.5811772819035745,-1.575634578699028,-0.20997140860343083,-0.6624538943764323
58.00000000000001,short_slow,59.188187203334735,7.556995596956901,2.1713561391827203,-4.518724325598935,-1.554154720697401,-0.21046194265632606,-0.6640015155303126
58.25,short_slow,59.438187203334735,7.5605164735411385,2.1494641898043203,-4.45706101989999,-1.5329464524472414,-0.2109567779788737,-0.6655627070690893
58.5,short_slow,59.688187203334735,7.563870130799307,2.1277789982913466,-4.396180385142708,-1.5120073733865727,-0.21145575504315214,-0.6671369656866522
58.75,short_slow,59.938187203334735,7.567059841577288,2.1062987809224936,-4.336075313723972,-1.4913350389504811,-0.21195871519893394,-0.6687237908459914
59.00000000000001,short_slow,60.188187203334735,7.570088813792279,2.0850217459200207,-4.276738582945634,-1.4709269649886596,-0.21246550067368625,-0.6703226847791991
59.25000000000001,short_slow,60.438187203334735,7.5729601915073514,2.0639460947383825,-4.218162867218205,-1.450780631962702,-0.21297595457257035,-0.6719331524874672
59.5,short_slow,60.688187203334735,7.575677056005757,2.043070023292868,-4.160340749648141,-1.430893488931394,-0.21348992087844204,-0.6735547017410898
59.75,short_slow,60.938187203334735,7.578242426863625,2.022391723130409,-4.1032647330322005,-1.4112629573320783,-0.21400724445185124,-0.6751868430794608
59.99999999999999,short_slow,61.188187203334735,7.580659263019787,2.0019093825446324,-4.046927250281807,-1.3918864345659707,-0.21452777103104254,-0.6768290898110765
60.25000000000001,short_slow,61.438187203334735,7.5829304638415564,1.981621187637149,-3.991320674299777,-1.3727612973951306,-0.21505134723195454,-0.6784809580135328
60.5,short_slow,61.688187203334735,7.585058870185406,1.9615253233270877,-3.9364373273312205,-1.3538849051585786,-0.21557782054822044,-0.6801419665335277
60.75,short_slow,61.938187203334735,7.587047265451566,1.9416199743107514,-3.8822694898098566,-1.3352546028148657,-0.21610703935116762,-0.6818116369868594
61.0,short_slow,62.188187203334735,7.588898376631604,1.9219033259733105,-3.828809408720344,-1.316867723818188,-0.21663885288981793,-0.6834894937584277
61.25000000000001,short_slow,62.438187203334735,7.590614875348194,1.9023735652542788,-3.776049305496709,-1.2987215928349427,-0.21717311129088748,-0.6851750640022332
61.50000000000001,short_slow,62.688187203334735,7.592199378886283,1.8830288814686158,-3.723981383476315,-1.280813528307423,-0.21770966555878676,-0.6868678776413771
61.75,short_slow,62.938187203334735,7.593654451214994,1.8638674670850706,-3.67259783492822,-1.2631408448711257,-0.21824836757562063,-0.6885674673680625
62.0,short_slow,63.188187203334735,7.5949826039996156,1.8448875184635063,-3.6218908476742158,-1.2457008556319706,-0.21878907010118823,-0.6902733686435925
62.24999999999999,short_slow,63.438187203334735,7.59618629760312,1.8260872365527665,-3.5718526113202116,-1.2284908743095009,-0.21933162677298315,-0.6919851196983721
62.50000000000001,short_slow,63.688187203334735,7.597267942076706,1.8074648275506506,-3.5224753231150747,-1.2115082172519522,-0.21987589210619327,-0.6937022615319066
62.75,short_slow,63.938187203334735,7.598229898138875,1.7890185035275183,-3.473751193453448,-1.194750205328874,-0.22042172149370068,-0.6954243379128023
63.0,short_slow,64.18818720333473,7.599074478142699,1.7707464830149569,-3.4256724510385124,-1.1782141657067928,-0.22096897120608208,-0.6971508953787674
63.25,short_slow,64.43818720333473,7.59980394703082,1.7526469915609635,-3.3782313477200665,-1.1618974335132035,-0.22151749839160834,-0.69888148323661
63.50000000000001,short_slow,64.68818720333473,7.600420523277969,1.7347182622529678,-3.3314201630228046,-1.145797353394011,-0.22206716107624472,-0.7006156535622399
63.75000000000001,short_slow,64.93818720333473,7.600926379820633,1.7169585362100488,-3.285231208379082,-1.1299112809693326,-0.2226178181636509,-0.7023529612006678
64.0,short_slow,65.18818720333473,7.601323644973693,1.6993660630455998,-3.239656831079957,-1.1142365841924073,-0.22316932943518072,-0.7040929637660049
64.25,short_slow,65.43818720333473,7.601614403333797,1.6819391013016882,-3.1946894179577683,-1.0987706446161671,-0.2237215555498826,-0.7058352216414643
64.5,short_slow,65.68818720333473,7.601800696669316,1.6646759188562883,-3.1503213988130296,-1.083510858571873,-0.22427435804449908,-0.7075792979793591
64.75,short_slow,65.93818720333473,7.601884524796703,1.6475747933045648,-3.106545249597879,-1.0684546382640179,-0.22482759933346724,-0.7093247587011043
65.0,short_slow,66.18818720333473,7.601867846443216,1.6306340123152747,-3.063353495367907,-1.0535994127855715,-0.22538114270891837,-0.7110711724972153
65.25,short_slow,66.43818720333473,7.6017525800958445,1.6138518739633732,-3.020738713013666,-1.0389426290574433,-0.22593485234067828,-0.712818110827309
65.5,short_slow,66.68818720333473,7.601540604836428,1.597226687039897,-2.9786935337827454,-1.0244817526959178,-0.22648859327626683,-0.7145651479201024
65.75,short_slow,66.93818720333473,7.601233761162887,1.5807567713400252,-2.9372106456028324,-1.0102142688116407,-0.22704223144089855,-0.7163118607734147
66.0,short_slow,67.18818720333473,7.600833851796624,1.5644404579303859,-2.8962827952157775,-0.9961376827436009,-0.22759563363748206,-0.7180578291541652
66.25,short_slow,67.43818720333473,7.600342642476029,1.5482760893964387,-2.8559027901322485,-0.9822495207314087,-0.22814866754662053,-0.7198026355983745
66.5,short_slow,67.68818720333473,7.599761862736115,1.5322620200708692,-2.816063500416156,-0.9685473305290245,-0.22870120172661138,-0.7215458654111646
66.75,short_slow,67.93818720333473,7.599093206674386,1.516396616243847,-2.7767578603076735,-0.9550286819629751,-0.22925310561344636,-0.7232871066667579
67.0,short_slow,68.18818720333473,7.5983383337029355,1.5006782563559673,-2.737978869693261,-0.9416911674379479,-0.22980424952081163,-0.7250259502084782
67.25,short_slow,68.43818720333473,7.597498869286862,1.4851053311746392,-2.6997195954307682,-0.9285324023925435,-0.23035450464008755,-0.7267619896487495
67.5,short_slow,68.68818720333473,7.596576405669072,1.4696762439547322,-2.6619731725373272,-0.9155500257078348,-0.23090374304034902,-0.728494821369098
67.75,short_slow,68.93818720333473,7.595572502581622,1.454389410584175,-2.624732805247427,-0.9027417000712775,-0.23145183766836522,-0.7302240445201504
68.0,short_slow,69.18818720333473,7.594488687943604,1.4392432597152318,-2.587991767948203,-0.8901051122983912,-0.23199866234859962,-0.7319492610216342
68.25,short_slow,69.43818720333473,7.593326458545798,1.4242362328821079,-2.551743405998699,-0.8776379736145321,-0.23254409178321006,-0.733670075562378
68.5,short_slow,69.68818720333473,7.592087280722138,1.4093667846055662,-2.515981136439533,-0.8653380198989745,-0.23308800155204873,-0.7353860956003112
68.75,short_slow,69.93818720333473,7.590772591008174,1.3946333824851598,-2.4806984485991084,-0.8532030118934085,-0.23363026811266224,-0.7370969313624649
69.0,short_slow,70.18818720333473,7.58938379678663,1.3800345072796754,-2.4458889046022545,-0.84123073537688,-0.23417076880029142,-0.7388021958449704
69.25,short_slow,70.43818720333473,7.587922276920247,1.3655686529763797,-2.4115461397868705,-0.8294190013090897,-0.23470938182787154,-0.7405015048130605
69.5,short_slow,70.68818720333473,7.586389382372028,1.351234326849608,-2.3776638630339373,-0.8177656459438967,-0.23524598628603224,-0.7421944768010692
69.75,short_slow,70.93818720333473,7.584786436813059,1.3370300495092353,-2.3442358570159714,-0.8062685309147701,-0.23578046214309736,-0.7438807331124305
70.0,short_slow,71.18818720333473,7.583114737218079,1.3229543549395273,-2.3112559783687874,-0.7949255432938658,-0.23631269024508525,-0.7455598978196806
70.25,short_slow,71.43818720333473,7.581375554448945,1.3090057905288703,-2.2787181577911775,-0.7837345956263081,-0.23684255231570855,-0.7472315977644559
70.5,short_slow,71.68818720333473,7.579570133826172,1.295182917090837,-2.246616400076925,-0.7726936259412018,-0.23736993095637415,-0.7488954625574941
70.75,short_slow,71.93818720333473,7.577699695688737,1.281484308877058,-2.214944784083341,-0.7618005977408104,-0.23789470964618345,-0.7505511245786339
71.0,short_slow,72.18818720333473,7.57576543594227,1.2679085535822896,-2.1836974626403185,-0.7510534999692761,-0.23841677274193213,-0.752198218976815
71.25,short_slow,72.43818720333473,7.57376852659591,1.2544542523421387,-2.1528686624036926,-0.7404503469621851,-0.23893600547811017,-0.7538363836700782
71.5,short_slow,72.68818720333473,7.571710116287857,1.2411200197238004,-2.1224526836565314,-0.729989178378225,-0.23945229396690193,-0.7554652593455651
71.75,short_slow,72.93818720333473,7.5695913307999785,1.2279044837102089,-2.092443900061789,-0.7196680591141118,-0.2399655251981862,-0.7570844894595185
72.0,short_slow,73.18818720333473,7.567413273561489,1.2148062856779513,-2.0628367583695773,-0.7094850792039115,-0.2404755870395359,-0.7586937202372815
72.25,short_slow,73.43818720333473,7.565177026141987,1.2018240803693039,-2.033625778082168,-0.6994383537038206,-0.2409823682362186,-0.7602926006732997
72.5,short_slow,73.68818720333473,7.562883648734004,1.188956535858705,-2.0048055510796714,-0.6895260225634242,-0.2414857584111959,-0.7618807825311181
72.75,short_slow,73.93818720333473,7.560534180625232,1.1762023335140053,-1.9763707412091804,-0.6797462504843875,-0.24198564806512393,-0.7634579203433836
73.0,short_slow,74.18818720333473,7.558129640660628,1.1635601679527818,-1.9483160838400444,-0.6700972267674977,-0.24248192857635323,-0.765023671411844
73.25,short_slow,74.43818720333473,7.55567102769458,1.1510287469939993,-1.920636385387789,-0.6605771651489233,-0.24297449220092845,-0.7665776958073479
73.5,short_slow,74.68818720333473,7.553159321033304,1.1386067916053362,-1.8933265228090674,-0.6511843036265086,-0.24346323207258888,-0.7681196563698451
73.75,short_slow,74.93818720333473,7.55059548086766,1.126293035846388,-1.866381443069913,-0.6419169042768871,-0.24394804220276792,-0.7696492187083863
74.0,short_slow,75.18818720333473,7.547980448696551,1.1140862268080447,-1.8397961625894355,-0.6327732530641474,-0.24442881748059345,-0.7711660512011232
74.25,short_slow,75.43818720333473,7.545315147741143,1.1019851245482668,-1.8135657666609983,-0.623751659640756,-0.24490545367288752,-0.7726698249953083
74.5,short_slow,75.68818720333473,7.542600483349954,1.089988502024482,-1.787685408852797,-0.6148504571413929,-0.24537784742416682,-0.7741602140072957
74.75,short_slow,75.93818720333473,7.539837343395156,1.0780951450228597,-1.762150310389662,-0.6060680019703322,-0.24584589625664216,-0.77563689492254
75.0,short_slow,76.18818720333473,7.537026598660112,1.0663038520846295,-1.7369557595178144,-0.5974026735829575,-0.2463094985702188,-0.7770995471955968
75.25,short_slow,76.43818720333473,7.534169103218412,1.0546134344296796,-1.7120971108541927,-0.5888528742619722,-0.24676855364249617,-0.7785478530501228
75.5,short_slow,76.68818720333473,7.53126569480455,1.0430227158776164,-1.687569784721905,-0.5804170288888365,-0.24722296162876836,-0.7799814974788759
75.75,short_slow,76.93818720333473,7.52831719517639,1.031530532766468,-1.66336926647325,-0.57209358471093,-0.24767262356202357,-0.7814001682437149
76.0,short_slow,77.18818720333473,7.5253244104696275,1.0201357338692083,-1.639491105801685,-0.5638810111049123,-0.24811744135294436,-0.7828035558755992
76.25,short_slow,77.43818720333473,7.522288131544373,1.008837180308269,-1.6159309160440392,-0.5557777993367284,-0.2485573177899077,-0.7841913536745898
76.5,short_slow,77.68818720333473,7.519209134324038,0.9976337454682067,-1.5926843734741902,-0.5477824623186786,-0.2489921565389849,-0.7855632577098484
76.75,short_slow,77.93818720333473,7.51608818012669,0.9865243149066525,-1.5697472165893611,-0.5398935343639489,-0.24942186214394163,-0.7869189668196377
77.0,short_slow,78.18818720333473,7.5129260159889855,0.975507786263738,-1.5471152453901178,-0.5321095709389774,-0.24984634002623785,-0.7882581826113214
77.25,short_slow,78.43818720333473,7.509723374982931,0.964583069170073,-1.524784320655093,-0.5244291484140036,-0.250265496485028,-0.7895806094613647
77.5,short_slow,78.68818720333473,7.506480976525504,0.953749085153452,-1.5027503632114003,-0.5168508638121383,-0.2506792386971606,-0.7908859545153325
77.75,short_slow,78.93818720333473,7.503199526681382,0.9430047675444078,-1.481009353201632,-0.5093733345572568,-0.25108747471717885,-0.7921739276878924
78.0,short_slow,79.18818720333473,7.499879718458882,0.9323490613807093,-1.459557329348306,-0.5019951982210152,-0.25149011347732,-0.7934442416628116
78.25,short_slow,79.43818720333473,7.4965222320992595,0.9217809233109451,-1.4383903882165392,-0.49471511226925735,-0.2518870647875159,-0.7946966118929591
78.5,short_slow,79.68818720333473,7.493127735359518,0.9112993214972729,-1.4175046834757161,-0.48753175380807484,-0.2522782393353925,-0.7959307566003047
78.75,short_slow,79.93818720333473,7.489696883788846,0.9009032355174753,-1.3968964251608345,-0.4804438193297573,-0.25266354868627033,-0.797146396775919
79.0,short_slow,80.18818720333473,7.486230320998878,0.8905916562663632,-1.3765618789341973,-0.47345002445886114,-0.2530429052831642,-0.7983432561799743
79.25,short_slow,80.43818720333473,7.482728678927831,0.8803635858566721,-1.3564973653480592,-0.4665491036986064,-0.2534162224467831,-0.7995210613417426
79.5,short_slow,80.68818720333473,7.479192578098716,0.8702180375195208,-1.336699259108801,-0.45973981017779986,-0.25378341437553054,-0.8006795415595982
79.75,short_slow,80.93818720333473,7.4756226278717355,0.8601540355044999,-1.317163988343165,-0.4530209153984661,-0.2541443961455043,-0.8018184289010156
80.0,short_slow,81.18818720333473,7.472019426690964,0.8501706149794885,-1.2978880338670609,-0.44639120898436335,-0.2544990837104967,-0.8029374582025709
80.25,short_slow,81.43818720333473,7.468383562325508,0.840266821930264,-1.2788679284573905,-0.4398494984305372,-0.25484739390199407,-0.8040363670699407
80.5,short_slow,81.68818720333473,7.464715612105169,0.8304417130599879,-1.2601002561273378,-0.4333946088540665,-0.2551892444291773,-0.8051148958779027
80.75,short_slow,81.93818720333473,7.461016143150855,0.8206943556886084,-1.2415816514055174,-0.4270253827461358,-0.2555245538789216,-0.8061727877703359
81.0,short_slow,82.18818720333473,7.457285712599707,0.8110238276522859,-1.2233087986193547,-0.4207406797255639,-0.2558532417157966,-0.8072097886602202
81.25,short_slow,82.43818720333473,7.453524867825221,0.8014292172028497,-1.2052784311830456,-0.41453937629390686,-0.256175228282066,-0.8082256472296359
81.5,short_slow,82.68818720333473,7.449734146652349,0.7919096229073834,-1.1874873308904055,-0.4084203655922433,-0.2564904347976883,-0.8092201149297653
81.75,short_slow,82.93818720333473,7.445914077567748,0.7824641535479793,-1.1699323272129107,-0.40238255715974447,-0.2567987833603158,-0.8101929459808908
82.0,short_slow,83.18818720333473,7.442065179925285,0.7730919280217021,-1.1526102966031917,-0.39642487669412074,-0.2571001969452957,-0.8111438973723967
82.25,short_slow,83.43818720333473,7.438187964146891,0.7637920752408256,-1.135518161804234,-0.39054626581403,-0.2573945994056691,-0.8120727288627675
82.5,short_slow,83.68818720333473,7.43428293191889,0.7545637340333773,-1.1186528911645066,-0.3847456818235257,-0.2576819154721717,-0.8129792029795888
82.75,short_slow,83.93818720333473,7.430350576383869,0.745406053044035,-1.1020114979592246,-0.3790220974786138,-0.25796207075323346,-0.8138630850195481
83.0,short_slow,84.18818720333473,7.426391382328225,0.7363181906354224,-1.0855910397179385,-0.3733745007559864,-0.2582349917349787,-0.8147241430484325
83.25,short_slow,84.43818720333473,7.422405826365475,0.7272993147898257,-1.0693886175586118,-0.3678018946239865,-0.258500605781226,-0.8155621479011311
83.5,short_slow,84.68818720333473,7.418394377115418,0.7183486030113762,-1.0534013755283473,-0.3623032968158597,-0.25875884113348857,-0.8163768731816339
83.75,short_slow,84.93818720333473,7.414357495379265,0.7094652422287369,-1.0376264999508937,-0.35687773960533786,-0.2590096269109736,-0.8171680952630315
84.0,short_slow,85.18818720333473,7.410295634310777,0.700648428698317,-1.0220612187810547,-0.35152426958459676,-0.2592528931105829,-0.8179355932875159
84.25,short_slow,85.43818720333473,7.406209239583591,0.6918973679080436,-1.0067028009661136,-0.3462419474446264,-0.2594885706069125,-0.8186791491663797
84.5,short_slow,85.68818720333473,7.402098749554723,0.6832112744817027,-0.9915485558143597,-0.34102984775804457,-0.25971659115225276,-0.8193985475800171
84.75,short_slow,85.93818720333473,7.397964595424403,0.6745893720839162,-0.9765958323708072,-0.33588705876438324,-0.2599368873765885,-0.8200935759779227
85.0,short_slow,86.18818720333473,7.393807201392303,0.6660308933257308,-0.9618420188001702,-0.33081268215787146,-0.26014939278759874,-0.8207640245786924
85.25,short_slow,86.43818720333473,7.389626984810238,0.6575350796708697,-0.9472845417771567,-0.32580583287773496,-0.260354041770657,-0.8214096863700231
85.5,short_slow,86.68818720333473,7.385424356331421,0.6491011813426537,-0.9329208658841289,-0.3208656389010294,-0.260550769588831,-0.8220303571087124
85.75,short_slow,86.93818720333473,7.381199720056369,0.6407284572316234,-0.9187484930161697,-0.31599124103802123,-0.26073951238288295,-0.8226258353206596
86.0,short_slow,87.18818720333473,7.376953473675499,0.632416174803863,-0.9047649617935855,-0.3111817927301256,-0.26092020717126924,-0.8231959223008641
86.25,short_slow,87.43818720333473,7.372686008608534,0.6241636100100565,-0.8909678469818629,-0.30643645985040835,-0.2610927918501407,-0.823740422113427
86.5,short_slow,87.68818720333473,7.368397710140767,0.6159700471952778,-0.877354758919101,-0.3017544205066591,-0.2612572051933427,-0.8242591415915503
86.75,short_slow,87.93818720333473,7.364088957556249,0.6078347790095435,-0.8639233429509146,-0.2971348648470338,-0.26141338685241455,-0.8247518903375366
87.0,short_slow,88.18818720333473,7.359760124268007,0.5997571063191214,-0.8506712788728142,-0.29257699486826844,-0.2615612773565902,-0.8252184807227899
87.25,short_slow,88.43818720333473,7.355411577945301,0.5917363381186216,-0.8375962803800521,-0.2880800242264614,-0.26170081811279783,-0.825658727887815
87.5,short_slow,88.68818720333473,7.351043680638061,0.5837717914438794,-0.8246960945249207,-0.28364317805041833,-0.26183195140566007,-0.8260724497422178
87.75,short_slow,88.93818720333473,7.3466567888985,0.5758627912856236,-0.8119685011814822,-0.27926569275755314,-0.2619546203974938,-0.8264594669647053
88.0,short_slow,89.18818720333473,7.34225125390002,0.5680086705039482,-0.7994113125177075,-0.27494681587233694,-0.2620687691283103,-0.8268196030030853
88.25,short_slow,89.43818720333473,7.337827421553451,0.5602087697436127,-0.7870223724749883,-0.2706858058472837,-0.2621743425158151,-0.8271526840742667
88.5,short_slow,89.68818720333473,7.333385632620666,0.5524624373501332,-0.7747995562549943,-0.2664819318864612,-0.26227128635540825,-0.8274585391642593
88.75,short_slow,89.93818720333473,7.3289262228256815,0.544769029286722,-0.76274076981383,-0.2623344737715134,-0.262359547320184,-0.8277370000281742
89.0,short_slow,90.18818720333473,7.324449522963252,0.5371279090520287,-0.7508439493634528,-0.2582427216901796,-0.26243907296093105,-0.827987901190223
89.25,short_slow,90.43818720333473,7.319955859005047,0.5295384475987346,-0.7391070608803015,-0.25420597606729395,-0.2625098117061323,-0.8282110799437189
89.5,short_slow,90.68818720333473,7.315445552203445,0.5220000232529651,-0.7275280996210882,-0.25022354739824837,-0.2625717128619651,-0.8284063763510755
89.75,short_slow,90.93818720333473,7.310918919193037,0.5145120216345509,-0.7161050896456971,-0.24629475608490034,-0.26262472661230124,-0.828573633243808
90.0,short_slow,91.18818720333473,7.306376272089822,0.5070738355781184,-0.7048360833471358,-0.24241893227390554,-0.2626688040187067,-0.8287126962225321
90.25,short_slow,91.43818720333473,7.301817918588239,0.49968486505501897,-0.6937191609884797,-0.23859541569745635,-0.2627038970204418,-0.8288234136569647
90.5,short_slow,91.68818720333473,7.2972441620559945,0.4923445170961078,-0.682752430246748,-0.2348235555164039,-0.26272995843446134,-0.8289056366859239
90.75,short_slow,91.93818720333473,7.292655301626816,0.48505220571535856,-0.6719340257636464,-0.23110271016574227,-0.26274694195541437,-0.8289592192173285
91.0,short_slow,92.18818720333473,7.288051632291127,0.4778073518343122,-0.6612621087031125,-0.22743224720243208,-0.26275480215564434,-0.8289840179281985
91.25,short_slow,92.43818720333473,7.283433444984695,0.470609383207377,-0.6507348663155965,-0.22381154315554042,-0.262753494485189,-0.8289798922646547
91.5,short_slow,92.68818720333473,7.278801026675332,0.46345773434795445,-0.6403505115090062,-0.22023998337867357,-0.2627429752717804,-0.8289467044419191
91.75,short_slow,92.93818720333473,7.274154660447658,0.4563518464554104,-0.630107282426247,-0.21671696190467712,-0.26272320172084507,-0.8288843194443144
92.0,short_slow,93.18818720333473,7.269494625585998,0.4492911673428819,-0.620003442029286,-0.2132418813025807,-0.26269413191550384,-0.828792605025265
92.25,short_slow,93.43818720333473,7.264821197655427,0.44227515136590956,-0.6100372776896646,-0.2098141525367601,-0.2626557248165718,-0.8286714317072953
92.5,short_slow,93.68818720333473,7.2601346485810225,0.4353032593518922,-0.6002071007853873,-0.20643319482829264,-0.2626079402625585,-0.8285206727820317
92.75,short_slow,93.93818720333473,7.255435246725399,0.42837495853039487,-0.5905112463041122,-0.20309843551847984,-0.2625507389696678,-0.828340204310201
93.0,short_slow,94.18818720333473,7.250723256964466,0.42148972246425087,-0.5809480724525657,-0.19980930993451074,-0.26248408253179784,-0.8281299051216309
93.25,short_slow,94.43818720333473,7.245998940761574,0.4146470309814938,-0.5715159602721066,-0.19656526125724053,-0.26240793342054125,-0.8278896568152507
93.5,short_slow,94.68818720333473,7.24126255623999,0.40784637010810876,-0.5622133132603612,-0.1933657403910568,-0.26232225498518486,-0.8276193437590902
93.75,short_slow,94.93818720333473,7.23651435825379,0.401087232001593,-0.5530385569988544,-0.19021020583580844,-0.2622270114527098,-0.8273188530902801
94.0,short_slow,95.18818720333473,7.231754598457183,0.3943691148853117,-0.5439901387865574,-0.18709812356076908,-0.2621221679277919,-0.8269880747150528
94.25,short_slow,95.43818720333473,7.226983525372311,0.3876915229836726,-0.5350665272792735,-0.18402896688060874,-0.262007690392801,-0.8266269013087411
94.5,short_slow,95.68818720333473,7.222201384455577,0.3810539664580843,-0.5262662121347867,-0.18100221633334757,-0.26188354570780126,-0.8262352283157789
94.75,short_slow,95.93818720333473,7.21740841816248,0.37445596134371506,-0.5175877036636917,-0.17801735956026327,-0.2617497016105514,-0.8258129539497011
95.0,short_slow,96.18818720333473,7.2126048660110555,0.3678970294870276,-0.5090295324858308,-0.17507389118772743,-0.26160612671650435,-0.8253599791931437
95.25,short_slow,96.43818720333473,7.2077909646439275,0.36137669848410914,-0.5005902491922561,-0.17217131271094163,-0.2614527905188075,-0.8248762077978439
95.5,short_slow,96.68818720333473,7.202966947888976,0.3548945016197651,-0.49226842401264226,-0.16930913237954884,-0.2612896633883024,-0.8243615462846392
95.75,short_slow,96.93818720333473,7.198133046818697,0.3484499778073862,-0.4840626464880694,-0.1664868650850913,-0.26111671657352514,-0.8238159039434689
96.00000000000001,short_slow,97.18818720333473,7.19328948980827,0.34204267152957524,-0.4759715251491016,-0.16370403225028998,-0.2609339222007061,-0.8232391928333731
96.25,short_slow,97.43818720333473,7.188436502592329,0.335672132779556,-0.4679936871990816,-0.16096016172011793,-0.26074125327376996,-0.8226313277824926
96.5,short_slow,97.68818720333473,7.183574308320528,0.32933791700328685,-0.460127778202566,-0.15825478765464193,-0.26053868367433586,-0.8219922263880697
96.75,short_slow,97.93818720333473,7.178703127611873,0.32303958504236485,-0.45237246177882506,-0.15558745042360572,-0.26032618816171704,-0.8213218090164469
97.0,short_slow,98.18818720333473,7.173823178607871,0.3167767030776498,-0.44472641930032997,-0.15295769650272872,-0.26010374237292133,-0.8206199988030685
97.25,short_slow,98.43818720333473,7.168934677024535,0.31054884257362314,-0.4371883495961535,-0.1503650783716948,-0.2598713228226508,-0.8198867216524792
97.5,short_slow,98.68818720333473,7.164037836203253,0.304355580223473,-0.4297569686602088,-0.14780915441380468,-0.259628906903302,-0.8191219062383255
97.75,short_slow,98.93818720333473,7.159132867160532,0.2981964978948981,-0.4224310093642515,-0.1452894888172671,-0.25937647288496546,-0.8183254840033537
98.0,short_slow,99.18818720333473,7.154219978636703,0.29207118257663733,-0.415209221175572,-0.14280565147810276,-0.25911399991542644,-0.8174973891594121
98.25000000000001,short_slow,99.43818720333473,7.149299377143524,0.2859792263256864,-0.4080903698793055,-0.14035721790463643,-0.2588414680201646,-0.8166375586874501
98.5,short_slow,99.68818720333473,7.144371267010781,0.27992022621523605,-0.4010732373052854,-0.1379437691235521,-0.2585588581023536,-0.8157459323375174
98.75,short_slow,99.93818720333473,7.139435850431882,0.2738937842832896,-0.3941566210593699,-0.1355648915874862,-0.2582661519428616,-0.8148224526287651
99.0,short_slow,100.18818720333473,7.134493327508434,0.2678995074819701,-0.38733933425917116,-0.13322017708413517,-0.2579633322002512,-0.8138670648494449
99.25,short_slow,100.43818720333473,7.129543896293889,0.2619370076275116,-0.3806202052741149,-0.1309092226468525,-0.2576503824107792,-0.8128797170569102
99.5,short_slow,100.68818720333473,7.124587752836243,0.2560059013509388,-0.3739980774697614,-0.1286316304667114,-0.2573272869883969,-0.811860360077615
99.75,short_slow,100.93818720333473,7.1196250912197865,0.2501058100493698,-0.36747180895631987,-0.12638700780600956,-0.2569940312247498,-0.8108089475071141
100.0,short_slow,101.18818720333473,7.114656103605984,0.2442363598380397,-0.3610402723412875,-0.1241749669131928,-0.25665060128917777,-0.8097254357100636
100.25,short_slow,101.43818720333473,7.10968098027347,0.23839718150292066,-0.3547023544861454,-0.12199512493917375,-0.2562969842287151,-0.8086097838202205
100.50000000000001,short_slow,101.68818720333473,7.104699909657162,0.23258791045403582,-0.3484569562670441,-0.119847103855023,-0.25593316796809046,-0.8074619537404429
100.75,short_slow,101.93818720333473,7.0997130783865625,0.2268081866793774,-0.342302992339416,-0.11773053037101056,-0.25555914130972673,-0.80628191014269
101.0,short_slow,102.18818720333473,7.094720671323216,0.22105765469949423,-0.3362393909064446,-0.11564503585697401,-0.2551748939337412,-0.8050696204680216
101.25,short_slow,102.43818720333473,7.089722871597361,0.21533596352266082,-0.33026509349133126,-0.11359025626399276,-0.2547804163979455,-0.8038250549265985
101.5,short_slow,102.68818720333473,7.084719860643821,0.20964276660071857,-0.3243790547132927,-0.11156583204734527,-0.2543757001378458,-0.8025481864976836
101.75,short_slow,102.93818720333473,7.0797118182370955,0.20397772178549411,-0.3185802420672276,-0.10957140809072842,-0.25396073746664216,-0.801238990929639
102.0,short_slow,103.18818720333473,7.074698922525718,0.1983404912858302,-0.31286763570699117,-0.10760663363171764,-0.25353552157522946,-0.7998974467399292
102.25,short_slow,103.43818720333473,7.069681350065876,0.19273074162523818,-0.30724022823221503,-0.10567116218844655,-0.2531000465321967,-0.7985235352151195
102.5,short_slow,103.68818720333473,7.0646592758543,0.18714814360012255,-0.301697024478614,-0.10376465148748568,-0.2526543072838272,-0.7971172404108755
102.75000000000001,short_slow,103.93818720333473,7.059632873360471,0.18159237223859392,-0.29623704131171846,-0.10188676339289952,-0.25219829965409873,-0.7956785491519645
103.0,short_slow,104.18818720333473,7.054602314558127,0.176063106759889,-0.2908593074239755,-0.10003716383646225,-0.25173202034468334,-0.7942074510322544
103.25,short_slow,104.43818720333473,7.049567769956088,0.170560030534328,-0.28556286313515966,-0.09821552274901156,-0.2512554669349475,-0.7927039384147145
103.5,short_slow,104.68818720333473,7.044529408628453,0.165082831043871,-0.28034676019603716,-0.09642151399292169,-0.25076863788195186,-0.7911680064314146
103.75,short_slow,104.93818720333473,7.039487398244121,0.15963119984321983,-0.2752100615952264,-0.0946548152956756,-0.25027153252045164,-0.789599652983526
104.0,short_slow,105.18818720333473,7.034441905095705,0.15420483252148154,-0.2701518413692007,-0.09291510818451809,-0.24976415106289626,-0.7879988787413206
104.25,short_slow,105.43818720333473,7.029393094127833,0.14880342866438667,-0.26517118441537774,-0.09120207792217026,-0.24924649459942952,-0.7863656871441715
104.5,short_slow,105.68818720333473,7.024341128964817,0.14342669181704082,-0.2602671863082416,-0.08951541344358724,-0.24871856509788962,-0.784700084400553
104.75,short_slow,105.93818720333473,7.019286171937783,0.13807432944721043,-0.2554389531184458,-0.08785480729374108,-0.248180365403809,-0.78300207948804
105.00000000000001,short_slow,106.18818720333473,7.014228384111185,0.13274605290916464,-0.25068560123484324,-0.08621995556641035,-0.2476318992404146,-0.7812716841533087
105.25,short_slow,106.43818720333473,7.009167925308766,0.12744157740801,-0.2460062571893937,-0.08461055784395939,-0.24707317120862754,-0.7795089129121362
105.5,short_slow,106.68818720333473,7.004104954138985,0.1221606219645679,-0.24140005748489599,-0.08302631713808911,-0.24650418678706332,-0.7777137830494003
105.75,short_slow,106.93818720333473,6.99903962801989,0.11690290938075298,-0.23686614842549672,-0.08146693983154273,-0.24592495233203188,-0.7758863146190803
106.0,short_slow,107.18818720333473,6.9939721032034585,0.1116681662054666,-0.23240368594992553,-0.07993213562074929,-0.2453354750775375,-0.7740265304442565
106.25,short_slow,107.43818720333473,6.988902534799449,0.10645612270098592,-0.2280118354674084,-0.07842161745938825,-0.24473576313527867,-0.7721344561171096
106.5,short_slow,107.68818720333473,6.9838310767987215,0.10126651280985177,-0.2236897716962125,-0.07693510150285908,-0.2441258254946484,-0.7702101199989221
106.75,short_slow,107.93818720333473,6.978757882096076,0.09609907412224272,-0.21943667850477364,-0.07547230705363926,-0.24350567202273393,-0.7682535532200769
107.0,short_slow,108.18818720333473,6.973683102512621,0.09095354784384257,-0.2152517487553623,-0.07403295650751526,-0.24287531346431684,-0.7662647896800581
107.25000000000001,short_slow,108.43818720333473,6.968606888817638,0.08582967876418346,-0.21113418415024165,-0.07261677530067065,-0.24223476144187317,-0.7642438660474508
107.5,short_slow,108.68818720333473,6.963529390750016,0.08072721522544946,-0.2070831950802727,-0.07122349185761588,-0.2415840284555732,-0.7621908217599411
107.75,short_slow,108.93818720333473,6.958450757039224,0.0756459090917656,-0.20309800047592336,-0.06985283753994484,-0.24092312788328157,-0.7601056990243162
108.0,short_slow,109.18818720333473,6.953371135425837,0.07058551571894478,-0.1991778276606372,-0.06850454659590301,-0.24025207398055737,-0.7579885428164643
108.25,short_slow,109.43818720333473,6.94829067268163,0.06554579392468796,-0.1953219122065204,-0.06717835611075289,-0.2395708818806539,-0.7558394008813746
108.5,short_slow,109.68818720333473,6.943209514629259,0.06052650595923614,-0.19152949779230358,-0.06587400595792194,-0.23887956759451887,-0.7536583237331369
108.75,short_slow,109.93818720333473,6.9381278061615115,0.05552741747646772,-0.18779983606353826,-0.06459123875091893,-0.23817814801079432,-0.7514453646549425
109.0,short_slow,110.18818720333473,6.933045691260175,0.050548297505452755,-0.18413218649498758,-0.0633297997960052,-0.23746664089581665,-0.7492005796990835
109.25,short_slow,110.43818720333473,6.92796331301448,0.0455889184224203,-0.18052581625517,-0.06208943704560611,-0.2367450648936166,-0.7469240276869531
109.50000000000001,short_slow,110.68818720333473,6.922880813639179,0.04064905592317203,-0.17698000007301812,-0.06086990105245031,-0.23601343952591936,-0.7446157702090457
109.75,short_slow,110.93818720333473,6.917798334492237,0.03572848899591774,-0.17349402010661338,-0.05967094492442265,-0.23527178519214423,-0.7422758716249559
110.0,short_slow,111.18818720333473,6.91271601609215,0.0308269998945363,-0.17006716581395862,-0.05849232428011822,-0.234520123169405,-0.73990439906338
110.25,short_slow,111.43818720333473,6.907633998134906,0.025944374112250923,-0.16669873382575093,-0.05733379720508422,-0.2337584756125099,-0.7375014224221156
110.5,short_slow,111.68818720333473,6.9025524195105685,0.02108040035570813,-0.1633880278201188,-0.056195124208737526,-0.23298686555396134,-0.7350670143680603
110.75,short_slow,111.93818720333473,6.897471418319554,0.01623487051948569,-0.16013435839928658,-0.05507606818194507,-0.23220531690395618,-0.7326012503372136
111.0,short_slow,112.18818720333473,6.892391131888518,0.01140757966097139,-0.1569370429681311,-0.05397639435525499,-0.2314138544503856,-0.7301042085346755
111.25,short_slow,112.43818720333473,6.887311696785943,0.0065983259756761115,-0.1537954056145955,-0.0528958702577666,-0.23061250385883506,-0.7275759699346472
111.5,short_slow,112.68818720333473,6.8822332488373945,0.0018069107729030698,-0.15070877699192575,-0.05183426567662719,-0.22980129167258442,-0.7250166182804307
111.75000000000001,short_slow,112.93818720333473,6.877155923140444,-0.0029668615481552862,-0.1476764942026958,-0.05079135261714406,-0.22898024531260802,-0.7224262400844297
112.0,short_slow,113.18818720333473,6.872079854079285,-0.007723183521976207,-0.1446979006845892,-0.04976690526350063,-0.2281493930775743,-0.7198049246281477
112.25,short_slow,113.43818720333473,6.867005175339047,-0.012462244639847686,-0.14177234609790293,-0.04876069994006485,-0.22730876414384618,-0.7171527639621903
112.5,short_slow,113.68818720333473,6.861932019919813,-0.017184231372660896,-0.13889918621474256,-0.04777251507327942,-0.22645838856548098,-0.7144698529062636
112.75,short_slow,113.93818720333473,6.856860520150326,-0.02188932719332648,-0.13607778280987645,-0.0468021311541225,-0.22559829727423025,-0.7117562890491749
113.0,short_slow,114.18818720333473,6.851790807701424,-0.02657771259879471,-0.13330750355321844,-0.04584933070112862,-0.22472852207953997,-0.7090121727488321
113.25,short_slow,114.43818720333473,6.846723013599192,-0.0312495651317648,-0.13058772190390772,-0.044913898223958824,-0.22384909566855038,-0.7062376071322446
113.5,short_slow,114.68818720333473,6.841657268237828,-0.03590505940198785,-0.12791781700595684,-0.043995620187510236,-0.22296005160609617,-0.7034326980955224
113.75,short_slow,114.93818720333473,6.836593701392248,-0.04054436710723497,-0.12529717358543757,-0.04309428497655448,-0.2220614243347063,-0.7005975543038768
114.00000000000001,short_slow,115.18818720333473,6.831532442230424,-0.045167657053916344,-0.1227251818491755,-0.04220968286089508,-0.2211532491746041,-0.6977322871916201
114.25,short_slow,115.43818720333473,6.826473619325466,-0.049775095177339246,-0.12020123738492604,-0.04134160596103431,-0.22023556232370725,-0.6948370109621652
114.5,short_slow,115.68818720333473,6.821417360667443,-0.054366844561641425,-0.11772474106300188,-0.04048984821433928,-0.21930840085762784,-0.6919118425880267
114.75000000000001,short_slow,115.93818720333473,6.816363793674965,-0.05894306545936612,-0.11529509893932599,-0.039654205341698306,-0.2183718027296722,-0.6889569018108196
115.0,short_slow,116.18818720333473,6.811313045206512,-0.0635039153107142,-0.11291172215988211,-0.03883447481465796,-0.21742580677084106,-0.6859723111412602
115.25,short_slow,116.43818720333473,6.806265241571535,-0.06804954876245439,-0.11057402686653668,-0.038030455823031745,-0.21647045268982945,-0.6829581958591655
115.49999999999999,short_slow,116.68818720333473,6.80122050854131,-0.0725801176865084,-0.10828143410420508,-0.03724194924297121,-0.21550578107302684,-0.6799146840134539
115.75,short_slow,116.93818720333473,6.796178971359582,-0.0770957711982212,-0.10603336972933768,-0.036468757605490926,-0.21453183338451695,-0.6768419064221444
116.00000000000001,short_slow,117.18818720333473,6.791140754752975,-0.0815966556742782,-0.1038292643196995,-0.03571068506543842,-0.21354865196607795,-0.6737399966723575
116.25,short_slow,117.43818720333473,6.78610598294117,-0.08608291477034813,-0.10166855308541838,-0.03496753737090035,-0.21255628003718227,-0.6706090911203144
116.5,short_slow,117.68818720333473,6.781074779646888,-0.0905546894383753,-0.09955067578127828,-0.03423912183303703,-0.21155476169499668,-0.6674493288913371
116.74999999999999,short_slow,117.93818720333473,6.7760472681056605,-0.09501211794357323,-0.09747507662023266,-0.03352524729633645,-0.2105441419143824,-0.6642608518798492
117.0,short_slow,118.18818720333473,6.771023571075378,-0.09945533588110944,-0.09544120418811455,-0.032825724109279954,-0.20952446654789486,-0.6610438047493745
117.25000000000001,short_slow,118.43818720333473,6.76600381084565,-0.10388447619248886,-0.09344851135952044,-0.03214036409541168,-0.20849578232578392,-0.6577983349325385
117.5,short_slow,118.68818720333473,6.760988109246963,-0.10829966918162315,-0.09149645521484435,-0.031468980524803486,-0.20745813685599376,-0.6545245926310673
117.75,short_slow,118.93818720333473,6.755976587659648,-0.11270104253061985,-0.0895844969584408,-0.030811388085908227,-0.206411578624163,-0.6512227308157884
118.00000000000001,short_slow,119.18818720333473,6.750969367022642,-0.11708872131525938,-0.0877121018378933,-0.030167402857793214,-0.20535615699362444,-0.6478929052266297
118.25,short_slow,119.43818720333473,6.745966567842092,-0.12146282802017838,-0.08587873906436742,-0.02953684228274675,-0.20429192220540532,-0.6445352743726206
118.50000000000001,short_slow,119.68818720333473,6.740968310199737,-0.12582348255378006,-0.08408388173402738,-0.028919525139250377,-0.20321892537822728,-0.6411499995318914
118.74999999999999,short_slow,119.93818720333473,6.735974713761149,-0.13017080226284117,-0.08232700675049424,-0.028315271515309444,-0.2021372185085061,-0.6377372447516731
119.0,short_slow,120.18818720333473,6.730985897783781,-0.13450490194684273,-0.08060759474832586,-0.027723902782135053,-0.20104685447035223,-0.6342971768482983
119.25000000000001,short_slow,120.43818720333473,6.72600198112483,-0.13882589387201882,-0.07892513001749801,-0.027145241568170334,-0.19994788701557023,-0.6308299654072003
119.5,short_slow,120.68818720333473,6.7210230822489505,-0.14313388778512648,-0.07727910042886699,-0.02657911173345433,-0.19884037077365907,-0.6273357827829131
119.75,short_slow,120.93818720333473,6.716049319235806,-0.14742899092693262,-0.07566899736059378,-0.026025338344316567,-0.19772436125181198,-0.623814804099072
119.99999999999999,short_slow,121.18818720333473,6.711080809787424,-0.15171130804544486,-0.07409431562551126,-0.025483747648395966,-0.1965999148349167,-0.6202672072484133
120.25,short_slow,121.43818720333473,6.706117671235437,-0.155980941408858,-0.07255455339941404,-0.02495416704997711,-0.19546708878555527,-0.6166931728927745
120.50000000000001,short_slow,121.68818720333473,6.70116002054813,-0.16023799081823764,-0.07104921215025434,-0.024436425085638095,-0.194325941244004,-0.6130928844630936
120.75,short_slow,121.93818720333473,6.696207974337366,-0.16448255361993036,-0.06957779656822408,-0.023930351400203227,-0.19317653122823358,-0.6094665281594099
121.0,short_slow,122.18818720333473,6.691261648865312,-0.1687147247177334,-0.06813981449670593,-0.023435776722994538,-0.19201891863390907,-0.6058142929508638
121.24999999999999,short_slow,122.43818720333473,6.6863211600510875,-0.17293459658478127,-0.06673477686407543,-0.02295253284437604,-0.19085316423438986,-0.6021363705756965
121.5,short_slow,122.68818720333473,6.681386623477206,-0.17714225927518035,-0.06536219761633699,-0.022480452592584788,-0.18967932968072967,-0.5984329555412501
121.75000000000001,short_slow,122.93818720333473,6.676458154395899,-0.18133780043540249,-0.06402159365057641,-0.022019369810842775,-0.18849747750167664,-0.5947042451239682
122.0,short_slow,123.18818720333473,6.671535867735308,-0.185521305315401,-0.06271248474921388,-0.021569119334744105,-0.18730767110367313,-0.590950439369395
122.25,short_slow,123.43818720333473,6.666619878105522,-0.1896928567795042,-0.06143439351503992,-0.021129536969911492,-0.1861099747708561,-0.5871717410921761
122.50000000000001,short_slow,123.68818720333473,6.661710299804493,-0.19385253531702773,-0.06018684530701901,-0.02070045946991678,-0.18490445366505645,-0.5833683558760571
122.75,short_slow,123.93818720333473,6.656807246823804,-0.1980004190526805,-0.058969368176844575,-0.02028172451445987,-0.18369117382579978,-0.5795404920738858
123.00000000000001,short_slow,124.18818720333473,6.651910832854343,-0.2021365837566904,-0.057781492806229864,-0.019873170687800767,-0.18247020217030588,-0.5756883608076103
123.24999999999999,short_slow,124.43818720333473,6.647021171291789,-0.20626110285471055,-0.056622752444919065,-0.019474637457439322,-0.18124160649348897,-0.5718121759682803
123.5,short_slow,124.68818720333473,6.642138375242031,-0.21037404743747112,-0.05549268284940376,-0.019085965153037586,-0.18000545546795751,-0.5679121542160456
123.75000000000001,short_slow,124.93818720333473,6.637262557526437,-0.21447548627021584,-0.05439082222233034,-0.018706994945579803,-0.17876181864401433,-0.5639885149801576
124.0,short_slow,125.18818720333473,6.632393830686997,-0.2185654858018773,-0.053316711152582796,-0.018337568826764686,-0.17751076644965677,-0.5600414804589688
124.25,short_slow,125.43818720333473,6.627532306991355,-0.22264411017403551,-0.05226989255602754,-0.017977529588625384,-0.17625237019057627,-0.5560712756199325
124.49999999999999,short_slow,125.68818720333473,6.62267809843774,-0.2267114212296426,-0.05124991161690561,-0.017626720803372124,-0.1749867020501588,-0.5520781281996031
124.75,short_slow,125.93818720333473,6.617831316759739,-0.23076747852149904,-0.050256315729858794,-0.017284986803452876,-0.17371383508948463,-0.548062268703636
125.00000000000001,short_slow,126.18818720333473,6.612992073431004,-0.23481233932055412,-0.04928865444257588,-0.01695217266182729,-0.17243384324732824,-0.544023930406787
125.25,short_slow,126.43818720333473,6.608160479669815,-0.23884605862391117,-0.04834647939904554,-0.01662812417244929,-0.17114680134015867,-0.5399633493529138
125.5,short_slow,126.68818720333473,6.603336646443556,-0.24286868916266124,-0.04742934428340366,-0.016312687830954114,-0.1698527850621392,-0.5358807643549747
125.74999999999999,short_slow,126.93818720333473,6.598520684473059,-0.24688028140947882,-0.04653680476436059,-0.01600571081554481,-0.16855187098512744,-0.5317764169950291
126.0,short_slow,127.18818720333473,6.5937127042368635,-0.2508808835859897,-0.04566841844019779,-0.015707040968074574,-0.16724413655867543,-0.5276505516242372
126.25000000000001,short_slow,127.43818720333473,6.588912815975366,-0.25487054166993195,-0.044823744784319455,-0.015416526775319952,-0.16592966011002946,-0.5235034153628606
126.5,short_slow,127.68818720333473,6.584121129694852,-0.2588492994020939,-0.044002345091348566,-0.015134017350441306,-0.1646085208441302,-0.5193352581002614
126.75,short_slow,127.93818720333473,6.579337755171444,-0.2628171982930452,-0.043203782423754236,-0.014859362414626001,-0.1632807988436127,-0.515146332494903
127.00000000000001,short_slow,128.18818720333473,6.574562801954948,-0.2667742776296391,-0.042427621558999457,-0.014592412278910578,-0.16194657506880636,-0.5109368939743498
127.25,short_slow,128.43818720333473,6.5697963793725895,-0.27072057448132325,-0.041673428937197346,-0.014333017826177828,-0.16060593135773485,-0.5067072007352672
127.50000000000001,short_slow,128.68818720333473,6.565038596532666,-0.27465612370622416,-0.04094077260926447,-0.014081030493324816,-0.1592589504261163,-0.5024575137434215
127.74999999999999,short_slow,128.93818720333473,6.560289562328091,-0.2785809579570375,-0.040229222185560784,-0.013836302253598278,-0.15790571586736304,-0.49818809673368003
128.0,short_slow,129.18818720333473,6.555549385439856,-0.28249510768669506,-0.039538348785004576,-0.013598685599093384,-0.15654631215258186,-0.4938992162100111
128.25,short_slow,129.43818720333473,6.550818174340386,-0.28639860115384597,-0.03886772498465216,-0.013368033523412357,-0.15518082463057392,-0.4895911414454843
128.5,short_slow,129.68818720333473,6.54609603729682,-0.2902914644281194,-0.03821692476973199,-0.013144199504479372,-0.1538093395278346,-0.4852641444822698
128.75,short_slow,129.93818720333473,6.541383082374188,-0.2941737213951914,-0.03758552348412264,-0.012927037487508106,-0.15243194394855375,-0.480918500131639
129.0,short_slow,130.18818720333473,6.536679417438486,-0.29804539376165673,-0.03697309778126483,-0.012716401868118616,-0.15104872587461554,-0.4765544859739645
129.25,short_slow,130.43818720333473,6.531985150159706,-0.30190650105968686,-0.03637922557549744,-0.012512147475599986,-0.1496597741655984,-0.47217238235871933
129.5,short_slow,130.68818720333473,6.527300388014717,-0.3057570606515112,-0.03580348599380849,-0.012314129556315735,-0.14826517855877516,-0.467772472404478
129.75,short_slow,130.93818720333473,6.5226252382901295,-0.3095970877336707,-0.035245459327990475,-0.012122203757248285,-0.14686502966911308,-0.463355041998916
130.0,short_slow,131.18818720333473,6.517959808084994,-0.31342659534112904,-0.03470472698719237,-0.011936226109679855,-0.14545941898927373,-0.4589203797988098
130.25000000000003,short_slow,131.43818720333476,6.513304204313497,-0.31724559435112765,-0.034180871450857686,-0.011756053013006137,-0.14404843888961286,-0.4544687772300365
130.5,short_slow,131.68818720333473,6.508658533707507,-0.3210540934869033,-0.03367347622204129,-0.011581541218680241,-0.1426321826181808,-0.4500005284875747
130.75,short_slow,131.93818720333473,6.504022902819074,-0.324852099321177,-0.03318212578109473,-0.011412547814283388,-0.1412107443007221,-0.44551593053550376
131.0,short_slow,132.18818720333473,6.4993974180228395,-0.3286396162794727,-0.03270640553971324,-0.011248930207719979,-0.1397842189406757,-0.44101528310700405
131.25,short_slow,132.43818720333473,6.494782185518352,-0.3324166466432539,-0.0322459017953346,-0.01109054611153371,-0.13835270241917483,-0.436498888704357
131.5,short_slow,132.68818720333473,6.490177311332327,-0.3361831905528536,-0.03180020168588327,-0.010937253527342414,-0.1369162914950471,-0.4319670525989449
131.75,short_slow,132.93818720333473,6.485582901320789,-0.33993924601023773,-0.031368893144850855,-0.010788910730388589,-0.1354750838048146,-0.42742008283125155
132.0,short_slow,133.18818720333473,6.480999061171179,-0.3436848088815796,-0.030951564856705374,-0.010645376254203013,-0.13402917786269347,-0.4228582902108609
132.25,short_slow,133.43818720333473,6.476425896404345,-0.3474198728996378,-0.030547806212622708,-0.010506508875379171,-0.13257867306059445,-0.4182819883164585
132.5,short_slow,133.68818720333473,6.471863512376472,-0.35114442966598824,-0.030157207266531573,-0.01037216759845551,-0.13112366966812256,-0.41369149349583095
132.75,short_slow,133.93818720333473,6.46731201428094,-0.35485846865302095,-0.02977935869146611,-0.010242211640903498,-0.1296642688325771,-0.4090871248658654
133.0,short_slow,134.18818720333473,6.462771507150076,-0.35856197720583394,-0.029413851736218445,-0.010116500418218854,-0.12820057257895182,-0.4044692043125505
133.25,short_slow,134.43818720333473,6.45824209585687,-0.36225494054386287,-0.029060278182284786,-0.009994893529113726,-0.12673268380993472,-0.3998380564909756
133.5,short_slow,134.68818720333473,6.453723885116576,-0.36593734176241854,-0.028718230301098623,-0.009877250740807635,-0.12526070630590824,-0.3951940088253311
133.75,short_slow,134.93818720333473,6.449216979488261,-0.36960916183398007,-0.028387300811544256,-0.009763431974414814,-0.12378474472494908,-0.3905373915089085
134.0,short_slow,135.18818720333473,6.444721483376259,-0.37327037960936593,-0.028067082837745273,-0.009653297290426124,-0.12230490460282835,-0.38586853750410016
134.25,short_slow,135.43818720333473,6.440237501031584,-0.376920971818695,-0.02775716986712097,-0.009546706874283118,-0.12082129235301148,-0.3811877825423996
134.5,short_slow,135.68818720333473,6.435765136553208,-0.3805609130722103,-0.027457155708706146,-0.009443521022042696,-0.11933401526665824,-0.3764954651244012
134.75000000000003,short_slow,135.93818720333476,6.431304493889328,-0.3841901758609061,-0.027166634451727685,-0.00934360012613007,-0.11784318151262274,-0.37179192651980036
135.0,short_slow,136.18818720333473,6.426855676838513,-0.3878087305569946,-0.02688520042443325,-0.009246804661178455,-0.1163489001374535,-0.36707751076739364
135.25,short_slow,136.43818720333473,6.422418789050795,-0.39141654541421866,-0.026612448153166487,-0.009152995169953517,-0.11485128106539333,-0.36235256467507854
135.5,short_slow,136.68818720333473,6.417993934028677,-0.39501358656798136,-0.026347972321684104,-0.009062032249361049,-0.11335043509837936,-0.3576174378198534
135.75,short_slow,136.93818720333473,6.413581215128073,-0.3985998180353154,-0.026091367730709893,-0.008973776536536094,-0.11184647391604313,-0.35287248254781767
136.0,short_slow,137.18818720333473,6.409180735559174,-0.40217520171468824,-0.025842229257720954,-0.008888088695011976,-0.11033951007571052,-0.3481180539741719
136.25,short_slow,137.43818720333473,6.404792598387214,-0.40573969738566484,-0.025600151816962173,-0.0088048294009678,-0.1088296570124017,-0.3433545099832174
136.5,short_slow,137.68818720333473,6.400416906533204,-0.4092932627083776,-0.02536473031968449,-0.008723859329552951,-0.10731702903883125,-0.33858221122835686
136.75,short_slow,137.93818720333473,6.396053762774554,-0.4128358532228469,-0.025135559634603184,-0.008645039141287239,-0.1058017413454081,-0.33380152113209366
137.0,short_slow,138.18818720333473,6.39170326974563,-0.41636742234816904,-0.02491223454857213,-0.008568229468535336,-0.1042839100002354,-0.3290128058860321
137.25,short_slow,138.43818720333473,6.387365529938249,-0.4198879213815099,-0.02469434972747093,-0.00849329090205444,-0.10276365194911086,-0.32421643445087794
137.5,short_slow,138.68818720333473,6.383040645702071,-0.4233972994969619,-0.024481499677301316,-0.008420083977613893,-0.10124108501552634,-0.31941277855643746
137.75,short_slow,138.93818720333473,6.378728719244943,-0.4268955037442508,-0.024273278705489558,-0.008348469162685666,-0.0997163279006682,-0.31460221270161826
138.0,short_slow,139.18818720333473,6.374429852633143,-0.4303824790472808,-0.02406928088239285,-0.008278306843204998,-0.09818950018341703,-0.3097851141544288
138.25,short_slow,139.43818720333473,6.3701441477915575,-0.4338581682025242,-0.023869100003005628,-0.00820945731039979,-0.09666072232034781,-0.30496186295197847
138.5,short_slow,139.68818720333473,6.365871706503788,-0.4373225118772801,-0.023672329548864918,-0.008141780747688471,-0.09513011564572989,-0.30013284190047784
138.75,short_slow,139.93818720333473,6.361612630412168,-0.4407754486077531,-0.023478562650150938,-0.008075137217644999,-0.09359780237152696,-0.2952984365752385
139.0,short_slow,140.18818720333473,6.357367021017697,-0.4442169147970221,-0.023287392047982677,-0.008009386649030927,-0.092063905587397,-0.29045903532067274
139.25000000000003,short_slow,140.43818720333476,6.353134979679917,-0.4476468447128297,-0.023098410056905078,-0.007944388823893382,-0.09052854926069241,-0.28561502925029425
139.5,short_slow,140.68818720333473,6.348916607616687,-0.45106517048524664,-0.02291120852756756,-0.007880003364728841,-0.08899185823645991,-0.28076681224671746
139.75,short_slow,140.93818720333473,6.344712005903892,-0.4544718221041899,-0.0227253788095917,-0.007816089721711954,-0.08745395823744057,-0.27591478096165784
140.0,short_slow,141.18818720333473,6.340521275475057,-0.45786672741678913,-0.022540511714627905,-0.007752507159989401,-0.08591497586406978,-0.271059334815932
140.25,short_slow,141.43818720333473,6.336344517120901,-0.4612498121246307,-0.022356197479599695,-0.007689114747038241,-0.08437503859447729,-0.26620087599945724
140.5,short_slow,141.68818720333473,6.332181831488783,-0.4646209997808386,-0.02217202573013502,-0.0076257713400886065,-0.08283427478448722,-0.2613398094712523
140.75,short_slow,141.93818720333473,6.328033319082083,-0.46798021178706195,-0.021987585444184995,-0.007562335573610859,-0.08129281366761805,-0.2564765429594366
141.0,short_slow,142.18818720333473,6.323899080259489,-0.4713273673902605,-0.02180246491582947,-0.007498665846866995,-0.07975078535508255,-0.2516114869612307
141.25,short_slow,142.43818720333473,6.319779215234206,-0.4746623836794268,-0.021616251719269872,-0.007434620311526466,-0.07820832083578787,-0.24674505474295613
141.5,short_slow,142.68818720333473,6.315673824073079,-0.47798517558212206,-0.02142853267300973,-0.007370056859346555,-0.0766655519763355,-0.24187766234003538
141.75,short_slow,142.93818720333473,6.311583006695623,-0.48129565586092093,-0.021238893804224085,-0.007304833109917702,-0.07512261152102127,-0.23700972855699196
142.0,short_slow,143.18818720333473,6.30750686287297,-0.4845937351096987,-0.02104692031331853,-0.007238806398474074,-0.0735796330918354,-0.2321416749674505
142.25,short_slow,143.43818720333473,6.303445492226718,-0.4878793217498125,-0.020852196538679237,-0.007171833763769795,-0.07203675118846241,-0.22727392591413648
142.5,short_slow,143.68818720333473,6.299398994227711,-0.49115232202614534,-0.020654305921615854,-0.007103771936021536,-0.07049410118828117,-0.22240690850887643
142.75,short_slow,143.93818720333473,6.295367468194712,-0.4944126400030262,-0.020452830971499115,-0.0070344773249180585,-0.0689518193463649,-0.21754105263259788
143.0,short_slow,144.18818720333473,6.291351013292972,-0.4976601775600513,-0.020247353231095253,-0.006963806007697447,-0.0674100427954812,-0.2126767909353294
143.25,short_slow,144.43818720333473,6.287349728532741,-0.5008948343877453,-0.02003745324210027,-0.0068916137172930865,-0.06586890954609194,-0.20781455883620048
143.5,short_slow,144.68818720333473,6.283363712767646,-0.5041165079831522,-0.019822710510876387,-0.006817755830549174,-0.06432855848635345,-0.20295479452344178
143.75000000000003,short_slow,144.93818720333476,6.279393064693005,-0.507325093645274,-0.019602703474394308,-0.006742087356507011,-0.06278912938211632,-0.19809793895438482
144.0,short_slow,145.18818720333473,6.275437882844013,-0.5105204844704128,-0.019377009466384498,-0.006664462924763199,-0.061250762876925526,-0.19324443585546217
144.25,short_slow,145.43818720333473,6.271498265593854,-0.5137025713474186,-0.01914520468370142,-0.006584736773901055,-0.05971360049202035,-0.18839473172220733
144.5,short_slow,145.68818720333473,6.2675743111517015,-0.5168712429527864,-0.018906864152905302,-0.00650276273999687,-0.058177784626334446,-0.18354927581925487
144.75,short_slow,145.93818720333473,6.26366611756062,-0.5200263857456813,-0.01866156169706517,-0.006418394245202252,-0.05664345855649585,-0.17870852018034045
145.0,short_slow,146.18818720333473,6.259773782695354,-0.5231678839628677,-0.018408869902788852,-0.006331484286404537,-0.05511076643682688,-0.1738729196083005
145.25,short_slow,146.43818720333473,6.25589740426003,-0.5262956196134896,-0.018148360087484786,-0.006241885423966927,-0.053579853299344254,-0.16904293167507276
145.5,short_slow,146.68818720333473,6.25203707978574,-0.5294094724738123,-0.017879602266861076,-0.006149449770550225,-0.05205086505375899,-0.16421901672169564
145.75,short_slow,146.93818720333473,6.248192906628009,-0.5325093200818238,-0.017602165122668424,-0.006054028980018449,-0.05052394848747652,-0.15940163785830885
146.0,short_slow,147.18818720333473,6.244364981964167,-0.5355950377317606,-0.017315615970692515,-0.005955474236430242,-0.04899925126559654,-0.1545912609641529
146.25,short_slow,147.43818720333473,6.2405534027906,-0.538666498468543,-0.01701952072900299,-0.00585363624311853,-0.047476921930913143,-0.1497883546875694
146.5,short_slow,147.68818720333473,6.2367582659199,-0.5417235730821206,-0.01671344388646632,-0.005748365211860948,-0.04595710990391477,-0.14499339044600096
146.75,short_slow,147.93818720333473,6.232979667977875,-0.5447661301017233,-0.016396948471529532,-0.00563951085214342,-0.0444399654827842,-0.14020684242599113
147.0,short_slow,148.18818720333473,6.229217705400466,-0.5477940357900533,-0.016069596021283616,-0.005526922360519931,-0.04292563984339854,-0.1354291875831845
147.25,short_slow,148.43818720333473,6.225472474430526,-0.5508071541373738,-0.015730946550813953,-0.00541044841007102,-0.04141428503932927,-0.13066090564232669
147.5,short_slow,148.68818720333473,6.221744071114489,-0.5538053468555413,-0.015380558522847443,-0.005289937139964312,-0.03990605400184222,-0.1259024790972643
147.75,short_slow,148.93818720333473,6.2180325912989085,-0.5567884733719417,-0.01501798881770489,-0.005165236145120048,-0.03840110053989754,-0.12115439321094493
148.0,short_slow,149.18818720333473,6.21433813062687,-0.55975639082338,-0.014642792703568828,-0.005036192465985098,-0.036899579340149744,-0.11641713601541717
148.25000000000003,short_slow,149.43818720333476,6.210660784534286,-0.562708954049902,-0.014254523807076426,-0.004902652578418787,-0.03540164596694769,-0.11169119831183065
148.5,short_slow,149.68818720333473,6.207000648246037,-0.5656460155885337,-0.013852734084248263,-0.004764462383694234,-0.03390719371082514,-0.10697624343481768
148.75,short_slow,149.93818720333473,6.203357816772012,-0.5685674256669784,-0.013436973791764395,-0.0046214671986191435,-0.03241569511262466,-0.1022706072655571
149.0,short_slow,150.18818720333473,6.199732384902967,-0.5714730321972672,-0.013006791458598387,-0.004473511745779706,-0.030926622971760888,-0.09757262650101534
149.25,short_slow,150.43818720333473,6.1961244472063,-0.5743626807693349,-0.012561733858021716,-0.00432044014391189,-0.029439456060848336,-0.0928806566834366
149.5,short_slow,150.68818720333473,6.192534098021651,-0.5772362146445515,-0.012101345979991384,-0.004162095898404534,-0.027953679064570008,-0.08819307200747509
149.75,short_slow,150.93818720333473,6.188961431456362,-0.5800934747492459,-0.011625171003933286,-0.003998321891938545,-0.026468782518546,-0.08350826512732709
150.0,short_slow,151.18818720333473,6.185406541380795,-0.5829342996681359,-0.011132750271934728,-0.003828960375266825,-0.024984262748202094,-0.0788246469638632
150.25,short_slow,151.43818720333473,6.181869521423516,-0.5857585256377611,-0.010623623262360443,-0.003653852958139858,-0.02349962180763832,-0.07414064651176025
150.5,short_slow,151.68818720333473,6.1783504649663055,-0.5885659865398818,-0.010097327563906442,-0.0034728406003818736,-0.02201436741849758,-0.06945471064663364
150.75,short_slow,151.93818720333473,6.174849465139021,-0.5913565138948265,-0.00955339885010669,-0.0032857636031227624,-0.020528012908834235,-0.06476530393216934
151.0,short_slow,152.18818720333473,6.171366614814322,-0.5941299368548538,-0.008991370854308706,-0.003092461600191269,-0.019040077151982682,-0.06007090842725606
151.25,short_slow,152.43818720333473,6.167902006602202,-0.5968860821974684,-0.008410775345133525,-0.0028927735496747735,-0.017550084505425945,-0.055370023493117315
151.5,short_slow,152.68818720333473,6.164455732844389,-0.599624774318742,-0.007811142102437118,-0.0026865377256515433,-0.016057564749664285,-0.05066116560044365
151.75,short_slow,152.93818720333473,6.161027885608565,-0.6023458352266191,-0.007191998893790852,-0.0024735917101015043,-0.014562053027083775,-0.04594286813652466
152.0,short_slow,153.18818720333473,6.1576185566824195,-0.605049084534226,-0.0065528714514980334,-0.0022537723850013873,-0.013063089780824896,-0.04121368121238118
152.25,short_slow,153.43818720333473,6.154227837567529,-0.6077343394531725,-0.005893283450166076,-0.0020269159246109757,-0.011560220693651129,-0.03647217146989737
152.5,short_slow,153.68818720333473,6.150855819473075,-0.610401414786875,-0.0052127564848525485,-0.0017928577879567308,-0.010052996626817544,-0.03171692188895286
152.75000000000003,short_slow,153.93818720333476,6.1475025933093566,-0.6130501229239056,-0.004510810049804867,-0.0015514327115195956,-0.0085409735589394,-0.026946531594554887
153.0,short_slow,154.18818720333473,6.144168249681153,-0.6156802738313267,-0.0037869615178142573,-0.0013024747021340639,-0.007023712524860726,-0.022159615663970386
153.25,short_slow,154.43818720333473,6.140852878880885,-0.6182916750480736,-0.003040726120204579,-0.0010458170301056067,-0.005500779554522907,-0.0173548049338581
153.5,short_slow,154.68818720333473,6.137556570881584,-0.6208841316783795,-0.0022716169274775763,-0.0007812922225538635,-0.0039717456118333,-0.012530745807400772
153.75,short_slow,154.93818720333473,6.134279415329686,-0.6234574463852138,-0.00147914483063682,-0.000508732056989264,-0.0024361865335338012,-0.007686100061437212
154.0,short_slow,155.18818720333473,6.131021501537613,-0.6260114193837891,-0.0006628185232130328,-0.000227967555130878,-0.0008936829680694484,-0.00281954465359443
154.25,long_regular,155.43818720333473,6.127782918476169,-0.6285458484350999,0.00017785551598576538,6.117102302644051e-05,0.0006561796855429916,0.002070228470580232
154.5,long_regular,155.68818720333473,6.124563754766726,-0.6310605288395288,0.0010433730393750425,0.00035885418488727723,0.0022138113388464288,0.006984512570486979
154.75,long_regular,155.93818720333473,6.121364098673214,-0.6335552534305244,0.0019342320463207776,0.000665253210664757,0.0037796172750748616,0.011924586303341445
155.0,long_regular,156.18818720333473,6.118184038093881,-0.6360298125683408,0.002850932798067435,0.0009805401585148202,0.005353998210284772,0.016891713917042528
155.25,long_regular,156.43818720333473,6.1150236605528665,-0.6384839941338605,0.0037939778318404572,0.0013048878693865868,0.006937350354486566,0.021887145443040372
155.5,long_regular,156.68818720333473,6.111883053191549,-0.6409175835225014,0.0047638719740969,0.0016384699715797347,0.008530065472775948,0.026912116889204123
155.75,long_regular,156.93818720333473,6.108762302759645,-0.6433303636382202,0.005761122352896182,0.001981460884999253,0.010132530946465343,0.031967850432689855
156.0,long_regular,157.18818720333473,6.105661495606139,-0.645722114887624,0.006786238409363141,0.0023340358250980068,0.011745129834215317,0.03705555461280849
156.25,long_regular,157.43818720333473,6.1025807176699285,-0.6480926151741797,0.007839731908214426,0.0026963708064971503,0.013368240933165963,0.042176424523893606
156.5,long_regular,157.68818720333473,6.099520054470273,-0.6504416398925543,0.00892211694731877,0.0030686426462742515,0.015002238840068325,0.047331642008169326
156.75,long_regular,157.93818720333473,6.0964795910969904,-0.6527689619230719,0.010033909966260366,0.0034510289669085537,0.016647494012415803,0.05252237584861825
157.0,long_regular,158.18818720333473,6.093459412200419,-0.6550743516263116,0.01117562975387527,0.0038437081988730195,0.01830437282957557,0.057749781961849274
157.25000000000003,long_regular,158.43818720333476,6.090459601981127,-0.6573575768378523,0.012347797454727975,0.00424685958286186,0.01997323765391996,0.06301500359096548
157.5,long_regular,158.68818720333473,6.0874802441793845,-0.659618402863162,0.013550936574496502,0.004660663171642667,0.021654446891957873,0.06831917149843197
157.75,long_regular,158.93818720333473,6.084521422064373,-0.6618565924726632,0.014785572984233077,0.0050852998315218155,0.02334835505546624,0.07366340415894389
158.0,long_regular,159.18818720333473,6.081583218423134,-0.6640719058969506,0.016052234923465438,0.005520951243411115,0.025055312822621353,0.0790488079522941
158.25,long_regular,159.43818720333473,6.078665715549271,-0.6662641008222097,0.01735145300210568,0.005967799903484332,0.026775667099130332,0.08447647735624123
158.5,long_regular,159.68818720333473,6.075768995231375,-0.6684329323858162,0.01868376020113008,0.0064260291234110095,0.02850976107936251,0.08994749513937747
158.75,long_regular,159.93818720333473,6.072893138741173,-0.6705781531721451,0.020049691871994662,0.006895823030155454,0.030257934307480847,0.09546293255399645
159.0,long_regular,160.18818720333473,6.070038226821413,-0.6726995132085785,0.021449785734749472,0.007377366565328168,0.03202052273857332,0.1010238495289611
159.25,long_regular,160.43818720333473,6.067204339673475,-0.674796759961747,0.022884581874814697,0.007870845484077038,0.033797858799784364,0.10663129486257154
159.5,long_regular,160.68818720333473,6.064391556944677,-0.6768696383340038,0.02435462273837964,0.008376446353504876,0.035590271451446276,0.11228630641543313
159.75,long_regular,160.93818720333473,6.061599957715313,-0.6789178906601379,0.025860453126386507,0.008894356550600219,0.037398086248210574,0.11798991130332395
160.0,long_regular,161.18818720333473,6.058829620485382,-0.6809412567043465,0.027402620187059447,0.009424764259667802,0.03922162540017949,0.12374312609006309
160.25,long_regular,161.43818720333473,6.056080623161038,-0.6829394736574783,0.028981673406938028,0.009967858469244627,0.04106120783403728,0.12954695698037821
160.5,long_regular,161.68818720333473,6.0533530430407305,-0.6849122761345408,0.03059816460037542,0.010523828968488018,0.04291714925418173,0.13540240001277368
160.75,long_regular,161.93818720333473,6.050646956801024,-0.6868593961725082,0.032252647897459116,0.011092866343021108,0.04478949905234603,0.14130961101677986
161.0,long_regular,162.18818720333473,6.0479624404821335,-0.6887805632284532,0.03394567973031156,0.011675161970221124,0.04667788189285419,0.14726740581888523
161.25,long_regular,162.43818720333473,6.045299569473127,-0.6906755041779475,0.03567781881772941,0.012270908013936266,0.048581918782015614,0.15327458870464483
161.5,long_regular,162.68818720333473,6.0426584184968055,-0.6925439433138312,0.03744962614811681,0.012880297418615839,0.05050123284388436,0.15932997064103874
161.75000000000003,long_regular,162.93818720333476,6.040039061594287,-0.6943856023452963,0.03926166496066865,0.013503523902838481,0.05243544932025918,0.16543236927647195
162.0,long_regular,163.18818720333473,6.037441572109212,-0.696200200397362,0.041114500724760486,0.014140781952223607,0.054384195570683476,0.17158060894077426
162.25,long_regular,163.43818720333473,6.034866022671672,-0.6979874540106499,0.04300870111749836,0.014792266811709972,0.05634710107244535,0.17777352064520063
162.5,long_regular,163.68818720333473,6.032312485181752,-0.6997470771416276,0.04494483599938423,0.015458174477186112,0.058323797420577576,0.18400994208243088
162.75,long_regular,163.93818720333473,6.029781030792764,-0.7014787811631731,0.046923477388049695,0.016138701686456418,0.060313918327857576,0.19028871762656965
163.0,long_regular,164.18818720333473,6.027271729894117,-0.7031822748655889,0.04894519943001227,0.016834045909527088,0.062317099624807484,0.19660869833314676
163.25,long_regular,164.43818720333473,6.024784652093847,-0.7048572644580253,0.05101057837040612,0.017544405338195408,0.0643329792596941,0.20296874193911682
163.5,long_regular,164.68818720333473,6.022319866200769,-0.706503453570348,0.05312019252064039,0.018269978874926273,0.06636119729852889,0.20936771286285946
163.75,long_regular,164.93818720333473,6.0198774402063,-0.7081205432554518,0.055274622223936386,0.019010966120999173,0.06840139592506801,0.21580448220417922
164.0,long_regular,165.18818720333473,6.017457441265902,-0.7097082319920567,0.05747444981869593,0.019767567363909205,0.07045321944081227,0.2222779277443056
164.25,long_regular,165.43818720333473,6.0150599356801475,-0.7112662156879725,0.059720259599651236,0.020539983564005118,0.0725163142650072,0.22878693394589306
164.5,long_regular,165.68818720333473,6.012684988875429,-0.7127941876838668,0.062012637776748036,0.02132841634034769,0.07459032893464293,0.23533039195302097
164.75,long_regular,165.93818720333473,6.0103326653842934,-0.7142918387575463,0.06435217243171186,0.022133067955771312,0.07667491410445434,0.24190719959119367
165.0,long_regular,166.18818720333473,6.00800302882536,-0.7157588571288027,0.06673945347224824,0.02295414130113173,0.07876972254692097,0.2485162613673405
165.25,long_regular,166.43818720333473,6.005696141882925,-0.717194928464723,0.0691750725838267,0.023791839878722815,0.08087440915226699,0.25515648846981565
165.5,long_regular,166.68818720333473,6.003412066286085,-0.7185997358856633,0.07165962317899915,0.024646367784845306,0.08298863092846133,0.2618267987683984
165.75,long_regular,166.93818720333473,6.001150862787552,-0.7199729599717504,0.07419370034420178,0.02551792969151,0.08511204700121748,0.2685261168142928
166.0,long_regular,167.18818720333473,5.998912591142016,-0.72131427876996,0.07677790078399072,0.026406730827258404,0.0872443186139937,0.27525337384012794
166.25000000000003,long_regular,167.43818720333476,5.996697310084137,-0.7226233678018756,0.07941282276266153,0.027312976957083505,0.08938510912799287,0.2820075077599577
166.5,long_regular,167.68818720333473,5.994505077306126,-0.7238999000720145,0.08209906604320158,0.02823687436143327,0.09153408402216266,0.28878746316926146
166.75,long_regular,167.93818720333473,5.9923359494349056,-0.7251435460768461,0.08483723182352658,0.029178629814280047,0.09369091089319526,0.29559219134494286
167.0,long_regular,168.18818720333473,5.990189982008891,-0.7263539738144513,0.08762792266995004,0.030138450560238294,0.0958552594555276,0.3024206502453308
167.25,long_regular,168.43818720333473,5.988067229454318,-0.7275308487948933,0.0904717424478372,0.03111654429071391,0.09802680154134132,0.3092718045101792
167.5,long_regular,168.68818720333473,5.9859677450611954,-0.728673834051266,0.09336929624939312,0.03211311911906792,0.10020521110056269,0.31614462546066674
167.75,long_regular,168.93818720333473,5.983891580958801,-0.7297825901514794,0.09632119031853684,0.03312838355477794,0.1023901642008627,0.3230380910993973
168.0,long_regular,169.18818720333473,5.981838788090791,-0.7308567752107864,0.09932803197281227,0.03416254647658051,0.10458133902765693,0.3299511861103993
168.25,long_regular,169.43818720333473,5.979809416189847,-0.7318960449050627,0.10239042952228833,0.035215817104577836,0.10677841588410575,0.33688290185912656
168.5,long_regular,169.68818720333473,5.977803513751933,-0.7329000524848568,0.10550899218540064,0.03628840497129268,0.10898107719111413,0.34383223639245764
168.75,long_regular,169.93818720333473,5.975821128010103,-0.7338684487902589,0.10868433000168796,0.03738051989165526,0.11118900748733174,0.350798194438696
169.0,long_regular,170.18818720333473,5.973862304907879,-0.7348008822665637,0.11191705374137728,0.038492371931906195,0.11340189342915293,0.35777978740757005
169.25,long_regular,170.43818720333473,5.971927089072194,-0.7356969989807909,0.11520777481177256,0.03962417137740022,0.1156194237907167,0.36477603339023335
169.5,long_regular,170.68818720333473,5.970015523785922,-0.7365564426390261,0.11855710516040198,0.04077612869929494,0.11784128946390673,0.37178595715926405
169.75,long_regular,170.93818720333473,5.968127650959937,-0.7373788546046653,0.1219656571748814,0.04194845452011024,0.12006718345835149,0.3788085901686658
170.0,long_regular,171.18818720333473,5.966263511104773,-0.7381638739175402,0.12543404357945132,0.04314135957814352,0.1222968009014239,0.38584297055386657
170.25,long_regular,171.43818720333473,5.964423143301813,-0.7389111373139623,0.12896287732814574,0.04435505469072661,0.12452983903824175,0.39288814313171966
170.5,long_regular,171.68818720333473,5.962606585174065,-0.7396202792476876,0.1325527714945539,0.04558975071631074,0.1267659972316674,0.3999431594005031
170.75000000000003,long_regular,171.93818720333476,5.960813872856492,-0.7402909319118347,0.1362043391581363,0.04684565851536647,0.12900497696230795,0.4070070775399202
171.0,long_regular,172.18818720333473,5.959045040965889,-0.74092272526179,0.1399181932870577,0.048122988910085714,0.13124648182851514,0.41407896241109887
171.25,long_regular,172.43818720333473,5.957300122570354,-0.741515287039078,0.14369494661750207,0.04942195264287367,0.13349021754638543,0.4211578855565922
171.5,long_regular,172.68818720333473,5.955579149158292,-0.7420682427962619,0.1475352115294358,0.0507427603336193,0.13573589194975985,0.42824292520037804
171.75,long_regular,172.93818720333473,5.95388215060699,-0.7425812159228569,0.15143959991878767,0.05208562243573327,0.13798321499022423,0.43533316624785934
172.0,long_regular,173.18818720333473,5.95220915515077,-0.7430538276723127,0.15540872306601497,0.05345074919094311,0.14023189873710903,0.44242770028586403
172.25,long_regular,173.43818720333473,5.950560189348698,-0.7434856971900454,0.1594431915010287,0.054838350582835975,0.14248165737748933,0.44952562558264464
172.5,long_regular,173.68818720333473,5.948935278051852,-0.7438764415425716,0.16354361486445182,0.05624863628914033,0.14473220721618502,0.4566260470878793
172.75,long_regular,173.93818720333473,5.947334444370184,-0.7442256757477188,0.1677106017651868,0.057681815632738165,0.1469832666757605,0.4637280764326704
173.0,long_regular,174.18818720333473,5.945757709638937,-0.7445330128060088,0.17194475963427233,0.05913809753140104,0.14923455629652493,0.47083083192954556
173.25,long_regular,174.43818720333473,5.944205093384644,-0.7447980637331417,0.17624669457501024,0.06061769044624316,0.1514857987365322,0.47793343857245757
173.5,long_regular,174.68818720333473,5.942676613290706,-0.7450204375936758,0.18061701120934648,0.06212080232888623,0.15373671877158077,0.4850350280367838
173.75,long_regular,174.93818720333473,5.941172285162559,-0.7451997415358598,0.185056312520494,0.06364764056733169,0.15598704329521382,0.49213473867932667
174.0,long_regular,175.18818720333473,5.939692122892425,-0.7453355808276876,0.18956519969178665,0.06519841193053663,0.15823650131871927,0.4992317155383139
174.25,long_regular,175.43818720333473,5.9382361384236475,-0.745427558894157,0.1941442719417575,0.06677332251169128,0.1604848239711296,0.5063251103333976
174.5,long_regular,175.68818720333473,5.936804341714656,-0.7454752773557614,0.19879412635543753,0.06837257767019635,0.16273174449922204,0.5134140814656551
174.75,long_regular,175.93818720333473,5.935396740702487,-0.7454783360682611,0.20351535771187415,0.06999638197234041,0.16497699826751847,0.5204977940175889
175.0,long_regular,176.18818720333473,5.934013341265965,-0.7454363331636595,0.20830855830787262,0.07164493913067807,0.16722032275828544,0.5275754197531259
175.25000000000003,long_regular,176.43818720333476,5.932654147188451,-0.7453488650925615,0.21317431777796614,0.0733184519421111,0.16946145757153427,0.5346461371176188
175.5,long_regular,176.68818720333473,5.93131916012027,-0.7452155266677454,0.21811322291062607,0.07501712222467645,0.1717001444250208,0.5417091312378441
175.75,long_regular,176.93818720333473,5.930008379540721,-0.7450359111090874,0.2231258574607245,0.07674115075304519,0.17393612715424564,0.5487635939220042
176.0,long_regular,177.18818720333473,5.928721802719762,-0.7448096100898267,0.2282128019582688,0.07849073719273937,0.17616915171245415,0.5558087236597264
176.25,long_regular,177.43818720333473,5.92745942467931,-0.7445362137841793,0.23337463351342927,0.08026608003307388,0.17839896617063608,0.562843725622062
176.5,long_regular,177.68818720333473,5.926221238154244,-0.7442153109162817,0.2386119256178867,0.08206737651883259,0.1806253207175261,0.5698678116614879
176.75,long_regular,177.93818720333473,5.925007233553034,-0.7438464888105498,0.24392524794253015,0.08389482258068921,0.18284796765960362,0.5768802003119067
177.0,long_regular,178.18818720333473,5.92381739891807,-0.743429333443407,0.24931516613153976,0.08574861276438486,0.18506666142109257,0.5838801167886447
177.25,long_regular,178.43818720333473,5.922651719885683,-0.74296342949641,0.2547822415928963,0.08762894015867662,0.18728115854396157,0.5908667929884538
177.5,long_regular,178.68818720333473,5.921510179645858,-0.7424483604107945,0.2603270312853589,0.08953599632207132,0.18949121768792393,0.5978394674895104
177.75,long_regular,178.93818720333473,5.920392758901662,-0.7418837084434409,0.265950087501964,0.09146997120836302,0.1916965996304377,0.6047973855514167
178.0,long_regular,179.18818720333473,5.919299435828405,-0.7412690547242904,0.2716519576500967,0.09343105309099135,0.19389706726670553,0.611739799115199
178.25,long_regular,179.43818720333473,5.918230186032538,-0.7406039793151722,0.27743318402819556,0.09541942848624226,0.19609238560967474,0.6186659668033088
178.5,long_regular,179.68818720333473,5.917184982510304,-0.7398880612701091,0.28329430359915647,0.09743528207531321,0.19828232179003746,0.6255751539196228
178.75,long_regular,179.93818720333473,5.916163795606158,-0.7391208786970864,0.2892358477605034,0.09947879662526651,0.20046664505623027,0.6324666324494421
179.0,long_regular,180.18818720333473,5.915166592970977,-0.738302008821258,0.2952583421114035,0.10155015290889735,0.20264512677443464,0.6393396810594936
179.25,long_regular,180.43818720333473,5.914193339520069,-0.7374310280496648,0.30136230621660665,0.10364952962354382,0.20481754042857653,0.646193585097928
179.5,long_regular,180.68818720333473,5.91324399739099,-0.7365075120373987,0.3075482533673962,0.10577710330886926,0.20698366162032672,0.6530276365943221
179.75000000000003,long_regular,180.93818720333476,5.912318525901214,-0.7355310357552685,0.31381669033964343,0.10793304826364825,0.2091432680691006,0.6598411342596767
180.0,long_regular,181.18818720333473,5.911416881505643,-0.7345011735589577,0.32016811714906346,0.11011753646159023,0.21129613961205831,0.6666333834864185
180.25,long_regular,181.43818720333473,5.9105390177539885,-0.7334174992596396,0.3266030268037765,0.11233073746623615,0.21344205820410456,0.6734036963483984
180.5,long_regular,181.68818720333473,5.90968488524806,-0.7322795861961073,0.33312190505428624,0.11457281834496699,0.2155808079178888,0.6801513916008923
180.75,long_regular,181.93818720333473,5.908854431598947,-0.7310870073084037,0.33972523014098727,0.11684394358216228,0.21771217494380518,0.6868757946806017
181.0,long_regular,182.18818720333473,5.908047601384137,-0.7298393352128989,0.346413472539328,0.11914427499155227,0.21983594758999242,0.6935762377056521
181.25,long_regular,182.43818720333473,5.9072643361046095,-0.7285361422788759,0.3531870947027534,0.1214739716278065,0.221951916282334,0.7002520594755947
181.5,long_regular,182.68818720333473,5.906504574141873,-0.7271770007066176,0.3600465508035637,0.12383318969740581,0.22405987356445808,0.7069026054714053
181.75,long_regular,182.93818720333473,5.9057682507150275,-0.7257614826069045,0.3669922864718279,0.12622208246884487,0.22615961409773744,0.7135272278554846
182.0,long_regular,183.18818720333473,5.905055297837838,-0.7242891600820789,0.37402473853250057,0.12864080018221719,0.22825093466128957,0.7201252854716585
182.25,long_regular,183.43818720333473,5.904365644275854,-0.7227596053084824,0.38114433474089165,0.13108948995823352,0.2303336341519767,0.7266961438451778
182.5,long_regular,183.68818720333473,5.90369921550362,-0.7211723906203797,0.3883514935166488,0.13356829570672848,0.23240751358440562,0.7332391751827181
182.75,long_regular,183.93818720333473,5.9030559336619595,-0.7195270885953318,0.39564662367641906,0.1360773580347133,0.23447237609092786,0.73975375837238
183.0,long_regular,184.18818720333473,5.9024357175153925,-0.7178232721409938,0.40303012416535705,0.13861681415403157,0.2365280269216396,0.746239278983689
183.25,long_regular,184.43818720333473,5.901838482409722,-0.716060514583309,0.4105023837876594,0.14118679778868018,0.23857427344438167,0.7526951292675956
183.5,long_regular,184.68818720333473,5.901264140229765,-0.7142383897561508,0.4180637809363065,0.14378743908185757,0.24061092514473978,0.7591207081564757
183.75,long_regular,184.93818720333473,5.900712599357322,-0.7123564720922895,0.42571468332220064,0.1464188645028045,0.24263779362604393,0.765515421264129
184.0,long_regular,185.18818720333473,5.9001837646293716,-0.7104143367157638,0.43345544770289657,0.14908119675350456,0.24465469260936917,0.7718786808857813
184.25000000000003,long_regular,185.43818720333476,5.899677537296527,-0.7084115595355893,0.44128641961112164,0.15177455467531217,0.246661437933535,0.7782099059980827
184.5,long_regular,185.68818720333473,5.899193814981794,-0.7063477173407975,0.4492079330832938,0.1544990531555802,0.24865784755510564,0.7845085222591085
184.75,long_regular,185.93818720333473,5.898732491639654,-0.7042223878967628,0.45722031038824895,0.15725480303435915,0.25064374154839014,0.790773962008359
185.0,long_regular,186.18818720333473,5.898293457515503,-0.7020351500428159,0.4653238617563918,0.16004191101124238,0.252618942105442,0.7970056642667595
185.25,long_regular,186.43818720333473,5.8978765991054845,-0.699785583791114,0.47351888510949514,0.16286047955243413,0.25458327353605953,0.8032030747366598
185.5,long_regular,186.68818720333473,5.897481799116745,-0.6974732704267064,0.4818056657913727,0.165710606798118,0.2565365622677857,0.809365645801835
185.75,long_regular,186.93818720333473,5.897108936428127,-0.6950977926088564,0.4901844762996571,0.1685923864702057,0.25847863684590816,0.8154928365274854
186.0,long_regular,187.18818720333473,5.896757886051386,-0.6926587344734232,0.49865557601892113,0.17150590778054756,0.2604093279334591,0.8215841126602355
186.25,long_regular,187.43818720333473,5.89642851909289,-0.6901556817364889,0.5072192109553814,0.17445125533968744,0.26232846831121565,0.8276389466281355
186.5,long_regular,187.68818720333473,5.896120702715901,-0.6875882217989795,0.5158756134734294,0.1774285090662462,0.26423589287769933,0.8336568175406601
186.75,long_regular,187.93818720333473,5.895834300103441,-0.6849559438523967,0.5246250020342413,0.18043774409701993,0.26613143864917654,0.8396372111887092
187.0,long_regular,188.18818720333473,5.895569170421771,-0.6822584389855755,0.533467580936717,0.1834790306978794,0.2680149447596583,0.8455796200446074
187.25,long_regular,188.43818720333473,5.895325168784558,-0.6794953002923569,0.5424035400610032,0.18655243417555842,0.26988625246090026,0.8514835432621043
187.5,long_regular,188.68818720333473,5.895102146217695,-0.6766661229802877,0.551433054614865,0.18965801479042146,0.2717452051224029,0.8573484866763752
187.75,long_regular,188.93818720333473,5.8948999496249135,-0.6737705044801476,0.5605562848831636,0.19279582767030018,0.2735916482314111,0.8631739628040188
188.0,long_regular,189.18818720333473,5.8947184217541,-0.6708080445563112,0.5697733759807045,0.1959659227254887,0.27542542939291453,0.8689594908430599
188.25,long_regular,189.43818720333473,5.8945574011644615,-0.6677783454180002,0.5790844576087287,0.19916834456499197,0.27724639832964776,0.8747045966729482
188.5,long_regular,189.68818720333473,5.8944167221945225,-0.6646810118311688,0.5884896438153076,0.20240313241411687,0.2790544068820897,0.8804088128545579
188.75000000000003,long_regular,189.93818720333476,5.894296214930978,-0.6615156512311962,0.5979890327599175,0.20567032003350091,0.2808493090084643,0.8860716786301888
189.0,long_regular,190.18818720333473,5.894195705178499,-0.6582818738361382,0.6075827064824654,0.20896993563967137,0.2826309607847397,0.8916927399235646
189.25,long_regular,190.43818720333473,5.894115014430442,-0.6549792927606579,0.6172707306770325,0.21230200182722783,0.2843992204046293,0.8972715493398352
189.5,long_regular,190.68818720333473,5.894053959840592,-0.65160752413043,0.6270531544706148,0.2156665354927427,0.28615394817959056,0.9028076661655743
189.75,long_regular,190.93818720333473,5.894012354195897,-0.6481661871970497,0.636930010207128,0.2190635477604726,0.28789500653882605,0.9083006563687812
190.0,long_regular,191.18818720333473,5.8939900058902825,-0.6446549044533803,0.6469013132369507,0.22249304390997474,0.289622260029283,0.9137500925988803
190.25,long_regular,191.43818720333473,5.893986718899538,-0.6410733017492674,0.6569670617122775,0.2259550233057212,0.29133557531565296,0.9191555541867201
190.5,long_regular,191.68818720333473,5.894002292757381,-0.6374210084075034,0.6671272363885494,0.2294494793288036,0.2930348211803726,0.9245166271445752
190.75,long_regular,191.93818720333473,5.8940365225326365,-0.6336976573401132,0.677381800432232,0.232976399310821,0.29471986852362303,0.9298329041661442
191.0,long_regular,192.18818720333473,5.8940891988076585,-0.6299028851647472,0.6877306992352038,0.23653576447004138,0.29639059036333,0.935103984626551
191.25,long_regular,192.43818720333473,5.894160107657974,-0.6260363323212332,0.6981738602360216,0.24012754984992793,0.2980468618351641,0.9403294745823447
191.5,long_regular,192.68818720333473,5.894249030633219,-0.6220976431881291,0.7087111927483172,0.24375172426011874,0.2996885601925405,0.9455089867714991
191.75,long_regular,192.93818720333473,5.894355744739364,-0.6180864661992853,0.7193425877965882,0.24740825021994908,0.301315564806619,0.9506421406134127
192.00000000000003,long_regular,193.18818720333476,5.894480022422287,-0.6140024539603064,0.7300679179596283,0.2510970839046014,0.3029277571663041,0.9557285622089093
192.25,long_regular,193.43818720333473,5.894621631552732,-0.6098452633648312,0.7408870372218477,0.2548181750939688,0.30452502087824507,0.9607678843402376
192.5,long_regular,193.68818720333473,5.894780335412674,-0.6056145557105976,0.7517997808327279,0.2585714671243167,0.3061072416668357,0.9657597464710712
192.75,long_regular,193.93818720333473,5.894955892683124,-0.6013099968151869,0.7628059651746408,0.2623568968428209,0.3076743073742147,0.9707037947465086
193.0,long_regular,194.18818720333473,5.895148057433401,-0.5969312571314092,0.7739053876392717,0.26617439456506453,0.3092261079602651,0.9755996819930731
193.25000000000003,long_regular,194.43818720333476,5.895356579111917,-0.5924780118622026,0.7850978265128621,0.27002388403556943,0.31076253550261507,0.9804470677187138
193.5,long_regular,194.68818720333473,5.895581202538488,-0.5879499410750295,0.7963830408704945,0.2739052823914366,0.31228348419663693,0.9852456181128033
193.75,long_regular,194.93818720333473,5.89582166789822,-0.5833467298156472,0.8077607704796296,0.2778185001291688,0.3137888503554481,0.9899950060461407
194.0,long_regular,195.18818720333473,5.8960777107369715,-0.5786680682212269,0.8192307357130915,0.28176344107474355,0.31527853240991044,0.9946949110709484
194.25,long_regular,195.43818720333473,5.89634906195843,-0.5739136516326986,0.8307926374717035,0.2857400023570043,0.31675243090863064,0.9993450194208756
194.5,long_regular,195.68818720333473,5.896635447822867,-0.5690831807062557,0.8424461571167512,0.2897480743844321,0.3182104485179599,1.0039450240109948
194.75,long_regular,195.93818720333473,5.8969365899474955,-0.5641763615239808,0.8541909564124528,0.2937875408253593,0.31965249002199414,1.0084946244378041
195.0,long_regular,196.18818720333473,5.897252205308605,-0.5591929057034326,0.8660266774786022,0.29785827859168135,0.3210784623225741,1.012993526979227
195.25,long_regular,196.43818720333473,5.89758200624534,-0.5541325305062279,0.8779529427535379,0.3019601578261208,0.322488274439285,1.0174414445946112
195.5,long_regular,196.68818720333473,5.897925700465242,-0.5489949589454679,0.8899693549675876,0.30609304189309383,0.323881837509457,1.02183809692473
195.75,long_regular,196.93818720333473,5.898282991051571,-0.5437799198918745,0.9020754971271178,0.3102567873732242,0.3252590647881646,1.026183210291781
196.0,long_regular,197.18818720333473,5.898653576472349,-0.5384871481787816,0.9142709325093165,0.31445124406154895,0.3266198716482272,1.0304765176993873
196.25,long_regular,197.43818720333473,5.899037150591255,-0.5331163847056,0.926555204667817,0.3186762549694527,0.32796417558020885,1.0347177588325969
196.50000000000003,long_regular,197.68818720333476,5.899433402680292,-0.5276673765399194,0.9389278374492646,0.32293165633036514,0.3292918961924182,1.0389066800578821
196.75,long_regular,197.93818720333473,5.8998420174342865,-0.5221398770180898,0.9513883350209136,0.3272172776092534,0.33060295521090854,1.0430430344231405
197.0,long_regular,198.18818720333473,5.900262674987232,-0.5165336458441625,0.9639361819093293,0.3315329415159323,0.33189727647947814,1.0471265816576956
197.25,long_regular,198.43818720333473,5.900695050930477,-0.5108484491872005,0.9765708430502574,0.3358784640222169,0.33317478595966943,1.051157088172294
197.5,long_regular,198.68818720333473,5.901138816332768,-0.5050840597768187,0.9892917638497111,0.3402536543829318,0.33443541173077007,1.0551343270591091
197.75000000000003,long_regular,198.93818720333476,5.901593637762163,-0.4992402569969281,1.0020983702563093,0.344658315160792,0.33567908398981205,1.0590580780917382
198.0,long_regular,199.18818720333473,5.902059177309824,-0.49331682697757007,1.0149900688448927,0.34909224225516045,0.33690573505157206,1.0629281277252036
198.25,long_regular,199.43818720333473,5.902535092615693,-0.4873135626847729,1.027966246911425,0.3535552249346887,0.3381152993485716,1.0667442690959528
198.5,long_regular,199.68818720333473,5.903021036896016,-0.4812302640084938,1.0410262725791701,0.35804704587383507,0.3393077134310767,1.070506302021858
198.75,long_regular,199.93818720333473,5.903516658972807,-0.47506673784826914,1.0541694949161375,0.3625674811932581,0.340482915967098,1.074214033002216
199.0,long_regular,200.18818720333473,5.904021603305157,-0.46882279819689865,1.0673952440637517,0.36711630050407096,0.3416408477423914,1.0778672752177507
199.25,long_regular,200.43818720333473,5.904535510022438,-0.46249826622180334,1.0807028313767055,0.371693266955942,0.3427814516604566,1.0814658485306077
199.5,long_regular,200.68818720333473,5.905058014959393,-0.45609297034406504,1.0940915495739378,0.3762981372890216,0.34390467274253855,1.0850095794843597
199.75,long_regular,200.93818720333473,5.905588749693095,-0.4496067463152329,1.1075606729006573,0.38093066188966807,0.3450104581276268,1.0884983013040042
200.0,long_regular,201.18818720333473,5.906127341581765,-0.44303943729158757,1.1211094573013214,0.38559058484994124,0.3460987570724554,1.0919318538959626
200.25,long_regular,201.43818720333473,5.906673413805483,-0.43639089390604857,1.1347371406034827,0.3902776440308343,0.34716952095150316,1.095310083848082
200.5,long_regular,201.68818720333473,5.907226585408694,-0.42966097433748196,1.1484429427123608,0.3949915711291938,0.3482227032569936,1.0986328444296343
200.75,long_regular,201.93818720333473,5.907786471344608,-0.42284954437746824,1.162226065816034,0.39973209174829305,0.3492582595988951,1.1018999955913171
201.00000000000003,long_regular,202.18818720333476,5.9083526825214,-0.41595647749444487,1.1760856946010945,0.40449892547200345,0.3502761477049203,1.1051114039652514
201.25,long_regular,202.43818720333473,5.90892482585018,-0.40898165489517524,1.1900209964786082,0.40929178594251037,0.3512763274205269,1.1082669428649845
201.5,long_regular,202.68818720333473,5.909502504294826,-0.40192496558345736,1.2040311218202178,0.4141103809415179,0.3522587607089169,1.1113664922854876
201.75,long_regular,202.93818720333473,5.910085316923533,-0.3947863064161341,1.218115204204193,0.41895441247487436,0.3532234116510372,1.1144099389031576
202.0,long_regular,203.18818720333473,5.910672858962125,-0.3875655821562285,1.2322723606712453,0.4238235768605564,0.3541702464455797,1.1173971760758168
202.25000000000003,long_regular,203.43818720333476,5.911264721849103,-0.38026270552328745,1.2465016919898857,0.42871756481993495,0.3550992334089803,1.1203281038427109
202.5,long_regular,203.68818720333473,5.911860493292387,-0.3728775972407887,1.260802282931111,0.43363606157225054,0.35601034297541995,1.1232026289245116
202.75,long_regular,203.93818720333473,5.91245975732773,-0.365410186080688,1.2751732025521865,0.43857874693221593,0.35690354769682436,1.1260206647233155
203.0,long_regular,204.18818720333473,5.913062094378803,-0.3578604089049833,1.2896135044892745,0.4435452954106621,0.3577788222428638,1.1287821313226443
203.25,long_regular,204.43818720333473,5.913667081318867,-0.35022821070430954,1.3041222272586601,0.4485353763181408,0.3586361434009532,1.131486955487444
203.5,long_regular,204.68818720333473,5.914274291534056,-0.3425135446335186,1.318698394566303,0.4535486538713904,0.359475490076252,1.134135070664086
203.75,long_regular,204.93818720333473,5.914883294988218,-0.3347163720442716,1.3333410156254404,0.45858478730257185,0.3602968432916647,1.1367264169803666
204.0,long_regular,205.18818720333473,5.915493658289259,-0.32683666251455223,1.3480490854819551,0.463643430971174,0.3611001861878403,1.1392609412455073
204.25,long_regular,205.43818720333473,5.91610494475699,-0.31887439387512995,1.3628215853472128,0.4687242344784888,0.36188550402317227,1.1417385969501537
204.5,long_regular,205.68818720333473,5.916716714492423,-0.3108295522329545,1.3776574829380643,0.47382684278455073,0.3626527841737991,1.1441593442663776
204.75,long_regular,205.93818720333473,5.917328524448465,-0.3027021319914591,1.3925557328236988,0.4789508963274318,0.3634020161336036,1.146523150047674
205.0,long_regular,206.18818720333473,5.917939928502003,-0.2944921358677499,1.4075152767790302,0.4840960311447847,0.36413319151421364,1.1488299878289652
205.25,long_regular,206.43818720333473,5.9185504775273134,-0.28619957490674164,1.4225350441442832,0.4892618789975171,0.3648463040450014,1.151079837826596
205.50000000000003,long_regular,206.68818720333476,5.919159719470746,-0.2778244684921445,1.437613952190454,0.4944480674954871,0.36554134957308404,1.153272686938338
205.75,long_regular,206.93818720333473,5.919767199426675,-0.2693668443543782,1.4527509064902953,0.49965422022509864,0.36621832606332316,1.1554085287433868
206.0,long_regular,207.18818720333473,5.92037245971466,-0.2608267385753624,1.4679448012944856,0.50487995687868,0.3668772335983252,1.1574873635023635
206.25,long_regular,207.43818720333473,5.9209750399577095,-0.2522041955902612,1.4831945199126302,0.5101248933855237,0.3675180743784412,1.1595091981573133
206.5,long_regular,207.68818720333473,5.921574477161732,-0.24349926818605772,1.4984989350987388,0.5153886420444665,0.3681408527217669,1.1614740463317075
206.75000000000003,long_regular,207.93818720333476,5.9221703057959925,-0.2347120174971935,1.513856909440819,0.520670811657885,0.3687455750641427,1.1633819283304414
207.0,long_regular,208.18818720333473,5.922762057874601,-0.2258425129980104,1.5292672957542255,0.5259710076669825,0.36933224995915365,1.1652328711398356
207.25,long_regular,208.43818720333473,5.923349263038987,-0.21689083249223673,1.5447289374784015,0.5312888322882432,0.36990088807812965,1.1670269084276361
207.5,long_regular,208.68818720333473,5.923931448641248,-0.20785706209945554,1.5602406690766446,0.5366238846509265,0.3704515022101449,1.1687640805430124
207.75,long_regular,208.93818720333473,5.924508139828417,-0.19874129623853865,1.575801316438524,0.5419757609354721,0.37098410726201864,1.1704444345165608
208.0,long_regular,209.18818720333473,5.925078859627491,-0.18954363760817028,1.5914096972845921,0.5473440545126963,0.37149872025831465,1.1720680240603014
208.25,long_regular,209.43818720333473,5.92564312903127,-0.1802641971643486,1.6070646215730124,0.5527283560836456,0.3719953603413414,1.1736349095676797
208.5,long_regular,209.68818720333473,5.9262004670848905,-0.1709030940950722,1.6227648919077398,0.5581282538199845,0.3724740487711521,1.1751451581135661
208.75,long_regular,209.93818720333473,5.926750390972998,-0.16146045579210266,1.638509303947884,0.5635433335047918,0.3729348089255445,1.1765988434542556
209.0,long_regular,210.18818720333473,5.927292416107569,-0.15193641781984946,1.654296646817897,0.5689731786736376,0.373377666300061,1.177996046027468
209.25,long_regular,210.43818720333473,5.927826056216254,-0.14233112388158142,1.6701257035182113,0.5744173707558177,0.3738026485079888,1.179336852952349
209.5,long_regular,210.68818720333473,5.928350823431235,-0.13264472578272946,1.685995251335982,0.5798754892156227,0.3742097852803598,1.1806213580294684
209.75,long_regular,210.93818720333473,5.928866228378533,-0.1228773833915695,1.7019040622555646,0.5853471116935163,0.3745991084659505,1.1818496617408214
210.00000000000003,long_regular,211.18818720333476,5.929371780267719,-0.11302926459720153,1.717850903368385,0.5908318141471045,0.37497065203128205,1.1830218712498275
210.25,long_regular,211.43818720333473,5.929866986981933,-0.10310054526490608,1.7338345372818456,0.5963291709917735,0.3753244520606204,1.1841381004013323
210.5,long_regular,211.68818720333473,5.930351355168245,-0.09309140918895098,1.7498537225269333,0.6018387552408812,0.37566054675597604,1.1851984697216056
210.75,long_regular,211.93818720333473,5.930824390328205,-0.08300204804280797,1.7659072139641843,0.6073601386453825,0.3759789764371041,1.1862031064183414
211.0,long_regular,212.18818720333473,5.931285596908605,-0.07283266132698518,1.7819937631876785,0.6128928918327793,0.3762797835415047,1.1871521443806605
211.25000000000003,long_regular,212.43818720333476,5.931734478392368,-0.06258345631438456,1.7981121189267395,0.6184365844452782,0.37656301262442216,1.1880457241791067
211.5,long_regular,212.68818720333473,5.932170537389508,-0.05225464799330126,1.814261027445015,0.6239907852770498,0.3768287103588459,1.1888839930656505
211.75,long_regular,212.93818720333473,5.9325932757281254,-0.041846459008140435,1.8304392329366357,0.6295550624104822,0.3770769255355098,1.189667104973686
212.0,long_regular,213.18818720333473,5.933002194545379,-0.031359119597907714,1.8466454779191448,0.6351289833513235,0.37730770906289246,1.1903952205180328
212.25,long_regular,213.43818720333473,5.933396794378382,-0.020792867532448245,1.8628785036229027,0.6407121151626127,0.3775211139672172,1.1910685069949358
212.5,long_regular,213.68818720333473,5.9337765752549725,-0.010147948046641542,1.879137050376681,0.6463040245972992,0.37771719539245185,1.191687138382064
212.75,long_regular,213.93818720333473,5.934141036784325,0.000575386227522845,1.8954198579891697,0.6519042782294573,0.3778960106003092,1.192251295338512
213.0,long_regular,214.18818720333473,5.934489678247315,0.011376875330822767,1.9117256661261235,0.6575124425840009,0.3780576189702463,1.1927611652047987
213.25,long_regular,214.43818720333473,5.934821998686641,0.022256252048626912,1.928053214682895,0.6631280842648107,0.3782020819994654,1.193216942002869
213.5,long_regular,214.68818720333473,5.935137496996609,0.033213241984595854,1.9444012441520961,0.6687507700811869,0.37832946330291317,1.1936188264360925
213.75,long_regular,214.93818720333473,5.93543567201257,0.04424756363616167,1.9607684959861564,0.6743800671725461,0.37843982861328074,1.1939670258892627
214.0,long_regular,215.18818720333473,5.93571602259993,0.05535892847173551,1.977153712954541,0.6800155431312814,0.3785332457810042,1.1942617544285987
214.25,long_regular,215.43818720333473,5.935978047742733,0.06654704100960984,1.993555639495411,0.6856567661237123,0.37860978477426427,1.1945032328017449
214.50000000000003,long_regular,215.68818720333476,5.936221246631725,0.07781159889842026,2.009973022061516,0.6913033050090482,0.37866951767898627,1.1946916884377703
214.75,long_regular,215.93818720333473,5.936445118751885,0.08915229299914929,2.0264046094601227,0.6969547294563033,0.37871251869884026,1.194827355447169
215.0,long_regular,216.18818720333473,5.936649163969382,0.10056880746859687,2.042849153186785,0.7026106100590925,0.37873886415524083,1.1949104746218593
215.25,long_regular,216.43818720333473,5.936832882617908,0.11206081984420857,2.0593054077527797,0.7082705184482482,0.37874863248734747,1.1949412934351855
215.5,long_regular,216.68818720333473,5.936995775584351,0.12362800113028216,2.075772131006051,0.7139340274022044,0.3787419042520644,1.194920066041917
215.75000000000003,long_regular,216.93818720333476,5.937137344393758,0.13527001588534615,2.0922480844454863,0.7196007109550885,0.37871876212404,1.1948470532782465
216.0,long_regular,217.18818720333473,5.937257091293586,0.14698652231079334,2.108732033528398,0.7252701445024752,0.37867929089566804,1.194722522661794
216.25,long_regular,217.43818720333473,5.937354519337158,0.1587771723405802,2.125222747971067,0.7309419049047541,0.3786235774770864,1.1945467483916021
216.5,long_regular,217.68818720333473,5.937429132466336,0.17064161173198533,2.141719002042224,0.7366155705880694,0.37855171089617795,1.1943200113481398
216.75,long_regular,217.93818720333473,5.9374804355933275,0.1825794801573597,2.1582195748493618,0.7422907216427922,0.3784637822985701,1.194042599093301
217.0,long_regular,218.18818720333473,5.937507934681653,0.19459041129674937,2.174723250617764,0.7479669399194896,0.37835988494763484,1.1937148058704035
217.25,long_regular,218.43818720333473,5.937511136826174,0.20667403293138475,2.191228818962177,0.753643809122362,0.3782401142244891,1.1933369326041912
217.5,long_regular,218.68818720333473,5.937489550332229,0.21882996703796032,2.2077350751510187,0.7593209149001146,0.37810456762799444,1.1929092869008326
217.75,long_regular,218.93818720333473,5.937442684793773,0.2310578298835524,2.2242408203630837,0.7649978449342474,0.3779533447747568,1.192432183047921
218.0,long_regular,219.18818720333473,5.937370051170555,0.2433572321212698,2.240744861936653,0.7706741890247334,0.37778654739912704,1.1919059420144744
218.25,long_regular,219.43818720333473,5.93727116186427,0.2557277788864125,2.257246013610984,0.7763495391730757,0.37760427935320084,1.1913308914509368
218.5,long_regular,219.68818720333473,5.93714553079367,0.26816906989317335,2.273743095760123,0.7820234896627238,0.37740664660681805,1.1907073656891753
218.75,long_regular,219.93818720333473,5.936992673468632,0.2806806995317803,2.2902349356190173,0.7876956371368428,0.37719375724756404,1.1900357057424849
219.00000000000003,long_regular,220.18818720333476,5.936812107063115,0.29326225696602526,2.306720367501901,0.7933655806734233,0.3769657214807679,1.189316259305582
219.25,long_regular,220.43818720333473,5.936603350487042,0.3059133262311322,2.3231982330129504,0.7990329218577342,0.3767226516295039,1.18854938075461
219.5,long_regular,220.68818720333473,5.936365924457041,0.3186334863318736,2.3396673812491966,0.8046972648521113,0.37646466213459084,1.1877354311471366
219.75,long_regular,220.93818720333473,5.936099351566053,0.3314223113409054,2.356126668995705,0.8103582164630867,0.37619186955459255,1.186874778222156
220.0,long_regular,221.18818720333473,5.9358031563517715,0.34427937049722734,2.3725749609130387,0.8160153862058647,0.37590439256581715,1.1859677964000854
220.25000000000003,long_regular,221.43818720333476,5.935476865363922,0.3572042283047834,2.3890111297170273,0.8216683863661505,0.37560235196231745,1.1850148667827674
220.5,long_regular,221.68818720333473,5.935120007230353,0.3701964446310373,2.405434056350874,0.8273168320593444,0.3752858706558911,1.18401637715347
220.75,long_regular,221.93818720333473,5.934732112721907,0.3832555748055788,2.421842630149629,0.8329603412871102,0.3749550736760803,1.182972721976886
221.0,long_regular,222.18818720333473,5.934312714816108,0.3963811697186288,2.4382357489970987,0.8385985349913413,0.374610088170172,1.1818843023991328
221.25,long_regular,222.43818720333473,5.933861348759599,0.40957277591944097,2.454612319475215,0.8442310371055359,0.3742510434031979,1.1807515262477537
221.5,long_regular,222.68818720333473,5.933377552129375,0.4228299357145082,2.470971257005957,0.849857474603607,0.37387807075793417,1.1795748080317154
221.75,long_regular,222.93818720333473,5.932860864892733,0.43615218726555494,2.487311485985863,0.8554774775461481,0.37349130373490175,1.178354568941411
222.0,long_regular,223.18818720333473,5.932310829466025,0.4495390646872601,2.503631939913231,0.86109067912418,0.3730908779523664,1.177091236848658
222.25,long_regular,223.43818720333473,5.931726990772116,0.4629900981446724,2.5199315615080704,0.8666967157004085,0.3726769311463385,1.1757852463066991
222.5,long_regular,223.68818720333473,5.931108896296601,0.4765048139502239,2.5362093028249015,0.872295226848019,0.3722496031705728,1.174437038550201
222.75,long_regular,223.93818720333473,5.9304560961427635,0.4900827346604033,2.5524641253584903,0.877885855387043,0.371809035996569,1.173047061495256
223.0,long_regular,224.18818720333473,5.929768143085257,0.5037233791718894,2.568695000142618,0.8834682474183286,0.3713553737135717,1.1716157697393823
223.25,long_regular,224.43818720333473,5.929044592622512,0.5174262628172865,2.584900907841976,0.8890420523551468,0.3708887625285696,1.1701436245615213
223.50000000000003,long_regular,224.68818720333476,5.928285003027908,0.5311908974602777,2.601080838837314,0.8946069229524762,0.3704093507662967,1.168631093922041
223.75,long_regular,224.93818720333473,5.927488935399642,0.5450167915902018,2.6172337933039294,0.9001625153339993,0.36991728886923114,1.1670786524627326
224.0,long_regular,225.18818720333473,5.926655953709338,0.5589034504160937,2.6333587812836243,0.9057084890168506,0.369412729397596,1.1654867815068135
224.25,long_regular,225.43818720333473,5.925785624849422,0.5728503759599692,2.6494548227502497,0.9112445069341599,0.368895827029359,1.1638559690589259
224.5,long_regular,225.68818720333473,5.924877518679187,0.5868570671495887,2.6655209476689525,0.9167702354554293,0.36836673856023266,1.1621867098051366
224.75000000000003,long_regular,225.93818720333476,5.923931208069636,0.6009230199103763,2.681556196049255,0.9222853444047896,0.3678256229036738,1.1604795051129373
225.0,long_regular,226.18818720333473,5.9229462689470616,0.615047727256675,2.6975596179920895,0.9277895070771766,0.3672726410908844,1.1587348630312455
225.25,long_regular,226.43818720333473,5.921922280335376,0.6292306793822529,2.7135302737309273,0.9332824002524772,0.3667079562708108,1.1569532982904025
225.5,long_regular,226.68818720333473,5.920858824397204,0.6434713637499456,2.7294672336671275,0.9387637042076877,0.3661317337101442,1.1551353323021754
225.75,long_regular,226.93818720333473,5.919755486473738,0.6577692651805638,2.745369578399641,0.9442331027271287,0.3655441407933201,1.1532814931597553
226.0,long_regular,227.18818720333473,5.918611855123367,0.6721238659408839,2.761236398749212,0.9496902831107706,0.36494534702251924,1.1513923156377595
226.25,long_regular,227.43818720333473,5.917427522159098,0.6865346458308288,2.7770667957772095,0.9551349361807087,0.36433552401766667,1.1494683411922295
226.5,long_regular,227.68818720333473,5.916202082684751,0.7010010822697077,2.7928598807992286,0.9605667562858428,0.3637148455164322,1.147510117960632
226.75,long_regular,227.93818720333473,5.914935135129973,0.7155226503815975,2.8086147753936084,0.9659854413048053,0.36308348737423013,1.1455182007618578
227.0,long_regular,228.18818720333473,5.913626281284052,0.7300988230797345,2.8243306114050033,0.9713906926471914,0.3624416275642199,1.143493151096224
227.25,long_regular,228.43818720333473,5.91227512632856,0.744729071150013,2.8400065309431497,0.9767822152531325,0.3617894461773052,1.141435537145472
227.5,long_regular,228.68818720333473,5.910881278868831,0.7594128633334738,2.855641686376971,0.9821597175912709,0.3611271254221344,1.1393459337727676
227.75,long_regular,228.93818720333473,5.909444350964273,0.7741496664078413,2.871235240324169,0.9875229116551785,0.3604548496251009,1.1372249225227027
228.00000000000003,long_regular,229.18818720333476,5.9079639581575645,0.7889389452680344,2.886786365636433,0.9928715129582705,0.3597728052303424,1.135073091621293
228.25,long_regular,229.43818720333473,5.906439719502695,0.8037801630056953,2.9022942453804266,0.9982052405272654,0.35908118079974155,1.1328910359759803
228.5,long_regular,229.68818720333473,5.904871257591906,0.8186727809876619,2.9177580728146766,1.0035238168942369,0.3583801670129255,1.1306793571756302
228.75,long_regular,229.93818720333473,5.9032581985815336,0.8336162589334548,2.9331770513625153,1.0088269680873072,0.35766995666726625,1.1284386634905341
229.0,long_regular,230.18818720333473,5.901600172216754,0.848610054991664,2.94855039458122,1.0141144236200332,0.3569507446778801,1.1261695698724077
229.25,long_regular,230.43818720333473,5.8998968118552675,0.8636536258153149,2.963877326127485,1.019385916479531,0.35622272807762867,1.1238726979543927
229.50000000000003,long_regular,230.68818720333476,5.89814775448992,0.8787464266361718,2.97915707971936,1.024641183113385,0.35548610601711755,1.1215486760510545
229.75,long_regular,230.93818720333473,5.89635264077028,0.8938879113379516,2.9943888990948033,1.029879963415394,0.3547410797646975,1.1191981391583838
230.0,long_regular,231.18818720333473,5.894511115023202,0.9090775325285114,3.0095720379669917,1.0351020007101979,0.35398785270646366,1.116821728953797
230.25000000000003,long_regular,231.43818720333476,5.892622825272366,0.9243147416108912,3.0247057599764946,1.0403070417368319,0.35322663034625607,1.1144200937961344
230.5,long_regular,231.68818720333473,5.890687423256827,0.9395989888533074,3.03978933864048,1.045494836631254,0.3524576203056593,1.1119938887256617
230.75,long_regular,231.93818720333473,5.888704564448594,0.9549297234580969,3.054822057299059,1.0506651389078925,0.3516810323240027,1.1095437754640702
230.99999999999997,long_regular,232.1881872033347,5.886673908069234,0.9703063936294889,3.0698032090589185,1.0558177054402587,0.35089707825836025,1.107070422414475
231.25000000000003,long_regular,232.43818720333476,5.884595117105539,0.9857284466403846,3.0847320967343532,1.0609522964406652,0.35010597208355043,1.1045745046614164
231.5,long_regular,232.68818720333473,5.882467858324272,1.0011953288979418,3.0996080327858357,1.0660686754390984,0.34930792989213666,1.1020567039708604
231.75,long_regular,232.93818720333473,5.880291802285985,1.0167064860081814,3.11443033925624,1.071166609261284,0.3485031698944271,1.0995177087901977
232.00000000000003,long_regular,233.18818720333476,5.878066623357951,1.0322613628394093,3.129198347704855,1.0762458680059899,0.3476919124184742,1.096958214248243
232.25,long_regular,233.43818720333473,5.875791999726227,1.0478594035846194,3.1439113991392853,1.0813062250216068,0.3468743799100754,1.0943789221552374
232.5,long_regular,233.68818720333473,5.873467613406838,1.0635000518227726,3.1585688439453796,1.0863474568820464,0.34605079693277274,1.0917805410028456
232.75000000000003,long_regular,233.93818720333476,5.871093150256131,1.0791827505790348,3.173170041815292,1.0913693433619998,0.34522139016785286,1.089163785964158
233.0,long_regular,234.18818720333473,5.868668299980312,1.0949069423838713,3.1877143616737844,1.0963716674115893,0.34438638841434743,1.0865293788936912
233.25,long_regular,234.43818720333473,5.8661927561441445,1.1106720693311707,3.2022011816028906,1.101354215130459,0.34354602258903194,1.0838780483273827
233.49999999999997,long_regular,234.6881872033347,5.863666216178887,1.1264775731352015,3.2166298887650453,1.1063167757413346,0.34270052572642745,1.081210529482599
233.75000000000003,long_regular,234.93818720333476,5.861088381389441,1.1423228951865765,3.2309998793247834,1.1112591415630941,0.3418501329787995,1.078527564258131
234.0,long_regular,235.18818720333473,5.858458956960743,1.1582074766071302,3.2453105583691135,1.116181107983381,0.3409950816161579,1.075829901234192
234.24999999999997,long_regular,235.4381872033347,5.855777651963422,1.1741307583037721,3.259561339826668,1.1210824734307963,0.34013561102625756,1.0731182956724235
234.50000000000003,long_regular,235.68818720333476,5.8530441793587205,1.1900921810212886,3.273751646385721,1.1259630393467026,0.3392719627145979,1.0703935095158894
234.75,long_regular,235.93818720333473,5.850258256002741,1.2060911853940905,3.2878809094111836,1.1308226101566763,0.33840438030442294,1.0676563113890798
235.0,long_regular,236.18818720333473,5.847419602649952,1.2221272119969995,3.301948568860651,1.1356609932416313,0.33753310953672155,1.0649074765979094
235.25000000000003,long_regular,236.43818720333476,5.844527943956079,1.2381997013949562,3.3159540731996033,1.1404779989086558,0.33665839827022714,1.0621477871297182
235.5,long_regular,236.68818720333473,5.841583008480293,1.254308094191758,3.329896879315851,1.1452734403615845,0.33578049648141794,1.059378031653271
235.75,long_regular,236.93818720333473,5.838584528686791,1.2704518310778101,3.3437764524332962,1.1500471336713403,0.3348996562645167,1.0565990055187573
236.00000000000003,long_regular,237.18818720333476,5.835532240945737,1.2866303528768532,3.3575922660251067,1.1547988977460697,0.3340161318314909,1.0538115107577914
236.25,long_regular,237.43818720333473,5.832425885533603,1.3028431005917436,3.3713438017263706,1.1595285543011031,0.33313017951205265,1.0510163560834132
236.5,long_regular,237.68818720333473,5.829265206632918,1.3190895154492805,3.385030549246322,1.164235927828765,0.33224205775365884,1.0482143568900866
236.74999999999997,long_regular,237.9381872033347,5.826049952331447,1.33536903894406,3.398652006280197,1.1689208455680582,0.33135202712151113,1.0454063352537022
237.00000000000003,long_regular,238.18818720333476,5.822779874620801,1.3516811128813764,3.4122076784208044,1.1735831374742498,0.3304603502985555,1.0425931199315732
237.25,long_regular,238.43818720333473,5.819454729394524,1.3680251794192277,3.4256970790698746,1.1782226361883812,0.3295672920854829,1.0397755463624396
237.49999999999997,long_regular,238.6881872033347,5.816074276445628,1.3844006811093865,3.4391197293492612,1.182839177006727,0.32867311940072885,1.0369544566664652
237.75000000000003,long_regular,238.93818720333476,5.812638279463635,1.40080706093755,3.452475158012044,1.1874325978502192,0.3277781012804736,1.0341306996452395
238.0,long_regular,239.18818720333473,5.809146506031118,1.4172437623625918,3.465762901353621,1.1920027392338695,0.32688250887864206,1.0313051307817769
238.25,long_regular,239.43818720333473,5.805598727619753,1.4337102293549893,3.4789825031228174,1.1965494442361964,0.3259866154669038,1.0284786122405163
238.50000000000003,long_regular,239.68818720333476,5.801994719585911,1.4502059064343196,3.4921335144331036,1.2010725584686888,0.325090696434673,1.0256520128673217
238.75,long_regular,239.93818720333473,5.798334261165802,1.4667302387058734,3.505215493673948,1.205571930045318,0.3241950292891086,1.0228262081894821
239.0,long_regular,240.18818720333473,5.79461713547016,1.4832826718965508,3.518228006422378,1.2100474095521205,0.32329989365511425,1.0200020804157115
239.25000000000003,long_regular,240.43818720333476,5.790843129478535,1.499862652389778,3.531170625354784,1.2144988500168628,0.32240557127533814,1.0171805184361487
239.5,long_regular,240.68818720333473,5.787012034033147,1.5164696272596805,3.54404293015903,1.2189261068788142,0.3215123460101733,1.0143624178223578
239.75,long_regular,240.93818720333473,5.783123643832353,1.5331030443044602,3.5568445074469057,1.2233290379586357,0.32062050383775736,1.0115486808273275
239.99999999999997,long_regular,241.1881872033347,5.779177757423742,1.5497623520789445,3.5695749506669716,1.2277075034284037,0.31973033285397257,1.0087402163854717
240.25000000000003,long_regular,241.43818720333476,5.775174177196838,1.5664469999263724,3.5822338600178316,1.2320613657817818,0.318842123272446,1.005937940112629
240.5,long_regular,241.68818720333473,5.771112709375471,1.5831564380093872,3.5948208423618815,1.2363904898043558,0.31795616742454924,1.0031427743060632
240.75,long_regular,241.93818720333473,5.7669931640097785,1.5998901173403484,3.607335511139568,1.240694742544144,0.31707275975939864,1.0003556479444626
241.00000000000003,long_regular,242.18818720333476,5.7628153549678895,1.6166474898108212,3.619777486284189,1.2449739932822932,0.31619219684385513,0.9975774966879409
241.25,long_regular,242.43818720333473,5.758579099927299,1.6334280082203687,3.632146394137281,1.249228113503979,0.3153147773625245,0.9948092628780367
241.5,long_regular,242.68818720333473,5.754284220365904,1.6502311263046536,3.644441867364619,1.2534569768695136,0.31444080211775705,0.9920518955377133
241.75000000000003,long_regular,242.93818720333476,5.749930541552779,1.6670562987627995,3.6566635448728517,1.2576604591856746,0.31357057402964783,0.9893063503713593
242.0,long_regular,243.18818720333473,5.74551789253864,1.6839029812840915,3.6688110717268225,1.2618384383772676,0.3127043981360367,0.9865735897647883
242.25,long_regular,243.43818720333473,5.741046106146056,1.700770630574009,3.680884099067576,1.2659907944589264,0.31184258159250766,0.9838545827852374
242.49999999999997,long_regular,243.6881872033347,5.736515018959388,1.7176587043795526,3.6928822840311026,1.2701174095071666,0.31098543367239007,0.9811503051813709
242.75000000000003,long_regular,243.93818720333476,5.731924471314476,1.7345666615139828,3.7048052896678234,1.2742181676326925,0.31013326576675765,0.978461739383277
243.0,long_regular,244.18818720333473,5.727274307288091,1.7514939618808625,3.7166527848628483,1.2782929549529716,0.30928639138442865,0.9757898745024681
243.24999999999997,long_regular,244.4381872033347,5.7225643746871615,1.7684400664975408,3.728424444257029,1.282341659565082,0.30844512615196645,0.9731357063318833
243.50000000000003,long_regular,244.68818720333476,5.717794525037772,1.7854044375179692,3.7401199481688194,1.2863641715188368,0.30760978781367854,0.9705002373458848
243.75,long_regular,244.93818720333473,5.712964613573956,1.8023865382549396,3.751738982516968,1.2903603827901953,0.3067806962316175,0.967884476700261
244.0,long_regular,245.18818720333473,5.7080744992262895,1.8193858332017685,3.763281238744052,1.294330187254964,0.30595817338558035,0.9652894402322244
244.25000000000003,long_regular,245.43818720333476,5.703124044610293,1.836401788053358,3.7747464137408784,1.298273480662795,0.305142543373109,0.9627161504604135
244.5,long_regular,245.68818720333473,5.698113116014666,1.8534338697267212,3.786134209771751,1.3021901606114825,0.3043341324094898,0.9601656365848906
244.75,long_regular,245.93818720333473,5.69304158338932,1.8704815463809918,3.797444334400634,1.306080126521568,0.3035332688277541,0.9576389344871441
245.00000000000003,long_regular,246.18818720333476,5.687909320333279,1.8875442874368273,3.8086765004182044,1.3099432796112511,0.3027402830786775,0.9551370867300861
245.25,long_regular,246.43818720333473,5.6827162040824195,1.9046215635953492,3.8198304257698186,1.3137795228716143,0.30195550773078056,0.9526611425580543
245.5,long_regular,246.68818720333473,5.67746211549705,1.921712846856542,3.830905833484398,1.3175887610421637,0.3011792774703285,0.9502121578968119
245.74999999999997,long_regular,246.9381872033347,5.672146939049361,1.9388176105371828,3.8419024516042297,1.3213709005866863,0.30041192910133113,0.9477911953535458
246.00000000000003,long_regular,247.18818720333476,5.666770562810759,1.9559353292882284,3.8528200131157164,1.3251258496694303,0.29965380154554305,0.9453993242168691
246.25,long_regular,247.43818720333473,5.661332878439073,1.9730654791117854,3.863658255881047,1.3288535181316063,0.2989052358424633,0.9430376204568187
246.49999999999997,long_regular,247.6881872033347,5.655833781165622,1.9902075373775725,3.8744169225708225,1.3325538174682134,0.29816657514933587,0.9407071667248572
246.75000000000003,long_regular,247.93818720333476,5.65027316978221,2.007360982838965,3.8850957605976224,1.336226660805191,0.29743816474114937,0.9384090523538724
247.0,long_regular,248.18818720333473,5.6446509466280155,2.024525295648553,3.8956945220505244,1.339871962876897,0.29672035201063696,0.9361443733581762
247.25,long_regular,248.43818720333473,5.638967017576366,2.041699957373314,3.906212963630575,1.343489640003914,0.29601348646827647,0.9339142324335057
247.50000000000003,long_regular,248.68818720333476,5.63322129202146,2.0588844510093263,3.916650846587219,1.3470796100711864,0.29531791974229055,0.9317197389570234
247.75,long_regular,248.93818720333473,5.62741368286498,2.076078260996101,3.927007936655673,1.3506417925064784,0.29463400557864644,0.9295620089873163
248.0,long_regular,249.18818720333473,5.621544106502661,2.0932808732304933,3.937284003995265,1.3541761082591692,0.29396209984105615,0.9274421652643967
248.25000000000003,long_regular,249.43818720333476,5.615612482810771,2.110491775080236,3.9474788231287152,1.3576824797793676,0.29330256051097614,0.9253613372097014
248.5,long_regular,249.68818720333473,5.609618735132544,2.1277104553970907,3.9575921728823857,1.3611608309973626,0.2926557476876079,0.9233206609260928
248.75,long_regular,249.93818720333473,5.603562790264556,2.1449364045296297,3.9676238363274643,1.3646110873033943,0.29202202358789714,0.9213212791978572
248.99999999999997,long_regular,250.1881872033347,5.597444578443056,2.1621691143356636,3.9775736007221045,1.3680331755277535,0.2914017525465347,0.9193643414907071
249.25000000000003,long_regular,250.43818720333476,5.591264033330242,2.1794080781943084,3.987441257454505,1.3714270239212043,0.29079530101595585,0.9174510039517793
249.5,long_regular,250.68818720333473,5.58502109200053,2.196652791017713,3.9972266019869327,1.3747925621357329,0.2902030375663405,0.9155824294096352
249.75,long_regular,250.93818720333473,5.578715694926752,2.2139027492624788,4.006929433800681,1.3781297212056152,0.2896253328856134,0.9137597873742617
250.00000000000003,long_regular,251.18818720333476,5.572347785966347,2.2311574509407426,4.016549556341955,1.3814384335288052,0.28906255977944384,0.9119842540370707
250.25,long_regular,251.43818720333473,5.56591731234756,2.248416395630901,4.026086776968686,1.3847186328486436,0.2885150931712458,0.9102570122708986
250.5,long_regular,251.68818720333473,5.559424224655549,2.265679084488159,4.035540906898266,1.38797025423588,0.28798331010217804,0.9085792516300071
250.75000000000003,long_regular,251.93818720333476,5.552868476818563,2.2829450202546138,4.044911761156192,1.3911932340710116,0.28746758973114384,0.9069521683500824
251.0,long_regular,252.18818720333473,5.54625002609406,2.300213707269215,4.054199158525618,1.3943875100269303,0.2869683133347914,0.9053769653482366
251.25,long_regular,252.43818720333473,5.539568833054833,2.3174846514773213,4.063402921497808,1.3975530210518838,0.2864857934176906,0.903854628567607
251.49999999999997,long_regular,252.6881872033347,5.532824861575149,2.3347573604400678,4.072522876223479,1.4006897073527391,0.2860197862309589,0.902384388987318
251.75000000000003,long_regular,252.93818720333476,5.526018078816879,2.35203134334344,4.081558852465034,1.4037975103785547,0.2855699284116649,0.9009651002075306
252.0,long_regular,253.18818720333473,5.519148455215651,2.3693061110070923,4.090510683549659,1.4068763728044478,0.2851358557986278,0.8995956133099517
252.24999999999997,long_regular,253.4381872033347,5.512215964466995,2.3865811758929376,4.099378206323303,1.4099262385157676,0.28471720333875505,0.8982747765623316
252.50000000000003,long_regular,253.68818720333476,5.5052205835125205,2.40385605211351,4.108161261105509,1.412947052592559,0.28431360499337893,0.8970014351229585
252.75,long_regular,253.93818720333473,5.498162292526123,2.42113025544002,4.116859691645095,1.4159387612943204,0.2839246936445937,0.8957744307451551
253.0,long_regular,254.18818720333473,5.491041074900185,2.43840330331032,4.125473345076676,1.4189013120450502,0.2835501010015929,0.894592601481775
253.25000000000003,long_regular,254.43818720333476,5.483856917231821,2.455674714836542,4.13400207187803,1.4218346534185817,0.2831894575070056,0.8934547813896971
253.5,long_regular,254.68818720333473,5.476609809309165,2.4729440108125695,4.142445725828272,1.4247387351241998,0.2828423922432343,0.8923598002343233
253.75,long_regular,254.93818720333473,5.46929974409767,2.4902107137213076,4.150804163966842,1.4276135079925345,0.28250853283879135,0.8913064831940726
254.00000000000003,long_regular,255.18818720333476,5.461926717726438,2.5074743477417805,4.159077246553309,1.4304589239617358,0.28218750537463627,0.8902936505648787
254.25,long_regular,255.43818720333473,5.454490729474628,2.524734438755983,4.167264837027964,1.43327493606392,0.28187893429051253,0.8893201174646851
254.5,long_regular,255.68818720333473,5.446991781757857,2.5419905143556036,4.175366801973179,1.4360614984118816,0.2815824422912847,0.8883846935379405
254.74999999999997,long_regular,255.9381872033347,5.43942988011468,2.55924210384857,4.183383011075568,1.4388185661860755,0.28129765025327547,0.8874861826600955
255.00000000000003,long_regular,256.1881872033348,5.431805033193093,2.576488738265408,4.191313337088886,1.4415460956218602,0.2810241771306027,0.8866233826420986
255.25,long_regular,256.43818720333473,5.424117252737119,2.593729950365418,4.199157655797694,1.4442440439969988,0.2807616398615161,0.885795084934891
255.49999999999997,long_regular,256.6881872033347,5.4163665535734005,2.610965274642746,4.2069158459817695,1.446912369619419,0.28050965327473476,0.8850000743339039
255.75000000000003,long_regular,256.9381872033348,5.408552953597874,2.6281942473322957,4.214587789381227,1.449551031815217,0.28026782999578376,0.8842371286835534
256.0,long_regular,257.18818720333473,5.400676473762513,2.6454164064154364,4.222173370662386,1.4521599909169174,0.28003578035333143,0.8835050185817369
256.25,long_regular,257.43818720333473,5.392737138062094,2.6626312916256447,4.22967247738433,1.4547392082519732,0.2798131122855261,0.8828025070843286
256.5,long_regular,257.68818720333473,5.384734973521041,2.679838444453994,4.2370849999661795,1.457288646131508,0.2795994312463334,0.8821283494096761
256.75,long_regular,257.93818720333473,5.376670010180348,2.697037408154473,4.244410831655036,1.459808267839292,0.2793943401118731,0.8814812926430955
257.0,long_regular,258.18818720333473,5.368542281084537,2.7142277277492433,4.2516498684946225,1.462298037620956,0.27919743908675615,0.8808600754413679
257.25000000000006,long_regular,258.4381872033348,5.360351822268694,2.7314089500337557,4.258802009294579,1.4647579206734305,0.27900832561042166,0.8802634277372346
257.5,long_regular,258.68818720333473,5.352098672745584,2.74858062358171,4.2658671556004215,1.4671878831346141,0.27882659426347406,0.8796900704438944
257.75,long_regular,258.93818720333473,5.34378287449282,2.765742298749993,4.272845211664143,1.4695878920732623,0.2786518366740199,0.8791387151594975
258.0,long_regular,259.18818720333473,5.335404472440101,2.7828935276834326,4.2797360844154495,1.4719579154790934,0.278483641424005,0.8786080638716434
258.25,long_regular,259.43818720333473,5.326963514456541,2.800033864319524,4.286539683433623,1.4742979222531125,0.2783215939555514,0.8780968086618748
258.5,long_regular,259.68818720333473,5.318460051338052,2.8171628643929827,4.293255920919999,1.4766078821981448,0.2781652764772944,0.8776036314101756
258.75,long_regular,259.93818720333473,5.309894136794815,2.83428008544029,4.299884711671044,1.4788877660095756,0.2780142678707197,0.8771272034994656
259.0,long_regular,260.18818720333473,5.301265827438822,2.8513850868040995,4.306425973052026,1.4811375452662954,0.2778681435965001,0.8766661855200961
259.25,long_regular,260.43818720333473,5.292575182771498,2.8684774296375766,4.312879624971271,1.483357192421846,0.2777264756008326,0.8762192269743463
259.5,long_regular,260.68818720333473,5.283822265171397,2.88555667690867,4.319245589854985,1.4855466807957594,0.27758883222177594,0.8757849659809201
259.75,long_regular,260.93818720333473,5.275007139881982,2.90262239340431,4.325523792622647,1.4877059845650957,0.27745477809558666,0.8753620289794399
260.0,long_regular,261.18818720333473,5.266129874999501,2.9196741457345166,4.331714160662939,1.4898350787561645,0.27732387406305703,0.8749490304349447
260.25,long_regular,261.43818720333473,5.257190541460908,2.9367115023364785,4.337816623810231,1.491933939236437,0.27719567707585147,0.8745445725423845
260.50000000000006,long_regular,261.6881872033348,5.248189213031912,2.953734033478538,4.343831114321584,1.4940025427066366,0.27706974010284363,0.8741472449311163
260.75,long_regular,261.93818720333473,5.239125966295077,2.970741311264138,4.349757566854289,1.4960408666930134,0.2769456120364539,0.8737556243694016
261.0,long_regular,262.18818720333473,5.230000880638022,2.98773290963571,4.355595918443894,1.4980488895397874,0.2768228375989856,0.8733682744689
261.25,long_regular,262.43818720333473,5.220814038241707,3.0047084043785155,4.361346108482756,1.5000265904017713,0.2767009572489627,0.8729837453891663
261.5,long_regular,262.68818720333473,5.211565524068801,3.021667373124431,4.367008078699061,1.5019739492371549,0.27657950708746654,0.8726005735421472
261.75,long_regular,262.93818720333473,5.202255425852144,3.0386093953556825,4.3725817731363374,1.5038909468004595,0.2764580187644728,0.8722172812966754
262.0,long_regular,263.18818720333473,5.1928838340832915,3.0555340524085794,4.378067138133445,1.5057775646356542,0.27633601938518854,0.8718323766829669
262.25,long_regular,263.43818720333473,5.183450842001154,3.0724409274771682,4.383464122305012,1.5076337850694286,0.27621303141638937,0.871444353097116
262.5,long_regular,263.68818720333473,5.173956545580722,3.0893296056168538,4.388772676522327,1.5094595912046203,0.2760885725927563,0.8710516890055923
262.75,long_regular,263.93818720333473,5.164401043521885,3.106199673748035,4.393992753894684,1.5112549669137987,0.27596215582321276,0.8706528476497352
263.0,long_regular,264.18818720333473,5.154784437238336,3.123050720659661,4.399124309751144,1.5130198968329929,0.2758332890972617,0.8702462767502511
263.25,long_regular,264.43818720333473,5.1451068308465855,3.139882337012762,4.4041673016227385,1.5147543663555694,0.2757014753913224,0.8698304082117083
263.5,long_regular,264.68818720333473,5.135368331155039,3.1566941153440142,4.40912168922507,1.5164583616262495,0.2755662834648906,0.8694038814824329
263.75,long_regular,264.93818720333473,5.125569047653194,3.1734856500692246,4.413987434441327,1.5181318695352664,0.27542783524824943,0.8689670812490419
264.0,long_regular,265.18818720333473,5.115709092500921,3.1902565374868153,4.418764501305703,1.5197748777126625,0.27528636910940346,0.8685207595558921
264.25,long_regular,265.43818720333473,5.105788580517837,3.207006375781307,4.423452855987187,1.5213873745227142,0.27514212094461554,0.8680656606490649
264.5,long_regular,265.68818720333473,5.09580762917277,3.2237347650267805,4.428052466773744,1.5229693490584923,0.27499532417840666,0.8676025209763649
264.75,long_regular,265.93818720333473,5.085766358573325,3.2404413071903333,4.432563304056865,1.5245207911365464,0.27484620976355595,0.8671320691873211
265.0,long_regular,266.18818720333473,5.075664891455565,3.2571256061354905,4.4369853403164745,1.5260416912917147,0.27469500618110104,0.8666550261331876
265.25,long_regular,266.43818720333473,5.065503353173728,3.2737872676256936,4.441318550106202,1.5275320407720596,0.27454193944033767,0.8661721048669416
265.5,long_regular,266.68818720333473,5.055281871690113,3.290425899327695,4.445562910038981,1.528991831533912,0.27438723307881974,0.865684010643285
265.75,long_regular,266.93818720333473,5.045000577565022,3.3070411108150024,4.4497183987730065,1.5304210562370442,0.2742311081623595,0.8651914409186441
266.0,long_regular,267.18818720333473,5.0346596039468,3.323632513571324,4.453784996998004,1.5318197082399458,0.2740737832850274,0.8646950853511688
266.25000000000006,long_regular,267.4381872033348,5.024259086561979,3.340199720993996,4.457762687421832,1.5331877815952166,0.2739154745691521,0.8641956258007335
266.5,long_regular,267.68818720333473,5.013799163705534,3.356742348397419,4.461651454757385,1.534525271045061,0.2737563956653206,0.8636937363289372
266.75,long_regular,267.93818720333473,5.003279976231207,3.373260013016536,4.465451285709819,1.5358321720168955,0.273596757752378,0.8631900831991024
267.0,long_regular,268.18818720333473,4.9927016675419615,3.3897523340102453,4.469162168964057,1.5371084806190507,0.27343676953742785,0.8626853248762764
267.25,long_regular,268.43818720333473,4.982064383580506,3.406218932464916,4.472784095172598,1.5383541936365792,0.2732766372558316,0.8621801120272301
267.5,long_regular,268.68818720333473,4.971368272819946,3.42265943139784,4.476317056943599,1.5395693085271556,0.27311656467120926,0.861675087520459
267.75,long_regular,268.93818720333473,4.96061348625451,3.4390734557607354,4.479761048829244,1.5407538234170761,0.27295675307543893,0.8611708864261828
268.0,long_regular,269.18818720333473,4.9498001773903955,3.4554606324432733,4.483116067314367,1.5419077370973473,0.27279740128865704,0.8606681360163454
268.25,long_regular,269.43818720333473,4.938928502236701,3.471820590276576,4.486382110805355,1.5430310490198662,0.27263870565925813,0.8601674557646146
268.5,long_regular,269.68818720333473,4.927998619296464,3.4881529600368104,4.489559179619276,1.5441237592936845,0.272480860063895,0.8596694573463826
268.75,long_regular,269.93818720333473,4.917010689557799,3.5044573744487204,4.492647275973285,1.5451858686813635,0.2723240559074788,0.8591747446387658
269.0,long_regular,270.18818720333473,4.905964876485141,3.520733468189232,4.495646403974256,1.546217378595407,0.27216848212317896,0.858683913720605
269.25,long_regular,270.43818720333473,4.894861346010585,3.5369808778910827,4.49855656960864,1.547218291094775,0.27201432517242286,0.8581975528724648
269.50000000000006,long_regular,270.6881872033348,4.883700266525324,3.5531992421464476,4.5013777807325654,1.5481886088814771,0.2718617690448964,0.8577162425766341
269.75,long_regular,270.93818720333473,4.872481808871202,3.569388201510609,4.504110047062145,1.5491283352972407,0.2717109952585436,0.8572405555171262
270.0,long_regular,271.18818720333473,4.861206146332352,3.585547398505673,4.5067533801640085,1.550037474320253,0.27156218285956674,0.8567710565796786
270.25,long_regular,271.43818720333473,4.849873454626948,3.601676477624276,4.509307793446032,1.5509160305619734,0.27141550842242634,0.8563083028517524
270.5,long_regular,271.68818720333473,4.838483911899061,3.6177750853333537,4.511773302148275,1.5517640092640164,0.2712711460498412,0.8558528436225339
270.75,long_regular,271.93818720333473,4.827037698710614,3.6338428700779257,4.514149923334102,1.5525814162950977,0.2711292673727883,0.8554052203829329
271.0,long_regular,272.18818720333473,4.815534998033428,3.6498794822849296,4.516437675881517,1.5533682581480537,0.2709900415505028,0.8549659668255831
271.25,long_regular,272.43818720333473,4.803975995241396,3.665884574367068,4.518636580474646,1.5541245419369132,0.2708536352704783,0.8545356088448434
271.5,long_regular,272.68818720333473,4.792360878102758,3.681857800726713,4.520746659595424,1.554850275394036,0.27072021274846647,0.8541146645367963
271.75,long_regular,272.93818720333473,4.780689836772442,3.697798817759838,4.522767937515444,1.5555454668673119,0.2705899357284772,0.8537036441992482
272.0,long_regular,273.18818720333473,4.76896306378457,3.7137072838599874,4.524700440287962,1.556210125317409,0.2704629634827788,0.8533030503317303
272.25,long_regular,273.43818720333473,4.757180754045022,3.729582859422278,4.526544195740074,1.5568442603150852,0.2703394528118977,0.8529133776354977
272.5,long_regular,273.68818720333473,4.745343104824123,3.74542520684746,4.528299233465041,1.5574478820385451,0.2702195580446185,0.8525351130135298
272.75,long_regular,273.93818720333473,4.733450315749431,3.7612339905460277,4.529965584814759,1.5580210012708546,0.2701034310379841,0.8521687355705297
273.0,long_regular,274.18818720333473,4.721502588798646,3.7770088769423156,4.531543282892379,1.5585636293973983,0.26999122117729574,0.8518147166129256
273.25,long_regular,274.43818720333473,4.709500128292604,3.7927495344786974,4.533032362545056,1.5590757784033893,0.2698830753761128,0.8514735196488694
273.5,long_regular,274.68818720333473,4.697443140888389,3.808455633619829,4.534432860356832,1.5595574608714184,0.26977913807625287,0.8511456003882371
273.75,long_regular,274.93818720333473,4.685331835572542,3.824126846856892,4.535744814641649,1.560008689979053,0.26967955124779186,0.8508314067426289
274.0,long_regular,275.18818720333473,4.673166423654411,3.8397628487119215,4.536968265436478,1.5604294794964737,0.26958445438906387,0.8505313788253694
274.25,long_regular,275.43818720333473,4.660947118759556,3.85536331574217,4.5381032544945725,1.560819843784152,0.2694939845266612,0.8502459489515072
274.5,long_regular,275.68818720333473,4.648674136823303,3.870927926544531,4.539149825278813,1.5611797977905644,0.26940827621543445,0.8499755416378152
274.75,long_regular,275.93818720333473,4.636347696084396,3.8864563617599845,4.540108022955186,1.5615093570499465,0.2693274615384926,0.8497205736027907
275.0,long_regular,276.18818720333473,4.6239680170787585,3.9019483040781235,4.540977894386338,1.5618085376800783,0.2692516701072026,0.8494814537666552
275.25000000000006,long_regular,276.4381872033348,4.611535322633351,3.917403438241734,4.541759488125238,1.5620773563801031,0.2691810290611897,0.8492585832513535
275.5,long_regular,276.68818720333473,4.599049837860166,3.932821451051374,4.542452854408928,1.5623158304283795,0.2691156630683375,0.8490523553805557
275.75,long_regular,276.93818720333473,4.586511790150306,3.9482020313700885,4.5430580451523666,1.5625239776803612,0.2690556943247879,0.8488631556796556
276.0,long_regular,277.18818720333473,4.5739214091682,3.963544870128105,4.543575113942336,1.5627018165665052,0.26900124255494073,0.8486913618757713
276.25,long_regular,277.43818720333473,4.561278926845901,3.978849660327638,4.544004116031443,1.5628493660902056,0.26895242501145444,0.8485373438977453
276.5,long_regular,277.68818720333473,4.548584577377532,3.994116097047704,4.544345108332188,1.5629666458257545,0.2689093564752454,0.8484014638761436
276.75,long_regular,277.93818720333473,4.535838597213804,4.009343877449032,4.544598149411094,1.563053675916323,0.2688721492554884,0.8482840761432572
277.0,long_regular,278.18818720333473,4.523041225056691,4.0245327007790195,4.544763299482902,1.5631104770719655,0.26884091318961645,0.8481855272331007
277.25,long_regular,278.43818720333473,4.5101927018541845,4.039682268376707,4.544840620404831,1.563137070567644,0.2688157556433207,0.8481061558814132
277.5,long_regular,278.68818720333473,4.497293270795184,4.054792283677898,4.544830175670887,1.5631334782412714,0.2687967815105507,0.8480462930256583
277.75,long_regular,278.93818720333473,4.484343177304484,4.069862452220258,4.544732030406208,1.5630997224917669,0.26878409321351404,0.8480062618050228
278.0,long_regular,279.18818720333473,4.47134266903791,4.084892481648498,4.54454625136148,1.5630358262771347,0.2687777907026769,0.8479863775604192
278.25,long_regular,279.43818720333473,4.458291995877534,4.099882081719651,4.5442729069073655,1.5629418131125494,0.26877797145676313,0.8479869478344825
278.50000000000006,long_regular,279.6881872033348,4.445191409927023,4.114830964308372,4.543912067028994,1.5628177070684586,0.26878473048275536,0.8480082723715732
278.75,long_regular,279.93818720333473,4.432041165507128,4.129738843412311,4.543463803320458,1.562663532768692,0.2687981603158942,0.8480506431177753
279.0,long_regular,280.18818720333473,4.418841519151248,4.1446054351575645,4.542928188979357,1.5624793153885832,0.2688183510196786,0.8481143442208976
279.25,long_regular,280.43818720333473,4.405592729601154,4.159430457804174,4.542305298801351,1.562265080653098,0.2688453901858656,0.8481996520304724
279.5,long_regular,280.68818720333473,4.392295057802813,4.174213631751708,4.541595209174739,1.5620208548349694,0.2688793629344707,0.8483068350977565
279.75,long_regular,280.93818720333473,4.378948766902345,4.18895467954488,4.540797998075051,1.5617466647528364,0.26892035191376734,0.848436154175731
280.0,long_regular,281.18818720333473,4.3655541222420915,4.203653325879271,4.539913745059642,1.561442537769386,0.2689684373002876,0.8485878622191012
280.25,long_regular,281.43818720333473,4.352111391356814,4.218309297607108,4.5389425312623075,1.5611085017895006,0.2690236967988213,0.8487622043842963
280.5,long_regular,281.68818720333473,4.338620843970029,4.232922323743075,4.537884439387882,1.5607445852584003,0.26908620564241703,0.84895941802947
280.75,long_regular,281.93818720333473,4.325082751990437,4.2474921354702575,4.536739553706849,1.56035081715979,0.26915603659238124,0.8491797327145001
281.0,long_regular,282.18818720333473,4.311497389508514,4.262018466146098,4.535507960049931,1.5599272270139966,0.2692332599382788,0.8494233702009887
281.25,long_regular,282.43818720333473,4.297865032793215,4.276501051308461,4.534189745802682,1.5594738448761118,0.2693179434979326,0.8496905444522616
281.5,long_regular,282.68818720333473,4.284185960288799,4.2909396286817545,4.532784999900055,1.558990701334121,0.2694101526174242,0.8499814616333697
281.75,long_regular,282.93818720333473,4.270460452611786,4.305333938183125,4.531293812820948,1.5584778275070308,0.2695099501710929,0.8502963201110874
282.0,long_regular,283.18818720333473,4.256688792548071,4.31968372192872,4.529716276582732,1.5579352550429826,0.2696173965615366,0.8506353104539132
282.25,long_regular,283.43818720333473,4.24287126505014,4.333988724240033,4.528052484735755,1.5573630161173664,0.2697325497196112,0.8509986154320701
282.5,long_regular,283.68818720333473,4.229008157234419,4.34824869165033,4.52630253235779,1.5567611434309085,0.2698554651044311,0.8513864100175059
282.75,long_regular,283.93818720333473,4.215099758378782,4.362463372911134,4.52446651604848,1.556129670207763,0.2699861957033687,0.8517988613838914
283.0,long_regular,284.18818720333473,4.201146359920186,4.37663251899879,4.5225445339237105,1.555468630193575,0.27012479203205464,0.852236128906622
283.25,long_regular,284.43818720333473,4.187148255452418,4.390755883121118,4.520536685609962,1.5547780576535375,0.270271302134378,0.8526983641628179
283.5,long_regular,284.68818720333473,4.17310574072402,4.404833220724145,4.518443072238592,1.5540579873704279,0.270425771582486,0.8531857109313228
283.75,long_regular,284.93818720333473,4.159019113636337,4.4188642894988845,4.516263796440075,1.5533084546426223,0.27058824347678406,0.8536983051927051
284.0,long_regular,285.18818720333473,4.144888674241688,4.43284884938824,4.5139989623381815,1.552529495282098,0.2707587584459358,0.8542362751292566
284.25000000000006,long_regular,285.4381872033348,4.130714724741713,4.446786662593964,4.511648675544091,1.5517211456124058,0.27093735464686314,0.8547997411249942
284.5,long_regular,285.68818720333473,4.116497569485854,4.460677493583684,4.509213043150439,1.5508834424666231,0.2711240677647464,0.855388815765659
284.75,long_regular,285.93818720333473,4.102237514969956,4.47452110909806,4.506692173725301,1.5500164231852864,0.27131893101302385,0.8560036038387153
285.0,long_regular,286.18818720333473,4.087934869835054,4.4883172781579574,4.504086177306081,1.5491201256142868,0.27152197513339216,0.8566442023333526
285.25,long_regular,286.43818720333473,4.073589944866288,4.502065772071773,4.501395165393335,1.5481945881027475,0.27173322839580616,0.857310700440484
285.5,long_regular,286.68818720333473,4.0592030529919745,4.515766364442776,4.498619250944509,1.5472398495008695,0.27195271659847914,0.8580031795527473
285.75,long_regular,286.93818720333473,4.044774509282826,4.529418831176606,4.495758548367577,1.546255949157743,0.27218046306788224,0.8587217132645039
286.0,long_regular,287.18818720333473,4.030304630951329,4.543022950488803,4.4928131735145875,1.5452429269191292,0.2724164886587453,0.8594663673718401
286.25,long_regular,287.43818720333473,4.015793737351284,4.556578502912427,4.48978324367512,1.5442008231252082,0.27266081175405593,0.8602371998725656
286.5,long_regular,287.68818720333473,4.001242149977492,4.570085271305821,4.486668877569624,1.5431296786082884,0.27291344826506025,0.8610342609662147
286.75,long_regular,287.93818720333473,3.9866501924656013,4.5835430408603886,4.483470195342659,1.5420295346904827,0.27317441163126277,0.8618575930540465
287.0,long_regular,288.18818720333473,3.9720181905921415,4.596951599108504,4.480187318556013,1.5409004331813398,0.2734437128204258,0.8627072307390429
287.25,long_regular,288.43818720333473,3.957346472274673,4.610310735931524,4.476820370181706,1.5397424163754396,0.27372136032857025,0.8635832008259111
287.50000000000006,long_regular,288.6881872033348,3.9426353675721497,4.623620243567849,4.473369474594874,1.5385555270499447,0.2740073601799752,0.8644855223210824
287.75,long_regular,288.93818720333473,3.9278852086854403,4.636879916621106,4.469834757566512,1.537339808462104,0.2743017159271778,0.8654142064327118
288.0,long_regular,289.18818720333473,3.9130963299579795,4.65008955206843,4.466216346256095,1.5360953043467165,0.2746044286509737,0.8663692565706791
288.25,long_regular,289.43818720333473,3.8982690678766554,4.663248949268822,4.46251436920405,1.5348220589135406,0.2749154969604165,0.8673506683465876
288.5,long_regular,289.68818720333473,3.8834037610728123,4.6763579099716175,4.458728956324092,1.533520116844659,0.2752349169928183,0.8683584295737653
288.75,long_regular,289.93818720333473,3.8685007503234887,4.689416238325022,4.4548602388954,1.5321895232917877,0.27556268241374937,0.8693925202672644
289.0,long_regular,290.18818720333473,3.853560378552772,4.702423740884798,4.450908349554652,1.530830323873535,0.2758987844170381,0.870452912643861
289.25,long_regular,290.43818720333473,3.8385829908333813,4.715380226623006,4.446873422287875,1.5294425646726015,0.2762432117247712,0.8715395711220556
289.5,long_regular,290.68818720333473,3.8235689343884296,4.728285506936841,4.442755592422151,1.5280262922329246,0.2765959505872937,0.8726524523220731
289.75,long_regular,290.93818720333473,3.80851855859334,4.741139395657623,4.438554996617142,1.5265815535567648,0.2769569847832087,0.873791505065862
290.0,long_regular,291.18818720333473,3.7934322149779893,4.753941709059826,4.434271772856425,1.525108396101726,0.27732629561937766,0.8749566703770955
290.25,long_regular,291.43818720333473,3.778310257229041,4.766692265870243,4.429906060438665,1.5236068677777184,0.2777038619309203,0.8761478814811708
290.5,long_regular,291.68818720333473,3.763153041192427,4.779390887277263,4.425457999968573,1.5220770169438493,0.2780896600812144,0.8773650638052093
290.75,long_regular,291.93818720333473,3.7479609248760974,4.792037396940224,4.420927733347682,1.5205188924052515,0.27848366396189617,0.8786081349780567
291.0,long_regular,292.18818720333473,3.7327342684529055,4.80463162099891,4.416315403764913,1.5189325434098362,0.27888584499286,0.8798770048302827
291.25,long_regular,292.43818720333473,3.717473434263754,4.817173388083094,4.411621155686933,1.5173180196449791,0.27929617212225855,0.8811715753941814
291.5,long_regular,292.68818720333473,3.7021787868208906,4.829662529322279,4.406845134848293,1.5156753712341275,0.27971461182650265,0.8824917409037712
291.75,long_regular,292.93818720333473,3.6868506928114577,4.842098878355477,4.401987488241346,1.514004648733333,0.2801411281102614,0.8838373877947943
292.0,long_regular,293.18818720333473,3.671489521101244,4.85448227134111,4.39704836410593,1.5123059031277022,0.28057568250646214,0.8852083947047173
292.25,long_regular,293.43818720333473,3.6560956427386273,4.866812546967058,4.392027911918817,1.5105791858277697,0.2810182340762905,0.8866046324727314
292.5,long_regular,293.68818720333473,3.6406694309587664,4.87908954646079,4.386926282382911,1.5088245486657812,0.2814687394091903,0.8880259641397512
292.75,long_regular,293.93818720333473,3.6252112611880176,4.891313113599612,4.381743627416197,1.5070420438918932,0.2819271526228635,0.8894722449484158
293.0,long_regular,294.18818720333473,3.6097215110485354,4.903483094721046,4.376480100140435,1.5052317241702844,0.2823934253632705,0.890943322343089
293.25000000000006,long_regular,294.4381872033348,3.5942005603631544,4.915599338733315,4.371135854869573,1.5033936425751708,0.28286750680462985,0.8924390359698583
293.5,long_regular,294.68818720333473,3.578648791160477,4.927661697125953,4.365711047097889,1.5015278525867275,0.2833493436494182,0.8939592176765352
293.75,long_regular,294.93818720333473,3.5630665876801975,4.939670023980525,4.360205833487861,1.499634408086915,0.28383888012837066,0.8955036915126557
294.0,long_regular,295.18818720333473,3.5474543363786646,4.951624175981489,4.354620371857715,1.4977133633552,0.2843360580004805,0.8970722737294803
294.25,long_regular,295.43818720333473,3.531812425934709,4.963524012427152,4.348954821168712,1.4957647730641783,0.2848408165529992,0.8986647727799932
294.5,long_regular,295.68818720333473,3.516141247255703,4.975369395240772,4.343209341512084,1.4937886922750865,0.28535309260143654,0.9002809893189032
294.75,long_regular,295.93818720333473,3.5004411934838586,4.9871601889817985,4.337384094095674,1.4917851764332022,0.28587282048956036,0.9019207162026425
295.0,long_regular,296.18818720333473,3.4847126600028124,4.998896260857193,4.331479241230248,1.489754281363141,0.286399932089397,0.9035837384893686
295.25,long_regular,296.43818720333473,3.468956044444455,5.010577480732927,4.325494946315458,1.4876960632640244,0.28693435680123086,0.9052698334389624
295.5,long_regular,296.68818720333473,3.453171746696018,5.0222037211455826,4.319431373825459,1.4856105787045357,0.2874760215536047,0.9069787705130294
295.75,long_regular,296.93818720333473,3.4373601689074365,5.033774857314104,4.313288689294185,1.4834978846178548,0.28802485080331935,0.9087103113748991
296.0,long_regular,297.18818720333473,3.421521715499006,5.045290767151654,4.307067059300229,1.4813580382964577,0.2885807665354341,0.9104642098896253
296.25,long_regular,297.43818720333473,3.405656793169273,5.056751331277641,4.30076665145137,1.479191097386796,0.2891436882632662,0.9122402121239858
296.50000000000006,long_regular,297.6881872033348,3.389765810903244,5.06815643302986,4.294387634368691,1.4769971198838334,0.2897135330283915,0.9140380563464829
296.75,long_regular,297.93818720333473,3.3738491799808843,5.079505958476764,4.28793017767032,1.4747761641254529,0.29029021540064376,0.915857473027343
297.0,long_regular,298.18818720333473,3.3579073139858773,5.090799796429909,4.281394451954724,1.4725282887867135,0.2908736474781151,0.9176981848385163
297.25,long_regular,298.43818720333473,3.3419406288147075,5.102037838456503,4.274780628783623,1.4702535528739706,0.2914637388871559,0.9195599066536775
297.5,long_regular,298.68818720333473,3.325949542686042,5.113219978892127,4.268088880664433,1.4679520157188402,0.2920603967823749,0.9214423455482261
297.75,long_regular,298.93818720333473,3.3099344761504215,5.1243461148535765,4.261319381032277,1.4656237369720106,0.29266352584663874,0.9233452007992847
298.0,long_regular,299.18818720333473,3.293895852100248,5.135416146251867,4.254472304231537,1.4632687765968968,0.2932730282910726,0.9252681638857008
298.25,long_regular,299.43818720333473,3.277834095780111,5.1464299758053915,4.2475478254969286,1.460887194863133,0.2938888038550599,0.9272109184880459
298.5,long_regular,299.68818720333473,3.261749634797436,5.157387509053202,4.240546120934085,1.4584790523398936,0.29451074980624203,0.9291731404886157
298.75,long_regular,299.93818720333473,3.2456428991334416,5.16828865436848,4.233467367499652,1.4560444098890468,0.29513876094051894,0.9311544979714301
299.0,long_regular,300.18818720333473,3.229514321154458,5.17913332297212,4.2263117429808625,1.4535833286581308,0.29577272958204864,0.9331546512222333
299.25,long_regular,300.43818720333473,3.2133643356235866,5.189921428946511,4.219079425974574,1.4510958700731431,0.29641254558324737,0.9351732527284935
299.5,long_regular,300.68818720333473,3.1971933797126777,5.200652889249435,4.2117705958657785,1.4485820958311497,0.29705809632478963,0.937209947179403
299.75,long_regular,300.93818720333473,3.181001893014692,5.211327623728165,4.204385432805541,1.4460420678926968,0.2977092667156082,0.9392643714658787
300.0,long_regular,301.18818720333473,3.164790317556413,5.221945555133686,4.196924117688372,1.4434758484740289,0.29836593919289417,0.9413361546805615
300.25,long_regular,301.43818720333473,3.148559097811533,5.232506609135101,4.1893868321289975,1.440883500039099,0.2990279937220967,0.9434249181178165
300.5,long_regular,301.68818720333473,3.1323086807140914,5.243010714334211,4.181773758438532,1.4382650852913736,0.2996953077969233,0.945530275273733
300.75,long_regular,301.93818720333473,3.1160395156723126,5.2534578022802325,4.174085079600029,1.4356206671654232,0.30036775643933966,0.9476518318461242
301.0,long_regular,302.18818720333473,3.0997520545828356,5.263847807484708,4.166320979243368,1.4329503088182867,0.3010452121995697,0.9497891857345279
301.25,long_regular,302.43818720333473,3.083446751845316,5.274180667436592,4.158481641619517,1.4302540736206162,0.3017275451560957,0.951941927040206
301.5,long_regular,302.68818720333473,3.0671240643774413,5.284456322617485,4.1505672515740795,1.4275320251475825,0.30241462291565807,0.9541096380661447
301.75,long_regular,302.93818720333473,3.0507844516303684,5.294674716517065,4.142577994520161,1.42478422716954,0.3031063106132555,0.9562918933170541
302.0,long_regular,303.18818720333473,3.034428375604552,5.304835795648686,4.134514056410523,1.4220107436424507,0.30380247091214485,0.9584882594993686
302.25,long_regular,303.43818720333473,3.0180563008660135,5.314939509565174,4.126375623708987,1.4192116386980496,0.30450296400384136,0.9606982955212471
302.5,long_regular,303.68818720333473,3.0016686945630418,5.324985810874761,4.118162883361083,1.4163869766337478,0.30520764760811836,0.962921552492572
302.75,long_regular,303.93818720333473,2.985266026443324,5.33497465525727,4.109876022763918,1.4135368219022708,0.30591637697300755,0.965157573724951
303.0,long_regular,304.18818720333473,2.968848768871544,5.344906001480422,4.101515229735242,1.4106612391010191,0.3066290048747987,0.9674058947317148
303.25,long_regular,304.43818720333473,2.952417396847403,5.354779811416376,4.0930806924816885,1.4077602929611435,0.30734538161804,0.9696660432279187
303.5,long_regular,304.68818720333473,2.9359723880241515,5.364596050058427,4.084572599566163,1.4048340483363302,0.3080653550355377,0.9719375391303428
303.75,long_regular,304.93818720333473,2.919514222727562,5.374354685537929,4.075991139874361,1.4018825701912854,0.3087887704883566,0.9742198945574908
304.0,long_regular,305.18818720333473,2.903043383975386,5.384055689141396,4.067336502580392,1.39890592358991,0.3095154708658193,0.9765126138295904
304.25,long_regular,305.43818720333473,2.886560357497337,5.393699035327784,4.058608877111465,1.3959041736831566,0.31024529658550704,0.9788151934685942
304.5,long_regular,305.68818720333473,2.870065631755514,5.403284701746019,4.04980845311164,1.3928773856965595,0.310978085593259,0.9811271221981784
304.75,long_regular,305.93818720333473,2.8535596979654074,5.41281266925268,4.040935420404595,1.389825624917431,0.31171367336317285,0.9834478809437439
305.0,long_regular,306.18818720333473,2.837043050117379,5.4222829219299165,4.031989968955385,1.386748956681708,0.3124518928976043,0.985776942832415
305.25,long_regular,306.43818720333473,2.820516184998678,5.4316954471035555,4.0229722888311725,1.3836474463604458,0.3131925747271673,0.9881137731930411
305.50000000000006,long_regular,306.6881872033348,2.803979602216021,5.441050235361445,4.013882570160893,1.3805211593459457,0.3139355469107344,0.9904578295561954
305.75,long_regular,306.93818720333473,2.7874338042187077,5.4503472805719655,4.004721003093818,1.3773701610375029,0.31468063503543575,0.992808561654175
306.0,long_regular,307.18818720333473,2.7708792963222946,5.459586579902796,3.9954877777570017,1.3741945168267724,0.3154276622166603,0.9951654114210016
306.25,long_regular,307.43818720333473,2.7543165867328487,5.468768133839893,3.986183084211568,1.370994292082732,0.316176449098055,0.9975278129924209
306.5,long_regular,307.68818720333473,2.7377461865718,5.477891946206654,3.976807112407798,1.3677695521362379,0.31692681385152505,0.9998951927059032
306.75,long_regular,307.93818720333473,2.721168609901375,5.4869580241833535,3.9673600521389987,1.3645203622641555,0.31767857217723394,1.0022669691006425
307.0,long_regular,308.18818720333473,2.7045843737506323,5.495966378326752,3.9578420929941074,1.3612467876730618,0.3184315373036034,1.004642552917557
307.25,long_regular,308.43818720333473,2.6879939981421304,5.504917022589983,3.9482534243089944,1.3579488934824937,0.3191855199873133,1.0070213470992897
307.5,long_regular,308.68818720333473,2.671398006119236,5.51380997434263,3.9385942351164336,1.3546267447077422,0.31994032851330184,1.0094027467902067
307.75,long_regular,308.93818720333473,2.654796923774054,5.52264525439105,3.928864714094694,1.3512804062421717,0.32069576869476546,1.0117861393363996
308.0,long_regular,309.18818720333473,2.6381912802760263,5.5314228869989455,3.919065049514723,1.347909942839053,0.3214516438731588,1.014170904285683
308.25,long_regular,309.43818720333473,2.6215816079012244,5.5401428999081395,3.90919542918586,1.3445154190928938,0.32220775491819476,1.0165564133875966
308.5,long_regular,309.68818720333473,2.6049684420622725,5.5488053243596305,3.8992560404000653,1.3410968994202555,0.3229639002278445,1.0189420305934038
308.75,long_regular,309.93818720333473,2.5883523213390247,5.55741019511486,3.8892470698745956,1.337654448040038,0.3237198757283374,1.0213271120560927
309.0,long_regular,310.18818720333473,2.571733787509914,5.565957550477238,3.8791687036930966,1.3341881289532198,0.324475474874161,1.0237110061303747
309.25,long_regular,310.43818720333473,2.555113385584068,5.57444743231391,3.8690211272450563,1.3306980059220324,0.32523048864806137,1.0260930533726866
309.5,long_regular,310.68818720333473,2.5384916638341046,5.582879886077787,3.858804525163581,1.3271841424485604,0.32598470556104225,1.0284725865411877
309.75,long_regular,310.93818720333473,2.5218691738297485,5.591254960829812,3.8485190812614314,1.323646601752741,0.3267379116523664,1.0308489305957638
310.0,long_regular,311.18818720333473,2.505246470472179,5.599572709261485,3.8381649784652807,1.3200854467497545,0.32748989048955396,1.0332214026980222
310.25,long_regular,311.43818720333473,2.4886241120291754,5.607833187717661,3.8277423987481356,1.3165007400267794,0.3282404231683841,1.0355893122112971
310.5,long_regular,311.68818720333473,2.472002660171058,5.616036456219588,3.817251523059861,1.3128925438190984,0.3289892883128937,1.037951960700645
310.75,long_regular,311.93818720333473,2.4553826800074723,5.624182578488211,3.8066925312557656,1.3092609199855367,0.32973626207537804,1.0403086419328473
311.0,long_regular,312.18818720333473,2.438764740124964,5.63227162196777,3.7960656020231776,1.305605929983208,0.3304811181363907,1.0426586418764094
311.25,long_regular,312.43818720333473,2.422149412625457,5.640303657849616,3.785370912805957,1.3019276348415516,0.3312236277047435,1.0450012387015615
311.5,long_regular,312.68818720333473,2.405537273165571,5.648278761096341,3.7746086397268837,1.2982260951356392,0.3319635595175064,1.0473357027802568
311.75,long_regular,312.93818720333473,2.3889289009968246,5.6561970104661565,3.7637789575078546,1.2945013709587279,0.3327006798400075,1.0496612966861736
312.0,long_regular,313.18818720333473,2.3723248790067615,5.664058488537562,3.7528820393878286,1.290753521894037,0.3334347524658336,1.0519772751947145
312.25,long_regular,313.43818720333473,2.3557257937609877,5.6718632817342804,3.741918057038446,1.2869826069857289,0.3341655387168291,1.0542828852830053
312.5,long_regular,313.68818720333473,2.3391322355461757,5.679611480350473,3.7308871804772585,1.2831886847090634,0.3348927974430972,1.0565773661298976
312.75,long_regular,313.93818720333473,2.322544798413986,5.687303178576247,3.7197895779784997,1.2793718129397098,0.335616285022999,1.0588599491159656
313.0,long_regular,314.18818720333473,2.3059640802260195,5.694938474523443,3.7086254159813095,1.2755320489221817,0.336335755363154,1.0611298578235089
313.25,long_regular,314.43818720333473,2.2893906826997563,5.702517470251699,3.6973948589953523,1.2716694492373752,0.33705095989843986,1.06338630803655
313.5,long_regular,314.68818720333473,2.2728252114555056,5.710040271794822,3.68609806950374,1.2677840697691805,0.3377616475919926,1.0656285077408376
313.75,long_regular,314.93818720333473,2.256268276064418,5.71750698918744,3.6747352078631823,1.2638759656701406,0.3384675649352062,1.067855657123842
314.0,long_regular,315.18818720333473,2.239720490097563,5.724917736491942,3.6633064322012756,1.259945191326125,0.33916845594773326,1.07006694857476
314.25,long_regular,315.43818720333473,2.223182471176095,5.732272631825724,3.651811898310856,1.255991800319993,0.3398640621774841,1.0722615666845108
314.50000000000006,long_regular,315.6881872033348,2.2066548410225213,5.739571797388735,3.6402517595413073,1.2520158453942123,0.34055412270062796,1.0744386882457393
314.75,long_regular,315.93818720333473,2.1901382255131314,5.7468153594913,3.628626166686758,1.2480173784124033,0.34123837412159175,1.076597482252814
315.0,long_regular,316.18818720333473,2.1736332547315547,5.754003448582277,3.616935267871042,1.2439964503197758,0.34191655057306103,1.0787371099018273
315.25,long_regular,316.43818720333473,2.157140563023531,5.761136199277483,3.6051792084293535,1.2399531111024231,0.34258838371597916,1.080856724590596
315.5,long_regular,316.68818720333473,2.1406607890528724,5.768213750388455,3.5933581307864766,1.2358874097454429,0.34325360273954814,1.0829554719186614
315.75,long_regular,316.93818720333473,2.12419457585867,5.775236244951476,3.581472174331488,1.231799394189841,0.343911934361228,1.0850324896872885
316.0,long_regular,317.18818720333473,2.107742570913753,5.782203830256975,3.5695214752888362,1.227689111288193,0.34456310282673697,1.0870869078994663
316.25,long_regular,317.43818720333473,2.091305426184439,5.789116657879154,3.557506166585666,1.2235566067590096,0.34520682991005175,1.0891178487599091
316.5,long_regular,317.68818720333473,2.0748837981916104,5.795974883705981,3.5454263777152977,1.2194019251397845,0.345842834913407,1.0911244266750544
316.75,long_regular,317.93818720333473,2.058478348073116,5.80277866796949,3.533282234596716,1.2152251097386664,0.3464708346672959,1.0931057482530644
317.0,long_regular,318.18818720333473,2.0420897416475414,5.809528175276354,3.5210738594299724,1.2110262025847265,0.34709054353046964,1.0950609123038253
317.25,long_regular,318.43818720333473,2.0257186494794213,5.816223574638812,3.508801370547357,1.2068052443767714,0.3477016733899378,1.0969890098389474
317.5,long_regular,318.68818720333473,2.009365746945814,5.822865039505893,3.4964648822602094,1.2025622744306557,0.34830393366096807,1.0988891240717653
317.75,long_regular,318.93818720333473,1.9930317143044032,5.829452747794945,3.484064504701252,1.1982973306250542,0.34889703128708627,1.1007603304173372
318.0,long_regular,319.18818720333473,1.9767172367630494,5.83598688192349,3.471600343662285,1.19401044934564,0.34948067074007705,1.1026016964924477
318.25,long_regular,319.43818720333473,1.9604230045508921,5.8424676288413835,3.4590725004271095,1.1897016654276205,0.35005455401998253,1.1044122821156022
318.5,long_regular,319.68818720333473,1.94414971299098,5.848895180063303,3.4464810715995395,1.1853710120965835,0.35061838065510365,1.1061911393070334
318.75,long_regular,319.93818720333473,1.9278980625745201,5.8552697317015205,3.4338261489263284,1.181018520907596,0.3511718477019992,1.1079373122886962
319.0,long_regular,320.18818720333473,1.9116687590367514,5.861591484499012,3.4211078191148743,1.1766442216825073,0.3517146497454864,1.1096498374842703
319.25,long_regular,320.43818720333473,1.8954625134344396,5.867860643862884,3.4083261636455315,1.1722481424453934,0.3522464788986407,1.11132774351916
319.5,long_regular,320.68818720333473,1.879280042225116,5.87407741989807,3.3954812585783523,1.167830309356091,0.35276702480279576,1.1129700512204934
319.75,long_regular,320.93818720333473,1.863122067348026,5.880242027441382,3.38257317435411,1.1633907466417608,0.3532759746275436,1.1145757736171231
320.0,long_regular,321.18818720333473,1.846989316306842,5.8863546860958555,3.369601975589386,1.1589294765264107,0.3537730130707342,1.1161439159396251
320.25,long_regular,321.43818720333473,1.83088252225419,5.89241562026538,3.356567720865581,1.154446519158329,0.35425782235847597,1.1176734756203004
320.5,long_regular,321.68818720333473,1.8148024240780367,5.898425059189648,3.343470462511621,1.1499418925353488,0.3547300822451355,1.1191634422931738
320.75,long_regular,321.93818720333473,1.798749766489938,5.904383236979425,3.330310246380182,1.1454156124278845,0.35518947001333784,1.1206127977939948
321.0,long_regular,322.18818720333473,1.7827253001152257,5.910290392652065,3.3170871116172207,1.1408676922996632,0.35563566047396594,1.1220205161602366
321.25,long_regular,322.43818720333473,1.76672978158518,5.916146770167377,3.3038010904246162,1.1362981432260904,0.3560683259661613,1.123385563631097
321.5,long_regular,322.68818720333473,1.7507639736311973,5.921952618463749,3.290452207815674,1.1317069738101573,0.3564871363573232,1.1247068986474968
321.75,long_regular,322.93818720333473,1.7348286451810109,5.927708191494557,3.277040481363308,1.1270941900958322,0.3568917590431098,1.1259834718520831
322.0,long_regular,323.18818720333473,1.718924571457018,5.933413748264881,3.2635659209406365,1.1224597954788424,0.3572818589474371,1.1272142260892257
322.25,long_regular,323.43818720333473,1.7030525340767828,5.939069552868469,3.2500285284537727,1.1178037906147695,0.3576570985224792,1.1283980964050186
322.5,long_regular,323.68818720333473,1.6872133211556595,5.944675874524991,3.236428297566555,1.1131261733243758,0.3580171377486687,1.1295340100472802
322.75,long_regular,323.93818720333473,1.671407727411745,5.950232987617554,3.2227652134169635,1.1084269384960688,0.35836163413469646,1.1306208864655534
323.0,long_regular,324.18818720333473,1.6556365542730647,5.955741171730472,3.209039252324958,1.1037060779854153,0.35869024271751154,1.1316576373111056
323.25,long_regular,324.43818720333473,1.6399006099871118,5.961200711687289,3.195250381491474,1.0989635805116165,0.35900261606232103,1.132643166436927
323.50000000000006,long_regular,324.6881872033348,1.6242007097327806,5.966611897589061,3.1813985586882843,1.0941994315508392,0.3592984042625905,1.1335763698977335
323.75,long_regular,324.93818720333473,1.6085376757347571,5.9719750248528465,3.1674837319384475,1.0894136132263104,0.3595772549400437,1.1344561359499643
324.0,long_regular,325.18818720333473,1.592912337380377,5.977290394250431,3.153505839187034,1.084606104195068,0.3598388132446627,1.1352813450517834
324.25,long_regular,325.43818720333473,1.577325531339062,5.982558311947313,3.1394648079618355,1.0797768795312666,0.3600827218546876,1.1360508698630785
324.5,long_regular,325.68818720333473,1.5617781016843506,5.987779089541824,3.125360555023716,1.07492591060592,0.36030862097661687,1.136763575245462
324.75,long_regular,325.93818720333473,1.5462709000186046,5.9929530441045,3.1111929860063072,1.0700531649629794,0.3605161483452073,1.1374183182622697
325.0,long_regular,326.18818720333473,1.5308047856004257,5.998080498217601,3.0969619950446736,1.0651586061916178,0.3607049392234737,1.1380139481785625
325.25,long_regular,326.43818720333473,1.515380625474856,6.003161780014858,3.082667464392624,1.0602421937946098,0.3608746264026893,1.1385493064611247
325.5,long_regular,326.68818720333473,1.4999992946064455,6.008197223221288,3.068309264028294,1.055303883052676,0.36102484020238546,1.1390232267784655
325.75,long_regular,326.93818720333473,1.484661676015186,6.013187167193249,3.053887251247623,1.0503436248846658,0.36115520847035193,1.1394345350008177
326.0,long_regular,327.18818720333473,1.469368660915446,6.018131956958561,3.039401270245351,1.0453613657034466,0.3612653565826364,1.1397820492001385
326.25,long_regular,327.43818720333473,1.4541211488579424,6.023031943256743,3.024851151683126,1.0403570472673598,0.36135490744354537,1.14006457965011
326.5,long_regular,327.68818720333473,1.4389200478747737,6.027887482579394,3.010236712244314,1.035330606527104,0.3614234814856429,1.1402809288261375
326.75000000000006,long_regular,327.9381872033348,1.4237662746276705,6.032698937210577,2.9955577541750884,1.0302819754678985,0.3614706966697516,1.1404298914053503
327.0,long_regular,328.18818720333473,1.4086607545594634,6.037466675267315,2.980814064811352,1.025211080946775,0.3614961684849525,1.140510254266603
327.25,long_regular,328.43818720333473,1.393604422048845,6.04219107074011,2.9660054160910563,1.020117844524846,0.36149950994858454,1.140520796490474
327.5,long_regular,328.68818720333473,1.378598220568537,6.046872503533445,2.951131564051425,1.0150021822943813,0.361480331606245,1.1404602893592648
327.75,long_regular,328.93818720333473,1.3636431028469003,6.05151135950633,2.9361922483106233,1.009864004700536,0.3614382415317896,1.1403274963570031
328.0,long_regular,329.18818720333473,1.3487400310330853,6.056108030512751,2.9211871915333596,1.0047032163575504,0.36137284532733205,1.1401211731694392
328.25,long_regular,329.43818720333473,1.3338899768657666,6.060662914442114,2.9061160988799104,0.9995197158592497,0.3612837461232445,1.1398400676840486
328.5,long_regular,329.68818720333473,1.3190939218455848,6.06517641525956,2.890978657438037,0.9943133955836595,0.361170544578157,1.1394829199900296
328.75,long_regular,329.93818720333473,1.304352857411358,6.069648943046181,2.875774535637251,0.9890841414915507,0.36103283887895843,1.1390484623783068
329.0,long_regular,330.18818720333473,1.2896677851201126,6.074080914039076,2.8605033826448483,0.9838318329187127,0.3608702247407952,1.1385354193415267
329.25,long_regular,330.43818720333473,1.2750397168310705,6.078472750671236,2.8451648277431527,0.9785563423617651,0.36068229540707253,1.1379425075740617
329.5,long_regular,330.68818720333473,1.2604696748936486,6.082824881611192,2.8297584796873405,0.9732575352572901,0.3604686416494536,1.1372684359720078
329.75,long_regular,330.93818720333473,1.2459586923395527,6.087137741802429,2.8142839260432466,0.9679352697540795,0.3602288517678599,1.1365119056331854
330.0,long_regular,331.18818720333473,1.2315078130790607,6.091411772502505,2.7987407325044984,0.9625893964782725,0.35996251159047116,1.1356716098571384
330.25,long_regular,331.43818720333473,1.217118092101604,6.095647421321813,2.7831284421883176,0.9572197582911554,0.35966920447372525,1.1347462341451355
330.5,long_regular,331.68818720333473,1.2027905956807097,6.099845142262,2.7674465749093216,0.9518261900393964,0.3593485113023185,1.1337344562001697
330.75,long_regular,331.93818720333473,1.1885264015834078,6.10400539575394,2.7516946264305995,0.9464085182974621,0.35900001048920516,1.1326349459269578
331.0,long_regular,332.18818720333473,1.1743265992842016,6.108128648695248,2.735872067691356,0.940966561101977,0.3586232779755981,1.131446365431941
331.25,long_regular,332.43818720333473,1.160192290183724,6.112215374487276,2.719978344010363,0.9355001276777601,0.35821788723096815,1.1301673690232847
331.5,long_regular,332.68818720333473,1.1461245878321062,6.116266053071526,2.704012874264457,0.9300090181552817,0.35778340925304447,1.1287966032108787
331.75,long_regular,332.93818720333473,1.1321246181572442,6.120281170965452,2.6879750500412802,0.9244930232792584,0.35731941256781447,1.1273327067063366
332.0,long_regular,333.18818720333473,1.1181935196980284,6.124261221297558,2.671864234765449,0.9189519241081118,0.3568254632295237,1.1257743104229958
332.25,long_regular,333.43818720333473,1.1043324438426096,6.128206703841763,2.6556797627973063,0.9133854917039952,0.3563011248206762,1.1241200374759195
332.50000000000006,long_regular,333.6881872033348,1.0905425550718737,6.132118125050951,2.639420938503384,0.9077934868130928,0.355745958452034,1.1223685031818935
332.75,long_regular,333.93818720333473,1.0768250312081848,6.135995998089625,2.6230870352976745,0.9021756595358771,0.3551595227626175,1.1205183150594287
333.0,long_regular,334.18818720333473,1.0631810636695191,6.1398408428656435,2.606677294652802,0.8965317489870147,0.35454137391970514,1.118568072828759
333.25,long_regular,334.43818720333473,1.049611857729106,6.143653186060902,2.590190925080122,0.8908614829445854,0.3538910656188338,1.1165163684118442
333.5,long_regular,334.68818720333473,1.036118632780695,6.147433561160908,2.5736271010777885,0.8851645774882838,0.35320814908379866,1.114361785932367
333.75,long_regular,334.93818720333473,1.0227026226095552,6.151182508483195,2.5569849620457523,0.8794407366262473,0.352492173066653,1.112102901715735
334.0,long_regular,335.18818720333473,1.009365075669308,6.154900575204451,2.5402636111666834,0.8736896519101648,0.3517426838477083,1.1097382842890795
334.25,long_regular,335.43818720333473,0.9961072553647592,6.15858831538627,2.523462114251719,0.8679110020382866,0.3509592252355344,1.1072664943812565
334.5,long_regular,335.68818720333473,0.982930440340815,6.162246289999446,2.5065794985499528,0.8621044524459651,0.35014133856695934,1.1046860849228457
334.75,long_regular,335.93818720333473,0.9698359247775936,6.165875066946739,2.4896147515205245,0.8562696548833303,0.3492885627070693,1.1019956010461511
335.0,long_regular,336.18818720333473,0.9568250186918967,6.169475221083936,2.472566819566145,0.8504062469797037,0.3484004340492088,1.099193580085201
335.25,long_regular,336.43818720333473,0.9438990482451541,6.173047334239149,2.4554346067268638,0.8445138517943362,0.3474764865149808,1.096278551575749
335.5,long_regular,336.68818720333473,0.9310593560579217,6.176591995230244,2.438216973332833,0.8385920773530456,0.34651625155424604,1.0932490372552706
335.75000000000006,long_regular,336.9381872033348,0.9183073015311489,6.1801097998802215,2.4209127346148174,0.8326405161703186,0.34551925814512374,1.0901035510629664
336.0,long_regular,337.18818720333473,0.9056442611742679,6.183601351030507,2.403520659271136,0.8266587447564308,0.3444850327939915,1.0868405991397627
336.25,long_regular,337.43818720333473,0.8930716289402747,6.187067258551921,2.3860394679897015,0.8206463231091211,0.3434130995354849,1.0834586798283077
336.5,long_regular,337.68818720333473,0.8805908165679304,6.190508139353277,2.368467831923789,0.8146027941893534,0.3423029799324981,1.0799562836729761
336.75,long_regular,337.93818720333473,0.8682032539312137,6.193924617387411,2.350804371120114,0.8085276833806749,0.341154193076183,1.0763318934198645
337.0,long_regular,338.18818720333473,0.8559103893961602,6.1973173236545085,2.3330476528977817,0.8024204979316769,0.3399662555859502,1.0725839840167952
337.25,long_regular,338.43818720333473,0.8437136901852289,6.2006868962025425,2.3151961901766196,0.7962807263810479,0.33873868160946824,1.0687110226133143
337.5,long_regular,338.68818720333473,0.8316146427493245,6.204033980124731,2.297248439753372,0.7901078379646934,0.337470982822664,1.0647114685606918
337.75,long_regular,338.93818720333473,0.8196147531476319,6.20735922755372,2.279202800524194,0.7839012820043867,0.33616266842972287,1.0605837734119226
338.0,long_regular,339.18818720333473,0.8077155474353737,6.21066329765243,2.261057611651851,0.7776604872774013,0.33481324516308797,1.056326380921725
338.25,long_regular,339.43818720333473,0.7959185720596689,6.213946856601281,2.242811150675986,0.7713848613665636,0.33342221728346105,1.0519377270465422
338.5,long_regular,339.68818720333473,0.78422539426359,6.217210577581662,2.2244616315647745,0.7650737899901444,0.33198908657980203,1.0474162399445412
338.75,long_regular,339.93818720333473,0.7726376024985906,6.220455140755389,2.2060072027062647,0.7587266363110082,0.3305133523693288,1.0427603399756131
339.0,long_regular,340.18818720333473,0.7611568068454333,6.223681233239962,2.1874459448376347,0.7523427402244087,0.3289945114975178,1.0379684397013733
339.25,long_regular,340.43818720333473,0.7497846394437468,6.226889549079383,2.168775868910597,0.745921417623823,0.32743205833810357,1.0330389438851615
339.5,long_regular,340.68818720333473,0.7385227549303819,6.230080789210273,2.1499949138911023,0.7394619596441898,0.32582548479307905,1.0279702494920417
339.75,long_regular,340.93818720333473,0.727372830886654,6.233255661423093,2.131100944491497,0.7329636318819144,0.32417428029269507,1.0227607456888017
340.0,long_regular,341.18818720333473,0.7163365682946736,6.236414880318144,2.1120917488332114,0.7264256735909824,0.3224779317954611,1.0174088138439539
340.25,long_regular,341.43818720333473,0.7054156920028403,6.239559167256109,2.092965036038069,0.7198472968545229,0.32073592378814464,1.0119128275277347
340.5,long_regular,341.68818720333473,0.694611951200677,6.242689250302858,2.0737184337462122,0.7132276857311314,0.31894773828577144,1.0062711525121049
340.75,long_regular,341.93818720333473,0.6839271199031169,6.245805864168178,2.0543494855586686,0.7065659953752754,0.31711285483162543,1.0004821467707488
341.0,long_regular,342.18818720333473,0.6733629974443862,6.248909750138164,2.0348556484025013,0.6998613511310731,0.315230750497249,0.9945441604790758
341.25,long_regular,342.43818720333473,0.6629214089815809,6.252001656000916,2.0152342898164775,0.6931128475987353,0.31330089988244264,0.9884555360142192
341.50000000000006,long_regular,342.6881872033348,0.6526042060081112,6.2550823359652,1.995482685155166,0.686319547672952,0.3113227751152649,0.982214607955036
341.75,long_regular,342.93818720333473,0.642413266877091,6.258152550571743,1.9755980147093297,0.6794804815524906,0.30929584585203296,0.9758197030821084
342.0,long_regular,343.18818720333473,0.6323504973347949,6.261213066596764,1.9555773607404654,0.6725946457202648,0.3072195792773219,0.9692691403777418
342.25,long_regular,343.43818720333473,0.6224178310643325,6.264264656947384,1.9354177044273282,0.665661001893133,0.3050934401039652,0.9625612310259664
342.5,long_regular,343.68818720333473,0.6126172302395778,6.267308100548469,1.9151159227222472,0.6586784759406701,0.3029168905730546,0.9556942784125362
342.75,long_regular,343.93818720333473,0.6029506860895419,6.270344182220528,1.8946687851150223,0.6516459567721533,0.3006893904539399,0.9486665781249296
343.0,long_regular,344.18818720333473,0.5934202194731864,6.27337369254822,1.8740729503022022,0.6445622951910044,0.29841039704422934,0.9414764179523493
343.25,long_regular,344.43818720333473,0.5840278814648463,6.276397427738975,1.8533249627595074,0.637426302715921,0.2960793651697894,0.9341220778857221
343.5,long_regular,344.68818720333473,0.5747757539503047,6.279416189471306,1.8324212492151855,0.6302367503679344,0.29369574718474456,0.9266018301176989
343.75,long_regular,344.93818720333473,0.5656659502335812,6.282430784732278,1.8113581150220721,0.6229923674226281,0.2912589929714778,0.9189139390426547
344.0,long_regular,345.18818720333473,0.5567006156545067,6.285442025643627,1.7901317404261505,0.6156918401267589,0.2887685499406302,0.9110566612566894
344.25,long_regular,345.43818720333473,0.5478819282171634,6.288450729275989,1.768738176729412,0.6083338103785246,0.28622386303110126,0.9030282455576262
344.5,long_regular,345.68818720333473,0.5392120992291565,6.291457717450674,1.7471733423448468,0.6009168743707306,0.28362437471004837,0.8948269329450127
344.75000000000006,long_regular,345.9381872033348,0.5306933739518209,6.294463816528412,1.7254330187414206,0.5934395811961186,0.28096952497288746,0.886450956620121
345.0,long_regular,346.18818720333473,0.5223280322613322,6.29746985718444,1.7035128462769378,0.5859004314141364,0.27825875134329264,0.8778985419859474
345.25,long_regular,346.43818720333473,0.5141183893207235,6.300476674169306,1.6814083199167327,0.5782978755784384,0.2754914888731962,0.8691679066472121
345.5,long_regular,346.68818720333473,0.5060667962628012,6.3034851060547314,1.659114784836195,0.5706303127244334,0.2726671701427887,0.8602572604103598
345.75,long_regular,346.93818720333473,0.49817564088392574,6.3064959949638455,1.6366274319051997,0.5628960888162151,0.26978522526051896,0.8511648052835591
346.0,long_regular,347.18818720333473,0.4904473483485847,6.309510186285067,1.6139412930526031,0.5550934951522419,0.26684508186309397,0.841888735476703
346.25,long_regular,347.43818720333473,0.48288438190469973,6.312528528368886,1.5910512365090448,0.5472207667291629,0.26384616511547904,0.8324272374014086
346.5,long_regular,347.68818720333473,0.4754892436095641,6.3155518722067985,1.56795196192642,0.5392760805632252,0.26078789771089766,0.8227784896710172
346.75,long_regular,347.93818720333473,0.4682644750663165,6.318581071091561,1.5446379953725042,0.5312575539687429,0.2576696998708316,0.8129406631005943
347.0,long_regular,348.18818720333473,0.4612126581707341,6.321616980257936,1.52110368419935,0.5231632427931499,0.25449098934502085,0.8029119207069298
347.25,long_regular,348.43818720333473,0.4543364158682719,6.324660456503081,1.4973431917842397,0.514991139608222,0.2512511814114637,0.7926904177085375
347.5,long_regular,348.68818720333473,0.4476384129210733,6.327712357785634,1.4733504921421527,0.5067391718571063,0.24794968887641647,0.7822743015256555
347.75,long_regular,348.93818720333473,0.44112135668473407,6.330773542802625,1.4491193644089082,0.49840519995687266,0.244585922074394,0.771661711780246
348.0,long_regular,349.18818720333473,0.43478799789459277,6.333844870543187,1.4246433871943571,0.48998701535636935,0.24115928886816923,0.7608507802959958
348.25,long_regular,349.43818720333473,0.4286411314611698,6.336927199818075,1.3999159328052568,0.48148233854925826,0.23766919464877329,0.7498396310983153
348.5,long_regular,349.68818720333473,0.422683597274518,6.340021388763963,1.3749301613377192,0.47288881704219154,0.23411504233549568,0.7386263804143396
348.75,long_regular,349.93818720333473,0.41691828101697537,6.343128294321432,1.3496790146394313,0.4642040232781982,0.23049623237588399,0.7272091366729276
349.0,long_regular,350.18818720333473,0.4113481149840261,6.346248771685504,1.3241552101421792,0.45542545251546324,0.2268121627457442,0.7155860005046628
349.25,long_regular,350.43818720333473,0.4059760789126994,6.349383673727588,1.298351234565551,0.44655052066180084,0.2230622289491404,0.7037550647418525
349.5,long_regular,350.68818720333473,0.4008052008170302,6.352533850387638,1.2722593374931197,0.4375765620652682,0.21924582401839504,0.6917144144185285
349.75,long_regular,350.93818720333473,0.39583855782999056,6.355700148035243,1.245871524822808,0.42850082726150635,0.2153623385140887,0.6794621267704467
350.0,long_regular,351.18818720333473,0.3910792770512783,6.3588834087984,1.219179552093636,0.41932048067856437,0.2114111605250602,0.666996271235087
350.25,long_regular,351.43818720333473,0.38653053640023716,6.362084469858635,1.1921749176915428,0.4100325983001328,0.2073916756684068,0.6543149094516539
350.50000000000006,long_regular,351.6881872033348,0.3821955654731899,6.365304162711059,1.164848855937558,0.4006341652883125,0.20330326708948368,0.6414160952610757
350.75,long_regular,351.93818720333473,0.3780776464043334,6.368543312388008,1.137192330062178,0.391122073567246,0.19914531546190448,0.6282978747060051
351.0,long_regular,352.18818720333473,0.3741801147292976,6.3718027366447405,1.109196025070481,0.3814931193691687,0.1949171989875411,0.614958286030819
351.25,long_regular,352.43818720333473,0.3705063602504226,6.375083245105708,1.0808503405032126,0.3717440007446815,0.19061829339652347,0.6013953596816184
351.5,long_regular,352.68818720333473,0.3670598279026618,6.378385638369869,1.0521453830998435,0.36187131503930803,0.18624797194724,0.5876071183062287
351.75,long_regular,352.93818720333473,0.3638440186189973,6.3817107070733705,1.0230709593704344,0.3518715563386866,0.18180560542633714,0.573591576754199
352.0,long_regular,353.18818720333473,0.360862490194116,6.3850592309080625,0.9936165680840285,0.3417411128850536,0.17729056214871974,0.5593467420768033
352.25,long_regular,353.43818720333473,0.3581188581450272,6.388431977594022,0.9637713926822524,0.331476264468003,0.17270220795755079,0.5448706135270392
352.5,long_regular,353.68818720333473,0.3556167965671806,6.391829701804454,0.9335242936278438,0.3210731797928651,0.16803990622425158,0.5301611825596291
352.75,long_regular,353.93818720333473,0.3533600389845568,6.395253144041105,0.9028638006989202,0.3105279138304234,0.1633030178485015,0.5152164328310186
353.0,long_regular,354.18818720333473,0.35135237919205187,6.398703029458422,0.871778105240999,0.2998364051521004,0.15849090125823842,0.5000343401993785
353.25,long_regular,354.43818720333473,0.3495976720884144,6.402180066634519,0.8402550523900374,0.28899447325517685,0.15360291240965826,0.4846128727246035
353.5,long_regular,354.68818720333473,0.3480998344977886,6.405684946287074,0.808282133281129,0.2779978158830766,0.1486384047872152,0.4689499906683122
353.75000000000006,long_regular,354.9381872033348,0.3468628459778609,6.409218339932176,0.7758464772589281,0.266842006346247,0.14359672940362178,0.4530436464938479
354.0,long_regular,355.18818720333473,0.3458907496124337,6.4127808984841135,0.7429348441074314,0.25552249084969586,0.13847723479984864,0.4368917848662775
354.25,long_regular,355.43818720333473,0.34518765278604624,6.416373250794077,0.7095336163183756,0.24403458583381074,0.13326756943301624,0.4204554370148693
354.5,long_regular,355.68818720333473,0.3447577279382248,6.41999600212568,0.6756287914192712,0.23237347533568853,0.12794441573592574,0.40366103667028697
354.75,long_regular,355.93818720333473,0.3446052132946873,6.423649732565192,0.641205974383939,0.22053420837884147,0.12248554316140378,0.38643844708083136
355.0,long_regular,356.18818720333473,0.34473441357266266,6.427334995364342,0.6062503701503933,0.20851169639982306,0.11686979271893085,0.3687209122259379
355.25,long_regular,356.43818720333473,0.34514970065734785,6.4310523152134955,0.570746776272994,0.1963007107210342,0.11107706151126942,0.35044500802967243
355.5,long_regular,356.68818720333473,0.3458555142463067,6.434802186443049,0.534679575738002,0.18389588007972968,0.10508828727109208,0.3315505935742278
355.75,long_regular,356.93818720333473,0.3468563624584178,6.438585071150772,0.4980327299740009,0.17129168822404645,0.09888543289760977,0.31198076231342015
356.0,long_regular,357.18818720333473,0.3481568224037699,6.442401397252924,0.46078977209110006,0.1584824715877178,0.09245147099320002,0.2916817932861856
356.25,long_regular,357.43818720333473,0.34976154071069887,6.446251556456837,0.4229338003854304,0.1454624170560319,0.08577036840003485,0.27060310233007595
356.5,long_regular,357.68818720333473,0.3516752340059308,6.4501359021527795,0.38444747214815495,0.13222555983652376,0.07882707073670941,0.24869719329475615
356.75,long_regular,357.93818720333473,0.35390268934353974,6.454054747222828,0.3453129978210763,0.11876578144887473,0.07160748693486976,0.22591960925549975
357.0,long_regular,358.18818720333473,0.3564487645782073,6.458008361764519,0.3055121355439118,0.1050768078495208,0.06409847377584124,0.20222888372668582
357.25,long_regular,358.43818720333473,0.3593183886780156,6.461996970727089,0.2650261861414334,0.09115220770754644,0.0562878204272566,0.1775864918752951
357.5,long_regular,358.68818720333473,0.36251656197171833,6.4660207514581,0.22383598860193227,0.07698539084956314,0.04816423297968422,0.15195680173440657
357.75,long_regular,358.93818720333473,0.3660483563251846,6.4700798311583245,0.18192191610187264,0.06256960689244231,0.039717318983256256,0.12530702541669383
358.0,long_regular,359.18818720333473,0.3699189152414051,6.4741742842428,0.13926387263512535,0.047897944083985226,0.030937571984296832,0.09760717032792136
358.25,long_regular,359.43818720333473,0.374133453878168,6.47830412960602,0.09584129030884019,0.0329633283728746,0.02181635606195024,0.06882999038044116
358.5,long_regular,359.68818720333473,0.3786972589772071,6.4824693277893175,0.051633127371806205,0.017758522730555507,0.01234589036480911,0.038950937206688976
358.75,long_regular,359.93818720333473,0.38361568869830887,6.486669778048566,0.00661786704505757,0.0022761267490378997,0.0025192336475425518,0.007948111372680668
359.0,short_fast,0.18818720333473493,0.3888941723515358,6.490905315320474,-0.039226482771493335,-0.013491423460002983,-0.007669731192475663,-0.02419778640849144
359.25,short_fast,0.43818720333473493,0.3945382100204089,6.495175707085801,-0.08592238883848634,-0.029551855038032565,-0.01822631257853876,-0.05750350406316163
359.50000000000006,short_fast,0.6881872033347918,0.4005533720685386,6.499480650128068,-0.13349279088047927,-0.04591305779612233,-0.029155025717979035,-0.0919832869435952
359.75,short_fast,0.9381872033347349,0.40694529852185424,6.503819767186338,-0.18196109876682226,-0.06258308324534925,-0.040459608065539526,-0.1276489266144916
