time_s,S_to_H_i_mass_flow_kg_s,H_i_to_L_mass_flow_kg_s,L_to_H_o_mass_flow_kg_s,H_o_to_S_mass_flow_kg_s
0.0,-0.000172518863314282,0.0,0.0035032132755326577,0.003726137571824237
2.496820703312122e-07,-0.00017251853207386278,0.0,0.0035032336477035736,0.0037261573194164567
4.993641406624244e-07,-0.00017251820083801162,0.0,0.003503254019863966,0.003726177067004671
8.117969701719071e-05,-0.00017241188540241087,0.0,0.0035098366113941546,0.0037325585518059637
0.00016186002989371898,-0.0001723054041718984,0.0,0.003516418380662127,0.0037389390323622936
0.00024254036277024726,-0.00017219869769015658,0.0,0.003522999401925193,0.003745318415828148
0.00045175606037196393,-0.00017192102931998536,0.0,0.003540061504781558,0.0037618559440159025
0.0006609717579736807,-0.0001716426777814953,0.0,0.0035571186026958795,0.0037783866523015907
0.0007132756823741099,-0.00017157312741248037,0.0,0.003561381638143239,0.0037825188496247333
0.0007655796067745391,-0.00017150361904477634,0.0,0.0035656437320688117,0.003786651379392889
0.0008178835311749683,-0.00017143390016714755,0.0,0.003569905914938639,0.0037907829841250544
0.0008701874555753975,-0.00017136400195238828,0.0,0.003574168094429355,0.0037949137830097105
0.0009177429752655053,-0.00017130042328250309,0.0,0.0035780429915004634,0.0037986693010882864
0.0009652984949556131,-0.00017123679533197764,0.0,0.003581917621395798,0.0038024244915413484
0.001012854014645721,-0.00017117310104883314,0.0,0.0035857920229954805,0.0038061793068864037
0.0011255431818638514,-0.00017102192123409822,0.0,0.003594971946892731,0.003815075443191574
0.0012382323490819816,-0.0001708704972007954,0.0,0.00360415033030142,0.0038239698587458682
0.0013509215163001118,-0.0001707188303396672,0.0,0.003613327171207349,0.0038328625788448113
0.001463610683518242,-0.0001705667998719933,0.0,0.003622502672483464,0.0038417533646136247
0.0015101337114701312,-0.00017050392768174237,0.0,0.003626290342986338,0.00384542330155924
0.0015566567394220206,-0.0001704410142898439,0.0,0.0036300777510660113,0.0038490929610978703
0.0016031797673739098,-0.0001703780586348541,0.0,0.00363386489821667,0.0038527623432597336
0.0018045220352760072,-0.00017010489541089042,0.0,0.0036502522281680982,0.0038686390734575782
0.0018548576022515315,-0.00017003647642895638,0.0,0.003654348346476052,0.0038726074183114
0.0019051931692270557,-0.00016996810221276806,0.0,0.0036584440289473244,0.003876575629831195
0.00195552873620258,-0.00016989962678052095,0.0,0.0036625394959502186,0.003880543416914005
0.002005864303178104,-0.00016983105365018933,0.0,0.003666634751688938,0.0038845107786110483
0.002051924044939178,-0.00016976826050362146,0.0,0.003670381876492049,0.0038881408484255104
0.0020979837867002513,-0.00016970541574250187,0.0,0.003674128770362816,0.0038917706364566965
0.002144043528461325,-0.00016964251606119097,0.0,0.003677875442587122,0.0038954001331909056
0.002349421207080484,-0.0001693613237742505,0.0,0.0036945789710571184,0.003911580270610823
0.0025547988856996426,-0.00016907916973519095,0.0,0.0037112780929967255,0.00392775489288972
0.0027601765643188014,-0.00016879630564115236,0.0,0.003727972616166354,0.003943924443380588
0.0030886996967475137,-0.00016834133064030351,0.0,0.003754668621657331,0.0039697778624062235
0.003417222829176226,-0.00016788361283179848,0.0,0.0037813541046814634,0.003995617771062202
0.0037457459616049384,-0.0001674232748987271,0.0,0.003808029376946237,0.004021444569203306
0.004074269094033651,-0.00016696028456046762,0.0,0.0038346947812861513,0.00404725856721833
0.00458627490493852,-0.00016623326122178485,0.0,0.003876234171254909,0.004087465028385667
0.00509828071584339,-0.0001654994748060971,0.0,0.003917751764060549,0.004127642234072166
0.0056102865267482595,-0.00016475875926033409,0.0,0.003959248807450721,0.004167791249605388
0.00612229233765313,-0.00016401101534091987,0.0,0.004000726551515899,0.00420791316027821
0.0066342981485579995,-0.00016325614947091448,0.0,0.004042186257202808,0.004248009078392714
0.007328742593002444,-0.00016222064470551836,0.0,0.00409839237612736,0.004302352404634334
0.008023187037446889,-0.00016117138035324257,0.0,0.004154570737885122,0.004356652530984825
0.008717631481891332,-0.00016010800662806922,0.0,0.004210724387988032,0.004410912058269321
0.009412075926335776,-0.0001590301633910691,0.0,0.004266856331241144,0.004465133531983466
0.010106520370780222,-0.00015793747656441077,0.0,0.004322969532813019,0.004519319454229211
0.010800964815224667,-0.0001568295671832627,0.0,0.004379066914983348,0.00457347228693347
0.011495409259669112,-0.0001557060486972395,0.0,0.004435151356988477,0.004627594442281335
0.012189853704113558,-0.00015456652394825238,0.0,0.004491225691504293,0.004681688278695942
0.012884298148558003,-0.00015341058970124696,0.0,0.004547292699096877,0.004735756103880856
0.013578742593002449,-0.00015223783880467066,0.0,0.004603355106326025,0.004789800173566326
0.014273187037446894,-0.00015104786009288487,0.0,0.004659415586423267,0.004843822690710863
0.01496763148189134,-0.00014984021381371092,0.0,0.0047154767600071455,0.00489782577925347
0.015662075926335783,-0.0001486144603414755,0.0,0.004771541175570308,0.004951811501781303
0.01635652037078023,-0.0001473702149444071,0.0,0.0048276112880890325,0.005005781903701254
0.017050964815224674,-0.00014610707527595575,0.0,0.004883689497966523,0.005059738953282149
0.01774540925966912,-0.00014482451154830558,0.0,0.004939778190970451,0.0051136844463272706
0.018439853704113565,-0.00014352202837872636,0.0,0.004995879624040454,0.005167620136004066
0.01913429814855801,-0.00014219927552612007,0.0,0.005051995888318913,0.005221547809328147
0.019828742593002456,-0.00014085587890022366,0.0,0.005108129026971294,0.0052754691321096015
0.0205231870374469,-0.00013949128220044625,0.0,0.005164281077567298,0.0053293855325211685
0.021217631481891347,-0.00013810491373766824,0.0,0.005220453923497198,0.005383298354492132
0.021912075926335792,-0.0001366964238009223,0.0,0.005276649218312826,0.005437208995776722
0.022606520370780238,-0.00013526539957002163,0.0,0.005332868560585638,0.005491118664672346
0.023300964815224683,-0.00013381133299854254,0.0,0.005389113450434602,0.0055450283850485066
0.02399540925966913,-0.0001323337414297988,0.0,0.00544538520482116,0.005598939078418947
0.024689853704113574,-0.00013083218002590133,0.0,0.005501684969661182,0.005652851538859258
0.02538429814855802,-0.00012930619229006282,0.0,0.005558013737558565,0.005706766387398696
0.026078742593002465,-0.0001277553089315403,0.0,0.005614372320076448,0.0057606840738757235
0.02677318703744691,-0.00012617907154543627,0.0,0.005670761322713542,0.005814604879403837
0.027467631481891356,-0.0001245770311789785,0.0,0.005727181141072334,0.0058685288935283785
0.0281620759263358,-0.00012294873689196152,0.0,0.005783631950648245,0.005922455993932828
0.028856520370780247,-0.00012129374079819954,0.0,0.005840113682214243,0.0059763858428384005
0.029550964815224692,-0.00011961159778937722,0.0,0.0058966260127933535,0.006030317860050362
0.030245409259669138,-0.00011790187290233247,0.0,0.005953168342363464,0.006084251212332998
0.030939853704113583,-0.00011616414982791954,0.0,0.006009739758691247,0.006138184818327957
0.03163429814855803,-0.0001143980127600258,0.0,0.006066339043331525,0.006192117304856038
0.032328742593002474,-0.00011260303078772913,0.0,0.006122964677792845,0.006246046955296466
0.03302318703744692,-0.00011077879352223633,0.0,0.00617961476724011,0.0062999717444164535
0.033717631481891365,-0.00010892494039091264,0.0,0.006236286983483066,0.006353889358740874
0.034412075926335814,-0.00010704110263706438,0.0,0.006292978643970665,0.0064077970716490155
0.035106520370780256,-0.00010512686217055996,0.0,0.0063496867124613315,0.006461691685066259
0.035800964815224705,-0.00010318187349759979,0.0,0.006406407590542195,0.006515569693959627
0.03649540925966915,-0.00010120582985090356,0.0,0.006463137199040252,0.006569427160502175
0.037189853704113596,-9.919839816518827e-05,0.0,0.0065198710245714005,0.006623259610380153
0.03788429814855804,-9.715925533597835e-05,0.0,0.00657660400021079,0.006677062091883551
0.03857874259300249,-9.508812267416814e-05,0.0,0.006633330459126772,0.0067308291684913205
0.03927318703744693,-9.298473771263028e-05,0.0,0.006690044167415782,0.006784554829996591
0.03996763148189137,-9.084884245040293e-05,0.0,0.006746738280105433,0.006838232473028725
0.04066207592633581,-8.868020874723678e-05,0.0,0.006803405270436153,0.0068918549087534295
0.04135652037078026,-8.647864090239539e-05,0.0,0.006860036923254267,0.006945414308235124
0.0420509648152247,-8.424395811486078e-05,0.0,0.006916624321101017,0.006998902150421726
0.04274540925966915,-8.19760015500938e-05,0.0,0.006973157781237833,0.00705230921649761
0.043439853704113594,-7.967464957490306e-05,0.0,0.007029626817029197,0.007105625562335315
0.04413429814855804,-7.733980936609095e-05,0.0,0.007086020129559718,0.007158840459372361
0.044828742593002485,-7.497140950985799e-05,0.0,0.00714232556506091,0.007211942365389621
0.045523187037446934,-7.256941377990786e-05,0.0,0.007198530058251275,0.007264918910496016
0.046217631481891376,-7.013382682689328e-05,0.0,0.007254619611740715,0.007317756849530972
0.046912075926335825,-6.766468237778065e-05,0.0,0.0073105792742268905,0.007370442012708673
0.04760652037078027,-6.516204530797246e-05,0.0,0.007366393084919202,0.007422959288254407
0.048300964815224716,-6.262602664392739e-05,0.0,0.007422044032241989,0.007475292594881079
0.04899540925966916,-6.005678158337556e-05,0.0,0.007477514041265514,0.007527424827339173
0.04968985370411361,-5.7454495003651305e-05,0.0,0.007532783934921032,0.0075793378242924765
0.05038429814855805,-5.481939557536376e-05,0.0,0.007587833386333846,0.007631012348645025
0.0510787425930025,-5.2151764455718145e-05,0.0,0.00764264089337878,0.007682428050329602
0.05177318703744694,-4.945192807748771e-05,0.0,0.0076971837547071195,0.007733563428383009
0.05246763148189139,-4.6720256738752396e-05,0.0,0.007751438034887632,0.007784395805135424
0.05316207592633583,-4.39571714672494e-05,0.0,0.007805378534411238,0.007834901300031746
0.05385652037078028,-4.116314636011668e-05,0.0,0.007858978768043423,0.007885054799806003
0.05455096481522472,-3.833870714989579e-05,0.0,0.00791221094169452,0.007934829933822515
0.05524540925966917,-3.548443305153878e-05,0.0,0.00796504592933184,0.007984199054118317
0.05593985370411361,-3.260095989904144e-05,0.0,0.008017453256201169,0.008033133215248886
0.05663429814855806,-2.968898091284706e-05,0.0,0.008069401085810713,0.008081602156582008
0.0573287425930025,-2.6749247254054254e-05,0.0,0.008120856208002857,0.00812957429009114
0.05802318703744695,-2.3782569988040318e-05,0.0,0.008171784031476092,0.008177016691394834
0.058717631481891394,-2.0789821601513193e-05,0.0,0.008222148582127865,0.00822389509334514
0.05941207592633584,-1.7771936565698303e-05,0.0,0.008271912505050797,0.008270173884708312
0.060106520370780285,-1.472991231968975e-05,0.0,0.008321037070664282,0.008315816114279189
0.060800964815224734,-1.1664810566061874e-05,0.0,0.008369482187131927,0.008360783499198025
0.061495409259669176,-8.577757925794665e-06,0.0,0.008417206418686962,0.008405036438371176
0.062189853704113625,-5.469946314590728e-06,0.0,0.00846416700913193,0.00844853403233157
0.06288429814855807,-2.342633958924209e-06,0.0,0.008510319911186835,0.0084912341097133
0.06302318703744696,-1.7149468505803745e-06,0.0,0.008519449604796012,0.00849967462424306
0.06316207592633585,-1.0865434981990505e-06,0.0,0.008528544815488193,0.008508081152662869
0.06330096481522474,-4.574347504509243e-07,0.0,0.008537605172420906,0.00851645333995998
0.06332874259300252,-3.315298385476583e-07,0.0,0.008539413028602354,0.00851812362501161
0.0633565203707803,-2.0559760181971785e-07,0.0,0.008541219473035988,0.008519792519265138
0.06338429814855806,-7.963781306893882e-08,0.0,0.008543024502512174,0.008521460019877043
0.06341649574652111,9.586276364227784e-08,0.0,0.008545114962237688,0.008523391094072469
0.06344317008916546,2.7030931646784186e-07,0.0,0.008546845372594444,0.00852498948090177
0.06346984443180982,4.4399320149032023e-07,0.0,0.008548574468920002,0.00852658656970309
0.06349651877445418,6.165811072395876e-07,0.0,0.008550302248106954,0.008528182354196369
0.06352868632952717,8.229375650920789e-07,0.0,0.008552384081970352,0.008530105024608065
0.06356085388460016,1.0268798734654302e-06,0.0,0.008554463988563157,0.008532025774095873
0.06359302143967316,1.2280689201573428e-06,0.0,0.00855654196074809,0.008533944586081558
0.06362518899474615,1.4263449927370872e-06,0.0,0.008558617990046792,0.008535861443913198
0.06366896617818212,1.6914336037848966e-06,0.0,0.008561440143103758,0.008538466948470349
0.06371274336161808,1.951043223159596e-06,0.0,0.008564258655452529,0.008541068764299746
0.06375652054505404,2.2053175903304914e-06,0.0,0.00856707350094759,0.008543666854178025
0.06380029772849001,2.4545089807870447e-06,0.0,0.008569884652595042,0.008546261183431741
0.0638733836842102,2.860079613769531e-06,0.0,0.008574569561488833,0.008550583947439868
0.06394646963993038,3.2540135016031762e-06,0.0,0.008579243972937424,0.008554896008758767
0.06401955559565056,3.638104742629049e-06,0.0,0.008583907764621349,0.008559197256687598
0.06409264155137075,4.0139949022431615e-06,0.0,0.008588560821649395,0.008563487597700117
0.06416572750709094,4.383095596854146e-06,0.0,0.008593203037639772,0.008567766951021802
0.06425928292927559,4.847605778331231e-06,0.0,0.008599129440013875,0.008573228692330117
0.06435283835146023,5.305168151771964e-06,0.0,0.008605037728035036,0.00857867218537427
0.06444639377364487,5.757540573836928e-06,0.0,0.008610927729574664,0.00858409731870826
0.0645399491958295,6.2060953836366025e-06,0.0,0.008616799287543457,0.008589503992219624
0.06463350461801415,6.6518711581810105e-06,0.0,0.00862265225740105,0.00859489211308667
0.06476312588555169,7.266327566066891e-06,0.0,0.008630730593454854,0.008602326543649737
0.06489274715308925,7.878368035314165e-06,0.0,0.008638772656125596,0.008609724963661369
0.0650223684206268,8.488934980169192e-06,0.0,0.008646778132265616,0.008617087149522475
0.06515198968816434,9.09865098164726e-06,0.0,0.008654746722120224,0.008624412876389835
0.06528161095570188,9.707923043116534e-06,0.0,0.008662678134826103,0.008631701916248883
0.06548577566897668,1.0667297365841694e-05,0.0,0.008675094712502884,0.008643107821575785
0.06568994038225148,1.1626735685052222e-05,0.0,0.008687417254566822,0.008654421205171015
0.06589410509552629,1.258644865696284e-05,0.0,0.008699644674242588,0.008665641111016666
0.0660982698088011,1.3546540364970555e-05,0.0,0.008711775883014463,0.00867676655614446
0.0663024345220759,1.4507067870281373e-05,0.0,0.00872380978606789,0.008687796533630983
0.06672923230355346,1.651646091421639e-05,0.0,0.00874864696503664,0.00871054131159978
0.06715603008503103,1.8527635116643336e-05,0.0,0.008773043869830207,0.008732854732208509
0.06758282786650859,2.054027334516773e-05,0.0,0.00879699007619076,0.00875472682894138
0.06800962564798615,2.2554085824294812e-05,0.0,0.008820474936626112,0.008776147371963144
0.06843642342946372,2.456878962322542e-05,0.0,0.008843487590920256,0.008797105900942799
0.06913086787390817,2.784796245386741e-05,0.0,0.008879893717075382,0.00883019253048588
0.06982531231835261,3.112707875050172e-05,0.0,0.008914971783640275,0.008861980701937014
0.07051975676279705,3.440446806001548e-05,0.0,0.008948672119770785,0.008892422309583274
0.0712142012072415,3.767839472512199e-05,0.0,0.008980944210318784,0.00892146835432575
0.07190864565168595,4.094703172965148e-05,0.0,0.009011736876434522,0.008949069169234334
0.07260309009613039,4.420846696424142e-05,0.0,0.009040998497047984,0.00897517459010716
0.07329753454057483,4.7460716197383e-05,0.0,0.00906867721019205,0.008999734144377155
0.07399197898501929,5.0701730370151465e-05,0.0,0.00909472110753212,0.009022697254753256
0.07468642342946373,5.392940173505177e-05,0.0,0.009119078439961664,0.009044013440067108
0.07538086787390817,5.7141571436185555e-05,0.0,0.00914169782881879,0.009063632514914984
0.07607531231835261,6.033603188175504e-05,0.0,0.009162528481054925,0.009081504772704719
0.07676975676279707,6.351054250268879e-05,0.0,0.009181520362028635,0.009097581255059788
0.07746420120724151,6.6662842812204e-05,0.0,0.009198624472297745,0.009111813923223163
0.07815864565168595,6.979065149604313e-05,0.0,0.009213793101493879,0.009124155807015298
0.0788530900961304,7.289165763417667e-05,0.0,0.009226979916308897,0.009134561306015934
0.07954753454057484,7.596353023759566e-05,0.0,0.00923814016174353,0.009142986435235992
0.08024197898501928,7.900394928048891e-05,0.0,0.009247231046993277,0.009149388919803257
0.08093642342946372,8.201061488103759e-05,0.0,0.009254211929285853,0.009153728439460482
0.08163086787390815,8.498122806996761e-05,0.0,0.009259044366690432,0.009155966972779121
0.08232531231835259,8.791349923322451e-05,0.0,0.009261692442515387,0.009156068913851645
0.08301975676279703,9.080518628585619e-05,0.0,0.009262123094603045,0.009154001183160393
0.08371420120724146,9.365407135017145e-05,0.0,0.009260306106096157,0.009149733617940428
0.0844086456516859,9.645797226140646e-05,0.0,0.009256214366512623,0.009143239119758121
0.08510309009613033,9.9214764948899e-05,0.0,0.009249824150941994,0.009134493770681141
0.08579753454057477,0.00010192238510665207,0.0,0.009241115243504659,0.009123477065737247
0.08649197898501922,0.00010457882702494165,0.0,0.00923007107565792,0.009110172115613263
0.08718642342946364,0.00010718215324895558,0.0,0.009216678915713348,0.009094565784349903
0.08788086787390809,0.00010973050533281937,0.0,0.00920093002369805,0.009076648830953446
0.08857531231835251,0.00011222210909183906,0.0,0.009182819765532466,0.009056416057815228
0.08926975676279696,0.00011465527839923285,0.0,0.009162347721552323,0.009033866434201851
0.0899642012072414,0.00011702842100008956,0.0,0.009139517787896463,0.009009003193408045
0.09065864565168583,0.00011934004503144725,0.0,0.009114338253713565,0.00898183391523037
0.09135309009613027,0.00012158876401086286,0.0,0.009086821852871855,0.008952370592435694
0.09204753454057471,0.00012377330028974704,0.0,0.009056985795999117,0.008920629674190494
0.09274197898501914,0.00012589248842878378,0.0,0.009024851782262656,0.008886632085082601
0.09343642342946358,0.00012794527890131474,0.0,0.008990445986939533,0.00885040322143976
0.09413086787390801,0.00012993074102491891,0.0,0.008953799023647227,0.00881197292452997
0.09482531231835245,0.00013184806451556385,0.0,0.00891494588212066,0.008771375428841769
0.09551975676279689,0.00013369656039080645,0.0,0.008873925841572348,0.008728649284735787
0.09621420120724132,0.00013547566178267076,0.0,0.008830782358959576,0.008683837255817428
0.09690864565168576,0.00013718492383581071,0.0,0.008785562929175332,0.008636986193583307
0.09760309009613019,0.00013882402333055408,0.0,0.00873831893262428,0.008588146877439517
0.09829753454057463,0.00014039275670341955,0.0,0.008689105442456347,0.008537373844258574
0.09899197898501907,0.00014189103762697524,0.0,0.008637981015183021,0.008484725188631078
0.0996864234294635,0.00014331889431852632,0.0,0.008585007464859627,0.008430262335990311
0.10038086787390794,0.00014467646608746232,0.0,0.008530249613058026,0.008374049798011091
0.10107531231835237,0.0001459639991168239,0.0,0.008473775018503413,0.008316154909912962
0.10176975676279681,0.00014718184166849738,0.0,0.00841565369142037,0.008256647548700181
0.10246420120724126,0.00014833043881980218,0.0,0.008355957793942303,0.008195599835067275
0.10315864565168568,0.00014941032675262766,0.0,0.008294761327674635,0.008133085822431654
0.10385309009613013,0.00015042212660497958,0.0,0.00823213981123982,0.008069181175367753
0.10454753454057457,0.00015136653794587242,0.0,0.008168169950997948,0.00800396283966957
0.105241978985019,0.00015224433198658455,0.0,0.008102929307639768,0.007937508706889598
0.10593642342946344,0.00015305634462985148,0.0,0.008036495961322762,0.007869897276461976
0.10663086787390787,0.00015380346940245434,0.0,0.007968948178327738,0.0078012073183462306
0.10732531231835231,0.00015448665031731352,0.0,0.00790036408226815,0.007731517539138157
0.10801975676279675,0.00015510687478399523,0.0,0.007830821332746938,0.007660906254605399
0.10871420120724118,0.00015566516666484597,0.0,0.007760396814228016,0.00758945107160641
0.10940864565168562,0.00015616257954005858,0.0,0.00768916633786691,0.00751722858214252
0.11010309009613005,0.0001566001902269716,0.0,0.007617204358823573,0.007444314072205258
0.11079753454057449,0.0001569790920492829,0.0,0.007544583698040782,0.00737078125662477
0.11149197898501893,0.00015730039097971895,0.0,0.007471375342524533,0.007296701990681429
0.11218642342946336,0.00015756519873311688,0.0,0.007397648175484201,0.007222146078329104
0.1128808678739078,0.00015777462784827943,0.0,0.007323468778702067,0.007147181055850713
0.11357531231835223,0.00015792978804631493,0.0,0.007248901275689146,0.00707187198772561
0.11426975676279667,0.00015803178275119274,0.0,0.007174007179660012,0.006996281309392002
0.11496420120724112,0.00015808170595373543,0.0,0.00709884526183891,0.006920468700845004
0.11565864565168554,0.00015808063961761493,0.0,0.007023471453308993,0.00684449097771495
0.11635309009612999,0.0001580296517752931,0.0,0.006947938774891185,0.006768402005398164
0.11704753454057443,0.00015792979536502098,0.0,0.006872297288939781,0.00669225264230871
0.11774197898501886,0.000157782107596022,0.0,0.006796594074415709,0.006616090709707805
0.1184364234294633,0.00015758760968951865,0.0,0.006720873226664349,0.006539960984063513
0.11913086787390773,0.00015734730711614868,0.0,0.006645175879702902,0.006463905210906033
0.11982531231835217,0.00015706219041261406,0.0,0.00656954024786588,0.006387962140174568
0.12051975676279661,0.0001567332364043355,0.0,0.006494001685438276,0.006312167581237532
0.12121420120724104,0.00015636140966549734,0.0,0.006418592763096727,0.00623655447508129
0.12190864565168548,0.0001559476642466558,0.0,0.006343343359258671,0.006161152981388313
0.12260309009612991,0.0001554929457104,0.0,0.006268280763547816,0.006085990578974568
0.12329753454057435,0.00015499819336718128,0.0,0.006193429790476202,0.006011092177290988
0.12399197898501879,0.00015446434254768178,0.0,0.006118812901115766,0.005936480237117083
0.12468642342946322,0.00015389232676182843,0.0,0.006044450343675443,0.005862174889834094
0.12538086787390765,0.00015328308049913507,0.0,0.005970360245491799,0.005788194100318185
0.1260753123183521,0.00015263754137767919,0.0,0.005896558788844666,0.005714553764821603
0.12676975676279653,0.00015195665172532252,0.0,0.005823060343073421,0.005641267855483609
0.12746420120724097,0.0001512413612286728,0.0,0.005749877586317168,0.005568348571067871
0.12815864565168542,0.0001504926291086716,0.0,0.005677021638965283,0.005495806469785593
0.12885309009612983,0.00014971142549873625,0.0,0.005604502198834491,0.005423650594661061
0.12954753454057427,0.00014889873283489832,0.0,0.005532327666139745,0.005351888602666118
0.1302419789850187,0.00014805554734587359,0.0,0.005460505262518994,0.005280526891104227
0.13093642342946316,0.00014718288017612576,0.0,0.005389041146121005,0.00520957071639641
0.1316308678739076,0.00014628175810986615,0.0,0.0053179405217234025,0.005139024304990838
0.132325312318352,0.00014535322409154768,0.0,0.005247207742596685,0.005068890959517964
0.13301975676279645,0.0001443983376127679,0.0,0.005176846405967101,0.0049991731585095605
0.1337142012072409,0.00014341817482689257,0.0,0.005106859441543669,0.004929872649821927
0.13440864565168534,0.0001424138284077508,0.0,0.005037249194711364,0.004860990535901585
0.13510309009612978,0.00014138640717481512,0.0,0.004968017501185822,0.004792527353882993
0.13579753454057422,0.00014033703558628924,0.0,0.004899165756894639,0.004724483147503485
0.13649197898501864,0.00013926685300215259,0.0,0.004830694978634691,0.004656857535389798
0.13718642342946308,0.00013817701283238645,0.0,0.004762605863556683,0.004589649768921094
0.13788086787390752,0.00013706868141727223,0.0,0.0046948988356183005,0.004522858790910135
0.13857531231835196,0.00013594303650834582,0.0,0.0046275741049316525,0.004456483275152621
0.1392697567627964,0.00013480126743629155,0.0,0.004560631675674473,0.00439052169307146
0.13996420120724082,0.00013364457234199388,0.0,0.00449407141251428,0.004324972325346303
0.14065864565168526,0.0001324741561639349,0.0,0.004427893067107721,0.004259833306017265
0.1413530900961297,0.00013129123036192082,0.0,0.004362096298316045,0.0041951026606017235
0.14204753454057414,0.00013009701141581596,0.0,0.004296680694414341,0.004130778330700782
0.14274197898501859,0.0001288927185306941,0.0,0.004231645796322776,0.004066858191611992
0.143436423429463,0.00012767957194613174,0.0,0.004166991112954376,0.004003340073827929
0.14413086787390744,0.0001264587916301309,0.0,0.004102716135511345,0.00394022178098911
0.14482531231835188,0.00012523159561155642,0.0,0.004038820348029535,0.003877501104980043
0.14551975676279633,0.0001239991981633119,0.0,0.003975303237754511,0.0038151758355672834
0.14621420120724077,0.0001227628081284102,0.0,0.003912164299492322,0.003753243771238117
0.14690864565168518,0.00012152362742203385,0.0,0.0038494030423108956,0.003691702725011773
0.14760309009612962,0.00012028284943467418,0.0,0.0037870189897125364,0.0036305505328772182
0.14829753454057407,0.00011904165747587844,0.0,0.0037250116864965847,0.003569785053547453
0.1489919789850185,0.0001178012232059678,0.0,0.0036633806912513473,0.0035094041774193963
0.14968642342946295,0.00011656270530161378,0.0,0.0036021255876305686,0.0034494058176095057
0.15038086787390736,0.00011532724795487052,0.0,0.0035412459606154138,0.003389787927897126
0.1510753123183518,0.00011409597971507198,0.0,0.003480741432918962,0.00333054847017839
0.15176975676279625,0.00011287001188275506,0.0,0.003420611588114886,0.0032716854716268815
0.1524642012072407,0.00011165043775798228,0.0,0.0033608560785870125,0.003213196929819113
0.15315864565168513,0.00011043833101080368,0.0,0.0033014745212383645,0.003155080898958613
0.15385309009612955,0.00010923474514081344,0.0,0.0032424665199159695,0.0030973354566602696
0.154547534540574,0.0001080407121085216,0.0,0.0031838316791617193,0.0030399586803718025
0.15524197898501843,0.00010685724127541318,0.0,0.003125569591945114,0.0029829486531598023
0.15593642342946287,0.00010568531885687962,0.0,0.0030676798231362257,0.0029263034707465527
0.15663086787390731,0.00010452590715418575,0.0,0.003010161909643689,0.0028700212296406315
0.15732531231835176,0.00010337994363813825,0.0,0.0029530153539997755,0.002814100020031961
0.15801975676279617,0.00010224834032779085,0.0,0.0028962396206703733,0.002758537919472037
0.1587142012072406,0.00010113198329078719,0.0,0.0028398341233035747,0.002703332994010579
0.15940864565168508,0.00010003173212223362,0.0,0.002783798228475168,0.002648483286386723
0.1601030900961295,9.89484194705278e-05,0.0,0.0027281312363052392,0.002593986819768047
0.16079753454057394,9.788285064456971e-05,0.0,0.0026728323990224054,0.002539841576034411
0.16149197898501838,9.683580340210461e-05,0.0,0.002617900867986764,0.00248604552224155
0.16218642342946282,9.580802747477823e-05,0.0,0.0025633357827782536,0.002432596545411869
0.16288086787390726,9.480024491221158e-05,0.0,0.0025091360665897163,0.002379492572866042
0.16357531231835168,9.381314856645087e-05,0.0,0.002455300873281202,0.0023267312926074876
0.16426975676279612,9.284740571484739e-05,0.0,0.002401828502453306,0.00227431078935342
0.16496420120724056,9.19036523955889e-05,0.0,0.0023487182450971328,0.0022222283631137736
0.165658645651685,9.098249111777488e-05,0.0,0.0022959691649245936,0.0021704816135378734
0.16635309009612945,9.008451169921443e-05,0.0,0.002243578838243794,0.002119068762832774
0.16704753454057386,8.921026982851864e-05,0.0,0.0021915459479679832,0.0020679868917652545
0.1677419789850183,8.836027809401177e-05,0.0,0.0021398691239241222,0.0020172332706420554
0.16843642342946274,8.753503511310065e-05,0.0,0.002088546611227834,0.0019668054793212423
0.1691308678739072,8.673501906668125e-05,0.0,0.0020375763814326243,0.001916700935525678
0.16982531231835163,8.59606701324694e-05,0.0,0.001986956478866222,0.0018669167008769662
0.17051975676279604,8.521239984390176e-05,0.0,0.0019366846511730917,0.0018174499167059217
0.17121420120724049,8.449059803395254e-05,0.0,0.001886758915030812,0.0017682975629238313
0.17190864565168493,8.379563207312391e-05,0.0,0.001837176530723223,0.0017194568501926449
0.17260309009612937,8.312783509706689e-05,0.0,0.001787936017101908,0.0016709242007331242
0.1732975345405738,8.248752907325032e-05,0.0,0.001739032442511445,0.0016226973981516317
0.17399197898501823,8.18749923842152e-05,0.0,0.0016904654371708453,0.0015747717386616305
0.17468642342946267,8.129047706629844e-05,0.0,0.0016422326457937845,0.001527144327948245
0.1753808678739071,8.073424866072775e-05,0.0,0.0015943292580181403,0.0014798126406557939
0.17607531231835155,8.020652059716333e-05,0.0,0.001546753250312952,0.0014327720717581594
0.176769756762796,7.970747754618691e-05,0.0,0.001499500612352635,0.0013860191829806068
0.17746420120724044,7.92372877337065e-05,0.0,0.001452568110929132,0.0013395503515833149
0.17815864565168485,7.879611560597439e-05,0.0,0.0014059522533215988,0.0012933618141033685
0.1788530900961293,7.838407373104998e-05,0.0,0.001359650638230956,0.001247449255408469
0.17954753454057373,7.800128506755188e-05,0.0,0.0013136578644628142,0.0012018093065161506
0.18024197898501818,7.764783680870502e-05,0.0,0.0012679717914284227,0.001156437096483765
0.18093642342946262,7.732379745125507e-05,0.0,0.0012225878306582904,0.0011113289018135236
0.18163086787390703,7.702922275677191e-05,0.0,0.001177501847062641,0.0010664804167821267
0.18232531231835147,7.676414649186501e-05,0.0,0.001132709528894467,0.0010218872200348685
0.18301975676279592,7.652858230860053e-05,0.0,0.0010882070202311175,0.0009775447345208906
0.18371420120724036,7.632253264642242e-05,0.0,0.0010439895621801169,0.0009334486027312559
0.1844086456516848,7.614597985970006e-05,0.0,0.001000053472147398,0.0008895939922679426
0.1851030900961292,7.599889783251686e-05,0.0,0.0009563926314728741,0.0008459766109480489
0.18579753454057366,7.588123399414246e-05,0.0,0.0009130037337198064,0.0008025911339258564
0.1864919789850181,7.579292645482087e-05,0.0,0.0008698818508437608,0.0007594330141697192
0.18718642342946254,7.573390534481542e-05,0.0,0.0008270223146232317,0.0007164972577404097
0.18788086787390698,7.570408173859906e-05,0.0,0.0007844201647002589,0.00067377886659417
0.1885753123183514,7.570335774490719e-05,0.0,0.0007420693719012232,0.0006312728784632608
0.18926975676279584,7.573161561661214e-05,0.0,0.0006999654020417397,0.0005889738959853401
0.18996420120724028,7.578873285669117e-05,0.0,0.0006581025576689109,0.00054687691780312
0.19065864565168472,7.587457165869029e-05,0.0,0.000616477138383699,0.0005049763367066891
0.19135309009612916,7.598899417929678e-05,0.0,0.0005750814382345598,0.0004632673506037491
0.19204753454057358,7.613183695146406e-05,0.0,0.0005339120395380656,0.0004217439145943487
0.19274197898501802,7.630293567522517e-05,0.0,0.0004929625659904603,0.0003804009585872826
0.19343642342946246,7.650211985935747e-05,0.0,0.00045222738654648046,0.0003392328680893108
0.1941308678739069,7.672920524934468e-05,0.0,0.0004117005684005034,0.0002982340322893759
0.19482531231835135,7.698399825601511e-05,0.0,0.00037137687502879316,0.00025739870783915696
0.19551975676279576,7.726630257914413e-05,0.0,0.00033124998737448825,0.00021672135099725474
0.1962142012072402,7.757591116295656e-05,0.0,0.0002913148240361972,0.00017619603752156647
0.19690864565168464,7.791261432988055e-05,0.0,0.00025156408346143575,0.00013581723713687434
0.19760309009612909,7.827618940144132e-05,0.0,0.00021199305162922883,9.557875232121441e-05
0.19829753454057353,7.866641194169558e-05,0.0,0.00017259515164617231,5.5474954640175495e-05
0.19899197898501797,7.908305173046045e-05,0.0,0.00013336554885888554,1.5499661190353646e-05
0.19905813617191043,7.91241050524294e-05,0.0,0.00012963626962256291,1.1697958311553266e-05
0.1991242933588029,7.916539316297527e-05,0.0,0.0001259085703747693,7.897281846505635e-06
0.19919045054569537,7.920692013819403e-05,0.0,0.00012218250384601767,4.097651831010989e-06
0.19920969713613404,7.921905097019626e-05,0.0,0.00012109887705576133,2.992458619529185e-06
0.1992289437265727,7.923120192455661e-05,0.0,0.00012001535496507156,1.8873671738356183e-06
0.19924819031701135,7.924337270526994e-05,0.0,0.00011893193762144024,7.823752000346328e-07
0.19925888251650867,7.925014273834209e-05,0.0,0.00011833010813711768,1.6855307187301378e-07
0.19926543462160076,7.925451479996383e-05,0.0,0.00011796595251554353,0.0
0.19927505056832404,7.926172218259382e-05,0.0,0.0001174468233202052,0.0
0.19928466651504728,7.927014089018265e-05,0.0,0.00011694878440118693,0.0
0.19929428246177056,7.927968509767276e-05,0.0,0.00011646649591123969,0.0
0.19931194124601911,7.929990377211411e-05,0.0,0.00011560962428934607,0.0
0.19932960003026765,7.93231874562564e-05,0.0,0.00011477294491062291,0.0
0.1993472588145162,7.934916317171155e-05,0.0,0.00011394874722480921,0.0
0.19936491759876476,7.937749565835183e-05,0.0,0.00011313258415755821,0.0
0.19938349687596707,7.940950404673104e-05,0.0,0.00011227775371337455,0.0
0.19940207615316938,7.944350981427206e-05,0.0,0.00011142503018641057,0.0
0.19942065543037168,7.947925600202623e-05,0.0,0.00011057309632085044,0.0
0.1994344819334813,7.950685938532506e-05,0.0,0.00010993912412178657,0.0
0.1994483084365909,7.95352216435356e-05,0.0,0.00010930500175152534,0.0
0.1994621349397005,7.956427135320611e-05,0.0,0.00010867067366991392,0.0
0.19948349557422793,7.961034545458248e-05,0.0,0.00010769016044898025,0.0
0.19950485620875538,7.965770430970813e-05,0.0,0.00010670888622836583,0.0
0.1995262168432828,7.970617087382991e-05,0.0,0.00010572677814925843,0.0
0.1995949738064169,7.98679554533914e-05,0.0,0.00010255987134537589,0.0
0.199663730769551,8.00364733904469e-05,0.0,9.938454489939635e-05,0.0
0.19973248773268507,8.020927985679788e-05,0.0,9.620115015524411e-05,0.0
0.19975825859410368,8.027486362165794e-05,0.0,9.500644338747895e-05,0.0
0.19978402945552226,8.034076615400548e-05,0.0,9.381152821706792e-05,0.0
0.19980980031694087,8.040701297425174e-05,0.0,9.261538014875074e-05,0.0
0.19983557117835946,8.047356453259083e-05,0.0,9.141792931068241e-05,0.0
0.19985380405312456,8.052081562094579e-05,0.0,9.057034368619278e-05,0.0
0.19987203692788966,8.056819537439385e-05,0.0,8.972243509412173e-05,0.0
0.19989026980265476,8.061569588347186e-05,0.0,8.887412013170908e-05,0.0
0.19992069190211678,8.069520016969924e-05,0.0,8.74578170613159e-05,0.0
0.1999511140015788,8.077499348452823e-05,0.0,8.604052470036891e-05,0.0
0.19998153610104086,8.085505164164388e-05,0.0,8.462231676810906e-05,0.0
0.20010110395561528,8.117195853709867e-05,0.0,7.904110327063602e-05,0.0
0.2001309959192589,8.125165467194456e-05,0.0,7.764384124082413e-05,0.0
0.20016088788290254,8.133152601341272e-05,0.0,7.62450519787657e-05,0.0
0.20016836087381343,8.135152001403503e-05,0.0,7.589532806324458e-05,0.0
0.20017583386472435,8.1371524181503e-05,0.0,7.55456829476881e-05,0.0
0.20017732846290653,8.13755262270577e-05,0.0,7.547574722746738e-05,0.0
0.2001788230610887,8.138059222103737e-05,1.5218897759804167e-07,7.540868401748655e-05,0.0
0.20018031765927088,8.138955901017663e-05,5.596866585249155e-07,7.535207159720858e-05,0.0
0.20018250048670497,8.141207419383558e-05,1.1254767464030509e-06,7.529405609288689e-05,0.0
0.20018468331413902,8.144594296041178e-05,1.6566560492611221e-06,7.526444846874748e-05,0.0
0.20018686614157308,8.14898116134627e-05,2.1583902795361887e-06,7.52582906425431e-05,0.0
0.20018904896900716,8.154293402709701e-05,2.6336911176797682e-06,7.527254958998976e-05,0.0
0.2001955378687193,8.174932331811904e-05,3.91472531370073e-06,7.5411409945673e-05,0.0
0.20020202676843143,8.20169687480867e-05,5.041509621570522e-06,7.56521391421869e-05,0.0
0.20020851566814357,8.233472789877552e-05,6.054103352409166e-06,7.59563089927172e-05,0.0
0.2002150045678557,8.269409807268806e-05,6.9807789293843415e-06,7.629781502441405e-05,0.0
0.2002240522003312,8.32523319863157e-05,8.166772331812675e-06,7.680358290020318e-05,0.0
0.20023309983280668,8.386460711911173e-05,9.263359724168875e-06,7.731592916967358e-05,0.0
0.20024214746528216,8.452075382345316e-05,1.029366023930093e-05,7.781874348195134e-05,0.0
0.20025119509775763,8.521278754993909e-05,1.127317120699415e-05,7.830318050487924e-05,0.0
0.2002613938296381,8.602729413618564e-05,1.2330466226231608e-05,7.882151583277639e-05,0.0
0.20027159256151852,8.687208687229524e-05,1.3346303642842802e-05,7.930922074087897e-05,0.0
0.200281791293399,8.77409803384518e-05,1.4328184953671992e-05,7.976608766354286e-05,0.0
0.2002946560053377,8.886338129458143e-05,1.5526330019830738e-05,8.030073074168389e-05,0.0
0.2003075207172764,9.000793753812188e-05,1.66855274982602e-05,8.079294396105052e-05,0.0
0.2003203854292151,9.116785496836869e-05,1.781117195608846e-05,8.124723846589038e-05,0.0
0.20034425411079967,9.334426630178716e-05,1.9823019527724723e-05,8.200272666081237e-05,0.0
0.20036812279238425,9.552650916918603e-05,2.1754711561341362e-05,8.266680314396801e-05,0.0
0.20039199147396883,9.769772079158389e-05,2.3618981523044878e-05,8.325766943482255e-05,0.0
0.2004158601555534,9.984628536581063e-05,2.5425090930291672e-05,8.379032859398756e-05,0.0
0.20042826139486636,0.00010095050000055906,2.6344114398447167e-05,8.404728550231694e-05,0.0
0.20044066263417934,0.00010204537380336858,2.7251612126129946e-05,8.429162217200194e-05,0.0
0.2004530638734923,0.00010313035147854046,2.8148047118686576e-05,8.452483856243912e-05,0.0
0.200465238490916,0.00010418546745629585,2.9017890290943432e-05,8.474405451860456e-05,0.0
0.20047741310833972,0.00010523032364279637,2.9878293009341295e-05,8.495434919980827e-05,0.0
0.20048958772576342,0.00010626470674070998,3.072986526196106e-05,8.515634153477034e-05,0.0
0.2005328670401064,0.00010985613721966457,3.369232209945581e-05,8.581454765719291e-05,0.0
0.20057614635444937,0.00011331406114351062,3.656885231090004e-05,8.639523846060357e-05,0.0
0.20058696618303512,0.00011415852726863277,3.727572637067881e-05,8.653041002045334e-05,0.0
0.20059778601162084,0.00011499557243096854,3.797736098440733e-05,8.666239944661995e-05,0.0
0.2006086058402066,0.00011582491864288878,3.8675077001251293e-05,8.679039861571848e-05,0.0
0.20061942566879234,0.00011664674994798192,3.936895560285207e-05,8.691460250917221e-05,0.0
0.20062933218478812,0.00011739282802773954,4.000071398172615e-05,8.702545447504712e-05,0.0
0.20063923870078393,0.00011813291118887026,4.062922655182137e-05,8.713360523831726e-05,0.0
0.2006491452167797,0.00011886711626390783,4.125462371926709e-05,8.723911299844549e-05,0.0
0.20066497386809742,0.00012002837497378886,4.224762993865192e-05,8.740248039621344e-05,0.0
0.20068080251941514,0.00012117546944565092,4.323320041261352e-05,8.755973352259738e-05,0.0
0.20069663117073286,0.00012230890854985962,4.4211660601524574e-05,8.77111892524417e-05,0.0
0.20075925461470978,0.00012666837414613533,4.801839173145196e-05,8.825851565114922e-05,0.0
0.2008218780586867,0.00013085170846593855,5.173484022525841e-05,8.87353148329776e-05,0.0
0.2008375339196809,0.00013187313833784624,5.2651975292747145e-05,8.884430291221679e-05,0.0
0.20085318978067512,0.00013288546684230886,5.3565560315993696e-05,8.894844678166993e-05,0.0
0.20086884564166932,0.00013388927432383843,5.447424009507405e-05,8.904972638210978e-05,0.0
0.20088450150266354,0.00013488497658471996,5.537792691172011e-05,8.914854697411245e-05,0.0
0.20089433564263626,0.00013550632443104738,5.5943665003632316e-05,8.920881107082905e-05,0.0
0.20090416978260897,0.00013612459955681975,5.6507993250699915e-05,8.926769718944371e-05,0.0
0.20091400392258169,0.00013673991622010505,5.707077868569372e-05,8.932542164557097e-05,0.0
0.20092147996609108,0.00013720575575430625,5.7497600038318344e-05,8.93685511902437e-05,0.0
0.20092895600960048,0.00013766996163602663,5.792357980667999e-05,8.941102682788377e-05,0.0
0.2009364320531099,0.00013813256567312012,5.8348738836965015e-05,8.945285584171293e-05,0.0
0.20096415991275543,0.0001398349732473892,5.9918751006543816e-05,8.960259892210909e-05,0.0
0.20099188777240098,0.00014151733615904734,6.147841552736123e-05,8.974422915618048e-05,0.0
0.20101961563204654,0.0001431811116122256,6.302847070710113e-05,8.987827318510188e-05,0.0
0.2010646003602829,0.00014584458155778734,6.55243379810786e-05,9.008128155199397e-05,0.0
0.20107584654234195,0.00014650385563476012,6.614503568807187e-05,9.012915691527733e-05,0.0
0.20108709272440103,0.00014716066237420005,6.676468522804518e-05,9.017578407787397e-05,0.0
0.20109833890646012,0.00014781513668183938,6.73830083277282e-05,9.022152906595725e-05,0.0
0.20110729558469093,0.00014833475477090088,6.787450580474712e-05,9.025737039053393e-05,0.0
0.20111625226292176,0.00014885296865536235,6.836523078093709e-05,9.029265163279522e-05,0.0
0.20112520894115257,0.00014936980893272424,6.885521972203072e-05,9.032736488299019e-05,0.0
0.20114294779030875,0.00015038951053921985,6.98235579913198e-05,9.03944865101099e-05,0.0
0.20116068663946496,0.00015140420390241842,7.078921129042604e-05,9.045951152444347e-05,0.0
0.20117842548862114,0.00015241412774235293,7.175230985853362e-05,9.052252001109142e-05,0.0
0.2012428112903908,0.00015604296580071065,7.522829649864709e-05,9.07354049803956e-05,0.0
0.20125890774083321,0.00015694206301040072,7.609287675224631e-05,9.078513448174753e-05,0.0
0.20127500419127567,0.00015783819558624172,7.695570147492471e-05,9.08336939061068e-05,0.0
0.2012911006417181,0.00015873146885999446,7.781698975251736e-05,9.0880973883436e-05,0.0
0.20132329354260292,0.0001605099423585285,7.953513665449827e-05,9.097196086229857e-05,0.0
0.20135548644348775,0.00016227842939727863,8.12478030850171e-05,9.105845958367161e-05,0.0
0.20138767934437257,0.00016403782026921658,8.295533873511238e-05,9.114091448827602e-05,0.0
0.2014198722452574,0.00016578891847143703,8.465811264720072e-05,9.121968241731692e-05,0.0
0.2014971000568937,0.00016995983464905792,8.872562860935743e-05,9.139516078284829e-05,0.0
0.20157432786852997,0.00017409562131317745,9.277231022173263e-05,9.155446332991103e-05,0.0
0.20165155568016627,0.00017820341128296682,9.680189485414118e-05,9.170053554237285e-05,0.0
0.20172878349180257,0.00018228889935686655,0.00010081739001397003,9.183580389425378e-05,0.0
0.20183865348420615,0.00018807159603204625,0.00010651058559473276,9.201348158649899e-05,0.0
0.20194852347660974,0.00019382869726018676,0.0001121859191198649,9.217787915529256e-05,0.0
0.2020583934690133,0.00019956695891613585,0.00011784723231168206,9.233222190450765e-05,0.0
0.2021682634614169,0.0002052914451287547,0.00012349760076510975,9.247890424306297e-05,0.0
0.20227813345382048,0.00021100611524584547,0.00012913934055946812,9.261998843520531e-05,0.0
0.20242851294788997,0.0002188171652568689,0.0001368507910041715,9.280653758837129e-05,0.0
0.20257889244195942,0.00022662040595480335,0.000144553136011293,9.29880893566039e-05,0.0
0.2027292719360289,0.00023441885744332244,0.00015224860143989293,9.316651744198e-05,0.0
0.2028796514300984,0.00024221430585222298,0.00015993872437247093,9.334303445561816e-05,0.0
0.20303003092416788,0.0002500078651752899,0.00016762457606986377,9.351849721589502e-05,0.0
0.20323158809194905,0.0002604520191278419,0.0001779207206787516,9.375309727057612e-05,0.0
0.20343314525973022,0.000270894903252533,0.0001882117552884506,9.398787719088187e-05,0.0
0.2036347024275114,0.0002813368563004409,0.00019849844254543982,9.422341458501336e-05,0.0
0.20383625959529256,0.0002917780229825107,0.00020878131256551688,9.446008219505405e-05,0.0
0.20403781676307373,0.0003022184860074732,0.00021906075763848524,9.469814118752881e-05,0.0
0.204282126374447,0.0003148726266491048,0.00023151642966456532,9.498882662446051e-05,0.0
0.2045264359858203,0.00032752589879942026,0.000243967939306824,9.528204548031777e-05,0.0
0.20477074559719358,0.00034017840193617023,0.00025641563631929545,9.557794655545206e-05,0.0
0.20501505520856686,0.00035283027729010493,0.00026885984186016674,9.587664159509483e-05,0.0
0.20525936481994014,0.0003654817037942675,0.0002813008517694265,9.61782335258576e-05,0.0
0.20560601442719167,0.0003834323610791995,0.000298948411284421,9.661128056033648e-05,0.0
0.20595266403444323,0.0004013831108857956,0.0003165908745550145,9.705050014902758e-05,0.0
0.2062993136416948,0.00041933456251026357,0.00033422896205236485,9.749602789894772e-05,0.0
0.20664596324894632,0.00043728732413489337,0.0003518633631918072,9.79479693428365e-05,0.0
0.20699261285619788,0.0004552419988151911,0.000369494744120639,9.840640756549361e-05,0.0
0.2075367993950454,0.000483433355399087,0.0003971687528107746,9.913933640869912e-05,0.0
0.2080809859338929,0.0005116331329072925,0.00042483932400618797,9.988857845864331e-05,0.0
0.20862517247274043,0.0005398435101150691,0.0004525087922607276,0.0001006541963302275,0.0
0.20916935901158792,0.0005680666103998127,0.0004801794269546888,0.00010143619408036188,0.0
0.20971354555043545,0.0005963045179779559,0.0005078534627307149,0.00010223451819176986,0.0
0.21040798999487986,0.0006323641021980247,0.0005431771039999782,0.00010327687611577473,0.0
0.2111024344393243,0.0006684553879008205,0.0005785144766932483,0.00010434531322222797,0.0
0.21179687888376875,0.0007045826198501056,0.0006138699994618814,0.00010543958144493788,0.0
0.2124913233282132,0.0007407499650313886,0.000649248400940005,0.00010655902135670664,0.0
0.21318576777265763,0.0007769617710538966,0.0006846538599908823,0.00010770355642205726,0.0
0.21388021221710204,0.0008132220823456158,0.0007200915182899002,0.00010887207609200886,0.0
0.2145746566615465,0.0008495356213109291,0.0007555651378548677,0.00011006484021824922,0.0
0.21526910110599093,0.0008859059223160495,0.000791080696542517,0.00011128019530662179,0.0
0.21596354555043537,0.0009223389323823399,0.0008266408725480861,0.00011251879899908381,0.0
0.2166579899948798,0.0009588374262859431,0.0008622526296194115,0.00011377883300162664,0.0
0.21735243443932423,0.0009954058219950029,0.0008979202335098932,0.00011506031344675241,0.0
0.21804687888376867,0.0010320500061845018,0.0009336473140899324,0.00011636273109898216,0.0
0.2187413233282131,0.0010687741720082954,0.0009694398843569614,0.00011768475431168361,0.0
0.21943576777265755,0.0011055825657741104,0.0010053030061327143,0.00011902598886771523,0.0
0.220130212217102,0.001142479466179615,0.0010412411352180681,0.00012038679121095806,0.0
0.22082465666154644,0.0011794700762152062,0.0010772596454032722,0.0001217653156425964,0.0
0.22151910110599085,0.001216559209289481,0.0011133634756608612,0.00012316117547065135,0.0
0.2222135455504353,0.001253751393980641,0.001149557741186086,0.00012457401698233198,0.0
0.22290798999487973,0.0012910513178120834,0.0011858476515120276,0.0001260030500889336,0.0
0.22360243443932418,0.001328463756670175,0.0012222383082379745,0.00012744760643149523,0.0
0.22429687888376862,0.0013659934635537959,0.0012587347426467313,0.00012890721259843776,0.0
0.22499132332821303,0.001403645151288063,0.0012953421244952963,0.00013038123936162717,0.0
0.22568576777265748,0.0014414235288419967,0.0013320656872808736,0.00013186895222838432,0.0
0.22638021221710192,0.0014793333195752803,0.0013689104856495515,0.0001333698128141842,0.0
0.22707465666154636,0.001517379213256716,0.00140588148665644,0.0001348833710338731,0.0
0.2277691011059908,0.0015555658318503977,0.001442983844824208,0.00013640893441288425,0.0
0.22846354555043522,0.0015938977794693395,0.0014802227769075771,0.00013794571205743197,0.0
0.22915798999487966,0.0016323796792418728,0.0015176031782463085,0.0001394932518417056,0.0
0.2298524344393241,0.0016710160951713719,0.0015551297405304281,0.0001410512842315872,0.0
0.23054687888376854,0.0017098114536261326,0.0015928075145982682,0.0001426190654096598,0.0
0.23124132332821298,0.001748770132604431,0.001630641851061762,0.00014419546378620238,0.0
0.2319357677726574,0.0017878965993534338,0.0016686375023692056,0.0001457799986021512,0.0
0.23263021221710184,0.0018271953033177637,0.0017067984094618605,0.00014737304286429026,0.0
0.23332465666154628,0.0018666703968485921,0.0017451290815314532,0.00014897419779897695,0.0
0.23401910110599072,0.0019063257847195204,0.0017836355386607937,0.00015058125407649612,0.0
0.23471354555043517,0.0019461657423027862,0.0018223227362211788,0.00015219322996371684,0.0
0.23540798999487958,0.0019861946933154447,0.0018611935369550019,0.00015381150061030823,0.0
0.23610243443932402,0.0020264162247393028,0.0019002526895728598,0.0001554350367089963,0.0
0.23679687888376846,0.0020668341313014728,0.0019395049344500983,0.00015706266381865458,0.0
0.2374913233282129,0.0021074523487395495,0.0019789543811041567,0.00015869400848787232,0.0
0.23818576777265735,0.002148274579772457,0.002018605133004755,0.00016032860564728905,0.0
0.23888021221710176,0.0021893043355325466,0.0020584614575110964,0.0001619655978762681,0.0
0.2395746566615462,0.0022305451204430123,0.0020985273472824036,0.00016360433399984127,0.0
0.24026910110599065,0.002272000370346119,0.00213880650652044,0.00016524441672700847,0.0
0.2409635455504351,0.0023136733299200392,0.0021793027374881,0.0001668851971863979,0.0
0.24165798999487953,0.002355567124142918,0.002220019894966567,0.00016852582146371995,0.0
0.24235243443932397,0.002397684850492824,0.0022609614981582544,0.0001701657136372707,0.0
0.24304687888376839,0.0024400294830547765,0.0023021307922359343,0.00017180448307964848,0.0
0.24374132332821283,0.0024826037688140345,0.0023435311681755384,0.00017344139683032263,0.0
0.24443576777265727,0.002525410332406922,0.0023851660930449517,0.00017507548352785538,0.0
0.2451302122171017,0.0025684517982226345,0.002427038591071132,0.00017670617376857318,0.0
0.24582465666154615,0.0026117306618269305,0.002469151267614693,0.00017833323187019674,0.0
0.24651910110599057,0.0026552491057156395,0.0025115069717821744,0.00017995592298363026,0.0
0.247213545550435,0.0026990091286536524,0.0025541088756016283,0.00018157295722594018,0.0
0.24790798999487945,0.0027430128159271544,0.0025969595819416652,0.00018318360867292381,0.0
0.2486024344393239,0.0027872622252165897,0.002640060754520132,0.0001847881010072891,0.0
0.24929687888376834,0.002831758768118449,0.0026834149531567695,0.0001863853197240984,0.0
0.24999132332821275,0.002876503961704503,0.0027270243761700207,0.00018797436082783575,0.0
0.2506857677726572,0.002921499243932675,0.002770890861046127,0.00018955466352919286,0.0
0.2513802122171016,0.0029667457825784524,0.0028150161838100935,0.00019112552597571377,0.0
0.25207465666154605,0.003012244556871811,0.0028594019835326587,0.00019268615223693673,0.0
0.2527691011059905,0.0030579964072213347,0.0029040496557258652,0.00019423583375980364,0.0
0.25346354555043493,0.0031040019856873225,0.002948960421202289,0.0001957738681006289,0.0
0.2541579899948794,0.0031502617405108216,0.0029941353650034114,0.00019729948549537994,0.0
0.2548524344393238,0.0031967759404318715,0.0030395753735059042,0.0001988119220965125,0.0
0.25554687888376826,0.0032435446662385558,0.0030852811113139347,0.00020031044816447893,0.0
0.2562413233282127,0.00329056777868882,0.0031312530257292374,0.00020179434663489544,0.0
0.25693576777265714,0.00333784489545042,0.003177491544816861,0.00020326266058233507,0.0
0.2576302122171016,0.0033853755030367645,0.003223996840520897,0.00020471452656692905,0.0
0.258324656661546,0.003433159013133578,0.003270768408771175,0.00020614968257023157,0.0
0.2590191011059904,0.0034811943899726856,0.003317805721032356,0.00020756754787509173,0.0
0.25971354555043485,0.003529480027512629,0.00336510900420105,0.00020896624967668557,0.0
0.2604079899948793,0.003578014626668223,0.0034126777975343235,0.00021034460484608753,0.0
0.26110243443932374,0.0036267973665248896,0.003460509520134727,0.00021170394901589095,0.0
0.2617968788837682,0.0036758260354075307,0.003508602391326479,0.000213044138397337,0.0
0.2624913233282126,0.0037250967017589467,0.003556958477149322,0.00021435952861668763,0.0
0.26318576777265706,0.0037746090096991355,0.003605573840542139,0.00021565213865320455,0.0
0.2638802122171015,0.003824360341203785,0.003654445777373946,0.00021692276187760092,0.0
0.26457465666154595,0.003874346780151715,0.003703573112322248,0.0002181687516389633,0.0
0.2652691011059904,0.003924565447184886,0.003752953204401404,0.00021938909203510652,0.0
0.2659635455504348,0.003975013330456114,0.0038025828687211073,0.00022058391777549267,0.0
0.2666579899948792,0.004025686484929251,0.0038524595951678997,0.0002217517213156852,0.0
0.26735243443932366,0.004076581004510223,0.0039025799477226115,0.00022289206233054947,0.0
0.2680468788837681,0.004127692433203854,0.003952940606310121,0.00022400349145417045,0.0
0.26874132332821254,0.00417901656246297,0.004003537337726096,0.00022508577933992702,0.0
0.269435767772657,0.004230548390573395,0.004054366347719313,0.00022613751267727762,0.0
0.27013021221710143,0.004282283099939248,0.004105422951553823,0.00022715838538474612,0.0
0.27082465666154587,0.00433421501773813,0.004156702815116136,0.00022814698627636232,0.0
0.2715191011059903,0.004386338783719249,0.004208200605600821,0.0002291029659400799,0.0
0.27221354555043475,0.00443864808830333,0.004259911422855112,0.00023002493495085448,0.0
0.27290798999487914,0.004491137070834887,0.004311829281147949,0.00023091250158194612,0.0
0.2736024344393236,0.00454379870854403,0.004363948760285724,0.00023176434379575553,0.0
0.274296878883768,0.00459662668607174,0.004416263136300094,0.00023258001058028694,0.0
0.27499132332821247,0.004649613133358725,0.004468766556359197,0.0002333582497703926,0.0
0.2756857677726569,0.004702751438039464,0.004521451411945456,0.00023409849429626315,0.0
0.27638021221710135,0.004756032905463586,0.004574311435410919,0.00023479957604256567,0.0
0.2770746566615458,0.004809449831826066,0.00462733872451129,0.00023546082618511335,0.0
0.27776910110599023,0.004862993889476289,0.004680525401063863,0.00023608140640003335,0.0
0.2784635455504347,0.0049166561784343655,0.004733863548218137,0.0002366603483357956,0.0
0.2791579899948791,0.004970427623788998,0.004787344762854377,0.0002371967949920349,0.0
0.27985243443932356,0.00502429886061869,0.004840960266765177,0.00023768991642970742,0.0
0.28054687888376795,0.005078260162343855,0.00489470100043125,0.0002381388398576447,0.0
0.2812413233282124,0.005132301483019536,0.004948557578667151,0.00023854270219503,0.0
0.28193576777265683,0.005186412465939126,0.00500252027286892,0.0002389006655683972,0.0
0.2826302122171013,0.0052405824280364315,0.005056579027461015,0.000239211892274033,0.0
0.2833246566615457,0.005294800360908378,0.005110723461539678,0.00023947554368282208,0.0
0.28401910110599016,0.00534905492560791,0.005164942826206947,0.00023969083038540386,0.0
0.2847135455504346,0.005403334437096848,0.005219226156769158,0.00023985680949013499,0.0
0.28540798999487904,0.005457626963637755,0.005273562138531403,0.00023997262714696438,0.0
0.2861024344393235,0.005511920361162746,0.005327938879413401,0.00024003780370080005,0.0
0.2867968788837679,0.005566201965230569,0.005382344310284866,0.00024005157963478564,0.0
0.2874913233282123,0.005620458606465099,0.005436766407063558,0.0002400126564414728,0.0
0.28818576777265675,0.005674677217005517,0.00549119244666746,0.00023992035183561573,0.0
0.2888802122171012,0.005728844618023716,0.005545608983289242,0.00023977462076454664,0.0
0.28957465666154564,0.0057829466188218945,0.005600002993568709,0.00023957434893106231,0.0
0.2902691011059901,0.005836968826851869,0.005654361260181149,0.00023931811156643494,0.0
0.2909635455504345,0.005890897274200406,0.005708669412244293,0.00023900585102977034,0.0
0.29165798999487896,0.005944717216024025,0.005762913189654132,0.00023863706505757243,0.0
0.2923524344393234,0.00599841360237297,0.00581707809370333,0.0002382108721661001,0.0
0.29304687888376785,0.006051970893660681,0.005871149557363853,0.00023772634633683734,0.0
0.2937413233282123,0.006105373762479684,0.005925112241743083,0.0002371829317469008,0.0
0.2944357677726567,0.006158606232230781,0.005978950854594726,0.0002365801323015101,0.0
0.2951302122171011,0.006211652547667661,0.006032649405648082,0.00023591742353779363,0.0
0.29582465666154556,0.006264495928502645,0.00608619234933286,0.00023519412561013952,0.0
0.29651910110599,0.006317120314812706,0.0061395630011110884,0.0002344096644381107,0.0
0.29721354555043444,0.00636950816410313,0.006192745523231694,0.0002335634756752091,0.0
0.2979079899948789,0.006421643400660974,0.00624572231562216,0.00023265506319996974,0.0
0.2986024344393233,0.006473507451686015,0.006298477554423632,0.00023168396783582358,0.0
0.29929687888376777,0.006525084595996528,0.006350992486813615,0.00023064962978004897,0.0
0.2999913233282122,0.006576354741397444,0.006403251790515436,0.00022955178231389304,0.0
0.30068576777265665,0.006627302355556676,0.006455235755929889,0.00022838982315874604,0.0
0.3013802122171011,0.006677907874252743,0.006506927868104975,0.00022716348634394695,0.0
0.3020746566615455,0.006728155231654428,0.006558308240397962,0.00022587209938758994,0.0
0.3027691011059899,0.006778022112736295,0.00660936203005238,0.00022451595659666286,0.0
0.30346354555043437,0.006827493571192161,0.006660067695944157,0.00022309423636394474,0.0
0.3041579899948788,0.006876550046048487,0.006710407514630893,0.00022160665383347912,0.0
0.30485243443932325,0.006925171849106664,0.006760363553329056,0.0002200532359891288,0.0
0.3055468788837677,0.006973340547715471,0.0068099165458746546,0.00021843373105397717,0.0
0.30624132332821213,0.0070210372990051305,0.006859047401170569,0.0002167478731254834,0.0
0.3069357677726566,0.007068242930756083,0.00690773714103696,0.00021499552652614476,0.0
0.307630212217101,0.007114938284578451,0.00695596661388251,0.00021317660939779943,0.0
0.30832465666154546,0.007161104181793302,0.007003716554028666,0.00021129104418592652,0.0
0.30901910110598985,0.007206721384594929,0.0070509676459994865,0.0002093387816082226,0.0
0.3097135455504343,0.007251770625346816,0.007097700526488144,0.00020731981839131449,0.0
0.31040798999487873,0.007296232630754926,0.007143895791106906,0.0002052341901364426,0.0
0.31110243443932317,0.00734008813416167,0.007189534012157584,0.00020308196623238778,0.0
0.3117968788837676,0.007383317889744292,0.007234595755080655,0.00020086325264442173,0.0
0.31249132332821206,0.007425902688968519,0.007279061593713056,0.00019857819403209682,0.0
0.3131857677726565,0.007467823376916356,0.007322912126273367,0.00019622697359246286,0.0
0.31388021221710094,0.007509060880552393,0.0073661279807679305,0.00019380982460105064,0.0
0.3145746566615454,0.007549596177011099,0.007408689876887212,0.00019132698855055263,0.0
0.3152691011059898,0.007589410366106882,0.0074505785884838955,0.00018877875731475609,0.0
0.3159635455504342,0.0076284847176156766,0.007491774928061825,0.00018616550898731298,0.0
0.31665798999487865,0.007666800571465098,0.0075322598790987984,0.00018348761517923869,0.0
0.3173524344393231,0.007704339388808032,0.00757201458668549,0.00018074544543592117,0.0
0.31804687888376754,0.007741082923583417,0.007611020208912169,0.00017793952012412813,0.0
0.318741323328212,0.007777013015243048,0.007649258158769622,0.00017507032335296213,0.0
0.3194357677726565,0.007812111730331172,0.007686710011776142,0.00017213838274350232,0.0
0.3201302122171009,0.00784636137859194,0.007723357518007856,0.00016914428926792266,0.0
0.3208246566615454,0.007879744497386305,0.007759182643182018,0.00016608867033779824,0.0
0.32151910110598986,0.007912243873501432,0.007794167580935158,0.0001629721880702132,0.0
0.32221354555043435,0.007943842566965259,0.007828294765975482,0.000159795546275345,0.0
0.3229079899948788,0.007974523927333754,0.007861546893376191,0.00015655949030371656,0.0
0.3236024344393233,0.008004271609373104,0.007893906936167143,0.0001532648055919355,0.0
0.32429687888376774,0.00803306958917672,0.007925358161254753,0.00014991231761937184,0.0
0.32499132332821223,0.008060902208545434,0.00795588415031333,0.0001465028863210193,0.0
0.3256857677726567,0.00808775411772586,0.007985468814904742,0.00014303744444105215,0.0
0.3263802122171012,0.008113610319987244,0.008014096383470982,0.00013951693928592075,0.0
0.32707465666154567,0.008138456238048385,0.008041751447384225,0.00013594228464293488,0.0
0.3277691011059901,0.008162277693726391,0.008068419014806039,0.00013231450168731506,0.0
0.3284635455504346,0.008185060936192283,0.00809408445453861,0.00012863474290527216,0.0
0.32915798999487905,0.008206792655202976,0.00811873350130002,0.00012490407951276083,0.0
0.32985243443932355,0.008227459910526036,0.00814235237569093,0.00012112354584866371,0.0
0.330546878883768,0.008247050226471238,0.008164927732271324,0.00011729437994285212,0.0
0.3312413233282125,0.00826555170914475,0.008186446574871747,0.00011341786082867093,0.0
0.33193576777265693,0.00828295284865806,0.008206896458633648,0.0001094950959700066,0.0
0.33263021221710143,0.008299242611623884,0.00822626541009474,0.00010552737838562339,0.0
0.33332465666154587,0.008314410516928078,0.008244541898285856,0.00010151602868066899,0.0
0.33401910110599037,0.008328446570290091,0.008261714897494908,9.746244902731596e-05,0.0
0.3347135455504348,0.008341341343797224,0.008277773890364395,9.336794331973366e-05,0.0
0.3354079899948793,0.00835308591704629,0.008292708921723246,8.923391968110147e-05,0.0
0.3361024344393238,0.008363671964021598,0.00830651051907474,8.506174643634191e-05,0.0
0.33679687888376825,0.00837309163231783,0.00831916979176665,8.085294971488306e-05,0.0
0.33749132332821274,0.008381337718760278,0.008330678323098079,7.66089466213393e-05,0.0
0.3381857677726572,0.008388403470569345,0.008341028350601172,7.233131814390611e-05,0.0
0.3388802122171017,0.008394282879838007,0.008350212547685035,6.802149639257508e-05,0.0
0.3395746566615461,0.008398970306572986,0.008358224335648336,6.36811375913228e-05,0.0
0.3402691011059906,0.008402460992872961,0.00836505747532948,5.9311692650221726e-05,0.0
0.34096354555043507,0.00840475037910326,0.008370706635337915,5.4914897902553955e-05,0.0
0.34165798999487956,0.008405835038057974,0.008375166632831204,5.04921980233501e-05,0.0
0.342352434439324,0.008405711420441836,0.008378433478054111,4.604541783474644e-05,0.0
0.3430468788837685,0.008404377567663813,0.008380502959882958,4.157597232825506e-05,0.0
0.343741323328213,0.008401831084505311,0.008381372355001408,3.7085736985413236e-05,0.0
0.34443576777265744,0.008398070778046827,0.008381039003418612,3.2576233692217387e-05,0.0
0.34513021221710194,0.008393095756262244,0.008379501115876108,2.8049348537833792e-05,0.0
0.3458246566615464,0.0083869064473489,0.0083767569612263,2.3506567380598286e-05,0.0
0.3465191011059909,0.008379503036395914,0.008372806102335522,1.8949626730587516e-05,0.0
0.3472135455504353,0.008370886587451736,0.008367648450080013,1.4380312649829326e-05,0.0
0.3479079899948798,0.008361058910621486,0.008361284408732678,9.800329733714389e-06,0.0
0.34860243443932426,0.00835002233365085,0.008353715069549619,5.2113839546854654e-06,0.0
0.34929687888376876,0.008337779768601655,0.008344942136419764,6.15210982096163e-07,0.0
0.349298187765611,0.00833775559326238,0.008344924449013144,6.06560676500457e-07,0.0
0.3493008055292955,0.00833770729532549,0.00834488903174058,5.892942997758932e-07,0.0
0.3493034232929799,0.008337658975127536,0.008344853601903306,5.720255630654315e-07,0.0
0.3493120950738332,0.008337498313456738,0.008344736340866736,5.145765638547919e-07,0.0
0.3493207668546865,0.008337337470648562,0.00834461888688022,4.5712883169311897e-07,0.0
0.3493294386355397,0.008337176444990648,0.008344501241456716,3.996818827668242e-07,0.0
0.34935800430556657,0.008336644711701275,0.008344112364533217,2.1044671677419064e-07,0.0
0.3493865699755935,0.008336110967643038,0.008343721434077621,2.1214266761663123e-08,0.0
0.3494151356456203,0.008335575202124428,0.008343328460018336,-2.4440782125657627e-07,0.0
0.34945510814231034,0.008334822098443308,0.008342775157284257,-6.288771466970774e-07,0.0
0.34949508063900037,0.008334065024422082,0.008342217900468112,-1.011829728469933e-06,0.0
0.34953505313569044,0.008333303990814493,0.00834165671370672,-1.3926813608582777e-06,0.0
0.3495917925260677,0.008332216979149324,0.008340853460643616,-1.9291434458717212e-06,0.0
0.34964853191644496,0.008331122060853008,0.008340042441185015,-2.4604673864234915e-06,0.0
0.3497052713068223,0.008330019312254864,0.008339223717617245,-2.9865651654854592e-06,0.0
0.3498860957232376,0.008326452826559527,0.008336563713522267,-4.627837033075374e-06,0.0
0.34993130182734145,0.008325549263237666,0.008335886789922977,-5.0307848765986185e-06,0.0
0.3499765079314453,0.008324641155662975,0.00833520498180644,-5.432056055930207e-06,0.0
0.3500217140355491,0.008323728137803152,0.008334518573455244,-5.830051523456977e-06,0.0
0.35006692013965296,0.008322810193473924,0.008333827616912586,-6.224926637866538e-06,0.0
0.35010831481958116,0.008321965554968672,0.008333190794930202,-6.58427207730324e-06,0.0
0.3501497094995093,0.00832111699750632,0.00833255003747764,-6.9414478004335605e-06,0.0
0.3501911041794375,0.008320264477204157,0.008331905400987397,-7.296490841437073e-06,0.0
0.35025880233523105,0.008318861732573126,0.008330842861425368,-7.872756042076604e-06,0.0
0.3503265004910246,0.008317448435370365,0.008329770016947022,-8.443755532816784e-06,0.0
0.35039419864681814,0.008316024700787128,0.008328686828574749,-9.00982161342317e-06,0.0
0.35047543697950656,0.008314302510876373,0.008327373380189098,-9.682893956942432e-06,0.0
0.3505566753121949,0.008312565293328699,0.008326045146048197,-1.0349430703462538e-05,0.0
0.3506379136448833,0.008310813058284655,0.008324702164100318,-1.1009900319038381e-05,0.0
0.3507055523003319,0.00830934281919118,0.008323572632157921,-1.1555524566214138e-05,0.0
0.3507731909557805,0.008307862427473976,0.008322432686775186,-1.209744469031635e-05,0.0
0.35084082961122914,0.008306371739027084,0.008321282442749184,-1.263562966768042e-05,0.0
0.35088637958958674,0.008305361922590262,0.008320502113399941,-1.2996045052498438e-05,0.0
0.35093192956794433,0.008304347324837478,0.008319717209506637,-1.3354960430122898e-05,0.0
0.350977479546302,0.00830332801571768,0.008318927664241924,-1.3712362751887048e-05,0.0
0.35102446374339263,0.008302271713092429,0.008318108360289185,-1.4079471753708972e-05,0.0
0.3510714479404833,0.008301210419020095,0.008317284089089026,-1.4445071256850108e-05,0.0
0.35111843213757393,0.008300144111790515,0.008316454863169063,-1.480921947172633e-05,0.0
0.3511959291521016,0.008298374351398295,0.008315076360388177,-1.540676963224224e-05,0.0
0.35127342616662927,0.008296590812795242,0.008313684426933594,-1.600054577423349e-05,0.0
0.3513509231811569,0.008294793558156766,0.008312278977661737,-1.6590910801808416e-05,0.0
0.3513886001963958,0.00829391496897406,0.008311590619595022,-1.6876837986195e-05,0.0
0.3514262772116346,0.008293033301343079,0.008310898916955698,-1.7162105353633775e-05,0.0
0.3514639542268735,0.00829214831503665,0.008310204064265688,-1.744659810469819e-05,0.0
0.35160962758873676,0.008288696911294443,0.008307488351965505,-1.854060252964426e-05,0.0
0.35175530095060004,0.008285196976596245,0.008304724973704705,-1.962455831753546e-05,0.0
0.35190097431246325,0.008281648176704499,0.008301913110559802,-2.0699227218907887e-05,0.0
0.3521080173686544,0.00827651740401381,0.00829783096157906,-2.221101392519879e-05,0.0
0.3523150604248455,0.00827128595571635,0.008293648660002729,-2.370857391611796e-05,0.0
0.35252210348103663,0.008265955164671157,0.008289366828050409,-2.5194808671060745e-05,0.0
0.3527291465372277,0.008260524574838144,0.008284985260030022,-2.667070604685384e-05,0.0
0.3529932674107088,0.008253450765064405,0.008279250091945021,-2.8539327937373836e-05,0.0
0.35325738828418984,0.008246212148954886,0.008273350555283254,-3.039408673219332e-05,0.0
0.35352150915767094,0.0082388080311423,0.008267285634905152,-3.223723543028005e-05,0.0
0.353785630031152,0.008231237885118661,0.008261054572655547,-3.407054974876511e-05,0.0
0.3541996062575334,0.008219037601394518,0.008250952545599455,-3.692733411766402e-05,0.0
0.3546135824839148,0.008206427361654488,0.008240439312726429,-3.976717453385907e-05,0.0
0.3550275587102962,0.008193406733530374,0.00822951397616794,-4.259281943180274e-05,0.0
0.3554415349366776,0.008179975812319157,0.008218176072762476,-4.540635693890922e-05,0.0
0.3558555111630589,0.008166135042879646,0.008206425570698804,-4.8209362691015464e-05,0.0
0.3564172596348198,0.008146699708834285,0.008189821540052251,-5.1998037108197096e-05,0.0
0.3569790081065807,0.008126514029379993,0.008172460428109889,-5.577110768006631e-05,0.0
0.35754075657834156,0.00810558175925635,0.008154345083110831,-5.952945009411161e-05,0.0
0.3581025050501024,0.008083907259415154,0.008135479085410647,-6.327337598561008e-05,0.0
0.35866425352186326,0.008061495418726902,0.008115866546613554,-6.700284081143109e-05,0.0
0.35935869796630776,0.008032778121963895,0.008090596107082328,-7.159283004459905e-05,0.0
0.3600531424107522,0.008002952876497918,0.008064201222315779,-7.615943630359923e-05,0.0
0.3607475868551967,0.007972031004548342,0.008036692301929006,-8.070143380953118e-05,0.0
0.36144203129964114,0.00794002492261712,0.008008079962929683,-8.5217687374188e-05,0.0
0.36213647574408564,0.007906946453001192,0.007978376268931822,-8.970652312970845e-05,0.0
0.3628309201885301,0.007872810200664208,0.007947591894270795,-9.416705746212693e-05,0.0
0.3635253646329746,0.007837626358312234,0.007915741988544459,-9.859695754811335e-05,0.0
0.364219809077419,0.007801412810110448,0.007882836203156298,-0.00010299581986348191,0.0
0.3649142535218635,0.007764183431265881,0.007848888232078492,-0.0001073621678180081,0.0
0.36560869796630796,0.007725950173373979,0.007813913944526414,-0.00011169394218331241,0.0
0.36630314241075246,0.007686728744832021,0.007777926890152016,-0.00011598997054449085,0.0
0.36699758685519696,0.007646535698507085,0.007740940504481069,-0.00012024912640202836,0.0
0.3676920312996414,0.007605387002959824,0.007702969391722489,-0.00012447036125549365,0.0
0.3683864757440859,0.007563298034769064,0.007664029145878049,-0.00012865206450149677,0.0
0.36908092018853034,0.007520284932349565,0.007624135290444978,-0.00013279335675414676,0.0
0.36977536463297483,0.007476363906972088,0.00758330376413966,-0.0001368925876252085,0.0
0.3704698090774193,0.0074315522093260505,0.007541550106325925,-0.00014094881484554925,0.0
0.3711642535218638,0.007385866824666054,0.007498890524214932,-0.00014496107862786316,0.0
0.3718586979663082,0.007339324849051014,0.007455341564738161,-0.00014892822864079493,0.0
0.3725531424107527,0.007291943710439447,0.007410919892076671,-0.0001528492029921538,0.0
0.37324758685519716,0.007243741014521686,0.007365642369320537,-0.0001567230453606609,0.0
0.37394203129964165,0.007194734495621683,0.007319526064671433,-0.00016054881274376112,0.0
0.3746364757440861,0.00714494203319001,0.007272588211581028,-0.00016432558646721875,0.0
0.3753309201885306,0.007094381638450063,0.007224846193129031,-0.00016805250123722642,0.0
0.3760253646329751,0.0070430714311286126,0.007176317530947114,-0.00017172873456541095,0.0
0.37671980907741953,0.006991029625697043,0.007127019883048914,-0.0001753535227705548,0.0
0.37741425352186403,0.006938274534846554,0.007076970971142751,-0.00017892606402494524,0.0
0.37810869796630847,0.006884824490417199,0.00702618861348859,-0.00018244563385330428,0.0
0.37880314241075297,0.006830697810892122,0.006974690766592224,-0.00018591169165710787,0.0
0.3794975868551974,0.006775912944096773,0.006922495385834839,-0.00018932360397032121,0.0
0.3801920312996419,0.006720488419836719,0.006869620404266993,-0.0001926806020364575,0.0
0.38088647574408635,0.006664442588668245,0.006816083923365226,-0.00019598228559279137,0.0
0.38158092018853085,0.006607793871482764,0.006761903973998914,-0.0001992281980257203,0.0
0.3822753646329753,0.0065505606531741515,0.006707098574866835,-0.00020241778096891832,0.0
0.3829698090774198,0.0064927612763823,0.006651685740942986,-0.00020555061485776893,0.0
0.3836642535218643,0.006434413999787857,0.006595683474251911,-0.00020862636321625544,0.0
0.3843586979663087,0.006375537044303581,0.006539109700244011,-0.00021164466272358996,0.0
0.3850531424107532,0.006316148524503357,0.006481982297876144,-0.00021460519334033472,0.0
0.38574758685519767,0.006256266450666965,0.006424319076171088,-0.0002175076933288259,0.0
0.38644203129964216,0.006195908726121881,0.006366137754441728,-0.0002203519336948616,0.0
0.3871364757440866,0.0061350931307049775,0.006307455954147612,-0.00022313771676822365,0.0
0.3878309201885311,0.006073837274345274,0.006248291193945666,-0.0002258648934588316,0.0
0.38852536463297555,0.006012158693125578,0.006188660836612141,-0.00022853332668145907,0.0
0.38921980907742004,0.005950074750340779,0.006128582148262021,-0.00023114291828623442,0.0
0.3899142535218645,0.005887602560475315,0.006068072299194679,-0.00023369364944498795,0.0
0.390608697966309,0.005824759140389677,0.006007148213991251,-0.00023618550392618876,0.0
0.3913031424107534,0.005761561343695693,0.005945826628715073,-0.00023861844462198372,0.0
0.3919975868551979,0.00569802567924806,0.005884124244523797,-0.0002409925432939681,0.0
0.3926920312996424,0.005634168534937957,0.005822057528701852,-0.0002433079471091309,0.0
0.39338647574408686,0.0055700062547578,0.005759642600694366,-0.0002455646935212959,0.0
0.39408092018853136,0.005505554726452805,0.005696895549505202,-0.00024776285464519327,0.0
0.3947753646329758,0.005440829501491844,0.005633832367139199,-0.0002499027542032149,0.0
0.3954698090774203,0.005375846280226115,0.005570468524505802,-0.0002519846287608471,0.0
0.39616425352186474,0.005310620441799513,0.00550681929563424,-0.0002540084434815332,0.0
0.39685869796630924,0.005245166631502797,0.0054429001352062625,-0.00025597452363874853,0.0
0.3975531424107537,0.005179499734866599,0.005378725892835501,-0.0002578834692199234,0.0
0.3982475868551982,0.005113634365087697,0.005314311141785031,-0.0002597353665674279,0.0
0.3989420312996426,0.00504758463171892,0.005249670391012752,-0.0002615304147959175,0.0
0.3996364757440871,0.004981364461764937,0.005184817855509911,-0.00026326913289436424,0.0
0.40033092018853156,0.004914987568520583,0.0051197674379021086,-0.00026495191822469363,0.0
0.40102536463297606,0.004848467338478813,0.005054532805977283,-0.00026657908231055943,0.0
0.40171980907742055,0.004781816856560082,0.00498912737662116,-0.0002681510883352156,0.0
0.402414253521865,0.0047150489490374444,0.004923564275961921,-0.00026966842431695964,0.0
0.4031086979663095,0.004648176151730637,0.004857856356507968,-0.00027113150919761894,0.0
0.40380314241075393,0.004581210700731729,0.0047920162039778065,-0.0002725408238528856,0.0
0.40449758685519843,0.004514164539660589,0.004726056122612683,-0.00027389691104220775,0.0
0.4051920312996429,0.004447049321838599,0.004659988127854335,-0.00027520027585573004,0.0
0.40588647574408737,0.004379876394312386,0.004593823957517751,-0.00027645143532427786,0.0
0.4065809201885318,0.0043126568133399195,0.004527575063555818,-0.0002776509706753389,0.0
0.4072753646329763,0.004245401331903136,0.004461252611020953,-0.00027879945649167566,0.0
0.40796980907742075,0.004178120415903952,0.00439486747098638,-0.00027989745142128277,0.0
0.40866425352186525,0.004110824203097193,0.004328430239588374,-0.0002809455643481819,0.0
0.4093586979663097,0.004043522578106089,0.004261951205006237,-0.00028194442535429645,0.0
0.4100531424107542,0.0039762250451896046,0.004195440395748011,-0.0002828946373952828,0.0
0.4107475868551987,0.003908940973730513,0.004128907491271417,-0.00028379682782041243,0.0
0.41144203129964313,0.003841679193584158,0.004062361985525142,-0.00028465166634547714,0.0
0.4121364757440876,0.003774448410245506,0.0039958129790878885,-0.0002854598016147832,0.0
0.41283092018853207,0.0037072570205786224,0.00392926932327821,-0.00028622188670700195,0.0
0.41352536463297657,0.0036401131016167536,0.003862739609367784,-0.0002869386027089957,0.0
0.414219809077421,0.0035730244272187198,0.0037962321232876046,-0.00028761063392135534,0.0
0.4149142535218655,0.003505998493027312,0.0037297548534986377,-0.0002882386630784799,0.0
0.41560869796630995,0.003439042487437888,0.0036633155290263894,-0.00028882338647174405,0.0
0.41630314241075445,0.0033721633537424052,0.003596921589460726,-0.0002893655083419128,0.0
0.4169975868551989,0.0033053677241134637,0.0035305802020354307,-0.0002898657317595608,0.0
0.4176920312996434,0.0032386619890834413,0.003464298244809747,-0.0002903247664536753,0.0
0.4183864757440878,0.003172052160741374,0.0033980823572948853,-0.00029074332980755626,0.0
0.4190809201885323,0.003105544171376139,0.003331938847098656,-0.00029112213969312886,0.0
0.4197753646329768,0.0030391433159396137,0.0032658738686683546,-0.00029146191418280315,0.0
0.42046980907742126,0.0029728554362369324,0.0031998930768279876,-0.00029176337998044875,0.0
0.42116425352186576,0.00290668495355908,0.003134002263676655,-0.00029202725977068114,0.0
0.4218586979663102,0.0028406371530495774,0.003068206507524111,-0.00029225428111509803,0.0
0.4225531424107547,0.0027747143231507472,0.0030025113111578623,-0.0002924451636483964,0.0
0.42324758685519914,0.0027089233680139438,0.0029369205832766292,-0.00029260065355205027,0.0
0.42394203129964364,0.002643269040548475,0.0028714393619978813,-0.0002927214712941312,0.0
0.4246364757440881,0.002577753075477898,0.002806072483281637,-0.00029280831661735764,0.0
0.4253309201885326,0.002512379312900542,0.002740823343914583,-0.00029286192824541266,0.0
0.426025364632977,0.0024471510128679327,0.0026756957911069027,-0.0002928830492268788,0.0
0.4267198090774215,0.0023820714234060775,0.002610693605251678,-0.00029287238923775386,0.0
0.427414253521866,0.0023171433232005664,0.002545820223801578,-0.000292830655595767,0.0
0.42810869796631046,0.0022523695079578127,0.0024810786802601085,-0.0002927585695036952,0.0
0.42880314241075496,0.0021877520770363385,0.0024164719561960315,-0.00029265684628925474,0.0
0.4294975868551994,0.0021232935093781487,0.0023520027201583103,-0.00029252619318111177,0.0
0.4301920312996439,0.0020589952602679032,0.0022876736003881104,-0.00029236731010651314,0.0
0.43088647574408834,0.001994860188196248,0.0022234866904876915,-0.00029218090182724646,0.0
0.43158092018853284,0.0019308876874654095,0.0021594445097807276,-0.00029196765544041117,0.0
0.4322753646329773,0.001867081007327228,0.0020955484574462584,-0.0002917282720733517,0.0
0.4329698090774218,0.001803441562613572,0.002031800466015368,-0.0002914634272245817,0.0
0.4336642535218662,0.001739971229364393,0.001968202086290597,-0.0002911738029504515,0.0
0.4343586979663107,0.0016766663502682415,0.0019047551682888056,-0.00029086005827073057,0.0
0.43505314241075516,0.0016135324597321551,0.0018414597923196582,-0.0002905228829360153,0.0
0.43574758685519965,0.001550568331453251,0.0017783178277163446,-0.00029016292563514124,0.0
0.43644203129964415,0.0014877736561537504,0.0017153300268595239,-0.00028978082597613206,0.0
0.4371364757440886,0.0014251494915385546,0.0016524967635728083,-0.00028937724022352266,0.0
0.4378309201885331,0.0013626950121923562,0.001589818799168739,-0.00028895280946595594,0.0
0.43852536463297753,0.0013004115725179781,0.0015272963372908947,-0.00028850816283067314,0.0
0.43921980907742203,0.0012382961803392336,0.0014649299530350283,-0.0002880439115038895,0.0
0.43991425352186647,0.0011763541899648935,0.0014027189658829113,-0.00028756069006684803,0.0
0.44051725884147724,0.001122701816281602,0.001348826472954857,-0.00028712614300327655,0.0
0.441120264161088,0.0010691755697083795,0.001295051183034685,-0.0002866781132839032,0.0
0.4417232694806988,0.0010157778409200838,0.0012413928608442856,-0.0002862170332697085,0.0
0.44232627480030956,0.0009625064617987913,0.001187851668996922,-0.00028574330353629287,0.0
0.44302071924475406,0.0009013117508543865,0.001126336135091602,-0.00028518241029961203,0.0
0.4437151636891985,0.0008402820648343029,0.0010649746319475618,-0.0002846057709965142,0.0
0.444409608133643,0.00077941641453499,0.0010037664848798515,-0.00028401394413076815,0.0
0.4449682800374511,0.0007305675859099585,0.0009546362197504552,-0.0002835273504126863,0.0
0.44552695194125924,0.0006818246673827007,0.0009056040566775917,-0.0002830314553048032,0.0
0.44608562384506734,0.0006331866738884872,0.0008566695044679539,-0.0002825264442409661,0.0
0.4466442957488755,0.0005846511036997262,0.0008078323158917404,-0.00028201277997113043,0.0
0.44727111740537123,0.0005303158897677101,0.000753152823749168,-0.00028142667767103944,0.0
0.44789793906186703,0.00047611019993604533,0.0006985936909815808,-0.00028083029862004143,0.0
0.44852476071836284,0.0004220311857662746,0.0006441542754120005,-0.00028022375179426694,0.0
0.44915158237485864,0.00036807516852686997,0.0005898343753713147,-0.00027960790788253713,0.0
0.4497784040313544,0.00031424345298033816,0.0005356324129387857,-0.00027898349400897366,0.0
0.45046965261720334,0.0002550219953995861,0.0004759937457165011,-0.0002782844849349176,0.0
0.4511609012030523,0.00019594855883580623,0.00041649530672433264,-0.0002775746100360084,0.0
0.4518521497889013,0.0001370180658465587,0.00035713687936346787,-0.00027685533263741,0.0
0.45254339837475027,7.823238014207058e-05,0.00029791564383620716,-0.00027612743089170375,0.0
0.45323464696059923,1.9588043052010934e-05,0.00023882894653315495,-0.00027539011297635633,0.0
0.4533089309674991,1.3294194557678275e-05,0.00023248730672740397,-0.00027531024456910696,0.0
0.45338321497439893,7.002018988483953e-06,0.00022614727787466368,-0.00027523029933114186,0.0
0.45345749898129883,7.114497559623308e-07,0.00021980880616179907,-0.0002751502933248204,0.0
0.4534588439812056,5.990607076352215e-07,0.00021969408464033574,-0.00027514887028948676,0.0
0.45346049808812244,4.61140000663433e-07,0.00021955302811549302,-0.0002751471270842219,0.0
0.45346215219503927,3.23099825079666e-07,0.00021941199168876857,-0.00027514538328488844,0.0
0.4534771882520012,-7.645851167643445e-07,0.0002181298092325887,-0.000275129168848566,0.0
0.4534922243089631,-1.7875008970734414e-06,0.00021684788949099808,-0.0002751129491042872,0.0
0.453507260365925,-2.809787256524474e-06,0.0002155666663816741,-0.00027509672003275413,0.0
0.4535183684457186,-3.5652571746788608e-06,0.00021462096412621813,-0.0002750847233637475,0.0
0.4535294765255122,-4.3210997768203235e-06,0.00021367615483053074,-0.00027507271790162363,0.0
0.4535405846053058,-5.077247974586969e-06,0.00021273233867155899,-0.00027506070039871075,0.0
0.4535548664134328,-6.049855813193137e-06,0.0002115204895915691,-0.0002750452261827959,0.0
0.45356914822155975,-7.022912793198947e-06,0.00021031064551645538,-0.0002750297196528357,0.0
0.4535834300296867,-7.996384019519174e-06,0.00020910297688370548,-0.00027501417360444237,0.0
0.45362941572224674,-1.113276303378521e-05,0.00020523087268582498,-0.00027496374386128884,0.0
0.45364091214538677,-1.1917339259509321e-05,0.00020426697275421343,-0.00027495103832357544,0.0
0.45364378625117174,-1.2109876668020554e-05,0.00020402632973188944,-0.00027494639336231,1.3538574361334385e-07
0.4536466603569568,-1.2283298567103382e-05,0.0002037861036302104,-0.000274934019161817,7.173449770166348e-07
0.45364953446274175,-1.2428555080806643e-05,0.00020354678001902992,-0.0002749097916432986,1.2456871625061227e-06
0.4536540058524116,-1.2611566187687436e-05,0.00020317750581573706,-0.0002748517863316439,1.981192505089217e-06
0.45365847724208147,-1.275525777295069e-05,0.00020281312991057222,-0.0002747724162478087,2.631754202089718e-06
0.45366294863175133,-1.2871796923716758e-05,0.0002024546411488182,-0.00027467501772307214,3.216749183473959e-06
0.4536695600710042,-1.301057230903308e-05,0.0002019364052242704,-0.0002745028505227639,3.98824354730525e-06
0.4536761715102571,-1.313011769701928e-05,0.0002014332762347819,-0.000274303889784454,4.683406132558987e-06
0.45368278294951,-1.3240338255611128e-05,0.00020094505028851384,-0.00027408243222244364,5.321057419056447e-06
0.4536893943887628,-1.334751886138229e-05,0.0002004711331672517,-0.0002738419227753517,5.914532889919767e-06
0.4536979703038793,-1.3490057993796527e-05,0.00019987647890329328,-0.00027350668735790304,6.637002500347173e-06
0.45370654621899575,-1.3640035062205062e-05,0.0001993029303194852,-0.00027314896540844125,7.317056232837174e-06
0.4537151221341122,-1.3800019861937065e-05,0.00019874859814267198,-0.0002727726436293061,7.965016258726149e-06
0.45372411434459237,-1.397934624589969e-05,0.00019818595554800154,-0.0002723614626316356,8.617497822073363e-06
0.45373310655507254,-1.4169962019744778e-05,0.00019764034982176957,-0.0002719360372307242,9.247253556869235e-06
0.4537420987655527,-1.4370903701702876e-05,0.00019710992079901405,-0.0002714987002254344,9.857934891211203e-06
0.45375306056579984,-1.4628246692321686e-05,0.00019648138905997004,-0.00027095234560316087,1.0580751382838697e-05
0.45376402236604696,-1.4897538872194974e-05,0.00019587036998929122,-0.00027039410738775936,1.128348413309757e-05
0.45377498416629414,-1.5177105978493954e-05,0.00019527461317717023,-0.0002698264241910747,1.1969434467355623e-05
0.45380236428468096,-1.5911842013283554e-05,0.00019384238983158,-0.0002683782346372452,1.3624076475289716e-05
0.4538297444030677,-1.6683060171554604e-05,0.00019246979594582768,-0.0002669065935037597,1.5221459154527847e-05
0.45385712452145455,-1.747904251125149e-05,0.00019114206109725927,-0.00026542387900126775,1.6778544063696928e-05
0.45388450463984137,-1.8290483857464447e-05,0.00018984884328258921,-0.000263936912925384,1.8303771808869186e-05
0.453895785775365,-1.862769519666844e-05,0.00018932405979817365,-0.00026332429711817577,1.8924774393400418e-05
0.4539070669108886,-1.8966845621416085e-05,0.0001888034861536911,-0.0002627121277698469,1.954293912088267e-05
0.45391834804641223,-1.9307940401785364e-05,0.0001882867875620116,-0.00026210063805066897,2.0158990019823943e-05
0.45392744001122326,-1.9583982506175093e-05,0.00018787295519091647,-0.00026160835981845913,2.0653932804095373e-05
0.45393653197603423,-1.986082052184232e-05,0.00018746126681732224,-0.00026111660077903604,2.114744914478574e-05
0.4539456239408452,-2.013837579357489e-05,0.00018705159718435083,-0.00026062539447156745,2.1639640462717495e-05
0.45395495850326506,-2.0424027270812927e-05,0.0001866329799235751,-0.0002601216856937596,2.214370361191222e-05
0.45396429306568487,-2.0710319881797367e-05,0.0001862162643398536,-0.0002596186082829876,2.2646580185167897e-05
0.4539736276281047,-2.0997200079523122e-05,0.00018580135146652998,-0.00025911617416246607,2.3148347924954078e-05
0.4540262508966742,-2.2623503335113562e-05,0.00018349245690688502,-0.0002562957326849543,2.5958591624491305e-05
0.4540901821568385,-2.4616823067378124e-05,0.00018074547362194,-0.0002528953155810266,2.9340401073250688e-05
0.4541541134170028,-2.6624387303217337e-05,0.00017804878705889336,-0.0002495199778203292,3.2695282565142486e-05
0.4542180446771671,-2.8643601807798795e-05,0.00017539361587060756,-0.00024616528272131507,3.6027676660446614e-05
0.4542819759373314,-3.067398472695812e-05,0.00017277538042067815,-0.00024282690278734967,3.9339116485949166e-05
0.4543459071974957,-3.2715275320819895e-05,0.00017019064355588265,-0.00023950188230181127,4.263118899836051e-05
0.45440983845766,-3.4766457817823425e-05,0.00016763583622461675,-0.00023618864371252203,4.59059748788634e-05
0.45447376971782427,-3.682616701083214e-05,0.00016510761682492155,-0.000232886087738853,4.916520832180899e-05
0.4545659982308327,-3.9811024601359756e-05,0.00016150236032868426,-0.0002281380997524608,5.384188630166839e-05
0.4546582267438412,-4.281025075157591e-05,0.00015794099058144223,-0.00022340666047261794,5.849206201091809e-05
0.4547504552568497,-4.58221498163824e-05,0.00015441820366697112,-0.00021868930515366215,6.311843317761014e-05
0.45484268376985815,-4.884517693196777e-05,0.00015092944704373526,-0.00021398419600411042,6.772346572690256e-05
0.4549673469745881,-5.294639737684896e-05,0.00014626076161061352,-0.00020764129454151303,7.391789805355804e-05
0.45509201017931805,-5.70621957202151e-05,0.0001416383341623055,-0.00020131503842281745,8.008215862396307e-05
0.45521667338404803,-6.118980537593878e-05,0.00013705522397673746,-0.0001950032131236352,8.622000712881896e-05
0.45534133658877796,-6.532735589305955e-05,0.0001325056689791981,-0.00018870392004769385,9.233511265694047e-05
0.45546599979350794,-6.947248850410399e-05,0.000127984559457378,-0.00018241537838899015,9.842963302529253e-05
0.4556232951302689,-7.471188277539178e-05,0.0001223141607785136,-0.00017449398985752793,0.00010609491211773523
0.4557805904670299,-7.995874880034715e-05,0.00011667537053161729,-0.00016658531069729457,0.00011373600057350953
0.45593788580379085,-8.521084126044662e-05,0.00011106259965149641,-0.0001586877219914384,0.00012135606581063863
0.4560951811405518,-9.046655160039028e-05,0.00010547141974613356,-0.00015080000249261604,0.00012895792244158925
0.4562524764773128,-9.572451397790203e-05,9.989825794496537e-05,-0.0001429211603931359,0.00013654373863851636
0.4564628538722483,-0.00010275843231123257,9.246755150086716e-05,-0.00013239603548165658,0.00014666742837375916
0.4566732312671838,-0.00010979230319919971,8.505867185996706e-05,-0.00012188412272979252,0.00015676882373177986
0.45688360866211924,-0.0001168244825565109,7.766758722263444e-05,-0.00011138451966715312,0.0001668504471241378
0.45709398605705476,-0.00012385379076787384,7.029125058316576e-05,-0.00010089657502323742,0.00017691432802708517
0.4573043634519902,-0.0001308792255342478,6.292738648518121e-05,-9.041985719321371e-05,0.0001869618672552356
0.4575147408469257,-0.00013790046107314542,5.557444732475167e-05,-7.995411679479344e-05,0.0001969945716895998
0.45781478403967446,-0.00014790558140434038,4.510405437847725e-05,-6.504634278162582e-05,0.00021127880959291513
0.45811482723242325,-0.0001578999287646903,3.4650867141667135e-05,-5.016017837349115e-05,0.00022553619715813604
0.45841487042517204,-0.00016788293165663658,2.4213118413123518e-05,-3.529538489143836e-05,0.00023976824037637038
0.45871491361792077,-0.00017785413133614858,1.3789573144030492e-05,-2.045177327254036e-05,0.00025397589704410803
0.45901495681066956,-0.00018781341076523487,3.3794312883262235e-06,-5.629217506797825e-06,0.0002681600528346833
0.45907496544921933,-0.00018980385127801753,1.2989632396506322e-06,-2.667224545769571e-06,0.00027099414851316307
0.4590869671769293,-0.0001902018826368431,8.829306558442451e-07,-2.0749258777225585e-06,0.0002715608592972348
0.45909896890463925,-0.00019059989433461327,4.669181555759728e-07,-1.4826602501656767e-06,0.0002721275330157579
0.45911097063234924,-0.0001909978858193579,5.092578963634161e-08,-8.904277652614129e-07,0.0002726941689197775
0.4591126505390217,-0.000191053532667005,0.0,-8.07531477697554e-07,0.00027277348062121934
0.4591143304456943,-0.00019110869370333908,0.0,-7.246114054537546e-07,0.00027285281277654076
0.4591176902590393,-0.00019121722578014798,0.0,-5.586775699790994e-07,0.00027301165490958444
0.4591210500723844,-0.00019132326916127744,0.0,-3.9259980496453287e-07,0.0002731709296112095
0.4591244098857295,-0.00019142705109051684,0.0,-2.2636822183363698e-07,0.0002733308566565383
0.4591341257704601,-0.00019171625129558946,0.0,1.974998651902598e-07,0.00027379850305214037
0.4591438416551907,-0.0001919913844893061,0.0,5.71560592107031e-07,0.0002742753855992434
0.45915355753992126,-0.00019225500055830845,0.0,9.47600472994396e-07,0.0002747630176230278
0.45916332226528184,-0.00019250999654855266,0.0,1.3280262149288646e-06,0.00027526435821252377
0.4591730869906424,-0.00019275613115286657,0.0,1.711440247536958e-06,0.00027577681702807474
0.459182851716003,-0.00019299425789326348,0.0,2.0982766486904097e-06,0.00027630003560908864
0.4591968697013441,-0.00019332350632138588,0.0,2.6603677668059414e-06,0.0002770690135405399
0.4592108876866852,-0.00019363925471476692,0.0,3.2311807968208934e-06,0.00027785789569703266
0.45922490567202634,-0.00019394285367913423,0.0,3.811435312688404e-06,0.00027866538795022884
0.4592638024745666,-0.00019472935770332688,0.0,5.4744721339303e-06,0.00028099445387983
0.4593026992771069,-0.00019544913996445817,0.0,7.220838630543869e-06,0.0002834359750837499
0.4593124234777419,-0.00019561950111584325,0.0,7.670675120152815e-06,0.00028406121077329205
0.45932214767837704,-0.0001957854173045941,0.0,8.125768359072113e-06,0.0002846909403475382
0.4593318718790121,-0.00019594850960859774,0.0,8.586001720418e-06,0.0002853268204051309
0.4593415960796472,-0.000196108794423716,0.0,9.051341025124555e-06,0.00028596853933643787
0.4593518444500401,-0.00019627439141851124,0.0,9.547310588683141e-06,0.00028665034997203714
0.45936209282043305,-0.00019643675449892853,0.0,1.004890869998167e-05,0.00028733773658176447
0.459372341190826,-0.00019659602905649874,0.0,1.05560685035468e-05,0.0002880305604266637
0.4593800476806872,-0.00019671380747582112,0.0,1.094106754040732e-05,0.0002885549979997631
0.45938775417054833,-0.0001968299169218087,0.0,1.1329149166458742e-05,0.00028908230455745594
0.4593954606604095,-0.00019694439713150504,0.0,1.1720282760248023e-05,0.0002896124121078247
0.4594591090492711,-0.0001978317318139948,0.0,1.5063304913679207e-05,0.00029408987761784307
0.4595227574381327,-0.0001986268121903158,0.0,1.8594243649773485e-05,0.00029872078858000814
0.4595386695353481,-0.00019881355231346712,0.0,1.950392082644474e-05,0.0002999007839548849
0.45955458163256346,-0.00019899720831745096,0.0,2.0423409357168193e-05,0.0003010913649436935
0.4595704937297789,-0.0001991755374032264,0.0,2.135308387503154e-05,0.0003022883506747842
0.4595864058269942,-0.0001993482006801401,0.0,2.229274869881281e-05,0.0003034907823489345
0.45959667431426116,-0.00019945766316527543,0.0,2.2904142744240798e-05,0.00030427091241006177
0.4596069428015281,-0.00019956567621290855,0.0,2.351938063166159e-05,0.0003050543015731751
0.45961721128879507,-0.00019967196759157656,0.0,2.4138451810268087e-05,0.00030584043632580533
0.45962627104358217,-0.00019976433035222226,0.0,2.4687786242346476e-05,0.00030653623972052636
0.4596353307983692,-0.00019985543279511138,0.0,2.5240007305506357e-05,0.0003072341263769311
0.4596443905531563,-0.00019994531210365055,0.0,2.5795070564922686e-05,0.00030793407396492045
0.4596620671525305,-0.00020011725094717004,0.0,2.6886071544591537e-05,0.0003093055115917175
0.4596797437519046,-0.0002002847786037157,0.0,2.7987440958979337e-05,0.00031068434268234174
0.45969742035127875,-0.0002004480673923087,0.0,2.909889005451472e-05,0.0003120703118577127
0.4597488202385672,-0.00020089943675165268,0.0,3.238526503542843e-05,0.00031613685415095104
0.45976167021038933,-0.00020100740910018798,0.0,3.321915457393834e-05,0.00031716228254042856
0.45977452018221143,-0.00020111400985012529,0.0,3.4057649528199844e-05,0.00031819164344946396
0.45978737015403354,-0.00020121859750607567,0.0,3.4900781631867704e-05,0.000319223874235472
0.459795680994587,-0.0002012851095602378,0.0,3.544853060181363e-05,0.00031989285912506043
0.4598039918351405,-0.00020135082465125715,0.0,3.599815795510721e-05,0.0003205630112035686
0.45981230267569395,-0.00020141579548930036,0.0,3.654963409124819e-05,0.00032123436939730283
0.45982000921006894,-0.00020147538947518589,0.0,3.7062643422970684e-05,0.00032185797548381974
0.45982771574444387,-0.00020153436404579035,0.0,3.757720612216785e-05,0.000322482588663402
0.4598354222788188,-0.00020159272877185835,0.0,3.809330517147668e-05,0.0003231081949133944
0.4598948010520262,-0.00020202163751716504,0.0,4.211937188544962e-05,0.00032795760976100615
0.4599096457453281,-0.00020212398513671934,0.0,4.3139223786812155e-05,0.00032917891782324694
0.45992449043863,-0.00020222530794430278,0.0,4.4164007825234295e-05,0.00033040469754454796
0.45993933513193186,-0.0002023245038982814,0.0,4.519382795011416e-05,0.00033163321601340173
0.45994852888971616,-0.0002023846994622579,0.0,4.58341463005509e-05,0.0003323951358717864
0.4599577226475004,-0.00020244409416886238,0.0,4.647633985413999e-05,0.0003331580338302924
0.4599669164052847,-0.00020250280498741602,0.0,4.712036786490009e-05,0.0003339220439872515
0.45997620610805456,-0.00020256144797420266,0.0,4.7772957727462924e-05,0.0003346951428404149
0.4599854958108245,-0.0002026194075973461,0.0,4.84273782112384e-05,0.00033546933022672386
0.4599947855135944,-0.00020267669305172465,0.0,4.908360828015678e-05,0.0003362445861019031
0.4600387203687331,-0.00020293855646788693,0.0,5.221099331708036e-05,0.0003399244659836858
0.4600497040825178,-0.00020300186486087667,0.0,5.299887055285797e-05,0.0003408480254010056
0.46006068779630244,-0.00020306450450614493,0.0,5.3789054464865766e-05,0.0003417731744629954
0.4600716715100871,-0.00020312626479317809,0.0,5.4581554415765506e-05,0.0003426995657926985
0.4600803163391435,-0.00020317424435705174,0.0,5.5206912031630556e-05,0.0003434295195973029
0.46008896116819986,-0.00020322170586017398,0.0,5.583366963004839e-05,0.000344160231684171
0.46009760599725624,-0.00020326866769487754,0.0,5.64618110733068e-05,0.0003448917073727221
0.46010737918392447,-0.00020332116799298068,0.0,5.717358856858384e-05,0.0003457195664148192
0.4601171523705927,-0.00020337305054924615,0.0,5.7887096903770615e-05,0.0003465483755550826
0.4601269255572609,-0.00020342432600280335,0.0,5.8602316536444184e-05,0.0003473781213254681
0.46016039802125963,-0.0002035954135252267,0.0,6.10645672168676e-05,0.00035022668617572044
0.46019387048525834,-0.00020375951020182642,0.0,6.354600079486013e-05,0.0003530850351298968
0.46022734294925705,-0.0002039168442991375,0.0,6.604594391006129e-05,0.0003559524864049168
0.46027648130166804,-0.00020413909241143939,0.0,6.974728732929775e-05,0.0003601811056269193
0.4603256196540791,-0.00020434891089146954,0.0,7.348499862741026e-05,0.0003644275862962874
0.4603747580064901,-0.00020454695383794122,0.0,7.725740331001274e-05,0.0003686905439408497
0.46042389635890113,-0.00020473414236581473,0.0,8.106283554855506e-05,0.0003729690904449679
0.4604730347113121,-0.00020491124740176962,0.0,8.489974097456908e-05,0.0003772622859826477
0.4605221730637231,-0.00020507889915505743,0.0,8.876667742850264e-05,0.00038156915665659666
0.4606112152169746,-0.00020535994204382767,0.0,9.584665113009407e-05,0.0003894056088612342
0.4607002573702261,-0.00020561457784347515,0.0,0.0001030138761167938,0.00039727935390802615
0.4607892995234776,-0.00020584567469513127,0.0,0.00011026121943590981,0.0004051858560461563
0.46087834167672903,-0.00020605528713064968,0.0,0.0001175827095819116,0.000413121233860466
0.46098335104408705,-0.00020627739529237903,0.0,0.00012630525027597364,0.0004225125890465777
0.461088360411445,-0.00020647497824890243,0.0,0.0001351156411734336,0.0004319354248290819
0.461193369778803,-0.00020665049703197605,0.0,0.00014400665287783916,0.0004413859087705414
0.461298379146161,-0.00020680607387783177,0.0,0.0001529717169132351,0.0004508606357578122
0.46146587935552785,-0.00020701758792644683,0.0,0.00016741040629242684,0.00046601667964300814
0.46163337956489464,-0.00020718973058060189,0.0,0.00018200031674128048,0.0004812163585763862
0.4618008797742615,-0.00020732780804865394,0.0,0.00019672267312860085,0.0004964513254827524
0.46196837998362833,-0.0002074363565950233,0.0,0.00021156091093696265,0.0005117145754077422
0.4621358801929952,-0.00020751928122771947,0.0,0.00022650021793079445,0.0005269999765203571
0.46236057799498737,-0.00020759611820980002,0.0,0.0002466768762401632,0.000547530783311216
0.46258527579697956,-0.00020763961090172468,0.0,0.0002669843916693678,0.0005680817956889295
0.46280997359897175,-0.0002076551701868356,0.0,0.00028739952752396877,0.0005886446984002861
0.46303467140096394,-0.00020764718821357855,0.0,0.0003079025351408387,0.0006092126967661924
0.46325936920295613,-0.0002076193012080162,0.0,0.0003284765530544415,0.0006297802136324073
0.46354615510610914,-0.00020755957579350896,0.0,0.0003548160914299615,0.0006560230921354099
0.46383294100926215,-0.00020747725488490563,0.0,0.0003812231634503764,0.000682250115215539
0.4641197269124151,-0.00020737644124891653,0.0,0.0004076773411683309,0.0007084554118224162
0.4644065128155681,-0.00020726037962357695,0.0,0.0004341618950807342,0.0007346342729617428
0.4646932987187211,-0.00020713170153713724,0.0,0.00046066325394772704,0.0007607831646489499
0.4649800846218741,-0.00020699224198419402,0.0,0.00048717051786541574,0.0007868990852496505
0.4654018642246043,-0.00020677078441607287,0.0,0.0005261475333407266,0.000825243683986266
0.4658236438273345,-0.00020653336005751598,0.0,0.0005650963649020227,0.0008635071593811531
0.4662454234300647,-0.00020628299885053645,0.0,0.0006040006844871462,0.0009016859654278979
0.4666672030327949,-0.0002060217792787842,0.0,0.0006428485840911194,0.0009397775823047599
0.46708898263552506,-0.00020575133327895871,0.0,0.0006816314984986028,0.0009777806048216176
0.4675107622382553,-0.0002054729610351672,0.0,0.0007203433291209719,0.0010156943464033105
0.46810605603703365,-0.00020506792598890791,0.0,0.0007748517341756399,0.0010690521945089424
0.4687013498358121,-0.0002046504770454979,0.0,0.0008292022642474884,0.001122231061591879
0.46929664363459045,-0.00020422199738732327,0.0,0.0008833904027451538,0.0011752318486389132
0.4698919374333688,-0.00020378329789780253,0.0,0.0009374141384555358,0.0012280558948501617
0.4704872312321472,-0.0002033350867807699,0.0,0.0009912731062160765,0.0012807051627075747
0.4710825250309256,-0.00020287800095801235,0.0,0.0010449679070377426,0.0013331819904838752
0.47177696947537007,-0.00020233370766003746,0.0,0.0011074002544936559,0.0013941839208364418
0.47247141391981456,-0.00020177797700076346,0.0,0.0011696135416401723,0.0014549576461888006
0.473165858364259,-0.0002012117631814393,0.0,0.0012316109076587192,0.001515507852810204
0.4738603028087035,-0.00020063534545718738,0.0,0.0012933959535641807,0.001575838633900924
0.47455474725314795,-0.00020004791987679932,0.0,0.0013549726396240975,0.0016359527511509448
0.47524919169759244,-0.00019945000651338325,0.0,0.001416344663882301,0.0016958546802045846
0.4759436361420369,-0.00019884407501042338,0.0,0.0014775157384070076,0.0017555513707618055
0.4766380805864814,-0.00019822998578988878,0.0,0.0015384901087094913,0.0018150468450325713
0.4773325250309259,-0.0001976025833468497,0.0,0.0015992727954076118,0.001874338602804831
0.4780269694753703,-0.00019696153110312928,0.0,0.0016598672524733159,0.0019334299245523502
0.4787214139198148,-0.00019632025542562598,0.0,0.0017202752501530557,0.001992340972774196
0.4788264324390453,-0.0001962245397001416,0.0,0.0017293944286204115,0.002001236042416181
0.4789314509582758,-0.0001961274137724814,0.0,0.001738509918792544,0.002010125429444386
0.4790364694775063,-0.0001960290564412327,0.0,0.0017476215799310502,0.002019009420491782
0.4791414879967368,-0.00019593020635876,0.0,0.001756729155898101,0.002027888922374612
0.47931993906119025,-0.00019576181087002718,0.0,0.0017721956206945752,0.002042967726537508
0.47949839012564377,-0.00019559306734185744,0.0,0.0017876502939377958,0.0020580346916234263
0.47967684119009724,-0.0001954237781346223,0.0,0.0018030933631599953,0.0020730896295597678
0.4798552922545507,-0.00019525385656324334,0.0,0.0018185249201750741,0.0020881325447597273
0.48030001808397493,-0.00019482788302937018,0.0,0.0018569328055078986,0.002125570151163993
0.48074474391339916,-0.00019439839864240498,0.0,0.0018952705611831814,0.0021629352285049293
0.4811894697428234,-0.000193965557841542,0.0,0.0019335392927046276,0.002200229020688642
0.4816341955722476,-0.000193529280774951,0.0,0.001971740119644664,0.0022374524978676495
0.48232864001669207,-0.00019284098231617578,0.0,0.002031257926699796,0.00229543907492195
0.48302308446113656,-0.00019214456019259486,0.0,0.002090616935081275,0.002353261165611882
0.483717528905581,-0.00019143986059045508,0.0,0.002149821098444811,0.002410922465413469
0.4844119733500255,-0.00019072690391863257,0.0,0.0022088744599652933,0.0024684268746393923
0.48510641779447,-0.00019000608681888793,0.0,0.0022677810695156415,0.0025257788284034776
0.48580086223891444,-0.00018927734950302625,0.0,0.002326545056634777,0.002582982287670785
0.48649530668335894,-0.00018854026378447298,0.0,0.002385170544721148,0.0026400407155407176
0.4871897511278034,-0.00018779491749076953,0.0,0.002443661450552792,0.0026969580568501025
0.4878841955722479,-0.0001870418217157855,0.0,0.00250202161407451,0.0027537387117004494
0.4885786400166923,-0.0001862808912582209,0.0,0.002560255082590833,0.002810386456603658
0.4892730844611368,-0.00018551141401265857,0.0,0.0026183659826562013,0.002866904378476625
0.48996752890558126,-0.00018473329836516856,0.0,0.00267635813321571,0.002923296167349936
0.49066197335002576,-0.00018394739855393248,0.0,0.002734235125990799,0.0029795664659977277
0.4913564177944702,-0.00018315394451952165,0.0,0.0027920008663458377,0.003035719261848661
0.4920508622389147,-0.00018235158440021193,0.0,0.0028496596355614637,0.003091756897463039
0.49274530668335914,-0.00018153926702090337,0.0,0.0029072153329788297,0.003147681969071429
0.49343975112780364,-0.00018071843835320352,0.0,0.002964671052569438,0.0032034995610498145
0.49413419557224814,-0.0001798912282659236,0.0,0.0030220300376223295,0.003259215458058319
0.4948286400166926,-0.00017905613221856008,0.0,0.0030792968549576993,0.0033148318097949905
0.4955230844611371,-0.00017820847263270528,0.0,0.003136476534468627,0.003370347510133114
0.4962175289055815,-0.00017735101449001977,0.0,0.0031935709122286643,0.0034257689096793852
0.496911973350026,-0.00017648564021937246,0.0,0.003250583344265801,0.0034811009460337375
0.49760641779447046,-0.00017561109971646279,0.0,0.0033075181862268037,0.003536345985027948
0.49830086223891495,-0.00017472623179664258,0.0,0.0033643791403371614,0.003591506648150061
0.4989953066833594,-0.0001738313407712996,0.0,0.003421169378640883,0.0036465865748921467
0.4996897511278039,-0.00017292655357165933,0.0,0.0034778923885487962,0.0037015890537979925
0.5,-0.0001725189027213859,0.0,0.003503213165771464,0.003726137486594909
