index,label,feasible,small_min_deg,small_max_deg,large_max_deg,h_s_low_before,h_s_low_after,h_s_high_before,h_s_high_after,sector_smin_to_lmin_deg,sector_lmin_to_smax_deg,sector_smax_to_lmax_deg,sector_lmax_to_next_smin_deg,indicated_thermal_efficiency,indicated_power_w,heat_input_w,heat_out_w,maximum_tube_reynolds,maximum_tube_mach_number,maximum_absolute_mass_flow_kg_s,cold_isothermality_error,hot_isothermality_error,pressure_equalization_error,small_max_abs_dV_dtheta,large_max_abs_dV_dtheta,small_max_abs_d2V_dtheta2,large_max_abs_d2V_dtheta2,convergence_cycles
0,sobol,True,77.61742126569152,233.2187225781381,361.3240712080151,-0.2898684712126851,0.02545475559309124,-1.3830649688839913,-0.781418874906376,102.38257873430848,53.21872257813811,128.10534862987697,76.29335005767643,0.17932892370280287,42.18795425500256,235.25460022790048,-193.1012125890794,585.3233954443976,0.04090324927214674,0.011250437870284017,0.02537415604574335,0.061053717745909016,0.01898522148006843,0.0005680261064318235,0.0005888922952075926,0.0013261161557358335,0.00119727912129545,22
1,sobol,True,68.73707914724946,241.91970128938556,369.0894623231143,0.05417286218144002,-0.28737985719926656,-1.6860470265150072,-1.0572745743673295,111.26292085275054,61.91970128938556,127.16976103372872,59.647616824135184,0.19422868767081192,53.91311081936513,277.57542650311086,-223.64135718056448,511.0358843191461,0.045580950084285254,0.009822565629130675,0.029145047361629713,0.054456016440709826,0.01992288327988055,0.0005334619977112236,0.0006435163410632891,0.001206638534008747,0.0014749204415700585,22
2,sobol,True,71.64843902364373,236.7825018465519,364.5621723346412,-0.5072016132529825,-0.21822068402543665,-1.4771729797124862,-0.6135703290812672,108.35156097635627,56.782501846551895,127.77967048808932,67.08626668900251,0.19671586405706784,52.07632346339496,264.728641551184,-212.69309929656353,542.3077537164113,0.03664333124895832,0.010423638858869686,0.028689129883787513,0.05176749604547053,0.017881569932147595,0.0005312060365668368,0.0005952470432278185,0.0012239281365842378,0.0012909323092745717,22
3,sobol,False,74.71774580702186,243.9838468581438,367.11049745231867,0.3309153469279408,0.1911097494419664,-1.1802530720829965,-0.8899572728201747,105.28225419297814,63.98384685814381,123.12665059417486,67.60724835470319,0.16610769418874866,38.28429451107412,230.47875475034627,-192.21042326280258,614.5818329914274,0.049986893820474075,0.011812811143531578,0.02567523757379639,0.06098713986609257,0.022260819912848912,0.0005081240015029278,0.0005922321482495788,0.0010252684130845487,0.001169939157968132,22
4,sobol,False,73.65840703248978,238.22487127780914,370.65226111002266,0.14412912102416153,0.24460178981535136,-1.2869670391082764,-0.7085588506422937,106.34159296751022,58.22487127780914,132.42738983221352,63.00614592246711,0.1624214951047428,37.21873925345226,229.14909895054558,-191.94252692532106,609.6151970465105,0.04538135538710414,0.011717347969570826,0.025385543878420506,0.06466245103073603,0.02021830647621537,0.0005418011343981714,0.0006267904119803448,0.001137757242601774,0.0012790668388069236,22
5,sobol,True,70.44609478861094,243.01169316470623,362.88564426265657,-0.4390493356157094,-0.09588462514802815,-1.7836914405226707,-0.9629135305061937,109.55390521138906,63.01169316470623,119.87395109795034,67.56045052595437,0.18325671745363842,42.618206576954854,232.5601329606742,-190.01712224153783,499.140271096944,0.04226307643434999,0.00959392133005272,0.02382617377165801,0.0654136207955633,0.01951247489621478,0.000562516266016748,0.0006524630736790684,0.0012594565307107461,0.0014233350165447473,29
6,sobol,True,67.7324546650052,235.7857259772718,367.421484220773,-0.11724785161204637,-0.44922420107759536,-1.5810910686850548,-0.8657902691978961,112.2675453349948,55.785725977271795,131.6357582435012,60.310970444232225,0.18980500655760052,57.10474521299489,300.86005763849647,-243.73882018553576,539.8928256767138,0.04108295551412682,0.010377221787412638,0.032254371945473544,0.046577354698307614,0.018645145258715873,0.0005228000351600366,0.0006060617382794859,0.0012313478155706523,0.0013900249753094967,22
7,sobol,True,76.38373157382011,239.07291398569942,364.8768161088228,-0.23708187555894256,-0.011875662300735723,-1.077913510799408,-1.1205162621568887,103.61626842617989,59.072913985699415,125.80390212312341,71.50691546499729,0.1909642634398775,50.08918342978532,262.29610989783555,-212.1551001305358,624.6037570911878,0.04330831611516047,0.012005441466021,0.031233980507985627,0.04981224863116091,0.01923181631527482,0.0004962548489717624,0.0005488334172097483,0.0010577499274388685,0.0010867589682219834,22
8,sobol,True,77.29707479476929,236.22905343025923,367.8807187397033,-0.3965468693058938,-0.340367932850495,-1.1154540233314036,-0.636417390126735,102.70292520523071,56.22905343025923,131.65166530944407,69.41635605506599,0.19499482729212128,56.16146848392364,288.01517078085504,-231.826485872471,616.7369944645661,0.03650499006348397,0.011854235269822598,0.035926860448828965,0.04597022233908068,0.017790749414526415,0.0004851914872889101,0.0005333541484419307,0.0011283716616896074,0.0011453491362929927,22
9,sobol,True,68.31913790851831,244.90645454078913,365.6670094784349,0.19056811295449727,0.0675004913471639,-1.418526080995798,-1.0346880171447992,111.68086209148169,64.90645454078913,120.7605549376458,62.652128430083394,0.1859062337047893,45.9208276362864,247.01069308523887,-201.10193896835952,534.0726937837528,0.0496948713400823,0.010265353659864274,0.025943605279749978,0.057431829098601075,0.021907366670323704,0.0005085109535563652,0.0006131981976524935,0.0010449707142591164,0.0012763935390232304,32
10,sobol,True,71.21877867728472,233.79576160386205,369.881780076772,-0.1389089234173298,0.13666109363548457,-1.6213784374296665,-0.7941149646881969,108.78122132271528,53.79576160386205,136.08601847290993,61.33699860051274,0.17555053844355115,41.152045246717876,234.41708360211297,-193.2850269686734,558.1594203965826,0.04164950513084079,0.010728322034894657,0.024668552308614092,0.06805105364313836,0.01831533035212269,0.0005884730908923378,0.0006695081149434727,0.0013362401397474719,0.0014528502937426698,22
11,sobol,True,74.3856809437275,240.97352883592248,362.40677370131016,-0.007718303753063038,-0.17471150709316136,-1.3243532232940196,-1.1918444292154162,105.6143190562725,60.97352883592248,121.43324486538768,71.97890724241734,0.19582278359399177,52.63640502382079,268.79612299329904,-216.13714233011467,568.7507443548304,0.04717726363495344,0.010931896730667495,0.030766192934959604,0.049764346246008756,0.02086273919845055,0.0005065182776186263,0.0005656303457201258,0.0011284618664762548,0.0011820668761219947,22
12,sobol,True,75.5842154584825,235.21459786966443,364.1041918788105,0.04483635476790371,-0.13884453037753702,-1.017785931378603,-0.7312166950199753,104.4157845415175,55.21459786966443,128.8895940091461,71.48002357967198,0.19407093645771537,53.977083804947085,278.1306917468693,-224.12468419212885,625.7953378192417,0.04306781077074618,0.012028344710710579,0.033749373385357224,0.043783172638166744,0.020120394989555188,0.00048572175807210075,0.0005247695075832362,0.001066882953282895,0.0010460622811679964,22
13,sobol,False,72.28199869766831,240.0249058045447,366.31912635080516,-0.31009770007804033,0.2999660176690668,-1.5146156452596187,-1.107823891704902,107.71800130233169,60.02490580454469,126.29422054626048,65.96287234686315,0.13201907329347584,27.25861956764535,206.47485918227866,-179.22141472564817,577.5652567226745,0.04424656217277389,0.011101319522449101,0.02258827402747824,0.0749992577868141,0.0189453669981088,0.0005675433798007127,0.0006525473153972882,0.0012040761362819893,0.001337091843331032,22
14,sobol,True,69.55663946643472,238.77252330631018,362.0958063416183,0.2584884605370462,-0.05337212635204197,-1.7237263701856136,-0.5638343052007259,110.44336053356528,58.77252330631018,123.32328303530812,67.46083312481642,0.18218779453464462,42.56631731538374,233.63978593686406,-191.10036442643607,510.5763631931083,0.04727213566497502,0.009813733223115798,0.022637089705643307,0.06520296363412166,0.022227884893507452,0.0005672864981365291,0.0006423590243856626,0.001281600802001201,0.0013803355857833993,22
15,sobol,True,78.29782160744071,242.0831975415349,369.56715504080057,-0.5831011651549488,-0.39532055337913335,-1.220458806306124,-0.940060270577669,101.70217839255929,62.0831975415349,127.48395749926567,68.73066656664014,0.1940206499044129,55.520372677462774,286.15702867099816,-230.57366086079605,602.6857596875163,0.036858473314776,0.011584158001272703,0.036142701051608515,0.05351037641367341,0.01745223285550417,0.00048269999009183594,0.0005522296832433789,0.0011152314238168347,0.0012261107911955883,22
16,sobol,False,78.96425046771765,238.31440941616893,365.85929753631353,-0.08448326867073774,0.16273689405061303,-1.5258276708424092,-1.0631019766442478,101.03574953228235,58.31440941616893,127.5448881201446,73.10495293140411,0.15363095733762994,32.535578737217286,211.77749134059528,-179.24955635040487,574.2625068524169,0.04579385672842037,0.011037837723317854,0.022159911918799964,0.07356603223148944,0.019805485157135774,0.0005876909454060506,0.0006402093968339544,0.0013402041313897999,0.001335969376438452,22
17,sobol,True,69.65782232582569,242.55008384212852,368.3134092055261,-0.20963001972995698,-0.2480583803728223,-1.029292096942663,-0.7708211330696941,110.34217767417431,62.550083842128515,125.7633253633976,61.34441312029958,0.19452726989119942,57.70004664848649,296.6167503443531,-238.89545028558,568.8901259736413,0.04053974269926431,0.010934575769733583,0.03500440331794424,0.04283062785292628,0.019305284437830642,0.0004410929041424745,0.0005287985104101729,0.0009146717122718466,0.0011042439560048222,22
18,sobol,True,72.9339279383421,234.7469680160284,362.84070366434753,0.11424264372326431,-0.2729231934528798,-1.2324875615537167,-0.895872998284176,107.0660720616579,54.746968016028404,128.09373564831913,70.09322427399457,0.1936575923517025,56.25735081119427,290.49907172771736,-234.22501290819025,584.0383324128386,0.04469645201054291,0.011225737812318663,0.03372273947813268,0.043741021537940565,0.020287259196053734,0.0004997330065698593,0.000543386060303777,0.0011487685830775228,0.0011409159643676712,22
19,sobol,False,75.67639177292585,240.48374098539352,370.0728668216616,-0.46775440294295545,0.04723562970757483,-1.7358547098934651,-0.6029034588020296,104.32360822707415,60.483740985393524,129.58912583626807,65.60352495126426,0.1661202614226785,34.797036250354864,209.4689470889818,-174.67929883877702,539.1177094296158,0.037874759369801315,0.01036232336160548,0.022287626528629707,0.07312110845455015,0.017952576159324034,0.0005914753408823039,0.0006829219500125122,0.0013571027301823876,0.0015197102347618446,22
20,sobol,True,73.92399855330586,234.24283207952976,366.1256178319454,-0.5332539401017129,0.01429974865168332,-1.4281641893088817,-0.995003778161481,106.07600144669414,54.24283207952976,131.88278575241566,67.79838072136045,0.18941995695451078,47.35838064293631,250.017904155207,-202.8364883341358,552.8752822579324,0.03810871986627236,0.010626756185503404,0.02666845328519756,0.05846002277915691,0.01704279198578649,0.0005572796242073579,0.0006117063185251413,0.0012728634352757577,0.0012882503304286036,34
21,sobol,True,70.94807569310069,240.5176633298397,363.67272183671594,0.2986080627422779,-0.41572457416914405,-1.1253831662237643,-0.681219745380804,109.05192430689931,60.517663329839706,123.15505850687623,67.27535385638475,0.1899674418600138,57.22275602680705,301.22401747650133,-243.98207464802454,572.7683813341882,0.04590413185047117,0.011009119297838764,0.035428932052457784,0.04035679703295403,0.021957541760081335,0.000450621413385623,0.0005158943577792978,0.0009958946188260548,0.0010964573805801294,22
22,sobol,True,67.8491813056171,236.68417466804385,369.1368875410408,-0.2606916092801839,-0.11253873333334924,-1.3348339952528476,-1.1528547666035591,112.1508186943829,56.68417466804385,132.45271287299693,58.712293764576316,0.19540149135144888,56.700597177372465,290.17484352456063,-233.45511477495816,531.57695426327,0.04078783689471299,0.010217383319648698,0.031429843787641916,0.047035395177166546,0.017481693093605692,0.0005059629439132641,0.000595187033747298,0.0011035745011110675,0.0012827824735312287,22
23,sobol,False,77.01113985851407,244.46010464057326,361.901057170704,0.08544437261298299,0.22648284626193343,-1.6319557003676892,-0.838222106732428,102.98886014148593,64.46010464057326,117.44095253013074,75.11008268781006,0.09942908308815387,17.878437169934635,179.81094278103322,-161.93419795296634,552.054658616052,0.049163040665134994,0.010610983066968048,0.01903446433270004,0.08127063775022579,0.022404854954729946,0.0005796982999590861,0.000648849710694132,0.0012646959252088064,0.00133091161028025,22
24,sobol,True,76.28532864525914,235.30120754987,368.65797331929207,0.28938987557776275,-0.19795741215348245,-1.7692213773727417,-1.0050571823958308,103.71467135474086,55.301207549870014,133.35676576942205,67.62735532596707,0.1888406973543524,49.18978658485712,260.4829746659659,-211.24532524013452,549.3317423533191,0.047088986280067364,0.010558646187085425,0.027738242301707027,0.06504718229742947,0.02004982574512875,0.0006009427437715832,0.0006639422677191857,0.0014755348647851711,0.0015129439170310098,22
25,sobol,True,67.0750304274261,239.56036802381277,361.1305435039103,-0.5538450308144093,0.12366910320706664,-1.2725926980376245,-0.6714539693202823,112.9249695725739,59.56036802381277,121.57017548009753,65.9444869235158,0.17813433383755164,43.00134857775517,241.39843033836445,-198.43222823913723,557.9195134455028,0.03858834774965361,0.010723710809256354,0.02542764223022176,0.05448417366780929,0.018605824023542675,0.0005049784422578422,0.0005797084711462668,0.0010291747819904627,0.001139312421209773,22
26,sobol,True,70.36285514757037,237.73669666424394,366.91576783917844,0.013144689425826028,0.09880285542458295,-1.062502358853817,-1.1621246320195495,109.63714485242963,57.73669666424394,129.1790711749345,63.44708730839193,0.18722692449548814,51.38466602237115,274.45126367820797,-223.0299711976251,610.3235198844714,0.04551374359468383,0.011730962566463082,0.03132672783424104,0.048906127824601034,0.019308584909076467,0.0004903142934843271,0.0005644497596662511,0.0009919510886154024,0.0011042638833597743,22
27,sobol,True,73.00918834283948,243.49695586040616,364.13192342408,-0.3369405019562691,-0.3134601028170437,-1.5659717202186585,-0.8292200330644846,106.99081165716052,63.49695586040616,120.63496756367385,68.87726491875947,0.1942356371079845,50.97179755877297,262.4224798173129,-211.41144766297106,536.7016581303398,0.04116816143741554,0.010315884700097191,0.029467661185509184,0.054554595034195436,0.019703167847423594,0.0005216619595928365,0.0006020269981335842,0.0011894268933433704,0.0013306653620995441,22
28,sobol,True,74.9974569901824,237.2560910321772,363.31835421174765,-0.16678093061782417,-0.3757369365077466,-1.6731249406933786,-1.0944595859386026,105.0025430098176,57.25609103217721,126.06226317957044,71.67910277843475,0.19190783315693935,52.246696496616856,272.24890009513206,-219.97977318131936,564.481565350253,0.04348212380088795,0.010849839301352452,0.03014610161618936,0.054752964950336026,0.019411271583951006,0.000561398819260162,0.0006137742151905538,0.0013679678883972478,0.0013735037910745718,22
29,sobol,True,72.11290349066257,243.5073446817696,370.8445678316057,-0.03814883017912507,-0.038183049112558376,-1.3702417105436324,-0.7391957320272923,107.88709650933743,63.50734468176961,127.33722314983606,61.2683356590569,0.19585729197731414,49.59096403211662,253.19947769859223,-203.6373131675235,544.6829155081493,0.043191072996961594,0.010469291587562572,0.027791672394641313,0.05409213218066414,0.02002332211995665,0.0005090407804083825,0.0006140227197844854,0.0010871044266680648,0.001328658582676346,22
30,sobol,True,69.02572821080685,233.69450346380472,365.0678839664906,-0.3692476746626198,0.2650013654027134,-1.1664158433675766,-0.9264470687601716,110.97427178919315,53.69450346380472,131.3733805026859,63.95784424431622,0.17089644126911707,41.880549538337334,245.06390669883203,-203.2107553196446,620.4015208163756,0.04034473137625399,0.011924670735696552,0.026749753757622716,0.05841512765970607,0.017824745742776742,0.0005273486702428495,0.0005909634673254944,0.0010764409842407537,0.0011355234959110334,22
31,sobol,True,78.09631668776274,241.44685565680265,367.8553949240595,0.2236584012862295,-0.16355527359992267,-1.463630647957325,-0.5720417601522059,101.90368331223726,61.446855656802654,126.40853926725686,70.24092176370323,0.19425223912278825,47.51993516643638,244.63005101526107,-197.1372687096512,563.8468059020374,0.044984939025965294,0.010837638658442384,0.027560396924416156,0.05727550753694342,0.021402614263487663,0.0005388592338322684,0.0006087281476854002,0.0012439626261639815,0.0013334642364224965,22
32,sobol,True,78.04766160622239,237.03523221984506,370.0375668834895,0.10937250982970004,-0.02334736967459322,-1.5578990913927555,-0.9065059660002589,101.95233839377761,57.03523221984506,133.00233466364443,68.0100947227329,0.1885462955126834,45.62458972513771,241.9808334132376,-196.43187295964273,551.6765432527428,0.044925468902529575,0.010603715352340852,0.026047823029921504,0.06473567157649146,0.019660060564250674,0.0005793277891792218,0.0006451426881435854,0.0013634126274812749,0.0014202652925349199,29
33,sobol,True,69.06862550601363,244.10759945586324,362.2500511202961,-0.2550717124249786,-0.43707604059018196,-1.0612702243030072,-0.5919531191699208,110.93137449398637,64.10759945586324,118.14245166443288,66.81857438571751,0.18909585774877066,56.96787348866053,301.26452354311755,-244.24450323630288,562.4343621214479,0.03991907994209635,0.010810490228834976,0.035711483778920645,0.04751779478646067,0.020226240521716985,0.00042588486323670604,0.000499273056805456,0.0009064376290588045,0.0010464276498598402,22
34,sobol,True,71.96968587860465,233.09644738584757,368.03708712011576,0.31189075731672344,-0.08390884129330517,-1.2519742958247662,-1.0737349334638566,108.03031412139535,53.09644738584757,134.9406397342682,63.93259875848889,0.18904414125847346,55.24325037518451,292.2240806164542,-236.96462291439857,572.5313165807996,0.04657500753332957,0.011004562701775817,0.032915967979257235,0.04816916299453983,0.019474257037338998,0.0005199369394004825,0.0005799683372561637,0.0011686943886962987,0.0012214809963801976,22
35,sobol,False,75.1347565986216,241.66844832152128,365.5108878426254,-0.5169416023418307,0.23332248623482882,-1.7554434634745122,-0.7598707825411111,104.8652434013784,61.66844832152128,123.8424395211041,69.62386875599623,0.09911234976496233,17.802417880025622,179.61856340045162,-161.81805507026155,554.7044861242333,0.04035741856319946,0.010661915115780362,0.02024975055440757,0.08420414610275126,0.018635527914690125,0.0006018231806434941,0.0006837912399012287,0.0013386253967401542,0.00145160434167916,22
36,sobol,False,73.33480224758387,235.89635682851076,361.9396759327501,-0.46548848329111936,0.2033158456441015,-1.4618156276643277,-1.1422218061517924,106.66519775241613,55.89635682851076,126.04331910423934,71.39512631483376,0.15720312729162284,34.89139817878669,221.951043722309,-187.07184744554976,571.4291206287177,0.042281988716020624,0.01098337751222712,0.022967080569260962,0.06863989434460961,0.018379315695760474,0.0005698769967124394,0.0006193731496562045,0.0012551342673404891,0.001245411564271542,22
37,sobol,True,70.03148627281189,239.33582278341055,369.7235346157104,0.14180380324833097,-0.22963588619604708,-1.1589322037994862,-0.8491724584717304,109.96851372718811,59.33582278341055,130.38771183229983,60.30795165710151,0.19400601828557593,57.892889334635136,298.4076981025253,-240.49909536049668,558.6207403582489,0.04413971497447248,0.010737189016135186,0.03424702302026369,0.04177403368974372,0.01996737268193099,0.0004702005808657338,0.0005565671791998503,0.0010147889638235322,0.0011943264259797117,22
38,sobol,True,67.30754664540291,237.96050805225968,363.9474798589945,-0.1892968956846744,-0.29862411324866117,-1.3558748073875904,-0.9843708092346788,112.69245335459709,57.960508052259684,125.9869718067348,63.360066786408424,0.19443593068324028,57.480767327086795,295.6283189279966,-238.12905620855042,535.2585646758548,0.042196398516104065,0.010288147156412696,0.03212550068828809,0.04361054587148677,0.01917845958828419,0.0004902596074117705,0.0005657414639462747,0.001089925693594758,0.0012191617735028046,22
39,sobol,False,76.04689723998308,242.89960788562894,366.47490494325757,-0.07503653829917312,0.037464156467467535,-1.6530894242227079,-0.6921700886450708,103.95310276001692,62.89960788562894,123.57529705762863,69.57199229672551,0.16906282307490056,35.711997539903976,211.235071616439,-175.52729138104112,532.0455010091702,0.043984361075201435,0.010226389206129744,0.021860848565737563,0.070283075047213,0.020587194411062094,0.0005708777397064615,0.000653483611197103,0.0012839764968408831,0.0014132554408015998,22
40,sobol,True,76.86800197511911,234.0484305769205,364.718599146232,0.2105205979663879,-0.38404283677227796,-1.7402621775865554,-1.1727563635911793,103.13199802488089,54.04843057692051,130.6701685693115,72.1494028288871,0.18638764633638566,51.95413124091706,278.7423537027348,-226.76911914617227,582.5206220212501,0.047005027232306706,0.011196566064531807,0.03094659499099893,0.05784277583829189,0.019897673297646135,0.0005903826458207006,0.0006302557723304535,0.0014943933817366804,0.001430585472213708,22
41,sobol,True,67.986561357975,241.09731730818748,366.95443424768746,-0.3858789671212435,-0.06534954188391567,-1.243726409971714,-0.8182709271553904,112.013438642025,61.097317308187485,125.85711693949997,61.03212711028755,0.19670648040162755,53.394843133955575,271.44425046361505,-218.00338782441193,540.8664802412277,0.039655493726277705,0.010395936296811098,0.029698798552962445,0.04701920841161951,0.01857636042138114,0.00048422819509423397,0.0005766794177750291,0.0010087758223668551,0.0012018235965564178,22
42,sobol,False,70.89934012293816,236.1067165248096,361.47987826168537,-0.06198995336890223,0.28781908652745186,-1.0461537852883338,-1.015688905492425,109.10065987706184,56.1067165248096,125.37316173687577,69.41946186125278,0.16394583794613346,39.331341959944204,239.90448585140066,-200.59263370538372,649.9398998803996,0.046083156304310195,0.012492424734657063,0.0266052006258909,0.059412140080454055,0.020145126089480107,0.000513030847309746,0.0005652053985334167,0.001010071290278317,0.0010298109695943518,22
43,sobol,True,73.9668160751462,244.65523713454604,368.932759989053,-0.17277764524333178,-0.12737154895439745,-1.5495207458734512,-0.6605048549361527,106.0331839248538,64.65523713454604,124.27752285450697,65.03405608609319,0.19400462552725073,46.86586868701917,241.5708829603972,-194.7297690863263,521.8249269465405,0.041689007939309713,0.010029940654123805,0.026502773563209937,0.058215369750480785,0.019930212274712224,0.0005310576549787388,0.000630811689279257,0.0011790229619233277,0.0013973916129019447,32
44,sobol,True,75.90898776426911,238.88310138508677,367.2647901009768,-0.35695476331748066,-0.18672253964468838,-1.642611663043499,-0.9158153541386127,104.09101223573089,58.883101385086775,128.38168871589005,68.64419766329229,0.19444587456491505,48.52764299877011,249.5688998666276,-200.9799249343069,543.5628935903475,0.0402249088701716,0.010447763767048888,0.027317959088140716,0.06009137300552969,0.01841433428956995,0.0005667397651831469,0.0006365638793038983,0.0013404980516281723,0.001420577467377111,22
45,sobol,False,72.69557702168822,242.34613939747214,365.0326126012951,0.003552933316677831,0.14790376271121203,-1.3398304522037505,-0.5829908684827387,107.30442297831178,62.34613939747214,122.68647320382297,67.66296442039311,0.16606528953763794,36.745122891567775,221.26913453060678,-184.5381199867375,571.2901043217785,0.04446081876945134,0.010980705494781124,0.023740761272055315,0.06192627781049982,0.02109177535949514,0.0005246168778504137,0.0006055656571322041,0.0010953335518075025,0.0012259212073950003,22
46,sobol,True,69.98335578665137,234.95018146932125,370.4961867108941,-0.5557339840568601,0.0789169675670564,-1.148487251996994,-1.0838278604205698,110.01664421334863,54.95018146932125,135.54600524157286,59.487169075757265,0.19077570697211713,52.30029522063544,274.1454666881638,-221.79129855238136,592.0101683380656,0.03674683202684015,0.011378963611059837,0.03079686201701054,0.04908937564728868,0.015995914156314472,0.0005070200954164909,0.0005874395412596297,0.0010636833509774727,0.0011994073087497948,22
47,sobol,True,78.6328018642962,239.91285318136215,363.042079847306,0.26174177988432346,-0.3525727997068316,-1.44560876339674,-0.7501448294613511,101.3671981357038,59.91285318136215,123.12922666594386,75.59072201699018,0.19504530371480852,51.52304823141726,264.15938887076857,-212.60105141721488,592.0835084928904,0.04641339683621749,0.01138037327426769,0.03130307229079199,0.050850590362512584,0.021889840218892554,0.0005292164278021189,0.0005742017182895703,0.0012667682168094306,0.001252680209144128,22
48,sobol,False,78.53481067717075,234.68181889131665,366.7596827112138,-0.22030023466795684,0.21445985552854835,-1.3009821340441703,-0.6245194289367646,101.46518932282925,54.68181889131665,132.07786381989717,71.77512796595693,0.1505335577246049,32.22319665308021,214.0598889719411,-181.84429643565215,623.5428520585109,0.0406799771863835,0.011985049924781919,0.023234604498791847,0.06837316083241814,0.018817722116685066,0.0005702503125534023,0.0006118867813160223,0.001271507039739373,0.001229727621734099,22
49,sobol,True,69.32561131566763,240.17243230715394,364.28832920640707,-0.10442358828149734,-0.10130663663148881,-1.6040543854236602,-0.8793255448807031,110.67438868433237,60.17243230715394,124.11589689925313,65.03728210926056,0.19540307590205494,49.30402973755747,252.31961938138033,-202.9487347275826,507.5990183479053,0.04416579175146587,0.00975650599888374,0.02585594162452467,0.057869022855675474,0.020172519758264756,0.0005405465568129235,0.0006256913599114018,0.0012020100374437342,0.0013528273109157368,22
50,sobol,True,72.61192523688078,238.6242658123374,368.5012875441462,-0.4338987418916076,-0.40429721265099944,-1.4077007710933684,-0.7923679856583477,107.38807476311922,58.6242658123374,129.87702173180878,64.1106376927346,0.19407816027691874,56.2830285897413,290.0018657917735,-233.6948090244886,559.0177699203322,0.03734580900447529,0.01074482027853756,0.03321319406336198,0.049885300053092524,0.017716745763718105,0.0005046507156164893,0.0005815552663437909,0.0011770494068139325,0.001313028681080478,22
51,sobol,True,75.26008962094784,242.61378068476915,361.2863674145192,0.16851568948477502,0.0021072423085570224,-1.1106757447123528,-1.046642857324332,104.73991037905216,62.613780684769154,118.67258672975004,73.97372220642865,0.18737144604134456,47.115437295082245,251.4547349156176,-204.27143346559814,609.942645888055,0.04932810717431193,0.011723641828446391,0.029043482929502432,0.05142165822476167,0.02227225629885332,0.000488025703782257,0.0005440523953460071,0.0010153679511765296,0.0010599844881242313,22
52,sobol,True,74.24693904444575,236.3861228749156,365.223701748997,0.3398927741684019,0.05852423161268233,-1.203327015042305,-0.8548411572352052,105.75306095555425,56.3861228749156,128.83757887408137,69.02323729544878,0.18495626784527608,47.534203542595414,257.00239357316525,-209.3946987348987,597.6611500675486,0.048132622176533156,0.011487580521554916,0.028522037340165587,0.054519411058326195,0.02128974595445606,0.0005216954856069751,0.000576160123282699,0.0011292110650218646,0.0011569292417741629,22
53,sobol,True,71.36348440125585,244.38463757187128,367.69872239232063,-0.4864100579638034,-0.2848882484715432,-1.7001569166779518,-1.1311479828320443,108.63651559874415,64.38463757187128,123.31408482044935,63.66476200893521,0.19214727184579566,50.645445378246045,263.5761876384622,-212.8955111162782,515.052286881095,0.04102231869218301,0.009899764469698032,0.02878869047879547,0.0580870419039789,0.018489173660448912,0.0005362731789240457,0.00064108765607996,0.00121524169234357,0.0014588316644454492,22
54,sobol,True,68.274798322469,234.31977440789342,363.47477267868817,0.08220332483761017,-0.2602172696962953,-1.5100357308983803,-0.6976097471546382,111.725201677531,54.31977440789342,129.15499827079475,64.80002564378083,0.19616719659479023,55.22445281617273,281.5172657549176,-226.26850833063295,534.4121038278108,0.04373301499378345,0.010271877423723612,0.02953733238220313,0.04945876121141424,0.020269438925395847,0.0005304605247221052,0.000594008478339022,0.001226595441492522,0.0012919907992550528,22
55,sobol,True,77.34721798822284,240.81719038262963,370.68847720883787,-0.2880609828047454,0.17419930309988557,-1.006768360733986,-0.9735452596563846,102.65278201177716,60.81719038262963,129.87128682620823,66.65874077938497,0.17762671076633255,43.03320669826287,242.26765508748815,-199.26879952634232,663.6679028519222,0.04142092140622974,0.012756289199525973,0.028889037134525404,0.056443354183372936,0.0184476120143468,0.0005023094418879234,0.0005773559808891125,0.001011793843494313,0.0011228390986694836,22
56,sobol,True,76.71373860165477,237.67149150371552,362.6839642263949,-0.5886285766493529,-0.15136113557964564,-1.1943986974656582,-0.8050653103739023,103.28626139834523,57.671491503715515,125.01247272267938,74.02977437525988,0.19294388038393187,50.668968995735405,262.60987855593606,-211.88246855191358,603.5226917007539,0.037334682534407325,0.011600244581255434,0.031240185295148652,0.05153617578023971,0.01797084588514775,0.0005063149293349507,0.000547148466440938,0.0011412073945346196,0.00111947048372866,22
57,sobol,False,67.40840860083699,243.18567697703838,370.22863706946373,0.2341889061033725,0.25357559085823594,-1.497380942851305,-1.1812114578671753,112.59159139916301,63.18567697703838,127.04296009242535,57.17977153137326,0.16283362547148328,38.65269363898723,237.37537948362146,-198.74210464150838,557.769253651214,0.05026032426459435,0.01072082268195236,0.025746110696039656,0.06686465536571107,0.020638138108938855,0.0005357028435880267,0.0006603027641751657,0.0010890062750634228,0.0013897881785847014,22
58,sobol,True,70.68300412967801,235.61100831255317,365.7031969297677,-0.32719829566776754,-0.04941641986370088,-1.6877384252846241,-0.647367744287476,109.31699587032199,55.61100831255317,130.09218861721456,64.97980719991028,0.1893559924724212,45.431044825985694,239.92398779036535,-194.50960304259712,523.7541467893705,0.03939865477561395,0.010067021980701226,0.024268019286466394,0.06334851764941334,0.018493144002942653,0.0005766770607714322,0.0006496185229218332,0.0013312804582169325,0.0014190632928338825,22
59,sobol,True,73.42729843780398,239.62409506365657,368.469799509272,0.03215698269195855,-0.36371517512016,-1.3908187113702297,-1.0240550542715936,106.57270156219602,59.62409506365657,128.8457044456154,64.957498928532,0.1939377014865341,56.664289880627734,292.1777944478844,-235.4973080101328,562.3593315594319,0.044006953690751145,0.010809048074492771,0.03358158918426473,0.045895482064346266,0.01958528394893133,0.0005042341027472676,0.000581614753896789,0.0011662021165333952,0.00130334077647479,22
60,sobol,True,74.67348666489124,233.39639281854033,369.29328333958983,-0.03583570257760582,-0.32492092489264907,-1.0983137346804142,-0.5528839570935816,105.32651333510876,53.396392818540335,135.8968905210495,65.38020332530141,0.19302768324317895,57.68507105839409,298.8435134753269,-241.13896056097107,603.9169526815865,0.039614928592400865,0.011607822629056117,0.0361780025270716,0.039891825505630994,0.018921598952889158,0.0004844335035450781,0.0005362213716739646,0.0011221819514014844,0.0011549486204688742,22
61,sobol,False,71.69866194576025,241.3714270107448,361.74494387954473,-0.14033944541588428,0.11096337642520665,-1.595038329809904,-0.9506932249758393,108.30133805423975,61.37142701074481,120.37351686879992,69.95371806621552,0.16663064455198875,36.3281546349907,218.01604820448452,-181.70142256505721,532.39957558856,0.04608321995058481,0.010233194835441465,0.02217248874624503,0.06804456589053472,0.02081725771479494,0.0005581024612750667,0.0006324190400251801,0.0012144852293279735,0.00130994678178929,22
62,sobol,False,68.59825747460127,237.33297482132912,366.28137483634055,0.18144565997645257,0.13563292887993156,-1.7916435472667218,-0.7202663578093051,111.40174252539873,57.33297482132912,128.94840001501143,62.31688263826072,0.16139738805177947,35.55233174164119,220.2782348016394,-184.73155911524495,542.800422351075,0.0471621189170525,0.01043310838957367,0.02265947821682484,0.07432014080003277,0.020955903529403592,0.0005923738454516803,0.0006849751025916333,0.0013210635535477484,0.001483747866755766,22
63,sobol,True,77.76204650104046,243.80691047012806,363.51598852686584,-0.41701956191100176,-0.20924728810787202,-1.288466177135706,-1.1184568569995463,102.23795349895954,63.80691047012806,119.70907805673778,74.24605797417462,0.19485664833238567,50.903591553154456,261.23610350888987,-210.29560326543515,589.8736811227035,0.042605456656234664,0.011337898420663958,0.03164933798363552,0.05310897592686475,0.01969118125861221,0.0005001905722951913,0.0005602426542600316,0.001118314211078952,0.0011784874253845693,22
64,sobol,True,77.86336797475815,237.96901423111558,366.4415448848158,0.24437847002409396,-0.429804482543841,-1.0203712165355683,-1.1560299035161734,102.13663202524185,57.96901423111558,128.47253065370023,71.42182308994234,0.18386722841378933,56.988624842572655,309.94443835483804,-252.94520262650744,636.157099645922,0.046412460577036456,0.012227507017505508,0.04010634437589593,0.04982973414794929,0.020266278676754422,0.000459881196257075,0.0005510395859109359,0.0010619152628073623,0.001075801065954503,22
65,sobol,True,68.5146450176835,242.79147588089108,363.9714164417237,-0.5987911873497068,-0.018825254682451498,-1.523737768828869,-0.8401251141913235,111.4853549823165,62.791475880891085,121.17994056083262,64.5432285759598,0.1886727756903584,45.799538429248535,242.74587714982664,-196.97868897524592,515.3753556003861,0.03902259251171716,0.009905974138716057,0.025356133745038787,0.05747608609572116,0.018466017473316068,0.0005238840391041475,0.0006174652646722044,0.001119534247488968,0.0013063809367729288,22
66,sobol,False,71.8009476736188,235.9110950306058,369.44595750793815,0.027533598523586944,0.2404939084779471,-1.7144822761416436,-0.9880226650740951,108.1990523263812,55.91109503060579,133.53486247733235,62.35499016568065,0.1461701141061898,31.662059929830093,216.61103655449165,-184.95522040065055,569.8991225495394,0.04569497349070045,0.01095396958412204,0.023345150445627644,0.07833244638557216,0.019142841375377525,0.0006050195280417598,0.0006930480684880045,0.0013579663506501493,0.0014967728732316985,22
67,sobol,True,74.5886352956295,239.23319038003683,362.2273607775569,-0.3226023177150637,-0.07948114005848766,-1.2179468691349031,-0.6729665028396994,105.4113647043705,59.23319038003683,122.99417039752007,72.3612745180726,0.19209234590911503,48.70171170874027,253.5328072456494,-204.75794550948666,584.0852026463779,0.04012029243088459,0.011226638700023654,0.029005405765945638,0.050423251814542956,0.019452578263552133,0.0005042366009124859,0.0005559518502603684,0.0011023688516772687,0.0011256773869833916,22
68,sobol,True,73.52935242280364,233.08738044649363,365.5360462833196,-0.15238470281474292,-0.23400046611204744,-1.1242702022194861,-0.9053956752177328,106.47064757719636,53.087380446493626,132.44866583682597,67.99330613948405,0.19342158867535045,57.07207705606485,295.0657030940729,-237.9756903159504,598.8734959564996,0.04068737588680518,0.011510882891163057,0.035095192364643826,0.041948003036644255,0.01846232280694387,0.000493307973803216,0.0005370958491425546,0.0011242046122801556,0.001119417203648538,22
69,sobol,False,70.59865916147828,241.7771181985736,368.0025075878948,-0.023817851394414946,0.19584133378230034,-1.4213913589715959,-0.6086151762399823,109.40134083852172,61.77711819857359,126.22538938932121,62.596151573583484,0.16206566547017928,35.75589349965539,220.62596291399313,-184.8823752718861,563.9531205799163,0.044090360160204164,0.010839682121402322,0.023805955500041723,0.06462949754895113,0.020500264837257122,0.0005349875097813038,0.0006338568104787567,0.0011133655795707148,0.001312841330179813,22
70,sobol,True,67.50996181741357,237.02066567912698,362.5389578975737,-0.4142518747597933,0.033199712354689825,-1.6183911830186843,-1.0624684035778045,112.49003818258643,57.02066567912698,125.51829221844673,64.97100391983986,0.1869111905463888,45.80420894848707,245.05867634029698,-199.2786149676705,521.0950997269357,0.041766932764883795,0.010015912723830723,0.024605097537814567,0.06154677144876658,0.018478522717664796,0.0005564365821186118,0.0006327476567820602,0.0012277547221978512,0.00133358924598834,32
71,sobol,True,76.629619743675,244.2100373096764,369.75877022743225,0.1787049260456115,-0.3060042113531381,-1.3156103745102883,-0.7663766005076469,103.370380256325,64.21003730967641,125.54873291775584,66.87084951624274,0.1989427095034993,54.25355038402824,272.7094172962088,-218.4268005368534,573.0225359924929,0.04498374738882298,0.01101400437712135,0.03262006400554656,0.047511744287033295,0.021080616505536266,0.0004925998512546285,0.0005772629973216271,0.0011109409221863587,0.0012815249491315245,22
72,sobol,True,77.44927805289626,234.9821358770132,362.99754376895726,-0.0998289710842073,-0.06979709146544338,-1.277754194289446,-0.9346978511195629,102.55072194710374,54.98213587701321,128.01540789194405,74.451734283939,0.1919844474662366,49.19423420322061,256.240726019602,-206.99142290090415,600.1893408406542,0.043367300777892956,0.011536174603798039,0.029450050783783085,0.05364369713884137,0.019607769412636807,0.0005369297313019334,0.000568892251097781,0.0012366206571950526,0.0011661113554627483,22
73,sobol,True,68.19046014919877,239.78129440546036,370.5507566537708,-0.22492497605271639,-0.3912398294080049,-1.7812230072915554,-0.5790253721643239,111.80953985080123,59.78129440546036,130.76946224831045,57.639703495427966,0.19265667969070066,52.684328133879795,273.4622449554383,-220.74160520534753,516.8998512083434,0.03932294073141546,0.009935276304415111,0.029093718750948922,0.054866472461421456,0.018781087111304256,0.0005467645462411024,0.000659135954368839,0.0012726836787370912,0.0015536293357694393,22
74,sobol,True,71.46504369750619,238.9212863855064,364.76369619742036,0.1583553455304354,-0.13191923433914782,-1.5836816631257533,-1.092554118297994,108.53495630249381,58.92128638550639,125.84240981191397,66.70134750008583,0.19464611630317724,51.152012736208114,262.7949311690076,-211.68070426759203,525.0064853805017,0.04776150436169642,0.010091093045725686,0.02753473395472077,0.057410012015237696,0.020692963179768417,0.0005462231380310604,0.0006213960759568798,0.001241391603697887,0.0013495308274571512,22
75,sobol,False,74.16282698139548,242.220078792423,367.5242090821266,-0.42370691476389766,0.2805276801344007,-1.0870531983673573,-0.7360230940394104,105.83717301860452,62.22007879242301,125.30413028970361,66.63861789926887,0.15190511985182914,33.30226807721817,219.23071526293373,-185.93776595753823,646.4224936739257,0.040107498690403434,0.012424817049233107,0.02532010394443344,0.0626190568825278,0.01871728989319869,0.0005084337042203018,0.0005897721471674089,0.0009956118559792837,0.0011253057880051707,22
76,sobol,True,75.3614171743393,236.0742242448032,368.9861079994589,-0.4891485286876559,0.15525829042308031,-1.3800952903926373,-1.1665667043998837,104.6385828256607,56.07422424480319,132.91188375465572,66.37530917488039,0.17532055518756454,41.621723727743664,237.40355877389948,-195.81192896199656,586.805706693795,0.03962956108767901,0.011278929214975794,0.025804798315124427,0.06375537145337994,0.016923036792804144,0.0005603103460951101,0.0006268567122473902,0.0012415559580715074,0.001305340492961244,22
77,sobol,True,72.52831957489252,244.78735667094588,361.4365617316216,0.3426627280656248,-0.18247794387862087,-1.6773094989359378,-0.8298561050556601,107.47168042510748,64.78735667094588,116.64920506067574,71.0917578432709,0.18721236108647402,45.00338265539085,240.3868120364319,-195.30791836928654,513.3880092055468,0.05031907498089986,0.009867775567950068,0.024902263117078376,0.06101370251367076,0.023418120437288116,0.0005417263088406677,0.0006221427546518296,0.0012156468354042515,0.0013468090749627687,22
78,sobol,True,69.42790312319994,234.01044012606144,367.21263137087226,-0.27604448883794247,-0.34511813619174064,-1.4860326744616033,-0.9993430047761649,110.57209687680006,54.01044012606144,133.20219124481082,62.21527175232768,0.1931822637107535,57.50195480913226,297.65649136003685,-240.13700277913983,548.1516169908504,0.03951466491507246,0.010535963124742562,0.032416498270754164,0.046574813799371055,0.017576173453344425,0.0005255124969757391,0.0005959033660625958,0.0012365492860955225,0.0013355927702347228,22
79,sobol,False,78.44996610283852,241.22320625185966,364.45090221613646,0.07015670668333773,0.08325597709044813,-1.1831496112048625,-0.6619337913114578,101.55003389716148,61.223206251859665,123.22769596427679,73.99906388670206,0.17312839136774055,39.2915993451433,226.9506407050496,-187.67768722764546,620.4311826230031,0.045001076271453236,0.011925240862083403,0.02551083533018419,0.05891849057096867,0.021226389669156576,0.0005190210966081329,0.0005729151096824993,0.0011101701009738141,0.0011362650543937476,22
80,sobol,True,78.74181922152638,234.49784268811345,370.9761225655675,-0.38128457465209065,-0.1056624546647072,-1.663521408289671,-0.8740408965852111,101.25818077847362,54.49784268811345,136.47827987745404,67.76569665595889,0.19216310271004622,46.59427910613642,242.47255820198873,-195.89610362936278,556.2835860496216,0.038205939350092664,0.010692266825176946,0.026415631007632098,0.06537496050601954,0.017161990950287035,0.000602437111276484,0.0006608902744099576,0.001479242592320915,0.0014953872520025583,22
81,sobol,False,69.90377764031291,240.73872790113091,363.197156380862,0.20589562831446528,0.20698838350363075,-1.3666012860834598,-1.1275000291410833,110.09622235968709,60.738727901130915,122.45842847973108,66.70662125945091,0.16680855050167984,39.24241604944199,235.25422366790966,-196.0337682929088,568.2123250531479,0.050700193384044724,0.010921547831325889,0.02480756202098556,0.0630470702001765,0.021637128939388985,0.0005294371691753928,0.0006090074967470444,0.0010925581464680352,0.0012143374263882442,22
82,sobol,True,72.80482603237033,236.5594239756465,367.7226197849959,-0.18293821746483446,-0.0021656060591340176,-1.1701782442629338,-0.7066532280296087,107.19517396762967,56.559423975646496,131.16319580934942,65.08220624737442,0.193771608236828,51.03886570245828,263.3970279076101,-212.29458507482875,587.5313999444124,0.04052094059085376,0.011292877686696725,0.02976554106158726,0.04980349626414604,0.01885549939617905,0.0005066487094853701,0.0005733147668544741,0.0010903868795626344,0.0011728230319041776,22
83,sobol,True,75.8289033062756,244.29921064525843,365.19030220247805,-0.0517983509693295,-0.41167999296449126,-1.4731608502566815,-0.9597410474903881,104.1710966937244,64.29921064525843,120.89109155721962,70.63860110379755,0.19474575096236132,53.383727195919185,274.12011267057994,-220.7134792492878,564.9529304338855,0.04463968846865442,0.010858899358799159,0.032519211293379535,0.048395644372466164,0.02082560856118591,0.0005069722472374907,0.0005816513014092381,0.0011740255562929659,0.0012981130042382218,22
84,sobol,True,74.07656576484442,238.44490434974432,361.0075339525938,0.0008142378646880388,-0.2776258099358529,-1.7658609457314014,-0.6180125564336777,105.92343423515558,58.44490434974432,122.56262960284948,73.06903181225061,0.1870210364226341,45.7050350480815,244.38446028497185,-198.6080101021961,538.853876717693,0.04376682856929121,0.010357252261497849,0.025889103058279943,0.06132128516328295,0.021023163340728263,0.0005755796898779359,0.000629230255507314,0.0013793165911421448,0.0013846937007153106,22
85,sobol,True,70.81902964413166,242.69351346045732,368.7901572175324,-0.3541850376874208,0.06304294914007186,-1.2626832209527494,-0.8905931898392737,109.18097035586834,62.693513460457325,126.09664375707507,62.028872426599264,0.1890266938939496,47.416990075761326,250.8481162050259,-203.45422841065434,566.8366302138551,0.04089094302391559,0.010895105749156623,0.027743385405539788,0.05345638081399076,0.01872965302633241,0.0005005018835220892,0.0005981485570854438,0.0010319855955474467,0.0012381053240966891,32
86,sobol,True,68.09507803618908,234.5094218738377,364.25371257029474,0.2737580455839633,0.18137877197004854,-1.072533806413412,-0.7757048522587866,111.90492196381092,54.50942187383771,129.74429069645703,63.84136546589434,0.18060018024734253,47.680358918482945,264.0105832296618,-216.2531117573001,614.9720421095318,0.047231348414531506,0.01182031131091566,0.029046521583058295,0.0514174538618691,0.020970903988388502,0.0005021469611241746,0.0005660518375382586,0.001008307384807304,0.001076272387287542,22
87,sobol,True,76.78864984959364,240.25693226233125,366.7848043460399,-0.5677808269392699,-0.2557872438803315,-1.5692588038742543,-1.0477542413864285,103.21135015040636,60.25693226233125,126.52787208370864,70.00384550355375,0.19438850064509433,50.39300710535933,259.2386223368459,-208.80002960665942,558.7536292931217,0.03877023822995186,0.010739743260023386,0.029565491118612532,0.05688470351543996,0.017765694285165976,0.0005485479699152353,0.0006162870743981176,0.0012954263029600044,0.0013734970985749512,22
88,sobol,False,76.15664228051901,237.48761489987373,363.7754469960928,-0.24488237677142022,0.2609381651971489,-1.4319212213158607,-0.5670092871412635,103.84335771948099,57.48761489987373,126.28783209621906,72.38119528442621,0.1209810672140515,23.678896691470754,195.7239858826484,-172.04844211247377,593.3295216522753,0.04153830744649068,0.011404322758850607,0.020983743638801868,0.07421136935606991,0.01952964733310921,0.0005747132427573801,0.0006263586325009197,0.0012588874599778349,0.0012560597633262294,22
89,sobol,True,67.22723080217838,243.75189478695393,366.01249762251973,0.09920967440120876,-0.1471142152324319,-1.1348958402872085,-0.941963433008641,112.77276919782162,63.751894786953926,122.2606028355658,61.21473317965865,0.19536940388989152,56.254992774576955,287.94167179975517,-231.6670005426335,546.2522968144647,0.04628076683703667,0.010499456496429882,0.032264166554536435,0.04219695853253537,0.021118399926469168,0.00045394245166757686,0.0005482881056976695,0.0009230782896651257,0.0011311843397160868,22
90,sobol,True,70.13999830186367,233.5462671481073,361.79955301247537,-0.5215652112383395,-0.3562696311157197,-1.3251991540193557,-0.724235426960513,109.86000169813633,53.54626714810729,128.25328586436808,68.3404452893883,0.19302497952921455,56.52625609564389,292.8442538033715,-236.28893244325982,565.692271571433,0.03647613204930102,0.010873110155083167,0.03282725620259203,0.048871003849952334,0.017651497355530895,0.0005030246904542594,0.0005491236197856568,0.0011732632977989811,0.0011744526645939423,22
91,sobol,True,73.25544475764036,241.30944831296802,369.24878674931824,0.3164865070022642,-0.04508080780506135,-1.6282718077301979,-1.0995708041358738,106.74455524235964,61.309448312968016,127.93933843635023,64.00665800832212,0.19000513054644041,47.92977334605447,252.25515336460683,-204.26305624381607,524.6842277128692,0.04940405576220451,0.01008489896584414,0.026210841684853513,0.06351195811580626,0.020943734098630342,0.0005571674986320721,0.0006528171725082679,0.0012538471118747484,0.0014458882160651718,22
92,sobol,True,75.2437693066895,235.4550979398191,368.2021393850446,0.12975831758230927,0.10650742258876561,-1.5358156621456147,-0.80363779659383,104.7562306933105,55.4550979398191,132.74704144522548,67.04162992164493,0.17455483617133344,40.516008227330275,232.11048811940097,-191.61274193815305,561.4431147497139,0.0453746317158422,0.010791437569985915,0.02417452371244929,0.06760833395710504,0.0199798998432854,0.0005815481998364525,0.000645627357529451,0.001331071873322551,0.0013780807178822253,22
93,sobol,True,71.89010236784816,239.68040392920375,365.9614311568439,-0.45347085683606564,-0.3321205997373909,-1.0325478836894035,-1.1975559916812926,108.10989763215184,59.68040392920375,126.28102722764015,65.92867121100426,0.18810764524862003,57.98767123968469,308.26855103652457,-250.2642509625575,588.5381045035555,0.03981453003636558,0.011312227446478276,0.03724011113128599,0.0462304394529739,0.017877355344064177,0.0004481911423184806,0.0005144047537532333,0.0009727024301229632,0.0010763247978358586,22
94,sobol,True,69.17786986753345,237.5225441455841,370.18535764329135,-0.07226907587610187,-0.2137862116098404,-1.2291096135973931,-0.6357839720323682,110.82213013246655,57.522544145584106,132.66281349770725,58.99251222424209,0.1973682456004039,57.54935727606966,291.583669404375,-234.0127584353167,546.6890536610762,0.040569283715088514,0.010507851352684507,0.03257841198508625,0.04307056046788687,0.01909387961382677,0.0004842902652592166,0.0005715452037032434,0.0010597537768591997,0.0012398660325458125,22
95,sobol,False,77.96757178381085,243.24675159156322,362.73734904266894,-0.19203785788267852,0.12834456232376396,-1.7259398758411408,-1.0302433296106757,102.03242821618915,63.246751591563225,119.49059745110571,75.23022274114192,0.1360643743964299,26.148365026806516,192.1764248929851,-166.03303193804362,536.2679511395298,0.04664945712621545,0.010307548464792073,0.019672892737333997,0.07940921775839425,0.02090433360058041,0.000594125805782385,0.0006594772991733205,0.001344472302600042,0.001391469333955497,22
96,sobol,True,78.20015666633844,235.65984347090125,364.9201313536614,-0.543595445016399,-0.2945884727407247,-1.645598890632391,-0.6969736921135337,101.79984333366156,55.65984347090125,129.26028788276017,73.28002531267703,0.19126179038365979,48.389090217490924,252.99925364300566,-204.54405405742534,575.9204762511265,0.03643354567112147,0.011069705374356904,0.028627014917206147,0.05831999405125277,0.01757877554361505,0.0005794479690116371,0.0006203948667007316,0.001437665611458413,0.0013843478012439893,22
97,sobol,True,68.93950712680817,239.11091087386012,367.36813514865935,0.2791713199578225,0.020995583105832327,-1.3485733158886433,-0.9691032090689987,111.06049287319183,59.11091087386012,128.25722427479923,61.57137197814882,0.1910674057382432,51.14505482872367,267.6806890799099,-216.49287132215227,543.6779068276885,0.048074066820626364,0.01044997442408231,0.028580991564543305,0.05328881280465896,0.020847969671406674,0.0005141427211650881,0.0006033514180825764,0.0010927054769648962,0.0012640253111979,22
98,sobol,True,72.21560183167458,238.09276819229126,363.1533400937915,-0.3416234550066292,0.1838296083267778,-1.1396710403263568,-0.8643613521941006,107.78439816832542,58.09276819229126,125.06057190150023,69.06226173788309,0.17338134149904338,41.33839355852136,238.42469553593483,-197.11335938401123,615.4224042133393,0.04162889505668919,0.011828967672351835,0.026233115234409698,0.057007869376995736,0.019089481711097804,0.0005125436788526929,0.0005723233787481426,0.001047718243171715,0.001097354363666605,22
99,sobol,True,74.91228599101305,243.0442018955946,370.3940626643598,0.017797065293416403,-0.22275710413232447,-1.442743506282568,-1.1368621822446585,105.08771400898695,63.0442018955946,127.34986076876521,64.51822332665324,0.19801647647837312,53.98613190804918,272.63454470136185,-218.62488265206323,549.4001626965967,0.045315687497245856,0.010559961287126015,0.030954965066464616,0.051809466774628915,0.019761351573741225,0.000516168949308249,0.0006091467863785934,0.0011642606293255134,0.001362033823939953,22
100,sobol,True,73.11229581013322,236.908578902483,367.05592890642583,-0.05025365645997226,-0.09162876410409809,-1.7495062984526157,-0.7853843905963004,106.88770418986678,56.90857890248299,130.14735000394285,66.05636690370739,0.18934712546189048,45.56013188539263,240.61697147106904,-195.13016521605246,521.8103681506575,0.043262216870383396,0.010029660821077969,0.024635898413674955,0.0659634202842584,0.01958576991293046,0.0005874759914351997,0.0006623831689563078,0.0013807619889711824,0.0014744688282926535,29
101,sobol,False,70.27736657485366,243.94567830860615,364.6067094374448,-0.15470668151974676,0.2519675828050822,-1.2462383322417736,-1.0383920967578888,109.72263342514634,63.94567830860615,120.66103112883866,65.67065713740885,0.16021900224958963,36.18446497165912,225.84377922470676,-189.6740408832974,593.1291843406136,0.04646613831485014,0.01140047209698489,0.024761667519378926,0.06215235741560445,0.020608654323278217,0.0005088145071340546,0.0005997740463032817,0.0010034296036724672,0.001171177675682702,22
102,sobol,True,67.17846127972007,233.35028779134154,368.8300443291664,0.22648611031472676,-0.007548275683075201,-1.0435685329139233,-0.6276920838747174,112.82153872027993,53.35028779134154,135.47975653782487,58.348416950553656,0.18998258823483463,55.74465930382958,293.41983295292533,-237.6517016913355,583.8661278817544,0.044079429262140674,0.011222427887594958,0.033095534763184345,0.04240976193377339,0.02004216590464407,0.0004816766523041961,0.0005566807222708137,0.0009971198141343798,0.0011187347163170742,22
103,sobol,True,76.19942513480783,241.88775331899524,361.5929889716208,-0.3720443535130471,-0.4417811604682356,-1.5403986014425755,-0.8812310343142599,103.80057486519217,61.88775331899524,119.70523565262556,74.60643616318703,0.1906043557508231,51.640227322138145,270.9288941415765,-219.2581291256291,573.7138569831415,0.0409802477064654,0.011027292183339673,0.03219426049874682,0.05540980474496977,0.019744495512874435,0.0005242168273362889,0.00057957739074152,0.001246783064651966,0.0012801758050294417,22
104,sobol,True,77.1142519749701,238.67006757110357,369.6017359700054,-0.20497628664597867,0.07201098343357443,-1.452955959737301,-0.7145546573214233,102.8857480250299,58.67006757110357,130.93166839890182,67.51251600496471,0.1784529344389059,40.513903954593715,227.02851080582158,-186.53441150271306,567.5250978920105,0.0410154228263952,0.010908338712163177,0.02448668131992827,0.06449650766252782,0.01889628765680454,0.0005613762807775618,0.000633624779764983,0.001266241884049052,0.001355038434367149,22
105,sobol,True,67.76369809731841,242.09774620085955,362.0706489253789,-0.0891648609656841,-0.33310799770988525,-1.1560356497764588,-1.1089342018589377,112.23630190268159,62.09774620085955,119.97290272451937,65.69304917193949,0.19057227163768203,57.77420526303388,303.16165498029426,-245.37271823957815,550.4444814026454,0.04521909720411326,0.010580034024369425,0.034550314355898476,0.043871191988222744,0.020590799253483002,0.0004486067424583017,0.0005252241487088488,0.0009557926948321241,0.0010923301309955444,22
106,sobol,True,71.05151119455695,235.10592298582196,366.59792399406433,-0.4779752217698842,-0.1702725405804813,-1.358844518661499,-0.5573285066056997,108.94848880544305,55.10592298582196,131.49200100824237,64.45358720049262,0.19782093803740727,53.58579897004922,270.88031985732636,-217.24986172432057,548.3712730327713,0.0360325125592526,0.010540185109839516,0.029625251949768682,0.04877274809085516,0.01755025827557171,0.0005199268901379669,0.0005855939304998446,0.0011808470179221584,0.0012582940543125168,22
107,sobol,False,73.83810040727258,240.03396773710847,363.8152864612639,0.12448996277526014,0.1438437811564654,-1.6618269309401512,-0.9513268198352307,106.16189959272742,60.03396773710847,123.78131872415543,70.02281394600868,0.15495237860556238,32.820667014516495,211.81131461081245,-178.9978955078083,542.7649681500197,0.04860583932161062,0.010432426928198102,0.021409074186781753,0.07416770966128271,0.021359434901835478,0.0005822757740804925,0.0006538851669390437,0.001298411320005463,0.0013754225922740636,22
108,sobol,False,75.78023640066385,233.8983890004456,362.3828358333558,0.29580911714583635,0.2925027710851282,-1.5553084701299666,-0.6454647537786514,104.21976359933615,53.898389000445604,128.48444683291018,73.39740056730807,0.10417851745717467,20.44246746145887,196.22536354351834,-175.78409843009072,590.5624623957547,0.04872432614474201,0.011351137411244189,0.020142227555737177,0.08105781739598195,0.021716211922171186,0.000607588076124518,0.0006439123688389677,0.0013770592554721687,0.0012991680339452436,22
109,sobol,True,72.84771221876144,240.9587856270373,369.915139073506,-0.5304284942802041,-0.14319784501567484,-1.052130551636219,-1.0208799391519279,107.15228778123856,60.95878562703729,128.9563534464687,62.932573145255446,0.19532760203550098,55.80569530451591,285.7030687059434,-229.86834955307876,592.1386328583412,0.03784315555330802,0.011381432813752137,0.034179498158159044,0.0473916721698042,0.01729213756579357,0.00046550425620544715,0.0005477410234676697,0.0009783279002375045,0.0011378033861728896,22
110,sobol,True,69.76052531599998,236.33716755360365,365.3793235346675,0.0975199824664742,-0.4027122743893415,-1.261187107861042,-0.8133185698650778,110.23947468400002,56.33716755360365,129.04215598106384,64.38120178133249,0.18961109552569186,58.10654833579598,306.45120305168365,-248.32958373194245,562.3045603202825,0.04349493923585834,0.01080799532241089,0.03488142444087311,0.04252655408303208,0.020038450573255262,0.00048031599568186913,0.0005454640498178087,0.0010979393641068914,0.001189425192814848,22
111,sobol,False,78.87908483296633,244.8979304805398,368.1582945249975,-0.2727950783446431,-0.05764819337055088,-1.757911917567253,-1.1881925927475094,101.12091516703367,64.8979304805398,123.26036404445767,70.72079030796885,0.17723045754493275,38.94995481977655,219.77009685201358,-180.85543591529319,521.5294876380387,0.044916735363443,0.010024262047031373,0.023948874319407263,0.07126568036414534,0.01970084953879586,0.0005832557189430826,0.0006708236255582908,0.0013481495853459912,0.001498017193974042,22
112,sobol,True,78.40569518133998,236.62311650440097,361.6428195349872,0.19522207430563865,-0.2438227253034711,-1.088282260298729,-0.9786592637188732,101.59430481866002,56.62311650440097,125.01970303058624,76.76287564635277,0.1930593405647513,53.963064076837746,279.5154273239567,-225.53155030632865,635.6040875189002,0.04667559167598656,0.012216877631041555,0.03487658755494187,0.043973776325581006,0.02115853993908625,0.0004912023403931849,0.0005368204791051367,0.0011239664400132237,0.0010529346602612152,22
113,sobol,False,69.47811498120427,244.60906844958663,369.40454388409853,-0.4012282368727028,0.17008820311166345,-1.5917512610554696,-0.6826472785323858,110.52188501879573,64.60906844958663,124.7954754345119,60.07357109710574,0.1576493570986447,33.51554546402608,212.59550993953414,-179.0903485427187,540.6096985093682,0.04040477471975797,0.010391000722830982,0.02362460893554862,0.0681015917261942,0.01890813918410842,0.0005445057864721933,0.0006654551256755096,0.0011385192893641203,0.0014283988826415323,22
114,sobol,True,72.38946323469281,234.18652965128422,363.61933327652514,-0.01793889785185454,0.05158286467194556,-1.7950039461255074,-1.1466665106359868,107.61053676530719,54.18652965128422,129.43280362524092,68.77012995816767,0.17445245564029355,40.679163717823926,233.18194959491416,-192.5317803834392,539.4664281272544,0.04632763264125061,0.010369026046091568,0.022975849257024127,0.07304120451776075,0.019445473871695523,0.0006121875184990857,0.0006685365598265072,0.0014385111695776884,0.001441027900108438,22
115,sobol,True,75.50600845739245,240.6735801398754,366.1688938867301,-0.12866137609817085,-0.2654660265427083,-1.2983756750822066,-0.8498058983590454,104.49399154260755,60.67358013987541,125.49531374685466,69.33711457066238,0.19886633012955876,54.371816915982954,273.4088615230162,-219.01195488885907,576.9849998870999,0.0422792301341553,0.011090166468379764,0.032286331486079727,0.04712792233983101,0.019787089519764878,0.0005001330883395383,0.0005657222178026944,0.0011351259756391854,0.001219994746520723,22
116,sobol,True,74.49282218515873,234.80895315110683,370.34174748137593,-0.31289641740731894,-0.42291262610815467,-1.1906363233923911,-1.0718317879829555,105.50717781484127,54.808953151106834,135.5327943302691,64.1510747037828,0.18724678119837235,58.53035110326633,312.5840173522572,-254.03655399702953,596.4333501492497,0.03824619898331554,0.011463981111715036,0.0378146065289051,0.0428272254634486,0.016959823181298583,0.0004863509315940832,0.0005471078334833612,0.0011483853069878386,0.0012207131865951733,22
117,sobol,True,71.1409865245223,240.3338730931282,362.5812488645315,0.047662025317549706,0.00985541772097348,-1.4878507256507874,-0.7566958223935216,108.8590134754777,60.333873093128204,122.24737577140331,68.55973765999079,0.18606846387721837,44.256515337129166,237.8507051379371,-193.66180259686138,528.8244819864832,0.04586785670080171,0.010164478346806876,0.024358380879731332,0.059640618421680024,0.021288998638963864,0.0005364337986962999,0.0006090032774599551,0.0011709341500923552,0.0012677043040179381,22
118,sobol,False,68.42733477801085,238.36944155022502,368.35790950246155,-0.5710253305733204,0.21918321442790328,-1.6973419904708862,-0.9147590705193579,111.57266522198915,58.36944155022502,129.98846795223653,60.06942527554929,0.14997501097656785,31.997388993866437,213.35146959159565,-181.3622556148952,553.2264713641636,0.03877361096071866,0.010633506353446674,0.02328395748860593,0.07338085959912098,0.01719422650438863,0.000580176409941982,0.0006838454427459459,0.0012583658107897008,0.001468520369831105,22
119,sobol,True,77.2181354612112,242.39546021446586,365.8046918865293,0.24638521973975003,-0.11708892211318017,-1.3944591149687766,-0.5989344090223313,102.7818645387888,62.39546021446586,123.40923167206347,71.41344357468188,0.19209434525515978,46.46591060481556,241.89109025096332,-195.45527496601068,565.4094702729174,0.04596883106293365,0.01086767446181796,0.027140068636047242,0.05632495574769305,0.02192070995092554,0.00052578084257643,0.0005935256427675276,0.0011824345327102925,0.001265685627293632,32
120,sobol,True,76.49086673557758,233.60999850183725,367.5665286965668,0.0644226727075875,0.11618636590428649,-1.206704989820719,-1.0831919603515416,103.50913326442242,53.609998501837254,133.95653019472957,68.92433803901076,0.18233479633300348,46.619422940229306,255.68034120644128,-209.14365866075534,620.5330801488,0.04502219117668509,0.011927199423439458,0.02887437084868587,0.05770012844742316,0.019004514285480837,0.0005441156915189342,0.0005902278730193439,0.0012043604919561338,0.0011903998830614844,33
121,sobol,True,67.65465571731329,241.61924766749144,365.34672109782696,-0.3000867985654622,-0.20232449546456338,-1.7100717358291149,-0.7457026239018887,112.34534428268671,61.619247667491436,123.72747343033552,62.30793461948633,0.19437175077137142,49.62122227412563,255.29029849863466,-205.6133969875382,496.665756900218,0.04104363496853938,0.009546358959496414,0.02634504860439466,0.05733892573075011,0.019398776330334887,0.0005400757370227425,0.0006404124364337428,0.0012065128894632664,0.0014250196916738883,22
122,sobol,True,70.5542855784297,237.1763403750956,370.81944990344346,0.3262326221447438,-0.3208312602248043,-1.5000477723777295,-0.9253357040695847,109.4457144215703,57.176340375095606,133.64310952834785,59.73483567498624,0.1907947261245573,56.83654957959846,297.89371401436756,-241.04235837536592,541.9787569249554,0.04608018715247207,0.010417315247015786,0.03253166042771792,0.04881525551306507,0.02000472357492216,0.0005229202660210024,0.000613109249899186,0.0012132642381500705,0.0014010019956794924,22
123,sobol,True,73.57946090400219,243.68668826296926,363.3529743310064,-0.5025490126572549,0.09454162996262311,-1.00351255312562,-0.5887049129232764,106.42053909599781,63.686688262969255,119.66628606803715,70.22648657299578,0.17700736894148203,42.521962552323366,240.22707532803884,-197.73719466440863,627.1797895398221,0.038417400798738,0.012054955107950845,0.027845876204321766,0.05143808547772428,0.019018144380649502,0.0004747868352794552,0.0005442969228336037,0.0009328646415118685,0.001029844293539374,22
124,sobol,True,74.82561330124736,237.82210570946336,364.40953631326556,-0.45115393716841934,-0.03365270867943765,-1.310616948455572,-1.0087051554583013,105.17438669875264,57.82210570946336,126.5874306038022,70.4160769879818,0.19175321989607313,48.69734006716685,253.95839555424388,-205.1953359485407,572.6298924435225,0.04022336623275838,0.011006457417804092,0.028288775893119105,0.05410806226543234,0.018280434042595196,0.0005267269563320743,0.0005820808607023121,0.0011717694833627886,0.00120203773604523,22
125,sobol,True,71.56990774348378,243.32363687828183,366.62811870127916,0.156203598389402,-0.3684628750663251,-1.6077382929623127,-0.6522542493417859,108.43009225651622,63.32363687828183,123.30448182299733,64.94178904220462,0.1939390018527353,52.14594795592736,268.87808773772906,-216.7020299734707,528.5112298339964,0.04500283849908995,0.010158457360960906,0.029403913076609407,0.05213656176962841,0.02146451042558072,0.000520708907699919,0.0006141053174367489,0.0011910333216212832,0.001391551712310081,22
126,sobol,True,68.84453760460019,235.37966502457857,361.1639393065125,-0.23425393826328217,-0.15913651306182147,-1.403943706303835,-1.1759288635570555,111.15546239539981,55.37966502457857,125.7842742819339,67.68059829808772,0.19492210407133082,54.76888729781234,280.97833008087133,-226.18927326955182,539.7384440288278,0.04337048307513239,0.010374254434405102,0.030002700567228275,0.0490270779383636,0.018970839603177223,0.000519805583516124,0.0005762519709883703,0.0011678457544514894,0.001205608634284387,22
127,sobol,False,77.53920746967196,239.38229473680258,368.63407255522907,-0.12004430573433639,0.2721695689950138,-1.1011630915105344,-0.8201765715610236,102.46079253032804,59.38229473680258,129.2517778184265,68.9051349144429,0.15328173347731844,33.777922418925186,220.36495577552566,-186.59563054766608,662.995137778028,0.04334081705970778,0.01274335805458276,0.025411120374746545,0.06510140505277995,0.019470728264972714,0.0005288856054945914,0.0005946373918513688,0.0010807952162136551,0.0011476335043784352,22
128,sobol,True,77.59020057693124,236.15660883113742,364.2230057194829,-0.1352781501598656,-0.07673940067179502,-1.7514468401670455,-0.9197930072899907,102.40979942306876,56.15660883113742,128.06639688834548,73.36719485744834,0.18116456509813647,41.491390978745585,229.02597401577833,-187.54016282013453,539.8881841582319,0.0435634161900182,0.01037713257328638,0.02384999999382613,0.0699030279160203,0.01954842449591451,0.0006082366305104004,0.000653194810149365,0.0014743779880799293,0.0014283292185465221,22
129,sobol,False,68.79940029606223,244.70496636256576,366.85426731035113,-0.01042131432332094,0.23737987847998737,-1.2544288709759712,-0.5837346030864865,111.20059970393777,64.70496636256576,122.14930094778538,61.9451329857111,0.15993968803447234,35.65852364992743,222.94981369628425,-187.30374348006782,583.9969354491095,0.044765224147305036,0.011224942125742527,0.024567375555885562,0.06064501138001284,0.021148594417057274,0.0005021451544240417,0.0006073197904206,0.0009816354093761716,0.0012061646410052858,22
130,sobol,True,71.51308601722121,234.09209801256657,361.07699157111347,-0.3934370724949986,-0.02156811305321754,-1.057228584587574,-1.0871103197336196,108.48691398277879,54.09209801256657,126.9848935585469,70.43609444610775,0.19097393769575888,52.93420676668644,277.1802655659542,-224.21098728395117,605.8106338129062,0.04089646639940628,0.01164422086989162,0.031955625055934696,0.045840411712667804,0.018302589670835222,0.0004928869855964552,0.0005331708047796451,0.00104863898648363,0.001030724554556325,22
131,sobol,True,74.86492199078202,241.14155408740044,368.75945574976504,0.1883860222063959,-0.4266900488175452,-1.5603086560964585,-0.7515831598080696,105.13507800921798,61.141554087400436,127.6179016623646,66.10546624101698,0.19335553964423519,53.83759119176876,278.4383177788819,-224.57762436581257,557.4471055528498,0.04477027019538234,0.010714630708089904,0.031507646992608156,0.050540206937072014,0.0208100188212343,0.0005265166060730113,0.0006086355387792025,0.0012476750423864689,0.0014004655689549411,22
132,sobol,True,73.62807220965624,234.90046082437038,367.78963772952557,0.2541755046695471,-0.30874666599556805,-1.6537901982665062,-1.1719329442828894,106.37192779034376,54.900460824370384,132.88917690515518,65.83843448013067,0.18899891086625037,54.28525664177718,287.22523528293476,-232.92394270950192,557.8447840488022,0.046773814478775634,0.010722274443580202,0.031135247251129615,0.055207824660237985,0.019473699387329037,0.0005661291941509687,0.0006311563848555393,0.0013747322703832247,0.0014352953383551432,22
133,sobol,True,70.51152721047401,239.86297518014908,365.1620427556336,-0.5778604466002434,0.03631445760838686,-1.3505146265029908,-0.8143735979683697,109.48847278952599,59.86297518014908,125.29906757548451,65.34948445484042,0.18748097076273398,46.24150947185169,246.64641581343477,-200.4751517092758,548.3942080089372,0.03810546882559805,0.010540625940543395,0.026446447581952828,0.05510347371559399,0.017910813513884887,0.0005181074358138275,0.0005974394927801671,0.0011042261477653738,0.001233346145706947,26
134,sobol,True,67.600212931633,238.83887318894267,370.94785896502435,0.041046130703762174,0.19858347689732908,-1.1595803380012513,-1.0143302211072296,112.399787068367,58.83887318894267,132.10898577608168,56.65235396660864,0.18293670474328402,48.53806122854092,265.3270774536724,-216.71824366543794,599.3307999114387,0.044867303906149264,0.011519672681171314,0.029590271828992144,0.053046629959358244,0.019110309044134178,0.0005003107737622282,0.0006033117162620493,0.0009922890215628218,0.0012120519000776203,22
135,sobol,True,76.52779362350702,242.30248626694083,363.26417851634324,-0.3053797699511051,-0.23711418458260597,-1.45640280097723,-0.6571421878878028,103.47220637649298,62.30248626694083,120.9616922494024,73.26361510716379,0.19429205652770523,48.66519308247158,250.47443499334275,-201.73538964461446,563.3111405222891,0.04025942142144189,0.010827342691937329,0.029070636826242578,0.05329081216825894,0.019781110086482027,0.0005245980403497297,0.0005857890038180032,0.001204297733626943,0.0012613690045333052,22
136,sobol,False,77.16127301007509,233.1463246718049,370.17677246034145,-0.5091517739463598,0.27741040354594587,-1.5439921654760838,-1.1404264407232403,102.83872698992491,53.146324671804905,137.03044778853655,66.98450054973364,0.13780726307740446,29.10875921482707,211.22804825226865,-182.12490215104904,602.6402790611918,0.0390138102697511,0.011583283823058151,0.023023933544540416,0.07824954156268192,0.01631596374946287,0.0006128660999689706,0.0006701505917662857,0.0014087091917534087,0.0014148653766523813,22
137,sobol,True,68.466602653265,241.7181682512164,362.78469272330403,0.33379321368411186,-0.12917353310622276,-1.0470642499625682,-0.8455329640768469,111.533397346735,61.71816825121641,121.06652447208762,65.68190992996097,0.1927487175966338,55.025697927975614,285.4789313987975,-230.43223844035046,571.8037650313527,0.04862257594962037,0.010990578511893457,0.03256999934230143,0.041716985917596525,0.022427627880641884,0.0004521749138393698,0.0005344062954828864,0.0009188612898876114,0.001045496120590264,22
138,sobol,True,71.19200748205185,237.07888320460916,368.24948725663126,-0.2923395446501672,-0.3881229537539184,-1.2381528191268445,-0.9832700371276587,108.80799251794815,57.078883204609156,131.1706040520221,62.942520225420594,0.19038434630580192,58.448135096290436,307.00073945369974,-248.5354422061375,567.3745502443311,0.03929910777593978,0.010905445052060203,0.03557341049630983,0.04371704759598041,0.017847686656850437,0.00047981702068232554,0.0005517095428645885,0.001095817084756,0.0012169906456654795,22
139,sobol,False,74.44771281629801,244.15182550624013,365.9528418201953,0.057571698306128405,-0.07254167650826276,-1.7411276258528232,-0.6878353979904205,105.55228718370199,64.15182550624013,121.80101631395519,68.49487099610269,0.17878637098800082,39.50339851690507,220.95307544195484,-181.47721124305622,510.1076067443402,0.04555343442772107,0.009804723305958538,0.022779304743783837,0.06813115113184771,0.02141356108686264,0.0005670188279724405,0.0006581779898502611,0.0012823753020004232,0.0014514057173952786,22
140,sobol,False,75.45152494683862,237.9107795394957,361.84934163838625,-0.11229798435233534,0.08637253842316567,-1.4478904150426388,-0.9102257068734616,104.54847505316138,57.91077953949571,123.93856209889054,73.60218330845237,0.17283087631476268,39.09796577876044,226.22095433662284,-187.1439092464305,558.5602329551464,0.044947548774274815,0.010736026009864471,0.023408186446412002,0.06444101582641042,0.020342826489957493,0.0005586426123103013,0.0006064735849196847,0.0012496078616449104,0.0012371108605240461,22
141,sobol,True,72.42634930834174,242.84971629455686,369.23775423690677,-0.24110403675585984,-0.3478631221689284,-1.1447201021015645,-0.5936688773799688,107.57365069165826,62.849716294556856,126.38803794234991,63.188595071434975,0.19559507052175917,56.896035566260096,290.8868583164556,-233.92169332729503,567.7639721669568,0.038918176039606144,0.01091293008884487,0.0347704503511079,0.045835731451045775,0.019167439691808612,0.000456162767432537,0.0005419732538529089,0.00099491331940101,0.001179718569962308,22
142,sobol,True,69.52675413712859,235.85212219506502,363.7644198667258,0.14960176963359118,-0.18559553478844465,-1.3420594580471517,-1.0779893388971686,110.47324586287141,55.85212219506502,127.91229767166078,65.76233427040279,0.1934602022742263,55.94779374885626,289.1953646856592,-233.23227409483414,548.0247002217038,0.04639763489941078,0.010533523671207827,0.03164521781408426,0.04697970634359437,0.02013596925861042,0.0005091606415631808,0.0005720584039575727,0.001140652169152628,0.001209495622161556,22
143,sobol,False,78.36296475306153,239.2921574935317,366.06228090263903,-0.4435942215379327,0.158003590721637,-1.638791873306036,-0.7610512780956924,101.63703524693847,59.292157493531704,126.77012340910733,72.3006838504225,0.13682810379357285,26.75823137223791,195.56093105409832,-168.80748002196802,559.7686761739625,0.040060982996249446,0.010759253366670763,0.02065498307763915,0.07748262089042529,0.018527736573016932,0.0005988521691727528,0.0006596016412744454,0.0013728001156726195,0.001398979129898137,22
144,sobol,True,78.82735000550747,235.56092288717628,362.5106936637312,0.00957190310582523,-0.41479686442762614,-1.108226265758276,-0.5514857172966003,101.17264999449253,55.560922887176275,126.94977077655494,76.31665634177625,0.19281548408944607,55.16947122338429,286.1257304304019,-230.9330711955982,639.2090798972946,0.04122170235937137,0.012286168800831854,0.03639557893652012,0.04035273051273376,0.020287490923788634,0.00048486219164725185,0.0005097164367466468,0.0011562879432908903,0.0010734109146525858,22
145,sobol,True,69.80638574808836,239.57458470389247,369.82579299621284,-0.3342954783234745,0.0005789747927337774,-1.4116906650364398,-0.9472907700575888,110.19361425191164,59.57458470389247,130.25120829232037,59.98059275187552,0.19502821347002883,50.6053689673912,259.4771703385779,-208.80535891062416,539.1303034759515,0.04030693385345828,0.01036256543041212,0.027830141437115086,0.05440176941218081,0.018030391994689726,0.0005228416476636185,0.0006209454076989537,0.0011274053121797512,0.00133575763257905,22
146,sobol,False,72.90532573312521,237.62763094902039,365.6030636690557,0.28622209182940417,0.21010565310716628,-1.6016514427959918,-0.7194033806677909,107.09467426687479,57.627630949020386,127.97543272003531,67.30226206406951,0.14393052792871175,30.535802657921366,212.1565389730637,-181.62620736700683,561.1084222645404,0.04855943309471383,0.010785004481817219,0.02190271553993953,0.07447297433351556,0.021577808821243626,0.0005834992682593928,0.000656107262539234,0.0012918615729524431,0.0013720340786848877,22
147,sobol,True,75.74025465548038,243.14165906608105,367.9742486998439,-0.5516049531288445,-0.10840814891271294,-1.3050185702741146,-1.1145197375211864,104.25974534451962,63.14165906608105,124.83258963376284,67.7660059556365,0.19523795018297393,50.60938014476102,259.21896894190246,-208.55879081937408,569.2223988599073,0.03986267103838381,0.010940962351052578,0.03015354202190193,0.05346940515179695,0.018076046102294484,0.0005062328965786058,0.0005864577139029345,0.001108226948315608,0.0012493408969034166,22
148,sobol,True,73.790209364146,237.38249948620796,369.51541568525136,-0.364992705732584,-0.25266965716145934,-1.0121229685842992,-0.8083874800708145,106.209790635854,57.38249948620796,132.1329161990434,64.27479367889464,0.1941390096526511,57.60760491532729,296.73379409113835,-239.10408447569816,602.443507205358,0.037630892683175564,0.01157950169243445,0.03627116661397223,0.043372159899866695,0.017668264995729904,0.0004633209802881438,0.0005292738920742626,0.001012977153088278,0.0011103926397596341,22
149,sobol,False,71.0935249812901,243.8570044785738,362.196658750996,0.21847566966898735,0.17863347586244344,-1.509341972321272,-1.1826894211117178,108.9064750187099,63.8570044785738,118.3396542724222,68.89686623029411,0.1594586308552742,35.30064131784681,221.37805353343293,-186.0898221324732,544.4322158805561,0.05255999518698699,0.010464472917052742,0.02287671314641229,0.06795437491733325,0.02257429973307208,0.0005409443440499546,0.0006257273434345095,0.001132734566190082,0.0012731326493491896,22
150,sobol,True,67.81746496632695,233.44042503461242,366.4108386673033,-0.1629327196162194,0.05992639479227363,-1.7055626444518566,-0.6513851102441549,112.18253503367305,53.44042503461242,132.9704136326909,61.40662629902363,0.18251399912369082,43.47621696710268,238.20757408114537,-194.76739327488806,537.9645045058451,0.04136727014540536,0.010340157734112086,0.0241814501236097,0.06574431041191574,0.01887146018062435,0.0005848001337131033,0.000664241856807539,0.0013288912236170587,0.0014401443201155608,22
151,sobol,True,77.07811401411891,241.4152961485088,364.0408787727356,-0.042924747243523576,-0.27488083094358445,-1.2026843704283237,-1.0248384241946042,102.92188598588109,61.41529614850879,122.62558262422681,73.03723524138331,0.19689279819747152,54.34666937617825,276.0216212767307,-221.6538009448616,601.0804180303842,0.04484489227100959,0.01155330190237983,0.0337598223997643,0.04516253661378105,0.02057093756470416,0.0004874033617368609,0.0005419181165419438,0.0010988839664577666,0.0011410964146686719,22
152,sobol,True,76.25700927898288,238.57416965812445,367.2016036082059,0.11625078427605329,-0.042337942449376,-1.3899012431502342,-0.8590560048352927,103.74299072101712,58.57416965812445,128.62743395008147,69.05540567077696,0.19226105609767744,48.02162112946855,249.77300189733361,-201.68485275108634,564.945825539948,0.04540506964600839,0.010858762796398885,0.027538857423484966,0.05736454143999944,0.020415142182784906,0.0005401555500958077,0.0006040380729394209,0.0012221470018847548,0.001283790538703254,22
153,sobol,True,67.13845025375485,242.5642538741231,364.5006861295551,-0.4706902495585382,-0.3593840718269348,-1.693272590637207,-1.1322886880952865,112.86154974624515,62.5642538741231,121.93643225543201,62.63776412419975,0.19095357695515314,53.27100722995,278.97360227224806,-225.6775191277668,510.6305365462234,0.04130966851996054,0.009814774483294686,0.029480098839297007,0.055756405210839896,0.018681676855640584,0.0005233123886449675,0.0006227296028259895,0.0011791371299519535,0.0014025597173206658,22
154,sobol,True,70.22567113116384,234.63794903829694,369.03589606657624,-0.08207017509266734,-0.14985595881007613,-1.4965100169181824,-0.7012899326160551,109.77432886883616,54.63794903829694,134.3979470282793,61.18977506458759,0.19916663456045972,54.29699922222233,272.6209605441706,-218.28744390069073,531.5349058866414,0.041017615729250105,0.01021657511233546,0.028950451698851104,0.05262100500222575,0.018802355778432037,0.0005414685867423855,0.0006199023554334921,0.0012443325977985697,0.001369988702076761,22
155,sobol,False,73.15819553658366,240.12839937582612,361.4255297780037,-0.21297087599523368,0.2640521993860602,-1.1999793991446495,-0.9752212299965322,106.84180446341634,60.12839937582612,121.29713040217757,71.73266575857997,0.15092284460568667,33.11052500545445,219.387098699085,-186.2862456188223,618.0770373935311,0.04533393037133188,0.011879992090467684,0.023891593377858605,0.06439264172843716,0.020358439759649464,0.0005242817148325833,0.0005835858639616683,0.0010631965247173305,0.0011065531433837935,22
156,sobol,True,74.96602348983288,234.36928691342473,364.8110446278006,-0.26569945639930664,0.1256024122238159,-1.2922400444746018,-0.6234583696350455,105.03397651016712,54.36928691342473,130.44175771437585,70.1549788620323,0.17439568265328861,40.66574439036332,233.18091234637845,-192.53664695501192,593.8203212806538,0.04004968745531875,0.011413756365586315,0.024978795324489107,0.06042969570835936,0.01878699785075419,0.0005494419095456243,0.0005951589496268451,0.0012154514342544486,0.001197953980650877,22
157,sobol,True,72.17943459004164,240.86727795377374,367.5156191866845,0.08952451366931202,-0.21067248615436257,-1.7893567875027656,-0.8750304895453155,107.82056540995836,60.86727795377374,126.64834123291075,64.66381540335715,0.19147146129253023,48.06272941815558,251.0177187436059,-202.8988414815798,514.1734728953895,0.04572401080741306,0.009882872880838493,0.026067628794145346,0.06294085494258171,0.02056891850858396,0.0005688182073061201,0.0006622594258834995,0.001320713388290367,0.001503825643039818,22
158,sobol,True,68.89165546745062,236.43014150112867,362.9889592193067,-0.5386686088517308,-0.32937814090400935,-1.598863311111927,-0.7906123306136579,111.10834453254938,56.430141501128674,126.55881771817803,65.90269624814391,0.19418397648751742,53.74029984269032,276.7494044295919,-222.97765812170093,533.2150865789598,0.03738916555796103,0.010248869684253996,0.029264857604648475,0.0530955784608884,0.01780823398173165,0.0005349564555986306,0.0006027723617589153,0.0012474615957435173,0.0013303739400410066,22
159,sobol,True,78.24220974743366,244.42849884182215,370.59809970110655,0.30309496880508957,0.10339267314411699,-1.0960780948400497,-1.0430429958272724,101.75779025256634,64.42849884182215,126.1696008592844,67.64411004632711,0.18068019052264747,44.31402938957173,245.26224630041642,-201.00797650271312,637.7604054263946,0.049194599572152116,0.01225832398503263,0.02895191198851217,0.05674693659971235,0.021383241765712217,0.0004985712031904951,0.0005822706755723125,0.0010225628225918647,0.001171558944199372,22
160,sobol,True,77.91073789820075,233.83943619206548,368.405551802367,-0.060054345149546884,-0.2258715155068785,-1.1762359254062176,-0.7300363072194159,102.08926210179925,53.83943619206548,134.5661156103015,69.50518609583378,0.19676685766016513,55.185685404917116,280.46229970408933,-225.25136659332077,616.3555545013644,0.040638202211134664,0.01184690365341935,0.03415286005702792,0.04581700378961987,0.01883181706475204,0.000513548958239391,0.0005555529713415979,0.001205940211587703,0.0011854761275280768,22
161,sobol,False,69.21716639772058,241.01773271337152,365.7964160516858,-0.17564107277430596,0.18657244434580206,-1.4796070791780949,-1.1035694390535353,110.78283360227942,61.017732713371515,124.7786833383143,63.420750346034765,0.16971826879418425,39.26033495209235,231.32651087610958,-192.08840261438928,551.4231935758984,0.04546893633047315,0.010598845745520113,0.024453600255093997,0.06454017921433897,0.01964018250678067,0.0005404085594376174,0.0006344691904880917,0.001131895841008731,0.0013105763637187159,22
162,sobol,True,71.9410604275763,236.27895288914442,370.333475837484,0.21297723217867315,0.02410959075205027,-1.6820748902857303,-0.5621186329517514,108.0589395724237,56.27895288914442,134.05452294833958,61.6075845900923,0.18353838504831171,43.60725858007503,237.59203595801802,-194.0090995339275,540.1543639083833,0.04505836036269241,0.010382248785562726,0.02435584107755531,0.06713339185741907,0.020512052056463972,0.0005831296728209577,0.0006723994248918092,0.0013380368858807526,0.001494416714675526,22
163,sobol,True,75.19859695062041,244.95615086704493,362.62888701073825,-0.38926325077190993,-0.29733018977567555,-1.3855440847575664,-0.9363404606934637,104.80140304937959,64.95615086704493,117.67273614369333,72.56970993988216,0.195052639837351,51.71278444832488,265.122197225563,-213.3647139781649,563.5702708966807,0.04184293552320428,0.010832323408922309,0.03141968086521735,0.05492214042570007,0.020043812986834903,0.0004974086839143832,0.000566735363334935,0.0011153268236182754,0.001216228804469348,22
164,sobol,True,73.20098981261253,238.7283108457923,363.608622033149,-0.5606984037905931,-0.4386674643494189,-1.0785861678421498,-0.6407521861139686,106.79901018738747,58.72831084579229,124.88031118735671,69.59236777946353,0.18884637432548704,56.676915605079046,300.1218096323803,-243.41953708132627,595.147877183612,0.0356513479043566,0.011439273174450959,0.036739957384114036,0.050966056280013494,0.01788398022261795,0.0004528384850843399,0.00050589007733943,0.0010221190321940026,0.001071530968384498,22
165,sobol,True,70.17691303044558,242.03950864821672,366.2189739793539,0.26577838030643763,-0.010290396446362149,-1.5757027231156826,-1.035788739612326,109.82308696955442,62.039508648216724,124.17946533113718,63.95793905109167,0.1899738259707534,47.40584738827571,249.5388359213962,-202.19421148532996,520.1444760914189,0.04958283011974796,0.009997640889435165,0.02563918287339322,0.06096492616284795,0.021549325701838963,0.0005394695044097848,0.0006351358588339384,0.001174908203724961,0.0013679950113569391,22
166,sobol,False,67.2758070603013,235.16489296033978,361.6929050106555,-0.36244185115210714,0.24885285990312694,-1.7844167433679103,-0.7977545474655927,112.7241929396987,55.164892960339785,126.52801205031574,65.58290204964578,0.12566706940828348,25.263668716156925,201.03650729752468,-175.77676339953388,556.7591631793515,0.042064298653876155,0.010701407841907522,0.02113627150434154,0.07918948520766193,0.018886754849242307,0.0006024353474206859,0.0006752813514717729,0.0013309479906845533,0.0014047185858250164,22
167,sobol,True,76.1138488650322,239.97499204054475,369.3938272949308,0.008112371712923006,-0.08888633181340994,-1.2816313333809375,-1.1936397280544042,103.8861511349678,59.97499204054475,129.41883525438607,66.72002157010138,0.19539771763860855,52.69226383869933,269.6667314003871,-216.94875422970946,579.8657732353583,0.045231593338173226,0.011145537502282046,0.03127642304027133,0.05176183121485281,0.019320120722841724,0.0005152360309276261,0.0005891258555885812,0.0011448959903182347,0.0012573309213061831,22
168,sobol,False,76.83966007828712,236.8261914551258,361.233712811023,0.3082745365332812,0.14658838855102657,-1.318755330145359,-0.7119216230232268,103.16033992171288,56.82619145512581,124.40752135589719,75.60594726726413,0.15896163928156956,35.301472414343976,222.07541752771118,-186.78392391673947,596.6595784891075,0.048609820055395395,0.011468329422241965,0.02312518797172732,0.06496151124278385,0.022181232878374788,0.0005531194114190038,0.0005893013342270345,0.0012205628942918542,0.0011637918091758912,22
169,sobol,True,68.0499579384923,244.02806003391743,368.60366789996624,-0.5142530309967697,-0.17338943858630956,-1.6222195416688918,-0.9642721652518957,111.9500420615077,64.02806003391743,124.57560786604881,59.44629003852606,0.19565834201022772,51.11580454589795,261.2503204347196,-210.08602264044617,500.9135486128419,0.03947521604224313,0.00962800530597894,0.02756972600317631,0.05574571676816238,0.018147669158426735,0.0005227081768993153,0.0006389062538710306,0.0011408382368545602,0.001431725004335572,22
170,sobol,True,70.7621335759759,233.26863848790526,364.37912631221116,0.10627715224400158,-0.3358537212945521,-1.412973204255104,-0.8696876867674291,109.2378664240241,53.268638487905264,131.1104878243059,66.38300726376474,0.1926349918515735,56.964181873518,295.7104590707449,-238.73138279517264,562.5208389911808,0.043883702313012446,0.010812152391423586,0.032796294234177584,0.0457650111049001,0.019738133867201916,0.0005211886761761152,0.0005741295470942376,0.0012310732852682713,0.0012548557119107713,22
171,sobol,True,74.11580002307892,241.96940834447742,366.69789758883417,-0.25290417415089905,0.07512828237377106,-1.1163401380181313,-1.1213396148756145,105.88419997692108,61.969408344477415,124.72848924435675,67.41790243424475,0.18692564474868661,47.44081949088843,253.7951363210251,-206.27910505038693,610.4978882936487,0.04371370751097384,0.011734314082854292,0.029169350242356493,0.05255097400461947,0.01932407936674639,0.0004937218331419903,0.0005692852499877347,0.0010120384648358198,0.0011302383536396206,22
172,sobol,True,75.87753173336387,235.74152138456702,370.79148073121905,-0.18496938734315338,-0.06039351602084936,-1.2226634800434113,-0.7799806523136794,104.12246826663613,55.74152138456702,135.04995934665203,65.08605100214481,0.19680143697929806,52.44871454894929,266.5057499273569,-214.0099615795368,591.1854462526107,0.03986084571244157,0.011363111716782458,0.03089252730820895,0.050760564584452404,0.018193022560999625,0.000521628399302366,0.0005866922479465591,0.0011717776638224787,0.00124515318928863,22
173,sobol,True,72.76208487525582,239.02923868224025,363.4203099682927,-0.08029169607907538,-0.3995946611277759,-1.7198822900652886,-1.0539920678362251,107.23791512474418,59.02923868224025,124.39107128605247,69.34177490696311,0.1908250978521811,52.18458971817752,273.46816695255296,-221.26106506072836,547.758137402885,0.04462884330981764,0.01052840009600993,0.029579285321526712,0.0547044372045505,0.02003334203952559,0.0005538563141610832,0.0006208455251851529,0.001325589025416511,0.001399143405590816,22
174,sobol,True,69.84926051273942,238.17517280578613,367.63386018015444,-0.461683820001781,-0.1404528366867453,-1.5168729588389396,-0.6128266804385931,110.15073948726058,58.17517280578613,129.4586873743683,62.21540033258498,0.19774026711014614,51.32586546874105,259.56203164301024,-208.1646624848402,519.0655247424377,0.03712451771897192,0.009976902481896276,0.02745913164253638,0.053737144923174246,0.01787129922600282,0.000532631230299381,0.0006192218820359047,0.0011968231541488149,0.0013587857051001531,22
175,sobol,False,78.77867167815566,242.96179156005383,365.31875611655414,0.13707132064737382,0.28938618740066885,-1.0139944970607757,-0.8859795506577939,101.22132832184434,62.961791560053825,122.35696455650032,73.45991556160152,0.1390951777699845,29.445066231761267,211.69005787140415,-182.25006002763732,680.7243350284956,0.04824744991863069,0.01308412904325127,0.02458859627299739,0.06673427038269854,0.021672637563694495,0.0005126262901310815,0.0005735927056600043,0.001006639352160522,0.0010586658688281293,22
176,sobol,True,78.50756745785475,237.69284898415208,368.8801292460412,-0.3291918837465346,-0.26272030994296075,-1.73342724442482,-1.0980593784246593,101.49243254214525,57.69284898415208,131.1872802618891,69.62743821181357,0.19239134285886544,48.98692782152051,254.62126878264147,-205.59186862950605,562.0558219154626,0.0407512447879606,0.010803214348352515,0.02839866410915677,0.062099199129971576,0.017941544413932555,0.0005899265112893096,0.0006533131731805613,0.001453362830214767,0.0014972612921961724,22
177,sobol,True,69.38790921866894,243.452899325639,361.58227294124663,0.03507839008234437,0.04846557271666824,-1.2364995166659356,-0.7409514730330558,110.61209078133106,63.45289932563901,118.12937361560762,67.80563627742231,0.18578802111433895,45.557409680556425,245.21177095976049,-199.72942177060023,559.5000687565142,0.04621309305911645,0.01075409049246307,0.026332497721820725,0.05264798528439838,0.021863692827841633,0.0004895350685820923,0.0005685624887153969,0.0009945274299519523,0.0011268970585594136,30
178,sobol,True,72.47654969990253,235.2511349990964,367.04521702975035,-0.5910272310022264,0.16734359990805386,-1.0268180891871452,-0.9307420768775045,107.52345030009747,55.251134999096394,131.79408203065395,65.43133267015219,0.1818333750505711,46.385815126592234,255.10066627587767,-208.78440397968248,640.4709873560539,0.03710284878199628,0.012310423788029214,0.029211173924473997,0.052505051646988585,0.016792130581063432,0.0005062468151438464,0.0005672013325292431,0.0010306555531256873,0.0010867803425782636,25
179,sobol,True,75.40724255889654,239.51081904023886,364.656790163368,0.23751520989462727,-0.24070583148859442,-1.5297930896282197,-0.5731029272079469,104.59275744110346,59.51081904023886,125.14597112312913,70.75045239552855,0.19461110032490264,49.51101726406376,254.410037153098,-204.83927943511267,553.8798218244287,0.04536704547605028,0.010646064332194737,0.027885331766092522,0.05533997665417601,0.021658037997464127,0.0005412214294553143,0.0006030106319120889,0.0012656738452181838,0.0013197775514028742,22
180,sobol,True,74.21658169105649,233.73854569345713,363.1450690831989,0.18646805956959722,-0.1198339234571904,-1.6373369351029397,-1.003381145466119,105.78341830894351,53.73854569345713,129.40652338974178,71.07151260785758,0.1902231482204519,48.89327296227657,257.03114168636074,-208.09016072613335,545.9791115289111,0.047020928742919514,0.010494205631512953,0.027027161350397174,0.061358425337106566,0.020391137430595924,0.0005829449453144799,0.0006259666210829139,0.0013963587025658958,0.0013524611282471058,22
181,sobol,False,71.42889357730746,241.49069475382566,370.4417001772672,-0.42111414219252763,0.2222997911274433,-1.3341668158769608,-0.6677738722413779,108.57110642269254,61.490694753825665,128.95100542344153,60.98719340004027,0.16257254976646146,36.23857090915218,222.9070710966247,-186.68108425545756,585.035147496318,0.03903851795832896,0.011244897487554834,0.0249204626748459,0.06311804159785901,0.018201550505314124,0.0005287054443102968,0.0006312801896934542,0.0010874025183189703,0.0013022289099325715,22
182,sobol,True,68.14253405854106,237.30562571063638,364.9677742123604,-0.030406594602391146,0.012600736180320371,-1.1307132869958878,-1.1609838771168142,111.85746594145894,57.30562571063638,127.662148501724,63.17475984618068,0.19070284185829137,53.99713710430241,283.14804634336247,-229.12692789481528,574.186222431214,0.045148061964272186,0.011036371468683418,0.031529079623465905,0.0462395422166048,0.019351137557220392,0.0004863746294015188,0.0005596020174949873,0.0010031981280438423,0.0011155321978975666,22
183,sobol,True,77.49125679209828,243.55740864947438,367.3598587550223,-0.14484090395271776,-0.42603023517876865,-1.4274458900094031,-0.8250052907969803,102.50874320790172,63.55740864947438,123.8024501055479,70.131398037076,0.19543685635253832,53.68557241949828,274.6952310912005,-220.98347308621183,578.320345727115,0.041948704590975154,0.011115833006784615,0.03347548094639652,0.0486151695411832,0.019964617567166512,0.000506126979685489,0.000579588204272896,0.0011859330686208502,0.0013063496757491108,22
184,sobol,False,76.57791357114911,234.7031310647726,365.44665445946157,-0.4303405080456286,0.09142761812545358,-1.5651251263916492,-0.9942203416489065,103.42208642885089,54.703131064772606,130.74352339468896,71.13125911168754,0.17186049999232916,38.7563395845688,225.51045520232196,-186.7735048339227,558.2578070657947,0.04024177216389644,0.010730213114454863,0.023175719436545103,0.06899174550112488,0.01781761566085248,0.0005926042903363171,0.0006390849306448084,0.0013822249476485935,0.001350348416048932,22
185,sobol,True,67.55585081502795,240.43970090150833,368.1303301025182,0.16588510507717724,-0.31808953899890186,-1.0681073509156704,-0.6772024678066373,112.44414918497205,60.43970090150833,127.69062920100987,59.42552071250975,0.18992313607572178,58.582721020563554,308.45489512771525,-249.8573001057768,552.7262135077316,0.04385987861913871,0.010623890951129401,0.03532999289408415,0.04036155331813487,0.02070299297000818,0.00044102052635569517,0.0005281225094745231,0.0009322577914398707,0.0011229685857538235,22
186,sobol,True,70.65620968863368,238.2643461637199,362.35486602783203,-0.21714689014479516,-0.19921007710509003,-1.2716995678842067,-1.1513767537195234,109.34379031136632,58.26434616371989,124.09051986411214,68.30134366080165,0.19520491895586448,55.56647247525265,284.6571324763396,-229.0718360163576,558.2092080848907,0.04359805619929531,0.010729278998683178,0.03197495956366674,0.0454695447528279,0.01939989769233445,0.0004937961828626503,0.0005546386951445212,0.0010895102690856404,0.0011546166096177526,22
187,sobol,False,73.48930777981877,242.50054987892509,369.98247534409165,-0.10664911349304018,0.11344352290034293,-1.7747798271477222,-0.8349000423680991,106.51069222018123,62.500549878925085,127.48192546516657,63.50683243572712,0.15902752030854203,33.06033429537793,207.89064830561983,-174.83477037326261,539.1563218192797,0.04427278977603559,0.010363065526183757,0.022236829821530555,0.07630436710623838,0.019799290821110867,0.0005872956238806374,0.0006950225808054775,0.0013087907915086635,0.0015396936247287104,22
188,sobol,False,74.5407729074359,236.7282290570438,366.5675146263093,0.07793380343355238,0.27528429608792065,-1.467479931563139,-1.0670390271116048,105.4592270925641,56.72822905704379,129.83928556926548,67.97325828112662,0.14383572108564036,31.28342334809141,217.49411837317612,-186.21742151083276,590.9760746431691,0.047465245337612635,0.011359087407653255,0.023337569129713864,0.07368142337915161,0.01993476335479621,0.0005780418269368091,0.000643526848345241,0.001263838302401031,0.001315788833659841,22
189,sobol,True,71.84299002587795,244.5039501748979,363.88506471551955,-0.2828638119623065,-0.16187894954346121,-1.1642045475542546,-0.7716841961722821,108.15700997412205,64.50395017489791,119.38111454062164,67.9579253103584,0.1966353778857445,52.786294693962866,268.4475970780521,-215.61936920328853,567.0851675462918,0.041541706102823296,0.010899882858424402,0.031249331278105013,0.048158543418162815,0.02011114093117765,0.0004669861362757664,0.0005450327396868897,0.0009780946292752835,0.0011191751615366157,22
190,sobol,True,68.56834889948368,234.29238034784794,369.67151003330946,0.33603012394160026,-0.3715765781700611,-1.3740398742258548,-0.899275405984372,111.43165110051632,54.29238034784794,135.37912968546152,58.89683886617422,0.18415986708981863,58.118303112837694,315.58614822681307,-257.456733855889,550.6316447263051,0.045360085031723285,0.010583631470432267,0.034930008051113175,0.04969454853424666,0.01969947240995298,0.0005025056346358542,0.0005820498371238887,0.0011646311017062358,0.0013125155572460136,22
191,sobol,False,77.82716711610556,240.5677351653576,362.04024371132255,-0.48161958842538294,-0.03091058093123139,-1.6708625309169294,-0.6043018063530327,102.17283288389444,60.56773516535759,121.47250854596496,75.78692340478301,0.16661877894278787,35.250907914929165,211.56623604253707,-176.32990835243115,532.9272881043663,0.038823767512163175,0.010243337940806223,0.02252885290780536,0.0692685921614744,0.018993560071824452,0.0005830912322534243,0.0006347918696929585,0.001358728732865904,0.001352695430707682,22
192,sobol,False,77.71929318457842,235.15565364435315,369.1842293962836,0.16123318397440012,0.19386081090196966,-1.4387561604380608,-0.6418649516068399,102.28070681542158,55.15565364435315,134.02857575193048,68.53506378829479,0.15470424391814208,33.740587819663546,218.09736413899893,-184.36415599597493,594.9011985830135,0.0450576321442682,0.011434531791667422,0.023246044389678006,0.07088818494814322,0.020209665371374533,0.0005841301213718916,0.0006409256338835096,0.0013256545242215688,0.0013406193128510616,22
193,sobol,True,68.646873742342,240.08385575190187,361.89247142896056,-0.4256571037694812,-0.22133259200491012,-1.1421227395534514,-1.0191241884604096,111.353126257658,60.083855751901865,121.8086156770587,66.75440231338143,0.19405869618073596,56.44981124867157,290.89039738830985,-234.41868823101788,558.5312965591183,0.04081482627845176,0.010735469826516537,0.03309371771606003,0.04761724909299468,0.01897548608269713,0.00046261458428483403,0.0005301054064000639,0.0009819904722427346,0.001083110889672201,22
194,sobol,True,71.73552513122559,238.714305780828,366.1170267444104,-0.09643010664731266,-0.2901305149309337,-1.3445348560810089,-0.8090235714334995,108.26447486877441,58.714305780828,127.4027209635824,65.61849838681519,0.1977239627340124,56.12252147571573,283.8427912311994,-227.668633269834,554.7331702061791,0.04203355911989598,0.01066246644942653,0.03199966653652697,0.0457919424717604,0.01959380740978123,0.0004999211423883981,0.0005715133525307545,0.001132940352961914,0.001243757732389328,22
195,sobol,True,74.61898026615381,242.14140934497118,363.72006907500327,-0.22739602117799224,0.02856554458849131,-1.647999469935894,-1.1871314353775233,105.38101973384619,62.14140934497118,121.57865973003209,70.89891119115055,0.17788151031729652,40.049587049438784,225.14755456033765,-185.13254346956197,525.560980058681,0.04607022476475757,0.010101750928145583,0.023004873226335473,0.06796959317867078,0.02016049590614357,0.0005671845531518948,0.0006416747564114079,0.0012712907722449958,0.0013667990042921384,22
196,sobol,True,73.38216618075967,236.2872881218791,362.8296729028225,-0.28006667834706606,-0.014626008505001675,-1.5410903841257095,-0.7162306845653803,106.61783381924033,56.2872881218791,126.5423847809434,70.55249327793717,0.1854155667616523,43.83430198137519,236.41112095902517,-192.634487300938,532.3049529271494,0.04093168642175498,0.010231376103469353,0.0244246712691914,0.061628772503961995,0.019208838935604208,0.0005634488398333728,0.0006167638063096882,0.0012900989988136175,0.0012984648265212723,22
197,sobol,True,70.73400219902396,244.84821412712336,370.1226560808718,0.0751065456308424,-0.4461130083538592,-1.0382115140557289,-1.1126142892520874,109.26599780097604,64.84821412712336,125.27444195374846,60.61134611815214,0.18209319506842989,58.17080612815961,319.4562328718504,-261.27297543177747,568.1087260733676,0.0450338167719005,0.010919556566506278,0.03847926399337684,0.04867822370788312,0.020084247943586073,0.0004453845410638616,0.0005184041024608083,0.0009058409871064632,0.0011328440282960507,22
198,sobol,True,67.44765358790755,233.85473443940282,365.9090826418251,-0.49369338629767295,-0.09313325216062368,-1.2468835726380347,-0.5584692711941899,112.55234641209245,53.85473443940282,132.05434820242226,61.53857094608247,0.19626312183223826,54.53034075021679,277.84303154429705,-223.2699614506996,543.0610123870379,0.035883089146889285,0.010438117162556323,0.029959659824265773,0.045632156410832264,0.01739722524777824,0.0005019672416384987,0.0005712050064937218,0.0010932221056665207,0.001189105938724641,22
199,sobol,False,76.65685326233506,240.9145617224276,368.30238263495266,0.3481354049872607,0.24149028556421398,-1.744102743268013,-0.9555415717884899,103.34314673766494,60.91456172242761,127.38782091252506,68.3544706273824,0.1140492537336724,22.328258263128646,195.7773289360538,-173.45041225575136,564.5280155691661,0.051033845235092606,0.0108507321160016,0.0207875906869265,0.08631185952622426,0.02169114162294917,0.000609050047810997,0.0006936416784692174,0.0013703192564113653,0.001493016935420986,22
200,sobol,True,77.38412198796868,238.14248669147491,365.1373474895954,0.0248306162655354,-0.1778194644022733,-1.6562953673303127,-0.7861678174231201,102.61587801203132,58.142486691474915,126.9948607981205,72.24677449837327,0.19093680911676264,46.264264216695544,242.30144219286595,-196.07932783051464,552.3791907344752,0.044258746682120584,0.010617220863822996,0.02619427615170606,0.06234750159878886,0.02039442956964764,0.0005773967577152918,0.0006319337042965646,0.0013848452164075275,0.0013933976602822993,32
201,sobol,True,68.22033264860511,243.09408347308636,367.8246898986399,-0.31897151614539326,0.1394089196808636,-1.3597641535103322,-1.0424093646463006,111.77966735139489,63.09408347308636,124.73060642555356,60.39564274996519,0.181503225803256,44.29799374174023,244.06174350729123,-199.83090940934548,554.0352795180954,0.04294384963437861,0.010649052367762197,0.026293764402112983,0.05750596157395369,0.0190125313898988,0.0005109559946120673,0.000617813952063955,0.0010396580492328651,0.0012767863539494412,22
202,sobol,True,71.32070314511657,235.70406809076667,363.28765337727964,0.24219635096378622,0.07060956484638153,-1.1504529662430287,-0.6291701064445079,108.67929685488343,55.70406809076667,127.58358528651297,68.03304976783693,0.18554427835931,47.589214058888125,256.48440620050116,-209.07533181577872,594.2246951830795,0.04620133028443109,0.011421528792762491,0.028045449488777748,0.05175774135972827,0.021391784894988445,0.0005083469720576631,0.0005629524280914631,0.0010722241296336236,0.0011045592891633306,38
203,sobol,True,74.29552746191621,239.15456615015864,370.9140272010118,-0.5956814188510179,-0.3431161598302424,-1.4538244806230067,-0.8845531083643436,105.70447253808379,59.154566150158644,131.75946105085313,63.38150026090443,0.19597075210896397,55.120884194395785,281.2709733529388,-226.12070789382773,557.858766921129,0.03573339206496783,0.010722543206861467,0.03227382646818759,0.05336834949114586,0.01668934845244689,0.0005196760904410323,0.0006031960934358286,0.0012164405493933978,0.0013766388624647226,22
204,sobol,True,75.29937542229891,233.30039763078094,366.88750775903463,-0.40901112789288163,-0.3922118808142841,-1.7601966477930546,-0.6930366319604219,104.70062457770109,53.300397630780935,133.5871101282537,68.41186766326427,0.19134821000919097,51.07788287533732,266.9368209552831,-215.8184458228589,569.1964373478269,0.03707124709810781,0.010940463347628226,0.029182419395405244,0.05768580899432398,0.017529841558013837,0.0005901567262590545,0.0006412386509304883,0.0014896782706659342,0.0014773237354489025,22
205,sobol,True,72.55508062243462,241.83802051469684,364.1989396177232,0.1743919984903186,-0.05612066765315832,-1.2574108831584454,-0.9682401362806559,107.44491937756538,61.83802051469684,122.36091910302639,68.35614100471139,0.19403206793265185,50.62445204402886,260.9076560561139,-210.23901400411964,563.3830105007117,0.047857201746248065,0.01082872409704308,0.029082376269864138,0.0510348864151094,0.02156188401600644,0.0004978422043634671,0.0005706951677716298,0.0010613443193286617,0.0011715508796978807,22
206,sobol,True,69.28045111894608,236.86491504311562,368.72499489597976,-0.14766680100001395,0.29685765942558645,-1.054368745535612,-0.8609589541796595,110.71954888105392,56.864915043115616,131.86007985286415,60.55545622296631,0.17142242058552998,42.4135089805143,247.42101316526671,-205.0362717573196,646.2950959786829,0.04249203539835047,0.012422368351869731,0.028119045707088855,0.05731027407015393,0.018751183986051183,0.0005076026119336509,0.0005912676445446848,0.0009855568560889027,0.0011232669179910466,22
207,sobol,True,78.58578089624643,243.90143938362598,361.1022780779749,-0.027608103770762726,-0.1360970186535269,-1.5514857031404972,-1.13546384437941,101.41421910375357,63.901439383625984,117.20083869434893,77.48350281827152,0.1883310156762004,44.1843069646931,234.60982677786686,-190.43481650549734,559.2032428991001,0.04833162204782858,0.010748385234663498,0.02651767619188086,0.060644395262422136,0.021879270902066515,0.0005479981027604309,0.0006028500860248716,0.0012578767041205253,0.0012787234698974084,32
208,sobol,True,78.67483205720782,237.12682572379708,367.4712686929852,-0.524501029541716,0.04412656319327651,-1.2959169723093509,-1.0098855529446156,101.32516794279218,57.12682572379708,130.3444429691881,71.20356336422265,0.1838026103034867,44.1931987929166,240.438363306956,-196.30085943344315,600.4318728979144,0.03878647416896541,0.01154083628631918,0.027135775004231432,0.059168387258636455,0.01743886772463973,0.0005461886445113106,0.0005971724269400497,0.0012320574766360205,0.0012371563397349785,22
209,sobol,True,69.93548123911023,243.63660426810384,364.8657901715487,0.31849467586725944,-0.2701749734580517,-1.79899687692523,-0.6565087116789073,110.06451876088977,63.63660426810384,121.22918590344489,65.06969106756151,0.1874921325480664,46.916627896129896,250.23251513821316,-203.25215342876223,503.1484996145251,0.04807435434739454,0.009670963058194664,0.025586914235149288,0.061165962397642375,0.022610341205536816,0.0005501862347615348,0.0006496244676190956,0.0012498850770733148,0.001463702953377909,22
210,sobol,True,72.65938689187169,233.5659762993455,370.6412297897041,-0.24822326134890316,-0.24495042725466193,-1.5893452040851117,-1.1776445261202753,107.34061310812831,53.56597629934549,137.0752534903586,62.018157102167606,0.1951357102606858,55.7429388570441,285.66241813236525,-229.89951204743736,550.3213650447672,0.039903958066780806,0.010577667618129893,0.03099717847038719,0.053534110644036764,0.01682462089276706,0.0005612981302455901,0.0006348635001732482,0.0013474558481793046,0.0014479906268086355,22
211,sobol,False,75.96270237490535,241.57538854330778,362.93543408066034,0.10162273966707291,0.15998907219618558,-1.092327830940485,-0.8238963717594743,104.03729762509465,61.57538854330778,121.36004553735256,73.027268294245,0.16849857954251518,38.72045813573831,229.79694096452874,-191.09422425615048,634.0107211838056,0.0471184062956279,0.012186251708522305,0.02575589360348141,0.058418221476212555,0.021655917803632595,0.0005050579965460791,0.0005623723657889557,0.0010278142460607104,0.0010704325562849296,22
212,sobol,False,74.01269291341305,235.42976332455873,364.55358180589974,-0.0681889065075666,0.22959119752049445,-1.3998228512704372,-1.078857174050063,105.98730708658695,55.429763324558735,129.123818481341,69.45911110751331,0.15890446353370236,36.053167015390244,226.88580429802502,-190.84543018856013,589.7560069880266,0.045664320593703,0.011335636618809758,0.02404859508914217,0.06816330630635267,0.01944588128386498,0.0005670694852566217,0.0006211008527827897,0.0012409434656532044,0.0012505000987031586,22
213,sobol,True,70.84762179106474,239.43181797116995,367.15784413181245,-0.197045676689595,-0.11528623807244004,-1.696645099669695,-0.7446019111201168,109.15237820893526,59.43181797116995,127.7260261606425,63.689777659252286,0.1934113533178367,47.495029496182674,245.5648475719683,-197.99243769737984,512.2057968205692,0.0416349971383005,0.0098450523911726,0.02530637606607618,0.06150385730065682,0.019304648462384354,0.0005610362672827663,0.0006514470956757437,0.0012783885869239663,0.0014478288756063537,22
214,sobol,True,67.9465274438262,237.86597913876176,361.3714136965573,0.13424519533291457,-0.4188332425430417,-1.49325947239995,-0.9216961116064339,112.0534725561738,57.86597913876176,123.50543455779552,66.57511374726892,0.1904377153293286,56.20436404351098,295.132526381738,-238.91265183512922,540.5539292546548,0.046086751717292165,0.010389928787999556,0.0318255437407257,0.045332019101112495,0.021048675825932017,0.000505297867162748,0.0005722163923731123,0.0011634662037142685,0.0012533107958086237,22
215,sobol,True,76.92556323111057,243.36766766384244,369.0808759480715,-0.4588855538982898,0.01704828576184808,-1.1899844489991664,-0.5869096043985338,103.07443676888943,63.36766766384244,125.71320828422904,67.8446872830391,0.18447584618641164,43.94116780350575,238.19469438347764,-194.29041601019162,602.0561682942582,0.03767649907037233,0.011572056692989718,0.02783586837787246,0.05437969516952377,0.018391269662879312,0.0005028388386012414,0.0005829376320696853,0.0010650870725881013,0.0012024090745821558,22
216,sobol,True,76.0107363909483,234.13700713217258,362.16282728500664,-0.1802932221442461,-0.3107094408944249,-1.002598014473915,-1.068469025287777,103.9892636090517,54.137007132172585,128.02582015283406,73.84790910594165,0.18932393581449997,56.78886375486993,299.9560700582085,-243.1508684186225,633.9619398458358,0.041989207211700366,0.012185314087685122,0.03770426180842151,0.04119226978497423,0.018974108028111895,0.0004728829571820235,0.0005104985853557619,0.0010790856822849714,0.0010156450875602062,22
217,sobol,True,67.36129062622786,240.62348255515099,369.53889024816453,-0.055371165601536654,0.09569206223823129,-1.5055726066231727,-0.7553371973335743,112.63870937377214,60.623482555150986,128.91540769301355,57.82240037806332,0.1852937402199859,45.224041665353376,244.06675374819534,-198.89512717421934,536.9490484350798,0.043630927953235414,0.010320639762469294,0.02579533182509326,0.059696194520891116,0.019749444628083892,0.0005326482293660378,0.0006445250367372341,0.0011245295651976315,0.0013830868370472472,22
218,sobol,False,70.07347717136145,236.57908786460757,364.07593123987317,-0.3790444686543196,0.12091803476214408,-1.7092098370194435,-0.9108616432640702,109.92652282863855,56.57908786460757,127.4968433752656,65.99754593148828,0.167291141827622,37.01327871819058,221.250678988905,-184.25160628397367,539.6944860995332,0.04143101847782182,0.010373409523785975,0.022453528335846223,0.07094967552669701,0.018522881451081146,0.0005866663007384469,0.0006610212561822649,0.0013166073862825552,0.001404057168560293,22
219,sobol,True,73.28688831627369,244.56519716605544,366.3861431032419,0.20272787287831306,-0.19484549718908967,-1.21228246986866,-0.5981110466178508,106.71311168372631,64.56519716605544,121.82094593718648,66.90074521303177,0.19817783937841596,52.76414380091944,266.24643787829143,-213.44737152681802,565.0219684799061,0.045228421307555375,0.01086022633163757,0.030857097363316308,0.04654133922656294,0.021890902404816434,0.0004750106875535571,0.0005578817875312634,0.0010160330177101141,0.0011772404052009604,22
220,sobol,True,75.09475196525455,238.4195248298347,369.8510798010975,0.26857528565451505,-0.16630665077827872,-1.1049337431788444,-0.9800974959973245,104.90524803474545,58.4195248298347,131.4315549712628,65.24367216415703,0.19330046680955618,55.954807574145114,289.47062827982205,-233.49850181285203,600.7641464005496,0.04604188381269972,0.011547222879485342,0.034917869081633204,0.044478276808010433,0.02015926000087652,0.00048469494540935056,0.0005538758490508654,0.001063177938222546,0.001166196057134099,22
221,sobol,False,72.02727650478482,242.44497415050864,362.4762325119227,-0.5635258863214403,0.26811287384480237,-1.4016659915447236,-0.6859297947492451,107.97272349521518,62.44497415050864,120.03125836141407,69.5510439928621,0.12624018624362437,25.216360869003594,199.74907847759232,-174.53848418113506,576.4389984724477,0.039706190752282905,0.011079671834062322,0.021990386852059934,0.0698530642506879,0.018893272849858898,0.0005405224982190166,0.0006177213406692807,0.001114180591610625,0.0012223392108474363,22
222,sobol,True,69.11446304991841,234.85281012952328,367.95018289610744,-0.00396165088750422,-0.035432695923373114,-1.6115539610385894,-1.147410149592906,110.88553695008159,54.85281012952328,133.09737276658416,61.16428015381098,0.19312431394243706,51.74360618544986,267.92900970963524,-216.15435598171626,526.2666323832766,0.04441807732880664,0.010115314195388398,0.027705226380577614,0.05895169620710975,0.0185179662494466,0.0005630683110402617,0.0006457296499970472,0.0012809314646137731,0.0014150879320226528,22
223,sobol,True,77.99590389057994,240.37789314985275,365.636303819716,-0.35033679837360976,-0.37884813621640206,-1.3083842441439628,-0.8537836108356714,102.00409610942006,60.37789314985275,125.25841066986322,72.35960007086396,0.19590792734452253,54.43825285031751,277.8767229494635,-223.37207380504356,599.0305554814171,0.03960230071666737,0.011513901715356269,0.034310668403449755,0.05001853338033871,0.018887123577938265,0.0005019056072856571,0.0005564480547937063,0.0011795122210233827,0.001217832572423806,22
224,sobol,False,78.13319203257561,238.96548883244395,363.4443662725389,-0.4752866787370294,0.23021167488768696,-1.213932741433382,-1.1679649538826198,101.86680796742439,58.96548883244395,124.47887744009495,74.6888257600367,0.15128841799510828,33.042562549764305,218.40774718678526,-185.3755278105029,634.6838211521858,0.04276475684990853,0.01219918929043632,0.024163434110704513,0.06661365239317124,0.018741932049220388,0.0005429930496286465,0.000588852732672069,0.001153157895274176,0.0011391830512345403,22
225,sobol,True,68.97123397141695,242.26375767216086,370.75825008004904,0.12087371367961164,-0.08115816120989622,-1.7169071458280087,-0.8332585696596653,111.02876602858305,62.263757672160864,128.49449240788817,58.21298389136791,0.19351169067575516,48.49703469317383,250.61552882835704,-202.05199808712752,513.8393591728199,0.04578701416386704,0.009876450917003397,0.025919021637773463,0.06226912658718206,0.020436694617039473,0.0005510799328274362,0.000671749895254018,0.0012189547608399427,0.001521431569405441,22
226,sobol,True,72.07018522173166,235.03183077275753,365.29347881115973,-0.20280872005969286,-0.4339641102589667,-1.5197747610509396,-1.0002059722319245,107.92981477826834,55.03183077275753,130.2616480384022,66.77670641057193,0.19099600177777154,56.35470408605835,295.0569831908231,-238.68546962086808,566.10140846198,0.041003764606199124,0.010880974131140446,0.03300360030435362,0.04705232442923783,0.018445201377344574,0.0005301543399312239,0.0005887069316750652,0.0012783912306161577,0.0013241447724781617,22
227,sobol,True,75.04610830545425,239.83119815587997,367.6683118324727,-0.0922601902391762,-0.02609845348633827,-1.0228472001850606,-0.6658709011040628,104.95389169454575,59.831198155879974,127.83711367659271,67.37779647298157,0.19316151891215375,50.745628929132664,262.7108609153712,-211.90146218407222,622.0301892276885,0.041666600370371974,0.011955975195616282,0.031292488919882934,0.04731216145987681,0.019741950067695146,0.00048129367256390934,0.0005478776068774715,0.0010036881510465815,0.0010925093236666531,22
228,sobol,True,73.04844548925757,233.96675266325474,368.56862500682473,0.09226479637436569,0.0405756830703467,-1.3162799172103405,-0.9313756911084056,106.95155451074243,53.96675266325474,134.60187234357,64.47982048243284,0.1903387217156646,50.33137208534923,264.4305458798667,-214.0460167162525,570.5460285568533,0.044301532092027626,0.010966403694734813,0.02896533557724739,0.05507386471515682,0.019160762736959804,0.0005405231397408779,0.0006040183770424733,0.001205183165859751,0.00126416403865167,22
229,sobol,True,70.3059819675982,241.17898949980736,361.25839880108833,-0.26846759831532835,-0.30137550858780743,-1.613011971861124,-0.5775474186055363,109.6940180324018,61.17898949980736,120.07940930128098,69.04758316650987,0.1927023595817187,49.9234708387268,259.0703660665655,-209.09527527866467,524.9293999854136,0.040527184834739105,0.010089611395658572,0.027831375255360617,0.053238738657953956,0.020068872388409147,0.0005285020797836074,0.000601471720363509,0.0012057780690399522,0.0013118450296532296,22
230,sobol,True,67.02993321791291,236.02431191131473,366.73171948082745,0.29107666285708544,-0.23274710127152504,-1.4221074379980565,-1.0885367426555603,112.97006678208709,56.024311911314726,130.70740756951272,60.29821373708546,0.18953990647249064,57.20653399403851,301.8178865796862,-244.59604156305468,530.0922667230685,0.047145954603813364,0.010188846300527602,0.03229740151516135,0.05008332632191123,0.01997516120342875,0.0005097126743864094,0.0005918330678588205,0.001142671226717939,0.0012940422953980303,22
231,sobol,False,76.33636176213622,244.7376474700868,364.35566132329404,-0.5266238026786595,0.20606621420010923,-1.1189375333487988,-0.7352397144306451,103.66363823786378,64.73764747008681,119.61801385320723,71.98070043884218,0.15128153242991482,32.511942143142946,214.9101851424262,-182.4078446937484,632.5039947860604,0.03988855496543664,0.012157291082896739,0.024734069378817402,0.06162866264305661,0.019110106339882357,0.0005042772542423011,0.0005755740382007306,0.0010066987701626378,0.0011016485701991856,22
232,sobol,True,76.96836933121085,235.9553096368909,366.2730996347964,-0.3444868542253971,-0.12462334432639183,-1.0814459919929504,-0.9011808373034,103.03163066878915,55.95530963689089,130.3177899979055,70.69526969641447,0.1952792164625779,53.42341813646875,273.57452116112154,-220.11603336764045,623.1394714617461,0.03933789278167114,0.011977296589826743,0.03329470118963907,0.04613651538231437,0.01812982843426491,0.0004981151097857558,0.0005426813265449849,0.0011094659857712637,0.0011061747003849333,22
233,sobol,False,67.89778045192361,239.27687569707632,363.5636325776577,0.019732701824977994,0.284710035379976,-1.584525702893734,-0.607474480662495,112.10221954807639,59.27687569707632,124.28675688058138,64.33414787426591,0.12605191466786453,25.48939426816799,202.21346367748762,-176.72771754876482,557.7698396260848,0.04592609868397919,0.01072083394491217,0.021559390528306004,0.07389056189956966,0.02109790334730802,0.0005640710398122835,0.0006522652491939677,0.0011855984375336568,0.0013316736450960302,22
234,sobol,True,70.98501330986619,238.0187227167189,369.3409220445901,-0.5469797569792717,-0.06809734557755293,-1.7756669148802757,-1.058788208430633,109.01498669013381,58.01872271671891,131.3221993278712,61.644091265276074,0.19047168078598375,46.5468230496516,244.37660684032164,-197.90143622201856,523.4877690648414,0.0384199190499268,0.010061901963180712,0.02518071222159567,0.06543181858186468,0.016895054879365042,0.0005817670815028132,0.0006778670699091525,0.0013403924688112849,0.0015286242610286567,33
235,sobol,True,73.86956649646163,242.8413874991238,361.73667406104505,0.28162792585790153,-0.3809349018149078,-1.278649353981018,-0.7647006204817444,106.13043350353837,62.84138749912381,118.89528656192124,72.13289243541658,0.19507439227394469,54.62015030114267,279.9965165311863,-225.3529633328609,573.6107867743239,0.04722034711012276,0.01102531108196972,0.03300760860272226,0.043640572827936014,0.022578516726423747,0.000477677140169853,0.000539023204173883,0.0010752737923371523,0.001150130137173496,22
236,sobol,True,75.63124230504036,236.97698894515634,365.753276463598,0.2305227390490472,-0.3553202890790999,-1.1853633120656013,-1.1570909725036471,104.36875769495964,56.976988945156336,128.77628751844168,69.87796584144235,0.18802833862043028,56.818776086417394,302.1819822655378,-245.35180716830604,603.9112481522933,0.046645725421123566,0.011607712982913675,0.036881109709184415,0.04914594890955329,0.02016680359771299,0.0004875332166773559,0.0005518562500443953,0.0011310487135237069,0.0011544823350966003,22
237,sobol,True,72.98490888625383,244.16583700850606,368.4590864405036,-0.37700874493457376,0.08202530345879494,-1.4821853727102279,-0.8444201792124659,107.01509111374617,64.16583700850606,124.29324943199754,64.52582244575024,0.17727975161064277,40.12865900020907,226.3578250512395,-186.24772584029057,545.6686817665536,0.04122791716053393,0.01048823889452333,0.024613817334072023,0.06282568676109565,0.01904013099291278,0.0005347454540261942,0.0006352652678658238,0.0011412909534150933,0.001352978763558012,22
238,sobol,False,69.69714174419641,233.03747741132975,362.6732470039278,-0.045694246375933334,0.15065228166058658,-1.6795697420835496,-0.9897783104330301,110.30285825580359,53.037477411329746,129.63576959259808,67.02389474026859,0.16668365841786323,38.35376326725356,230.099120881446,-191.76178607026708,548.7261778175829,0.045425932516152887,0.010547006696440129,0.023070677484959612,0.07079131089023136,0.019495402415765167,0.000595692017055647,0.0006532234739649252,0.0013531642982532155,0.0013668138046097002,22
239,sobol,True,78.90743947029114,241.727424018085,370.2787207942456,-0.16019379766657948,-0.18983118985779585,-1.3762945249676704,-0.6765663546510041,101.09256052970886,61.727424018085,128.5512967761606,68.62871867604554,0.19890333603157015,50.313378044974336,252.95391745962743,-202.57611268997286,578.9206593975352,0.04059244020057052,0.011127371571113858,0.030062042562545875,0.053427421027823135,0.01932434912144496,0.000525082182624476,0.0005996797917194953,0.0012076955682224525,0.0013231872524464678,22
240,sobol,True,78.26164363697171,233.50221490487456,363.91951606981456,0.32360206604935227,0.0048550418112426885,-1.4707304909825325,-0.7996601337566972,101.73835636302829,53.50221490487456,130.41730116494,74.34212756715715,0.17910094301131185,43.10825634855861,240.69251464430275,-197.61830647035057,574.5906905941197,0.047653922674904974,0.011044145707630118,0.025653574732941855,0.06363828082134955,0.021164131678002043,0.0005815025467767757,0.0006103327027669998,0.0013812940363711827,0.0012781922211887523,22
241,sobol,True,69.61036623641849,241.26559920236468,366.5422376189381,-0.49899075049906966,-0.407405143417418,-1.1741994708776473,-1.1968122473917902,110.38963376358151,61.26559920236468,125.2766384165734,63.0681286174804,0.18654716659100315,58.09796680163521,311.4384842360676,-253.3228669352476,558.0710461999306,0.0394580164506429,0.010726623403989916,0.0361554384245857,0.04913465995797236,0.01778509490319984,0.0004528935121581667,0.0005335559797971852,0.0009941643955570182,0.0011590567672089388,22
242,sobol,True,72.32406393811107,237.43807020783424,362.0070127621293,0.06219711918383841,-0.10405483427457513,-1.3641182869672774,-0.6325015224050731,107.67593606188893,57.438070207834244,124.56894255429506,70.31705117598176,0.1942779256749133,49.769906880030405,256.1789081653608,-206.35292242795205,552.1335798296057,0.04419601044972582,0.010612500003103941,0.02759863228690895,0.05240305894932802,0.020996904245037487,0.000522401565692275,0.0005769071445760186,0.0011683515836835117,0.0011968975951121927,22
243,sobol,False,75.53637595847249,243.70182080566883,369.69556663557887,-0.29693348235450684,0.21756889969110488,-1.6674899891018868,-1.0288050089497118,104.46362404152751,63.70182080566883,125.99374582991004,65.84080932289362,0.13334837728862398,26.20046482276181,196.48131724957247,-170.28561131135623,556.8019398982104,0.043886489605487834,0.010702230048608232,0.021994855847261144,0.0787852399008315,0.01916333847885914,0.0005817747745202059,0.0006838897628864947,0.0012708683905293956,0.0014751742444031562,22
244,sobol,False,74.34565918892622,237.5663789510727,368.10686481557786,-0.229056739108637,0.1714507883414626,-1.5746432185173034,-0.5678326967637987,105.65434081107378,57.56637895107269,130.54048586450517,66.23879437334836,0.15283496021919893,31.99022477684468,209.31221973666015,-177.3292553545455,563.0194520894481,0.04075568611342692,0.010821736180021526,0.02220048240328059,0.07182700086074459,0.01901430393555756,0.0005817652443386085,0.0006576352102513228,0.0013020772494885984,0.0013976298787162287,22
245,sobol,True,71.27635209262371,243.2907952517271,365.4804766494781,-0.12431379882618787,-0.2571086236741394,-1.0718576416373253,-0.9458607525099069,108.72364790737629,63.290795251727104,122.18968139775097,65.79587544314563,0.19511631328085602,56.8379091994167,291.30270167416796,-234.44538477892218,575.3122977683552,0.04335601815234205,0.0110580156413175,0.03465012829395683,0.04244582039792078,0.020206092869698142,0.00044848670722630985,0.0005262489449171736,0.0009434154429346392,0.0010910998741898773,22
246,sobol,True,68.36504979431629,235.50515761598945,370.00716103613377,-0.44636349594220515,-0.2821407660841942,-1.2680226191878319,-0.7255941210314631,111.63495020568371,55.50515761598945,134.50200342014432,58.357888758182526,0.19527711941994993,58.46026183419707,299.3707711781447,-240.8836117549924,544.5870388171662,0.03604668642408281,0.010467448752023262,0.03325415338199551,0.0453175184695112,0.01700142970185751,0.0004884391494153598,0.0005717170815554765,0.0010938510274585485,0.0012588666108844235,22
247,sobol,False,77.245391510427,239.7299400381744,362.31982343271375,0.1523409198503941,0.05541590270586311,-1.7651397705078125,-1.1029334808699787,102.754608489573,59.72994003817439,122.58988339453936,74.92556807771325,0.15905926501368636,33.713380171705616,211.95483437450014,-178.25060605514923,530.7108156677656,0.05000485830071915,0.010200735363097466,0.020728648766123434,0.0769107987456544,0.021647491008095057,0.0006051456505868786,0.0006588004121614035,0.0014111228490745172,0.0014048561528326178,22
248,sobol,True,76.42573320120573,236.51537960022688,370.4854689296335,-0.015017518773674965,-0.36682711243629457,-1.6274344019591809,-0.619807912176475,103.57426679879427,56.51537960022688,133.97008932940662,65.94026427157223,0.19526474859539053,52.733091251298944,270.05945328394915,-217.29413831075718,566.7455488913979,0.04101071934191412,0.010893355084878681,0.030226621480222236,0.05471926848831982,0.019245837164551152,0.0005620177841172893,0.0006318693364767494,0.0013812691648548694,0.001466595045061849,22
249,sobol,True,67.68455146253109,244.2553751245141,363.09216413088143,-0.1306549924891442,-0.04666532906703652,-1.3308011688292027,-0.8942326745484024,112.31544853746891,64.2553751245141,118.83678900636733,64.59238733164966,0.19503048638339054,50.44088531520528,258.63077229909936,-208.13208985876295,526.9630749737072,0.04495925592951667,0.010128700443323884,0.027599074750550304,0.05047886095787021,0.020936789135352338,0.0004880400892126687,0.0005798930711346795,0.0010072569012700362,0.00119454672090328,22
250,sobol,True,70.4099675565958,234.4483044333756,367.31486900150776,0.19854840640909965,0.2566864063963294,-1.1340057887136936,-0.7768056340515614,109.5900324434042,54.4483044333756,132.86656456813216,63.09509855508804,0.17163778468736776,42.80469624674843,249.38970358255142,-206.61619419811416,630.5647022191476,0.046093626625364044,0.012120016149575835,0.027599865609303866,0.05802761636700331,0.020217909234829193,0.0005244349522549524,0.000593065821260013,0.0010685066136247852,0.0011478313317642395,22
251,sobol,True,73.71218463033438,240.68866607919335,365.0219001658261,-0.40362686291337013,-0.15411181985400618,-1.4374705962836742,-1.0520889417268335,106.28781536966562,60.688666079193354,124.33323408663273,68.6902844645083,0.1968383900926609,51.32181273741459,260.73070762901,-209.37114873983342,547.3854972940577,0.04128440769397228,0.010521237620658751,0.02892896326071194,0.05315136762310097,0.01878794591417982,0.0005238663693870653,0.0005951308365678327,0.0011778798536145705,0.001276920133851321,22
252,sobol,True,74.7635940797627,234.55327169969678,361.527517599985,-0.5751199391670525,-0.20613606604747475,-1.7297800667583942,-0.8703211460262537,105.2364059202373,54.55327169969678,126.97424590028822,73.2360764797777,0.18833142575429632,46.60598784855335,247.46792874258344,-200.78771516106897,548.2946056691574,0.03800608313753028,0.01053871149471029,0.02625149756245235,0.062191121858631924,0.017792316740303953,0.0005909655008217257,0.0006298836011830798,0.0014404612141445219,0.0013746045108929761,22
253,sobol,True,71.59669203683734,240.3009852208197,368.924489537254,0.25140759102068844,0.1328825533390045,-1.2269013904035093,-1.1257842612452804,108.40330796316266,60.30098522081971,128.62350431643426,62.67220249958336,0.18287464399485479,47.43856692649041,259.4048354118743,-211.89879997858924,589.5079837362141,0.04867413656974106,0.011330869390630226,0.028762861731945453,0.055685519239399156,0.02046626110457452,0.0005108864144344555,0.0005997680615147222,0.0010541966310576138,0.0012204456562649015,22
254,sobol,True,68.69710813090205,238.49498047679663,364.7103245034814,-0.3173978476319462,0.1078518456313759,-1.036343064159155,-0.7023988322820515,111.30289186909795,58.49498047679663,126.21534402668476,63.986783627420664,0.18704320538002847,48.672460136643764,260.22041291343675,-211.53333423841897,605.5942828515953,0.04018033342820931,0.011640062411392699,0.0291245652962816,0.04829003690463259,0.018975963649308415,0.0004808962948904009,0.0005545593268377079,0.0009516094045121727,0.0010629958397676805,52
255,sobol,True,77.67504550889134,242.74306029826403,367.0020777396858,0.05309116160497074,-0.3221695253625512,-1.533562422543764,-0.9585605616215617,102.32495449110866,62.74306029826403,124.25901744142175,70.67296776920557,0.19646208041364083,51.64890194953104,262.8950168947968,-211.21735027819804,566.3343364389716,0.045369835884630234,0.010885451214670322,0.030669848053874092,0.0534477732611796,0.02072062998195337,0.0005330565780841801,0.0006055024955596964,0.0012527844056201343,0.0013578230281477881,22
