time_s,S_to_H_i_mass_flow_kg_s,H_i_to_L_mass_flow_kg_s,L_to_H_o_mass_flow_kg_s,H_o_to_S_mass_flow_kg_s
0.0,-0.0001662341095748548,0.0,0.0033817325165753963,0.0035989711503930143
2.6074991687306885e-07,-0.000166234216700028,0.0,0.00338175161610719,0.0035989902444341706
5.214998337461377e-07,-0.00016623432381478615,0.0,0.003381770715618464,0.0035990093384285853
7.31671641274789e-05,-0.00016626439351335987,0.0,0.003387091134327849,0.0036043279714178846
0.00014581282842121167,-0.00016629348028071594,0.0,0.00339240969664891,0.0036096430333752453
0.00021845849271494446,-0.00016632203514148241,0.0,0.003397726007562563,0.0036149551439010287
0.0002782963340377012,-0.00016634536980978605,0.0,0.003402103123127639,0.0036193287736368948
0.0003381341753604579,-0.00016636868017744317,0.0,0.00340647846969504,0.003623700805654752
0.0003979720166832146,-0.00016639177413320987,0.0,0.0034108522629731188,0.0036280709057811434
0.00045780985800597133,-0.00016641464263208495,0.0,0.003415224517308807,0.0036324390508902355
0.0005011874882876627,-0.0001664311557065095,0.0,0.0034183929991830767,0.0036356045182975865
0.0005445651185693542,-0.00016644760421585247,0.0,0.0034215606023921463,0.0036387690563770086
0.0005879427488510456,-0.00016646397746075594,0.0,0.003424727346456802,0.003641932637107673
0.0007629939846585624,-0.00016652907866166597,0.0,0.003437498211477874,0.0036546892769613224
0.0009380452204660791,-0.00016659292160726486,0.0,0.0034502554230520705,0.0036674298676039547
0.0009818080294179581,-0.00016660888057659022,0.0,0.0034534422994101912,0.003670612902021261
0.0010255708383698373,-0.00016662496607901378,0.0,0.0034566278993273373,0.003673795491218059
0.0010693336473217164,-0.0001666408412946998,0.0,0.00345981284422593,0.0036769767879137995
0.0011130964562735956,-0.00016665654642207352,0.0,0.003462997072909145,0.0036801568767286137
0.0011579543974850933,-0.00016667258153638177,0.0,0.003466260045791316,0.0036834155645201617
0.001202812338696591,-0.0001666885255398497,0.0,0.0034695221031634457,0.0036866732020567096
0.001247670279908089,-0.000166704375293512,0.0,0.0034727832552302897,0.003689929774924185
0.0014053628047401483,-0.0001667593171944925,0.0,0.0034842401151633476,0.0037013694746404167
0.0015630553295722075,-0.0001668135826895207,0.0,0.003495685121507225,0.0037127969308921476
0.0017207478544042664,-0.00016686653481771577,0.0,0.0035071193043196836,0.003724210624985936
0.0017601709856122812,-0.0001668795254992878,0.0,0.003509976155841136,0.0037270618810414484
0.001799594116820296,-0.00016689278810507873,0.0,0.0035128317392356437,0.003729913082150471
0.0018390172480283106,-0.000166905903512211,0.0,0.0035156867414399204,0.003732763284504199
0.0018784403792363254,-0.0001669188780518811,0.0,0.003518541157026244,0.0037356124958414717
0.0019223863341114391,-0.0001669332875378137,0.0,0.0035217221641062934,0.0037387876793262896
0.001966332288986553,-0.00016694761214751863,0.0,0.0035249022768499565,0.003741961852254836
0.002010278243861667,-0.0001669618468038892,0.0,0.003528081507294171,0.0037451349976753306
0.0021447367850341865,-0.00016700481912750208,0.0,0.0035378032326090695,0.003754837311283894
0.002279195326206706,-0.0001670472200685391,0.0,0.003547516343762512,0.0037645304925923713
0.0024136538673792257,-0.00016708910778062577,0.0,0.0035572207359428746,0.0037742146188997376
0.0025481124085517458,-0.00016713006039133736,0.0,0.003566916818864974,0.0037838890425116473
0.002766058797050458,-0.00016719463261367194,0.0,0.0035826157074133696,0.0037995498938113203
0.0029840051855491703,-0.00016725720862241595,0.0,0.0035982922102871006,0.003815185824842196
0.0032019515740478828,-0.0001673179213482862,0.0,0.0036139460367413424,0.0038307970765324756
0.003419897962546595,-0.000167376693939298,0.0,0.0036295772262210473,0.003846383442994606
0.003802767543929949,-0.0001674750353242921,0.0,0.0036569820058714353,0.003873703458235105
0.004185637125313303,-0.0001675669340230645,0.0,0.0036843168667387294,0.0039009455086208913
0.004568506706696658,-0.0001676522529357026,0.0,0.0037115815806858135,0.003928109173814174
0.004951376288080012,-0.0001677309319487463,0.0,0.0037387758223844146,0.003955194201136212
0.005334245869463366,-0.0001678028341618415,0.0,0.0037658993798175833,0.003982200209521201
0.005929988143771459,-0.00016790084380296838,0.0,0.003807962506141024,0.004024063243802563
0.006525730418079552,-0.00016798150803731764,0.0,0.003849853494822285,0.00406573261240294
0.007121472692387645,-0.00016804434388393606,0.0,0.0038915717726673025,0.004107207169222161
0.007717214966695738,-0.00016808883570380208,0.0,0.003933116905543195,0.0041484858284631535
0.00831295724100383,-0.00016811444817874607,0.0,0.0039744885854286005,0.004189567584972227
0.009007401685448276,-0.00016811978675294824,0.0,0.004022495479811226,0.004237206055512166
0.00970184612989272,-0.00016809796131530224,0.0,0.004070266276959149,0.004284574642097708
0.010396290574337165,-0.00016804813992031054,0.0,0.004117801068805442,0.004331672385016328
0.01109073501878161,-0.0001679695188397877,0.0,0.004165100170509047,0.004378498571842036
0.011785179463226056,-0.0001678613160900457,0.0,0.004212164142386289,0.004425052754941417
0.012479623907670502,-0.00016772270547689484,0.0,0.004258993815201086,0.004471334701762217
0.013174068352114947,-0.00016755284433030444,0.0,0.004305590265222143,0.004517344417939149
0.013868512796559393,-0.00016735095359324997,0.0,0.004351954794498786,0.004563082211655971
0.014562957241003838,-0.00016711628228223153,0.0,0.004398088968524906,0.0046085486720311795
0.015257401685448283,-0.00016684801991643356,0.0,0.004443994650982835,0.0046537446117344995
0.015951846129892727,-0.00016654534576987222,0.0,0.004489673968579177,0.004698671114369691
0.016646290574337173,-0.00016620752753700302,0.0,0.004535129282456997,0.004743329607388142
0.017340735018781618,-0.00016583385231845474,0.0,0.0045803632422612905,0.004787721802964109
0.018035179463226064,-0.0001654235129682841,0.0,0.004625378822735425,0.004831849622577104
0.01872962390767051,-0.00016497571409278703,0.0,0.004670179252534684,0.004875715294462181
0.019424068352114954,-0.00016448983055187375,0.0,0.004714767969951621,0.004919321463603966
0.0201185127965594,-0.00016396514790552346,0.0,0.004759148776843511,0.004962670969281153
0.020812957241003845,-0.00016340089317483513,0.0,0.004803325764024559,0.005005766913396247
0.02150740168544829,-0.00016279639202055127,0.0,0.004847303239004933,0.005048612769929718
0.022201846129892736,-0.00016215101042424637,0.0,0.0048910858015569865,0.005091212303686922
0.02289629057433718,-0.000161464063719272,0.0,0.004934678363284428,0.005133569525446675
0.023590735018781627,-0.00016073488628982581,0.0,0.004978086077033223,0.0051756887651545885
0.024285179463226073,-0.00015996288064077247,0.0,0.005021314341419783,0.005217574671008366
0.024979623907670518,-0.0001591474440790818,0.0,0.005064368849310203,0.005259232139318479
0.025674068352114963,-0.00015828795184239877,0.0,0.005107255551673864,0.005300666334141177
0.02636851279655941,-0.0001573838339957341,0.0,0.005149980610515015,0.005341882735992724
0.027062957241003854,-0.00015643456772950284,0.0,0.005192550435804763,0.005382887090964576
0.0277574016854483,-0.00015543960072470582,0.0,0.005234971701859736,0.005423685361434219
0.028451846129892745,-0.0001543983857909811,0.0,0.005277251279818131,0.005464283778415923
0.02914629057433719,-0.00015331045912078458,0.0,0.0053193962165085824,0.0055046888596055185
0.029840735018781636,-0.00015217537756817383,0.0,0.005361413791752176,0.005544907320889116
0.03053517946322608,-0.00015099264193462063,0.0,0.005403311498060022,0.0055849460526690405
0.031229623907670527,-0.00014976179769252086,0.0,0.005445096943819864,0.005624812204440796
0.031924068352114976,-0.0001484825106115742,0.0,0.005486777866209801,0.005664513163868521
0.03261851279655942,-0.0001471544170961179,0.0,0.0055283622145462985,0.005704056419217526
0.03331295724100387,-0.00014577706312830216,0.0,0.005569858065403834,0.005743449589490813
0.03400740168544831,-0.00014435013181490799,0.0,0.00561127351598077,0.005782700531190942
0.03470184612989276,-0.0001428733770212601,0.0,0.005652616770097456,0.005821817215986055
0.0353962905743372,-0.00014134649791382225,0.0,0.005693896139518711,0.005860807669460877
0.03609073501878165,-0.0001397692054308425,0.0,0.005735119946257114,0.005899680026687697
0.03678517946322609,-0.0001381412887577803,0.0,0.005776296508178244,0.0059384425126541756
0.03747962390767054,-0.00013646255937891966,0.0,0.00581743416293665,0.005977103369514633
0.03817406835211498,-0.00013473282262161442,0.0,0.005858541218776657,0.006015670851025657
0.03886851279655943,-0.0001329519264351102,0.0,0.005899625900821779,0.006054153228125584
0.03956295724100387,-0.00013111976861574103,0.0,0.005940696353337941,0.006092558735668707
0.040257401685448314,-0.00012923625654706627,0.0,0.005981760622521142,0.006130895529444993
0.040951846129892756,-0.00012730131492311373,0.0,0.006022826596374387,0.006169171687022598
0.041646290574337205,-0.00012531491947706503,0.0,0.006063901974788449,0.006207395181598872
0.04234073501878165,-0.00012327708029023573,0.0,0.006104994265472013,0.006245573822984987
0.043035179463226096,-0.00012118781634102743,0.0,0.006146110740077272,0.006283715232196044
0.04372962390767054,-0.00011904718084578222,0.0,0.006187258376452116,0.006321826833799145
0.04442406835211499,-0.00011685528021150042,0.0,0.006228443842373671,0.0063599158073295945
0.04511851279655943,-0.0001146122432211019,0.0,0.006269673477709026,0.0063979890313050096
0.04581295724100388,-0.00011231821121311907,0.0,0.006310953232036608,0.00643605306878069
0.04650740168544832,-0.00010997337575214935,0.0,0.006352288614945161,0.006474114146119399
0.04720184612989277,-0.00010757798066243776,0.0,0.006393684689591856,0.006512178086202405
0.04789629057433721,-0.0001051322778119922,0.0,0.006435146029069149,0.00655025026765507
0.04859073501878166,-0.0001026365491305825,0.0,0.006476676653862885,0.006588335607031458
0.0492851794632261,-0.00010009112997604666,0.0,0.006518279999274524,0.006626438513775386
0.04997962390767055,-9.749639301221845e-05,0.0,0.006559958885367012,0.0066645628376887905
0.05067406835211499,-9.48527376174251e-05,0.0,0.006601715466878465,0.006702711832802691
0.05136851279655944,-9.216060191382594e-05,0.0,0.006643551185766442,0.006740888119811502
0.052062957241003884,-8.942046787132994e-05,0.0,0.0066854667345111855,0.006779093638061498
0.05275740168544833,-8.663285421168638e-05,0.0,0.006727462013623681,0.006817329601208165
0.053451846129892774,-8.379831632105054e-05,0.0,0.006769536083351938,0.006855596457864624
0.05414629057433722,-8.091745239153908e-05,0.0,0.006811687121119033,0.006893893847229144
0.054840735018781665,-7.79909032987382e-05,0.0,0.0068539123810571955,0.00693222055243432
0.055535179463226114,-7.501934978206518e-05,0.0,0.006896208148680046,0.006970574458339261
0.056229623907670556,-7.200351488765399e-05,0.0,0.006938569696088454,0.00700895250968033
0.056924068352115005,-6.894416704005774e-05,0.0,0.006980991241539138,0.007047350666049954
0.05761851279655945,-6.584211894802998e-05,0.0,0.007023465908131485,0.007085763858383472
0.058312957241003896,-6.26982271601432e-05,0.0,0.007065985680661132,0.007124185948528526
0.05900740168544834,-5.951339478812172e-05,0.0,0.007108541365619023,0.007162609687957039
0.05970184612989279,-5.628857285016802e-05,0.0,0.007151122553833675,0.007201026676027664
0.06039629057433723,-5.302475935440371e-05,0.0,0.007193717582172662,0.007239427321312691
0.06109073501878168,-4.97230021730779e-05,0.0,0.0072363134949476726,0.00727780080648586
0.06178517946322612,-4.638439499516022e-05,0.0,0.007278896015653881,0.007316135046166434
0.06247962390767057,-4.301008235123126e-05,0.0,0.007321449510389691,0.007354416656845814
0.06317406835211502,-3.9601262343565236e-05,0.0,0.0073639569562882,0.007392630926564689
0.06386851279655946,-3.6159184057921936e-05,0.0,0.0074063999176599005,0.007430761781720013
0.0645629572410039,-3.2685147203664734e-05,0.0,0.007448758521591699,0.007468791759298826
0.06525740168544834,-2.9180504641343848e-05,0.0,0.007491011434363852,0.007506701984189682
0.0659518461298928,-2.564666328741876e-05,0.0,0.0075331358436989725,0.007544472147415872
0.06664629057433724,-2.2085083550184145e-05,0.0,0.0075751074451472136,0.007582080487143589
0.06734073501878168,-1.8497279744140856e-05,0.0,0.007616900430698783,0.007619503774779946
0.06803517946322613,-1.4884820981095791e-05,0.0,0.007658487481777368,0.007656717304836248
0.06872962390767058,-1.1249331264254942e-05,0.0,0.007699839767613213,0.007693694888167174
0.06942406835211502,-7.59248931747812e-06,0.0,0.0077409269478475205,0.0077304088501291965
0.07011851279655947,-3.916028734224677e-06,0.0,0.007781717179691588,0.007766830033936452
0.07081295724100391,-2.2173796283067925e-07,0.0,0.00782217713084,0.007802927808670195
0.07081434612989279,-2.1433828644958283e-07,0.0,0.00782225767768126,0.007802999663369423
0.07081712390767057,-1.9954961561789176e-07,0.0,0.00782241872962083,0.007803143376637866
0.07081990168544836,-1.8476041498963625e-07,0.0,0.007822579776714831,0.007803287083350398
0.07084767946322613,-3.663153495999766e-08,0.0,0.007824190692462433,0.007804723657247362
0.07087545724100391,1.6212251564908541e-07,0.0,0.007825801016952086,0.007806159663858792
0.07090323501878168,3.7699008022967824e-07,0.0,0.007827410748274389,0.007807595098855456
0.07093721843910164,6.382637957122264e-07,0.0,0.007829379290076266,0.007809350425817346
0.07097120185942159,8.969724035195558e-07,0.0,0.007831346937707562,0.007811104871657143
0.07100518527974153,1.152471708097573e-06,0.0,0.007833313685237776,0.007812858419211477
0.07106916344051913,1.6235720070424374e-06,0.0,0.007837013873308889,0.007816157199459352
0.07113314160129672,2.0803147825826573e-06,0.0,0.007840710786691962,0.007819452596757679
0.07119711976207431,2.5228699533527598e-06,0.0,0.00784440435545353,0.007822744487736939
0.0712610979228519,2.9521439043631697e-06,0.0,0.007848094502146314,0.00782603275702468
0.07135593082051982,3.566418281536565e-06,0.0,0.007853557828192628,0.007830899998723164
0.07145076371818773,4.158303443382638e-06,0.0,0.007859013201181726,0.007835758815808376
0.07154559661585565,4.7324060644198325e-06,0.0,0.007864460379427254,0.007840608999030205
0.07164042951352356,5.292683468466731e-06,0.0,0.007869899143359374,0.007845450389319266
0.07176771898176632,6.028449288671613e-06,0.0,0.007877185757869751,0.00785193471786355
0.07189500845000905,6.751153972035516e-06,0.0,0.007884456446472635,0.007858402755890018
0.07202229791825179,7.465302799172388e-06,0.0,0.00789171086017813,0.00786485431647732
0.07214958738649455,8.173906888524209e-06,0.0,0.007898948695502691,0.007871289243595881
0.0722888558218117,8.94523122647074e-06,0.0,0.007906848340181703,0.007878310521749032
0.07242812425712886,9.713824456430232e-06,0.0,0.007914727467782089,0.007885311573913393
0.07256739269244601,1.0480892799367159e-05,0.0,0.007922585797327346,0.007892292200822026
0.07268781539913179,1.1143496536780837e-05,0.0,0.007929363796982686,0.007898311573421161
0.07280823810581757,1.1805770462008659e-05,0.0,0.00793612590303929,0.007904315375643399
0.07292866081250335,1.246786465682593e-05,0.0,0.0079428719029902,0.00791030351713863
0.0730719502018445,1.3255580796992302e-05,0.0,0.00795087762114478,0.007917408171299753
0.07321523959118563,1.4043275963911735e-05,0.0,0.007958859975049618,0.00792449027128396
0.07335852898052678,1.4831008997029146e-05,0.0,0.00796681872940881,0.007931549538792148
0.07348153730005721,1.550729880609335e-05,0.0,0.007973632005839748,0.007937591213810916
0.07360454561958767,1.6183641752993348e-05,0.0,0.007980427529887354,0.00794361569910533
0.07372755393911812,1.686003449307674e-05,0.0,0.007987205060999803,0.007949622884456692
0.0738737510708878,1.7663995158424755e-05,0.0,0.00799523655578794,0.007956739815299981
0.07401994820265749,1.846801288341435e-05,0.0,0.00800324203323911,0.007963831822091212
0.07416614533442717,1.927207958564851e-05,0.0,0.008011221248225698,0.007970898557249325
0.07429712271910345,1.999247316378271e-05,0.0,0.00801834727719555,0.00797720787305032
0.07442810010377975,2.0712887116809744e-05,0.0,0.00802545177262078,0.007983496428693051
0.07455907748845603,2.1433308261581035e-05,0.0,0.008032534426054177,0.007989764072434935
0.07472255895010532,2.233250364630995e-05,0.0,0.008041343665835773,0.007997557519275349
0.0748860404117546,2.323167127066435e-05,0.0,0.008050117952755653,0.008005317691632294
0.0750495218734039,2.4130793134608684e-05,0.0,0.008058856951038269,0.008013044031718633
0.07515628960637338,2.4717971117092768e-05,0.0,0.008064545174500731,0.008018071392378822
0.07526305733934287,2.5305118931738002e-05,0.0,0.00807021816262,0.008023083872480031
0.07536982507231237,2.5892221835435928e-05,0.0,0.008075875537586201,0.008028081555834315
0.07546233462149712,2.6400877480984854e-05,0.0,0.008080764630297157,0.008032399803992276
0.0755548441706819,2.6909491677743295e-05,0.0,0.008085641841560404,0.008036706735741816
0.07564735371986665,2.7418062703238324e-05,0.0,0.008090507121990023,0.008041002231293485
0.07580355163259991,2.827664751109834e-05,0.0,0.008098694535299362,0.00804822881109004
0.07595974954533319,2.9135073889444542e-05,0.0,0.008106847088805252,0.00805542226160682
0.07611594745806645,2.9993318437509684e-05,0.0,0.008114964411964376,0.008062582100804735
0.07624852954950116,3.072165092429319e-05,0.0,0.008121826641976268,0.008068632609525422
0.07638111164093588,3.14498311500462e-05,0.0,0.008128663082552836,0.008074658168706074
0.0765136937323706,3.2177840762917085e-05,0.0,0.008135473274619694,0.008080658671313802
0.07664408237966662,3.289362130938912e-05,0.0,0.008142144814579182,0.008086535301465029
0.07677447102696262,3.360920740433505e-05,0.0,0.008148790364130729,0.008092387239417836
0.07690485967425864,3.432459129161543e-05,0.0,0.008155409745276126,0.008098214147491631
0.07707468130040311,3.525600172520728e-05,0.0,0.008163991281517275,0.008105765342959047
0.07724450292654758,3.618701623320733e-05,0.0,0.008172527165333314,0.008113273230461944
0.07741432455269205,3.711759872921642e-05,0.0,0.008181016854188877,0.008120737166493874
0.07753921387954299,3.7801680202265064e-05,0.0,0.008187230742173356,0.008126197616566898
0.07766410320639394,3.848551237784842e-05,0.0,0.008193419428056436,0.008131633427291833
0.07778899253324488,3.9169073422633185e-05,0.0,0.008199582269703768,0.00813704470214794
0.07788778084977167,3.9709568157007866e-05,0.0,0.008204438506137097,0.00814130764146319
0.07798656916629847,4.024987583812437e-05,0.0,0.008209278260430924,0.008145554987218742
0.07808535748282526,4.0789996923843125e-05,0.0,0.008214101499331038,0.0081497865406406
0.07824250206616648,4.1648776993625566e-05,0.0,0.008221739542495063,0.00815648496808114
0.07839964664950769,4.250704273931233e-05,0.0,0.008229334764033085,0.00816314282533389
0.07855679123284891,4.3364762775763336e-05,0.0,0.008236886738697243,0.008169759549965561
0.07870236701815543,4.4158836394904744e-05,0.0,0.008243843913629235,0.008175851850359595
0.07884794280346195,4.495241137404801e-05,0.0,0.00825076339745997,0.008181907798611606
0.07899351858876849,4.5745462942096147e-05,0.0,0.008257644584378632,0.00818792716603566
0.07914047733073593,4.654548787223088e-05,0.0,0.00826455168648526,0.008193966372273327
0.07928743607270336,4.734492828340921e-05,0.0,0.008271418721876166,0.008199967644311655
0.0794343948146708,4.8143770182814236e-05,0.0,0.00827824540416701,0.008205930443561457
0.0796008686164499,4.904794795438748e-05,0.0,0.008285929378289503,0.008212638024790681
0.07976734241822901,4.995130403059809e-05,0.0,0.008293560325910061,0.008219295145949072
0.07993381622000813,5.085379973468839e-05,0.0,0.008301137635780092,0.008225901176205088
0.08009523535788013,5.1728044810579025e-05,0.0,0.008308433163947198,0.008232257160254863
0.08025665449575213,5.26014309419232e-05,0.0,0.008315677253213428,0.008238563819061177
0.08041807363362413,5.3473928408713705e-05,0.0,0.008322869210431794,0.008244820680562811
0.0805766011014617,5.432989626119672e-05,0.0,0.008329880888276768,0.008250916554450817
0.08073512856929926,5.518494174003208e-05,0.0,0.008336840994583159,0.008256963455033529
0.08089365603713684,5.603904162229425e-05,0.0,0.008343749026737178,0.008262960790699308
0.08105218350497441,5.6892173001668895e-05,0.0,0.008350604504294343,0.008268907947310939
0.08121071097281198,5.774430912574204e-05,0.0,0.00835740688846684,0.00827480435794043
0.08136923844064954,5.8595419438988056e-05,0.0,0.008364155566786555,0.008280649516242447
0.08154560253157626,5.954106388376374e-05,0.0,0.008371599635377985,0.00828709145702183
0.08172196662250299,6.0485338355024745e-05,0.0,0.008378976142516275,0.008293468222243616
0.08189833071342971,6.142823797733652e-05,0.0,0.008386284066548379,0.008299779220194922
0.08207469480435643,6.236971692543896e-05,0.0,0.008393521744114603,0.008306024445480117
0.08214411935123153,6.273991437081123e-05,0.0,0.00839635137729603,0.008308464624516733
0.08221354389810662,6.31098848363357e-05,0.0,0.008399170149332653,0.008310894279577478
0.08228296844498172,6.347962737068555e-05,0.0,0.008401977978707764,0.008313313392686842
0.08235406564273685,6.385803704774847e-05,0.0,0.008404842023368074,0.00831577985171222
0.082425162840492,6.423619947374648e-05,0.0,0.008407694433909072,0.008318235203409994
0.08249626003824714,6.461411191915324e-05,0.0,0.008410535157323928,0.008320679398571475
0.08259752903155064,6.51519662525021e-05,0.0,0.008414561100751507,0.008324141491715894
0.08269879802485414,6.568929761476314e-05,0.0,0.008418563096055473,0.008327580693748839
0.08280006701815763,6.622610042383957e-05,0.0,0.008422540970386805,0.008330996871903168
0.08290133601146113,6.676236747641653e-05,0.0,0.008426494544555047,0.008334389905619048
0.08297064229974861,6.712906303428976e-05,0.0,0.00842918621839722,0.008336698600475726
0.08303994858803608,6.749550216786235e-05,0.0,0.00843186639982771,0.00833899633355132
0.08310925487632356,6.786168224124124e-05,0.0,0.008434535040300504,0.008341283058422841
0.08345694807946212,6.96947540715418e-05,0.0,0.008447746332238014,0.008352587780546459
0.08354387138024677,7.015195174747455e-05,0.0,0.00845100302044419,0.008355369681743018
0.0836307946810314,7.060870694728966e-05,0.0,0.00845424152443703,0.00835813328200778
0.08371771798181604,7.106502123419519e-05,0.0,0.008457460968902175,0.008360879161924639
0.08380464128260069,7.152088275961146e-05,0.0,0.00846066122439225,0.00836360725879899
0.0838732328981246,7.188029081853373e-05,0.0,0.008463173232542321,0.00836574716815563
0.08394182451364851,7.223941945048926e-05,0.0,0.008465673392951468,0.008367875722993507
0.08401041612917241,7.25982632663947e-05,0.0,0.008468161609085794,0.008369992920880077
0.08419948625599087,7.358591405873877e-05,0.0,0.008474957975007935,0.008375769745954838
0.08438855638280932,7.457132043230659e-05,0.0,0.008481662486055886,0.00838145881674868
0.08457762650962776,7.555445038487263e-05,0.0,0.008488274445402696,0.00838705891132642
0.08476669663644622,7.65352674152638e-05,0.0,0.008494792603901609,0.00839256931607347
0.08483576563756931,7.689296754210796e-05,0.0,0.008497149966581536,0.008394559939276649
0.0849048346386924,7.725034071958397e-05,0.0,0.008499494522315973,0.00839653851707246
0.0849739036398155,7.76073941103266e-05,0.0,0.008501826383551077,0.008398504865516094
0.08508805275853301,7.819677942093575e-05,0.0,0.008505652246651058,0.008401727720498095
0.08520220187725053,7.878526907582775e-05,0.0,0.008509442924677466,0.008404916984333155
0.08531635099596804,7.937284757946229e-05,0.0,0.008513198200983821,0.008408072452301175
0.08559691684490042,8.081314315165776e-05,0.0,0.008522275841460404,0.008415683622303414
0.08566705830713352,8.117232117677336e-05,0.0,0.008524511486628111,0.008417553799747658
0.08573719976936661,8.153113475030274e-05,0.0,0.008526733846720893,0.008419410544270397
0.08580734123159972,8.188958293553977e-05,0.0,0.008528942240349818,0.008421254354742768
0.08587748269383282,8.224766096137918e-05,0.0,0.008531136665328417,0.008423085143114106
0.08594557152900119,8.259490954840891e-05,0.0,0.008533253673745142,0.008424849683974498
0.08601366036416956,8.294181036980871e-05,0.0,0.008535357583345355,0.008426601731519136
0.08608174919933793,8.328835966665672e-05,0.0,0.00853744833558618,0.008428341254126935
0.08628981788877327,8.43451672364636e-05,0.0,0.008543755277993581,0.008433578865064859
0.0864978865782086,8.539859246055312e-05,0.0,0.008549938135841529,0.008438697519484284
0.08670595526764394,8.644858126351232e-05,0.0,0.00855599588794457,0.00844369572376555
0.08691402395707926,8.749508365131794e-05,0.0,0.008561926685857668,0.008448572756808336
0.08698287528911466,8.784058007717697e-05,0.0,0.008563860767980975,0.008450159968015954
0.08705172662115006,8.818567326961227e-05,0.0,0.00856578063725109,0.00845173384438814
0.08712057795318545,8.853037656052643e-05,0.0,0.008567686515884602,0.00845329411151393
0.08720768098824332,8.896589224373797e-05,0.0,0.008570077480750971,0.008455248451069194
0.0872947840233012,8.940076835255558e-05,0.0,0.008572445736398194,0.008457180983832328
0.08738188705835906,8.983499721537818e-05,0.0,0.008574791152837009,0.008459091654980504
0.08763832471832204,9.110961117484611e-05,0.0,0.008581562208173637,0.008464589340234587
0.08770243413331279,9.142736243172697e-05,0.0,0.00858322375682433,0.008465933707095787
0.08776654354830354,9.174475032493214e-05,0.0,0.00858487298061148,0.00846726576821643
0.08783065296329429,9.20617715244011e-05,0.0,0.008586509428477468,0.008468585848436492
0.08789476237828503,9.237842303575949e-05,0.0,0.008588133095186355,0.00846989388695168
0.0879627591003326,9.271387218111064e-05,0.0,0.00858984134514842,0.00847126793544975
0.08803075582238018,9.304890509692412e-05,0.0,0.0085915352343415,0.008472628271635387
0.08809875254442776,9.338351872058382e-05,0.0,0.008593214717603595,0.008473974856942184
0.08833086247253281,9.452256201021262e-05,0.0,0.008598838464073782,0.00847846736464467
0.08856297240063789,9.565658453145852e-05,0.0,0.008604292690720073,0.00848279719590724
0.08862099988266416,9.593929476709836e-05,0.0,0.008605629608459066,0.008483853996161366
0.08867902736469042,9.622168814223021e-05,0.0,0.008606955736557684,0.008484900555245997
0.08873705484671669,9.650375928301764e-05,0.0,0.008608271078161343,0.008485936823463451
0.08879508232874296,9.678550769582752e-05,0.0,0.008609575624367156,0.008486962761644694
0.08886195443657566,9.710979745851434e-05,0.0,0.008611065598352464,0.008488132236208507
0.08892882654440835,9.743365493793108e-05,0.0,0.008612541153703421,0.0084892879285204
0.08899569865224104,9.775707795061899e-05,0.0,0.008614002260206753,0.00849042979351603
0.08910384371843408,9.827919315310058e-05,0.0,0.008616334437828782,0.008492247042402363
0.0892119887846271,9.880015376368469e-05,0.0,0.008618628630696219,0.008494027832494583
0.08932013385082015,9.931995310638387e-05,0.0,0.008620884640130723,0.008495772019381004
0.08942827891701317,9.983858232581939e-05,0.0,0.00862310224477761,0.008497479498083157
0.08949618378892477,0.00010016362903186424,0.0,0.008624475023211939,0.008498532789473415
0.08956408866083636,0.00010048820939729854,0.0,0.008625832576929282,0.008499571491172881
0.08963199353274795,0.00010081232085965416,0.0,0.008627174864046662,0.008500595567050991
0.0899641117553184,0.00010239072089833182,0.0,0.008633517567816839,0.008505393012737368
0.09004714131096102,0.0001027835236602165,0.0,0.008635045726149449,0.00850653689971592
0.09013017086660363,0.0001031756013254572,0.0,0.00863655136994298,0.008507657893275247
0.09021320042224625,0.00010356694649497876,0.0,0.008638033355589912,0.008508756852870036
0.09029622997788886,0.00010395754790032877,0.0,0.008639491583845353,0.008509833736763514
0.0903642215415375,0.00010427686036607076,0.0,0.008640668347648733,0.008510698776759381
0.09043221310518616,0.00010459568010650937,0.0,0.008641829381179843,0.00851154868616907
0.09050020466883482,0.00010491400132503583,0.0,0.008642974585271593,0.008512383481426404
0.09067584902824942,0.00010573401172032642,0.0,0.008645859394192044,0.008514469803106191
0.09085149338766402,0.00010655063485317115,0.0,0.008648638038349725,0.008516454137298391
0.09102713774707862,0.0001073638505467283,0.0,0.008651310128613884,0.008518335599748817
0.09120278210649323,0.0001081736263943809,0.0,0.0086538745912628,0.008520113966494533
0.09127097626383202,0.00010848707465690123,0.0,0.008654840940514002,0.008520776669432198
0.09133917042117082,0.00010879999057162543,0.0,0.008655790884422348,0.008521423751441569
0.0914073645785096,0.00010911237950482361,0.0,0.008656724516438181,0.008522055066480322
0.09156687206106393,0.000109840996121446,0.0,0.008658844232380327,0.008523470014745706
0.09172637954361824,0.00011056666918256442,0.0,0.008660873924062597,0.008524798245000043
0.09188588702617255,0.00011128936630373403,0.0,0.008662812912421028,0.008526039475303535
0.09204539450872687,0.00011200906907557479,0.0,0.00866466055958733,0.008527193449373622
0.09211270986849548,0.00011231189365015954,0.0,0.008665412890735103,0.008527654096984175
0.0921800252282641,0.00011261418062603021,0.0,0.008666148942310107,0.008528099013273257
0.0922473405880327,0.00011291592582591037,0.0,0.008666868623887972,0.008528528217342008
0.09241859203813803,0.00011368111637192682,0.0,0.008668625268867254,0.008529549164651663
0.09258984348824334,0.00011444273949779153,0.0,0.008670275281526746,0.008530467746021871
0.09276109493834865,0.0001152007861106201,0.0,0.00867181851727026,0.008531283086312742
0.09293234638845396,0.00011595523806064164,0.0,0.008673254262175927,0.008531994878149292
0.09300010973767253,0.00011625275626338114,0.0,0.008673792371429347,0.008532248037504611
0.0930678730868911,0.00011654969458428821,0.0,0.00867431339626071,0.00853248500527975
0.09313563643610967,0.00011684606028046008,0.0,0.008674817476768409,0.008532705605519135
0.0932913679073086,0.00011752498249591009,0.0,0.008675911457187071,0.008533150382590182
0.09344709937850755,0.00011820083373078061,0.0,0.008676915453762713,0.00853350824858228
0.0936028308497065,0.00011887357944225242,0.0,0.008677828759784165,0.008533779112836629
0.09375856232090544,0.00011954319926749656,0.0,0.008678650748250012,0.008533962882210982
0.09382564725071739,0.0001198306882477044,0.0,0.008678976777602963,0.008534015000621361
0.09389273218052933,0.00012011759696980757,0.0,0.008679285937580569,0.00853405072691764
0.09395981711034129,0.00012040391936256502,0.0,0.008679578102043521,0.008534070121251605
0.09409732501418935,0.00012098897072800902,0.0,0.008680123576936233,0.008534058770860187
0.09423483291803741,0.00012157152756000517,0.0,0.008680597366820636,0.008533978474788373
0.09437234082188548,0.00012215158734464864,0.0,0.008680999402331926,0.008533828844847267
0.09450984872573354,0.00012272913456355338,0.0,0.00868132926606858,0.008533609845424098
0.09457740107932949,0.00012301192979857553,0.0,0.008681464754138921,0.008533476860739972
0.09464495343292545,0.00012329411103622834,0.0,0.008681582728885456,0.008533327077779202
0.09471250578652139,0.0001235756786402276,0.0,0.00868168320707426,0.008533160437148728
0.09492874412804075,0.00012447284765369375,0.0,0.008681886577219541,0.008532513501598574
0.09514498246956012,0.00012536362777756214,0.0,0.008681909717163972,0.008531692889686469
0.09536122081107946,0.00012624797551596004,0.0,0.008681752233671756,0.008530697441481414
0.09541528039645931,0.0001264680547873578,0.0,0.008681684391477599,0.008530421317578458
0.09546933998183917,0.0001266877225487218,0.0,0.008681604934629689,0.008530134443799398
0.09552339956721902,0.00012690698521337213,0.0,0.008681514169589276,0.00852983653536831
0.09557745915259885,0.00012712584188520748,0.0,0.008681412062161567,0.00852952760182564
0.09564437308005316,0.00012739617080217904,0.0,0.008681269883033006,0.008529130006622527
0.09571128700750747,0.00012766587191920104,0.0,0.008681110198902092,0.008528715562230551
0.09577820093496178,0.00012793494389733736,0.0,0.008680932999419206,0.00852828424097444
0.09607005589872528,0.0001291011447752129,0.0,0.008679953814026623,0.008526205731642976
0.09614301963966615,0.00012939080185549103,0.0,0.008679656866618915,0.008525635624323024
0.09621598338060702,0.00012967970465504038,0.0,0.008679339463212137,0.008525044858924568
0.09628894712154788,0.0001299678400080113,0.0,0.008679000800620323,0.008524434090781852
0.09636191086248876,0.00013025520342924024,0.0,0.008678640872442633,0.008523803283269214
0.09642856719074692,0.00013051705807842634,0.0,0.008678293728411321,0.008523209256642862
0.09649522351900508,0.00013077827315774473,0.0,0.008677928996813649,0.00852259830080758
0.09656187984726325,0.00013103884539134033,0.0,0.008677546634655607,0.008521970422162958
0.09675379381928208,0.0001317854741402767,0.0,0.008676346986692967,0.00852006798992737
0.09694570779130092,0.0001325267242272306,0.0,0.008675001187289512,0.008518024431384075
0.09713762176331975,0.00013326258023033856,0.0,0.008673509223614243,0.008515838985866655
0.09732953573533859,0.0001339930121332756,0.0,0.008671870070495165,0.008513511903139832
0.09739617418084134,0.00013424534586343792,0.0,0.008671266078022244,0.008512670998962543
0.09746281262634411,0.0001344970086509971,0.0,0.008670644130260257,0.008511813101132618
0.09752945107184688,0.00013474801505239322,0.0,0.008670004520032705,0.00851093793243323
0.09765831898893991,0.00013523155223971368,0.0,0.008668717307840305,0.008509196501059569
0.09778718690603296,0.00013571260001181925,0.0,0.008667363629357609,0.00850739063827456
0.097916054823126,0.00013619113651738575,0.0,0.008665943046618154,0.008505520518614806
0.09804492274021905,0.0001366671578645465,0.0,0.008664455458867428,0.008503586079902417
0.09810987456947816,0.00013690612939093355,0.0,0.008663680408688762,0.008502586584132204
0.09817482639873727,0.00013714446132692088,0.0,0.008662888384837435,0.00850157065361166
0.09823977822799639,0.0001373821499363897,0.0,0.008662079322614744,0.008500538327286753
0.098428461308436,0.00013806896611893266,0.0,0.008659632004664282,0.008497446460216461
0.09861714438887559,0.0001387503062238272,0.0,0.008657040788908409,0.008494215913546294
0.0988058274693152,0.0001394261749168367,0.0,0.008654306115194257,0.008490845848004407
0.0989945105497548,0.00014009652414150633,0.0,0.008651426782689289,0.008487336983345483
0.09906043446880591,0.00014032942433815198,0.0,0.008650386541468625,0.008486078388788213
0.09912635838785702,0.000140561660146268,0.0,0.008649328938677564,0.008484802546074961
0.09919228230690812,0.0001407932171334315,0.0,0.008648253697582847,0.008483509684336267
0.09926046658430097,0.00014103199504723413,0.0,0.008647122960410723,0.00848215464374125
0.09932865086169382,0.00014127004308264992,0.0,0.008645973311341208,0.008480781412795292
0.09939683513908666,0.00014150736124573477,0.0,0.008644804769316936,0.008479389964843783
0.09964823083385559,0.0001423760234017832,0.0,0.008640332350441485,0.008474102489104804
0.09989962652862451,0.00014323465487658826,0.0,0.008635602538476287,0.008468567531786977
0.09996247545231673,0.00014344775524070916,0.0,0.008634380292036508,0.008467144683025328
0.10002532437600896,0.00014366025548323707,0.0,0.008633142473042801,0.008465705883181402
0.10008817329970118,0.00014387211090176476,0.0,0.0086318882283506,0.008464251869451964
0.10015102222339341,0.00014408332531284349,0.0,0.008630617663021643,0.008462782547735376
0.10021656262158518,0.00014430291414404926,0.0,0.008629275594679983,0.008461233768071492
0.10028210301977696,0.0001445218148587965,0.0,0.00862791599499345,0.008459668147402148
0.10034764341796873,0.000144740025935831,0.0,0.00862653885787369,0.008458085689139765
0.1005391193558429,0.0001453735742019045,0.0,0.008622414998611619,0.008453365978719325
0.10073059529371707,0.00014600122805616145,0.0,0.008618142268501442,0.0084485019529899
0.10092207123159125,0.00014662293976571428,0.0,0.008613719944647413,0.00844349414608319
0.10096994021605979,0.00014677743666914573,0.0,0.008612590901592722,0.008442219811093206
0.10101780920052833,0.00014693157556214552,0.0,0.008611452856512894,0.008440936192855188
0.10106567818499687,0.00014708533907158955,0.0,0.008610305412805021,0.0084396436374031
0.10111354716946541,0.00014723872743153127,0.0,0.0086091485842482,0.008438342134389341
0.1011788027727647,0.00014744722850916158,0.0,0.008607556593421625,0.008436553414697784
0.101244058376064,0.00014765503563065948,0.0,0.008605947256128165,0.008434747993620182
0.1013093139793633,0.00014786214806289982,0.0,0.00860432057955603,0.008432925870295207
0.10154284864178158,0.000148597649941215,0.0,0.008598356713631941,0.008426268157044642
0.10177638330419986,0.00014932422220379472,0.0,0.008592171657595219,0.008419396349676641
0.10183476696980442,0.00014950446949224414,0.0,0.00859059095221351,0.008417644857477934
0.10189315063540899,0.0001496841583947178,0.0,0.008588996369923737,0.008415880050111542
0.10195153430101356,0.0001498632836135489,0.0,0.008587387904138445,0.00841410194091123
0.10200991796661812,0.00015004184651031988,0.0,0.008585765596007208,0.008412310501753251
0.10207481125162433,0.0001502396592979161,0.0,0.00858394619936981,0.00841030368436214
0.10213970453663056,0.00015043677667870995,0.0,0.008582109712529033,0.008408280410282031
0.10220459782163677,0.00015063319844153123,0.0,0.00858025615521694,0.00840624067429704
0.10224986733417185,0.0001507698098562547,0.0,0.008578952995383896,0.008404807998814188
0.10229513684670694,0.00015090608277665052,0.0,0.008577641557936716,0.008403367303872792
0.10234040635924202,0.00015104201647623302,0.0,0.008576321824035152,0.008401918603437758
0.1023856758717771,0.00015117761073479185,0.0,0.008574993795119418,0.008400461900843688
0.10245031193060626,0.00015137062484833717,0.0,0.008573083285138054,0.008398368150794387
0.1025149479894354,0.00015156294609737638,0.0,0.008571155873433966,0.008396258103078579
0.10257958404826456,0.00015175457415681908,0.0,0.008569211575646513,0.008394131758640221
0.10262394735575117,0.0001518856974757206,0.0,0.008567867311485936,0.008392662892407915
0.10266831066323778,0.00015201649428094342,0.0,0.008566515119952985,0.008391186344075742
0.1027126739707244,0.00015214696386678015,0.0,0.008565154983390019,0.008389702127438087
0.102757037278211,0.00015227710604063694,0.0,0.008563786903516111,0.008388210246196369
0.1028215703498505,0.00015246583307724755,0.0,0.008561782679452939,0.008386026406681128
0.10288610342149,0.00015265386649591012,0.0,0.008559761657411862,0.008383826367639572
0.1029506364931295,0.0001528412060429155,0.0,0.00855772385433451,0.008381610131499377
0.1029942529795279,0.0001529674312782775,0.0,0.008556337032386719,0.008380103046733114
0.10303786946592629,0.0001530933396786119,0.0,0.00855494257236823,0.008378588559088547
0.10308148595232469,0.00015321893053680825,0.0,0.00855354045732661,0.008377066682497903
0.10312510243872308,0.00015334420368740416,0.0,0.008552130689413965,0.008375537420853783
0.10318953379472127,0.0001535286793850642,0.0,0.00855003417776694,0.00837326485504968
0.10325396515071945,0.00015371246104254715,0.0,0.00854792097821368,0.008370976194822336
0.10331839650671765,0.00015389554847771036,0.0,0.008545791109108015,0.008368671443926484
0.10336123504460522,0.0001540168932806248,0.0,0.008544365784142546,0.00836713017079288
0.1034040735824928,0.00015413793142400722,0.0,0.008542933118276214,0.008365581781811082
0.10344691212038037,0.00015425866219807898,0.0,0.008541493095232791,0.008364026290988905
0.10348975065826796,0.00015437908546338965,0.0,0.008540045717548251,0.008362463702350689
0.10355407956597006,0.00015455934313557678,0.0,0.008537858470040943,0.008360103904835697
0.10361840847367217,0.00015473890670700293,0.0,0.008535654652036444,0.008357728125322601
0.10368273738137428,0.00015491777606604744,0.0,0.008533434283267517,0.008355336368854062
0.10372475979876987,0.00015503424588240083,0.0,0.008531974895411564,0.00835376533807196
0.10376678221616545,0.00015515041976578287,0.0,0.008530508472924801,0.008352187487430935
0.10380880463356104,0.00015526629700579698,0.0,0.008529035000185245,0.008350602830944378
0.10385082705095663,0.00015538187748759925,0.0,0.008527554480057714,0.00834901137271393
0.10391505064401799,0.00015555794840305256,0.0,0.008525278195759784,0.008346565989965953
0.10397927423707932,0.0001557333255525703,0.0,0.008522985466425936,0.008344104745626527
0.10404349783014068,0.00015590800889300074,0.0,0.008520676313122047,0.008341627645991154
0.1040846595484172,0.00015601960032783513,0.0,0.00851918770174429,0.008340031699560577
0.10412582126669372,0.00015613090714835262,0.0,0.00851769237185542,0.00833842923894015
0.10416698298497024,0.00015624192864419393,0.0,0.008516190308472626,0.008336820278075236
0.10420814470324676,0.00015635266472367653,0.0,0.008514681514732173,0.008335204821090835
0.10427102877484613,0.00015652128933201995,0.0,0.008512363522113733,0.008332724304703942
0.1043339128464455,0.00015668924727806822,0.0,0.008510029838289962,0.008330228652537205
0.10439679691804486,0.00015685653857505346,0.0,0.008507680484072062,0.008327717871905555
0.10443737982911686,0.00015696414735132125,0.0,0.008506155974700958,0.008326089477215028
0.10447796274018886,0.00015707147889556643,0.0,0.008504624965879363,0.00832445478160318
0.10451854565126086,0.0001571785325340113,0.0,0.008503087444220132,0.008322813798205975
0.10455912856233286,0.0001572853081887068,0.0,0.008501543413033696,0.00832116653132368
0.10462033762633496,0.00015744582651768977,0.0,0.008499202332133029,0.008318670165047972
0.10468154669033707,0.00015760571238421513,0.0,0.008496846470773468,0.008316159522779604
0.10498963313921074,0.0001584008664386867,0.0,0.008484764680673032,0.00830330630717673
0.1052977195880844,0.00015917997544364503,0.0,0.008472310637386845,0.008290093554692068
0.10560580603695807,0.00015994302229711932,0.0,0.008459486322541275,0.00827652316045626
0.10591389248583175,0.000160689996821481,0.0,0.008446293833447497,0.008262597145466023
0.10627805091118951,0.00016155218704602795,0.0,0.008430228552109528,0.008245680931759663
0.10664220933654728,0.00016239191341919885,0.0,0.008413655854913505,0.008228274625500624
0.10700636776190504,0.00016320919695382154,0.0,0.00839657981479749,0.008210382212383816
0.1073705261872628,0.0001640040585660479,0.0,0.008379004737768226,0.008192007885186179
0.10773468461262056,0.00016477652185632456,0.0,0.008360935152041872,0.008173156045784733
0.10829102500076353,0.00016591348421832414,0.0,0.008332385434626156,0.008143443797555097
0.10884736538890649,0.00016699843131328656,0.0,0.008302710392766961,0.008112645216022434
0.10940370577704946,0.0001680315924893624,0.0,0.00827192884845804,0.00808077873158192
0.10996004616519243,0.00016901324035520948,0.0,0.008240060611681055,0.008047863769167454
0.1105163865533354,0.00016994369121619535,0.0,0.008207126432829748,0.008013920679616955
0.11121083099777983,0.0001710338282279808,0.0,0.008164553987749942,0.007970141391210718
0.11190527544222427,0.0001720455525135897,0.0,0.008120398306438507,0.007924836395312409
0.11259971988666871,0.00017297975625652,0.0,0.00807470486514657,0.00787805058749743
0.11329416433111314,0.00017383742163481865,0.0,0.008027520777283621,0.007829830286183798
0.11398860877555758,0.0001746196101034489,0.0,0.007978894244287245,0.0077802234356914865
0.11468305322000201,0.00017532747176366041,0.0,0.007928875210955515,0.007729278641898498
0.11537749766444645,0.00017596221090558222,0.0,0.007877513491407596,0.007677046369337249
0.1160719421088909,0.00017652514867475726,0.0,0.007824861571040034,0.007623575985361525
0.11619425384682032,0.0001766169550925393,0.0,0.00781545808901124,0.007614034067665017
0.11631656558474976,0.00017670657595581437,0.0,0.007806016178137673,0.00760445586175264
0.1164388773226792,0.00017679402867824478,0.0,0.007796536450527825,0.007594841354705062
0.11656118906060864,0.00017687932256240432,0.0,0.007787019284360897,0.0075851907424938445
0.11668350079853806,0.00017696246125767454,0.0,0.007777464858819789,0.007575504399156126
0.11692812427439692,0.0001771223008105423,0.0,0.007758245247854903,0.0075560257469895
0.11717274775025578,0.00017727360217060234,0.0,0.007738879565914736,0.007536407933857574
0.11741737122611463,0.00017741643451956777,0.0,0.007719370220865363,0.0075166530847955
0.11766199470197349,0.00017755086518601125,0.0,0.007699719630948542,0.007496763314122196
0.11790661817783234,0.00017767695605069378,0.0,0.00767993003254686,0.007476740895594404
0.11831807320187428,0.00017787040557894839,0.0,0.00764633666795792,0.0074427704453663614
0.11872952822591622,0.00017804075113653028,0.0,0.007612366945577955,0.007408441926219702
0.11914098324995816,0.00017818831257749998,0.0,0.007578031644883782,0.007373765870188609
0.1195524382740001,0.0001783134103168921,0.0,0.007543341445790875,0.00733875278804739
0.11996389329804204,0.00017841636595170823,0.0,0.00750830689278175,0.007303413177867889
0.12065833774248647,0.00017854081677694524,0.0,0.007448424485980655,0.007243056114864855
0.12135278218693091,0.00017860470433127225,0.0,0.007387640740300168,0.007181847842951413
0.12204722663137534,0.00017860962671666436,0.0,0.00732600456077216,0.007119836767067976
0.12274167107581978,0.00017855718843463853,0.0,0.007263563794230622,0.007057070267636636
0.12343611552026422,0.00017844899946714736,0.0,0.007200365126777472,0.006993594573320515
0.12413055996470865,0.00017828668210229014,0.0,0.00713645396677764,0.006929454642413196
0.12482500440915309,0.00017807183285519434,0.0,0.007071874432542912,0.006864694061040776
0.12551944885359753,0.0001778060452620659,0.0,0.0070066692550170805,0.006799355027027978
0.12621389329804197,0.00017749093972479362,0.0,0.006940879683477057,0.0067334782847122705
0.1269083377424864,0.00017712811344306343,0.0,0.006874545481921421,0.0066671030096102655
0.12760278218693083,0.00017671911965169793,0.0,0.006807704881788914,0.006600266815458582
0.12829722663137527,0.0001762655189326039,0.0,0.006740394550341751,0.0065330057886954195
0.1289916710758197,0.00017576887755820286,0.0,0.006672649655211606,0.006465354434888876
0.12968611552026416,0.00017523072360430765,0.0,0.006604503869210289,0.006397345680969896
0.13038055996470857,0.00017465256278931655,0.0,0.006535989330988958,0.006329010940081808
0.131075004409153,0.00017403590260747442,0.0,0.006467136697028986,0.0062603801227466595
0.13176944885359745,0.00017338223035021904,0.0,0.006397975212543666,0.006191481651347025
0.1324638932980419,0.00017269300895662862,0.0,0.006328532739323848,0.006122342523229577
0.13315833774248634,0.00017196969305826562,0.0,0.0062588357947304645,0.0060529883690107434
0.13385278218693075,0.00017121371881067575,0.0,0.006188909613075705,0.005983443497950469
0.1345472266313752,0.00017042650206767476,0.0,0.006118778211077257,0.005913730949699983
0.13524167107581964,0.00016960945373986727,0.0,0.006048464429563536,0.005843872571193379
0.13593611552026408,0.00016876396826583003,0.0,0.005977990009320963,0.005773889066120259
0.13663055996470852,0.00016789141908121074,0.0,0.005907375652232661,0.005703800058172478
0.13732500440915293,0.0001669931696642483,0.0,0.005836641076540726,0.005633624157828959
0.13801944885359738,0.0001660705752572385,0.0,0.005765805075448777,0.005563379023952
0.13871389329804182,0.00016512497593592254,0.0,0.005694885577179843,0.005493081421144745
0.13940833774248626,0.00016415769638117414,0.0,0.00562389970076937,0.005422747276985872
0.1401027821869307,0.00016317005097729495,0.0,0.005552863808300918,0.005352391737772924
0.14079722663137512,0.00016216334452329637,0.0,0.00548179355451667,0.005282029221334137
0.14149167107581956,0.0001611388689811565,0.0,0.005410703934313644,0.005211673465791083
0.142186115520264,0.00016009790268351002,0.0,0.0053396093265084075,0.005141337575523784
0.14288055996470844,0.00015904171245831195,0.0,0.005268523534575379,0.0050710340638207745
0.14357500440915288,0.00015797155426818408,0.0,0.00519745982361311,0.005000774892979858
0.1442694488535973,0.00015688867143437492,0.0,0.005126430955120441,0.0049305715102949356
0.14496389329804174,0.00015579429343062502,0.0,0.0050554492174634015,0.004860434881899717
0.14565833774248618,0.00015468963648559983,0.0,0.004984526455077548,0.004790375522019624
0.14635278218693062,0.0001535759038835336,0.0,0.004913674092111515,0.00472040352194052
0.14704722663137507,0.00015245428487002964,0.0,0.004842903157937651,0.004650528572243042
0.1477416710758195,0.00015132595334031056,0.0,0.0047722243026838765,0.00458075998917023
0.14843611552026392,0.0001501920674844456,0.0,0.004701647824476939,0.004511106727042316
0.14913055996470836,0.00014905377063345365,0.0,0.004631183670337043,0.004441577406901613
0.1498250044091528,0.0001479121894424891,0.0,0.004560841461729339,0.004372180321689383
0.15051944885359725,0.0001467684326537385,0.0,0.004490630505499616,0.004302923452974351
0.1512138932980417,0.00014562359144083587,0.0,0.004420559802336153,0.00423381448534449
0.1519083377424861,0.0001444787390167142,0.0,0.004350638054522796,0.004164860816919749
0.15260278218693055,0.00014333492948666055,0.0,0.004280873675255958,0.004096069566201587
0.153297226631375,0.00014219319710509867,0.0,0.0042112747945228166,0.004027447580781411
0.15399167107581943,0.00014105455599832336,0.0,0.004141849265455995,0.003959001444122273
0.15468611552026387,0.00013991999970223144,0.0,0.004072604668006618,0.003890737482434435
0.1553805599647083,0.00013879050049268602,0.0,0.004003548314257681,0.00382266176818944
0.15607500440915273,0.00013766700878988842,0.0,0.0039346872493879964,0.0037547801259636146
0.15676944885359717,0.00013655045278789706,0.0,0.003866028257107138,0.0036870981336626935
0.1574638932980416,0.00013544173805992698,0.0,0.0037975778571336626,0.0036196211294477532
0.15815833774248605,0.0001343417471549713,0.0,0.0037293423149793656,0.0035523542077976395
0.15885278218693047,0.00013325133912829327,0.0,0.003661327629129717,0.003485302232911567
0.1595472266313749,0.0001321713493156991,0.0,0.0035935395583161114,0.0034184698197427346
0.16024167107581935,0.00013110258895156606,0.0,0.003525983570223313,0.0033518613758525937
0.1609361155202638,0.00013004584511914388,0.0,0.0034586649499586276,0.0032854810204795493
0.16163055996470824,0.00012900188020659864,0.0,0.0033915885664304877,0.0032193327611718713
0.16232500440915265,0.00012797143233463738,0.0,0.003324759282055444,0.0031534201804012275
0.1630194488535971,0.00012695521362314594,0.0,0.003258181528688446,0.0030877467907263366
0.16371389329804154,0.0001259539129369789,0.0,0.003191859491046468,0.0030223158556194414
0.16440833774248598,0.00012496819364628123,0.0,0.003125797126222845,0.002957130371968619
0.16510278218693042,0.0001239986932120269,0.0,0.0030599981766431575,0.002892193089315209
0.16579722663137483,0.0001230460246017678,0.0,0.0029944660864047934,0.0028275065794235135
0.16649167107581928,0.00012211077634533064,0.0,0.0029292040826969902,0.0027630731631084603
0.16718611552026372,0.00012119351181561672,0.0,0.0028642150864749013,0.002698894964430657
0.16788055996470816,0.00012029476925325961,0.0,0.0027995018635076953,0.0026349738179473714
0.1685750044091526,0.00011941506274794067,0.0,0.0027350667619918515,0.002571311447915242
0.16926944885359704,0.00011855488118293645,0.0,0.0026709122086051346,0.0025079091592916983
0.16996389329804146,0.00011771469126862953,0.0,0.0026070397110242224,0.0024447684391273794
0.1706583377424859,0.00011689493322694652,0.0,0.0025434514590351016,0.002381889937963412
0.17135278218693034,0.00011609602275116752,0.0,0.002480148492118644,0.0023192747559798313
0.17204722663137478,0.00011531835490570446,0.0,0.0024171327869666115,0.0022569230310733276
0.17274167107581923,0.0001145622972569219,0.0,0.0023544054199951007,0.002194835276128668
0.17343611552026364,0.0001138282086126353,0.0,0.0022919660346368497,0.0021330121181190147
0.17413055996470808,0.00011311640443631998,0.0,0.0022298156998794075,0.0020714530206141957
0.17482500440915252,0.00011242718833604041,0.0,0.0021679546911018907,0.0020101577373748476
0.17551944885359697,0.00011176084120385308,0.0,0.002106383645071754,0.00194912568649287
0.1762138932980414,0.00011111762847963952,0.0,0.002045100847035501,0.0018883568564536156
0.17690833774248582,0.00011049778332505212,0.0,0.0019841071458618614,0.0018278495194973077
0.17760278218693026,0.00010990151880565701,0.0,0.001923402024064173,0.001767602831803537
0.1782972266313747,0.00010932903932444212,0.0,0.0018629846172675758,0.0017076156927324448
0.17899167107581915,0.00010878052586443133,0.0,0.0018028535022453819,0.001647886725731933
0.1796861155202636,0.00010825613261086545,0.0,0.0017430076941242607,0.001588414061579099
0.180380559964708,0.00010775599975927464,0.0,0.0016834452490534528,0.0015291960602332785
0.18107500440915245,0.0001072802450020471,0.0,0.0016241655395720267,0.0014702303740607746
0.1817694488535969,0.0001068289812103316,0.0,0.0015651647020264812,0.0014115155629583183
0.18246389329804133,0.00010640228186919463,0.0,0.0015064432517483044,0.0013530481881360746
0.18315833774248577,0.0001060002172070203,0.0,0.0014479981786078553,0.001294826454346279
0.18385278218693019,0.00010562285523484742,0.0,0.0013898250963248007,0.0012368480360402151
0.18454722663137463,0.00010527021259442926,0.0,0.0013319242897815698,0.001179108916134178
0.18524167107581907,0.00010494231466971047,0.0,0.001274291046764658,0.0011216071150041934
0.1859361155202635,0.00010463917233255961,0.0,0.0012169229019627498,0.0010643391007401418
0.18663055996470795,0.00010436077002759889,0.0,0.0011598170635021036,0.0010073014697957793
0.18732500440915237,0.00010410708371118158,0.0,0.0011029701701360808,0.0009504908776730121
0.1880194488535968,0.00010387807791044582,0.0,0.001046378597910251,0.0008939037673511929
0.18871389329804125,0.00010367370066175441,0.0,0.000990038731430065,0.0008375363559400087
0.1894083377424857,0.00010349388680082814,0.0,0.0009339467734230869,0.0007813847745593701
0.19010278218693014,0.00010333855896668326,0.0,0.0008780990430733218,0.0007254449944152298
0.19079722663137455,0.00010320762778577075,0.0,0.0008224910199839489,0.0006697129847605196
0.191491671075819,0.00010310099379652386,0.0,0.0007671192474406854,0.0006141843461369256
0.19218611552026343,0.00010301854820575698,0.0,0.000711979063866085,0.0005588549222667882
0.19288055996470788,0.00010296016697483986,0.0,0.0006570661504070953,0.0005037201613282151
0.19357500440915232,0.00010292571571768356,0.0,0.0006023753658719725,0.0004487754658301328
0.19426944885359676,0.0001029150504304462,0.0,0.0005479020599851433,0.0003940160935067746
0.19496389329804117,0.00010292801724379704,0.0,0.0004936426152205623,0.0003394372300976323
0.19565833774248562,0.00010296445762775482,0.0,0.0004395924421294573,0.0002850341818454708
0.19635278218693006,0.00010302420932643854,0.0,0.0003857442056618366,0.00023080215836898096
0.1970472266313745,0.00010310708057175482,0.0,0.00033209416076098055,0.00017673546779174275
0.19774167107581894,0.00010321288118654692,0.0,0.0002786375677806865,0.0001228293558243716
0.19843611552026336,0.00010334143078930263,0.0,0.00022536865781862318,6.907879932616012e-05
0.1991305599647078,0.00010349251889214056,0.0,0.00017228205877552362,1.5478335652324704e-05
0.19919968242171038,0.0001035087772897926,0.0,0.0001670075674541812,1.015110429183347e-05
0.19926880487871293,0.00010352525395004056,0.0,0.00016173487573446186,4.825256815715173e-06
0.19929173439971842,0.00010353077282380585,0.0,0.00015998628315229554,3.0588631582254086e-06
0.19931466392072392,0.00010353631607535001,0.0,0.00015823786852566625,1.2926353924528289e-06
0.19932558049141783,0.00010353896388416158,0.0,0.00015740552764043306,4.51805675986004e-07
0.1993325786938436,0.00010354076535695778,0.0,0.00015687401864621154,0.0
0.19934083540880893,0.00010354360258237348,0.0,0.00015626098200007574,0.0
0.19934909212377427,0.00010354770156426933,0.0,0.00015567108139805805,0.0
0.1993573488387396,0.00010355298329810643,0.0,0.00015509915401694315,0.0
0.19937386226867027,0.00010356682623934897,0.0,0.0001539943959671598,0.0
0.19939037569860094,0.0001035845466113587,0.0,0.0001529194980184886,0.0
0.1994068891285316,0.00010360568845749869,0.0,0.00015186324764140642,0.0
0.19942340255846228,0.00010362984099446249,0.0,0.00015081896669596662,0.0
0.19944149819768248,0.0001036593055833461,0.0,0.0001496813151018993,0.0
0.1994595938369027,0.0001036915518399905,0.0,0.00014854764038529122,0.0
0.19947768947612293,0.0001037262212414627,0.0,0.00014741565556631063,0.0
0.19949174389960972,0.00010375462686843847,0.0,0.00014653675133651176,0.0
0.1995057983230965,0.00010378417797540283,0.0,0.00014565776318149854,0.0
0.1995198527465833,0.00010381476197076619,0.0,0.00014477857164104353,0.0
0.19953718609510887,0.00010385375055456973,0.0,0.00014369381240963785,0.0
0.19955451944363445,0.00010389399153141852,0.0,0.00014260842569562782,0.0
0.19957185279216005,0.00010393533888181793,0.0,0.00014152233112141955,0.0
0.19962676174015448,0.00010407214080125709,0.0,0.0001380768662737316,0.0
0.19968167068814893,0.00010421598101724432,0.0,0.00013462364071597618,0.0
0.19973657963614339,0.00010436468047614693,0.0,0.00013116274975266795,0.0
0.19979008309717095,0.0001045129369548217,0.0,0.0001277838394797602,0.0
0.19980345896242782,0.0001045504240035123,0.0,0.0001269389157080219,0.0
0.1998168348276847,0.00010458805112896283,0.0,0.0001260942630685537,0.0
0.19983021069294157,0.00010462581689351373,0.0,0.000125248973994433,0.0
0.19984717208718789,0.00010467389253544309,0.0,0.00012417624217695344,0.0
0.19986413348143417,0.00010472216350001693,0.0,0.00012310278127866575,0.0
0.19988109487568048,0.00010477061651989487,0.0,0.00012202871216792693,0.0
0.19990983380888105,0.00010485309439269268,0.0,0.00012020757936144484,0.0
0.19993857274208163,0.0001049360130075378,0.0,0.00011838498035269603,0.0
0.1999673116752822,0.0001050193304460158,0.0,0.00011656105604280589,0.0
0.20004611937662817,0.00010524961213318635,0.0,0.00011155344672093011,0.0
0.20012492707797414,0.00010548207013604121,0.0,0.0001065393336599014,0.0
0.20014462900331062,0.00010554048361322088,0.0,0.00010528420346941546,0.0
0.2001643309286471,0.00010559901400425276,0.0,0.0001040272874692833,0.0
0.2001840328539836,0.0001056576502141226,0.0,0.00010277062297326425,0.0
0.20020373477932007,0.00010571638910555961,0.0,0.00010151416865536913,0.0
0.20022191047322896,0.00010577066545794293,0.0,0.0001003545785389576,0.0
0.20022645439670617,0.00010578424751981582,0.0,0.00010006462241776157,0.0
0.20023099832018335,0.00010579783465427739,0.0,9.977465466013894e-05,0.0
0.20023423802500168,0.00010580769847934634,1.1487406934726835e-08,9.956835629155494e-05,0.0
0.20023461898714404,0.00010580940480512168,1.5755997918127502e-07,9.9545657821184e-05,0.0
0.2002349999492864,0.00010581163038247114,3.019601686408894e-07,9.952433991524605e-05,0.0
0.20023576187357103,0.00010581710795945261,5.876511422405382e-07,9.94842172011306e-05,0.0
0.2002365237978557,0.00010582460362969008,8.669022368258072e-07,9.94493696340466e-05,0.0
0.20023728572214036,0.00010583405855373992,1.139964140277392e-06,9.941954864375679e-05,0.0
0.20024210508156584,0.0001059359959830678,2.737426892162808e-06,9.933390259848447e-05,0.0
0.20024692444099132,0.00010610157750986603,4.148701886049003e-06,9.938893759399075e-05,0.0
0.20025174380041677,0.00010632088664132335,5.4135362889506635e-06,9.954613771666819e-05,0.0
0.20025656315984225,0.00010658594889157454,6.562500810499994e-06,9.977641595848192e-05,0.0
0.2002636649090852,0.00010704662138543104,8.092753289225901e-06,0.0001002040477353318,0.0
0.2002707666583282,0.00010757632792479306,9.4783439644817e-06,0.00010069239830924941,0.0
0.20027786840757114,0.00010816292171325978,1.0756595775037943e-05,0.00010120975332762862,0.0
0.2002849701568141,0.00010879694090212224,1.1953582177625632e-05,0.00010173552262832568,0.0
0.20029463341261627,0.00010972254384212504,1.348396123451056e-05,0.00010244162417251835,0.0
0.20030429666841845,0.00011070717011898857,1.4929210968005849e-05,0.00010311999447825978,0.0
0.20031395992422063,0.00011173955566555608,1.6308043221634412e-05,0.00010376323043580674,0.0
0.2003236231800228,0.00011281056916772323,1.7633342336125693e-05,0.00010436860636354438,0.0
0.2003332863978967,0.00011391213108797364,1.891493556467621e-05,0.00010493602618307975,0.0
0.20034294961577057,0.00011503870774463612,2.015839251338004e-05,0.00010546719884808642,0.0
0.20035261283364444,0.00011618495825064912,2.136879600856836e-05,0.00010596427477511537,0.0
0.2003732295104188,0.00011867816268317011,2.3856120639245877e-05,0.00010692147860084183,0.0
0.20039384618719316,0.00012120477191353327,2.6239373027063866e-05,0.00010775965588993127,0.0
0.2004144628639675,0.00012374181520123176,2.8533884222227277e-05,0.00010850213147776539,0.0
0.20043507954074186,0.00012627252196613514,3.0750559113684864e-05,0.00010916894982152102,0.0
0.20044632553671365,0.00012764503077842803,3.1932744468133216e-05,0.00010950431116932456,0.0
0.20045757153268542,0.0001290098981864485,3.309864743874453e-05,0.00010982079073364462,0.0
0.2004688175286572,0.00013036601689114544,3.424866784666887e-05,0.00011012096099787666,0.0
0.20047985667864682,0.00013168775833398818,3.536289267893364e-05,0.00011040142657347774,0.0
0.2004908958286364,0.00013299936341070584,3.64636723725977e-05,0.00011066892639010062,0.0
0.200501934978626,0.00013430022116431945,3.755193790777809e-05,0.0001109244148903117,0.0
0.20053676309290427,0.00013833003220428276,4.091092960693837e-05,0.00011166051337323734,0.0
0.20057159120718254,0.00014224061410098303,4.417303431440867e-05,0.00011230885715001447,0.0
0.2006064193214608,0.0001460323145993894,4.7351844393943995e-05,0.00011288496001436684,0.0
0.20064124743573908,0.00014970988233648348,5.045727204304099e-05,0.0001134004561105522,0.0
0.20067254888422162,0.00015292238762385765,5.319282377709085e-05,0.00011381961515433996,0.0
0.2007038503327042,0.00015605226029546937,5.5882322554246284e-05,0.00011420107602592498,0.0
0.20073515178118675,0.0001591047071838868,5.853158156688268e-05,0.00011454731762413104,0.0
0.20077858538411547,0.00016322283044871064,6.214454736941837e-05,0.00011497882953892533,0.0
0.2008220189870442,0.00016721717877723574,6.569233472810719e-05,0.00011536011449641495,0.0
0.20086545258997293,0.00017110095277893928,6.918291265932595e-05,0.00011569704523531942,0.0
0.20090888619290165,0.0001748863135052764,7.262299702608283e-05,0.0001159946247900459,0.0
0.20096349292131624,0.00017952282501525145,7.688510602602975e-05,0.00011631990313581922,0.0
0.20101809964973083,0.00018404082749353843,8.108623448085527e-05,0.00011659797065148705,0.0
0.20107270637814542,0.0001884568511645579,8.523440661855064e-05,0.00011683528817056983,0.0
0.20112731310656,0.0001927851926295808,8.933677207711505e-05,0.00011703739838585547,0.0
0.2011819198349746,0.00019703836245637255,9.339969262174448e-05,0.00011720923811732261,0.0
0.2012609408256849,0.0002030818275413333,9.922036841342944e-05,0.00011741290330270607,0.0
0.20133996181639519,0.0002090179534522416,0.00010498379305620174,0.00011757294932226166,0.0
0.2014189828071055,0.00021486877767203287,0.000110701063895398,0.00011769806640895258,0.0
0.2014980037978158,0.00022065193457717418,0.00011638117053019495,0.00011779523844581418,0.0
0.2015770247885261,0.0002263815767562355,0.00012203143799735672,0.0001178701626703704,0.0
0.20167527931464094,0.0002334482293884407,0.00012902427276613218,0.00011793926674813279,0.0
0.20177353384075578,0.0002404666982095741,0.00013598916429229013,0.00011798817480463566,0.0
0.2018717883668706,0.00024744977150029763,0.0001429329652313253,0.00011802226115041086,0.0
0.20197004289298545,0.00025440709390603324,0.00014986096089627493,0.00011804559798840899,0.0
0.2020682974191003,0.00026134594736175546,0.00015677715664715286,0.00011806136351867974,0.0
0.2021953014381833,0.00027029652225424875,0.00016570460526772366,0.00011807432898943255,0.0
0.2023223054572663,0.000279233616452926,0.00017462238595734918,0.00011808235792138442,0.0
0.20244930947634926,0.00028816278818653005,0.00018353385055076992,0.00011808805072059061,0.0
0.20257631349543226,0.00029708774980974383,0.00019244134241396134,0.00011809317924794805,0.0
0.20270331751451526,0.00030601095119188356,0.00020134647786980133,0.00011809895351573765,0.0
0.2028761435717232,0.000318153535313319,0.0002134626759252347,0.00011810928869613165,0.0
0.20304896962893115,0.0003302978636740782,0.00022557817173145676,0.00011812348204329476,0.0
0.20322179568613913,0.0003424447948801157,0.0002376938079367658,0.00011814207186345569,0.0
0.20339462174334708,0.00035459458489107775,0.0002498100000414267,0.00011816525002519916,0.0
0.20356744780055502,0.0003667471819585312,0.0002619269040350553,0.00011819302109027412,0.0
0.20378715516189397,0.0003822000326580032,0.00027733169434582814,0.00011823478601375859,0.0
0.2040068625232329,0.00039765635284879985,0.00029273737970578016,0.00011828337971421473,0.0
0.20422656988457186,0.0004131153972638294,0.00030814358674957675,0.0001183383294478513,0.0
0.2044462772459108,0.0004285765084224283,0.00032354998547429024,0.0001183991258357221,0.0
0.20466598460724975,0.0004440391713893048,0.00033895618245676634,0.0001184654105656285,0.0
0.20496540739381638,0.0004651137872290108,0.00035995141943404805,0.0001185637546251436,0.0
0.20526483018038302,0.0004861896049055875,0.0003809451752182292,0.00011867063156676624,0.0
0.20556425296694966,0.0005072659548297266,0.00040193692472595264,0.00011878529538366003,0.0
0.2058636757535163,0.0005283423357752743,0.0004229262740346308,0.00011890710086038656,0.0
0.20616309854008294,0.0005494183922128243,0.00044391291248825973,0.00011903553025622055,0.0
0.20678904771017342,0.0005934761956918951,0.0004877761970761822,0.00011932354886537125,0.0
0.2074149968802639,0.0006375303101931999,0.0005316255907185122,0.00011963559006429017,0.0
0.2080409460503544,0.0006815804942614033,0.0005754609133336636,0.00011996949646483076,0.0
0.20866689522044488,0.0007256270519412217,0.0006192826172969316,0.00012032362894021457,0.0
0.20929284439053536,0.0007696706804135119,0.0006630914616658798,0.00012069681658964662,0.0
0.2099872888349798,0.0008185316295477115,0.0007116805050018011,0.00012113190723914011,0.0
0.21068173327942424,0.0008673919200141038,0.0007602571328661491,0.00012158797192488095,0.0
0.21137617772386869,0.0009162535203459381,0.0008088234849139175,0.0001220640095326977,0.0
0.2120706221683131,0.000965118582667878,0.0008573820360858172,0.0001225589747072056,0.0
0.21276506661275754,0.0010139894563067867,0.000905935635995318,0.00012307172564504754,0.0
0.21345951105720198,0.0010628687132886521,0.0009544869708500137,0.00012360154529361016,0.0
0.21415395550164643,0.0011117590515457333,0.001003038614748347,0.00012414799646177802,0.0
0.21484839994609087,0.0011606631787468532,0.0010515940682651662,0.00012470975969279796,0.0
0.21554284439053528,0.0012095839465167374,0.001100157462754594,0.00012528499567261679,0.0
0.21623728883497972,0.0012585245523276422,0.0011487312156830735,0.00012587391767617106,0.0
0.21693173327942417,0.0013074882159667667,0.001197316548529732,0.0001264781416288814,0.0
0.2176261777238686,0.0013564776113571566,0.0012459191109624962,0.00012709447539741226,0.0
0.21832062216831305,0.0014054954870906088,0.0012945488626941366,0.0001277151691946472,0.0
0.21901506661275746,0.0014545462782272545,0.0013432056559847347,0.00012834381698624314,0.0
0.2197095110572019,0.0015036350521230384,0.001391874015990375,0.00012900075025359522,0.0
0.21982145719781593,0.0015115508876112098,0.001399724300419761,0.0001291054163898375,0.0
0.21993340333842992,0.0015194677327292894,0.0014075767091070708,0.00012920870254534445,0.0
0.22004534947904394,0.0015273862654033832,0.0014154284583276758,0.00012931379299663688,0.0
0.22015729561965794,0.0015353059936924886,0.001423280459876666,0.00012941993473873634,0.0
0.22026924176027196,0.001543226564511232,0.0014311338968002877,0.0001295258249193475,0.0
0.22046401337131272,0.0015570098899846258,0.0014448000176361677,0.00012971062677711898,0.0
0.2206587849823535,0.0015707966739832394,0.0014584690963655945,0.00012989578700895677,0.0
0.22085355659339426,0.001584586967206355,0.0014721410012456337,0.00013008165470312986,0.0
0.221048328204435,0.0015983807492524224,0.0014858158623909312,0.00013026824864304662,0.0
0.22155609360820494,0.0016343576776802454,0.0015214805455906703,0.00013075758036490957,0.0
0.22206385901197484,0.0016703600059760685,0.0015571676350364715,0.00013125071157860595,0.0
0.22257162441574474,0.001706389128046571,0.0015928785320088131,0.00013174737192184118,0.0
0.22307938981951464,0.0017424462272398946,0.001628615037538563,0.00013224691576521847,0.0
0.2236332889211226,0.0017818128437477967,0.0016676292135567796,0.0001327950102806562,0.0
0.22418718802273058,0.0018212161895407458,0.0017066750825165634,0.0001333485417147786,0.0
0.22474108712433855,0.0018606571813772044,0.0017457552420371753,0.00013390605344496838,0.0
0.22529498622594651,0.0019001368041360682,0.0017848751509753524,0.0001344629024437263,0.0
0.22584888532755448,0.001939657530813826,0.0018240349139190338,0.00013502081445122588,0.0
0.22640278442916245,0.001979221617652732,0.0018632313760204202,0.0001355852570583442,0.0
0.22695668353077042,0.0020188291800159195,0.0019024683576742529,0.00013615327042946576,0.0
0.22751058263237842,0.0020584804557303754,0.001941753984602032,0.00013671674096491605,0.0
0.22762813237917842,0.0020669014746269856,0.0019500970649663728,0.00013683635473083034,0.0
0.22774568212597843,0.0020753247512400076,0.001958441658392872,0.0001369567051177381,0.0
0.22786323187277843,0.0020837500882567137,0.0019667882880808896,0.00013707721648158381,0.0
0.22798078161957844,0.0020921774884803857,0.0019751370841091073,0.00013719769381376364,0.0
0.22821588111317845,0.002109038697701517,0.0019918409539717704,0.0001374387648994827,0.0
0.22845098060677846,0.0021259085651511656,0.0020085533094875764,0.00013767992588640165,0.0
0.2286860801003785,0.0021427871924518203,0.0020252742385957747,0.0001379212303760227,0.0
0.2289211795939785,0.0021596746626975694,0.0020420038728267203,0.0001381626574011835,0.0
0.22947008692158025,0.0021991382032152526,0.002081098425162567,0.00013872670327771242,0.0
0.23001899424918199,0.002238651610158049,0.0021202424707966096,0.00013929085695659466,0.0
0.23056790157678372,0.002278216046850102,0.0021594373508666696,0.00013985485845290492,0.0
0.23111680890438543,0.002317832493811337,0.002198684582798529,0.0001404181595653648,0.0
0.23181125334882988,0.0023680292416895913,0.002248413750838099,0.00014113053905400805,0.0
0.23250569779327432,0.002418312528695406,0.0022982311145750244,0.0001418407204397931,0.0
0.23320014223771876,0.002468684406236826,0.0023481378386788084,0.00014254904987154123,0.0
0.2338945866821632,0.002519145986285014,0.0023981368098171013,0.00014325421097009377,0.0
0.23458903112660762,0.002569699405582636,0.0024482296950433533,0.00014395566803773564,0.0
0.23528347557105206,0.002620345442045854,0.002498418570888489,0.00014465317757427908,0.0
0.2359779200154965,0.002671086010037791,0.002548704195555546,0.0001453463044073648,0.0
0.23667236445994094,0.0027219209202135803,0.0025990893092594797,0.00014603413289757477,0.0
0.23736680890438538,0.002772852440147919,0.0026495741949636308,0.00014671563417376692,0.0
0.23806125334882983,0.002823879470223297,0.002700161269316731,0.0001473910792230645,0.0
0.23875569779327424,0.0028750050261631987,0.0027508492747785425,0.0001480593126193394,0.0
0.23945014223771868,0.0029262258645820416,0.0028016422698254177,0.00014872033005762882,0.0
0.24014458668216312,0.0029775469265122287,0.002852537146633208,0.00014937183360547081,0.0
0.2406993756616364,0.0030186151683747682,0.002893273440493152,0.00014988676127321288,0.0
0.2412541646411097,0.0030597461773007577,0.0029340758977035677,0.00015039555208673253,0.0
0.24180895362058297,0.0031009391638652435,0.0029749452734372274,0.0001508978610199418,0.0
0.24236374260005628,0.0031421940612737435,0.0030158811759688963,0.00015139378989098188,0.0
0.2430581870445007,0.003193920272138221,0.003067215999816896,0.00015200466048039362,0.0
0.24375263148894513,0.003245742241999786,0.003118654603837958,0.00015260452480888803,0.0
0.24444707593338957,0.0032976577181698073,0.0031701981195212145,0.0001531914295720232,0.0
0.24514152037783402,0.003349667396914595,0.0032218434056143007,0.00015376655328243368,0.0
0.24583596482227846,0.0034017668486576265,0.003273593068577528,0.00015432696660202567,0.0
0.24653040926672287,0.0034539574083773746,0.0033254424351872995,0.00015487425803704127,0.0
0.24722485371116731,0.0035062367495975687,0.0033773909451177532,0.0001554072472310487,0.0
0.24791929815561176,0.0035586020394663574,0.0034294378888348465,0.00015592514624106587,0.0
0.2486137426000562,0.003611051236440718,0.003481581337261769,0.00015642696712276253,0.0
0.24930818704450064,0.0036635813301123415,0.00353381962401138,0.00015691259323374765,0.0
0.2500026314889451,0.003716190761583564,0.0035861496022196295,0.0001573808880621332,0.0
0.2506970759333895,0.003768874920299496,0.0036385702249279468,0.00015783205655283265,0.0
0.25139152037783397,0.003821633519809736,0.003691076485672401,0.00015826430970562887,0.0
0.25208596482227835,0.00387445841687836,0.0037436694782019813,0.00015867878166289418,0.0
0.2527804092667228,0.003927350453781969,0.003796342747731199,0.00015907222610108006,0.0
0.25347485371116724,0.00398030554372377,0.0038490926291564463,0.00015944572366384868,0.0
0.2541692981556117,0.004033317437103176,0.003901917369364092,0.0001597992902810548,0.0
0.2548637426000561,0.004086384146075664,0.003954810664441786,0.00016013287023288334,0.0
0.25555818704450056,0.004139497115806437,0.004007773446651973,0.00016044233092402452,0.0
0.256252631488945,0.0041926548593194,0.004060797544935988,0.00016072990996980887,0.0
0.25694707593338945,0.0042458521957745255,0.004113878451440316,0.00016099485869749746,0.0
0.2576415203778339,0.004299083243327204,0.004167011988253975,0.00016123614543430136,0.0
0.25833596482227833,0.004352342569535453,0.004220192839906458,0.00016145356665713713,0.0
0.25903040926672277,0.004405623816250018,0.004273415231872742,0.00016164693161282187,0.0
0.25972485371116716,0.004458920953767908,0.004326675313787836,0.00016181293140147407,0.0
0.2604192981556116,0.004512228721693195,0.004379967495694965,0.0001619514854908855,0.0
0.26111374260005604,0.004565541409688613,0.004433283195329157,0.00016206661274080231,0.0
0.2618081870445005,0.004618851145853102,0.004486616177520963,0.000162156822368087,0.0
0.2625026314889449,0.004672149245855526,0.004539962980374145,0.0001622158406389363,0.0
0.26319707593338937,0.004725429698761038,0.004593316268509047,0.00016224446929389278,0.0
0.2638915203778338,0.004778687361041193,0.0046466652074838525,0.00016224871266176988,0.0
0.26458596482227825,0.004831912844784636,0.00470000364694246,0.00016222594230651512,0.0
0.2652804092667227,0.004885095193645225,0.004753328600595871,0.0001621681339451742,0.0
0.26597485371116714,0.004938228547454385,0.004806630195477626,0.00016207787774937936,0.0
0.2666692981556115,0.004991308047983866,0.004859894709559145,0.00016196348492179656,0.0
0.26736374260005596,0.005044321551006898,0.004913116906076196,0.00016182016839985173,0.0
0.2680581870445004,0.005097255714900411,0.004966295155870378,0.00016163679576799243,0.0
0.2686340773153743,0.0051410889135168805,0.005010353403563157,0.0001614560896371456,0.0
0.2692099675862482,0.005184865216519121,0.005054358564243668,0.00016126381529583565,0.0
0.26931158403883493,0.005192582560277392,0.005062117927881356,0.00016122858012395527,0.0
0.2694132004914216,0.005200297080227656,0.005069876443867756,0.000161191594922445,0.0
0.2695148169440083,0.0052080093043239285,0.005077633515594717,0.00016115332337534823,0.0
0.26961643339659497,0.005215719414226885,0.005085388848529418,0.00016111420585094305,0.0
0.26981966630176835,0.0052311329170281725,0.005100894343618042,0.00016103377872475272,0.0
0.27002289920694167,0.005246537220484151,0.005116392726352469,0.0001609507077966785,0.0
0.27022613211211505,0.005261931956402171,0.005131883884929221,0.00016086480968677944,0.0
0.2704293650172884,0.005277316879776635,0.005147367580926111,0.00016077597284332,0.0
0.2709636421185882,0.005317713785645346,0.005188035120618453,0.00016052848907823617,0.0
0.27149791921988803,0.005358036733924909,0.005228644694041749,0.00016026079652283845,0.0
0.27203219632118786,0.005398280871043427,0.00526919154609948,0.00015997289185934972,0.0
0.2725664734224877,0.005438441298244762,0.005309671054533395,0.0001596644501426404,0.0
0.27326091786693213,0.005490507777106471,0.005362177161953268,0.0001592323984072277,0.0
0.27395536231137657,0.005542413461930247,0.0054145504379259244,0.00015876502477197354,0.0
0.27464980675582096,0.005594147620308556,0.005466780837422986,0.00015826174659599941,0.0
0.2753442512002654,0.005645699544479451,0.005518857217878859,0.00015772192949610694,0.0
0.27603869564470984,0.005697057025449121,0.005570768411889242,0.00015714602389633474,0.0
0.2767331400891543,0.005748208790722389,0.005622502170290434,0.00015653305450643286,0.0
0.2774275845335987,0.005799141547711316,0.005674047813287316,0.00015588340898019509,0.0
0.27812202897804317,0.005849845236787422,0.005725391877652556,0.00015519547817680662,0.0
0.2788164734224876,0.0059003045143329455,0.005776524835968251,0.00015447076252903672,0.0
0.27951091786693205,0.005950511954788127,0.005827430211421898,0.0001537066399936965,0.0
0.2800667747776597,0.005990506243435277,0.0058680070982178355,0.00015306790762191933,0.0
0.28062263168838736,0.006030319940992174,0.005908427508575548,0.00015240562990558767,0.0
0.28117848859911504,0.006069951363508643,0.005948680727845131,0.00015171776031612435,0.0
0.28173434550984267,0.006109392814956627,0.005988760981047099,0.00015100437425242315,0.0
0.28229020242057035,0.006148633857397605,0.006028664742382551,0.00015026659491484832,0.0
0.2829400370580198,0.006194250369509491,0.00607507846985333,0.00014937201116965945,0.0
0.2835898716954692,0.006239575015499164,0.006121228812465668,0.00014844333494923537,0.0
0.2842397063329186,0.006284597595525089,0.006167103995879042,0.00014748011395075618,0.0
0.28488954097036806,0.006329307219534163,0.006212692693387376,0.00014648207807087444,0.0
0.2855393756078175,0.006373692281485766,0.006257984008738304,0.0001454492692888389,0.0
0.28623382005226194,0.006420752729952794,0.006306042984709201,0.00014430707319091756,0.0
0.2869282644967064,0.00646741554132294,0.006353735614778539,0.00014312508203840514,0.0
0.28762270894115083,0.006513666906911834,0.006401047706976129,0.0001419031680667212,0.0
0.28831715338559527,0.006559492585447177,0.006447965286621308,0.00014064131511534657,0.0
0.28901159783003966,0.0066048785607614735,0.006494474042242266,0.00013933948391564737,0.0
0.2897060422744841,0.006649810421050162,0.006540559874350378,0.00013799772727697999,0.0
0.29040048671892854,0.006694274095797018,0.006586208281364876,0.00013661603453283137,0.0
0.291094931163373,0.0067382550711459705,0.0066314050532939334,0.00013519449380459996,0.0
0.2917893756078174,0.006781739242464525,0.0066761355605538504,0.00013373312860685485,0.0
0.29248382005226187,0.006824712003892774,0.006720385552004834,0.0001322320878778723,0.0
0.2931782644967063,0.0068671592714252055,0.006764140301274447,0.00013069142918839058,0.0
0.29387270894115075,0.006909066386849397,0.006807385560809009,0.0001291113616855586,0.0
0.2945671533855952,0.00695041934723556,0.006850106537065948,0.00012749196748536854,0.0
0.29526159783003963,0.0069912034672259,0.006892289046319379,0.0001258335245527028,0.0
0.2959560422744841,0.0070314048882301325,0.006933918257478902,0.00012413613477349212,0.0
0.29665048671892846,0.007071008919860118,0.006974980115349279,0.0001224001547079384,0.0
0.2973449311633729,0.007110001812060602,0.007015459860750165,0.00012062574545710023,0.0
0.29803937560781735,0.007148369321248637,0.007055343280979602,0.00011881319122601841,0.0
0.2987338200522618,0.007186097369998924,0.0070946161518352655,0.00011696282930719834,0.0
0.29942826449670623,0.007223172107340478,0.00713326421496616,0.00011507498125736547,0.0
0.3001227089411507,0.007259579742429105,0.007171273346898776,0.0001131499847665769,0.0
0.3008171533855951,0.007295306581966706,0.007208629546599926,0.00011118821440790582,0.0
0.30151159783003956,0.007330339078176708,0.007245318915301856,0.00010919007079228378,0.0
0.302206042274484,0.007364663829808635,0.007281327678661197,0.00010715597331088211,0.0
0.30290048671892844,0.007398267588609626,0.007316642203760925,0.00010508636401024345,0.0
0.3035949311633728,0.007431137286583906,0.007351249009699092,0.00010298170777727664,0.0
0.30428937560781727,0.0074632600169079405,0.0073851347799154836,0.00010084250807878416,0.0
0.3049838200522617,0.007494623057566703,0.007418286362549314,9.866927930799157e-05,0.0
0.30567826449670615,0.007525213908222806,0.007450690791535093,9.646252471073866e-05,0.0
0.3063727089411506,0.007555020281709143,0.007482335318127781,9.422280107780867e-05,0.0
0.30706715338559504,0.007584030117471778,0.007513207395536693,9.195073445850553e-05,0.0
0.3077615978300395,0.007612231604341287,0.00754329467784133,8.964691994143962e-05,0.0
0.3084560422744839,0.007639613153452537,0.007572585079417642,8.731193166851514e-05,0.0
0.30915048671892836,0.007666163428883148,0.007601066769323734,8.494644477576469e-05,0.0
0.3098449311633728,0.007691871419858945,0.007628728124901514,8.255117305434726e-05,0.0
0.3105393756078172,0.007716726376640377,0.007655557811997504,8.012674557264217e-05,0.0
0.31123382005226163,0.007740717779667364,0.0076815448239877125,7.76738623973467e-05,0.0
0.3119282644967061,0.007763835501226691,0.00770667836113516,7.519327786322842e-05,0.0
0.3126227089411505,0.007786069636357268,0.007730947995130043,7.268575816740311e-05,0.0
0.31331715338559496,0.007807410720972476,0.007754343517614391,7.015206230015534e-05,0.0
0.3140115978300394,0.007827849486388054,0.007776855170427986,6.759295662286855e-05,0.0
0.31470604227448384,0.007847377179644994,0.007798473366306752,6.500924607530962e-05,0.0
0.3154004867189283,0.007865985165144364,0.007819189049177321,6.240175676104562e-05,0.0
0.3160949311633727,0.00788366545001931,0.007838993259290451,5.977133511091654e-05,0.0
0.31678937560781717,0.007900410047458476,0.0078578777072441,5.711883317380602e-05,0.0
0.3174838200522616,0.007916211807130714,0.007875834070600165,5.444512142741332e-05,0.0
0.318178264496706,0.007931063378278046,0.007892854903402228,5.1751088147700334e-05,0.0
0.3188727089411505,0.007944958541314686,0.007908932500480609,4.903762939912954e-05,0.0
0.31956715338559494,0.007957890696150662,0.007924060217510692,4.6305675186677846e-05,0.0
0.32026159783003944,0.007969854161764553,0.007938231348088218,4.355612736917397e-05,0.0
0.32095604227448393,0.007980843307359263,0.007951439893956148,4.078996886700708e-05,0.0
0.3216504867189284,0.007990853536359114,0.007963679744338927,3.800810283005837e-05,0.0
0.32234493116337287,0.007999879783131951,0.007974945956149308,3.521155288944443e-05,0.0
0.3230393756078173,0.008007918443192867,0.007985233123165476,3.240121872005354e-05,0.0
0.3237338200522618,0.008014964998415936,0.007994537393044794,2.95781866154255e-05,0.0
0.32442826449670625,0.008021017135488768,0.008002853843215302,2.6743321853920913e-05,0.0
0.32512270894115075,0.008026071067455256,0.008010179601600873,2.3897762481332967e-05,0.0
0.3258171533855952,0.008030124663825643,0.008016511184648219,2.1042466013899585e-05,0.0
0.3265115978300397,0.008033176092543814,0.008021845672246179,1.8178404500301765e-05,0.0
0.32720604227448413,0.008035223687497909,0.008026180822321679,1.5306628509495715e-05,0.0
0.32790048671892863,0.008036266316103838,0.008029514757932536,1.2428180908868183e-05,0.0
0.32859493116337307,0.00803630333986095,0.008031846002115274,9.544085959748887e-06,0.0
0.32928937560781757,0.008035334538316598,0.008033173544516145,6.65537525067712e-06,0.0
0.32998382005226207,0.008033360130531065,0.00803349682432499,3.763089225239735e-06,0.0
0.3306782644967065,0.008030380787271722,0.008032815719743762,8.682684809680427e-07,0.0
0.33081521807354225,0.008029674694028953,0.008032562843813268,2.971657215160293e-07,0.0
0.3308426087889094,0.00802952879697934,0.008032507586008738,1.8293639578482033e-07,0.0
0.3308699995042766,0.008029381341024072,0.008032450769638709,6.87031423841833e-08,0.0
0.33089739021964376,0.008029232324009464,0.008032392393205415,-6.520188857025863e-08,0.0
0.3309401669014634,0.008028996494293106,0.008032298120243161,-3.2031394367672135e-07,0.0
0.330982943583283,0.008028756865101024,0.008032200059783471,-5.744583973832094e-07,0.0
0.33102572026510263,0.00802851344075217,0.008032098224901653,-8.272414400223963e-07,0.0
0.3311194289738408,0.00802796719902311,0.008031862229806888,-1.3750723151571744e-06,0.0
0.3312131376825789,0.008027403005609246,0.008031608464757183,-1.9141515745023356e-06,0.0
0.33130684639131697,0.008026820971028678,0.00803133705899081,-2.4442766531348967e-06,0.0
0.33144819113348795,0.008025909186910752,0.008030894216929652,-3.227496657012129e-06,0.0
0.3315895358756589,0.008024957304205214,0.008030411790796135,-3.992306519478435e-06,0.0
0.33173088061782985,0.008023966186482783,0.008029890378773835,-4.741046859710951e-06,0.0
0.3318722253600008,0.008022936134464954,0.008029330310621337,-5.475376577749192e-06,0.0
0.33206391474580527,0.008021477264654039,0.008028509169905829,-6.450770222310839e-06,0.0
0.3322556041316097,0.00801994729965319,0.008027617341514684,-7.405338398832951e-06,0.0
0.33244729351741414,0.008018346332779818,0.00802665488126143,-8.341745382078783e-06,0.0
0.33263898290321864,0.008016674353843508,0.008025621727625703,-9.262337958816828e-06,0.0
0.33294556681416426,0.008013852342002959,0.008023822000926698,-1.0706846147734565e-05,0.0
0.33325215072510983,0.008010847704223927,0.008021840211537611,-1.2123145922598116e-05,0.0
0.33355873463605545,0.00800765939982311,0.008019675190433105,-1.3516555234897431e-05,0.0
0.3338653185470011,0.008004286341399882,0.008017325710525401,-1.4891283504205489e-05,0.0
0.3341719024579467,0.008000727511718,0.00801479060482724,-1.625079602898615e-05,0.0
0.3345690220956039,0.007995840066825084,0.008011229163767987,-1.7993684302713356e-05,0.0
0.3349661417332611,0.007990637566565671,0.008007352327300798,-1.972034561160407e-05,0.0
0.3353632613709183,0.007985118518807342,0.008003158286353153,-2.143413919494419e-05,0.0
0.3357603810085755,0.00797928178420471,0.007998645600027521,-2.3137498761367963e-05,0.0
0.33615750064623273,0.007973126578142203,0.007993813196684836,-2.4832232310403857e-05,0.0
0.3366898091752823,0.007964375674760105,0.007986832971026477,-2.7092621000875733e-05,0.0
0.33722211770433186,0.007955051423964101,0.007979276057084764,-2.9342000778623125e-05,0.0
0.33775442623338137,0.007945154248105374,0.007971142327268694,-3.1581694385670154e-05,0.0
0.33828673476243093,0.007934685195192706,0.007962432307846577,-3.381246858104175e-05,0.0
0.3388190432914805,0.00792364581515497,0.007953147075641594,-3.603471602691947e-05,0.0
0.33951348773592493,0.007908389871644578,0.007940171503591702,-3.892123463198574e-05,0.0
0.34020793218036943,0.007892171883715791,0.007926223928246415,-4.1793319514306856e-05,0.0
0.3409023766248139,0.007874997937898247,0.00791130960031049,-4.4650495822907763e-05,0.0
0.34159682106925837,0.007856874791068216,0.007895434444131355,-4.7492102613574185e-05,0.0
0.3422912655137028,0.007837809734501721,0.007878604981320779,-5.0317390443459024e-05,0.0
0.3429857099581473,0.007817810546269373,0.0078608282564572,-5.312555206639504e-05,0.0
0.34368015440259175,0.007796885456315791,0.007842111779301674,-5.591573847291574e-05,0.0
0.34437459884703625,0.007775043104627213,0.007822463486192156,-5.868708290577683e-05,0.0
0.3450690432914807,0.00775229250782825,0.00780189170912136,-6.143871872076937e-05,0.0
0.3457634877359252,0.00772864303648437,0.007780405150955805,-6.416978663414228e-05,0.0
0.3464579321803697,0.0077041044190535556,0.0077580128835548065,-6.68794618388042e-05,0.0
0.34715237662481413,0.0076786866963348315,0.007734724287467285,-6.95668487407997e-05,0.0
0.3478468210692586,0.007652400174716819,0.0077105490552885035,-7.223110704067162e-05,0.0
0.34854126551370307,0.007625255437057145,0.007685497237617256,-7.487157484209001e-05,0.0
0.34923570995814757,0.0075972634242554874,0.007659579171094228,-7.74874684210728e-05,0.0
0.349930154402592,0.007568435405031017,0.007632805428267365,-8.007782395895885e-05,0.0
0.3506245988470365,0.007538782808873809,0.007605186918431499,-8.264197837655445e-05,0.0
0.35131904329148095,0.0075083172628210145,0.007576734851733033,-8.517944576236928e-05,0.0
0.35201348773592545,0.007477050763796737,0.00754746057339597,-8.768929918085681e-05,0.0
0.3527079321803699,0.007444995521662865,0.007517375686095501,-9.017064474641142e-05,0.0
0.3534023766248144,0.007412163791434071,0.007486492188211507,-9.26232893518159e-05,0.0
0.3540968210692588,0.007378568206094768,0.007454822121824707,-9.504648997579506e-05,0.0
0.3547912655137033,0.007344221507739785,0.007422377796467151,-9.743955797655956e-05,0.0
0.3554857099581478,0.00730913672498487,0.007389171612201292,-9.980169626959104e-05,0.0
0.35618015440259226,0.007273326843082229,0.007355216348166258,-0.00010213253596490591,0.0
0.35687459884703676,0.007236805225008824,0.007320524772683249,-0.00010443152114381498,0.0
0.3575690432914812,0.007199585112516967,0.007285110026599476,-0.00010669827577315393,0.0
0.3582634877359257,0.007161680236424879,0.00724898508184909,-0.00010893213734744682,0.0
0.35895793218037014,0.007123103984168451,0.007212163421650394,-0.00011113274495273183,0.0
0.35965237662481464,0.007083870411463158,0.0071746581858368125,-0.00011329953078239398,0.0
0.3603468210692591,0.007043992941572662,0.007136483219433937,-0.0001154322156218016,0.0
0.3610412655137036,0.007003485867426414,0.007097651823683169,-0.00011753032153161913,0.0
0.361735709958148,0.006962362926377755,0.00705817788351898,-0.00011959348862435715,0.0
0.3624301544025925,0.006920638461037745,0.007018074923860434,-0.0001216213667993667,0.0
0.36312459884703696,0.006878326025293247,0.006977357195201708,-0.00012361367615970763,0.0
0.36381904329148146,0.006835440349135943,0.006936038086466287,-0.00012557009864263356,0.0
0.36451348773592596,0.006791994801764004,0.006894132119487188,-0.00012749036888778944,0.0
0.3652079321803704,0.006748004542029303,0.006851652442707269,-0.00012937423521556748,0.0
0.3659023766248149,0.00670348239599656,0.006808614051028061,-0.00013122147247542518,0.0
0.36659682106925934,0.006658444179152051,0.006765029601021487,-0.00013303190183210585,0.0
0.36729126551370384,0.006612902349934309,0.006720914355529714,-0.00013480533950314,0.0
0.3679857099581483,0.006566871614619228,0.006676281737434485,-0.00013654161457805368,0.0
0.3686801544025928,0.006520366273862417,0.006631145463137026,-0.00013824062061620053,0.0
0.3693745988470372,0.006473400075958238,0.006585519616948865,-0.00013990226114155244,0.0
0.3700690432914817,0.006425986899005834,0.006539418069627222,-0.0001415264452186101,0.0
0.37076348773592616,0.0063781406241357605,0.00649285456667707,-0.00014311311421595597,0.0
0.37145793218037065,0.00632987499598181,0.0064458428343360805,-0.0001446622388990995,0.0
0.37215237662481515,0.0062812036650496715,0.00639839653042308,-0.000146173807024316,0.0
0.3728468210692596,0.006232140196795211,0.006350529217155837,-0.00014764782612310758,0.0
0.3735412655137041,0.006182698045078382,0.006302254365254939,-0.00014908432809967843,0.0
0.37423570995814853,0.00613289054187078,0.0062535853473848916,-0.00015048336671302808,0.0
0.37493015440259303,0.006082730894631415,0.006204535426105635,-0.0001518450155046272,0.0
0.37562459884703747,0.006032232178755547,0.006155117745993184,-0.00015316936876327551,0.0
0.37631904329148197,0.005981407328762274,0.006105345326948652,-0.00015445654161567034,0.0
0.3770134877359264,0.005930269131035521,0.0060552310565693025,-0.00015570666894639275,0.0
0.3777079321803709,0.0058788301915435855,0.006004787683852244,-0.00015691990686425998,0.0
0.37840237662481535,0.005827102992742309,0.005954027798659015,-0.0001580964298629907,0.0
0.37909682106925985,0.005775099861813071,0.0059029638546239365,-0.0001592364282193418,0.0
0.3797912655137043,0.005722832927963513,0.0058516081590288755,-0.00016034010779594643,0.0
0.3804857099581488,0.005670314144421709,0.005799972822440779,-0.00016140769634445475,0.0
0.3811801544025933,0.005617555255020969,0.005748069790858088,-0.00016243944819147713,0.0
0.3818745988470377,0.005564567823199244,0.005695910841980754,-0.00016343562469491168,0.0
0.3825690432914822,0.005511363237516755,0.005643507569659456,-0.0001643965015731052,0.0
0.38326348773592667,0.005457952682273647,0.005590871379706736,-0.00016532237656404966,0.0
0.38395793218037116,0.00540434712725306,0.0055380134847911565,-0.00016621356261895752,0.0
0.3846523766248156,0.005350557333354735,0.005484944901180382,-0.00016707038546814225,0.0
0.3853468210692601,0.005296593854502574,0.005431676446103614,-0.00016789318711673626,0.0
0.38604126551370455,0.005242467031640078,0.005378218733000026,-0.00016868232464571983,0.0
0.38673570995814904,0.0051881869846137,0.005324582167212742,-0.00016943816781109526,0.0
0.3874301544025935,0.005133763608533548,0.005270776943021641,-0.00017016110018903567,0.0
0.388124598847038,0.005079206574275163,0.005216813040616582,-0.00017085151935459158,0.0
0.3888190432914824,0.005024525327818027,0.005162700223157376,-0.00017150983494536816,0.0
0.3895134877359269,0.0049697290865619225,0.005108448034534196,-0.00017213646837288267,0.0
0.3902079321803714,0.004914826835697923,0.005054065797249677,-0.00017273185341081237,0.0
0.39090237662481586,0.004859827326741239,0.004999562610089684,-0.0001732964352280946,0.0
0.39159682106926036,0.004804739077122102,0.00494494734616514,-0.00017383066947386673,0.0
0.3922912655137048,0.004749570369350666,0.004890228651535447,-0.00017433502244855088,0.0
0.3929857099581493,0.004694329249664327,0.004835414944016983,-0.00017480997071786942,0.0
0.39368015440259374,0.0046390235267749205,0.004780514412042707,-0.00017525600018171818,0.0
0.39437459884703824,0.004583660771265085,0.0047255350137634395,-0.0001756736059065177,0.0
0.3950690432914827,0.0045282483154730985,0.00467048447640649,-0.00017606329209071518,0.0
0.3957634877359272,0.004472793254117431,0.004615370295597458,-0.00017642557102764148,0.0
0.3964579321803716,0.004417302443492827,0.0045601997356473755,-0.00017676096294615883,0.0
0.3971523766248161,0.004361782501927365,0.00450497982925168,-0.00017706999585005714,0.0
0.39784682106926056,0.004306239810444921,0.004449717377535749,-0.00017735320489191175,0.0
0.39854126551370506,0.004250680513400351,0.004394418950599616,-0.00017761113193088578,0.0
0.39923570995814955,0.004195110519355671,0.004339090888092642,-0.0001778443253032129,0.0
0.399930154402594,0.004139535502133593,0.004283739299874703,-0.00017805333942404953,0.0
0.4006245988470385,0.004083960901952701,0.004228370066946894,-0.00017823873434625185,0.0
0.40131904329148294,0.004028391926797132,0.004172988842564127,-0.0001784010754498927,0.0
0.40201348773592743,0.003972833554022899,0.0041176010534631265,-0.0001785409331142091,0.0
0.4027079321803719,0.003917290532067603,0.004062211901274098,-0.00017865888233075988,0.0
0.4034023766248164,0.0038617673822568125,0.004006826364098513,-0.0001787555023601739,0.0
0.4040968210692608,0.0038062684007712025,0.003951449198227358,-0.00017883137643633903,0.0
0.4047912655137053,0.0037507976608085456,0.0038960849399886648,-0.00017888709142351895,0.0
0.40548570995814975,0.0036953590148446347,0.003840737907751649,-0.00017892323748114753,0.0
0.40618015440259425,0.003639956097048449,0.00378541220406727,-0.00017894040777406364,0.0
0.4068745988470387,0.0035845923257824936,0.003730111717931042,-0.00017893919816901869,0.0
0.4075690432914832,0.0035292709062515306,0.0036748401271701142,-0.0001789202069213448,0.0
0.4082634877359277,0.003473994833237489,0.0036196009009524495,-0.00017888403438902925,0.0
0.40895793218037213,0.003418766896705641,0.00356439730165738,-0.00017883128273668003,0.0
0.4096523766248166,0.003363589675411573,0.0035092323909789685,-0.00017876255571545505,0.0
0.41034682106926107,0.0033084655506320513,0.003454109027283585,-0.00017867845833294577,0.0
0.41104126551370557,0.0032533967059698203,0.003399029871954215,-0.00017857959660337353,0.0
0.41173570995815,0.003198385130115344,0.003343997392776126,-0.00017846657729625763,0.0
0.4124301544025945,0.003143432619107039,0.003289013866219574,-0.00017834000764303755,0.0
0.41312459884703895,0.0030885407812145074,0.003234081379871644,-0.00017820049514444063,0.0
0.41381904329148345,0.0030337110386585474,0.003179201837197266,-0.00017804864733762823,0.0
0.4145134877359279,0.002978944634463792,0.0031243769598312196,-0.00017788507152135128,0.0
0.4152079321803724,0.002924242632520449,0.0030696082921586295,-0.0001777103745062723,0.0
0.4159023766248168,0.0028696059263983212,0.0030148972029787153,-0.00017752516246182185,0.0
0.4165968210692613,0.0028150352329333584,0.002960244892671944,-0.00017733004063593568,0.0
0.4172912655137058,0.0027605311154593297,0.0029056523904568304,-0.00017712561319292722,0.0
0.41798570995815026,0.0027060939503055384,0.0028511205702702424,-0.0001769124828731517,0.0
0.41868015440259476,0.002651724011189212,0.002796650129748276,-0.00017669125111963044,0.0
0.4193745988470392,0.002597421289381029,0.002742241649001993,-0.0001764625171217339,0.0
0.4200690432914837,0.0025431859434228658,0.0026878954659812705,-0.0001762268793438537,0.0
0.42076348773592814,0.0024890171560321443,0.0026336119998108167,-0.00017598493103498374,0.0
0.42145793218037264,0.0024349151920618176,0.002579391114209918,-0.00017573726848744308,0.0
0.4221523766248171,0.002380878988235378,0.002525233009246621,-0.00017548447975219378,0.0
0.4228468210692616,0.0023269094293739898,0.0024711371726691784,-0.00017522715855715457,0.0
0.423541265513706,0.0022730045295286105,0.0024171038049062474,-0.00017496588304777045,0.0
0.4242357099581505,0.0022191631936461596,0.0023631322556093544,-0.00017470123142876166,0.0
0.424930154402595,0.002165384260546233,0.002309221901445081,-0.00017443378949104956,0.0
0.42562459884703946,0.0021116677098775728,0.0022553719360954745,-0.0001741641379143067,0.0
0.42631904329148396,0.0020580108813341527,0.002201582159081023,-0.00017389284053460636,0.0
0.4270134877359284,0.002004415394621795,0.002147850783135928,-0.00017362047255940888,0.0
0.4277079321803729,0.001950876114496064,0.0020941779459753354,-0.00017334758274379128,0.0
0.42840237662481734,0.0018973916623153191,0.002040562031718303,-0.0001730747312806065,0.0
0.42909682106926184,0.001843964066777775,0.0019870011918305154,-0.00017280250228902285,0.0
0.4297912655137063,0.001790588694635721,0.0019334950718518595,-0.0001725314216182637,0.0
0.4304857099581508,0.001737265006239774,0.0018800418072653273,-0.00017226203784107347,0.0
0.4311801544025952,0.0016839906783862493,0.001826640142740462,-0.0001719949001776216,0.0
0.4318745988470397,0.0016307630553866951,0.0017732886378376577,-0.00017173054046899758,0.0
0.43256904329148416,0.0015775799978971644,0.0017199856443190825,-0.00017146948729064975,0.0
0.43326348773592865,0.0015244409256569115,0.0016667292409122127,-0.0001712122748625564,0.0
0.43395793218037315,0.0014713445041450463,0.0016135177817353035,-0.0001709594246961759,0.0
0.4346523766248176,0.0014182849617234725,0.0015603500254186208,-0.0001707114356223063,0.0
0.4353468210692621,0.0013652631221337174,0.0015072232897201717,-0.00017046883060785784,0.0
0.43604126551370653,0.0013122759384342415,0.0014541361437471671,-0.0001702321143611295,0.0
0.43673570995815103,0.0012593207960959934,0.0014010866797688462,-0.0001700017744063081,0.0
0.4374301544025955,0.0012063951850210764,0.0013480728121974955,-0.00016977830093538838,0.0
0.43812459884703997,0.0011534971730331068,0.001295092471985249,-0.00016956218356835068,0.0
0.4388190432914844,0.0011006239096404136,0.0012421437443225444,-0.0001693538959347033,0.0
0.4395134877359289,0.0010477739590960145,0.0011892244257356063,-0.00016915390740686724,0.0
0.44020793218037335,0.000994942833633012,0.0011363326777537105,-0.00016896267480488898,0.0
0.44090237662481785,0.0009421303892305423,0.0010834660134476817,-0.00016878066142211946,0.0
0.4415968210692623,0.0008893343346319665,0.0010306225358894955,-0.00016860831244017624,0.0
0.4422912655137068,0.0008365492837219471,0.0009778003787560305,-0.00016844605535453087,0.0
0.4429857099581513,0.0007837758459856969,0.0009249968704733037,-0.0001682943317605922,0.0
0.44368015440259573,0.0007310093550863888,0.0008722103640974537,-0.00016815356094154475,0.0
0.4443745988470402,0.0006782498911236572,0.000819438426661647,-0.00016802415676957195,0.0
0.44506904329148467,0.0006254925677703853,0.0007666792907489012,-0.0001679065186312726,0.0
0.44576348773592916,0.0005727361463780052,0.00071393061026666,-0.00016780104527863398,0.0
0.4464579321803736,0.0005199782958360735,0.0006611904265806406,-0.0001677081237257318,0.0
0.4471523766248181,0.0004672170323588728,0.0006084567329214408,-0.00016762812821772012,0.0
0.44784682106926255,0.0004144494587589603,0.0005557275787634879,-0.00016756142227966622,0.0
0.44854126551370704,0.0003616740325232417,0.0005030009180627685,-0.00016750836424832068,0.0
0.4492357099581515,0.0003088876263078498,0.0004502749671856665,-0.00016746929759382822,0.0
0.449930154402596,0.0002560898047828013,0.0003975477141437591,-0.00016744455858373286,0.0
0.4506245988470404,0.00020327698194310697,0.000344817552343421,-0.00016743446686110164,0.0
0.4513190432914849,0.00015044798453916371,0.00029208258851134766,-0.0001674393351368062,0.0
0.4520134877359294,9.759945347542426e-05,0.00023934127939633572,-0.00016745946136290546,0.0
0.45270793218037386,4.473303865624636e-05,0.00018659174601344796,-0.0001674951390314765,0.0
0.45317740632877507,8.979873602348935e-06,0.00015092565404864602,-0.00016752820196589213,0.0
0.4532778477780108,1.3289937956165129e-06,0.00014329440852537661,-0.00016753620893066108,0.0
0.45329458028779074,5.4514524672167776e-08,0.0001420231002696006,-0.00016753757909722717,0.0
0.45329632872950815,-6.311322773558838e-08,0.00014189025679872485,-0.0001675377228565112,0.0
0.453299825612943,-2.7681945289937475e-07,0.00014162457331256878,-0.0001675380106762392,0.0
0.4533033224963779,-4.905310666844381e-07,0.00014135889939530317,-0.00016753829888367024,0.0
0.4533068193798128,-7.042536202269254e-07,0.00014109324148189363,-0.00016753858746309245,0.0
0.45331575551275,-1.2504951638303551e-06,0.00014041448435860322,-0.00016753932638775338,0.0
0.4533246916456872,-1.7968919821350184e-06,0.00013973596229272198,-0.0001675400670097706,0.0
0.4533336277786244,-2.3434826045096467e-06,0.00013905775797831907,-0.00016754080857156144,0.0
0.4533655614976794,-4.29839276485585e-06,0.0001366379189295928,-0.0001675434442019024,0.0
0.4533974952167344,-6.255852508888347e-06,0.00013422549576013194,-0.0001675460207123781,0.0
0.4534294289357894,-8.215853337227112e-06,0.0001318225349420863,-0.0001675484765930753,0.0
0.4534704182685252,-1.0734745548770628e-05,0.00012875428936289724,-0.00016755134063108467,0.0
0.4534729801018212,-1.0892267395953578e-05,0.00012856315834537885,-0.0001675515070148172,0.0
0.4534755419351172,-1.1043377000051556e-05,0.00012837217461865354,-0.00016754913461805335,2.695133268758305e-07
0.4534781037684132,-1.1177693303777672e-05,0.00012818155439706867,-0.00016753996977930072,7.245838157888849e-07
0.4534815809252942,-1.1330617658261764e-05,0.00012792391585005213,-0.00016751501149463258,1.2861889227896066e-06
0.45348505808217526,-1.1455442045958915e-05,0.00012766833418283968,-0.0001674767265073654,1.7913697375376342e-06
0.4534885352390563,-1.1559763720763465e-05,0.0001274154013138975,-0.00016742721079892822,2.2522240830349626e-06
0.4534920123959373,-1.1648397828526812e-05,0.00012716550407873805,-0.00016736778998731645,2.6764003645927625e-06
0.4534998165090128,-1.1808185006196043e-05,0.0001266168647511388,-0.00016720373088654063,3.5242323802813045e-06
0.4535076206220882,-1.193831630876485e-05,0.00012608636441064185,-0.00016700511923188152,4.269075373952542e-06
0.4535154247351637,-1.205597036554592e-05,0.00012557403785697113,-0.00016677878183567055,4.942245601020632e-06
0.45352322884823915,-1.2170764387825997e-05,0.00012507915771436007,-0.00016652968942744623,5.563498150517531e-06
0.45353216553284004,-1.2306321176586295e-05,0.00012453241288733243,-0.00016622179358984966,6.229435588470752e-06
0.4535411022174409,-1.2449405784968094e-05,0.0001240053805148244,-0.0001658933793787096,6.857277430436834e-06
0.45355003890204176,-1.2602210211442277e-05,0.00012349625328586874,-0.00016554803611881913,7.456344008719044e-06
0.4535592888167194,-1.2771155190400275e-05,0.0001229862430152085,-0.00016517579448217698,8.052647276425494e-06
0.453568538731397,-1.2950409447944662e-05,0.00012249164743487315,-0.0001647909433160704,8.628921988238663e-06
0.4535777886460747,-1.313901534693604e-05,0.00012201077734429914,-0.000164395549191987,9.188297022122178e-06
0.45359029847558363,-1.3407132380211479e-05,0.00012137953266355787,-0.00016384719602145415,9.922403245119155e-06
0.45360280830509264,-1.3688290051992793e-05,0.00012076752033818551,-0.00016328621024520903,1.0634891502227089e-05
0.45361531813460165,-1.3980470290170383e-05,0.00012017203212012339,-0.00016271547856553723,1.1329660185345263e-05
0.4536440602446182,-1.4685261938563427e-05,0.00011885585905990154,-0.00016137781362011327,1.287278553751955e-05
0.45367280235463475,-1.54221565662508e-05,0.00011759336556254865,-0.00016002131661608948,1.4365947782274516e-05
0.4537015444646513,-1.6180698476886604e-05,0.00011637136637238046,-0.0001586565107899485,1.582367451584126e-05
0.45373028657466785,-1.695277461638627e-05,0.00011518067873719139,-0.00015728905073790627,1.7253216171064077e-05
0.45374242708071977,-1.7281598513508207e-05,0.0001146853006440561,-0.0001567117958491558,1.7850430026984464e-05
0.45375456758677174,-1.7612331977956813e-05,0.00011419395996709389,-0.00015613513301662894,1.8445180230630344e-05
0.4537667080928237,-1.7944885129089628e-05,0.00011370632492039117,-0.00015555924432256304,1.903799576307282e-05
0.4537759644539217,-1.8199397857062077e-05,0.0001133368293635022,-0.00015512071719212984,1.9488618383570387e-05
0.45378522081501976,-1.8454567984303545e-05,0.00011296917484547495,-0.00015468268484159997,1.993803834266706e-05
0.45379447717611776,-1.871035136248781e-05,0.00011260326265052807,-0.0001542451709984149,2.0386357661991838e-05
0.45380340173502653,-1.8957511930516195e-05,0.00011225203333711826,-0.00015382384754475926,2.08176504913346e-05
0.45381232629393525,-1.9205168259613165e-05,0.00011190226625761996,-0.00015340303089903933,2.124806419448492e-05
0.453821250852844,-1.9453284825839887e-05,0.00011155389382268589,-0.00015298272524477783,2.1677648958838998e-05
0.45387610588503463,-2.0986903987187947e-05,0.00010944017018433336,-0.00015041036722622766,2.430192867744113e-05
0.45394560052349997,-2.2947795053676532e-05,0.00010681985047832592,-0.00014717688749808173,2.7595239362719315e-05
0.45401509516196525,-2.4924050342832327e-05,0.00010425025955603616,-0.00014396766803598035,3.0862015424539735e-05
0.4540845898004306,-2.6913186189101312e-05,0.00010172230108914645,-0.00014077795086953336,3.410693403894988e-05
0.45415408443889593,-2.891463523169118e-05,9.923116119809101e-05,-0.00013760332501584099,3.733163465254579e-05
0.4542235790773613,-3.092789976109564e-05,9.67731646278794e-05,-0.0001344408386613781,4.0537693387546634e-05
0.4542930737158266,-3.295177906169577e-05,9.434448516946502e-05,-0.00013128894399379694,4.372730676987026e-05
0.4543625683542919,-3.498486856215406e-05,9.194156019274841e-05,-0.00012814655853319223,4.690247024514e-05
0.4544576364675059,-3.777955449077416e-05,8.869140324296229e-05,-0.00012386091607788268,5.122494880094058e-05
0.4545527045807199,-4.0588258256045426e-05,8.54787859893143e-05,-0.00011958792251989475,5.5525840687919914e-05
0.45464777269393386,-4.3409420204973414e-05,8.229888024140471e-05,-0.00011532542910792213,5.980765494556699e-05
0.4547428408071479,-4.6241545432773775e-05,7.914750307643711e-05,-0.00011107184663535418,6.407263310078013e-05
0.45487098310314217,-5.007395733683917e-05,7.493846926239514e-05,-0.00010535032064657311,6.979834432324334e-05
0.45499912539913645,-5.392102666803028e-05,7.076690700933699e-05,-9.964002660589495e-05,7.550147509709928e-05
0.4551272676951308,-5.778043718177855e-05,6.662668044937559e-05,-9.393905307770707e-05,8.118555612238283e-05
0.45525540999112507,-6.165028121719034e-05,6.251268453943858e-05,-8.824573202882505e-05,8.685347463214399e-05
0.4553835522871194,-6.552895535777744e-05,5.842054155624915e-05,-8.255863214637126e-05,9.25077513174146e-05
0.45555015139164784,-7.058259738957071e-05,5.312697974533088e-05,-7.517214098721781e-05,9.984192061499924e-05
0.4557167504961763,-7.564633061955607e-05,4.785760698291368e-05,-6.779221850371289e-05,0.0001071603574392987
0.4558833496007048,-8.071817182086579e-05,4.260732089124265e-05,-6.041747121988063e-05,0.00011446611016006003
0.4560499487052333,-8.579655766660897e-05,3.737213434344491e-05,-5.3046844841254965e-05,0.00012176157583231671
0.4562165478097618,-9.08802531670725e-05,3.214889533789726e-05,-4.567952732532835e-05,0.00012904867189800933
0.45643227666952796,-9.746941338261849e-05,2.5399062982041883e-05,-3.614355427589597e-05,0.00013847477185635214
0.45664800552929413,-0.00010406419927475436,1.8661028454689264e-05,-2.6611229712383267e-05,0.00014789199633881843
0.45686373438906036,-0.00011066335136648846,1.1931720778844819e-05,-1.7081957788957884e-05,0.0001573023276536872
0.45707946324882653,-0.0001172659451320495,5.208842438861656e-06,-7.555324548622916e-06,0.00016670730558846378
0.4571226090207798,-0.00011858680273279154,3.864875253245705e-06,-5.650286365398681e-06,0.00016858775712864506
0.45716575479273297,-0.00011990776515943417,2.5210868499132154e-06,-3.745343284026593e-06,0.00017046804888866808
0.4572089005646862,-0.00012122883299256075,1.177469769624242e-06,-1.8404940470474966e-06,0.00017234819103399655
0.4572175297190769,-0.00012149305907836739,9.087661615354599e-07,-1.4595352828596828e-06,0.00017272420221471984
0.45722615887346757,-0.00012175728903052193,6.400689310651901e-07,-1.078580142539183e-06,0.00017310020746115641
0.4572347880278582,-0.00012202152276961293,3.713780146042839e-07,-6.976286300892098e-07,0.00017347620675518948
0.45724595973988963,-0.00012236361796892804,2.3527265558493445e-08,-2.0443612140094758e-07,0.00017396298466814517
0.457252602676953,-0.0001225617847608282,0.0,6.797828367309685e-08,0.00017425317719118073
0.4572586930444747,-0.0001227377918472026,0.0,2.735500078534781e-07,0.00017452056005229163
0.45726478341199633,-0.00012290772123332692,0.0,4.795218905365091e-07,0.0001747903081522641
0.45727087377951803,-0.00012307243331220052,0.0,6.859809581014105e-07,0.0001750631281994721
0.4572804120683971,-0.00012332149765664015,0.0,1.0105663625779203e-06,0.00017549759466953252
0.45728995035727615,-0.00012356109145131736,0.0,1.3370099876980083e-06,0.0001759414311784708
0.45729948864615516,-0.00012379251464082923,0.0,1.6657132512175641e-06,0.00017639492805602788
0.4573086721107629,-0.00012400843294698208,0.0,1.9846789187904586e-06,0.00017684054916336175
0.4573178555753707,-0.00012421817874141584,0.0,2.306403386458539e-06,0.00017729467885557363
0.4573270390399784,-0.00012442222532931798,0.0,2.6311563074740995e-06,0.0001777569624324635
0.45735045099840504,-0.00012491943853454405,0.0,3.474405970390129e-06,0.00017896945260466445
0.45737386295683163,-0.00012538704219448727,0.0,4.341476346263998e-06,0.00018022694084120133
0.4573972749152583,-0.0001258293173464048,0.0,5.234213391570486e-06,0.00018152483826227876
0.4574390123351153,-0.0001265639718770838,0.0,6.891677115910768e-06,0.00018392865147846198
0.4574494466900796,-0.00012673839534143254,0.0,7.3196440530476835e-06,0.00018454512082982611
0.4574598810450439,-0.0001269089009880322,0.0,7.753000640614508e-06,0.0001851668413207861
0.4574703154000082,-0.00012707614717725386,0.0,8.191640626866803e-06,0.00018579430623951286
0.4574807497549725,-0.00012724031349540515,0.0,8.6355193071554e-06,0.00018642737695527458
0.4574892689786905,-0.00012737202461625153,0.0,9.001797473569061e-06,0.0001869480839012729
0.45749778820240855,-0.00012750172273781098,0.0,9.371522259057632e-06,0.00018747215975316588
0.4575063074261266,-0.00012762948734448186,0.0,9.74465917614799e-06,0.00018799954293668422
0.457529103346278,-0.00012796230861971837,0.0,1.0759579106968988e-05,0.0001894262069475101
0.4575518992664294,-0.00012828254043450944,0.0,1.179800666386472e-05,0.00019087432893230596
0.4575746951865809,-0.00012859102094064362,0.0,1.2859220791132871e-05,0.00019234252232087817
0.45764096845308094,-0.00012942662756360482,0.0,1.606740333013793e-05,0.00019671417379577545
0.45765753676970594,-0.00012962314777655018,0.0,1.689627950487755e-05,0.00019782903494598687
0.4576741050863309,-0.00012981558225990718,0.0,1.7735239624672317e-05,0.00019895291667728314
0.4576906734029559,-0.00013000318656274185,0.0,1.8584180273068107e-05,0.0002000841068847264
0.4577072417195809,-0.00013018585208298723,0.0,1.9442884192452238e-05,0.00020122190599436643
0.45771662786698775,-0.00013028756313363514,0.0,1.9933523688019324e-05,0.00020186981853940805
0.45772601401439467,-0.00013038807931279057,0.0,2.0427119389228615e-05,0.00020252016145236716
0.4577354001618016,-0.0001304872868547725,0.0,2.0923649477491258e-05,0.0002031726844654765
0.45774393058033713,-0.00013057632459728842,0.0,2.13774222935395e-05,0.00020376755324254242
0.45775246099887273,-0.00013066432888057117,0.0,2.183354961503778e-05,0.00020436416038882913
0.4577609914174083,-0.00013075132482709767,0.0,2.229199881795978e-05,0.00020496248242792367
0.4577926880832961,-0.00013106607193308302,0.0,2.4015193422267718e-05,0.00020720002236318283
0.4578243847491839,-0.00013136785711083239,0.0,2.576853712049056e-05,0.00020945906796895122
0.4578560814150717,-0.0001316574214767742,0.0,2.7550613566453503e-05,0.00021173810878529883
0.4578769961010363,-0.0001318424670954311,0.0,2.8741564018622234e-05,0.00021325273614048452
0.45789791078700093,-0.00013202328742748892,0.0,2.994398551539893e-05,0.00021477597829900005
0.4579188254729655,-0.00013219966602148698,0.0,3.115759789667626e-05,0.0002163069324251485
0.4579274245225591,-0.00013227075265809853,0.0,3.1659779975604926e-05,0.0002169382973400518
0.4579360235721527,-0.00013234100681492334,0.0,3.2163795433045416e-05,0.00021757071475600375
0.45794462262174623,-0.00013241056977209126,0.0,3.2669601655328635e-05,0.00021820435128025155
0.45795337177749806,-0.00013248065670607012,0.0,3.318605195453481e-05,0.00021885029010040906
0.4579621209332499,-0.00013255004062840298,0.0,3.37043137134277e-05,0.0002194974347433561
0.4579708700890018,-0.00013261872596702517,0.0,3.4224366406901296e-05,0.0002201457553580547
0.4579930454648266,-0.0001327897608212954,0.0,3.55503371378085e-05,0.0002217940730528979
0.45801522084065144,-0.0001329565212167068,0.0,3.6887350358874895e-05,0.00022344947584419773
0.45803739621647627,-0.00013311917373216948,0.0,3.823508669346147e-05,0.00022511167706457675
0.45809214544533783,-0.00013350367077805234,0.0,4.1606377422817244e-05,0.00022924182937005466
0.4581058327525533,-0.00013359640691946973,0.0,4.245867682446316e-05,0.00023028044797073274
0.4581195200597687,-0.00013368817900028475,0.0,4.331455720513326e-05,0.00023132179733667579
0.45813320736698415,-0.00013377853282935708,0.0,4.417403679783447e-05,0.0002323651354687355
0.45814123617718255,-0.00013383081558421205,0.0,4.467986137986657e-05,0.00023297795332763349
0.45814926498738096,-0.00013388262577160661,0.0,4.518689271397817e-05,0.00023359142768016004
0.45815729379757936,-0.00013393400651406974,0.0,4.569511335578551e-05,0.00023420560269585847
0.45820143937815616,-0.0001342092434913677,0.0,4.850997495215018e-05,0.00023759444575740878
0.45824558495873297,-0.0001344725637059746,0.0,5.1358573960849983e-05,0.00024100258330243007
0.4582897305393097,-0.00013472467505589087,0.0,5.423940595089463e-05,0.00024442875311380725
0.45836395222835236,-0.00013512485346448054,0.0,5.915215356529339e-05,0.00025022696149869385
0.45843817391739494,-0.0001354981794262284,0.0,6.414576341563857e-05,0.0002560679508282298
0.45851239560643753,-0.00013584755139274584,0.0,6.921391677194838e-05,0.0002619468278741564
0.45858661729548017,-0.0001361752145912181,0.0,7.435140901110264e-05,0.0002678596700965348
0.45867267963633346,-0.000136530443546576,0.0,8.038940324342353e-05,0.0002747541239057791
0.4587587419771868,-0.00013686167013654218,0.0,8.65081786169432e-05,0.000281685565886728
0.4588448043180401,-0.0001371711902695577,0.0,9.270197101580289e-05,0.000288650196530107
0.45893086665889343,-0.00013746101642356253,0.0,9.896556812355478e-05,0.00029564472894446714
0.4590656421079414,-0.00013787948965337076,0.0,0.0001089035326162143,0.00030665161043231897
0.4592004175569893,-0.00013825985195837237,0.0,0.00011898468179294011,0.0003177152244472597
0.45933519300603726,-0.00013860683018041356,0.0,0.00012919498042313795,0.00032882801622257984
0.4594699684550852,-0.00013892445645199536,0.0,0.00013952192787517858,0.00033998356784976734
0.45960474390413314,-0.0001392162639502099,0.0,0.00014995419106052555,0.00035117624273003965
0.4597947497851591,-0.00013958968353488364,0.0,0.00016482092131043122,0.0003670094559592779
0.4599847556661851,-0.00013992509084095046,0.0,0.0001798516885568286,0.00038289558384460776
0.4601747615472111,-0.00014022833955597207,0.0,0.00019502486856670846,0.0003988254133383969
0.46036476742823706,-0.000140504304969588,0.0,0.00021032168441458102,0.00041479135619523354
0.4605547733092631,-0.00014075705581521614,0.0,0.00022572573417178,0.0004307869959861785
0.4608071236037445,-0.00014106270178635146,0.0,0.0002463254947468421,0.00045206782603832667
0.46105947389822594,-0.0001413400810730602,0.0,0.00026706048219575474,0.00047338125987944374
0.46131182419270733,-0.00014159448854548687,0.0,0.00028790668913925385,0.0004947190612815339
0.4615641744871888,-0.0001418301479713366,0.0,0.0003088439901743688,0.0005160745220265297
0.46181652478167023,-0.00014205051021512165,0.0,0.00032985547947024963,0.0005374422220739981
0.46212640227468504,-0.00014230432587647557,0.0,0.00035573766880075307,0.0005636914237457982
0.4624362797676999,-0.00014254333610654447,0.0,0.00038168898086363693,0.000589945973005354
0.4627461572607147,-0.00014277084609144798,0.0,0.0004076919296269282,0.0006162008206587912
0.4630560347537296,-0.00014298951398615588,0.0,0.0004337323209834677,0.0006424519968949019
0.4633659122467444,-0.00014320137247677165,0.0,0.0004597987936275056,0.0006686963675878908
0.46367578973975926,-0.00014340787916792357,0.0,0.0004858822962278316,0.0006949313617818517
0.464184154824535,-0.00014373812173507018,0.0,0.0005286914963600795,0.0007379454250296691
0.4646925199093108,-0.00014406127307881066,0.0,0.0005715027376477048,0.0007809225384421263
0.46520088499408657,-0.00014438027682381184,0.0,0.0006142984178935919,0.0008238580035587271
0.4657092500788624,-0.00014469701317832397,0.0,0.0006570660850150353,0.0008667483051290931
0.4662176151636382,-0.0001450129563561551,0.0,0.0006997970553948861,0.0009095912213022305
0.46672598024841394,-0.00014532916250597485,0.0,0.0007424852394551006,0.000952385170937243
0.46740362829596555,-0.00014575158451492315,0.0,0.0007993145242297077,0.0010093500965554392
0.4680812763435172,-0.0001461762927633433,0.0,0.0008560526779348832,0.0010662225816732086
0.4687589243910688,-0.00014660402021472328,0.0,0.0009126945815594034,0.0011230006439022751
0.4694365724386204,-0.00014703489984935143,0.0,0.0009692367987643861,0.0011796823111527043
0.470114220486172,-0.00014746921834705637,0.0,0.0010256768297431406,0.0012362662189199442
0.4707918685337236,-0.00014790727622369273,0.0,0.001082012620391248,0.0012927511602335183
0.4714863129781681,-0.0001483595433553769,0.0,0.0011396347873176545,0.0013505311862275907
0.47218075742261256,-0.00014881475856927168,0.0,0.0011971438317171668,0.0014082027346532784
0.47287520186705706,-0.00014927401786013375,0.0,0.0012545378410427379,0.001465765548609626
0.47356964631150156,-0.00014973797336163396,0.0,0.001311815125612743,0.001523218865298981
0.474264090755946,-0.00015020357441430655,0.0,0.0013689744544414604,0.00158055717413269
0.4749585352003905,-0.00015066811698780287,0.0,0.0014260141098245008,0.0016377750881239102
0.47565297964483494,-0.00015113799504053386,0.0,0.001482930901824882,0.0016948784516575522
0.47634742408927944,-0.00015162198669794904,0.0,0.0015397221249588296,0.0017518765736631115
0.47648556868381475,-0.0001517129728188966,0.0,0.0015510061638326553,0.001763193843635317
0.4765131976027218,-0.00015173063190963287,0.0,0.0015532624520196304,0.0017654560763383624
0.4765408265216289,-0.00015174874382145825,0.0,0.0015555183846907828,0.0017677186931378823
0.4765684554405359,-0.000151767195641806,0.0,0.0015577740105862333,0.0017699815360075093
0.47662371327835007,-0.00015180459776430638,0.0,0.0015622845491097257,0.001774507212901811
0.47667897111616425,-0.00015184234456624732,0.0,0.0015667942202930065,0.0017790324760620444
0.47673422895397843,-0.00015188019858916957,0.0,0.0015713030889608706,0.0017835570358601832
0.4769073705401675,-0.0001519992482469643,0.0,0.0015854260258341129,0.0017977294602687132
0.4770403130616129,-0.00015209028212597535,0.0,0.0015962646336034384,0.0018086055899946647
0.47717325558305823,-0.00015218084036671274,0.0,0.0016070985878077816,0.0018194765273092648
0.47730619810450353,-0.00015227240777134594,0.0,0.0016179276084753347,0.0018303439518635239
0.4774391406259489,-0.0001523636117728873,0.0,0.001628751967676225,0.0018412062529010009
0.47757208314739424,-0.00015245531740847875,0.0,0.0016395715345920443,0.001852064387086021
0.4777050256688396,-0.0001525464859491378,0.0,0.0016503864536034677,0.0018629171805342136
0.47783796819028496,-0.00015263832046392468,0.0,0.0016611964786971026,0.0018737660080080604
0.47797091071173026,-0.00015272965075405434,0.0,0.0016720018098809882,0.001884609514750658
0.4781038532331756,-0.000152821606031471,0.0,0.0016828022361621685,0.0018954489631514508
0.47823679575462097,-0.00015291302109023697,0.0,0.0016935979498287322,0.0019062830153692512
0.4783697382760663,-0.00015300508315605705,0.0,0.0017043887170571181,0.00191711300608334
0.4785026807975116,-0.00015309715378844743,0.0,0.0017151746573896118,0.0019279381898559547
0.478635623318957,-0.00015318908189420027,0.0,0.001725955777641217,0.0019387583834960943
0.47876856584040234,-0.0001532809767076987,0.0,0.0017367320212338404,0.001949573703924858
0.4789015083618477,-0.00015337290997938685,0.0,0.0017475033536384485,0.001960384213302122
0.47911080364999986,-0.00015351696298699884,0.0,0.001764450812798807,0.001977392636479914
0.4793200989381521,-0.00015366228233489087,0.0,0.0017813856276675819,0.001994390208362865
0.4795293942263043,-0.00015380826500800706,0.0,0.0017983082528947943,0.0020113763048651063
0.47973868951445653,-0.00015395332775135627,0.0,0.0018152189196711476,0.0020283491391205393
0.48002144912367,-0.00015414909458801173,0.0,0.0018380456196598455,0.0020512598985676883
0.48030420873288354,-0.00015434510410193368,0.0,0.0018608493350781418,0.0020741482957586294
0.480586968342097,-0.00015454132224158924,0.0,0.0018836299722452016,0.0020970139938091144
0.48086972795131055,-0.00015473755464134864,0.0,0.0019063874194483958,0.002119856598922418
0.4813922018119308,-0.00015510017379406904,0.0,0.0019483762758560812,0.0021620031892903313
0.4819146756725511,-0.00015546250267884577,0.0,0.001990284204001242,0.002204068963868457
0.48243714953317135,-0.00015582443501008502,0.0,0.002032110018466345,0.0022460525803510677
0.4829596233937916,-0.0001561855539915234,0.0,0.0020738526203085013,0.002287952349465295
0.4836540678382361,-0.00015666519524427176,0.0,0.0021292034921978455,0.0023435124077049005
0.48434851228268055,-0.00015714234747365335,0.0,0.0021844025893478763,0.002398918132928609
0.48504295672712505,-0.000157617834586833,0.0,0.0022394467111026086,0.00245416769913962
0.4857374011715695,-0.00015809038883693306,0.0,0.002294333551900998,0.00250925662766126
0.486431845616014,-0.00015855959330896013,0.0,0.0023490595877707727,0.0025641815963173696
0.4871262900604585,-0.00015902491709078817,0.0,0.002403622314170234,0.0026189384594874875
0.48782073450490293,-0.00015948646227827477,0.0,0.002458017962223647,0.0026735248186009176
0.48851517894934743,-0.00015994314215338686,0.0,0.0025122444606595056,0.002727935621071898
0.48920962339379187,-0.00016039412828596452,0.0,0.0025662978705247503,0.002782167765196435
0.48990406783823637,-0.00016083910658152228,0.0,0.0026201760634402297,0.002836216538226297
0.4905985122826808,-0.0001612778989280522,0.0,0.0026738747078488096,0.0028900799038000494
0.4912929567271253,-0.00016170967388005246,0.0,0.002727392136600339,0.002943752278139338
0.49198740117156975,-0.00016213305749878068,0.0,0.002780724035956652,0.0029972306459190223
0.49268184561601425,-0.00016254787119577644,0.0,0.002833868613554655,0.0030505098346807094
0.4933762900604587,-0.00016295412141686009,0.0,0.0028868211831292677,0.0031035884693698147
0.4940707345049032,-0.00016335128024341582,0.0,0.0029395803053354247,0.003156461104626874
0.49476517894934763,-0.000163736810955046,0.0,0.002992142424616357,0.003209123364270213
0.4954596233937921,-0.00016411117759333927,0.0,0.0030445042496853687,0.0032615722850096365
0.4961540678382366,-0.00016447423022797165,0.0,0.0030966632011475512,0.0033138041634060375
0.49684851228268107,-0.0001648246630333213,0.0,0.0031486166217099517,0.0033658149391606563
0.49754295672712556,-0.0001651615822037292,0.0,0.0032003616225050216,0.003417601003133602
0.49823740117157,-0.0001654846100548893,0.0,0.0032518954496734355,0.0034691589773062506
0.4989318456160145,-0.0001657930076407955,0.0,0.0033032156064251596,0.0035204852555902116
0.49962629006045894,-0.00016608573873813748,0.0,0.0033543196662892075,0.003571576201826291
0.5,-0.0001662365028672264,0.0,0.003381730628536158,0.0035989718455289484
