index,label,feasible,small_min_deg,small_max_deg,large_max_deg,h_s_low_before,h_s_low_after,h_s_high_before,h_s_high_after,h_l_low_before,h_l_low_after,h_l_high_before,h_l_high_after,sector_smin_to_lmin_deg,sector_lmin_to_smax_deg,sector_smax_to_lmax_deg,sector_lmax_to_next_smin_deg,cross_symmetry_rms_h,cross_symmetry_max_abs_h,delta_cross_low_before,delta_cross_low_after,delta_cross_high_before,delta_cross_high_after,indicated_thermal_efficiency,indicated_power_w,heat_input_w,heat_out_w,maximum_pressure_pa,maximum_temperature_k,maximum_tube_reynolds,maximum_tube_mach_number,maximum_absolute_mass_flow_kg_s,cold_isothermality_error,hot_isothermality_error,pressure_equalization_error,small_max_abs_dV_dtheta,large_max_abs_dV_dtheta,small_max_abs_d2V_dtheta2,large_max_abs_d2V_dtheta2,convergence_cycles,constraint_power_ok,constraint_pressure_ok,constraint_temperature_ok,constraint_mass_flow_ok,constraint_validity_ok
0,sobol,False,71.86625989153981,242.53194925375283,365.49868423491716,-0.05427337130531673,0.32632561801001425,-1.5321086857467892,-0.6295785984024407,-0.37210712521336975,-0.29348937147296966,-0.42166509814560427,-0.6022714748978617,108.13374010846019,62.53194925375283,122.96673498116434,66.36757565662265,0.6026727664767826,0.9298372108489275,-0.698432743223384,-0.23921600016765293,0.20791350025683641,0.9298372108489275,0.16990245268531876,37.787698474917434,222.40819880867244,-184.63989595097655,596701.8298600514,590.4812300811395,731.9318392413545,0.04100045856332525,0.014068382960184962,0.026965063029413993,0.09036788941690233,0.012225581723129307,0.0005623503510434235,0.00044474342295145803,0.0011712842077729717,0.0008439795414890574,22,False,True,True,True,True
1,sobol,True,79.81078885961324,236.94658094551414,373.14561059325933,-0.3761959085706621,-0.5331070041749626,-0.9777528228238226,-1.3282381607219578,0.07417482719756663,0.26911255843006077,-1.656200966797769,-1.2597389046102763,100.18921114038676,56.94658094551414,136.1990296477452,66.6651782663539,0.4930238312669056,0.6453084670007229,0.6072818313725292,0.6453084670007229,-0.3279628060758113,-0.2819860817864537,0.1828116601451764,49.404290272123475,270.24693191282216,-220.78787090196602,520460.9839451972,587.9518193138347,756.5503850886805,0.044017010551364526,0.014541573375377224,0.031718525884350056,0.08154950393434438,0.010755208302865919,0.00045352305873502374,0.0006143777622810363,0.0010791752068789091,0.001301895601549298,23,True,True,True,True,True
2,sobol,False,75.30683521647006,239.32111935224384,362.52900513261557,0.2002364757005125,-0.22346147298812868,-0.6652361534535887,-0.9092844836413861,0.2505494692828506,-0.05243180915713308,-1.3525383872911334,-1.6001442478969694,104.69316478352994,59.32111935224384,123.20788578037173,72.7778300838545,0.5828925294859291,0.9349080944433807,0.4740109422709793,-0.2526682848576456,-0.44325390364974726,-0.9349080944433807,0.15964474656088745,35.71238045933484,223.69906450829794,-187.9904383873897,641909.4458992752,605.9706252145297,732.3553543426802,0.04883160430091279,0.014076523298281263,0.02216014343755909,0.07360590283409647,0.013150009538762546,0.0004201592084133147,0.0006480021574953013,0.0008340331933456062,0.0013241469886645669,22,False,True,True,True,True
3,sobol,True,67.2295874170959,233.54364802129567,370.0712066963315,-0.15137240253388884,-0.06956897261552508,-1.2211434511467816,-1.6107851386070253,-0.19193468377925454,-0.4398878626525402,-0.7961223449558021,-0.9399844532832504,112.7704125829041,53.54364802129567,136.52755867503583,57.1583807207644,0.458514009446637,0.8146627936512232,-0.12236571116372946,-0.28851546011865137,0.8146627936512232,0.28115899786353116,0.19042138518713067,54.54096264577928,286.4224655869447,-231.85126934724136,448361.7307046869,582.3239964601182,580.4754965645195,0.03996912697312523,0.011157256928647333,0.029778510305231418,0.06417115653137344,0.01031614205911657,0.0005004359994245898,0.000525550862298337,0.0010819108776213217,0.0010775998798248606,22,True,True,True,True,True
4,sobol,True,65.28190169017762,240.2383011719212,372.41467479616404,-0.3455165355466306,0.029018921451643087,-1.7563234042376281,-1.0383129186928273,0.19658217499963937,0.045297965826466724,-1.5888148687779904,-1.6451646596193314,114.71809830982238,60.238301171921194,132.17637362424284,52.867226894013584,0.3522151622147235,0.5505019500851631,0.16756325354799628,0.3908145013730973,-0.5505019500851631,0.11115874461829667,0.18538364992956413,42.92165542023212,231.52880761890304,-188.63900672305581,597013.3304144685,591.6998125836199,520.8162892634933,0.04478775156846225,0.010010553737976137,0.02492818508462116,0.09246084303431264,0.011146097178262412,0.0005589448889590958,0.0006891737969161221,0.0012132297861210453,0.0015106814280774201,25,True,True,True,True,True
5,sobol,True,73.27037594281137,230.81050877459347,367.6851706430316,0.27513871244154864,-0.3547088418155908,-0.9176005521789194,-1.7398136779665947,-0.24958542441017922,-0.5209206785541027,-0.7452305356040598,-0.8943859267979861,106.72962405718863,50.81050877459347,136.87466186843812,65.58520529977977,0.6392370516449025,0.9945831423625349,0.10512341740541159,-0.7960593909956514,0.9945831423625349,0.02321462538093333,0.18179769067233223,53.903680978228714,296.50366172903375,-242.5798535443057,424272.0793177369,580.198157037919,640.7645444423513,0.04133296815247628,0.012316066217131615,0.03385619250476584,0.07307070316013024,0.010637238113232672,0.0004956753310057619,0.0005054050980864995,0.001040994948594644,0.0010233308151373873,22,True,True,True,True,True
6,sobol,True,78.00958636216819,243.37761265225708,369.48909049481153,-0.5991879147943109,-0.4018088857177645,-0.44103474467992787,-0.4021126633509995,-0.5445361233782023,-0.19570206785574557,-1.0383401365950704,-0.5539585562422873,101.99041363783181,63.377612652257085,126.11147784255445,68.52049586735666,0.3875271209793634,0.6362274732440709,-0.14272723766043782,0.4034858469385653,-0.6362274732440709,-0.11292381156235942,0.18322773317191926,53.927545839237325,294.31977848374123,-240.3366438103722,390714.76760095946,580.4842829320629,688.6350486990577,0.03788991934612111,0.013236180017726149,0.037479255106759396,0.06227630636474833,0.011442602528716934,0.00037521612078895414,0.00048500734310819125,0.0007099769877666601,0.0009105420564586626,22,True,True,True,True,True
7,sobol,True,70.1520651532337,234.1677869250998,364.65483865886927,0.051156445220112756,0.22731011053547256,-1.2812823286280035,-1.1007721213623882,-0.10193438972346486,0.18802130436524744,-1.2038046434521676,-1.307428308390081,109.8479348467663,54.16778692509979,130.48705173376948,65.49722649436444,0.18603309079668787,0.3292445002589374,-0.3292445002589374,0.1368648591451347,-0.10303252208977942,-0.026145979762077554,0.1936073905578605,47.758865607890186,246.6789385998011,-199.05736878013485,544349.5168426528,589.329360533972,635.3128209595676,0.046515496185562714,0.012211279227910965,0.025346995677397406,0.07927976046480832,0.012006889254716614,0.0005413074124966234,0.0005763230215570795,0.0011425646019704993,0.001203744405141993,33,True,True,True,True,True
8,sobol,True,69.56179729662836,238.12919694930315,368.08078633621335,0.30756602799519894,-0.584071837645024,-1.1798906933516264,-0.9634942002594472,0.1626811277121305,0.09605512926355009,-0.8765427449718118,-1.37318824660033,110.43820270337164,58.12919694930315,129.9515893869102,61.481010960415006,0.4022752015786415,0.7467529653571545,0.7467529653571545,-0.21151089873164886,0.08695145528763537,-0.19329755324870357,0.1939700703155538,50.95518860606857,262.6961392712484,-211.6956141420881,506242.56459452887,587.5975881482619,700.1317166505138,0.045516206570990925,0.01345715623277209,0.02945064342583415,0.06419688569539977,0.012310550353119004,0.00044970835136149757,0.0006231316211888894,0.001033617947997354,0.001287884715858829,22,True,True,True,True,True
9,sobol,True,76.495530041866,232.45085986796767,363.8222065605223,-0.2592808828223497,0.28996897521428766,-0.6200581530109048,-1.6649734303355217,-0.3430050428956747,-0.5880149989388883,-1.3700414620339871,-0.44506010357290515,103.504469958134,52.450859867967665,131.37134669255465,72.67332348134369,0.3957055123240371,0.6329740181099623,-0.6329740181099623,-0.32873411611653863,0.29493196830153456,0.17499804943799968,0.1843506834757327,51.47512954196527,279.2239690759882,-227.70124768255465,474713.6396580114,583.8951889764139,772.2812095378707,0.040312506755596916,0.014843933855910539,0.03511517978771127,0.06428807676763613,0.010135165711981895,0.0005025183066113216,0.0005230310794607029,0.0008974328487957063,0.0011250013038773682,22,True,True,True,True,True
10,sobol,True,73.85193198453635,241.26681978348643,371.01526260748506,0.05398298283107583,-0.03356720563024285,-1.0184873387217523,-0.5084194188937545,-0.5188288568519056,-0.14530695914290848,-1.7724886789917946,-0.8292274188250305,106.14806801546365,61.266819783486426,129.74844282399863,62.836669377051294,0.6908121602003126,1.26406926009804,-0.48526165122166276,-0.1992899419739843,-1.26406926009804,0.18925991989672186,0.1888192472559205,53.16069000239252,281.542749348746,-228.34635420945486,446392.0778320111,581.274894068322,659.5636973453238,0.04646314442819093,0.01267740270802702,0.03369317720764467,0.06752116488445888,0.012723767582824936,0.00047249464574583474,0.0005997145225292728,0.0009703106286923634,0.001218784821389089,22,True,True,True,True,True
11,sobol,True,66.81476923637092,235.80982577055693,366.8379703052342,-0.48317753393203017,-0.17237314521335068,-1.5798552921041846,-1.2071004061028363,-0.01699846899136903,0.12056492925621565,-0.5571094544604422,-1.7546632908284665,113.18523076362908,55.80982577055693,131.02814453467727,59.97679893113673,0.45871895685230557,0.6499909516423941,0.15537467622198164,0.6037424631882458,0.6499909516423941,-0.17480799872428188,0.1980422147939076,47.50887518452692,239.89266750004273,-192.40214067365028,546364.6680512205,587.9188680699331,548.4621081323605,0.0436113443674766,0.01054193104149426,0.022712445219369794,0.07960160589644649,0.011864485796076542,0.0005378825740973885,0.0006683372544752462,0.0012170754216229895,0.0014735223279618952,32,True,True,True,True,True
12,sobol,True,68.52896802593023,244.17378763202578,362.99395002797246,-0.4699406378902495,-0.28704780838452276,-1.415034953132272,-0.7187956770882011,-0.45799030335620045,-0.34421799089759586,-1.1750155961140991,-1.0488832918927073,111.47103197406977,64.17378763202578,118.82016239594668,65.53501799795777,0.3111395081384198,0.456219919025898,-0.17094249497167768,0.12572264699265362,-0.456219919025898,0.36615166123956455,0.19169122958879278,51.99652355234572,271.25144777821225,-219.2008626739296,461902.2685963173,582.1938682972874,557.2649928326668,0.04152559870630902,0.010711130339131899,0.029348599484601334,0.07921594206200004,0.012076542593790247,0.00048573496389866047,0.0005109486341282472,0.0010546918591373329,0.0010488960443266655,22,True,True,True,True,True
13,sobol,True,75.6531304307282,234.83598854392767,370.3589168526232,-0.07936556045897303,0.11176650505512953,-0.5708514453843236,-1.4174764348194004,0.047581061255186796,0.3361774394288659,-0.9903944451361896,-1.53438390288502,104.3468695692718,54.83598854392767,135.52292830869555,65.29421357810497,0.5673600220584548,0.9635324575006963,-0.06418544379994273,0.41554299988783894,0.42708198968321087,-0.9635324575006963,0.17666664019658918,44.145346394916544,249.8793566560895,-205.75342517475278,583368.5678913748,596.8230964108008,687.9085290947274,0.04570967739176802,0.013222215662749606,0.027515514768965327,0.07004817489829326,0.011470561429832899,0.00046557753381825143,0.000648366962286778,0.0008352449052917867,0.0014125502887425189,22,True,True,True,True,True
14,sobol,False,78.53199331089854,240.96121314913034,365.9781744815409,-0.21534245680086317,0.14491791944019494,-0.7833404503762722,-0.8296804420650007,0.3430246332660317,-0.10279746432788672,-0.577308800444007,-1.1502399500459433,101.46800668910146,60.961213149130344,125.01696133241057,72.55381882935762,0.25010964282987197,0.36689949966967106,0.19810671382583678,0.11254499247297645,0.2523716416209937,-0.36689949966967106,0.14925404178919888,29.463089448252585,197.40228870897317,-167.939270733191,656325.997275509,600.274470431035,716.6076375523746,0.04288866519066819,0.013773838131880815,0.02117505243010686,0.08743939949335515,0.012249425798980165,0.0004774375757659414,0.000600161938734858,0.0009107057872519142,0.0011388621550986276,22,False,True,True,True,True
15,sobol,True,71.50947902817279,231.4348010951653,373.42445166781545,0.14554356168955562,-0.46959288259968157,-1.629064711742103,-1.5311599016189577,-0.1589228821918368,-0.3724600173998624,-1.4838104588910939,-0.6674302853643896,108.49052097182721,51.43480109516531,141.98965057265013,58.085027360357344,0.5682926835760537,0.9616344263777135,0.31067000040784476,-0.518003579089418,0.04734944272786379,0.9616344263777135,0.169993861393195,52.27438553776189,307.5074894431128,-255.211111615403,441184.5484789249,581.1192941295099,584.7134804939141,0.03948448012305953,0.011238714760785954,0.03636752033961033,0.08551032222006669,0.009240051020390636,0.0005560350090089532,0.0005300792713445946,0.00138496749096842,0.0010648492325792075,22,True,True,True,True,True
16,sobol,True,71.02877120953053,240.74405565392226,363.87605595216155,-0.5519350716844201,-0.10361037058755757,-0.5020296750590207,-1.2784745194017888,0.30671661756932733,-0.5525867655873299,-0.6699871005490423,-0.7089909425005319,108.97122879046947,60.74405565392226,123.13200029823929,67.15271525736898,0.38126715274132844,0.6084874188527465,0.4103269881568849,-0.0006516939029097557,0.6084874188527465,-0.2069612674415111,0.18765947954400986,47.09234465637384,250.9457277127839,-203.86217954128907,521559.9611483206,591.9157329137344,723.7399272405881,0.03979202294287618,0.013910927102925944,0.028927993983079228,0.0683078043194072,0.011272541957388941,0.00041380980829716575,0.0005384127174895527,0.0008478275779366383,0.0008836806067880919,32,True,True,True,True,True
17,sobol,True,79.00720818899572,231.18366814218462,368.7213170044124,0.007491324888542317,-0.19046500069089234,-1.384692018479109,-0.5798790231347086,-0.13771224431693552,0.06955709308385849,-1.576397429406643,-1.1070342363789678,100.99279181100428,51.183668142184615,137.5376488622278,70.2858911845833,0.5188395202001892,0.9965184062719343,0.05275275637395682,0.06206576819531617,-0.9965184062719343,0.27765778210014114,0.200405445539572,51.72314733925226,258.092524382223,-206.31630872007716,489316.21544808743,585.8086157576868,617.9177820185464,0.045236168652036855,0.011876931060077102,0.028788372864530377,0.07412025302094183,0.012105036568550408,0.0005631479111298949,0.0005911544691729666,0.0013874260422834257,0.0011602844410061157,22,True,True,True,True,True
18,sobol,True,76.02581004612148,244.862902155146,366.96576131507754,-0.33153166552074254,-0.5066052405163646,-1.6970267744734884,-1.5619403814896942,-0.43654053350910543,0.16376123926602304,-1.2559869699180126,-1.4884658414870502,103.97418995387852,64.862902155146,122.10285915993154,69.06004873104393,0.31117891859854896,0.4952929047867656,0.07006470700725914,0.4952929047867656,0.30595341157168154,0.20856093298643819,0.1917475009221794,50.24227666225312,262.0231107087227,-211.74551088032274,484399.06209502526,582.6288551847322,566.44693157008,0.0469964992914727,0.010887615393544582,0.02880003112155354,0.07504124739791317,0.012406295890175327,0.0005352333344804362,0.0005885109684269197,0.0012747334536454835,0.0013330905848625255,22,True,True,True,True,True
19,sobol,True,68.15079502295703,235.55358357261866,371.6813723407686,0.25758061548694966,0.30063688890077167,-0.8131761554628611,-0.8607174573466183,0.011512177530676126,-0.1640369186643511,-1.0714461335912349,-1.0931990265846254,111.84920497704297,55.55358357261866,136.1277887681499,56.46942268218845,0.30990878786013354,0.42161753415130077,-0.28912471137009554,-0.42161753415130077,-0.21072867624461655,-0.28002287112176427,0.19166875741170056,50.0174190809875,260.95760079224135,-210.88395652585822,520227.69473030214,588.3520382604563,675.2204904791026,0.043242432486765424,0.012978340240629372,0.028124907633968594,0.06614399823526816,0.011320057582523945,0.0004834783828407798,0.0005758597738302187,0.0008717411334512455,0.0011850584773175686,28,True,True,True,True,True
20,sobol,True,66.34870985522866,241.9545619096607,370.8375382088125,0.21430831905454395,0.193622942501679,-0.6059506377205255,-1.7883807172998787,-0.482768211979419,0.3044601081870496,-1.6894774867221714,-1.7990437721833588,113.65129014477134,61.9545619096607,128.88297629915178,55.51117164641619,0.6890002567969623,1.1930931344628333,-0.676391154481098,0.09015178913250566,0.09890323057770734,-1.1930931344628333,0.1677125285176064,49.192096925269446,293.31199857323287,-244.096527638802,499907.7035146772,587.0018642367388,632.5066603305318,0.04933341797891538,0.012157342317039606,0.03457324595348269,0.10335568522844117,0.011322113496217508,0.000546759223763689,0.0006570512643103611,0.001104919681696167,0.0015688948766561601,22,True,True,True,True,True
21,sobol,True,74.31249842513353,236.5278812451288,363.30922977253795,-0.1688435226213187,-0.36893292609602213,-1.1167086079716684,-1.087157647125423,-0.038454609084874414,-0.32143092760816216,-0.47401869855821155,-0.7833727793768048,105.68750157486647,56.52788124512881,126.78134852740914,71.00326865259558,0.39355780358489567,0.6131389485672114,0.3304783170111477,-0.15258740498684348,0.6131389485672114,0.33333582859486355,0.19966798309696385,52.4470940265238,262.6715270672823,-210.17036918595926,461752.7949080399,583.5340461969984,653.8585952539562,0.04043492452098832,0.012567745555891784,0.030942040703227976,0.06981865903376297,0.01171604839335467,0.00047332432096697116,0.000500385771022957,0.0010838017653207364,0.0009162369633276302,23,True,True,True,True,True
22,sobol,True,77.05863934475929,237.9070049477741,373.87747107073665,-0.007107501523569204,-0.3283330232370645,-1.5931138643994929,-1.1504716835916042,0.1414497369900346,-0.4119454252999276,-0.7831925857812168,-0.4019618663936855,102.94136065524071,57.90700494777411,135.97046612296253,63.18116827402264,0.6961189920508892,1.1911519980058074,0.4697827602270991,-0.4048379237763584,0.3672790978103875,1.1911519980058074,0.1910553463865915,49.42630115098696,258.7014814595932,-209.2171790333706,511458.91167671786,586.3675462823581,653.4285914599521,0.03954648593694144,0.012559480499333168,0.034897720134134,0.07313561263671971,0.010665264657374022,0.0005563361832158883,0.0005295896732708955,0.0013503888719096756,0.0008148407838168283,24,True,True,True,True,True
23,sobol,True,68.99319460615516,232.20384947024286,366.2195354960859,-0.4199480057694018,0.0036862307228148206,-1.0811515968292953,-0.4518763333559037,-0.3067196486517787,-0.08777847769670188,-1.276781881414354,-1.4148550555109978,111.00680539384484,52.20384947024286,134.01568602584302,62.773659110069275,0.49962875389735567,0.8249055480584502,-0.3104058793745935,0.3321695280726999,-0.8249055480584502,-0.3337034586817025,0.19778940851685056,52.976640260857025,267.8436659379752,-214.8113348224189,477199.5814692712,583.4198471381255,590.5824829576785,0.04136566138731447,0.011351522224306174,0.02864756976025396,0.0629962575049878,0.011636471802191196,0.0004965143176864676,0.0005828549346934051,0.0010526336640142222,0.001282574653531058,23,True,True,True,True,True
24,sobol,True,70.51192179787904,243.59388392884284,372.6464015394449,-0.20135758854448793,-0.15434603886678816,-0.8549413582310081,-1.703307925723493,-0.582446857681498,0.2528187050018459,-0.9553333278745414,-1.349010241776705,109.48807820212096,63.59388392884284,129.05251761060208,57.86552025843412,0.5461493562672903,0.7479745978489517,-0.4281008188147098,0.4541762935463338,0.7479745978489517,-0.4940688835456968,0.184964912501572,54.469037466956266,294.48308184663586,-239.9901495125473,426421.82507940405,580.3519836823684,604.3344342290492,0.04576424916569476,0.011615846996864196,0.033957257702555414,0.08082473341358555,0.01179773597257007,0.0005017561020242196,0.0005709610917552073,0.0010424747687192907,0.0013452667322680436,22,True,True,True,True,True
25,sobol,True,77.65522310510278,234.4198060967028,365.209668725729,0.12798546650446951,-0.0524048550520092,-1.7430591836571694,-1.0020636601373554,-0.07861377759836619,-0.25342336161993445,-1.1207068337127568,-0.510774275287986,102.34477689489722,54.419806096702814,130.78986262902617,72.44555437937379,0.6478352220709294,1.2322849083691834,-0.026208922546356983,-0.38140882812440396,-0.11864317357540144,1.2322849083691834,0.18554927808289975,44.91291147650999,242.05381955969557,-197.12327963935877,568956.3145791212,589.9272642376073,608.6686468635796,0.043546816422693105,0.011699154430568195,0.02999232201990221,0.08917546798500375,0.011690480508025557,0.0006156101639335406,0.0005037319010985959,0.0015038762457378488,0.0009916234810845722,32,True,True,True,True,True
26,sobol,False,72.78417250141501,239.54824360087514,369.63877525925636,-0.4226877930108458,0.249786751717329,-1.3444701144471765,-1.2451575122773648,0.21966365515254438,-0.4632537654601038,-1.495468336902559,-0.848446578718722,107.21582749858499,59.54824360087514,130.09053165838122,63.14539724215865,0.2789479592990901,0.4960235357284545,-0.030123096564784624,-0.04056597244925797,-0.25031082462519416,0.4960235357284545,0.17557906320538402,39.995350008450025,227.79111175496686,-187.81814172084242,613455.204577959,593.1483970688046,644.1434788910979,0.04187362224903983,0.01238101235183126,0.025948381997963618,0.08837445626426088,0.010648522608843658,0.0005429195012941118,0.0005589259797192848,0.0011358264290819051,0.0011129876951037655,22,False,True,True,True,True
27,sobol,True,65.77359807211906,230.0938567938283,362.2613801509142,-0.12303068256005645,-0.5428471799474209,-0.45513731054961704,-0.5465833574533463,-0.28773529068566855,-0.019437848683446668,-0.651964657381177,-1.6894589303061367,114.22640192788094,50.09385679382831,132.16752335708588,63.512217921204865,0.6345212034767092,1.2343216197565197,0.2551118892617524,0.10359283387660978,-0.10538129992783074,-1.2343216197565197,0.17053935377858054,48.986550474953056,287.2448463628791,-238.20231660601632,497633.74172516784,607.4395723735788,677.2332232577126,0.0404073627796765,0.013017026760340483,0.029162385651028733,0.06109354578232933,0.011605674767360994,0.0003813804948204482,0.0006193726721608335,0.0007698615078188307,0.0013655095921635612,25,True,True,True,True,True
28,sobol,True,67.80917062424123,238.6342634446919,367.6050340384245,0.10114885084331038,-0.45144163961522277,-0.947911417298019,-1.379312524944544,0.288707574410364,-0.5009159088600427,-1.4452096387743951,-0.9843862108886243,112.19082937575877,58.634263444691896,128.9707705937326,60.20413658581674,0.4785330903077476,0.7401492140255868,0.7401492140255868,-0.602064759703353,-0.0658971138298512,-0.03647479359060535,0.1872607732354394,52.204725186720516,278.7808908654057,-226.54477672694574,477567.79318969115,584.22421159995,693.8537819678937,0.04331130317033534,0.013336488727167101,0.032916456143199276,0.07291019827186702,0.010899474625069912,0.0004720401304760306,0.0005772887733936655,0.0008993707449133916,0.0011143460723354976,22,True,True,True,True,True
29,sobol,True,74.73274539690465,232.82470632810146,371.79475462436676,-0.526929629361257,0.12572241611778734,-1.4641515724360943,-0.6807385578751566,-0.21500979368574918,0.001520997239276789,-0.8887136938050391,-1.554311041161418,105.26725460309535,52.824706328101456,138.9700482962653,62.93799077253789,0.33419339106196566,0.5284506266005338,-0.3407322098035365,0.5284506266005338,-0.20797513592988248,-0.09015946872532377,0.20085022453840667,47.40397403932041,236.0165349491845,-188.6094372286008,536531.4988090865,588.6293959024132,636.8420260619828,0.03899235796980373,0.012240671914295183,0.02484883460954016,0.08678685817411966,0.010669580559838097,0.0005798273921325027,0.0006351854063187313,0.0013283752338523176,0.001448059831482931,22,True,True,True,True,True
30,sobol,True,79.36853073071688,242.7550843032077,364.55333441495895,0.32163787311874326,0.07123186714015906,-1.2514813216403127,-1.4925904130563141,-0.39540698449127376,0.2150981234386563,-0.5026301691308619,-1.216619380749762,100.63146926928312,62.755084303207695,121.79825011175126,74.81519631575793,0.550077079960026,0.9899602439254522,-0.4666388516314328,-0.10653974968008695,0.9899602439254522,0.03486194089055061,0.19795056578469195,46.118995857607445,232.98238969304302,-186.80698605747023,535894.4223098912,587.0614520264047,661.0906318804131,0.04942034762681632,0.012706751752081495,0.02712808588475031,0.0793165943220316,0.01391627337544679,0.0005256054746259552,0.0005357801458245203,0.0011363409323448428,0.0011550331064798102,26,True,True,True,True,True
31,sobol,True,72.31401096098125,237.19264829531312,368.8023698180914,-0.27675200467929245,-0.24570082956925032,-0.7340635720640423,-0.7913459597155452,0.11210818295367064,-0.2324069870635867,-1.7372562877833844,-0.6439168198034169,107.68598903901875,57.19264829531312,131.60972152277827,63.51164114288986,0.508150212958361,0.9459103280678391,0.35780901252292097,0.04434501761570575,-0.9459103280678391,0.0901467522606254,0.1881188867548386,52.969096397427506,281.57245299063567,-228.5596261814479,458428.20348119084,583.7575144710311,688.9094800710182,0.043447574513513894,0.01324145483353554,0.0334990602975684,0.06806110726114831,0.011559285516893848,0.0004235644887484685,0.0005948449530911727,0.0008594248218358754,0.0012316694417826653,22,True,True,True,True,True
32,sobol,True,72.10318537894636,238.92912433948368,371.1917230039835,-0.4053441344760358,0.2062159074936062,-0.48459529634565124,-1.557753017731011,-0.08823568709194662,0.06364467451348899,-0.45859516933560385,-0.9067498000338675,107.89681462105364,58.92912433948368,132.26259866449982,60.911462374962866,0.6505794811521596,1.0991578483954072,-0.2944515945855528,0.4689888089895248,1.0991578483954072,-0.4221545036882163,0.19180342329368955,51.11868527744732,266.5160214537691,-215.34066981081412,491770.19578174775,586.1383990566184,710.7131998814579,0.044213963219392485,0.013660541780986517,0.030787972401553076,0.058987780848145516,0.012045962836485184,0.00045404896445415307,0.0005350917749020259,0.0009234923520367154,0.0010732449567488931,29,True,True,True,True,True
33,sobol,True,79.11016196012497,233.4600140620023,366.6614175736904,-0.024046053970232628,-0.41130091827362775,-1.3289817512035371,-0.8590936118736864,-0.5956341799348592,-0.5610504536889493,-1.69584400895983,-1.6544085880741477,100.88983803987503,53.4600140620023,133.2014035116881,72.44874438643456,0.5311323587043434,0.8367503970861435,-0.18433326166123148,-0.5370043997187167,-0.8367503970861435,-0.3254268368706106,0.1889714069978328,51.72243161915785,273.70506703033135,-221.94643142155775,492556.09172050375,585.8287873735306,602.619164615977,0.04275815957105922,0.01158287798458338,0.03113979419285416,0.07679318114202757,0.011405805353287234,0.0005290153702751437,0.0006065306099243185,0.00131712305342268,0.0014170031137538338,22,True,True,True,True,True
34,sobol,True,74.6062134578824,242.33937469311059,368.28078785538673,-0.18112812167964876,-0.34150586468167604,-1.7178736561909318,-1.3156446140259506,-0.2968276380561292,-0.17041331767104567,-1.315618939884007,-1.2921169012784959,105.3937865421176,62.339374693110585,125.94141316227615,66.32542560249567,0.2141143187482309,0.4257567549124359,0.044678226625546824,0.010714804008603085,2.567414194354356e-05,0.4257567549124359,0.1957593278971814,50.38009877215027,257.3573341987126,-206.93640447124974,507888.47670763364,583.835639119642,540.4896174208666,0.04419275124963862,0.010388692657176853,0.028535685595838713,0.07858742662581306,0.011631876827405373,0.0005523536568123078,0.0005689336547103168,0.0013015596670416746,0.0012467833314150198,22,True,True,True,True,True
35,sobol,True,67.46650999877602,236.6781892767176,363.6222972422838,0.22985544688999648,0.0464021940715611,-0.8723096068948508,-0.614143802598119,0.20700498903170228,0.15483357072807846,-0.7564899265766145,-0.547149132564664,112.53349000122398,56.6781892767176,126.94410796556622,63.8442127564922,0.19837672036443477,0.3251604743301868,0.16060279496014118,-0.07502187616191802,-0.14234612397849555,0.3251604743301868,0.192043844159223,49.55625069665745,258.04654616042006,-208.43261211749157,504037.03357705136,589.886242237594,664.093676146009,0.04537276667682674,0.01276447294210184,0.029302654018713275,0.061339237373842746,0.012884850651368714,0.0004572670541077455,0.0005128108217669015,0.0008810251095794152,0.0008355806937454494,29,True,True,True,True,True
36,sobol,True,65.5188271496445,243.31377875991166,365.77827374637127,0.24575860956683748,-0.090226489957422,-0.7088340474292638,-1.1818311896175147,-0.23572815926745533,-0.3118075361475348,-1.5382449869066477,-1.253015266545117,114.4811728503555,63.313778759911656,122.46449498645961,59.740553403273225,0.4345154590907159,0.5575661457143724,-0.14550166931003333,-0.5575661457143724,-0.356413797289133,-0.5441812191158533,0.1868391559032162,53.18020076466707,284.6309196141666,-231.42413918745157,458909.07477356633,580.965011056752,583.9904014916008,0.04710014566830951,0.01122481653724979,0.03030613189481503,0.07599196741768238,0.012274536268554851,0.00047677231954177724,0.000565377273952083,0.0008854672170282729,0.0011905646510020581,22,True,True,True,True,True
37,sobol,True,72.56974907126278,233.76972833182663,373.62444460392,-0.31552132167853414,-0.23344817464239898,-1.2688054479658604,-0.4803306076675655,0.2717874611727893,0.30921289417892694,-0.697373708151281,-0.5870451753959061,107.43025092873722,53.76972833182663,139.85471627209336,58.945304467342794,0.5379267294164831,0.6817602725699543,0.5052356358151883,0.6247342158574611,-0.21704310048371545,0.6817602725699543,0.19528834561471364,51.173596543176586,262.0412210574895,-210.8083551977763,488886.81231678,588.6796093750395,668.6785606209052,0.0407325844093027,0.012852598512220365,0.03253682029506596,0.06577675703142577,0.011389224126601493,0.0005103081195071515,0.0005559464337715069,0.0011763550250842474,0.0009196071225203553,29,True,True,True,True,True
38,sobol,True,77.30896463152021,239.94919748511165,362.81738299131393,0.020704981917515353,-0.5194093579426408,-1.4936535554006696,-1.7681289421394468,0.0919048765674233,-0.07769110579974947,-1.0889207987114788,-0.9493148401379586,102.69103536847979,59.949197485111654,122.86818550620228,74.49158164020628,0.5340915704318444,0.679208143427968,0.6113142345100641,-0.09839608771726482,0.679208143427968,0.5443387152627109,0.1978609612903701,49.87505712338426,252.07123627682324,-202.15967324197484,504877.5401577191,583.9850165086154,691.6495058624442,0.047760125581900015,0.01329412057382431,0.030931321480951814,0.07007332917822674,0.012492524637024724,0.0005212875170622607,0.0005350076134661766,0.0012701442395143272,0.0010024913471666818,22,True,True,True,True,True
39,sobol,True,70.38898770697415,230.62308584339917,370.5353915542364,-0.5702649142593145,0.3432722049299627,-0.9324671763926745,-1.0694693068042398,-0.41181294452399014,-0.40672865887172516,-1.251672251150012,-1.6125925663858653,109.61101229302585,50.62308584339917,139.91230571083724,59.85359615273774,0.5226533623716946,0.7550851494539528,-0.7550851494539528,0.1635362553875893,-0.18220294434577222,-0.6801253899931908,0.19349314475763463,51.386231874156294,265.57133038755245,-214.12976275994387,505189.4001347569,583.8287345752615,694.4642940102107,0.03650722898705868,0.01334822331330291,0.031958005564718006,0.06777042163435094,0.009428110315512843,0.0005219453746913041,0.0006258914460594983,0.0010140820550164976,0.0014591745677230807,29,True,True,True,True,True
40,sobol,True,68.85611893143505,241.67437160853297,362.7055685482919,-0.28857360715046526,-0.4642447944264859,-0.83135475050658,-1.2601107683032753,-0.15090680210851132,-0.2591074811760336,-0.9161858340725304,-1.5026666160672904,111.14388106856495,61.674371608532965,121.03119693975896,66.15055038314313,0.4086541726319528,0.6713118655607103,0.3133379923179746,0.029466125974431656,0.3439249342307449,-0.6713118655607103,0.1872931177280736,50.4594878668667,269.414533107018,-218.89853582371106,503709.10198348545,592.5426237484813,637.2995362732559,0.04307794065021794,0.012249465668734196,0.027639136764544363,0.07021378666340417,0.011985136963895537,0.00043465711730488154,0.0005987390319528318,0.0008691114642620841,0.0012770453862791867,22,True,True,True,True,True
41,sobol,False,76.72740758396685,235.87788861244917,369.89473409578204,0.33764792676083744,0.1683585815131664,-1.6702591873705388,-0.5586313817650082,0.29714545593596997,0.24411944872699676,-1.4069714967161417,-1.0147297479212285,103.27259241603315,55.87788861244917,134.01684548333287,66.83267348818481,0.5419256018696088,0.8483401149511336,0.12878687442280357,-0.09352847803384068,-0.8483401149511336,0.6555294394493103,0.16052252024784677,33.48635442926677,208.60845180828107,-175.1283053596139,662556.8356511366,597.2895639154153,597.3224601297958,0.049518286739730355,0.011481070598781222,0.024641566104538232,0.10632528388526122,0.013037086144268127,0.0006112887483839726,0.0005900382436211936,0.0014203935201536132,0.0011167978321508973,22,False,True,True,True,True
42,sobol,True,74.08380662091076,238.30804575234652,365.6985827796161,-0.5137164748739451,0.08461489840410652,-1.370102288015187,-1.6775874005630613,-0.0011682412121445385,-0.02558594867587094,-1.7328562032431365,-0.696200111322105,105.91619337908924,58.308045752346516,127.3905370272696,68.38522384129465,0.419174469031152,0.673902176693082,-0.08578313961625106,0.4881305261980742,-0.05526880268007517,0.673902176693082,0.18402431828446195,47.27268472554678,256.88281400110066,-209.55427606451624,547472.1757103781,587.959063698932,630.5149559244468,0.04572816372345878,0.012119059981409372,0.028941863647211283,0.07804234283803688,0.011074007864671095,0.0005410674803657903,0.0006189681880692281,0.0011840363521564855,0.001271134823650446,28,True,True,True,True,True
43,sobol,True,66.10909601207823,232.73299159947783,372.94562118873,0.08281962405890231,-0.28868496613577005,-0.5299935538321734,-0.9789065698161722,-0.4455966501031071,-0.472417002171278,-0.520190033130348,-1.1868279257789256,113.89090398792177,52.73299159947783,140.21262958925217,53.163474823348224,0.49364998756017914,0.6568343719467522,-0.15691168396733707,-0.5552366262301803,0.45871653668582424,-0.6568343719467522,0.17432257707924942,54.353754632277045,311.7998571554337,-257.4200572175926,402799.34978877445,580.3031392978062,586.9633597620513,0.037449876111723346,0.01128195944760152,0.03403110161200663,0.06438562176240945,0.010347428345088004,0.0004140857339886182,0.0005530062614984997,0.0007424818723585456,0.0012568720787145664,22,True,True,True,True,True
44,sobol,True,67.82328963279724,241.03877279907465,369.28908678516746,-0.10842629456892611,-0.16751972967758777,-1.0665177023038268,-1.450121799297631,-0.05533847738988695,0.010916075529530667,-1.1271587217226626,-0.4817338597029448,112.17671036720276,61.03877279907465,128.2503139860928,58.534202847629786,0.3439129710803672,0.584783842600882,0.11218125228770082,0.11934237009845677,0.32296307757496834,0.584783842600882,0.18366183106044556,53.41533626652541,290.8352593356521,-237.38879768655218,446783.5822013956,582.031128230754,614.3948363772786,0.04421353203085565,0.01180921690177427,0.033521862464023444,0.07070209540921336,0.01142476407966232,0.0004730027950851627,0.0005167958850200499,0.0009461898095073348,0.0009522291491459322,22,True,True,True,True,True
45,sobol,True,75.88500800076872,231.81911962572485,364.85475150868297,-0.4396269754040986,-0.00968985431827607,-1.621033787727356,-0.7514408642426134,-0.5035083160270005,-0.4959275688510388,-0.9398245997726918,-1.4020431958138944,104.11499199923128,51.81911962572485,133.0356318829581,71.03025649208575,0.28743335797438485,0.49381846170872445,-0.49381846170872445,-0.05630059344694016,-0.18838373553007848,0.2189905919134616,0.19949432753215351,49.29175478582558,247.08349052120784,-197.73492757883508,515075.20869524684,586.2844751309849,642.6217724286181,0.03737250226626184,0.012351763795996685,0.027513600332464305,0.08442682251013724,0.01056074984730264,0.0006019937801859012,0.0005609344484544321,0.001452319537819527,0.0012559608988393892,29,True,True,True,True,True
46,sobol,True,78.76386797521263,244.44733450654894,372.2382107786834,0.1157004781533032,0.26238067932426923,-1.1349313670769334,-1.3891388695687057,-0.3230748749803752,-0.22254792833700776,-0.6251764655113221,-1.72059618961066,101.23613202478737,64.44733450654894,127.79087627213448,66.52565719652921,0.5881777005561312,0.7639624040573836,-0.5854555543046445,-0.33824840649031096,0.7639624040573836,-0.5856648225337266,0.19474390835776448,42.60148367731964,218.75643780886003,-176.1657734932351,566200.6527490985,587.4159711523793,694.9893241566799,0.044910133882824076,0.01335831486113587,0.025948793556377827,0.08759845289299577,0.012323057658866349,0.0005198837350575769,0.0006593609373386092,0.0010478481113143738,0.0015504933010227584,22,True,True,True,True,True
47,sobol,True,70.80380577594042,235.0389825925231,367.8617254756391,-0.1858101846650243,-0.5852143227588386,-0.5792270060628655,-0.6876595873385669,0.12123918090946972,0.22055044388398526,-1.53439109493047,-0.797594582475722,109.19619422405958,55.0389825925231,132.822742883116,62.94208030030131,0.5976713473258645,0.8467315075919031,0.7064535036683083,0.40636062854900956,-0.8467315075919031,-0.21836757641285653,0.1787364553440389,52.738146956671045,295.0609424090827,-242.28836300253056,439342.56505748956,582.407246533236,735.00039887694,0.04450703386634558,0.014127363414067562,0.03580297703298909,0.07592010472234564,0.011928634602712216,0.0003742557968191312,0.0005995595976656133,0.0007918229859367576,0.0011518349376208159,22,True,True,True,True,True
48,sobol,True,71.26620315946639,244.69934015534818,369.8137851841748,0.036552566848695234,0.012714452715590574,-1.5529608454555275,-0.8972358282655478,-0.35938200592063363,0.2778081907425075,-0.7069065270945432,-0.7545606825500728,108.73379684053361,64.69934015534818,125.1144450288266,61.45241797529161,0.46645688804050034,0.7984001629054547,-0.3720964586362242,0.24125562389381228,0.19032930117100466,0.7984001629054547,0.1869599916098436,46.98710725631687,251.32172317578858,-204.31751448729955,537564.6471511434,587.4855949015016,642.2878727470377,0.04572329794408394,0.012345345946220365,0.028328122874538928,0.07896913180602888,0.012908628428063298,0.0005329026568204115,0.0004957424007484346,0.0011435439895468493,0.0009716570298101669,32,True,True,True,True,True
49,sobol,False,78.30696353223175,235.25526739191264,362.0862780250609,-0.582249355269596,-0.3086304783821106,-1.0368809128180148,-1.5958311680704356,0.14244883493520322,-0.2878088758792728,-1.6160299103707076,-1.7623271688818931,101.69303646776825,55.25526739191264,126.83101063314825,76.22068550717086,0.45189821930221014,0.7254462560638784,0.4510793133173138,0.2944404793903232,-0.020198742300272077,-0.7254462560638784,0.1578591655745719,36.434040878653306,230.800921479862,-194.37784859952373,658584.2499113984,606.5642886939814,732.3202040070114,0.04460097604546933,0.014075847677469519,0.0229162799867422,0.07535340212993802,0.011126939537820743,0.00048181063436397915,0.0006643769634873316,0.0011140993014521726,0.0013997474867313818,22,False,True,True,True,True
50,sobol,True,75.32556069549173,240.3221361292526,372.8449296988547,0.2874233044218272,-0.3849245405290276,-0.6478070944547654,-0.6527349846437576,-0.033889592299237825,-0.4307282499037683,-1.21905696131289,-1.4465305721387267,104.67443930450827,60.32213612925261,132.52279356960207,62.480630996637046,0.6319903015317867,0.7987234776839613,0.35103494822978976,-0.7181515543255954,-0.5663219766691325,-0.7987234776839613,0.18771468908235273,49.3500606559778,262.89930157957605,-213.4943373153007,518163.12791152776,592.6857549998367,693.0372969310599,0.04320269917313987,0.013320795156313093,0.028749584750335382,0.06815312581838827,0.011793771163166827,0.0004032342318051335,0.000635171063482085,0.0008155097590934235,0.001404440029251402,29,True,True,True,True,True
51,sobol,True,68.38823032565415,231.12904674373567,365.01123290136456,-0.3610636563040316,0.1808837759308517,-1.1654277807101607,-1.353958065249026,-0.5395762159023434,-0.046287333127111197,-1.0318030705675483,-0.435986282117665,111.61176967434585,51.12904674373567,133.8821861576289,63.376997424289584,0.5599141617096672,0.7294414985924957,-0.7204599918331951,0.3147763231769204,0.3221549946814777,0.7294414985924957,0.1805274641293081,53.28391882917669,295.1568565268857,-241.83736748929962,446388.82090222137,581.6832175957187,697.0618970842243,0.04053551510755196,0.013398151561897281,0.03462083789466158,0.06529909469498961,0.010502148197047152,0.0005255675990236289,0.0005096522977393477,0.001101595889955452,0.0009520923113169165,22,True,True,True,True,True
52,sobol,False,66.5861418331042,237.5891175819561,364.3548900075257,-0.13955040369182825,0.3092320456169545,-1.6568577755242586,-0.44201713819056754,0.034893401665613055,-0.5259053946007043,-1.63889688719064,-1.1411451000720263,113.4138581668958,57.58911758195609,126.7657724255696,62.23125182557851,0.6933636433636094,1.1968797490000724,-0.27433864395134144,-0.38635499090887604,-1.1968797490000724,0.5157126754522323,0.17074825405419652,37.36839956637091,218.85084432260112,-181.50219070773753,625385.0547258719,593.9890077838419,643.5056043123988,0.046683594405311925,0.012368751833334064,0.021900526793909116,0.09513788175464123,0.012884629593617749,0.00057745396111469,0.0005721596631551889,0.0012241475254443047,0.0012453916699159795,22,False,True,True,True,True
53,sobol,True,73.61225374042988,232.0461221691221,369.00090656057,0.18422613893635564,-0.4864116469863802,-0.7689215349033476,-1.143240031041205,-0.4670536607969552,0.035906511498615123,-0.4261510699987412,-0.7407509148120881,106.38774625957012,52.0461221691221,136.9547843914479,64.61134717985988,0.36653226508653586,0.7170889610424638,0.01935798618942497,-0.14831962743774052,0.7170889610424638,0.02817062009125948,0.17630021185406633,54.482351793973315,309.03168646825816,-254.52705492020493,385631.9114574006,579.468515977792,638.8824543191738,0.04161321634742966,0.012279890765813789,0.03644882314391057,0.06773455853322023,0.011591245467429788,0.00042220418090724933,0.00046321920135031474,0.0009494789906794806,0.0009548646131978684,22,True,True,True,True,True
54,sobol,True,76.35838996618986,241.92042364738882,367.42994621768594,-0.38940957267768683,-0.20694766379892826,-0.5439128763973715,-1.0313911747187376,-0.17213919083587825,0.18257260788232088,-0.8337624467909337,-1.056568198464811,103.64161003381014,61.920423647388816,125.50952257029712,68.92844374850392,0.39694075062111994,0.5719821805600077,0.03480847296305001,0.5719821805600077,0.19762872792780395,-0.5126553220674395,0.19335391131807358,51.41177967116862,265.8946970387092,-214.4281755246652,481529.3107760765,582.6915114970204,679.9735730615057,0.043174888253907265,0.013069698728436021,0.030837849298397193,0.057407910878258396,0.012136466438825643,0.00040632173954606134,0.0005377487162356678,0.0007588809379428918,0.001107657186740076,28,True,True,True,True,True
55,sobol,True,69.23062993679196,236.10103897284716,371.9697502441704,-0.03594352165237069,-0.11591647188179194,-1.4333845300599934,-1.7299867022782565,0.33343172078020866,-0.20555750261992217,-1.3246387714520098,-1.4597388627007604,110.76937006320804,56.101038972847164,135.86871127132326,57.26087969262153,0.31451716831610604,0.4493481926620006,0.4493481926620006,-0.16961398096755148,0.40534793082624665,-0.02635433264076692,0.18573982059328176,46.167009428848935,248.55741370581902,-202.3335809019114,572050.3349734198,590.3343220977514,632.4778553457115,0.04354433894404623,0.012156788659532326,0.02801657569002399,0.07842775154674042,0.010215641240745123,0.000526376880715672,0.0006686381394030892,0.0011774019469749655,0.0013973528863413047,30,True,True,True,True,True
56,sobol,True,69.8057422786951,239.69807984307408,367.1408513262868,0.15736517123878002,-0.27053314982913435,-1.2055282283574345,-0.5100426437333228,0.0539932575076818,-0.5795476868748665,-0.9949657827615739,-1.5695799374952912,110.1942577213049,59.69807984307408,127.44277148321271,62.664890952408314,0.5039945553285698,0.7369128581136465,0.32452640733681615,-0.7369128581136465,-0.4849231390282511,-0.3640517091378568,0.19337616351175843,46.45348511674855,240.2234291607709,-193.7848363767086,542923.7074592048,588.8122591372021,613.9083519122031,0.042609396484230656,0.011799866236327122,0.02387344814471044,0.07910163420470974,0.012119961682344294,0.00047220457745574776,0.0006428963452262106,0.0010295271898828483,0.0013793344662403916,32,True,True,True,True,True
57,sobol,True,77.88671667221934,230.40591303724796,371.5063731893897,-0.23135251752100883,0.06541996840387587,-0.6949091183021665,-1.211287065781653,-0.3884913485497236,0.10197117179632187,-1.1576263176277282,-0.9910672469064594,102.11328332778066,50.405913037247956,141.10046015214175,66.38034348282963,0.319268413153221,0.4539113169535995,-0.4539113169535995,0.3333236893173307,0.05366074815392485,-0.2961581286042929,0.1872435710799766,53.797944993415115,287.31531172537086,-233.48285629312372,450231.87952461187,581.0137663584203,703.0545920113358,0.04028167737447052,0.013513336504918134,0.03540719722963482,0.07058431724577373,0.010230670329914928,0.0004897343257178192,0.0005233190903608757,0.000981679481995684,0.0011248965726394708,22,True,True,True,True,True
58,sobol,True,73.01566942129284,244.03136026579887,364.074503980577,-0.0925787078682333,0.12782338443212204,-0.9949061341583729,-0.9292287062853576,-0.2126457943581045,0.1294962217565626,-1.4558253103867174,-0.6315112702548504,106.98433057870716,64.03136026579887,120.04314371477813,68.94116544071585,0.37901066826558233,0.5265966041013598,-0.34046917879022653,0.2220749296247959,-0.5265966041013598,0.3633948639035225,0.19236890338082255,49.185952166395886,255.68556716791724,-206.44311311178987,509405.04015057307,585.6995561014124,670.868064464721,0.04822982126061446,0.012894682729515142,0.0295652106125782,0.06661072385314314,0.013220129950401376,0.00047435632750012375,0.0005918545171687611,0.0009190155494044996,0.0011625283626588634,28,True,True,True,True,True
59,sobol,True,65.06741385906935,234.45885637775064,368.5227781608701,-0.45161141818389294,-0.4228983747772872,-1.5070499761030078,-1.6278027046471835,0.23363661104813216,-0.13892693617381158,-0.6150346018373967,-1.2072462301701308,114.93258614093065,54.458856377750635,134.06392178311944,56.54463569819927,0.6411691058229132,1.0127681028097868,0.6565349858254194,0.31268448201008137,1.0127681028097868,0.29980374593287706,0.1983079174905203,53.217925186868,268.36006277667644,-215.10097370337394,477631.9686686032,586.2726158562346,633.1603472629763,0.0424916414961456,0.012169906763083148,0.0309615744697465,0.06536799151364449,0.0111923841200581,0.0005087567509082712,0.000605635092607186,0.0011772043237462104,0.0012040140227887986,22,True,True,True,True,True
60,sobol,True,67.10299113299698,243.05741485673934,373.67894653230906,-0.497781914845109,-0.5671884550713002,-1.2984795954078436,-0.8012255366891624,-0.25867053093388676,0.3314210294745862,-1.397342036291957,-0.50148757789284,112.89700886700302,63.05741485673934,130.6215316755697,53.42404460068792,0.6658288048484826,0.8292029443196951,0.30851792413741347,0.8292029443196951,-0.5961164996027947,0.7969920175150036,0.1716749349878889,53.04700694488924,308.99680811663933,-255.9152778070468,407835.9041351406,579.7345285433652,565.0960835864399,0.04227777408451261,0.01086165089010866,0.03571940869725338,0.07444521557320778,0.011369669697228612,0.0004495329988395848,0.0005710971358919583,0.00100025938734513,0.0010250807644936132,22,True,True,True,True,True
61,sobol,False,74.96423893608153,237.365946713835,366.4179692193866,0.07092215814627711,0.24354179124347863,-0.41602019909769306,-1.499799681082368,0.18393074972555035,-0.35384500632062554,-0.8381330369040371,-1.3366891322657466,105.03576106391847,57.365946713835,129.05202250555158,68.54626971669495,0.606097074072941,0.9206689331680535,-0.05961104151792829,-0.42476716446690266,0.6616666441783309,-0.9206689331680535,0.16872973394355242,38.75606119207436,229.69313283597057,-190.94287382149906,614551.5657765055,600.2510597905423,732.8561099727061,0.0443801104394818,0.01408614826825111,0.024561748578441612,0.07910798282825307,0.011646013422390258,0.00046983726325022546,0.0006133357052057461,0.0008626042345542704,0.0012438924885744835,22,False,True,True,True,True
62,sobol,True,79.60002762265503,238.68212746456265,370.66253047436476,-0.24699588739313183,-0.04987082500010731,-0.9019413739442826,-0.7364833133295179,-0.11153454836457966,-0.37768040779046713,-0.5504870226606728,-1.6962257571518422,100.39997237734497,58.682127464562654,131.9804030098021,68.93749714829028,0.4142351868807847,0.7942843832075596,-0.061663723364472345,-0.1306845203973353,0.18599629066884504,-0.7942843832075596,0.18295978289824139,41.14471385120595,224.88392366583548,-183.7501146857128,586596.2022186503,594.2090074380453,635.7501175258286,0.0382583175150877,0.012219684458058773,0.025128970296520364,0.0732221109212454,0.011030182182658943,0.00048014337390436324,0.0006651538435449578,0.0010125728138710168,0.0015081427096258937,22,True,True,True,True,True
63,sobol,True,71.60782677587122,233.23780853766948,363.48432836681604,0.2920186170376837,-0.12629381916485727,-1.7859522050246597,-1.4377275893464685,-0.557701694779098,-0.11288846018724141,-1.7878261957317592,-0.8638005878776313,108.39217322412878,53.23780853766948,130.24651982914656,68.12349840905517,0.5751076280855232,0.9221516171470284,-0.43140787561424077,-0.40490707722492514,-0.35009860638529067,0.9221516171470284,0.17331849487969173,49.52249316320871,285.7311517595657,-236.1832893729332,502262.9815415923,583.9165458309853,633.2006277981543,0.047271752842245635,0.012170680990906485,0.030598771838132286,0.08489085828451494,0.011397143915601432,0.0005988397668145351,0.000629280162494271,0.0014368157081840684,0.0013281904986514716,22,True,True,True,True,True
64,sobol,True,71.77317223511636,240.03089680336416,370.30660946294665,-0.2363868312444538,-0.4179709378629923,-1.4277026185765864,-1.15883360337466,-0.5278509642928838,0.14634817335754635,-0.5245882088318468,-1.736400274001062,108.22682776488364,60.03089680336416,130.2757126595825,61.46656277216971,0.4050065329470822,0.6342453945428133,-0.10988002642989153,0.38273500460200016,0.6342453945428133,-0.3086976554244756,0.1959094992509199,52.58828089119582,268.4315007300438,-215.80163843127116,477278.7270463084,582.0626885246119,543.2900197446335,0.043148575457334415,0.010442518888283535,0.02869146932762966,0.0674949674204619,0.012080478738257027,0.0005001094616265364,0.0006399165020960182,0.001155362825443815,0.0015241992545607184,22,True,True,True,True,True
65,sobol,True,79.67453691642731,230.49056581687182,363.04657923802733,0.16717496141791344,0.21114619155414405,-0.5601914923638107,-0.45752507355064176,-0.022193219140172027,-0.17805093433707952,-1.7154591538012027,-0.8243362085893752,100.32546308357269,50.49056581687182,132.5560134211555,76.62795767839998,0.6756106091989521,1.257934080250561,-0.23333941069431607,-0.34522589575499296,-1.257934080250561,-0.26414471622556446,0.1842568968743551,45.69040024967428,247.9711805894061,-202.3173000434427,543475.8890168465,592.0582751147263,770.0525601084863,0.04788287916923588,0.014801097225536491,0.029105430466594806,0.07073041915762891,0.013107059584094355,0.0005050126821872907,0.000613722338729866,0.000924177491296681,0.0012999079404347228,26,True,True,True,True,True
66,sobol,True,74.92067336570472,243.22887330781668,373.2908783517778,-0.46152944592759015,0.045299033727496885,-0.774260981939733,-1.7895891100168229,0.15394944334402683,-0.5701736666727811,-1.4230758816003801,-0.4647308681160214,105.07932663429528,63.228873307816684,130.0620050439611,61.62979501392692,0.2518676816202969,0.36651322841644274,0.10865040961652994,-0.10864422074519098,0.36651322841644274,0.30953011382371165,0.18546014138554653,49.4595100499883,266.68538954237437,-217.167809160397,511348.03673885955,586.2765882975639,713.6485638072996,0.040827292436015565,0.013716962094494202,0.03268332505163131,0.0671695176886005,0.0100683063226033,0.00048684400276417957,0.0005307830767410303,0.0010228341963310138,0.0010402502373604056,28,True,True,True,True,True
67,sobol,True,66.91765966825187,233.9063664432615,366.1121583096683,-0.08765359432436526,-0.3384305963758379,-1.640236695110798,-1.091079219430685,-0.34791027596220375,0.05548520903103049,-0.9103247629478575,-1.3741025790572168,113.08234033174813,53.906366443261504,132.2057918664068,60.80550135858357,0.17612362321470273,0.2661341160535813,-0.009479679586365863,0.14313880335539575,0.18075445648282762,0.2661341160535813,0.19608841678197422,54.51867910578592,278.03110454200805,-223.48282301868355,456003.35809309105,583.1303353243818,519.977854927217,0.04261434232164829,0.009994438282004267,0.027550256022297482,0.0697400776549758,0.011370216999360278,0.0005426692906681233,0.0005720226587290558,0.0012756785318283489,0.0012593722638721487,22,True,True,True,True,True
68,sobol,True,65.14486872125417,242.2118918551132,363.76812390610576,0.0768900810275227,-0.23977029384113846,-1.1706833692267538,-1.5785294666886331,0.3228697593323886,-0.3981635360978544,-1.5175921013578773,-0.6791996648535135,114.85513127874583,62.21189185511321,121.55623205099255,61.37674481514841,0.4437086213769432,0.562640053173527,0.562640053173527,-0.4750536171253771,0.06093736533075589,0.4914837043732403,0.18639272881012842,50.64941590403599,271.7349342292785,-221.0491316609502,494197.54517077055,586.5760063298793,641.2343528619875,0.04713406643403582,0.012325096354107501,0.032297802823629186,0.0717819558162379,0.011882195813501951,0.0005130722736559237,0.000561837962855462,0.0010381520335398724,0.001195739960573805,22,True,True,True,True,True
69,sobol,True,73.17806931212544,236.73929101787508,368.13454708084464,-0.5066571615636348,-0.08587603988125925,-0.6312732104212047,-0.8800193883478643,-0.18267227383330464,-0.07013321807608008,-0.6303435955196621,-1.158890104480088,106.82193068787456,56.739291017875075,131.39525606296957,65.0435222312808,0.3676412152377502,0.5276168940588832,-0.0967962339520454,0.43652394348755474,0.24967579282820218,-0.5276168940588832,0.1944376800307182,51.99524393024681,267.41341452969584,-215.36255473131683,478319.92617275857,583.2528976837733,648.8905141345764,0.03918960087996264,0.012472254604388508,0.029991508766200003,0.057930362334075156,0.011129378787839608,0.00043325126749374265,0.0005557052212269693,0.0008215580337141803,0.0011723208840531548,29,True,True,True,True,True
70,sobol,True,77.69666669890285,239.05981331132352,366.7025559209287,0.3010175597853958,0.3425169449765235,-1.0312828598544002,-1.2933307467028499,-0.4778548462316394,0.31829986930824816,-0.9333652954548598,-1.5184734124690296,102.30333330109715,59.05981331132352,127.6427426096052,70.99411077797413,0.5099603697057377,0.820371791208163,-0.820371791208163,0.017282309522852368,0.35996545124799006,-0.4871905526146294,0.19752927645911297,47.38418482961025,239.884363872605,-192.53961445000672,536522.4734495942,586.8392642348443,739.5453286441376,0.048563616246835604,0.014214721019057602,0.029212255313766398,0.08076056285247167,0.012895642765669334,0.000529185240982825,0.0005900033131003798,0.0010510720971952843,0.0013450707583121655,32,True,True,True,True,True
71,sobol,True,69.76689521688968,233.3947942359373,371.15026639029384,-0.25284107686020435,-0.5169139236211776,-1.5691522650420666,-0.5920224046334626,0.02412109468132262,-0.30361182927154,-1.1424939749762417,-1.0414740025997162,110.23310478311032,53.3947942359373,137.75547215435654,58.61662882659584,0.46817727912080037,0.5504715703427792,0.5410350183025002,-0.05077075241133566,-0.5504715703427792,0.5276782624423504,0.199531764125508,54.90304999979406,275.15944762188013,-220.2167108427436,448461.41777220805,583.6646227796256,621.9001998555857,0.03903503416169425,0.011953476683911434,0.03236190782906573,0.06649150227489437,0.010760216190522183,0.0005306225713606315,0.0005673744716506708,0.0012928472080385874,0.0011485150551169248,22,True,True,True,True,True
72,sobol,False,69.4196212477982,244.3216543085873,367.7274257838726,-0.5762808803003281,0.1601812271401286,-1.7696743400767445,-1.4729221597313882,0.2446698574814945,-0.48092776197008785,-0.761571690812707,-0.932306455820799,110.5803787522018,64.32165430858731,123.40577147528529,61.6921954639256,0.5530449821321877,0.8373678842559455,0.08448863034136589,0.09535311833024024,0.7113504689186811,0.8373678842559455,0.1529221251278403,31.638044595335323,206.88990928478435,-175.2626815000715,665653.1492681677,595.0961726873287,568.5172786448603,0.042793488610260194,0.01092740931143002,0.02553097379678767,0.09958126097954963,0.011626544399620868,0.0005699743996292223,0.0005658609820422071,0.0012198604469537398,0.001044329020821496,22,False,True,True,True,True
73,sobol,True,76.39829569030553,235.09828169364482,372.3729245811701,0.027676768042147137,-0.45432770452462135,-0.9076238695532085,-0.7744336105883123,-0.2016416528727859,-0.03319094437174497,-1.298905478976667,-1.5846466403454542,103.60170430969447,55.09828169364482,137.27464288752526,64.02537110913545,0.44748901998146157,0.6770227707922457,0.25268605165183544,-0.060867712413892106,-0.5244718683883547,-0.6770227707922457,0.1861478636749204,50.69338225125587,272.3285739114596,-221.5814954675529,513391.63179544586,593.8024639657966,679.818509068577,0.042503786321859555,0.013066718260147995,0.02948627585153377,0.06872005896049074,0.011261084123688066,0.000444715705415149,0.0006440509441435734,0.00102049172308948,0.0014753883065820484,22,True,True,True,True,True
74,sobol,True,73.53408370632678,241.16765913087875,364.80170281231403,-0.3520650674588978,-0.30242917975410816,-0.4326391933485867,-1.3675354657694698,-0.37816122160293164,0.23497086977586146,-1.7112647948786617,-1.2688246393576266,106.46591629367322,61.16765913087875,123.63404368143529,68.73238089401275,0.5403014171679722,0.8361854460090399,-0.07573204184882348,0.5870359372347593,-0.34372932910919185,-0.8361854460090399,0.17423235221044286,51.04472201346239,292.96925264378626,-241.8920593588303,464884.5303594109,585.2180366961198,651.1519086807982,0.047243153074324966,0.012515720625122484,0.033920055208027454,0.08656526218117364,0.012115368878150947,0.00043321119918957984,0.000638654679143541,0.0008620071520499127,0.0012733645641709904,22,True,True,True,True,True
75,sobol,True,66.42445711418986,231.7557024396956,369.34245374798775,0.28157846885733306,0.09638700406067069,-1.2931382291018965,-0.6662055945023895,0.06429427950643007,-0.26723432922735807,-0.45205049924552454,-0.6137921733781697,113.57554288581014,51.7557024396956,137.58675130829215,57.082003366202116,0.44988856913760433,0.6793460557237267,-0.032092724554240615,-0.5488127980846911,0.21415509525686494,0.6793460557237267,0.19143960728294243,50.42099171917701,263.3780565829107,-212.8999542058055,501310.417011053,588.5193441406391,620.4343577344788,0.04087058772537443,0.011925301890558715,0.028875928153373212,0.06782018408795436,0.011472281619244202,0.0005274073374315947,0.0005133255552350915,0.0011302938343744659,0.0008887699485477928,25,True,True,True,True,True
76,sobol,True,68.43073728960007,238.39160453993827,373.1859302520752,0.17919215080328288,-0.018215109081938907,-1.5235846111550928,-1.2391904992982745,-0.5689704969990999,0.22908294922672212,-1.2341896690428258,-1.3079290695488455,111.56926271039993,58.39160453993827,134.79432571213692,55.24480703752488,0.29679660965711785,0.5507553879171609,-0.5507553879171609,0.04989079842343924,0.005000830255448729,0.21565554160624734,0.1864601001485682,52.92427824439801,283.83701500872763,-230.8862595542994,477107.2233593185,582.6295302619061,642.8888183396928,0.045029010271098825,0.012356896656658744,0.031461670798454404,0.07703445816406221,0.01125244181446389,0.0005372092709011405,0.0005661158070544982,0.0011770436328497347,0.0013302946507897791,22,True,True,True,True,True
77,sobol,True,75.51195076666772,232.59861210361123,365.4578595608473,-0.12974093910306694,-0.1570228057913482,-0.9896511297672987,-0.537860774062574,-0.12277424563653766,-0.21496467464603486,-1.0934043401852251,-0.5738986756652595,104.48804923333228,52.59861210361123,132.85924745723605,70.05409120582044,0.34996957222189906,0.5555435661226511,0.03424856015481054,-0.08522373554296792,-0.5555435661226511,0.4157524541020392,0.19698286533108794,53.429150227200836,271.23755224799555,-217.75258424756842,454747.0820670428,584.0404766204722,657.7335548201199,0.04086573168897203,0.012642225735888501,0.032068511730523726,0.05929566923220402,0.01160962655817967,0.0004878724034304636,0.0005021518797177407,0.0010863522135795632,0.0009762392263564303,22,True,True,True,True,True
78,sobol,True,78.14090284518898,241.58760668709874,370.2163899987936,-0.045862129796296336,-0.5993064367678016,-0.6787156125530602,-1.6997046262025834,0.1719734654296189,-0.48687321469187733,-0.6915980027988555,-0.8897440442815424,101.85909715481102,61.58760668709874,128.62878331169486,67.92451284639537,0.68010576892177,1.008106623403728,0.7712799021974205,-0.441011084895581,1.008106623403728,-0.21102843172848218,0.18824738323169382,49.869661615106935,264.91556354718426,-214.99159128629708,493860.9347989495,586.2648686357688,778.8003005854639,0.042709551379734235,0.014969236602003555,0.0329474755190628,0.07125934924332575,0.011563290846696222,0.0004856697864846114,0.0005598929334262474,0.0009415174299331039,0.0010514870304839802,24,True,True,True,True,True
79,sobol,True,71.19240909349173,236.0163861932233,362.3835943341255,-0.38448387873359025,0.2747326189652085,-1.211124362051487,-1.0012159310281277,-0.2705987102817744,0.019137144833803132,-1.5542638391256334,-1.626465374045074,108.80759090650827,56.0163861932233,126.36720814090222,68.80881475936621,0.48442397087126987,0.5530479080975057,-0.5453313292469829,0.4036210235673934,-0.5530479080975057,-0.415341011993587,0.1927423424095862,46.28858425607614,240.15783806191794,-193.87663653586193,548326.0234658056,588.1377096121769,656.008183142124,0.04602655707010701,0.01260906255290706,0.026167164744988453,0.08100262426312997,0.012112151191557612,0.0005335510403523783,0.0006099354602116484,0.0010965919139129625,0.0013353561905020865,32,True,True,True,True,True
80,sobol,True,70.6440679775551,241.80944175925106,371.91764917224646,0.3426822546403855,-0.3130971217527985,-0.9593400821089746,-0.4197032734751702,0.21011608378030355,-0.0387006819713861,-0.5989352237433196,-1.6694787591695786,109.3559320224449,61.80944175925106,130.1082074129954,58.72641880530864,0.4887806347015887,0.710138677060604,0.523213205533102,-0.3813829366117716,-0.17923195026814942,-0.710138677060604,0.18289657372961407,42.40141629779397,231.83275352373897,-189.44887428389393,576877.476900083,597.7352309222704,676.5208792277425,0.044190031971104986,0.013003334872550211,0.02395095966464254,0.06445847571288196,0.012700726328490269,0.0004307266410679002,0.0006926153529599853,0.0009010538838196885,0.0015155680876482072,22,True,True,True,True,True
81,sobol,True,78.69473734870553,236.26284156925976,367.48236698657274,-0.2983834114857018,0.018920378619805,-1.454816090129316,-1.121118635684252,-0.2936874383594841,-0.42219189410097896,-1.4616813747212292,-0.8479912150651218,101.30526265129447,56.26284156925976,131.21952541731298,71.21237036213279,0.3864167425918218,0.6068248750641941,-0.3126078169792891,-0.12380848261527716,-0.3405627390369772,0.6068248750641941,0.19249340567814482,48.507210177971,251.99413978407455,-203.42922208354034,528536.869049548,585.9860125373793,649.3959995465716,0.04151329313561889,0.01248197048498759,0.02930263745290704,0.07991355692564829,0.010920323299806975,0.0005715465201852845,0.000539681062231363,0.001332156363995702,0.0011233228227242743,26,True,True,True,True,True
82,sobol,True,75.93395223841071,237.70330560393631,368.8660883978009,0.09273766595870259,0.17827305430546403,-1.240906484052539,-1.0521676210686566,-0.5922838611993938,-0.27958440911024807,-1.1532338162884117,-0.529433503933251,104.06604776158929,57.703305603936315,131.1627827938646,67.06786384060979,0.5587463344112488,0.7705569155048578,-0.7705569155048578,-0.37232207506895065,-0.10106619521975513,0.7114729801192881,0.18723892966075095,50.30963287022543,268.69216226229764,-218.3292588344541,496019.5539455365,583.3015262506412,735.8432167620044,0.042396917279903655,0.014143563125758023,0.03366363440062628,0.07071283942618618,0.011354022730449682,0.0005388055323130653,0.000496824688071228,0.0011537279675311826,0.0009682226101810789,22,True,True,True,True,True
83,sobol,True,68.01422875840217,231.88020148780197,364.49012085050344,-0.5186416025739163,-0.38428456787951293,-0.7466454545035959,-1.750912476144731,-0.08485626340843733,0.28686639536172154,-1.0123571578413249,-1.3536975165829064,111.98577124159783,51.88020148780197,132.60991936270148,63.524107907898724,0.642743457478505,0.8055079979356379,0.2994283044710756,0.8055079979356379,0.7385553183034061,-0.6070520620793105,0.17506447083982163,51.390586479127535,293.552348072661,-242.12967738856975,479672.15488821006,590.0121091727062,661.0587136833747,0.04402930051876434,0.012706138255857856,0.03062123514940173,0.08347379234004053,0.010941491996054034,0.00046754153746684135,0.0005849763915764586,0.0009634797945922638,0.0012255728055536887,22,True,True,True,True,True
84,sobol,True,66.03724881075323,240.47890153713524,365.3337892219424,-0.4455948841292411,-0.49122619074769314,-0.8444950126111509,-0.9186959935352207,-0.4160873294342309,-0.21316589578054845,-1.79428049325943,-0.6594544842839243,113.96275118924677,60.47890153713524,124.85488768480718,60.7034595888108,0.4638311374803317,0.8755844997242094,0.07513886131346226,0.23242898834869263,-0.8755844997242094,0.18504052832722662,0.16894927413827818,53.64087501816406,317.4969249898118,-263.82358213833817,368863.0845597618,579.0489600329413,580.4386786791431,0.04315478170741213,0.01115654925604247,0.03526990966683714,0.08077165979924979,0.01162384555873296,0.0003931269215699473,0.0006170077114003,0.0008166763774535278,0.0013048280210917168,22,True,True,True,True,True
85,sobol,False,73.92678539734334,231.03866243269295,372.5220536366105,-0.09955106200650332,0.3160178055055439,-1.7555986909195782,-1.6174410780891777,0.08760138670913875,0.17405799762345853,-0.5351567761972549,-1.2242519859224559,106.07321460265666,51.038662432692945,141.48339120391756,61.40473176073283,0.6286303780681364,1.0822843018919228,-0.22841641879640517,0.27360905962996185,1.0822843018919228,0.5313467049971223,0.1687913254502598,37.49412667469252,222.13301883064756,-184.6483317012996,647484.7851232766,595.7199826882676,686.9672916714861,0.04581267933045836,0.013204124239728112,0.022670944435259462,0.10851180359176772,0.011519781922160037,0.0006445136985511757,0.0006076130884669668,0.0015040745494718554,0.00127192554151274,22,False,True,True,True,True
86,sobol,False,76.92283622454852,244.53936861362308,362.3260242715478,-0.1948091132566333,-0.1188750938978046,-1.3557702872902155,-0.6297374010086061,0.2677377194631845,0.02777626598253846,-0.8549263561144472,-1.542830394394696,103.07716377545148,64.53936861362308,117.78665565792471,74.59681195300072,0.26679358485425825,0.38661281336098907,0.38661281336098907,0.22258537923917177,-0.22518895510584114,-0.1870601071044804,0.14928909900435955,28.0742825633869,188.0531314785889,-159.98018759451745,662081.7335857955,594.574031940219,636.9551286426465,0.04560340867303867,0.01224284584680263,0.019318407474450596,0.08678845529462087,0.013247594679518292,0.0005122518052943974,0.0006394876537608018,0.0011297228018819913,0.0012920006869386587,22,False,True,True,True,True
87,sobol,True,68.9005736541003,235.3497697878629,369.5736262127757,0.1215456534642726,-0.2057278571650386,-0.44584420341998343,-1.3311525337398054,-0.239807005925104,-0.5350578240118921,-1.3921805806457996,-0.9752550786361099,111.0994263458997,55.3497697878629,134.2238564249128,59.32694744132459,0.42316953231543863,0.6566034774761647,-0.0340791487600654,-0.6566034774761647,-0.06102804690599428,-0.5294108752161265,0.17331023872783846,53.30514816562248,307.57068109133115,-254.24234672164135,423176.04706374364,579.5254740619996,642.8766129922865,0.04051177577650961,0.01235666205899231,0.0346663735124975,0.07955739822809199,0.010142267120069702,0.000456906195230754,0.0005247485256663178,0.0008384043993147895,0.0010907951734394174,22,True,True,True,True,True
88,sobol,True,70.19438873510808,238.83709023240954,363.1502448953688,-0.030014543095603585,0.05503923781216147,-0.6180625520646574,-0.8233427597209813,-0.441778714582324,-0.13137289891019466,-1.0163872914388776,-1.0845088152214886,109.80561126489192,58.83709023240954,124.31315466295928,67.04414383973926,0.35774987832074806,0.49681795239448545,-0.49681795239448545,-0.10135835581459107,-0.19304453171789637,-0.46644626315683113,0.19430111884481724,53.88903320029001,277.34803340648614,-223.41919801100607,446221.0319274335,581.4008381005943,652.8326750442797,0.04311882919154463,0.01254802645416329,0.03237331155141986,0.0592629172372735,0.012191532003502517,0.0004355395433996337,0.0005053123830154981,0.0007665363962240957,0.0010690262982583315,22,True,True,True,True,True
89,sobol,True,77.26368024013937,233.1492268666625,370.9969336874783,-0.39646832151338457,-0.2618917017709464,-1.1080563751980663,-1.5221090396866204,0.0026785727590322717,0.1380579470656812,-1.2255966246128083,-1.476741854287684,102.73631975986063,53.1492268666625,137.8477068208158,66.26674655266106,0.38064562152689124,0.5345262685790657,0.26457027452997867,0.5345262685790657,0.2965124150738121,-0.3686854790896177,0.18771960041260113,49.03754783857767,261.22763808784407,-212.1356452628379,541327.9296201476,588.5023115374794,672.6111816929769,0.04215383354271831,0.012928186997804682,0.027356615834763995,0.07299153573809818,0.010339429130962308,0.000500054785875094,0.0006367496225659489,0.0011688044280750353,0.0013908591929554974,26,True,True,True,True,True
90,sobol,True,72.6425404381007,242.89924595505,366.19013350084424,0.2208568438887596,-0.4351350271143019,-1.5832229647785425,-0.7155630469322205,0.30165187353268264,0.1101630282122642,-1.6109538204967977,-1.1144034739583732,107.3574595618993,62.89924595504999,123.29088754579425,66.45240693725646,0.6278185267558345,0.8953907735645772,0.7367869006469845,-0.11069381567649539,-0.8953907735645772,0.46881949082016927,0.19775962576483247,46.92177625706614,237.26671243231198,-190.28897215726292,534840.8896957546,587.5702523372017,670.763590795547,0.05039615629184371,0.01289267465238501,0.028898535092237353,0.0729286538097785,0.013632887231757389,0.0005172508033283818,0.0006079398533295882,0.0012006739938560354,0.0012080338417980777,29,True,True,True,True,True
91,sobol,True,65.674904207699,237.4586464697495,373.90719497576356,-0.17528327195905147,0.1420307857450097,-1.0944174172356727,-1.4169569842517378,-0.14637150606140492,-0.5704641092102974,-0.7236143136397006,-0.7249468304216864,114.325095792301,57.45864646974951,136.44854850601405,51.76770923193544,0.46275705004405154,0.6933426706120371,-0.28840229180641463,-0.395180837251246,0.6933426706120371,0.36947058681398626,0.18880885627551705,52.913479914417145,280.2489298341164,-227.28959973837482,468906.580184082,583.2652929926556,640.044963104667,0.03884116239677608,0.012302235221830143,0.030630844175124013,0.0657894191904337,0.010293723205385203,0.00048555711278287344,0.0005112900992574393,0.0009562485777512237,0.0010029202059232422,22,True,True,True,True,True
92,sobol,True,67.41839537397027,243.91851890832186,368.5633520819247,-0.31048734770156444,0.23350896104238927,-0.4922665998339655,-0.48843924254179005,0.11765680117532606,-0.1205222263932228,-1.3304094700142741,-1.419786317460239,112.58160462602973,63.91851890832186,124.64483317360282,58.85504329204559,0.6361436867554265,0.9275197176262735,-0.11585215986706321,0.18996512130834164,-0.8419702274724841,-0.9275197176262735,0.18125726294021202,43.06896292767914,237.61234297069518,-194.56051884444915,572980.2575111393,595.2690793212889,657.711169185175,0.04463486386448631,0.012641795464012994,0.024167380680179547,0.06770046839013746,0.012543585105539297,0.00043204145997921073,0.0006283630041405108,0.000645400405969319,0.0013205733522476271,22,True,True,True,True,True
93,sobol,True,74.41444471944124,234.62251844350249,364.03361036255956,0.23594915913417935,-0.5591268409974873,-1.3979147961363196,-1.189833075553179,-0.32668613316491246,-0.3861624076962471,-0.8177486013621093,-0.4201794857159258,105.58555528055876,54.622518443502486,129.41109191905707,70.38083435688168,0.6195693418453712,0.9777353104203939,0.23244070783257487,-0.6221115668304265,0.3720844741910697,0.9777353104203939,0.18427192404758694,53.831314888945634,292.1297705397816,-238.27286161603405,420623.3124563187,580.7111028624898,618.7945062065658,0.041507357089504295,0.01189378248116065,0.03636222602964645,0.0707629433757611,0.011413223169310552,0.00051066232291177,0.00044920528337701466,0.0012587430778727786,0.0008608579116790985,22,True,True,True,True,True
94,sobol,True,79.27084397990257,239.81412733439356,371.65310188010335,-0.560346320271492,-0.13818257111124693,-1.7090108644217252,-0.9520290641114116,-0.5063875762745738,-0.3620006213430315,-0.44362797774374507,-0.7824985038489105,100.72915602009743,59.81412733439356,131.8389745457098,67.61774209979922,0.5682897062733008,0.9265123605728147,-0.3682050051633268,0.1983456989284605,0.5084010863676666,0.9265123605728147,0.18368621522438044,45.44734629281095,247.41838268753648,-201.9507131451657,539436.8494729912,586.3760398113869,653.030129603828,0.03727460893180755,0.012551821706961473,0.030578045626769915,0.08516879058735216,0.010844621104503144,0.0005895241524096576,0.00047322194725698315,0.0014161146842761266,0.0010088163890124618,32,True,True,True,True,True
95,sobol,True,72.1713717840612,230.23813288658857,366.99370995536447,0.015779302129521944,-0.03624325767159464,-0.8045669654384257,-1.6507954483851792,-0.058246616087853864,0.3223012139555067,-1.6344190200790765,-1.779327615350485,107.8286282159388,50.23813288658857,136.7555770687759,65.17766182869673,0.5110935193856639,0.9747606499120592,-0.022003358416259222,0.30652191182598476,0.016376428306102753,-0.9747606499120592,0.16399498191850814,44.90292031930548,273.8066725823263,-228.8502068946865,576637.2592132192,599.8957273205723,638.0178412097605,0.04651630596558236,0.012263272130466225,0.028919052887390828,0.09276390974083411,0.010555107354807622,0.00047256497531751064,0.0006700945929187171,0.0009731144799100642,0.001489392292588379,28,True,True,True,True,True
96,sobol,True,72.47370631899685,243.5174637986347,364.9767934717238,0.13662889287807045,-0.5338622570503503,-1.0758955962955952,-1.0155095541849732,0.023208609083667397,-0.4466627444606274,-0.5724557226523759,-1.1658811051398517,107.52629368100315,63.51746379863471,121.45932967308909,67.49691284727305,0.46231784886651267,0.5832916373386978,0.5570708661340177,-0.5832916373386978,0.44305383153259736,-0.08998550884425649,0.1951558281705366,49.757270328367206,254.96174413447136,-205.14782524516318,492773.1535461147,583.1758556301746,669.0567703841488,0.04232496912349285,0.012859868041298518,0.028750404805072356,0.07915409308010475,0.012293209897357929,0.0004322771179604721,0.0005661007492894952,0.0009560105203922302,0.001134061643436105,25,True,True,True,True,True
97,sobol,True,79.43773061968386,234.09339061938226,369.1674554236233,-0.20755755826830863,0.328821059409529,-1.609647492878139,-1.7168179275467992,-0.4248152235057205,-0.0583009268622845,-1.7660397220402957,-0.694009065628052,100.56226938031614,54.09339061938226,135.07406480424106,70.27027519606054,0.5981349562296039,0.915638427250087,-0.7536362829152494,0.14925663140602413,-0.04922179449349651,0.915638427250087,0.1727739733866716,43.66894610348648,252.7518771924896,-209.15855804703574,590208.3355631091,588.2264270016656,780.5325471210418,0.04473037885350699,0.015002531925881288,0.030430187462307787,0.09569790399662761,0.010381094783246194,0.0006327556036159619,0.000610666601965051,0.0014700174721815435,0.0012398210291176815,33,True,True,True,True,True
98,sobol,True,74.6838713157922,240.09433194063604,367.925873208791,-0.11695344625040888,-0.07589108473621309,-1.1223057378083467,-0.42371907122433194,-0.12624056921340526,0.26193179106339814,-1.37521893940866,-1.0317066898569465,105.3161286842078,60.09433194063604,127.83154126815498,66.75799810700119,0.5146963377288478,0.9514998681843281,-0.050349484477192175,0.378885237313807,-0.9514998681843281,0.09059904795140028,0.19997461972200187,50.34003796214078,251.7321349685367,-201.37177826524953,494098.3435430209,585.7865024482486,609.5338355495497,0.046378288394241976,0.011715784129010694,0.027354316158076483,0.06760371653571706,0.013086691054355944,0.0004886211103945976,0.0005791103495220493,0.0010450895734285667,0.0011005807352803029,52,True,True,True,True,True
99,sobol,True,67.6181917404756,230.88811121415347,372.1743849553168,-0.431454915413633,-0.2191110158339143,-0.5897581385448576,-1.1222291182726623,0.3182171711232513,-0.29964840793982145,-0.8597547663375736,-1.5062697591260077,112.3818082595244,50.88811121415347,141.2862737411633,55.44380678515881,0.5511308537895401,0.9165116205811501,0.5373281869571656,0.13180650747381156,0.2624743519350886,-0.9165116205811501,0.18208300278773248,47.604137251916136,261.44196066126926,-213.85185177495077,543120.5571151936,599.4294372917625,728.6806511778672,0.037252938359815475,0.014005892224981898,0.028169187713331406,0.059388985416716764,0.009663604050576991,0.000414748052998811,0.0006756796488736938,0.000803506501613821,0.0014272642292954929,32,True,True,True,True,True
100,sobol,True,65.84540277719498,239.25267218612134,370.01786467805505,-0.5365075991954654,-0.35581199508160355,-0.8188576549291612,-0.6505012039095164,-0.3172527865041047,0.1948179317172617,-1.477959735132754,-0.8120481047779323,114.15459722280502,59.252672186121345,130.7651924919337,55.82753809913993,0.5525074288184469,0.8274585312232376,0.03855920857749884,0.7313255309127271,-0.8274585312232376,0.00680955015122886,0.17869057383677908,55.07707823756051,308.225985596025,-253.11744032666095,385148.97888058575,579.5353713275579,577.2436978970314,0.04202667226488206,0.011095138874934077,0.033421138727578716,0.07378636999779267,0.011528295100887563,0.00040316117798265777,0.0005821049752606719,0.0008149612824222574,0.0011007713122654927,22,True,True,True,True,True
101,sobol,False,72.94126304332167,233.66381354164332,362.5820274539292,0.10641521140933041,0.03209419683553283,-1.6807479029521346,-1.349011104926467,0.1308877206873148,-0.18985469215549527,-0.5934242002665997,-1.7265465185046196,107.05873695667833,53.66381354164332,128.91821391228586,70.35923558939248,0.40943409109201184,0.7555869046598673,0.09879352385178197,-0.2962699035648257,0.7555869046598673,-0.04579861555248499,0.17202489907650512,35.18394788493462,204.52822861001744,-169.34812782905294,632471.464384508,594.5455502304296,542.4183589015271,0.045538841605986924,0.010425764789206593,0.01929080222430121,0.09989189441151373,0.01227161539741258,0.0005966283937228987,0.0006592100028945094,0.001398216005920977,0.0013893458890280087,22,False,True,True,True,True
102,sobol,False,77.45986467693001,242.60451450478286,373.0109233446419,-0.28190916506573555,0.22064009802415963,-1.3793516483157875,-0.8871649214997889,-0.04922685767523949,-0.513834135979414,-0.9730084106326105,-1.3888268565759063,102.54013532306999,62.604514504782856,130.40640883985907,64.44894133228809,0.18308211962794288,0.2698669556993991,-0.2698669556993991,-0.23192497091367842,-0.08584348913282158,-0.009475208260118828,0.18147891587234952,38.115262454998195,210.02584389366805,-171.92462688703495,605180.2211569349,590.7410760486207,648.2557599754214,0.03979292062952936,0.012460054063138904,0.02232158876373664,0.09309383963926213,0.010950830682101344,0.0005506272301458677,0.0006242364482712526,0.0011754449971894468,0.00137404094210572,22,False,True,True,True,True
103,sobol,True,70.46742726117373,236.82320929132402,365.6329588033259,0.3313240805175155,-0.39687859457917507,-0.518649675883353,-1.5884734408929946,-0.4935693390201777,0.05155122354626651,-1.179424119181931,-0.4716360883787276,109.53257273882627,56.82320929132402,128.80974951200187,64.83446845784783,0.25355156110776883,0.40904932171106356,-0.09669074444100262,-0.279772856971249,0.40904932171106356,0.047013587504625365,0.15622393237304014,50.90179224585624,325.8258288129,-274.90892172696806,365442.8263496747,578.43938434228,639.6299742108629,0.04554683870315987,0.01229425876504926,0.03881584008016062,0.09354496539313722,0.011553358188271525,0.0005029013325514284,0.0005383249325602049,0.0009300518017411475,0.00101443728544832,22,True,True,True,True,True
104,sobol,True,69.18783786240965,240.8946254523471,373.46588888019323,-0.0020860928576439397,0.2758768541272729,-0.7175280243158342,-0.7417955998331309,-0.27673120759427544,0.11382265780121081,-0.8121522121131421,-0.5367873260751368,110.81216213759035,60.8946254523471,132.57126342784613,55.72194898221642,0.29850785636687927,0.5526080617215483,-0.5526080617215483,0.11590875065885475,-0.07035661228001122,0.18074069824069738,0.19110570817710876,52.88139129821264,276.71277746033826,-223.77397420881226,462890.8198246131,582.9461539931781,716.5076404938908,0.04236514161394802,0.013771916099202062,0.03318565237377839,0.057224490459485335,0.011759580124090948,0.00046087470781240315,0.0004766445128781211,0.000784875220731843,0.0008887910163338236,22,True,True,True,True,True
105,sobol,True,77.10384905338287,231.55310714617372,365.93705696612597,-0.5466692632064223,-0.5717199050821363,-1.2567352360114457,-1.4402843054383994,0.23069684319198125,-0.151201449893415,-1.3467730293050408,-1.2793194530531764,102.89615094661713,51.553107146173716,134.38394981995225,71.16679208725691,0.4498671567532068,0.8024167482741176,0.8024167482741176,0.3954678133130073,0.09351127613335852,-0.022584217041730748,0.1863279658879641,47.50317742236361,254.94389527617386,-207.38623751576196,550555.8865012464,591.3392386863624,780.702377330975,0.04089772754737987,0.01500579621403416,0.029470743820486506,0.06798038645369134,0.010273711435528235,0.0005047042439551422,0.0006072519957372476,0.001274620133885702,0.0012066623013067177,29,True,True,True,True,True
106,sobol,True,74.23963505774736,244.24449341371655,370.5051369741559,0.2524231011979282,-0.18089840705506505,-1.480344655737281,-0.8082179376855494,-0.06831270074471829,-0.5951631524134428,-1.6606948556378485,-1.6608005054295063,105.76036494225264,64.24449341371655,126.26064356043935,63.73449808359146,0.6104013449989181,0.8524769179522991,0.11258570631034676,-0.847586253611371,-0.8524769179522991,-0.18045584969222528,0.1945176688862127,45.60624800920872,234.45812542554722,-188.87678971790547,553109.5670079387,584.5267651998748,561.1708372033424,0.04697310566667554,0.010786204152625928,0.02377135910253246,0.08764393627142014,0.012503519113310707,0.0005190561780944884,0.0006616017400676597,0.0011562713427220373,0.001485567014559229,32,True,True,True,True,True
107,sobol,True,66.19267797563225,234.7144763590768,362.84814258664846,-0.32184510421939194,-0.023070288822054863,-0.9423150384798646,-1.5095476524904372,-0.5721166758798063,0.08987072329036894,-0.40419353097677235,-0.9209593143314124,113.80732202436775,54.7144763590768,128.13366622757167,63.344535388983786,0.6506200232594229,1.1053541215136649,-0.5490463870577514,0.4117158275097609,1.1053541215136649,0.021355724148452215,0.18708522730599936,55.25419833843354,295.3423909203636,-240.0594003932801,408641.23188090627,580.2926514455437,616.6210241636936,0.044580032017181886,0.011852006217174233,0.03316384228753649,0.06529778980208825,0.012452422501696741,0.0004607109098835431,0.0004732954259341761,0.0009222086550506085,0.0009817920197869496,22,True,True,True,True,True
108,sobol,True,68.19895387627184,241.4084735698998,366.504110686481,-0.16019977065734564,0.09802228435873983,-0.47141426280140886,-0.9427147472277284,0.10086854053661232,-0.36563802054151895,-1.1972703207284212,-1.6157774651423098,111.80104612372816,61.4084735698998,125.0956371165812,61.694843189790845,0.5951005491851546,1.144363202340901,0.002846256177872486,-0.2054382498841733,-0.2545555735006928,-1.144363202340901,0.17672609223407648,42.61059276446677,241.1109317577643,-198.51818760506583,586322.5477178573,600.0472221697759,644.7472235834055,0.04337388696992359,0.012392616863462241,0.024613907477644404,0.06556757085630341,0.011734880747342852,0.00042194846524548423,0.000652456392554353,0.0007501917759523809,0.0013938419877012555,22,True,True,True,True,True
109,sobol,True,76.21750415768474,235.73362682480365,371.34880248457193,0.2081080237403512,-0.2752757098060101,-1.3387865288183094,-1.6440446497872472,-0.40667573185637595,-0.09698270251974461,-1.0537719374522567,-0.9665551288053394,103.78249584231526,55.73362682480365,135.61517565976828,64.86870167311281,0.3864338258769771,0.5902727123349905,-0.13140002205036583,-0.3050907262600958,0.5902727123349905,0.37223140001296995,0.18739390869682954,53.85454278857137,287.3868375076085,-233.50971053975368,444234.5796783553,580.8164546549949,591.2226232505698,0.04343613444972757,0.011363826291851554,0.03260827426993962,0.0766733526539196,0.010848029960856908,0.0005235101412867444,0.0005126450348256848,0.0012383810349362741,0.001108967624956454,22,True,True,True,True,True
110,sobol,True,78.84645422454923,237.98342507798225,363.59303686767817,-0.41387134985998275,-0.47777024405077095,-1.726439766958356,-0.5307362902909518,-0.22693803142756225,0.3432893550489098,-0.7285280896350743,-0.5850974492728711,101.15354577545077,57.98342507798225,125.60961178969592,75.25341735687107,0.7032056978535949,1.1413423176854849,0.2508322126232087,0.7571607049088925,-0.1977917993441225,1.1413423176854849,0.1925151209534282,48.831719870166204,253.65134763611218,-204.7617279149891,500043.40166930424,587.424576786822,619.0114935142816,0.042698192090849886,0.01189795317080521,0.03203851908322086,0.07638829725247837,0.012542605244488483,0.0005746929223409532,0.0005228464086673767,0.0014505237463418232,0.0008225391031690836,28,True,True,True,True,True
111,sobol,True,70.96062992699444,232.5302649475634,368.30954330414534,-0.01587404352612798,0.15483500226400793,-0.8602824794128539,-1.2292248081415893,0.27675023172050717,-0.3379973435308784,-1.593906980380416,-1.23162750415504,109.03937007300556,52.53026494756341,135.77927835658193,62.65108662284911,0.3120564683390593,0.3713450247421861,0.12191522945649924,-0.3221233000047504,-0.3646821722388267,-0.3713450247421861,0.1796296629163373,44.84808496027714,249.6697050595991,-204.86119880405508,578393.3638732994,594.6761488305692,671.7966417143765,0.043194049353275574,0.012912530812705249,0.02569396707145085,0.07405536557720527,0.010537271600174609,0.0004891100460642005,0.0006130658722251539,0.000960132804013396,0.0012142904364900494,29,True,True,True,True,True
112,sobol,True,71.34417600929737,237.73784262128174,366.3666975200176,-0.2679242950398475,-0.19342362978495659,-1.3090965108945967,-1.7662611577659846,-0.18879442922770978,-0.15821875939145685,-0.6467921867966653,-1.1900459932163359,108.65582399070263,57.73784262128174,128.62885489873588,64.97747848927975,0.56556178636208,1.1194689709693193,0.004629200557246804,0.10970553564839064,1.1194689709693193,0.1190505176782608,0.19961466019881755,53.02519355582264,265.6377718099923,-212.56022103514852,468610.84284423204,583.3756327946041,559.5440556292955,0.04449342683261658,0.010754935959401834,0.02781460218931232,0.06631045206351813,0.011921964653659023,0.000503419178155471,0.0005546494735616475,0.0011236706320197276,0.0011651451826669022,23,True,True,True,True,True
113,sobol,True,78.45741475466639,232.30755695607513,373.73072315752506,0.3137659835629165,-0.10239057103171945,-0.4033094543963671,-1.0648459520190956,0.2536606188863516,0.170587086584419,-1.512251308746636,-0.628280973993242,101.54258524533361,52.30755695607513,141.42316620144993,64.72669159714133,0.31545854887777186,0.44740535672754045,0.35605118991807105,-0.1431788969784975,-0.44740535672754045,-0.2249715195968749,0.17866492702320866,49.904343086720445,279.3180727644315,-229.36383432240126,498544.06625362736,588.9573275866354,797.1161800473652,0.04483706914920008,0.015321284146197961,0.0352636952528563,0.07718959843704354,0.010968207851934557,0.00044350871983616166,0.0005740697187890585,0.0007987861597951595,0.0010736423257199758,22,True,True,True,True,True
114,sobol,False,75.69662584457546,242.1278423210606,363.35014279186726,-0.4892547560855746,0.29582233806140723,-0.8908110929653049,-1.171394286490977,0.07755419248715045,0.07578113791532815,-1.1053662398830058,-1.0124950662255288,104.30337415542454,62.1278423210606,121.22230047080666,72.34648305270821,0.31067395979108214,0.5650358940009028,-0.21826814557425678,0.5650358940009028,0.06602804660797124,-0.12168397326022384,0.1768452286143116,38.940349269830634,220.19451457611618,-181.26395598081055,603302.861571371,593.5583205431055,698.5243370908784,0.046097049285649776,0.013426260963574943,0.022781286669633045,0.0821062791706033,0.012536653664955273,0.0004931399555259826,0.0005437333389751689,0.0009197079714421176,0.0010344280054250786,22,False,True,True,True,True
115,sobol,True,68.71433924883604,236.42096762545407,370.7969434559345,0.06275009107775986,-0.49981948770582674,-1.7950734175741674,-0.4726492749527098,-0.36875686487182974,-0.5454709995072334,-0.9617766104638578,-1.5714822713285685,111.28566075116396,56.42096762545407,134.37597583048046,57.917395792901516,0.41120215744818905,0.6082210905849933,0.131062622833997,-0.6082210905849933,-0.48912733551114795,0.22359114624559884,0.1957091652732175,52.16598226959502,266.5484889109271,-214.33929522887163,466104.3716623773,582.4204631421883,547.6702917547829,0.040077010397277256,0.010526711624279872,0.02772965968344314,0.08136682126559514,0.01130000171677448,0.0005550510172917459,0.0006224692441185212,0.0013389453656884028,0.0014406573411335096,22,True,True,True,True,True
116,sobol,True,66.73735687043518,244.96066050138324,371.4530973434448,-0.0697875764686614,-0.3715436547994614,-1.1942701334133745,-1.300080924667418,-0.10623793797567488,-0.0936763659119606,-1.7546373154968025,-0.8765579791739584,113.26264312956482,64.96066050138324,126.49243684206158,55.284259526990354,0.30762002658951515,0.45455639082938437,0.2653057168237865,-0.023888789443299197,-0.45455639082938437,0.3177121542394161,0.1807890861021207,53.54130152937013,296.15339445394807,-242.58651750536592,430658.002583821,580.3746112193141,572.8368959393222,0.04549627567158075,0.011010436209676332,0.03296201592160324,0.0844390782908037,0.011370335083515957,0.00046829398904385213,0.0005990341061451552,0.0009378596329530352,0.0012054051945789793,22,True,True,True,True,True
117,sobol,True,73.68946277536452,235.40410687215626,367.19362215697765,-0.47520701261237264,0.19426290807314217,-0.7040733631700278,-0.6013360174372793,-0.5488105666823685,-0.4186915472149849,-0.4982266528531911,-1.706632955931127,106.31053722463548,55.40410687215626,131.7895152848214,66.49584061838686,0.6267195275433316,1.0025595927610993,-0.7430734747555107,0.05651546539738772,0.10310936458408815,-1.0025595927610993,0.19330546513158792,49.13650225487073,254.19096258567893,-205.0650765754897,507027.84877200803,586.6125808124905,679.6062747743675,0.035947082217296165,0.013062638927663543,0.03136092266722051,0.06942636043233559,0.010621924944206586,0.00047820743130510336,0.0006213838826866833,0.0008779347430535349,0.0014537957749975658,32,True,True,True,True,True
118,sobol,True,76.6855098027736,240.6421792227775,368.386888846755,0.1507007362321019,-0.0007804197259246859,-1.0056508636102082,-1.5391370195895435,-0.2536642162129283,-0.32761873104609546,-0.8945587432011963,-1.3224395662546158,103.3144901972264,60.642179222777486,127.74470962397754,68.29862095601857,0.4496042603829167,0.6445782763883472,-0.2528837964870036,-0.47831946727819735,0.6445782763883472,-0.3167887026444076,0.19885809051047024,50.06116690208316,251.7431741076049,-201.62745061375816,505438.2222421317,583.7138270800835,631.8658442130841,0.0444885095573851,0.0121450252595433,0.028631025638149978,0.06970657249599756,0.011796639437647064,0.000483802609404627,0.0005782418310459302,0.0010052353385092928,0.0012648419145335338,22,True,True,True,True,True
119,sobol,True,69.60068417247385,231.33635097648948,364.2101657986641,-0.22502867835573853,-0.32212710441090164,-1.4942961990833283,-0.837721709534526,0.19253248814493418,0.2973081042524427,-1.429099913313985,-0.49514105804264563,110.39931582752615,51.336350976489484,132.8738148221746,65.39051837380975,0.6866129525519912,0.9991551410406827,0.5146595925558358,0.5223367826081813,-0.591378203779459,0.9991551410406827,0.18844682113335845,52.183407874258705,276.91317667454837,-224.68913450016035,478923.3762212592,587.8526063548994,633.3298846719148,0.04508989951416987,0.012173165423339677,0.03372974325696825,0.06917870277637418,0.011839997622086805,0.0005377010510287367,0.0006020507142813608,0.0012847224619817223,0.0011481805316984554,22,True,True,True,True,True
120,sobol,True,69.96302955783904,242.8509831801057,369.0425494424999,-0.366618504980579,-0.06429359992034733,-1.6667907530441881,-1.401629393734038,-0.013151709875091955,-0.013594323443248846,-1.0669572515413166,-0.4300760101526977,110.03697044216096,62.850983180105686,126.19156626239419,60.92048011533916,0.66496435312589,1.2367147428914904,0.05114189004525538,0.3530241815373302,0.33467214219272146,1.2367147428914904,0.18011271213679916,46.262985153899194,256.8557466324839,-210.57509184440508,553417.4425801133,588.0462683479348,593.8614374870444,0.044216681097780354,0.01141454665575592,0.030830734422980857,0.07872824021951882,0.011648272061202898,0.0005460020945498941,0.0005067295831431964,0.0012020772294754076,0.0009276934996646307,32,True,True,True,True,True
121,sobol,True,77.96975532080978,237.04503106418997,364.3135689459741,-0.05953916562721129,-0.1407184644602239,-0.7555268522351981,-0.7028629573062064,-0.5150109761860221,-0.4564605355728417,-1.2734535302966834,-1.4320316575467587,102.03024467919022,57.04503106418997,127.26853788178414,73.65618637483567,0.5198254062300044,0.6765048053115605,-0.3742925117257982,-0.39692136994563043,-0.570590572990477,-0.6765048053115605,0.19333258040834073,51.59588188633648,266.8762904698216,-215.227275278196,484710.0580806497,582.864903265277,642.6822703082474,0.04199965513251098,0.012352926619217748,0.03213819554337021,0.0706725124214827,0.011898949863883655,0.0004526197167552379,0.0005637284066934793,0.0009347059965843574,0.001263816645961648,22,True,True,True,True,True
122,sobol,True,73.34861797746271,238.53424648288637,372.1176500879228,-0.14621490240097046,-0.5528800030704587,-0.5320993458852172,-1.4718109626322986,-0.33846968845464287,-0.24717395436018702,-1.5603732366114855,-1.7724649919196964,106.65138202253729,58.534246482886374,133.58340360503644,61.2309678895399,0.6329523531477413,1.2403656460344792,0.21441031461581583,-0.10095905195921656,-0.08856227397918692,-1.2403656460344792,0.16520156857627438,48.575493767937026,294.03772728410553,-245.42381982606815,511958.3832612926,603.1349099238955,681.377986343229,0.0417106148818995,0.013096692804690627,0.03212267175671357,0.08563487061007409,0.010218367381744512,0.0004539661985940484,0.000667534319934535,0.0008774981250867394,0.0015777913926073306,22,True,True,True,True,True
123,sobol,True,65.44354123063385,232.97552969306707,367.2824568860233,0.1905499285552651,0.2578483728691935,-1.4418224930763246,-0.7704171817749739,0.16718760370276864,0.2599018501117826,-0.6757467841729523,-0.7677316242828967,114.55645876936615,52.975529693067074,134.3069271929562,58.16108434461057,0.345105073731984,0.6740908687934279,-0.09066076916642485,0.06935192155651748,0.09467039760202156,0.6740908687934279,0.1834455652745386,44.89019737335933,244.70581944119576,-199.82458431930985,570009.2171169436,593.2935808882031,634.7125197670775,0.0455359038414359,0.012199740903418676,0.025856866927785587,0.08196267634300954,0.012309740030622005,0.0005545715662726269,0.000535697759234582,0.0011721687832231206,0.0009504669760673107,32,True,True,True,True,True
124,sobol,True,67.1870362246409,239.37727863434702,362.1261227540672,0.2664949463214725,0.11348577085882428,-1.5410188334062696,-1.681845423951745,-0.16253408198244867,-0.23827225430868565,-1.2934793205931783,-1.4618898566812277,112.8129637753591,59.37727863434702,122.74884411972016,65.06091347057372,0.3493087857433569,0.5047672006301582,-0.27601985284127295,-0.5047672006301582,0.3883661033585668,0.07912897672504182,0.19251012392704908,47.26432431400984,245.51604533754528,-198.20494869838976,548682.0907686654,587.57097746285,587.1273092018836,0.049132872245493606,0.011285110702106393,0.02426260847324677,0.08245198802742099,0.012344281387333466,0.0005423524272056986,0.0005889066968173786,0.0011546833018385766,0.0012480623551144902,22,True,True,True,True,True
125,sobol,True,75.12051977217197,230.19936691969633,369.7736185453832,-0.3393162260763347,-0.43723423122428356,-1.045361240580678,-0.9804514136165381,0.33944231192581353,0.20832663909532123,-0.7781054809689523,-1.0775604166090489,104.87948022782803,50.19936691969633,139.57425162568688,65.34690122678876,0.4860863667726478,0.776676543150097,0.776676543150097,0.547642865171656,0.20234593264758582,-0.03219917602837086,0.19214936613064687,49.21436853316727,256.1255835718202,-206.89616254588768,522591.04954534903,588.6925162941773,765.577214512449,0.041261565998658205,0.014715077090397283,0.03078566253170293,0.06185270519611319,0.010940859977153168,0.00047814584049218727,0.000603005292807412,0.001145876310155679,0.0011499851989367907,32,True,True,True,True,True
126,sobol,True,79.9769214913249,243.7689669802785,365.15722301229835,0.04507977515459061,-0.25608155308291314,-0.6578685535117985,-1.2681574324145914,0.04467286770232026,-0.004634188767522529,-0.4805473469197752,-0.7371077148243785,100.0230785086751,63.76896698027849,121.38825603201985,74.81969847902656,0.42412651157684755,0.7876100854948163,0.3007544207852334,-0.049713963922113136,0.7876100854948163,-0.07923916131258002,0.1942388497377426,47.573680564858286,244.92361146645644,-197.37977557923963,512865.27142915665,586.6493519379234,731.5697986351558,0.04533451893887852,0.014061424216730898,0.029501266891474573,0.06139983763183617,0.013134583145846996,0.0004378180024704671,0.0005103561909399099,0.0008326005477425527,0.0009114331143496258,32,True,True,True,True,True
127,sobol,True,71.94000883493572,234.31108983699232,372.6985289864242,-0.590421358635649,0.07987332227639854,-1.1519907332956791,-0.5693912254646423,-0.46086961845867336,-0.5080932787619531,-1.6740513602271676,-1.124213550426066,108.05999116506428,54.31108983699232,138.38743914943188,59.24147984851152,0.6164873125037197,1.1046601347625253,-0.5407429407350719,0.08232807987369595,-1.1046601347625253,0.02777718286961317,0.1949422191477237,53.940737586581086,276.70115700132544,-222.71311744917924,455256.24320488836,581.5048153829234,657.0462967627956,0.03945441651131988,0.01262901602287351,0.03195110374068136,0.06631703603316584,0.010865716053269083,0.0005156936366373658,0.0005543625978446804,0.001099749281147187,0.0012172829182195111,22,True,True,True,True,True
128,sobol,True,72.0122583815828,238.2062377454713,362.35234059765935,0.05721990498714147,-0.3341621800325811,-0.8788211200386287,-1.4585209283977747,-0.507635233271867,-0.3313523218501359,-1.3627465622499586,-1.4445295875892044,107.9877416184172,58.2062377454713,124.14610285218805,69.65991778392345,0.3571694538796947,0.5657084675505757,-0.1734730532392859,-0.3885722268372774,0.09577436614781609,-0.5657084675505757,0.18276093368660898,52.59106496208498,287.75878904331927,-235.14377348466175,465357.44742680277,584.3574342346066,588.0883641933109,0.04475777508141613,0.011303583036469127,0.03200878632838302,0.07712512736198829,0.011685040432156126,0.0004676781188620522,0.0005602585016145211,0.0009164897541721112,0.0012424239333335171,22,True,True,True,True,True
129,sobol,True,79.89916447550058,232.77665244415402,369.5414975620806,-0.4873629716224968,0.039130436582490824,-1.7188389601185918,-0.7597439672797919,-0.06506229313090439,0.29363974477164445,-0.8718754529953004,-0.4394544230774047,100.10083552449942,52.776652444154024,136.7648451179266,70.35766691341996,0.7533624014458473,1.2793845370411872,-0.10419272971339522,0.7810027163941413,-0.11213148571550857,1.2793845370411872,0.17919371637582915,42.37488133889903,236.47526373092646,-194.13323442451622,585147.5129726538,592.5326269077176,650.7463481629715,0.041892691547387784,0.01250792539013963,0.029003928654152772,0.09537185525845712,0.011383635605754098,0.000634155693279152,0.0005132777320793963,0.0015673592707269842,0.0008357213410227762,27,True,True,True,True,True
130,sobol,False,75.15992477536201,241.65875965729356,365.3014531470835,0.3117582889273762,0.21379208844155073,-1.3190442584455013,-1.3916451135650278,0.11518989671021695,-0.08994639199227095,-0.5630378551781179,-0.7580114249140024,104.84007522463799,61.65875965729356,123.64269348978996,69.8584716282785,0.5413956205583011,0.82860725838691,-0.09860219173133378,-0.4017046809196472,0.82860725838691,0.5610328335314989,0.17613026582653735,38.16195811332367,216.6689406516177,-178.52570760539516,609824.2194979542,593.0725398359309,651.1016807256889,0.04786977113849092,0.01251475519901325,0.02518078435188157,0.08763560913146239,0.013238044572329046,0.0005372125079869083,0.0005219559142518723,0.0011270906500209755,0.0009239232484468436,22,False,True,True,True,True
131,sobol,True,67.14212375227362,235.95255610067397,372.54848297312856,-0.2625100191216916,-0.4188040395732969,-0.48022003453224915,-0.6902404950931669,-0.33100689258426425,-0.41501230876892803,-1.7757894719019534,-1.7603088691830635,112.85787624772638,55.952556100673974,136.59592687245458,54.59364077914506,0.8438023010479626,1.2800888346508144,0.08779714698903268,-0.15250228964723644,-1.0855489768087865,-1.2800888346508144,0.16926773122881789,50.49865321689326,298.33597254652545,-247.79386244137436,484677.03803473356,600.8336042061298,636.928494987175,0.041592872731428115,0.012242333924182634,0.031129429119288787,0.07778299724622526,0.010925867235634084,0.000368888899890951,0.0006675045011007742,0.0006998416809892395,0.0015789667774649405,22,True,True,True,True,True
132,sobol,True,65.36930640228093,244.49248353019357,368.89232336357236,-0.21952746626921,-0.5119052970316261,-0.9280491899698974,-1.2574896210804583,0.3022596959024667,0.07944950447417798,-0.9830995766445996,-1.065406288765371,114.63069359771907,64.49248353019357,124.39983983337879,56.47698303870857,0.4600023733170532,0.8141649929340928,0.8141649929340928,0.29897697074338797,0.2743900444358587,-0.13735709879547364,0.1926561867335495,52.59652451427222,273.0071917545795,-220.36834560203815,475280.0684880108,583.8990685849387,680.9687882072609,0.04496672606243161,0.013088827651441712,0.032058577108829325,0.06464444493873342,0.012098112510897553,0.0004542070158780895,0.000593968741039739,0.0009296783874670259,0.0011315108941354743,22,True,True,True,True,True
133,sobol,False,73.41734533663839,234.93477177340537,364.457979504019,0.1487799423746764,0.33569695297628643,-1.483673338033259,-0.5560851069167259,-0.1401988912373781,-0.5417374016251415,-1.1703482519835235,-1.4521703274920583,106.58265466336161,54.93477177340537,129.52320773061365,68.95936583261937,0.5200006509526964,0.6905173439998179,-0.47589584421366454,-0.6905173439998179,-0.6142631450667977,0.03150301054120064,0.18029877913927267,38.3529314234573,212.7187527644399,-174.38129342843905,606616.4179654733,592.8205841856508,683.7620859509537,0.04399565144260672,0.013142517326180856,0.021832121982105372,0.0958269944154366,0.012226853466912348,0.0005879472626693461,0.0005968853860543461,0.001282710431209358,0.001276385587930166,22,False,True,True,True,True
134,sobol,True,77.92126969899982,241.11149434465915,371.88534903898835,-0.4731703085824847,-0.08295561191625889,-1.2698134765028954,-1.6692389208823444,-0.4386792234145105,-0.1618979907594621,-1.489738828316331,-1.1335912931710483,102.07873030100018,61.11149434465915,130.7738546943292,66.03592066001147,0.2618236572977977,0.3557236114982516,-0.3557236114982516,0.3112723178230226,0.1795000925660133,0.1362221833318471,0.19199018485693353,52.095572813561745,271.34497970498916,-219.21515386956435,482025.67457891983,581.8975488304134,637.5712590655703,0.04224429554378842,0.012254688423226273,0.031748692918162284,0.0719188181965326,0.010497819008021526,0.000516077350375893,0.0005503523181842099,0.0011483507132660621,0.0012108548092277672,22,True,True,True,True,True
135,sobol,True,70.00600771047175,231.80453719571233,367.5088551528752,-0.07517287838272746,-0.2407927352003753,-0.7153882851824165,-0.9704618554562331,0.007635146472603105,0.16685711974278095,-0.5806096455082299,-0.7496036499738694,109.99399228952825,51.80453719571233,135.70431795716286,62.497152557596564,0.2614624108616338,0.3898522099480032,0.2484278816729784,0.2420299981255084,0.3898522099480032,-0.03421536479145293,0.18944200955873677,54.42549127895919,287.2936758099818,-232.83251421771615,438613.45626378176,583.1100489812358,665.1696551058776,0.04193196143764723,0.012785154217670097,0.032870511878319006,0.06192487111486762,0.011546373222176111,0.00042987304124938384,0.000514079945231591,0.0008828476951877111,0.0009431897522556869,22,True,True,True,True,True
136,sobol,True,69.64925562497228,242.3816942377016,371.5915162935853,0.19608005448244514,0.09195913514122367,-0.5207850705832244,-1.1847216838970782,0.2611578300129622,-0.000951333437114954,-1.6516177367419005,-0.6404358111321928,110.35074437502772,62.381694237701595,129.2098220558837,58.05773933138698,0.2737507032172701,0.4668960528448223,0.16919869487173855,-0.1970313879195601,-0.4668960528448223,-0.1196507405489684,0.18206890113939997,49.799253970372696,273.5187264751172,-223.6658047761174,508768.21423948527,588.5736148823933,714.4812687612322,0.0472994239719343,0.013732967426625824,0.03204722791532012,0.07357538565928211,0.011777610808056567,0.00046019938352891246,0.0005887699737596175,0.0008393514247555234,0.001158644836796199,22,True,True,True,True,True
137,sobol,True,76.6424458194524,236.5768141951412,367.06120228022337,-0.14810651345178483,-0.29595617153681814,-1.366279754973948,-0.48329564053565277,-0.2408193283248693,-0.5043451921083033,-0.4142834452912212,-1.1997648131102325,103.3575541805476,56.576814195141196,130.48438808508217,69.58124353922904,0.20151673417278113,0.3562386786565185,0.05513684321194884,-0.3562386786565185,0.06901219524443158,0.16651494186371552,0.20316306143572377,50.22019983476753,247.19158827332433,-196.97961392214253,476360.5892950969,584.0260066472218,594.4463787027237,0.03655838317539892,0.011425789747790146,0.027525572474154682,0.07916493552826481,0.011038084738085829,0.0005249767141342489,0.0005538705411519322,0.0012463895501256298,0.0011797335059432065,22,True,True,True,True,True
138,sobol,True,73.76355455256999,239.0023936983198,368.63063698261976,-0.05753153115510945,-0.45666919387876986,-1.6774142190814019,-1.7762292701750995,-0.4206366285216063,-0.24196598860435187,-0.7993364056572319,-1.5621052378788591,106.23644544743001,59.00239369831979,129.62824328429997,65.13291756995022,0.5007320253270975,0.9768928645178676,0.03603256535716354,-0.18443445744924242,0.9768928645178676,0.11530898120254274,0.1922960653793117,51.34725484434693,267.0218693401886,-215.64426229805284,471842.5598838984,582.3118548547518,560.3732525950246,0.04425977206936505,0.010770873864870453,0.02798975288425277,0.07606779368557322,0.011598612494132136,0.0005468113015489743,0.0006089626670272509,0.0013211858156107733,0.0013993371694026636,22,True,True,True,True,True
139,sobol,True,66.66877256240696,233.4448918653652,363.972137786448,-0.3720326074864715,0.16085487981326874,-0.8331291725859047,-1.0774737339466811,0.0849063955713063,0.20458216932602225,-1.3585508707910776,-0.9999984217807651,113.33122743759304,53.44489186536521,130.5272459210828,62.696634775958955,0.3335800040022909,0.5766147768124937,-0.07594848424196243,0.5766147768124937,-0.2810771368443965,-0.16686924919486046,0.1878760564715385,50.1582533051835,266.975229559292,-216.76184987226645,512759.9474199656,589.363804728585,644.9464296181613,0.04450696381526661,0.012396445781176536,0.027538831843737788,0.06616722807525738,0.011444459527146185,0.0004716671041255556,0.0005838471564637303,0.0008879699173251597,0.0011177243218798605,28,True,True,True,True,True
140,sobol,True,68.67502007633448,239.8463351186365,366.1284890845418,-0.5959225176367908,0.2698834520298987,-0.5809587035328152,-1.5497887883335353,-0.5858754517044872,-0.2509220480918884,-0.7406473577022554,-1.6941356517374515,111.32497992366552,59.84633511863649,126.28215396590531,62.54653099179268,0.8284354830167983,1.1131769482046363,-0.8557589037343859,0.34500046954490243,0.8091414306312799,-1.1131769482046363,0.1903342553276412,51.36851735928285,269.885824130066,-218.4611802373659,492029.9972339161,584.2315135326818,676.4975686817622,0.041904360822836446,0.013002886823059426,0.03312332719714649,0.06479387622218157,0.011419324404702608,0.0004533884814088039,0.0006127124558500613,0.0009634766194188473,0.0014294073954248805,26,True,True,True,True,True
141,sobol,True,75.74145248625427,230.66780909430236,373.97465135902166,0.047000402677804254,-0.5927908629179001,-1.1420436741784217,-0.8510330226272346,-0.08401309936307366,0.2562189877033233,-1.5814331846311689,-0.8671789404004814,104.25854751374573,50.667809094302356,143.3068422647193,61.76680112723261,0.4774050291780876,0.7304001620039343,0.5087777635548264,0.20921858502551904,-0.7304001620039343,0.2748647337779403,0.17782877440460723,53.72154173193194,302.09701389327074,-248.3511881050475,423006.88225857244,579.8726410937377,697.142420408351,0.04309596822806174,0.013399699292027748,0.037084340995114755,0.08554580598647193,0.010827283804522332,0.00048232098735352934,0.0005905318712643581,0.001202402331944996,0.0011004354423222642,22,True,True,True,True,True
142,sobol,True,78.38502215687186,243.3006016118452,363.21754249185324,-0.3413528770208359,-0.16024764836765826,-1.6172539792954923,-1.3127246657386422,0.2148441107477993,-0.00984986075200145,-1.2070186519995332,-0.5048618832603098,101.61497784312814,63.300601611845195,119.91694088000804,75.16747966501862,0.6122046255570565,1.1123920960351825,0.37509175911545756,0.33150301626883444,0.10570601373910904,1.1123920960351825,0.1833219076258743,41.18302905808844,224.64870451891264,-183.4743839270699,586993.5433933119,590.7052326123282,652.4431110018905,0.04696045355305943,0.012540538685709977,0.029902341973031873,0.08451871933772363,0.012727012904584296,0.0005579036845253444,0.0005439350282705705,0.0012965679473255908,0.0010545441158965989,32,True,True,True,True,True
143,sobol,True,71.42207607626915,233.8419672753662,370.93554247170687,0.27188008190132673,-0.017033211607486054,-1.057351943664253,-0.6112988518550992,-0.2908160409424454,-0.4527668083552271,-1.0443526513874533,-1.3345950631424786,108.57792392373085,53.84196727536619,137.09357519634068,60.48653360456228,0.46488425811823725,0.7246468902565538,-0.27378282933495934,-0.7246468902565538,-0.433053799532354,-0.27724311947822566,0.199438052175955,53.67721997330956,269.14231957075384,-215.42467750902492,468657.07878331054,582.2943147164565,602.5846707162609,0.041310900569015624,0.011582214981056303,0.029570465764979823,0.06610323323366143,0.011266489754360832,0.0004937998951277141,0.0005859631257007281,0.0010507566648226623,0.0013100855121177277,22,True,True,True,True,True
144,sobol,True,70.8827727753669,243.9856069907546,366.7406925410032,-0.4259536997880786,-0.3773489081300795,-1.1554983196780086,-0.7983351493254305,0.17878796751610937,-0.5175061052665114,-1.1144380364567041,-1.288741260766983,109.1172272246331,63.985606990754604,122.75508555024862,64.14208023436368,0.32990331311050763,0.5561368756461889,0.5561368756461889,-0.0915524054784328,-0.31610288713127366,-0.1332429410889744,0.19398710861995316,47.180849107983896,243.21641496506618,-196.074787305864,528767.4989271663,585.1825102916541,653.9620843186598,0.040552861159218,0.012569734708045555,0.02678420868849684,0.07999808671164524,0.011501091406736575,0.00044852479295832796,0.0006063964780683561,0.0009691974384732042,0.0012229169870646578,32,True,True,True,True,True
145,sobol,True,78.91883251722902,234.56274876836687,371.106222987175,-0.11887424364686011,0.17338009900413454,-0.6434238009154798,-1.49683437962085,-0.2693499066401273,0.04781402293592696,-0.9516920497640968,-0.5492418665438892,101.08116748277098,54.56274876836687,136.54347421880811,67.81260953005403,0.3639523432668645,0.5451423298567533,-0.44273000564426185,0.16668826658278707,0.5451423298567533,0.09418193437159061,0.1888097496930085,52.35727214052522,277.30174011487486,-224.8996127915967,471955.2867903054,583.3882888686522,755.0845470937761,0.04234061896649303,0.014513398661333797,0.03495222436407917,0.06447193383072655,0.010858403846249934,0.0004893392420526896,0.0004918710689446489,0.0009140224518198174,0.0008711334962686339,22,True,True,True,True,True
146,sobol,True,76.17272043135017,239.6250398689881,363.7242879271507,-0.20552085069939496,0.02005871422588823,-1.0434004159644248,-0.7283827114850283,-0.5646485626231879,0.19849353204481301,-0.6596026657149197,-0.9088465811684728,103.82727956864983,59.6250398689881,124.09924805816263,72.44843250419945,0.36329934290433286,0.5847072768490761,-0.5847072768490761,0.404014382744208,0.06878004577010866,0.13455383479595195,0.19744712897329383,51.44574639036633,260.55454266607614,-209.05214011305037,469646.07053806854,583.4968322107426,672.5865705112506,0.04298299240644861,0.012927713948934466,0.03111231567944239,0.06479074943906006,0.01258327143601043,0.0004922107886070051,0.000498058064080526,0.0010304901097044534,0.0009853232250572846,24,True,True,True,True,True
147,sobol,True,68.23825874365866,230.41989121586084,368.17257069051266,0.13124358742497855,-0.3159016519319266,-1.5539181593805553,-1.4297232639044524,-0.1203084878157824,-0.18612835635431113,-1.5004788260906936,-1.6510369112715126,111.76174125634134,50.419891215860844,137.7526794746518,60.065688053146005,0.19584435024807195,0.3173719437792897,0.1955931641161442,-0.3173719437792897,-0.07075556218624124,-0.09711875189095731,0.1882117694706124,52.34084637027623,278.0955012404194,-225.72968743636193,502659.02149662643,583.1245587238162,589.2128197455224,0.042700850730420715,0.011325196075391734,0.027413007502086213,0.0830594271223975,0.010116165744445496,0.0005462628151431659,0.0006466992647731316,0.0013082030715202658,0.0014402053814822034,22,True,True,True,True,True
148,sobol,True,66.26130519900471,238.7843036884442,373.3290966898203,0.32579389796592295,-0.1996755506377667,-1.4343845685943961,-0.5180069748312237,-0.3843349830713123,0.2656689987517893,-0.8824448443949223,-0.9567935451865197,113.73869480099529,58.7843036884442,134.5447930013761,52.93220850918442,0.31568269508483476,0.4775910234078764,-0.1846594324335456,-0.060124899214133665,-0.3644378695636986,0.4775910234078764,0.1879419766458815,53.92568284519496,286.9272943042481,-232.97006260649138,449841.37131147756,582.4925053974454,579.4705067020124,0.044694605158835034,0.011137940126864932,0.0298475312679264,0.06341098052682821,0.012341666810222116,0.0005033881232780395,0.0005192060700061484,0.0011019611021446626,0.0011298446918729104,22,True,True,True,True,True
149,sobol,True,74.16552897542715,233.19468785077333,366.06812795996666,-0.2800173841416836,-0.12325980439782142,-0.5504751041531564,-1.219347381219268,0.06368763209320605,-0.29597643157467246,-1.441568391956389,-1.6036653969436885,105.83447102457285,53.194687850773335,132.87344010919333,68.09740101546049,0.5463048612374709,1.0531902927905321,0.18694743649102746,-0.01595904743298887,-0.2222210107371212,-1.0531902927905321,0.17308184128904236,43.920925838759835,253.7581384139136,-209.87156519295684,583143.7025951437,602.2720304826696,700.7759387924197,0.04200524548747645,0.013469538757097246,0.026952758479504086,0.06586882927481522,0.010681259161379943,0.00043399894636753615,0.0006455990187567742,0.0008260076622726732,0.001380441945333058,24,True,True,True,True,True
150,sobol,False,77.1469559520483,243.0735669657588,370.2627379000187,0.10440752031281586,0.3167348430957645,-0.764495516754687,-0.9321483859792352,0.23971443041227758,-0.45038907318376004,-1.7448943482711912,-1.244081379659474,102.8530440479517,63.0735669657588,127.18917093425989,66.88421805202961,0.5487007388470846,0.812745962291956,-0.07702041268348692,-0.554796593496576,-0.812745962291956,-0.4795858629047871,0.16214525322328724,34.69009329434589,213.94455036296873,-179.25736336312403,648811.2079513019,596.8753894296171,712.7040472074325,0.04776356627954018,0.013698807642772367,0.021775618227817546,0.08857641202515648,0.01238659322189658,0.00048550767422917123,0.0006181502979572561,0.000863496642243349,0.001249331622799203,22,False,True,True,True,True
151,sobol,True,69.13925210479647,237.29164744261652,363.0845443755388,-0.5310933268163353,-0.4939881552942097,-1.6468855898827315,-1.6306477623060347,-0.2047423189971596,-0.06197652011178434,-0.5076406270265581,-0.5945172464475037,110.86074789520353,57.29164744261652,125.7928969329223,66.05470772925764,0.8173674033598779,1.1230071352794766,0.2892458362970501,0.4691168067045509,1.1230071352794766,1.0523683434352278,0.1855788396429418,52.46600799288528,282.7154652644189,-230.21116722355586,459891.404259964,583.4049867064485,565.2565998326822,0.04392019542189788,0.01086473615556973,0.03340576583055238,0.06545273550252247,0.012246636663995836,0.0005301606351768582,0.00045797230005091013,0.00126124579753265,0.0008171273423279011,22,True,True,True,True,True
152,sobol,True,70.42446341365576,240.4255459178239,370.1666476391256,-0.32734625968150793,0.13539954060688608,-1.5142076989635826,-0.43361777700483817,-0.47684183018282056,0.3470410515088588,-1.572840296663344,-0.7037712750956417,109.57553658634424,60.42554591782391,129.74110172130167,60.25781577453017,0.8343070310188514,1.1392225196585057,-0.6122413707897066,0.6743873111903667,-1.1392225196585057,0.8104364238679409,0.18275003466356804,47.79407550602593,261.52703934646024,-213.71535902809228,525145.4461617094,587.0661162348227,693.075470728399,0.046560559234161934,0.013321528890755586,0.029634356400802867,0.07851069536278724,0.012853702335602204,0.0005471177072854474,0.000608623520710012,0.0011721145197671767,0.001141134623281824,32,True,True,True,True,True
153,sobol,True,77.50830738339573,231.08469875063747,362.43914906308055,0.254343725182116,-0.4304015279281884,-0.9966778650879861,-1.1349369879812004,0.030700262170284986,-0.33431087839417156,-0.6636314667761327,-1.1779925474897028,102.49169261660427,51.08469875063747,131.35445031244308,75.06915832031518,0.4511465979912707,0.5886546035762876,0.4611017900984734,-0.5886546035762876,0.47130552120506763,-0.18131468240171678,0.1912663850229597,48.48080637603428,253.47269657558815,-204.93699301681147,525283.0338177839,590.162948456622,730.511029094404,0.042062769210254994,0.014041073721551847,0.028581813026882032,0.06627758236194821,0.011596133779229715,0.00047560839624078327,0.0005605821182932391,0.001140595989299805,0.0011080400525226798,28,True,True,True,True,True
154,sobol,True,72.87254998926073,244.71289256121963,373.24169240519404,-0.5487059106118977,-0.2631894970312714,-0.6857032844796778,-1.0288849959149957,0.3255640568211674,-0.3693788521923125,-1.0763698071241379,-1.4938165094703437,107.12745001073927,64.71289256121963,128.5287998439744,59.63085758406669,0.5084512594034163,0.808113224990666,0.5887535538524389,0.17932705841958518,-0.047484811209142164,-0.808113224990666,0.17920447137069187,42.02321303289396,234.49868583896662,-192.49294115374153,586710.2701892417,597.9578965766315,718.1442352900823,0.03984584106434667,0.013803372911310867,0.025372304131072124,0.06910771817062235,0.01078322786977003,0.00039925718481755403,0.0006786337963957023,0.0007721046751361713,0.001438410654372297,22,True,True,True,True,True
155,sobol,True,65.91959469020367,235.1835758704692,365.4080041907728,0.0032990391831845267,0.05814818614162509,-1.2017030458897353,-1.7274055676534772,-0.17812225278466942,-0.10067279869690537,-1.2637091444805266,-1.022286266833544,114.08040530979633,55.18357587046921,130.22442832030356,60.511590499430895,0.28010650512478,0.46369642317295057,-0.2362704389262945,-0.1039718378800899,0.46369642317295057,0.17941677905619136,0.1869151746806589,52.932938842395295,283.19230331528854,-230.23314164823583,472528.5456394171,583.6078766798522,596.0838891196103,0.044858967121485904,0.011457264158945603,0.029253436746078002,0.07796176509016904,0.010922077664219114,0.0005072271040713073,0.0005383112215419499,0.001035382325095186,0.001064111412697438,22,True,True,True,True,True
156,sobol,False,67.66311851795763,241.87779271509498,364.75201892480254,-0.010343914059922077,-0.04259997173212471,-1.7821697471663356,-0.8998567486181857,0.15310700125992294,-0.5988496246282011,-0.47046153452247386,-1.717125420086086,112.33688148204237,61.877792715094984,122.87422620970756,62.911099593155086,0.37856677251933035,0.588505710568279,0.19570697299204765,-0.588505710568279,0.4293952140957118,0.06504432708024965,0.17323675587589588,34.58267317919677,199.62664969304353,-165.05185535397692,606745.1139544355,592.8346353322657,522.513349778916,0.041683027259824694,0.010043172755154461,0.02168395773159241,0.09564116995528768,0.01201082118208837,0.0005604209589674423,0.000667592192475994,0.001235057228500715,0.0014190415508290074,22,False,True,True,True,True
157,sobol,True,74.64442339725792,236.20181706734002,369.3980440609157,-0.41576296444982286,-0.1336384115740657,-0.8927782647311688,-1.598377508111298,-0.35431937910616396,0.08611901975236835,-1.683121905103326,-0.7995928550139071,105.35557660274208,56.201817067340016,133.1962269935757,65.24637933634222,0.2812697765950636,0.5018819842021912,-0.22068096753209826,0.5018819842021912,-0.08474439699202785,0.09318540971726175,0.1778765873018729,53.32072069057806,299.7624448465941,-246.41284038502624,425636.43131745484,580.0153348296918,638.8175784197492,0.04281549088639967,0.01227864379314631,0.03487616776526876,0.08776870244342456,0.010314262618284475,0.00046345332636232297,0.0006071953590894547,0.000977053775297221,0.0011997236158159856,22,True,True,True,True,True
158,sobol,True,79.51550194062293,237.51525123603642,367.78317488357425,0.2101156617514789,-0.5596844260115176,-0.41774920541793126,-0.6610835243016482,-0.5307230836711824,0.11751274690031999,-1.2817055862396955,-0.48374953083693994,100.48449805937707,57.51525123603642,130.26792364753783,71.73232705704868,0.31580921689713776,0.6206220619380474,0.028961342340335205,-0.0926029148511589,-0.6206220619380474,-0.06600032541900869,0.17241111898646533,53.063451717590155,307.7727934806557,-254.6808780784656,386199.002050204,579.5655997111995,718.0025392294774,0.04406782477604522,0.013800649386608615,0.040114862596452715,0.07175425362169992,0.012338646593604542,0.0004026791361908058,0.0005529771242460871,0.0008417762059725521,0.0010378612118085234,22,True,True,True,True,True
159,sobol,True,72.40141385700554,232.06093297805637,372.3229874931276,-0.16561387670226396,0.23596651451662176,-1.3055945936590434,-1.3624025475233794,-0.026920552458614133,-0.147460625320673,-0.7909147081896664,-1.3985897414386272,107.59858614299446,52.06093297805637,140.2620545150712,60.07842636387795,0.3180745189949314,0.571487839333713,-0.2628870669752359,0.018153251381590962,0.571487839333713,-0.09299514777958384,0.19357695411304038,47.008984806642964,242.84391198340583,-195.87494584683168,555413.9797641387,589.8192072119082,643.1797678556993,0.04101315819015606,0.012362488965933746,0.024976864457183234,0.08289251223556174,0.01046943429888515,0.0005602981003928075,0.0006254046978301399,0.0012186133600928168,0.001368361619730197,29,True,True,True,True,True
160,sobol,True,72.24924011155963,241.34121203795075,368.43072482571006,-0.5169529121834785,-0.21595865781418977,-1.2310328578576446,-0.7267594918608666,0.03971288944594564,0.024042682256549597,-1.4133271200582387,-1.4864627290517092,107.75075988844037,61.341212037950754,127.0895127877593,63.81851528584957,0.4729333199481435,0.686567628197372,0.2556715472601354,0.5409955944400281,-0.686567628197372,-0.2554298711940646,0.19555068670890874,47.278681452284566,241.77200422038038,-194.51765164218645,541313.352061798,585.778764701592,605.5293878120323,0.04375802281794634,0.011638815070834684,0.024264240578838723,0.06968898871337595,0.011985002091519004,0.0004822653675743242,0.0006321421639280023,0.0010513095943320858,0.0013548666298506605,32,True,True,True,True,True
161,sobol,True,79.19848312158138,235.79356637317687,364.1721421889961,0.08700457690283658,-0.07714547030627728,-0.6697449505329134,-1.425536609441042,-0.4639729671645909,-0.5387261764146387,-0.9197429563850166,-1.0966642886400224,100.80151687841862,55.79356637317687,128.3785758158192,75.0263409325853,0.49478829530782525,0.6257307533174753,-0.38682749685831364,-0.6257307533174753,0.5057936530560254,-0.426919338107109,0.19325583381553196,52.48340255402308,271.57473861368624,-219.0560188211065,463927.8455627035,581.7596889314668,684.595047173309,0.04148318926850081,0.013158527584020197,0.03336441263988562,0.069136498930512,0.011210754266589299,0.0004573705674480419,0.0005084535961363998,0.0009174137893580656,0.001087793466147007,22,True,True,True,True,True
162,sobol,True,74.4592396216467,238.17268241662532,371.4149607233703,-0.2927663458511233,0.3335977417882532,-0.9712787145748736,-0.8326006380841137,-0.16871054018847642,-0.2094359430950135,-0.5124678689986468,-0.7124495705589653,105.5407603783533,58.17268241662532,133.242278306745,63.04427889827639,0.3273893254980398,0.5023082819767296,-0.5023082819767296,0.08333040275610981,0.32013276908546684,0.2588291440159083,0.19291350100925375,46.85885026130494,242.90083387713332,-196.07978673738756,531305.3245309342,588.0697907211991,732.6350214200144,0.03922308078099158,0.014081898749019092,0.028316793641643728,0.07317017402379797,0.011174532710911726,0.0005139379403966718,0.0004993918477567748,0.0009909474904224117,0.000966436525509451,29,True,True,True,True,True
163,sobol,True,67.37910794094205,232.34833316877484,367.2376655600965,0.34087754082866006,-0.5404503189958632,-1.5310205277055502,-1.534005100093782,0.33883109916932874,0.17773721483536065,-1.7279325401410461,-1.1050244065001609,112.62089205905795,52.34833316877484,134.88933239132166,60.14144238084555,0.504685824444553,0.8792814181651919,0.8792814181651919,-0.16314032599329942,-0.19392744004726414,0.4259961212053893,0.17833271103781467,51.155468971609515,286.85409801661245,-235.6790152409057,480409.4410131184,585.7430859249622,696.8302575512537,0.04727582252364186,0.013393699243411005,0.03511784026481611,0.09778264638069638,0.010789065140967094,0.0005186272149493112,0.00062849028948819,0.0012530302074176274,0.0012480746646372695,22,True,True,True,True,True
164,sobol,True,65.60628816019744,240.9473565639928,363.3940143547952,0.11988597246818244,-0.3944646348245442,-1.2802368951961398,-0.9606032861396672,-0.33415230526588857,-0.27591606378555295,-0.9461801918223501,-0.4108024183660748,114.39371183980256,60.9473565639928,122.44665779080242,62.21227380540222,0.4786494448314576,0.869434476830065,0.06031232955865562,-0.3958020362537354,0.014423094317317031,0.869434476830065,0.1787335741058218,53.19528143050281,297.6233295654222,-244.39671555707747,421850.8105255276,580.4225346120281,558.0982013666504,0.043189899030717904,0.010727145350521381,0.03379897283420724,0.0691977348312153,0.012164206013322826,0.0004596450459101721,0.0004799886077494238,0.0009992751234427983,0.0009281230591574504,22,True,True,True,True,True
165,sobol,True,72.7166639547795,231.5077051706612,370.75897831842303,-0.18904705019667745,0.22003891929052766,-0.4346033610403539,-1.6620079776272179,0.16965067894197994,0.2905999720096588,-1.130715896189213,-1.4072897329926493,107.2833360452205,51.50770517066121,139.25127314776182,61.95768563635647,0.6043571573699767,0.9726863719522953,-0.05038824034854772,0.47964702220633626,0.5312920814380049,-0.9726863719522953,0.16981359480388097,44.33885355982791,261.1030854804952,-216.79109809775963,580402.9914519591,598.7324047579668,723.4411904261285,0.04438789104077248,0.013905185114827053,0.028389743732758935,0.07398035277648386,0.010511589139659577,0.0004771862515237697,0.0006393280108673538,0.0008859022316875395,0.0013480620183628684,22,True,True,True,True,True
166,sobol,False,77.22058451734483,244.07023141160607,366.3284791819751,-0.10519710164517165,0.036594536155462265,-0.9220666246488691,-0.5003193438053133,-0.006339904526248552,-0.042379906261339806,-1.5266689620912075,-1.7914824133738876,102.77941548265517,64.07023141160607,122.25824777036905,70.8921053353697,0.673622059999613,1.0263496182858942,-0.04293444068171082,0.06281719538383185,-1.0263496182858942,-0.8694157887250185,0.1669064950629063,35.39933239087399,212.09080196389084,-176.69556477014686,635443.1964823481,597.0454091411181,616.1748103872545,0.04824730952875925,0.011843429590291107,0.02236305098492912,0.07903553358253662,0.013568812005279984,0.0004685799247969164,0.0006737526945596671,0.0009302262959356306,0.0014844606075318507,22,False,True,True,True,True
167,sobol,True,70.24299192707986,234.88141995389014,373.7747535072267,-0.44381917971186335,-0.36221252935938536,-1.766170086339116,-1.1990962319076062,-0.5137667378876358,-0.4259218538645655,-0.6202527502551676,-0.7922173785045743,109.75700807292014,54.881419953890145,138.89333355333656,56.46823841985315,0.5716057744951634,0.9739527078345418,-0.15155420852825047,0.017897325847297862,0.5788434816524386,0.9739527078345418,0.18036896615194803,52.05545768229588,288.6054003239274,-236.50493590405392,468709.4109050409,582.6664721833149,595.1180110577568,0.03651247709980713,0.011438699120866265,0.03183428596803333,0.07150537464050485,0.00999745560950888,0.0005692394146310573,0.0004801374337691984,0.0013749559973224837,0.0010403755826423066,22,True,True,True,True,True
168,sobol,True,68.94352632574737,239.30620125494897,365.1014608591795,-0.17697213576175275,-0.02606318718753753,-1.572652174346149,-1.0409336460754277,-0.25653178440406915,-0.3583177730906755,-1.6994852975010872,-0.857368908263743,111.05647367425263,59.306201254948974,125.79525960423052,63.842065466567874,0.5077702341645693,0.715283266082406,-0.23046859721653162,-0.18134563732892273,-0.6585516514256595,0.715283266082406,0.18697395974908543,49.55913238557577,265.0590084955303,-215.45060760336057,517188.32533488673,585.2258731678589,598.7699009694228,0.04498107751362718,0.011508891703086768,0.028304330400872223,0.07495894490265322,0.011763968587482389,0.0005426435792294317,0.0005915627790400761,0.001194272682595928,0.0012637317880666815,22,True,True,True,True,True
169,sobol,True,76.8743760837242,233.61760735046118,372.7483843564987,0.22658999310806394,-0.1799484396353364,-1.01684645190835,-1.7423595329746604,0.18780783740803597,0.3260492935311049,-0.4648639770224692,-1.6819747177883984,103.1256239162758,53.617607350461185,139.13077700603753,64.12599172722548,0.7449039094567232,1.2774955559521912,0.3677562770433724,0.09945930042304096,1.2774955559521912,-0.6651282658800484,0.17462274520462095,41.82794432911426,239.53319643498187,-197.71422165419446,609548.9855642573,598.9102798227707,701.6329180449765,0.0486313981543517,0.013486010662905305,0.023669224789268133,0.07340392975843277,0.012346106218952135,0.0004910672397973,0.0006962810330271276,0.001106033201904614,0.0015378190493484142,22,True,True,True,True,True
170,sobol,True,73.99548727553338,242.4308206839487,362.1758651137352,-0.40208556056022643,-0.5768010020721703,-0.6293040411546829,-0.41046139597892783,-0.10707768332213163,-0.1242159394547343,-0.751479426957667,-1.3415433444082738,106.00451272446662,62.430820683948696,119.7450444297865,71.81962216179818,0.4799556346847689,0.712239303253591,0.4697233187500387,0.2778696211054921,-0.3410180309787392,-0.712239303253591,0.1832522232038005,47.34004833187393,258.33273672879585,-211.0239309945495,512973.0858228291,595.3578843547134,703.9141710612486,0.040172376915864144,0.013529858381150844,0.02856314240037867,0.06740571827973325,0.012244706139778279,0.00037075655848852737,0.0005734615557349254,0.000773763772253955,0.00118772060580585,32,True,True,True,True,True
171,sobol,True,65.96303946338594,236.989576658234,369.7180638164282,-0.02820976912043993,0.28262437218800185,-1.1835903722792864,-1.1092170886695385,-0.555215104483068,-0.38990685623139143,-1.3079809211194515,-0.519714003428817,114.03696053661406,56.989576658234,132.72848715819418,56.244975646957755,0.5729394963042043,0.8378394766710698,-0.8378394766710698,-0.3616970871109515,-0.19876383244991302,0.6638763688504694,0.18046545586300192,52.099051803041675,288.6926561867442,-236.55539144926823,464885.71430197544,581.3266492739496,721.3723704778811,0.0409851433880157,0.013865420549676039,0.03462375150869289,0.06326165885726624,0.010586206078387596,0.0005114665599015933,0.0005105350095389402,0.0010058117766056389,0.001028508190098201,22,True,True,True,True,True
172,sobol,False,67.96929080504924,243.44916827511042,372.06190098822117,0.017439149459823944,0.15226158993318673,-1.6328071152791381,-0.6211790546774865,0.08025304116308685,0.10641495571471749,-0.7010149445384741,-1.2145318204537034,112.03070919495076,63.449168275110424,128.61273271311074,55.90738981682807,0.2204710393486434,0.4182752948254347,-0.07200854877009988,0.08897580625489354,-0.07983588986098766,0.4182752948254347,0.18036881080540573,39.55168002762757,219.28225756446685,-179.756801847895,605552.7466795989,592.4060530659943,584.4416186456647,0.04451363951742624,0.011233489333514746,0.023478093846927693,0.09104318264399382,0.012510564775055428,0.0005479374796878124,0.0006036302175075886,0.0011519544262413282,0.0012594347536354288,23,False,True,True,True,True
173,sobol,True,75.9733827225864,234.15435611270368,367.3323939740658,-0.5661084364168346,-0.476864654244855,-0.792629063129425,-1.319934643059969,-0.36420416124165056,-0.574146950384602,-1.5445138258859517,-0.6472983015701177,104.0266172774136,54.15435611270368,133.1780378613621,68.64098874852061,0.14518423124148974,0.22457918282598266,0.11266049300320446,-0.008038513967767336,-0.22457918282598266,0.14533076155930735,0.17610165807741646,54.02029323859873,306.756301038635,-252.70573415993454,400421.62393186626,579.6362321600199,669.0890674716896,0.03745692875742372,0.01286048882013565,0.03725346578899107,0.07172467680153645,0.009725638038779296,0.0004271619902572502,0.0005437764364543603,0.0009652833177963787,0.0011629799658614299,22,True,True,True,True,True
174,sobol,True,78.61695485189557,240.2823272999376,369.09223333001137,0.24159536510705948,-0.2794716415926814,-0.5691678339615465,-0.9067784873768688,-0.1877787164412439,-0.12762844329699874,-1.2466618036851287,-0.9877530477941037,101.38304514810443,60.282327299937606,128.80990603007376,69.5247215218842,0.3299500201391008,0.4185852138325572,0.09169292515143751,-0.3692238084040582,-0.33988331630825985,-0.4185852138325572,0.19189018196086335,52.24928940655044,272.28745563025655,-219.99671530936016,472590.0443885225,581.6932036776726,699.3298412744491,0.04454582597123619,0.013441743472632413,0.0327009877206831,0.06377458897959058,0.012122427307628513,0.0004102985309439264,0.0005304339805206558,0.0008089217148287809,0.0010915201007538425,22,True,True,True,True,True
175,sobol,False,70.71634300518781,230.7074351562187,364.25797863304615,-0.3122631052043289,0.10426336959935723,-1.4077891107648612,-1.60820447858423,0.26024435171857474,0.14175166720524424,-1.081282748654485,-1.5522087525576354,109.28365699481219,50.70743515621871,133.55054347682744,66.45836437214166,0.3636492206635058,0.5269217299297451,0.15598098211921751,0.4540147724095731,0.5269217299297451,-0.1444196417927741,0.17309472266423817,39.575966811903186,228.6376280152167,-189.07200868506476,624850.4683124415,595.5903500582375,584.5694498540619,0.04540201995768938,0.01123594636338772,0.0225432976622928,0.09031607537262096,0.011102523440821653,0.0005626699765868911,0.0006473713612999489,0.001267352061807914,0.0013254333264021408,22,False,True,True,True,True
176,sobol,True,71.12014837097377,239.56247555557638,373.0432594195008,-0.08931327178142967,-0.4993343730922788,-0.8067046966403724,-1.376691852323711,-0.22383398907259106,0.31462787878699594,-1.1650079600512981,-1.5967600541189313,108.87985162902623,59.562475555576384,133.48078386392444,58.07688895147294,0.47646260421089476,0.7900553574785589,0.27550038401968774,0.4039411505684256,0.2116838922724129,-0.7900553574785589,0.17829677767393953,51.65045136865127,289.68808097646667,-238.00632852990373,486069.5767284241,591.8968860847723,649.9911958334873,0.04447276686945081,0.01249341068864028,0.03003903678920921,0.082726350890312,0.011215817387996202,0.00045288473639333327,0.0006470790101173229,0.0008726628717669019,0.001494226729463388,22,True,True,True,True,True
177,sobol,False,78.2186424266547,230.02150002866983,365.60652946680784,-0.45576738640666004,0.2932923106476665,-1.6959359670057894,-0.6781924655660989,0.2817094880156219,-0.3073490511160344,-0.9995490023866297,-0.9420693850144745,101.7813575733453,50.021500028669834,135.585029438138,72.61211295984685,0.41645738414365974,0.753866581991315,-0.011582822632044576,0.14841833529062565,-0.3213565368205308,0.753866581991315,0.13421928542718328,25.57241615340925,190.52713678231294,-164.95537632561778,699295.6739525676,601.2537272564042,655.2043782995501,0.04004389840095107,0.012593612706699654,0.022341525006099143,0.11691178326110495,0.010942936791143717,0.0006554462366387837,0.0005645944671799233,0.001576240741589564,0.0010242308631603556,22,False,True,True,True,True
178,sobol,True,75.47253458760679,243.69798745959997,369.9915483519435,0.1615289253182709,-0.0961063273716718,-1.3945841163396837,-1.484241458773613,0.10147905964404347,-0.39448792869225147,-0.6090221287682653,-0.6043710514903069,104.52746541239321,63.69798745959997,126.29356089234352,65.4809862356633,0.6592875492870246,0.8752193300053477,0.19758538701571526,-0.5560168540105224,0.8752193300053477,0.7902130648493768,0.1887636026374685,45.44208180328341,240.73540220864282,-195.27667657234323,543582.9615547186,587.6372570737992,630.9503829599836,0.044569846693905256,0.01212742927750872,0.0303404112743336,0.07642500445957173,0.012269343940028531,0.0005178303450001178,0.0005198688231245486,0.001140034849788435,0.0008903428093543959,32,True,True,True,True,True
179,sobol,True,68.47563232760876,234.37475005630404,362.61415610462427,-0.23461113036610187,-0.19804026326164603,-0.5065357809886337,-0.7829010628163815,-0.4004985516890883,-0.0664068751968443,-1.4526112601161003,-1.2563694391399622,111.52436767239124,54.37475005630404,128.23940604832023,65.86147622298449,0.5196258974670733,0.7498336581513285,-0.2024582884274423,0.16820425516925758,-0.6697101972997188,-0.7498336581513285,0.17927021757447634,53.019985350646174,295.7545657499939,-242.701326527709,448059.2447520208,585.2287286477895,614.2123196167813,0.04340588229144018,0.011805708766800952,0.032938441530841925,0.07192707324487253,0.011846513066892047,0.00040367217787834594,0.0005797431253830406,0.0007375022006162181,0.0011796473760497892,22,True,True,True,True,True
180,sobol,True,66.4986807666719,242.6800949499011,367.9581733420491,-0.2511523829307407,-0.320756824593991,-1.0856149781495334,-1.7117075398564339,-0.07077505402266981,-0.5664364519063383,-0.8455147314816714,-0.5614454807713629,113.5013192333281,62.680094949901104,125.27807839214802,58.540507424622774,0.544733552535004,0.8661928083747624,0.2499817705713212,-0.3152840689755976,0.8661928083747624,0.5241694973781705,0.18353239682768974,53.52568177222782,291.6415995072557,-238.08255839074573,429394.83211608144,580.7130607810218,595.9294931496347,0.04207563665651454,0.01145429653065473,0.03357684361416704,0.07473261847537525,0.011292948860305501,0.0005084330182725257,0.0004858571090624727,0.0010812725653370444,0.0008461590360732994,22,True,True,True,True,True
181,sobol,True,73.4653389127925,237.20859641674906,372.14789678901434,0.29528446719050405,-0.0038168799597769754,-1.6029632376506926,-1.0103669561445714,-0.5764347527176141,0.059157192474231124,-1.4019252246245744,-1.2985086074098944,106.5346610872075,57.20859641674906,134.93930037226528,61.317442123778164,0.3967549046819598,0.5726178727578372,-0.5726178727578372,-0.23612727471627293,-0.39155826848000297,0.3044546302407982,0.19049817295408175,51.398076692139476,269.80876454142486,-218.37850646383015,504802.04734729347,584.0104891091534,663.9869374853629,0.04541931679540311,0.012762421329814849,0.03069601471078104,0.08005749523565725,0.011548801941592116,0.0005709124834018545,0.0005602726429700121,0.001308011986631849,0.0013085319875177728,22,True,True,True,True,True
182,sobol,True,76.4467701362446,238.5904667014256,364.95055850595236,-0.5010400923900307,0.20096663776785129,-1.1156605251133442,-1.2476632712408902,-0.27797616785392165,0.14262182340025897,-1.7818136705085637,-1.6362276434898377,103.5532298637554,58.59046670142561,126.36009180452675,71.49621163029224,0.5477211075602945,0.6436619157902896,-0.47894280562177294,0.6436619157902896,-0.5341503992676735,-0.5205671183764935,0.18929670872065393,45.669544939659175,241.259054361341,-195.59760189625376,556116.2943820768,586.989172692965,659.7048774599673,0.04745224894971364,0.01268011631578758,0.027060634081117176,0.08130868653044612,0.012067927058313636,0.0005228237346477473,0.0006423020771141911,0.001084220969591054,0.0013799198303588364,32,True,True,True,True,True
183,sobol,True,69.3766256608069,232.92663592845201,369.19959677010775,0.07508536367677154,-0.3762046658899635,-0.5995219035074115,-0.549164072237909,0.2238857314921915,-0.18172654882073402,-0.5472730036824942,-0.9018554527312518,110.6233743391931,52.926635928452015,136.27296084165573,60.17702889069915,0.35967693648518273,0.600090397382155,0.600090397382155,-0.25681191249750557,0.0018910685554147655,-0.30233354922384026,0.19118566196217798,52.61371721530854,275.1969822178247,-222.53035040483527,463853.19248349784,586.7208104697063,717.5348684785945,0.03962196026816908,0.013791660337533335,0.032143992422138015,0.05761878429726752,0.011348273521835968,0.0003978587107291463,0.0005644091610640189,0.000805678697610785,0.0010456663897524532,22,True,True,True,True,True
184,sobol,True,69.71833494026214,244.79102799203247,363.5257519669831,0.2832383197266608,0.25705885072238743,-0.464391188696027,-1.7804166391491891,-0.04450338189490144,-0.4831214969977736,-1.620697212778032,-0.8367901127785445,110.28166505973786,64.79102799203247,118.73472397495061,66.19258297327906,0.45892221635294056,0.7663598167244344,-0.3015622326172889,-0.7663598167244344,0.1597194263711572,-0.3723989240825175,0.18233731293338717,48.42932159260268,265.6029137069451,-217.12561917097148,516769.90269938513,587.1474461969188,707.3166164463198,0.05014971112120056,0.013595256417022474,0.02995339298973337,0.07341526658666302,0.01252745164171533,0.0005486885858861748,0.0005744516566565545,0.001095416380972583,0.0012480052974769243,22,True,True,True,True,True
185,sobol,True,77.73974811658263,235.56641024537385,368.3710158802569,-0.3578271871432662,-0.5501905266195536,-1.3481618033722045,-1.0790975846350195,-0.49070062418468297,0.022823631204664685,-0.7142014373093846,-1.74582002684474,102.26025188341737,55.566410245373845,132.80460563488305,69.36873223632574,0.33155518206969875,0.39765822347253543,0.05948990243487062,0.3806508183479309,0.3648961473256349,-0.39765822347253543,0.19137113968928401,50.999961107019296,266.49766098391,-215.44365046993377,511001.36630649946,592.7146986033831,632.0131611258114,0.04060876379309991,0.01214785682203812,0.029061709526238585,0.06547986198531465,0.011260523411774529,0.0005106428256783415,0.0006370724700614286,0.001270106192909822,0.001495142974240092,27,True,True,True,True,True
186,sobol,True,73.10398871079087,240.69942538626492,366.56569627299905,0.03332297755405311,-0.14684325554408134,-1.7358640976250173,-1.14755158405751,-0.3108470737468451,0.225342110497877,-1.028502267226577,-1.3643410189077259,106.89601128920913,60.69942538626492,125.86627088673413,66.53829243779182,0.2323632596060905,0.3715230787172914,-0.16400381820276377,0.1920191329438239,0.119049316830933,0.3715230787172914,0.19753727911547755,48.57215882977242,245.88856871607413,-197.25983535544594,537122.4985581954,587.4633331067093,568.9396215353989,0.0468756546442142,0.010935527118589179,0.025255982591056384,0.08572908898704422,0.012598788099193606,0.0005683238230083012,0.0005747753455032944,0.001312326582737944,0.001260763187698506,23,True,True,True,True,True
187,sobol,True,65.21347046364099,231.28642322029918,371.28131015971303,-0.5780566413421183,-0.0599813775159419,-0.8532924396917225,-0.4490308558568359,0.1317263193894177,-0.21865477790124715,-1.2131285501644016,-0.45261875037103905,114.78652953635901,51.286423220299184,139.99488693941385,53.93216030392796,0.47704984861582167,0.7640976943075657,0.1917076969053596,0.35940186344087116,-0.7640976943075657,0.4006736893206835,0.18651760151199548,54.381879303272946,291.5643288484786,-237.13506394427358,436864.6288108497,584.7624324994802,650.3198826780451,0.037957910389028585,0.012499728343038273,0.03354685006448946,0.05468479598829294,0.010645055011211529,0.0004530453099226518,0.0005205587158962605,0.0009053540030782804,0.00097018586445865,22,True,True,True,True,True
188,sobol,True,66.95699001662433,237.92246331460774,370.4378393776715,-0.3861727389972657,0.07880745707079773,-0.7323719289153816,-1.2813651544973255,-0.1307944194879383,0.2312843904830515,-0.4308184036985041,-1.146777316555381,113.04300998337567,57.92246331460774,132.51537606306374,56.51915063895285,0.5745319516794751,0.8505467507988214,-0.20960187655873602,0.6174571294803172,0.8505467507988214,-0.41440538763999935,0.19462797495085843,53.24091480627213,273.5522209472452,-220.25523418797923,470455.7382573324,583.8533453702075,622.9286336527265,0.04408094877205596,0.011973244099033544,0.02932131344669896,0.059669041428965126,0.01212097889396335,0.00044169298579666634,0.0005661308065928271,0.0008601680974789656,0.001197629840681228,23,True,True,True,True,True
189,sobol,True,74.8758641583845,232.13025824632496,362.9095338024199,-0.04012898411601784,-0.2532045489642769,-1.2442435109987855,-0.5828445723280311,0.31551949740387497,-0.27098603984341024,-1.6461917452514172,-0.6694361098110677,105.1241358416155,52.130258246324956,130.77927555609494,71.9663303559646,0.6778371448439551,1.063347172923386,0.5687240463681519,-0.2308570557273924,-1.063347172923386,0.5748074011877178,0.1939227096848762,48.32136137970429,249.17845598499707,-200.7994100479002,520944.5392929846,589.9692723380887,705.8892153135982,0.045989192203891145,0.013567820493762539,0.03064629229965192,0.06918873964437479,0.012557152073304679,0.0005176510589880219,0.0005956310890054085,0.0012227488860159555,0.0012686512113034248,30,True,True,True,True,True
190,sobol,True,79.74694069009274,242.05605858471245,373.5275332964957,-0.135358174610883,-0.44409742057323454,-1.4678859859704971,-1.5700405687093735,0.016626022895798065,-0.47723765163682397,-1.3213379368185998,-1.0508957503363492,100.25305930990726,62.056058584712446,131.47147471178323,66.21940739359707,0.3757930028277248,0.4607234434690326,0.4607234434690326,-0.34187947702594096,0.24870263189077368,0.41699023563414794,0.19845454515801597,50.944207317718835,256.70466391765126,-205.7176966084979,491940.72649754636,582.9638591657856,665.7650407194722,0.041745823151186266,0.01279659806035047,0.031765833787587724,0.08067784133973102,0.01058322514472912,0.0005231598219965001,0.0005761288717921207,0.0012621534888283983,0.0011870045352101665,22,True,True,True,True,True
191,sobol,True,71.69528960250318,236.4854258019477,365.86960058286786,0.1809969212394208,0.11845120009966192,-0.957208020053804,-0.8687213681638242,-0.42583211124874654,-0.02945009856484826,-0.8278340877965094,-1.5309279868379235,108.30471039749682,56.48542580194771,129.38417478092015,65.82568901963532,0.40968238952250974,0.5737199667841195,-0.5442833113484085,-0.21044701980426905,0.040887280367314816,-0.5737199667841195,0.19981026565521912,51.65624698151645,258.5264916801194,-206.8169536445142,493177.6450345357,583.2285368980005,639.5964921234313,0.04374147615751182,0.012293615209457005,0.029776793023515907,0.0653099927405726,0.012127823551056287,0.0004867905909723938,0.0005932761645374695,0.0009710608262169277,0.0013388258978044734,23,True,True,True,True,True
192,sobol,True,71.62711923476309,244.23023673240095,373.81587386131287,-0.34790859315544365,-0.06861975546926258,-0.5934978613629938,-0.939827048406005,-0.39595951666124163,0.1862989366054535,-1.3034866984933615,-1.0035651847720146,108.37288076523691,64.23023673240095,129.5856371289119,57.81124537345022,0.41621285267875824,0.5342075297608971,-0.32733976119197905,0.5342075297608971,-0.36365965008735657,-0.41006732340902086,0.18952942969508618,54.88596363706531,289.59071805030766,-234.66719834054985,424774.0655539906,580.6512798795947,645.7469835418461,0.04271833941482366,0.012411833141822506,0.034015345801497614,0.06897680449647928,0.011464585957657649,0.0004094005916306217,0.0005448099478109849,0.0007442367782886448,0.0011636335940989045,22,True,True,True,True,True
193,sobol,True,79.58621402271092,234.78686589747667,366.28703908622265,0.2783126399386674,-0.22645512162707748,-1.1315970104187727,-1.6410819951444866,0.1059889897238463,-0.20188190937042239,-0.7689513279125095,-1.578958347812295,100.41378597728908,54.78686589747667,131.50017318874598,73.29917493648827,0.5704931987497922,0.8721306672319771,0.3324441113509238,-0.4801945493090898,0.8721306672319771,-0.44736133739352235,0.1774461151870597,40.73407435620907,229.55743107290982,-188.83419590066092,611520.6954713046,596.4435082608993,697.0588488624562,0.04593259395185887,0.013398092972355356,0.0233578121000721,0.07418363380687816,0.011922290702447236,0.0005089387106353283,0.0006457857705849547,0.0011923137762515968,0.0013707964705560528,22,True,True,True,True,True
194,sobol,True,75.06764546968043,240.7905538007617,370.90478859841824,-0.5730226673651486,-0.5263586509041488,-1.6079612215980887,-0.5226329999044539,0.2855455451179295,-0.5296426022890955,-0.4488344436511398,-1.19752603340894,104.93235453031957,60.7905538007617,130.11423479765654,64.16285687126219,0.45688442854106864,0.8119041960220783,0.8119041960220783,0.043380065076053076,0.07379855625331411,0.4104351881891488,0.19493591747166464,44.08173256211,226.13448118670897,-182.08960429143397,532469.3977078527,586.8194158222386,697.1881743144935,0.035108640909489904,0.013400578722924217,0.02834983492087004,0.08648378523882065,0.010493366222406902,0.0005296014324520148,0.0006182468881642332,0.0012794035894384357,0.001232716241408223,28,True,True,True,True,True
195,sobol,True,67.00506345834583,231.59813756588846,363.24779134988785,0.023513527121394873,0.3212453562300652,-1.0686524346470834,-1.2212178358808161,-0.2200270369183272,0.03223453513346608,-1.705250321701169,-0.619355139695108,112.99493654165417,51.598137565888464,131.64965378399938,63.75727210845798,0.42696819733615027,0.5412723931483925,-0.5412723931483925,0.008721008012071207,-0.48403248582035285,0.44929729495197535,0.18043474766038264,51.13241790267497,283.3845396504075,-232.2169770993041,488306.9452919996,585.312812870146,697.4082691920346,0.04612627947193782,0.013404809142833306,0.03195539024435791,0.0773263732094796,0.011321051173165852,0.0005209741420813017,0.0006270382245421947,0.0010288151020178768,0.0012921754233913335,22,True,True,True,True,True
196,sobol,True,65.05740944296122,238.05844631046057,366.90412852168083,-0.049127587117254734,0.2282167337369173,-0.511449238844216,-0.7497572841122748,0.2209666094277054,-0.43440385023131967,-1.097985528409481,-1.3245350122451782,114.94259055703878,58.05844631046057,128.84568221122026,58.153280921280384,0.4824058841512489,0.8130857734009622,-0.007250124309211903,-0.38527626311406493,-0.3482282442972062,-0.8130857734009622,0.18145989941775895,44.47073675517749,245.0719795275345,-200.62929086708442,566484.786803875,597.2766137374423,667.450471127267,0.04234075930996209,0.012828993536484113,0.024156411640113333,0.06725364886646039,0.011536327315865104,0.00044061850783837876,0.0006167308116495993,0.0006804067412339379,0.0012443881260112135,22,True,True,True,True,True
197,sobol,True,73.03115269634873,232.51429120544344,371.7488174587488,-0.3803278892766684,-0.40438126465305685,-1.377708101645112,-1.4483419323340059,-0.280866184970364,-0.050013668928295396,-1.2415693582966925,-0.49176804609596747,106.96884730365127,52.51429120544344,139.23452625330538,61.28233523759991,0.4878545219821717,0.8859400555491446,0.12351507968269287,0.330314220348373,0.20677257403731342,0.8859400555491446,0.17487304364493628,53.705157238248766,307.10940988304736,-253.37612901568247,421762.8875971581,580.2522951950205,591.6485916603,0.03880973788895315,0.011372013784724164,0.03627243442343881,0.07604665803892224,0.009659760148149645,0.0005204082927147554,0.0005213886963057565,0.0012595085463591304,0.0009778664176858275,22,True,True,True,True,True
198,sobol,True,77.78504508081824,241.45224558655173,363.9433880597353,0.17502843211404973,-0.348468761658296,-1.6899964509531855,-0.8111402641981841,-0.5800424984190613,0.28148016002960496,-1.5510478148236873,-0.8731783332303168,102.21495491918176,61.452245586551726,122.49114247318357,73.84165702108294,0.5655999882528537,0.8168181177228687,-0.23157373676076531,0.10645172791555524,-0.7399075506255032,0.8168181177228687,0.18667940115574871,49.52664443363757,265.3032103542958,-215.73701000006167,502182.0010183062,585.4495277446324,592.6354659359415,0.04950551655092156,0.011390982388764768,0.03142997121796579,0.07609079785578844,0.013608280233364406,0.0005610887881267799,0.000620153728787958,0.00135301063677203,0.0012093229331266518,22,True,True,True,True,True
199,sobol,True,69.91289272904396,235.6317299976945,368.6598916351795,-0.12648236164823173,0.024821984581649303,-0.8225546531379224,-1.5123953986912966,-0.07435369477607312,-0.2840716752689332,-0.6855834774672986,-1.7087216844782234,110.08710727095604,55.63172999769449,133.02816163748503,61.25300109386444,0.6131027988143811,0.886167031340301,-0.09917567935772242,-0.15758931362070144,0.8268119212239979,-0.886167031340301,0.18574049377309976,46.917643483464914,252.59781822686128,-205.6899177372781,556444.6690099697,594.9005615578858,595.3079914043811,0.042596105377043204,0.011442350712623759,0.02650962448766564,0.06465431645256271,0.01122382836278257,0.00046174282300633204,0.0006625907742824776,0.0008968081073783918,0.0014799237684621869,32,True,True,True,True,True
200,sobol,True,69.33221569750458,240.1662885537371,364.57961658760905,-0.46476631499826904,-0.17362678050994873,-0.9412722857668997,-0.64209919590503,0.13510200409218664,-0.3813704968895763,-1.7227547289803624,-1.7744819981977344,110.66778430249542,60.166288553737104,124.41332803387195,64.75259910989553,0.7007715624537242,1.0806555330753325,0.3087287846021354,0.08339581810869273,-1.0806555330753325,-0.8332097124308347,0.17288749589881164,40.34357533126152,233.3516089265009,-193.02566040052153,606703.5147816913,601.2119899697997,638.8703288857934,0.04542935316869233,0.01227965770416623,0.021810961367897574,0.07182756965355865,0.012477222364890779,0.0004408746761627534,0.0006753191560194869,0.0008962097236770515,0.0014461502680488158,22,True,True,True,True,True
201,sobol,True,76.25132534652948,230.87519583292305,368.77027567848563,-0.08346809647046027,-0.03041409733705225,-1.4739106122404337,-1.3407053733244538,-0.30750026749446985,-0.11662928475998341,-0.5292561814188959,-0.7642795050516726,103.74867465347052,50.875195832923055,137.89507984556258,67.48104966804385,0.5567545485749102,0.811449191905558,-0.2770861701574176,-0.033161188289523136,0.811449191905558,0.7096311071887611,0.19498959079312927,51.67487857368649,265.0135238681024,-213.2927760545996,495177.6865804801,585.6917650251403,638.8282786410097,0.04137719837976313,0.012278849460945384,0.02982618246878619,0.07500273069698554,0.011165564536794823,0.0005814748324784409,0.0004829477058080109,0.001394124504829032,0.0009651673201542259,22,True,True,True,True,True
202,sobol,True,73.62240120768547,243.56200446374714,367.5726866982877,-0.24057903909124434,0.2833800780586898,-1.2612039683386684,-0.884661389514804,-0.48754966761916874,0.33510750168934467,-0.9043970219790937,-0.4266092460602524,106.37759879231453,63.562004463747144,124.01068223454058,66.04971450939775,0.6369233689484552,0.834594722278416,-0.7709297456778585,0.575686540780589,-0.019735632464289665,0.834594722278416,0.18389503649329092,45.81359007802586,249.12901920382873,-203.3278111426876,540144.6778204164,587.5065864233827,745.7567724582574,0.04555688114584258,0.014334110510848647,0.03054211542770791,0.07774603719861949,0.012751568189984928,0.000524668929393025,0.0005268706967928731,0.001054929360800655,0.0008681842363889117,32,True,True,True,True,True
203,sobol,True,66.57051550690085,233.99071709718555,371.82119558379054,0.17040415788069363,-0.5792959904763847,-0.7273720256984235,-1.5858949948102237,-0.04138130377978089,-0.35009330278262496,-1.4197757432237268,-1.4340339355170728,113.42948449309915,53.99071709718555,137.830478486605,54.749319923110306,0.5213531617955978,0.7066619098186493,0.5379146866966038,-0.5204974606633186,0.16611925158649687,-0.7066619098186493,0.16578972559222313,51.049988900184346,307.92010010166155,-256.8483682770037,459406.81479049026,589.8341328279932,689.9686967727193,0.04105836207377097,0.013261813923546986,0.033321794251170204,0.09119338251880059,0.009636057107501964,0.0004944421733716782,0.0006284406236107149,0.0009394233716896865,0.0013803113980749098,22,True,True,True,True,True
204,sobol,True,68.28473796136677,242.58896653540432,369.66504437848926,0.30520250909030433,-0.47019509472884236,-0.8701692054048181,-1.0181331630796195,-0.42989997453987594,0.13323705340735614,-0.6376391185447574,-0.728253602795303,111.71526203863323,62.588966535404325,127.07607784308493,58.61969358287752,0.22142243046369914,0.38049404453486213,0.040295120188966416,-0.1719654556829482,0.38049404453486213,0.14191560260951508,0.179158477180786,54.70507663292153,305.3446172001088,-250.61531101814828,376664.7564928094,579.803668080796,579.6232454333767,0.04447193021938594,0.011140875901551158,0.03441898546135025,0.06858390617660738,0.012543389740651762,0.000455100900565355,0.0004724740388223075,0.0008293501822945636,0.000955418278211775,22,True,True,True,True,True
205,sobol,False,75.42357420083135,236.89688207115978,362.22920429334044,-0.2560775106307119,0.14733084579929712,-1.7309512238949538,-1.7193669144064188,0.012587038055062338,-0.13523683999665082,-1.5222601052373648,-1.1317660639062526,104.57642579916865,56.89688207115978,125.33232222218066,73.19436990749091,0.328112904187033,0.5991851599887013,-0.13474380774423478,0.12084067063406106,0.197106809169054,0.5991851599887013,0.17531902242168645,39.3429319152563,224.40766193999548,-185.0724004006796,627735.698860499,592.6679559292292,606.9352828457443,0.04756790955074147,0.01166583762768449,0.02372838203331076,0.1007038316192196,0.011719517886171432,0.0006103405983503875,0.0005870105546171663,0.0014111884197719202,0.001218280348782076,32,False,True,True,True,True
206,sobol,False,78.28781412448734,239.15125796105713,372.6141126714647,0.0801196915563196,0.10536697586067023,-1.3323097607120873,-0.43206492234021443,0.31121249506250026,-0.5832993833348155,-1.136566286161542,-1.4694596853107216,101.71218587551266,59.15125796105713,133.46285471040756,65.67370145302266,0.49940702842180795,0.7045013638213276,0.20584551920183003,-0.663419074891135,-0.7045013638213276,-0.1371499245986343,0.15318536922919512,29.503119863725974,192.59750465844795,-163.0948040074568,662200.7495300544,596.2569066819808,621.2132228586029,0.04291219563058686,0.011940272373126965,0.02174191893440373,0.0960700502287077,0.011922609789013631,0.0005485385471152046,0.0006706232701781437,0.001214351552240132,0.0014137002480190007,22,False,True,True,True,True
207,sobol,True,71.27987370826304,233.7061802763492,365.2361452691257,-0.5108498967252671,-0.28254646398127076,-0.470328785479069,-1.1306709537282587,-0.13507254337891939,0.09828470665961508,-0.9300651257857682,-1.0687237031757832,108.72012629173696,53.70618027634919,131.5299649927765,66.04372843913734,0.44472258151246263,0.6091346033848822,0.14747392060235137,0.6091346033848822,0.2006058279424905,-0.5983949176967143,0.1830070187891069,52.713176271991394,288.0390961001165,-235.28115105885394,460290.2584054009,585.8825744227463,677.097186803195,0.040937338718845064,0.013014412018316577,0.032326483814660134,0.06584473512177015,0.011045752963411893,0.00039905842790407495,0.0005364592217945022,0.000750887096898921,0.001086406815765087,22,True,True,True,True,True
208,sobol,False,70.79012092202902,238.45977256074548,369.4393594004214,0.2166713849641383,0.3033255867660045,-1.7933844551444054,-1.6902471633628011,0.3491431045345962,-0.07401187443174417,-1.2291530767455698,-1.0241515478119254,109.20987907797098,58.45977256074548,130.9795868396759,61.35076152160764,0.47194359426314064,0.76923290733248,0.045817517768591665,-0.29068325939588247,0.4610940866172313,0.76923290733248,0.1436054485492753,30.305807143285385,211.0352180188105,-180.7341688324849,712397.7089877102,598.3267729012559,612.3033631324498,0.0484758894588125,0.011769016920052302,0.02456939643535065,0.11298376024054207,0.011636754263286747,0.0006085851960221726,0.0005958710795698374,0.0013387351327405939,0.001116036260700013,22,False,True,True,True,True
209,sobol,True,78.78306029830128,232.99187880475074,364.71038176491857,-0.17204644181765616,-0.5073955412488431,-0.8835706224665046,-0.9887572521343828,-0.15836965637281536,-0.4029986920300871,-1.0227422498166563,-1.515121159143746,101.21693970169872,52.99187880475074,131.71850296016783,74.07267853338271,0.3791995090438723,0.6315505366772413,0.34902588487602776,-0.23095225021243093,-0.03398499768227348,-0.6315505366772413,0.18350137206640973,47.58123871928995,259.29636483628116,-211.65961434848683,542588.7746351231,598.6399250923976,728.2919586497351,0.039834022000018586,0.013998421207810145,0.02900081048462483,0.06966073239118689,0.010940611432439186,0.00044933472422668575,0.0006071474982722533,0.0010671700619021846,0.0013129244436791258,30,True,True,True,True,True
210,sobol,True,75.78698019031435,242.80758653301746,372.47047110274434,-0.033243757253512696,-0.18615197138860823,-0.40704652778804307,-1.2706610661000015,-0.4529723381623626,-0.31547590270638465,-0.718689985573292,-1.1747151900082828,104.21301980968565,62.80758653301746,129.66288456972688,63.31650908757001,0.5110859371830357,0.7676686622202398,-0.26682036677375437,-0.28223214545287195,0.5519710805267095,-0.7676686622202398,0.1890049459347273,53.69733351541848,284.1054409970986,-230.37082130116735,443042.2400146015,581.0234690210026,662.5871562548576,0.0409633754322375,0.012735516285717249,0.03465766015051935,0.06457860720375394,0.011347983669846459,0.00043994010131573075,0.0005486192630244703,0.0008214914897912946,0.0012428343761442826,22,True,True,True,True,True
211,sobol,True,67.92682491242886,237.14747520163655,367.63528076186776,-0.39227609597146507,-0.10973435477353632,-1.3183904329314828,-0.571969397738576,0.05074239689856763,0.3054792962968349,-1.603230986185372,-0.6864365249872209,112.07317508757114,57.14747520163655,130.4878055602312,60.291544150561094,0.7027591302926189,1.031261588446796,0.16047675167210396,0.6977553922683,-1.031261588446796,0.631953907944262,0.190215770955161,51.38069670766378,270.11796366651214,-218.6795146530346,488051.27842454665,586.7650155848485,589.1782625753855,0.04592461994906825,0.011324531855750719,0.030180150580663728,0.065553872279933,0.012438602143629912,0.0005026284614791074,0.0006179399614076829,0.0010908189298223438,0.0011859756931446685,22,True,True,True,True,True
212,sobol,True,66.12470803316683,243.78291238564998,362.4793099798262,-0.5571098475717008,0.0065642965491861105,-1.5035473965108395,-1.3990055110305548,-0.5256986562162638,-0.17414329159073533,-0.821305105648935,-1.392281604371965,113.87529196683317,63.78291238564998,118.69639759417623,63.645398053340614,0.4404784525844869,0.5777004053816198,-0.5322629527654499,0.38296655598096546,0.5777004053816198,0.11126579213887444,0.1945913213987977,49.91738759922817,256.52422338469506,-206.5528340158967,505393.2910485539,584.1003374179105,610.6726546031866,0.04409521849857118,0.011737673247245426,0.02793221377193526,0.07530915722255078,0.012326653952600854,0.00051284064103437,0.0005500737305640975,0.0010687029310013653,0.0012176046383951904,22,True,True,True,True,True
213,sobol,True,74.07370206899941,234.23810319975019,370.1268086321652,0.011594313895329833,-0.3293978267349303,-1.009345212392509,-0.7003140721470118,-0.018300701305270173,0.15115433228202158,-1.3367643970996141,-0.46962179411202687,105.92629793100059,54.238103199750185,135.888705432415,63.946893436834216,0.45072963197335186,0.6364503249526023,0.3110971254296601,0.13956001838669174,-0.6364503249526023,0.5397234182804822,0.18854924465566672,54.483039127207796,288.95920122462474,-234.4421587819963,429777.34575559,582.1942336588,667.7691858986842,0.04347407807323726,0.01283511951873953,0.035439307422468334,0.06882100675146494,0.011650399504431924,0.0004662890310980122,0.0005571149785974232,0.0010553474381918915,0.0010368639058939075,22,True,True,True,True,True
214,sobol,True,76.83445789851248,239.48075318709016,365.55439918115735,-0.30629463023506104,-0.3639684736263007,-0.6968756172806025,-1.4634652184322476,0.15842173853889108,0.06737826531752944,-1.6294946398586037,-0.8100484553724528,103.16554210148752,59.48075318709016,126.07364599406719,71.28005871735513,0.3364880483381193,0.5223902121651918,0.5223902121651918,0.3736728955525905,-0.16602942142635602,-0.1131728380918503,0.1852390752842113,49.953305690726715,269.6693751795275,-219.6633450381876,501989.3188477547,585.5540940517085,743.3916081522564,0.04645067024799981,0.014288649942751116,0.032412971121806716,0.07551871008755122,0.011746257768863832,0.00043750991847164926,0.0006096196529208057,0.0008642374964812753,0.0012249640233762402,22,True,True,True,True,True
215,sobol,True,68.75457608606666,230.15402522403747,373.09570801630616,0.23271956630051138,0.18675877638161176,-1.1926238955929875,-0.7619750777259471,-0.34541012411937116,-0.5573820942081511,-0.43590517472475776,-1.7300159946084024,111.24542391393334,50.15402522403747,142.9416827922687,55.6588680697605,0.5706523070851394,0.7901016605086625,-0.5321689005009829,-0.7901016605086625,0.3260699030011893,-0.5373920990154148,0.19805939027614994,50.62810146084858,255.62080843659527,-204.9378742612875,507170.1427670305,584.4168637351755,637.2978310339189,0.038293427824212585,0.012249432892512771,0.02887389034711011,0.0708304588905207,0.010570883126048872,0.0005341658135245854,0.0006628410235481776,0.001134049275914224,0.001571884905226127,30,True,True,True,True,True
216,sobol,True,70.28179434128106,242.1427861507982,366.01634561270475,0.09600351965054865,-0.5453764287754893,-1.446283193677664,-1.3029686834663154,-0.5437543578911572,-0.2262923910282552,-1.4679521877318622,-1.6641708053648472,109.71820565871894,62.1427861507982,123.87355946190655,64.2654487285763,0.21128881487239082,0.32229591067880387,0.001622070884332083,-0.32229591067880387,-0.16498350426554675,-0.2178876116871833,0.18411822568297617,51.96788112331626,282.25278041076234,-230.25918316966158,467593.87596229493,581.3435343786621,558.5615255317833,0.04586175521895788,0.010736050854340635,0.029518662891702213,0.07821801755584688,0.01195824621433691,0.0004843720162693071,0.0006096777748319924,0.0011158993497717823,0.0014116854226489562,22,True,True,True,True,True
217,sobol,True,77.41065052803606,236.3469763053581,373.38037411123514,-0.522798101650551,0.2502726449165493,-0.5419513789936901,-0.6042984399944544,-0.09558783178217711,0.21685671666637063,-0.6025785123929384,-0.9188612397760154,102.58934947196394,56.34697630535811,137.03339780587703,64.03027641680092,0.4496589599095116,0.7396548183169216,-0.34586047669872644,0.7396548183169216,0.0017199276015160692,-0.37690986078232536,0.1923931907776957,47.984131310078,249.40659862293234,-201.45558030272045,516013.97338879533,588.5051796373815,748.7455908865555,0.039848883355910164,0.014391558267584217,0.02922857194651908,0.066456988617165,0.011239534652421381,0.00048383406590216707,0.0005431210983680199,0.0008224267928533975,0.0011086220483773745,24,True,True,True,True,True
218,sobol,True,72.55422288086265,237.83893830608577,362.95012567192316,0.34684546370990577,-0.05702229542657733,-0.7544761095196009,-1.5472400831058621,0.19950772305019193,0.01466416926123204,-1.0047211391851307,-0.5346958855167032,107.44577711913735,57.838938306085765,125.1111873658374,69.60409720893949,0.36013268878877047,0.5425189439207314,0.25653001847676926,-0.3321812944486737,0.5425189439207314,0.21978022400289765,0.18875664922323313,49.77957039548461,263.7235329210193,-213.8977264649515,505790.3995115965,588.5191311740458,701.829415503857,0.04830512134226534,0.013489787519374755,0.031232207397791048,0.06538440547427188,0.012606792184511774,0.0004961664465651604,0.0005175762352175177,0.0009051929215279429,0.0009606862065578117,22,True,True,True,True,True
219,sobol,True,65.52884587086737,232.26458608172834,370.3969291970134,-0.30164159256964923,-0.14806260210461913,-1.660364699549973,-0.8457287469878794,-0.24480279381386932,-0.4922447064425796,-1.148225321993232,-1.2826964704319836,114.47115412913263,52.26458608172834,138.13234311528504,55.13191667385399,0.2644927602435872,0.37766822911798936,-0.09674019170925019,-0.19060311387293039,-0.30249657500535254,0.37766822911798936,0.19704704049274793,53.84428500641037,273.2559944659105,-219.37277600307746,479323.23429234896,584.3996936571519,560.5623151129388,0.03751767985176311,0.010774507815141275,0.026959028560079184,0.07275446824967123,0.009977535560227768,0.0005593597216920682,0.0005788506507856312,0.0012893043422650343,0.0012728377260594653,22,True,True,True,True,True
220,sobol,True,67.56439475808293,240.57059071492404,371.05344643443823,-0.1989650779403746,-0.24873835151083767,-1.1455219551920892,-1.758299538679421,0.24947578371502455,-0.021892214380204722,-0.5414276205003263,-0.5776240848004819,112.43560524191707,60.57059071492404,130.4828557195142,56.5109483236447,0.7216053942419715,1.2168719181790946,0.4982141352258622,0.17707286356016988,1.2168719181790946,0.5678978703916073,0.18919995587126603,52.226182390610376,276.03696919541414,-223.76943826032496,472581.14619850524,585.422771018216,644.0524632003544,0.045737170598244344,0.01237926294905341,0.03348774457187927,0.06223852449366416,0.012235782473830819,0.0005094304294686657,0.0005435362052119632,0.0010628163605077372,0.0008865401457060185,22,True,True,True,True,True
221,sobol,True,74.50282122939825,231.34980662725866,366.793974108994,0.12481108601205049,0.07260108524933462,-0.6567750861868265,-1.0567880982533098,-0.1985763893928379,-0.4686725324019789,-1.7979237297549844,-1.2405600141733886,105.49717877060175,51.34980662725866,135.44416748173535,67.70884712040424,0.5735518491175792,0.7411356315016746,-0.2711774746421725,-0.5934836184140294,-0.7411356315016746,-0.5837849279865621,0.18405569490413579,50.840523952988484,276.2235853634871,-225.34246196654186,498425.5691946958,584.6120504076941,672.981569526912,0.04388151064901624,0.012935306182423015,0.031849894721123616,0.07480065332056952,0.010997189040171542,0.000473697928565097,0.0005957469163652826,0.0009073691242983208,0.00128618535176851,22,True,True,True,True,True
222,sobol,True,79.12393264472485,244.91666010580957,368.03690315037966,-0.44885349343530834,0.12106238179840145,-1.055255998298526,-1.1684717278927566,-0.37474800110794604,-0.26279033650644124,-1.384544530697167,-1.6247060114517808,100.87606735527515,64.91666010580957,123.12024304457009,71.08702949434519,0.4035493178522518,0.5694500131532549,-0.4958103829063475,0.1860631569288671,-0.21607280280441055,-0.5694500131532549,0.1969926136644759,46.182624287866375,234.43835496556278,-188.268667840469,537840.4720200243,584.9187387134801,665.5651553204144,0.04376516621304536,0.012792756084648185,0.027881683141177636,0.07906567407245903,0.011849600031486525,0.0004961480136577113,0.000621779252580225,0.0010074117953299663,0.0014236488948909784,32,True,True,True,True,True
223,sobol,True,72.08390722516924,235.5071484996006,363.8601829633117,-0.09538731146603818,-0.44473693314939733,-1.545522258616984,-0.4698015887290241,0.06968009634874761,0.24037136207334697,-0.8499179139733316,-0.95907771717757,107.91609277483076,55.50714849960059,128.35303446371108,68.22372426185757,0.46523230433729107,0.5864445414394139,0.5144170294981449,0.33575867353938516,-0.3801163252443075,0.5864445414394139,0.20345898334200888,51.481846546853156,253.0330472570661,-201.49643795483402,477705.6171748258,586.9933811347123,633.0166582154602,0.04374133111740187,0.012167144931394373,0.02938406401252216,0.06970871422862196,0.012610414726030233,0.0005321197030616155,0.0005370546810572923,0.0012841661683608099,0.0010128152010524954,27,True,True,True,True,True
224,sobol,True,72.32770609669387,241.2133226916194,367.37414991110563,0.24826705511659386,0.05287419720552866,-1.6419710524380209,-1.2365671433508396,-0.1157985028810799,-0.40821907534264024,-1.3431297510862352,-0.5204951526597144,107.67229390330613,61.213322691619396,126.16082721948624,64.95355618558824,0.6573599285001284,1.1214758997783065,-0.16867270008660856,-0.6564861304592341,-0.10656260773539561,1.1214758997783065,0.1789849353649249,44.7026099648318,249.75627068104652,-204.99459880579846,568246.8191588164,587.9606028730465,628.0690962519618,0.04576979013643867,0.012072048376373778,0.02964683398012251,0.08323285525088633,0.011922820750426014,0.000563440635017849,0.0005213351399636761,0.0012480013392606503,0.0010704557683426214,30,True,True,True,True,True
225,sobol,True,79.3493567360565,231.65189171675593,372.01964012533426,-0.3185797035228461,-0.34593473868444563,-0.7813706083223224,-0.5353120401501656,-0.5601094727404415,-0.08410286321304739,-0.805881409533322,-1.361165707372129,100.6506432639435,51.65189171675593,140.36774840857834,67.32971661072224,0.3571485495841322,0.5797950990498066,-0.2141747340559959,0.2344768403097987,-0.27056936938315634,-0.5797950990498066,0.1885035216326519,53.53297969353906,283.9892816318943,-230.40879423034357,454886.60106139357,584.5541253033002,643.3124735957363,0.03724532771450638,0.012365039688653762,0.034081415179232466,0.05792982096358773,0.010634549513816387,0.0004545997158265027,0.0005728295088376292,0.001034693067042336,0.0013421557419926737,22,True,True,True,True,True
226,sobol,True,74.83078348916024,244.39477684441954,364.40462110191584,-0.005344726936891697,-0.41062623220495875,-0.5564143646508457,-1.6913583552464844,-0.2655430128797889,0.3007228934206069,-0.4092020148411395,-1.6769616782665253,105.16921651083976,64.39477684441954,120.0098442574963,70.4261623872444,0.8680837649751895,1.2821563404053449,0.14508321932516988,0.30606762035749857,1.2821563404053449,-1.1205473136156796,0.17999248438142118,46.52516993182606,258.48395888149867,-211.90382049922405,541436.209082126,600.3177647634714,658.1027445651464,0.05009608708437063,0.012649321892169102,0.029025529514200465,0.06391553878441325,0.01420070816309642,0.0005026316209025788,0.0006263405544437838,0.000999875863295069,0.0013925394347667358,29,True,True,True,True,True
227,sobol,True,67.70565367303789,235.084214694798,368.9453634545207,-0.5425056011416017,0.20387545153498643,-1.4185342000797392,-0.9927736757323147,0.18262396622449162,-0.32510291105136274,-1.66833086386323,-0.8390675086528064,112.29434632696211,55.08421469479799,133.8611487597227,58.760290218517184,0.45822339426173986,0.6755571881309153,-0.02125148531049481,0.217402690090239,-0.6755571881309153,0.5794666914269327,0.18323512926844554,45.404201171654094,247.79201102390925,-202.40486807868643,570229.264763885,591.6130281237265,618.8108332339274,0.04139361619095645,0.011894096301193077,0.026752625000346655,0.08120579518519626,0.010574056663498728,0.0005473838793510683,0.000576559044001366,0.0011631189585933881,0.0011988349743249976,32,True,True,True,True,True
228,sobol,True,65.75799633283168,241.48551302496344,372.7892147526145,-0.41060546431690453,0.3497886139899492,-1.5599411219358446,-1.4813244154676797,-0.20763239450752735,0.16008563186042013,-1.0501286905258895,-1.5449339764192702,114.24200366716832,61.48551302496344,131.30370172765106,52.96878158021718,0.4534758746601223,0.5706910961773246,-0.5574210084974766,0.5706910961773246,0.43119572494179015,0.015007145516574338,0.18888731331277597,44.96744459231128,238.064927726778,-193.10610287266863,582072.9099534745,589.0557029768477,679.5331479597014,0.04492900354429544,0.013061233365043876,0.024507323985132994,0.09064814834550523,0.01127774641680224,0.0005517183270240958,0.0006378413654856776,0.0011169214313357795,0.0014599598115057066,32,True,True,True,True,True
229,sobol,True,72.79429538175464,236.0594180598855,365.06113547831774,-0.020030461205169603,-0.5242576896678656,-1.0274630075320603,-0.7827395899221301,0.23679524995386603,-0.16776326154358684,-1.1909994659945369,-0.9718896185979248,107.20570461824536,56.0594180598855,129.00171741843224,67.7331599034369,0.43897354281636136,0.7610529396217316,0.7610529396217316,-0.14773280033841724,-0.40825987607240677,0.05557338893413555,0.19477847301090595,50.9840762762319,261.7541635280056,-210.71522389738192,496354.2817590665,584.8766141127234,729.8931215731251,0.0433057631298536,0.014029196987712341,0.03123564965411416,0.06273398663167004,0.011900673213363725,0.00044477530440101824,0.0005612772082466084,0.0010247949085794427,0.001033482908435778,23,True,True,True,True,True
230,sobol,True,77.54818307235837,238.3753627166152,369.86348033696413,-0.15603647311218083,-0.2322670274414122,-0.6384255614131691,-1.3700385831296444,0.060109046194702365,-0.5489147750660777,-1.5989154329523445,-0.6560716256499293,102.45181692764163,58.3753627166152,131.48811762034893,67.68470273539424,0.2704316570544482,0.39287830195389684,0.29237607363611456,-0.39287830195389684,-0.22887684982270007,-0.017646064236760184,0.18738703202804438,51.87445584858532,276.8305537857165,-224.91284181140395,475619.52265100746,583.6559755862365,726.7729801307654,0.041465484329564095,0.013969225085483632,0.033830987225748003,0.06883144895330333,0.010498178934645485,0.00043054506896434384,0.0005473298683189916,0.0008534550844127988,0.0011563859076740234,22,True,True,True,True,True
231,sobol,True,70.6134829716757,232.67299304250628,362.0306760892272,0.20484986742958422,-0.09345208280719819,-1.1724604511633516,-0.6687836259603501,-0.38794267391785975,0.07329431492835281,-0.7361641500145197,-1.226338252797723,109.3865170283243,52.67299304250628,129.35768304672092,68.5828068824485,0.16693900396355724,0.29449059111066156,-0.29449059111066156,-0.1315555525012314,-0.06738052405416961,-0.05387780163437128,0.20114996524490672,53.947490697883104,268.1953766792863,-214.21156219600698,454638.7632586545,583.3330820166785,584.778363432201,0.043619476282087274,0.011239961868746646,0.028787471463148112,0.062489751874849876,0.012409496460659841,0.0005044529770098904,0.0005304371535292149,0.001114488296308968,0.001127437470953314,22,True,True,True,True,True
232,sobol,True,69.10037769004703,243.12549551017582,370.70635483041406,-0.11371706910431384,-0.2948525581974536,-1.288717582821846,-1.570568030141294,-0.17477550138719378,0.21140801310539248,-1.7596847532317044,-1.116411926969886,110.89962230995297,63.125495510175824,127.58085932023823,58.39402285963297,0.21539451748194036,0.3251250822097063,0.12007705681025982,0.3251250822097063,-0.18911672309041028,0.17230565585196,0.18357159346969162,53.04937590681075,288.9846675301068,-235.9092455178144,448681.17241140926,580.7783468607341,556.7552221724346,0.04720247843471267,0.01070133209223852,0.03064150278269763,0.0923089127435088,0.011351337530954528,0.00049117222897542,0.0006246238431653824,0.0010182188311374297,0.0012170863639869318,22,True,True,True,True,True
233,sobol,True,76.95693511981517,233.95068870391697,363.4463160224259,-0.43563992134295404,0.0888843198306859,-0.4226616567000747,-0.8719620091840626,0.3289396866690367,-0.2361478328704834,-0.5688992600888014,-0.7214869089424611,103.04306488018483,53.95068870391697,129.49562731850892,73.51061909738928,0.2638973445195623,0.3030627490952612,0.24005536683835083,0.19949208847247063,0.3030627490952612,-0.29882525224238643,0.17571112015207996,40.53913452058916,230.71467807787053,-190.184767549177,576841.8514348399,598.2988831859149,787.024566758189,0.039674505121785476,0.015127314335313145,0.025881645067100157,0.07532492039375759,0.011296618664651582,0.0004630898756116871,0.000541156737008264,0.0007776936989523794,0.0008858145830295787,22,True,True,True,True,True
234,sobol,True,74.32801433373243,240.01731955911964,373.6407754011452,0.14082157141529017,0.167524446407333,-0.9086292173713447,-1.2904080055654048,0.0338223986793309,-0.4972294295672327,-0.8674776110798121,-1.0810448465868832,105.67198566626757,60.01731955911964,133.62345584202558,60.687238932587206,0.3979895052633265,0.6380510009825229,-0.1337020477280021,-0.6380510009825229,0.42293039448559266,-0.17241562921553844,0.19330607780690462,47.47667837224841,245.603650495011,-198.14728416400715,537895.4940456774,587.9627389796377,666.8604442435455,0.04163415251352288,0.01281765269337282,0.02665129928726305,0.07108349862076244,0.010952781964524542,0.00048354199968537537,0.0005830843214142835,0.000936707342250852,0.0012060901049983713,32,True,True,True,True,True
235,sobol,True,66.33867280557752,230.56229022331536,366.4620467759669,-0.21078722542151807,-0.46159993093460794,-1.7762312376871705,-0.5891742438077927,-0.4736908152233809,0.005272707855328962,-1.3801432779058815,-1.4787463435903192,113.66132719442248,50.56229022331536,135.89975655265152,59.876626029610634,0.4361643495771859,0.7909690340980888,-0.012090884288772974,0.21605993327684703,-0.7909690340980888,0.2974848940968513,0.18945389628562975,54.22988622074731,286.243182557659,-231.98232615447554,443682.5046009116,582.430256049567,528.9846260004248,0.04248625303620559,0.01016755645763103,0.028175108875772698,0.07063251673811544,0.011487511942223106,0.0005660737543974016,0.000582264988626734,0.0013869380591264462,0.001320189100876789,22,True,True,True,True,True
236,sobol,True,68.0528999818489,239.1024194052443,364.1183871664107,-0.286094606295228,-0.5920351499691605,-1.217638535052538,-1.1617215551435949,-0.030959478905424498,-0.45951292673125865,-0.5870692836120726,-0.7736526113003492,111.9471000181511,59.10241940524429,125.0159677611664,63.93451281543821,0.4669658863848885,0.5746522715315223,0.561075671063736,-0.17341832043603067,0.5746522715315223,0.4439859237521888,0.19370554737732104,54.711736873834795,282.44796091080053,-227.69999789661526,420104.69493712566,581.2711311457642,631.5744209303074,0.0396143479489992,0.012139423844048293,0.03326514725891546,0.07575005297283327,0.011382552638664802,0.00044841039613341155,0.0005023771208163028,0.001021220148885968,0.0009196472678700846,22,True,True,True,True,True
237,sobol,True,76.12918394617736,233.29404902644455,368.4848017580807,0.334561006212607,0.26738847070373595,-0.6796782357618214,-0.46048798114061373,-0.5347908885683864,-0.015747745428234317,-1.4744032412767412,-1.7868875972926617,103.87081605382264,53.294049026444554,135.19075273163617,67.64438218809664,0.868928171789366,1.1072093615308403,-0.8021793592721224,-0.3503087516408413,-1.0139152601361274,-1.1072093615308403,0.18797636756192157,48.807591680966894,259.6474882135868,-210.86626396565651,527313.1254916756,588.5155454161657,710.516545282138,0.04677381520296388,0.013656761904137628,0.03316237459466724,0.06598578171536577,0.01263648199790612,0.000499530203527658,0.0006421340340494075,0.0009161948074757958,0.0015195228088231813,32,True,True,True,True,True
238,sobol,True,78.99342722259462,242.28579019196332,367.1026674993336,-0.5397367390338331,-0.01071154540404673,-0.9797163177281619,-1.7976919805631042,-0.3585975578520447,0.24906698730774224,-1.1871469117701055,-1.4273530168458821,101.00657277740538,62.285790191963315,124.8168773073703,71.890759723261,0.5736679988834525,0.7888037263415754,-0.347886012447998,0.7888037263415754,0.6105450687929987,-0.4476366991177202,0.1948435089553431,49.808355508859265,255.6326139675252,-205.77176946147765,510301.78485532984,583.4257785797162,646.5024453530216,0.04704589757062362,0.012426353791836073,0.029720889044238433,0.07060879185007694,0.012132119586845132,0.0004814529890864196,0.0005839456297593626,0.0010003293665637098,0.0013024165306876304,23,True,True,True,True,True
239,sobol,True,71.04803103487939,236.72445447649807,371.5503693856299,0.11060747588053343,-0.1645985514391214,-1.5192066894844176,-1.0990857718512417,0.1487999440636486,-0.25710984799079595,-0.9779327804222704,-0.4113402271643283,108.95196896512061,56.72445447649807,134.82591490913182,59.497661649249494,0.6073468516680378,1.1078664623200893,0.31339849550277,-0.3677173238713294,0.12115299142897129,1.1078664623200893,0.18712992313068705,50.07784975020562,267.61005889599204,-217.47964910300337,511744.7762223272,587.1821356657141,612.2453378559496,0.041627756365400184,0.011767901622469368,0.03324855675878804,0.07091647398225331,0.010950881071045936,0.0005397835096030771,0.0005235404605365059,0.0012365590092545623,0.000864646999175056,22,True,True,True,True,True
240,sobol,True,71.4901762874797,243.0010211886838,362.7501326017082,-0.1420298575423658,0.18561629834584892,-0.7428603367879989,-0.49640044178813714,-0.32066595037467777,-0.19202284356579186,-1.2687855681404472,-0.45717351473867907,108.5098237125203,63.00102118868381,119.74911141302437,68.74004368577152,0.48399812957385624,0.77238512635231,-0.5062822487205267,-0.049992986023426056,-0.77238512635231,0.28568682204931983,0.19159536896912452,50.46026620634383,263.3689241960513,-212.85204098495805,479034.62160448404,584.1824931128443,702.155188995069,0.04462666047395199,0.013496049176522225,0.03144469960634746,0.06115627341302256,0.013050353434269564,0.0004530367215833739,0.000539268729927417,0.0007982724483169755,0.001089611046601782,30,True,True,True,True,True
241,sobol,True,78.54578858241439,237.41501035168767,370.5968299768865,0.18731351247988637,-0.3915567624382674,-1.231746055558324,-1.197890509478748,0.12550196046940976,0.19175126412883403,-1.0596616867929698,-1.382951183617115,101.45421141758561,57.41501035168767,133.18181962519884,67.94895860552788,0.27809153832281,0.5170587229076772,0.5170587229076772,0.004437751648947663,0.13822882268577819,-0.15120512805879116,0.19261437140960905,47.22060290622638,245.1561768763775,-197.99076285238138,554702.5070948842,588.1288168595411,708.0127267550328,0.04583941416505361,0.013608636278206894,0.02697563371139611,0.06866295972185797,0.011891068768429264,0.0004997272219104828,0.0006304538564491815,0.0011913461336401322,0.0013318804853177844,32,True,True,True,True,True
242,sobol,True,75.54971361532807,238.85272780433297,365.83987095579505,-0.36338885552249844,-0.3055204683449119,-1.4565424157306552,-0.9549518756568433,-0.054032840533182025,0.04162962050177155,-0.6790469121187928,-1.7452421611174942,104.45028638467193,58.85272780433297,126.98714315146208,69.70984265953302,0.3109489848651833,0.40501847602427,0.2514876278117299,0.40501847602427,0.2759049635380505,-0.28869974538683896,0.18941515345649274,42.86570850154005,226.3055923420931,-183.46897257970627,582604.5183097287,592.1005407073918,619.0831548614195,0.042818426078719544,0.011899330565831534,0.02211976654088038,0.0784285093894854,0.01204335670148433,0.0005276922527897111,0.0006599273956080854,0.0012411024735276195,0.0014516970863099991,22,True,True,True,True,True
243,sobol,True,68.6268773721531,233.07452749926597,373.5569410137832,-0.0637318264693022,0.011417719163000606,-0.9664577402174473,-1.653643387556076,-0.4966346591245383,-0.52465425520204,-1.5663009671494366,-0.8167722212150694,111.3731226278469,53.07452749926597,140.48241351451725,55.06993635836989,0.35376586798121573,0.5080523782875389,-0.5080523782875389,-0.4609224287327378,0.08734242040663953,0.14968551900237792,0.16730654959055316,52.97535868825878,316.6364904297207,-263.63992988411496,404956.75628418796,578.9948807754764,643.0165822449208,0.037786317043254865,0.012359352392904756,0.03644060330659478,0.08742839678480802,0.008751401991241754,0.00048102392275799606,0.0005330498425049381,0.0009797164001937703,0.0010987112854778513,22,True,True,True,True,True
244,sobol,True,66.82476337067783,239.76900393143296,368.213455747813,0.041842888388782695,-0.11137150544673202,-0.45300458613783134,-0.8204545862972737,-0.0043257051613181385,-0.05616176184266808,-0.7734374666586519,-1.5219307053834201,113.17523662932217,59.76900393143296,128.44445181638002,58.61130762286484,0.5398790079198951,1.0689261192455888,0.10704580028541388,-0.09800465023145077,0.047017119638621874,-1.0689261192455888,0.1864290848656513,49.03563008286705,263.0256438699155,-213.97504172380593,521679.90733435325,595.6567340797352,636.4304504109135,0.04308974304616009,0.012232761063084869,0.027031597807671254,0.05771445596578557,0.012007977146803345,0.0004080816703504076,0.0006336383742342574,0.0007009854709313841,0.001370716753752096,32,True,True,True,True,True
245,sobol,True,73.8364303810522,230.34231182653457,363.6837226115167,-0.5862359563354402,-0.2133035709615797,-1.35753933750093,-1.519146202504635,-0.45061119659803806,-0.4435670798644423,-1.2861837871372699,-1.0394628375768662,106.1635696189478,50.34231182653457,133.34141078498214,70.15270776953548,0.2408907762225704,0.3180764999240637,-0.23730762563645835,0.1426688764709979,0.23296241536736506,0.3180764999240637,0.19044923373515854,54.51062510403908,286.22128866027543,-231.67876470464572,440718.6166031012,581.4088600101777,583.0297131798753,0.03796819578402557,0.011206351250798066,0.031001102340871663,0.06740029640160053,0.00971942630772223,0.0005414126377541639,0.0005196192522570627,0.0012967868186664598,0.0010868294815179638,22,True,True,True,True,True
246,sobol,True,76.59719135146588,243.84576458949596,371.2533557973802,0.2623026641551405,-0.48395487209782,-1.746395537815988,-0.7074602311477067,-0.15145665169693528,-0.2897557877469808,-1.6773515403270722,-0.6771925469860436,103.40280864853412,63.84576458949596,127.40759120788425,65.34383555408567,0.7904441454188404,1.0692029908299445,0.3324982204008847,-0.5520584519021212,-0.9698913091793655,1.0692029908299445,0.1859295151048059,49.32240903110121,265.2747682545122,-215.9108085518187,503260.3886504377,583.4142334576152,598.7781969605953,0.04694747755610228,0.011509051159438566,0.03438905745018418,0.07868479992043008,0.012692662429939322,0.0005496601221734785,0.0005734766068635204,0.0013228500033092274,0.0011740346305823054,22,True,True,True,True,True
247,sobol,True,69.45462851785123,234.63712560012937,366.5939724557102,-0.3360870685428381,0.30867368201725187,-0.8406671702861787,-1.4089501945301892,0.2910308138933032,0.2727809108328074,-0.4864750461652876,-1.162351361103356,110.54537148214877,54.637125600129366,131.9568468555808,62.86065606214106,0.5756458557735759,0.9224751483649016,-0.017642868123948663,0.6088679793756455,0.9224751483649016,-0.32168419081717736,0.17411411302330695,40.175401591232166,230.741787059239,-190.5736746600467,604867.3240241783,597.9069524698583,683.3587910401053,0.046770107400342105,0.01313476563818544,0.02322378910472663,0.08049121979563181,0.012432563915063158,0.0004934217287623985,0.0005983597266244583,0.0009089067139825074,0.0011534254371561865,22,True,True,True,True,True
248,sobol,True,70.05048967432231,237.66107476782054,372.2705581188202,-0.49252013200893996,-0.4277903533075005,-1.0954201156273484,-0.9213194616138937,0.09639618871733546,-0.10654191994108259,-1.5048716612160207,-1.272192811407149,109.94951032567769,57.66107476782054,134.60948335099965,57.77993155550212,0.4459631337523298,0.583552199602127,0.5241865420248359,0.3859782120678574,-0.583552199602127,-0.1767726957798006,0.19309889217621293,52.980811758534,274.3713915778772,-221.3449896379906,481446.0131121233,582.1419369704546,659.1418344376352,0.040710458481953524,0.012669294126566467,0.03048453504800969,0.06769181621288067,0.010627212132095346,0.00045052437688066914,0.0006154278711176835,0.0010049423369746754,0.0012954475769012784,22,True,True,True,True,True
249,sobol,True,78.11666931025684,231.98149411939085,367.8352845162153,0.06690611238591371,0.1347600209526717,-1.5897825118154287,-1.619989548623562,-0.40917594032362103,-0.3761537375394255,-0.6422109568491579,-0.6116912199184299,101.88333068974316,51.981494119390845,135.85379039682448,70.28138479404151,0.7753840839226882,0.9780912918969988,-0.5439359612762927,-0.4430598499253392,0.9777785917744042,0.9780912918969988,0.186104874997528,47.16719559176348,253.44417008092879,-206.2201719673558,542177.3344602598,587.2694288609297,710.8798656458437,0.042081070484778146,0.01366374524567274,0.02994523655741782,0.08510891834716257,0.01109021452169901,0.0006165361542498023,0.00044767658370593096,0.0014738623718302587,0.0008721386741926657,28,True,True,True,True,True
250,sobol,True,73.260238757357,241.73609084449708,369.26280461251736,-0.2720879889559001,0.06261437651701274,-1.1036330377683043,-0.6380833929404617,-0.2290902828797698,-0.3404699184000492,-0.9677910940721632,-0.9302229009568692,106.739761242643,61.736090844497085,127.52671376802027,63.997434144839644,0.23903239337107096,0.32970770113170156,-0.29170465939678253,-0.06838192944414911,-0.32970770113170156,0.17341013681143513,0.19824244455563295,49.893199467435906,251.67768476258038,-201.72561691145634,498929.82543927355,584.8578631899954,640.9394079124809,0.040085961694746104,0.012319427249036004,0.02845180338383871,0.06943641517329009,0.01148786324242811,0.0004891324057623265,0.0005177444222204702,0.0009985439160640941,0.0010620474513665518,30,True,True,True,True,True
251,sobol,True,65.29754634480923,236.27805336844176,364.8868456482887,0.31702464949339626,-0.2693958759307861,-0.608087706565857,-1.3395948855206372,0.2728577705100178,0.3398602806031704,-1.1085823059082032,-1.588032127544284,114.70245365519077,56.27805336844176,128.60879227984697,60.41070069652051,0.5718868688981383,0.9799444209784269,0.5422536464408039,0.022835631109774157,0.23101257961243404,-0.9799444209784269,0.17385384553725758,45.653866902857665,262.59912032301787,-216.99644100760045,561884.6973068856,601.1655200216635,705.1423111367415,0.04937582987197671,0.013553464329115467,0.026669506569937062,0.07491583551849056,0.012449451940970904,0.00048354053270015,0.0006567092653014228,0.000882265987709043,0.0013537092217281222,32,True,True,True,True,True
252,sobol,True,67.3330900631845,244.6421494241804,365.73087164759636,0.15485717868432403,-0.1306793365627527,-0.7946348445490004,-0.4113011142238976,-0.3016136590391397,-0.14161324608139692,-0.4908469740301371,-0.8822731414809825,112.6669099368155,64.64214942418039,121.08872222341597,61.60221841558814,0.1810533555769408,0.29647042476572094,-0.170934322476387,-0.29647042476572094,-0.07954585980623952,-0.08763829693198211,0.19609994633017316,53.41176501128412,272.37011539694566,-218.90085818806648,431668.9853923122,581.8696996655331,600.4007467154123,0.041832519172397775,0.011540238013321545,0.030058532133658025,0.06529328646318822,0.01275594160918125,0.000411265596994131,0.0004926823215998735,0.0007691068737879065,0.0009941087293596944,24,True,True,True,True,True
253,sobol,True,75.20884003955871,235.3051361395046,372.9191446453333,-0.2282945886719972,-0.04381932537071409,-1.7046302516013385,-1.1128123773261906,0.20407559759914873,0.12430937779135998,-1.7500561377033592,-1.6354010967537762,104.79115996044129,55.30513613950461,137.61400850582868,62.28969539422542,0.38621682252993217,0.6372437603771686,0.24789492296986282,0.3526039664633572,-0.6372437603771686,0.06922915484756231,0.18188720088120866,41.3198787865474,227.17309731724112,-185.8702311133609,607701.0894779704,592.0033219432705,588.1333680492337,0.045498051921974085,0.011304448050731197,0.024132429142837024,0.09817886116230834,0.011008691275077748,0.0005972076744573765,0.0006902095426370385,0.001421733068826567,0.0015142130439752086,22,True,True,True,True,True
254,sobol,False,79.82994854915887,240.49216739367694,362.67929942905903,-0.06652945200912652,0.24078060528263445,-1.404431618563831,-1.0496642403304577,-0.09458610257133837,0.09237228101119399,-1.435114428214729,-1.3168500639498235,100.17005145084113,60.49216739367694,122.18713203538209,77.15064912009984,0.271091758239853,0.3854501878842713,-0.3353667078539728,0.1589017330203205,-0.3854501878842713,0.08758155461400752,0.17528120085756277,36.28844645085346,207.0298826874322,-170.75484190818798,626676.1641236859,592.8491551027209,660.3666681602919,0.04933899126392203,0.012692836523479741,0.02148371096412384,0.09789073175495233,0.013218077171241837,0.0005713700834930387,0.0005899276517409597,0.001255040222579822,0.0011818763946173096,22,False,True,True,True,True
255,sobol,True,71.85260767117143,230.96634103916585,369.9269099533558,-0.4793702783063054,-0.5664706388954073,-0.49322657361626643,-1.7483345568180084,-0.596419349964708,-0.5917630785144865,-0.8977747570723297,-0.5664131280034781,108.14739232882857,50.966341039165854,138.96056891418993,61.92569771781564,0.4307949951890777,0.8505597997456787,-0.02994871106930075,-0.1123928002081811,0.8505597997456787,-0.07318655438721167,0.15055917886337114,50.70820587026988,336.79916596972384,-286.06533436698385,353826.6044120425,577.8023780381062,645.5201900387498,0.03920692419033292,0.01240747396835391,0.040086272205786595,0.07583717990627135,0.009205171384844802,0.0004581144460411517,0.00043329622126857243,0.0009175759042863072,0.0008852520771331132,22,True,True,True,True,True
256,sobol,True,71.82455147150904,240.53421716671437,371.99577705934644,0.20166689418256278,-0.24362137233838438,-1.587823564745486,-0.7566404914483429,-0.1300589232239872,-0.4621959462296218,-1.0678044995293021,-0.7959837689995766,108.17544852849096,60.53421716671437,131.46155989263207,59.8287744121626,0.5425503669662671,0.7918397957459093,0.11356244911439717,-0.6638628404121846,-0.31116400808095923,0.7918397957459093,0.1912892330611422,50.48733939209934,263.931945275571,-213.39701725297843,499996.39025077503,584.4090594183264,559.7284975300648,0.04193269255583631,0.010758481097288742,0.03107671583703953,0.07618682739244685,0.011501844118383522,0.0005351906477411339,0.0005169779291855518,0.0012249717082715788,0.0010205987905446362,22,True,True,True,True,True
257,sobol,False,79.8577756434679,230.97556124441326,367.36002004519105,-0.1573689570184797,-0.08208237146027386,-1.09772019200027,-1.4578633842989803,0.31437084465287624,-0.01539411093108356,-1.2551386240869762,-1.7214206162840129,100.1422243565321,50.97556124441326,136.3844588007778,72.49775559827685,0.38968947802793424,0.623700424283743,0.3964532161131501,0.14197484608739613,0.20272476021200414,-0.623700424283743,0.14560263376813193,31.242112345926948,214.57106604046137,-183.3288551986635,696630.1307799937,605.4988890534269,729.9760330683051,0.044454416662736154,0.014030790620621113,0.020486739056444405,0.08763194258646978,0.010850311012923485,0.000530509643376544,0.0006922979464062413,0.0012376171162975336,0.0014645573787583496,22,False,True,True,True,True
258,sobol,False,75.23572277277708,244.60376086644828,368.9763504900038,-0.018590617412701294,0.3384261151775717,-0.6115773936733604,-0.6948941566050053,0.019630342582240723,0.24686063034459949,-1.5800406645983458,-1.4055766271427275,104.76427722722292,64.60376086644828,124.37258962355554,66.25937228277326,0.6296852850677291,0.8851465079933405,-0.318795772595331,0.2654512477573008,-0.8851465079933405,-0.7939992334693671,0.1758492717516019,39.39932865260663,224.0517021205561,-184.65856714753122,605050.5722017244,593.4613231710878,709.8941928687011,0.049834544099445655,0.013644799735505229,0.024193013513307847,0.07959043428808742,0.013429056593079115,0.0004684624447477818,0.0006185298233203851,0.0007569395130697171,0.0013191633624877437,22,False,True,True,True,True
259,sobol,True,67.30597867164761,235.29225471895188,364.4233457930386,-0.4073124132119119,-0.5128816363867372,-1.1004871502518654,-1.3934896841645241,-0.42842327444814143,-0.2562795509584248,-0.6708260325714948,-0.47744875010103005,112.69402132835239,55.29225471895188,129.13109107408673,62.882632878609,0.484861769419418,0.7226636515930294,0.0844583619385958,0.1510328622534871,0.7226636515930294,0.6230384001508353,0.17341088446523503,54.40509324465019,313.7351695796072,-259.2996701587787,378064.5672137663,579.3012000260412,572.6173966496145,0.03977693049523632,0.01100621723749677,0.03562715019826693,0.06508741779630135,0.011027347003510107,0.00044407309170574403,0.00044183168787885924,0.0010028715708381966,0.0007879395102681052,22,True,True,True,True,True
260,sobol,True,65.32785498537123,241.75252038054168,365.07969423010945,-0.5420791078358889,-0.4215411575045437,-1.7026579530909658,-0.5556118570268156,-0.045644967211410425,0.21035838141106067,-1.2779228115454315,-1.1833105474710466,114.67214501462877,61.75252038054168,123.32717384956777,60.24816075526178,0.6121509135505067,0.7524374892469495,0.37589619029313326,0.7524374892469495,-0.7223109545186159,0.5193474056199192,0.19808443692420574,51.369828550840076,259.3329862178725,-207.90505172703476,489104.58569033147,585.8449547202941,548.677923015461,0.04434049629996136,0.010546079196091707,0.028272034203943145,0.07122279155126424,0.012556386445035058,0.0005180533772683341,0.0005690044858652114,0.001169888253757906,0.0011445337413859336,25,True,True,True,True,True
261,sobol,True,73.22924324776977,236.32754135411233,372.8203677274287,-0.003067744290456198,0.2147749679163098,-0.7969482723623516,-1.2542071968317032,-0.4899576641153544,-0.23276875601150093,-0.7871371515095236,-0.7005012322217228,106.77075675223023,56.32754135411233,136.49282637331635,60.4088755203411,0.44070032227838785,0.7047326320316643,-0.7047326320316643,-0.22970101172104473,0.46707004532217966,0.09644704014062877,0.18969963189655742,53.958368361420256,284.44108099716067,-230.44686523531556,444877.25343139836,580.9590323327379,723.3708219195535,0.04029945702650092,0.013903832569349786,0.03536939905058067,0.05908715763627016,0.010719416738713678,0.00048477250001728253,0.00046504968948718597,0.0009101396694253674,0.0009758966231812766,22,True,True,True,True,True
262,sobol,True,78.08472943957895,237.6409840164706,362.01635739579797,-0.32098125987686216,0.04196742582134905,-0.4967456338927152,-0.9724852910265327,-0.31344530438072976,-0.49875572733581064,-0.4728735387325289,-1.0163245292380454,101.91527056042105,57.64098401647061,124.37537337932736,76.06837204378098,0.41155075676900627,0.5195788953453302,-0.3554127302020788,-0.17777446745894848,0.4996117522940038,-0.5195788953453302,0.1927088851194664,48.98555869266269,254.19460375319477,-205.2269236320581,491851.7023931139,585.1547187155887,713.8728993492614,0.03838389392034992,0.013721274023756863,0.03066673592938483,0.06948362409443418,0.011387206086492628,0.0004511502611141595,0.0005020798275475229,0.000792121807312377,0.0010209251079860867,32,True,True,True,True,True
263,sobol,True,70.0817431230098,231.9356673490256,369.83980609849095,0.24771870607510205,-0.3350415642373264,-1.4012563578784467,-1.673708371631801,0.13472317527048283,0.008175118640065149,-1.6855397062376143,-1.5018261989578605,109.9182568769902,51.93566734902561,137.90413874946535,60.24193702451885,0.26847453984474035,0.4697647395078092,0.4697647395078092,-0.2395435874350369,-0.011831334605813204,-0.1005698410794138,0.17918430545894187,49.92015466439112,278.5966914710049,-228.6509691872221,522320.6039202123,584.4692544144349,654.4791110041514,0.045056096455963146,0.012579672422218052,0.030038205837198732,0.09367855800761177,0.010094194931584739,0.0005214765119025049,0.0006485451796477759,0.0012349870359888197,0.0013859093610361474,22,True,True,True,True,True
264,sobol,True,69.48540249373764,243.8623083429411,363.41285134106874,0.11099999453872444,-0.014182830695062876,-1.234921989031136,-0.4862563811242582,-0.07188723003491759,0.15765900593250992,-0.6558650799095631,-1.610651875846088,110.51459750626236,63.862308342941105,119.55054299812764,66.0725511526689,0.2094319218726217,0.3757298868149519,-0.05770439933985472,0.04665901139378548,-0.16960869878530493,-0.3757298868149519,0.19222629184964324,42.73965286811736,222.34030764921445,-179.62481741201543,557507.1347714344,588.3510564113797,545.624993165263,0.04575125580547425,0.010487399160628729,0.021743488029586557,0.07528989391020931,0.013531336408429021,0.0004834833699962229,0.0006260646484089791,0.0009902765144176396,0.0013428402286111826,22,True,True,True,True,True
265,sobol,True,76.566646033898,234.68650026246905,370.68406530469656,-0.5374837651383132,-0.16111364089883862,-0.7393419388681652,-1.1848305255174638,-0.5757212161086499,-0.16767508406192067,-1.4967363560572267,-0.9504931503906847,103.433353966102,54.68650026246905,135.9975650422275,65.88258072920144,0.3356069066903076,0.4146075752098113,-0.4146075752098113,0.36980868107639253,-0.31190583053976284,-0.21115121152251948,0.1812842844299601,54.57102950316922,301.0246016347487,-246.42277894539066,409706.0936011465,579.936423522474,654.6216675307256,0.03890428609235679,0.012582412485843922,0.036562728288305354,0.07337954516283819,0.010053997926629546,0.000451237619594883,0.0005545069719317404,0.0009373137161270884,0.0011013791076259821,22,True,True,True,True,True
266,sobol,True,73.80494159646332,239.74879717454314,366.49091663211584,0.3321861765813082,-0.5955127771943808,-0.9641449747607113,-1.0733288040384652,-0.28054582439363,-0.5508611109573394,-1.1168103592470289,-0.5909084629267456,106.19505840353668,59.74879717454314,126.7421194575727,67.31402496434748,0.5050180275978509,0.8830472875386476,0.31496695280075077,-0.8830472875386476,-0.04348155520856367,0.37323651183396567,0.18299117631384684,54.353412393472844,297.02750421283537,-242.64933094111387,397110.87816744274,580.3569219690012,652.5514543502669,0.04256355854798309,0.012542621141526803,0.03638832492988653,0.07441842820841955,0.01163079155836715,0.00044327955147473505,0.0004759727222826758,0.0009609973856936173,0.0009762443104303391,22,True,True,True,True,True
267,sobol,True,66.85648126062006,230.29660016763955,373.6559409573674,-0.2866116986609995,0.2708815351594239,-1.4585153870284557,-1.7745730800554156,0.22685402743518346,0.07386278244666755,-0.9540589094161989,-1.248376252502203,113.14351873937994,50.29660016763955,143.35934078972787,53.20054030325264,0.46078254986638056,0.8205141706392167,-0.04402750772424047,0.36047448110766706,0.8205141706392167,0.21013913452625266,0.17938954746921001,45.461653881025896,253.42420738771762,-207.97004920280565,585551.1935378276,593.1382820086054,619.2245490321257,0.04248670837450449,0.011902048287940593,0.02584551706524089,0.08671199887792488,0.009928668221553612,0.0005719515042641168,0.0006300802144667726,0.0012400189906778953,0.001303308108283463,32,True,True,True,True,True
268,sobol,True,68.59928645193577,238.8948922418058,368.4997784867883,-0.21400417331606147,0.1635702539701015,-1.3606858978047969,-0.8513314938172699,-0.22312703859061,-0.4094671207480133,-1.7363693062216043,-0.5432805148884656,111.40071354806423,58.89489224180579,129.60488624498248,60.099507965147495,0.6401531163125378,0.8850378124043344,-0.3866972925607115,-0.1954629474319518,-0.8850378124043344,0.8174053829163312,0.18398640654352044,49.31409015970105,268.0311610305635,-218.65995135201646,514623.4218054047,585.2983394453478,663.2913070923526,0.04379935513509776,0.012749050693038402,0.030147312620733616,0.07109997792610907,0.011523745688718485,0.0005267680043316793,0.0005837245545670954,0.0010967413753712803,0.0012352231802128493,26,True,True,True,True,True
269,sobol,True,75.5779909575358,233.0836321460083,364.1474458500743,0.1394650787580758,-0.45765932127833364,-0.44951556138694304,-1.5525759158656003,0.28058942351490257,-0.08051631627604361,-0.49912046398967513,-1.2967505434527995,104.4220090424642,53.08363214600831,131.06381370406598,71.43054510746151,0.777974698700605,1.0534554518759252,0.7382487447932362,-0.2199813950341194,1.0534554518759252,-0.8472349820658565,0.1731598908379245,43.12623121082259,249.05439130351616,-205.95384569797622,570893.477551282,602.7385896431855,815.7458700220399,0.0455705110432458,0.015679363408421198,0.027626914271929773,0.06814502614648434,0.012281440942217309,0.00046423036533408156,0.0006086505465046556,0.0008387368707781501,0.001191265845955606,22,True,True,True,True,True
270,sobol,False,78.57312245760113,242.96251975465566,371.52791392058134,-0.4341733508277684,-0.298800408700481,-0.8383677562698723,-0.6098161913454534,0.10445394171401856,0.29899456151761117,-0.889599439315498,-1.6563545878976584,101.42687754239887,62.96251975465566,128.56539416592568,67.04520853701979,0.6015667837784583,0.8179868316277862,0.4032543504144996,0.7331679123453796,-0.2797832479700446,-0.8179868316277862,0.17457061758241807,39.18045175921146,224.43898235459716,-185.26748666740605,606571.5836699043,600.3530790436953,702.002009654223,0.043290400589801055,0.013493104932928662,0.023067786504122865,0.06727935354378724,0.012195879033280269,0.00043304395773184097,0.0006794191530598877,0.0009165525151161811,0.0015011423843700174,22,False,True,True,True,True
271,sobol,True,71.46352928131819,237.40224270150065,367.06936875730753,-0.11039276132360099,0.09281677557155488,-1.748355157673359,-1.3083901897072794,-0.4030603197403252,-0.32199665061198174,-1.4487284552305937,-0.9055768407881261,108.53647071868181,57.402242701500654,129.66712605580688,64.39416052401066,0.5051337495651312,0.8427783168852329,-0.49587709531188007,-0.21160388928838075,-0.1403382655233143,0.8427783168852329,0.1823357090288159,46.87656225239676,257.08931345416545,-210.15504930806736,555283.1458521292,586.7965792121956,669.7008460380102,0.043416714695010086,0.01287224774999277,0.028375726068651227,0.08663136767949688,0.011026124137355616,0.0005926261665969565,0.0005459015294822369,0.001344777113819654,0.0011223504038955746,26,True,True,True,True,True
272,sobol,True,71.07631594873965,242.27290810085833,370.6061361581087,-0.33287147963419556,-0.4948525906540453,-0.4251233741641045,-1.4961127512156964,0.08136518532410264,-0.14175601126626136,-0.7976104229688645,-0.8598078956827523,108.92368405126035,62.27290810085833,128.33322805725038,60.47017979063094,0.511226022278023,0.6985023282468319,0.5762177759781479,0.1911154683679342,0.6985023282468319,-0.4346845215186478,0.18417817234942163,53.193915001334105,288.8176938818513,-235.58485254557067,446526.2036358351,582.706995906879,713.2498697850863,0.04225125416965509,0.013709298839683144,0.03421744435583318,0.06496258229668124,0.011414881312225357,0.00046022159516622774,0.0005463187311512761,0.0009434457867679353,0.0010395997258328096,22,True,True,True,True,True
273,sobol,True,78.96582873072475,236.6860674833879,362.79658058285713,0.2636605157982558,0.31958678117953243,-1.2872832586988807,-0.7946121692657471,-0.3649176730774343,0.12675434825941923,-1.3568194197490813,-1.7008206071332097,101.03417126927525,56.68606748338789,126.11051309946924,76.16924814786762,0.4935533855759491,0.6845044542569667,-0.6845044542569667,-0.13690616753883655,-0.5622072504833342,-0.413537348434329,0.18965448119000242,41.4835894164335,218.73245048649184,-177.26159234669316,582670.4016746386,590.2666438276859,713.7148388035276,0.04910876987697878,0.013718235959050478,0.02483448100320222,0.09319451308012332,0.01331771541213108,0.0005723752077004259,0.0006176969365867751,0.0012388410611714321,0.0013795742946898582,22,True,True,True,True,True
274,sobol,True,76.10253026243299,239.1116384929046,373.5522296130657,-0.5877011678647249,-0.12226288206875324,-1.7732441436499358,-1.431973715685308,-0.18520902805030348,0.09177822102792565,-1.6547193402424456,-1.3385028798133136,103.89746973756701,59.1116384929046,134.44059112016112,62.55030064936727,0.4196039909740711,0.6794793888926506,-0.06294614598155024,0.6794793888926506,-0.22274562455713753,0.43474126383662215,0.1907586961014981,48.12647864732104,252.28982809629872,-204.1063921504308,550523.0097247157,587.1914674777478,573.6202296970696,0.04287867549397449,0.011025492583369618,0.02654246684813071,0.09031698914437486,0.01039679298182381,0.0005920047557434085,0.0006050954601762585,0.0014061651186894734,0.0013538600503985364,23,True,True,True,True,True
275,sobol,True,68.0802405346185,233.3360990229994,365.8005468994379,0.03851722162216897,-0.2023986257147044,-0.912641034461558,-0.733314080350101,0.25727603100240226,-0.5897694028448314,-0.41738016977906245,-0.5002679824829104,111.9197594653815,53.336099022999406,132.4644478764385,62.27969363518059,0.46795048946416884,0.6282866244670003,0.45967465671710667,-0.6282866244670003,0.3159339105710386,0.4123730519786476,0.19355896362659766,51.89220299675854,268.09506532007407,-216.14521037681862,465609.170880286,587.5435187413381,675.7058623961759,0.03791110539914417,0.012987669521911332,0.03212842181466143,0.0676738196990115,0.010990024787932838,0.00044934959323987306,0.0005250607359677492,0.0009436063431038581,0.0007929921850144095,24,True,True,True,True,True
276,sobol,True,66.30813511554152,239.97149345930666,363.6445644944906,-0.06412570411339402,-0.3168920341413468,-0.6821746669709683,-1.2157872444018722,-0.2572387455031276,-0.11014636196196081,-1.1991322677582503,-1.2054271316155791,113.69186488445848,59.97149345930666,123.67307103518397,62.663570621050894,0.26445554720870806,0.5232524646446108,0.059653288638219226,-0.04602065784856679,0.01665497664362192,-0.5232524646446108,0.1841409739410029,53.81976771600654,292.2748075246409,-238.42751558975337,445204.1621277579,581.3175125870436,599.090441543354,0.04437066439544759,0.011515052778895436,0.03087768157966042,0.07238695839022512,0.011902206928140252,0.000446374066075209,0.0005426675827343033,0.000859812102385097,0.0011373861994234868,22,True,True,True,True,True
277,sobol,True,74.35878068208694,230.5421979073435,368.20857840776443,-0.36564047043211756,0.022773833572864555,-1.2161694971844554,-0.5171278385445477,0.18892794791609047,-0.37485156096518035,-1.0364717302843929,-0.632725556381047,105.64121931791306,50.54219790734351,137.66638050042093,66.15020227432251,0.39931721220406,0.5834439408034084,0.1661541143432259,-0.009211090533062793,-0.5193438917398452,0.5834439408034084,0.1935711426497393,47.73840505592319,246.6194309877288,-198.90370814269127,528625.9113713278,590.9399218019188,660.1273271760075,0.038508153469449996,0.012688236176228185,0.02902774822355531,0.07381361122084353,0.010818943695299343,0.0005402624793005905,0.000529187874367408,0.0012240694206255927,0.000922131507339575,32,True,True,True,True,True
278,sobol,False,76.98864627629519,243.17498461343348,366.6406092643738,0.18968970109708605,0.17423839061520996,-1.516211584582925,-1.6357367224991322,-0.1100525547750294,-0.34362306208349763,-0.7498938312754035,-0.9950653109699489,103.01135372370481,63.17498461343348,123.4656246509403,70.3480370119214,0.5961448883104028,0.8858428912237286,-0.28429094539023936,-0.5333127631805836,0.8858428912237286,0.521146273612976,0.17825253869474444,38.90923110488846,218.2814976426232,-179.40936312002242,608088.3787900103,590.4412985781613,645.0964573664081,0.04705238737962279,0.012399329448348572,0.0250663736379118,0.09206989105110634,0.012688727922366621,0.0005630094261276706,0.0005318416666486255,0.001227517786249045,0.001064769399372011,28,False,True,True,True,True
279,sobol,True,69.06889563892037,233.96711801644415,371.26247315108776,-0.14151412416249515,-0.38019249411299827,-0.983736145682633,-0.9342359110713006,-0.5526533824391663,0.3416137555148452,-1.5906845424324274,-1.5649904176592828,110.93110436107963,53.96711801644415,137.29535513464361,57.806422487832606,0.5079214113499192,0.6564486313611269,-0.17246088832616802,0.48312787967734033,-0.6564486313611269,-0.5812542719766498,0.1713663349978315,52.606218474190456,306.98105596327395,-254.35034892659672,443361.9989334012,584.9097982502907,566.9463499239308,0.04381946749322396,0.010897214659873262,0.032887203695659,0.09063319098199153,0.01104678885088736,0.0004450625986640089,0.0006091509707163323,0.0009829351906937068,0.001444953118684102,22,True,True,True,True,True
280,sobol,True,70.58247983455658,238.32965038716793,367.8364310823381,-0.47979541262611747,0.23683819780126214,-0.7773514531552792,-1.1361780291423202,-0.33488779799081386,-0.0565047491807491,-0.5552024124190214,-1.4560785301029684,109.41752016544342,58.32965038716793,129.50678069517016,62.746048752218485,0.5710185444084616,0.6787270769476892,-0.571725995792076,0.42329066344536836,0.5809756167232989,-0.6787270769476892,0.19745221476798033,50.339011363523305,254.94275373246654,-204.65879481440282,502764.07170887396,584.5111932553577,666.1658817374367,0.04143366102658586,0.012804302582335359,0.029454314821731886,0.0648018258771029,0.01161727487614849,0.00047206240697801865,0.0005934661334740788,0.0008510106645394803,0.001329080921510614,32,True,True,True,True,True
281,sobol,True,77.57849934045225,232.65278785023838,372.3074045293033,-0.06880779364146294,-0.5625146203208714,-1.6449668196961285,-0.43749709408730286,0.17079927860759192,-0.4409164477605373,-1.7679482322186233,-1.0608119811862708,102.42150065954775,52.65278785023838,139.65461667906493,65.27109481114894,0.8347980640761837,1.3304511381313204,0.7333138989284633,-0.37210865411907434,-1.3304511381313204,0.5841548385098576,0.2006102053385323,51.37941104996768,256.1156395970198,-204.68223569880342,492168.5254126743,585.2258256110098,713.6380790607104,0.04386597125921479,0.01371676056831055,0.03234885054252802,0.0732686647486512,0.011853207787847587,0.0005700036754963359,0.000590328562900454,0.0014818817228056226,0.001200492880951146,22,True,True,True,True,True
282,sobol,True,72.82555556390435,241.53488656971604,364.87857515737414,-0.225894391303882,-0.13461359012871982,-1.4200039003044367,-1.7249589748680592,-0.00934422775171695,-0.2905464494600892,-1.3719579491764309,-0.7422322819009424,107.17444443609565,61.534886569716036,123.34368858765811,67.9469804065302,0.3885409864566439,0.6777716184034943,0.12526936237700287,-0.06465205815620717,0.3530010256916283,0.6777716184034943,0.19015829766321363,49.33657935502521,259.45004746731826,-210.06794394536115,516527.511759137,585.5850530390538,595.4161914353203,0.04568811289120686,0.011444430413751577,0.030243878510281142,0.07128704702815702,0.011635326221371449,0.0005172842356661373,0.0005419971769665998,0.0011455412698128534,0.0011130812119606798,22,True,True,True,True,True
283,sobol,True,65.72604972869158,236.07596203684807,369.22136342152953,0.15540688671171665,-0.039869648730382345,-0.5539186062291266,-1.0234796926379204,-0.5111755216028541,0.2749838685616851,-0.8810816219076515,-1.1402765510603787,114.27395027130842,56.07596203684807,133.14540138468146,56.504686307162046,0.38746636318745864,0.5863579448312521,-0.4713058728724717,0.11957698184996846,0.1423980707302689,-0.5863579448312521,0.17731315854623672,54.41810280567133,306.9039165047703,-252.46340622254405,409317.3430809093,579.551414480542,612.0157009465878,0.04396335219941233,0.011763487796195541,0.035010407218891655,0.07624356412970322,0.011721779292540747,0.00043313771847718074,0.0005272224884863452,0.0007579909125921199,0.0011770541194853978,22,True,True,True,True,True
284,sobol,True,67.73347319569439,244.38200986478478,372.8778922818601,0.3202089817263186,0.059131320426240586,-1.0234518632292748,-1.6024250142276288,0.0408545136917382,-0.19536907649599017,-1.488047348149121,-0.43452090546488775,112.26652680430561,64.38200986478478,128.49588241707534,54.855580913834274,0.39562504322133785,0.5889309577643871,-0.018276806734502382,-0.5155780582223088,0.11437766607850786,0.5889309577643871,0.17627698940440026,50.23007119212714,284.9496769932542,-234.68818689483984,487682.08516972617,583.6120909461317,652.2941893941187,0.04687773772587143,0.012537676279544737,0.0332221387300257,0.07863828832389869,0.011348459955584627,0.0005321536668852912,0.0005448057236282255,0.001042994236250303,0.0010727210281064792,22,True,True,True,True,True
285,sobol,True,74.80273486115038,235.04571169614792,365.7224123291671,-0.2707568640355021,-0.2659263601526618,-1.5629288783296944,-0.9009456276893617,-0.46471594492904844,0.19278979920782147,-0.5789239674806597,-1.447415153309703,105.19726513884962,55.04571169614792,130.6767006330192,69.08032253198326,0.3047270000882554,0.46354666324332355,-0.19878958477638664,0.46354666324332355,0.32202166020870204,0.11551372501999135,0.20087778225238476,51.76871556198673,257.71250051408884,-205.8918895565203,475693.21851690457,584.7055623425509,564.265872715173,0.04243208905359241,0.010845693496471027,0.027311887599442086,0.07582638953755405,0.01199846919811014,0.0005578431534187424,0.0005748066885520715,0.0013447798361545566,0.001292456656731206,22,True,True,True,True,True
286,sobol,True,79.32225202210248,241.22242845594883,369.96392230316997,0.06546490960754459,-0.4312815633136779,-1.173895437642932,-1.3571494897827507,-0.1661123484838754,0.03873105840757485,-0.986150822788477,-1.7659714901819825,100.67774797789752,61.22242845594883,128.74149384722114,69.35832971893251,0.3739062296202046,0.5920760525390505,0.2651692148298025,-0.026733851199969738,0.37099866699427375,-0.5920760525390505,0.18722514249595631,45.94537749250001,245.40174935902286,-199.48207404904,572073.5739979234,596.4259200232646,666.2272547517813,0.04549610391769095,0.012805482226426421,0.026570504028291878,0.06652765245585004,0.01205762152220092,0.00047834575192512034,0.0006708945887447464,0.0011174186703904025,0.0015344687024350222,32,True,True,True,True,True
287,sobol,True,72.35458215232939,231.69405593071133,362.68028005585074,-0.4958118241280317,0.1382358786650002,-0.6359645167365671,-0.6584686590358617,0.33583426098339253,-0.523168049287051,-1.1734047109261156,-0.7503008468076588,107.64541784767061,51.69405593071133,130.98622412513942,69.67430209647864,0.28196871176614813,0.5149360518902539,0.19759838231839233,-0.027356225159019254,-0.5149360518902539,-0.11433633007109179,0.18106269393515861,43.337868596586056,239.35283218588378,-196.0359816779196,562516.5130418581,596.6479295353823,737.5094955223044,0.039340348313614014,0.014175590490140232,0.0265926696171956,0.0721400768376852,0.01102162046875967,0.00047292905743548456,0.0005421487281616216,0.0008681604472894075,0.0010446006765029924,22,True,True,True,True,True
288,sobol,True,72.05631652846932,244.9001297634095,366.29092651233077,-0.12690931148827078,-0.35938278804533186,-0.5382607527077199,-1.4252235429361464,0.15010311687365174,0.13267042618244884,-1.0308743396773936,-0.6638167532160879,107.94368347153068,64.9001297634095,121.39079674892128,65.76539001613855,0.3529281551869961,0.5094859049189836,0.5094859049189836,0.2595797376707196,0.3943492032587528,-0.12555600050836802,0.1893520728041877,52.0721879060107,275.00194286153635,-222.88574688747215,468709.16887019196,584.337541995449,710.415053814533,0.04682726320300765,0.013654811147582293,0.03297176481304301,0.06576441216211903,0.012680610265840074,0.0004675050623380067,0.0005235864847490896,0.0009328580847957771,0.0009386262091715503,22,True,True,True,True,True
289,sobol,True,79.15221021045,235.45776042621583,373.85583878681064,0.17275190600194035,0.035722399875521615,-1.4496340258046985,-0.7240004727616907,-0.3517286299727857,-0.13328866381198168,-1.2154954932630062,-1.1544449588283898,100.84778978955,55.45776042621583,138.3980783605948,65.29637142363936,0.3783130553333034,0.49149502050131555,-0.3874510298483073,-0.306040569813922,-0.49149502050131555,0.29518906697630864,0.1994348475092559,50.11811022726116,251.30066712606555,-201.12574267301653,519413.8272198675,585.6397563072571,659.7995937917448,0.042674952915795636,0.012681936848187716,0.028846742380012374,0.08147698079696443,0.011378114510493368,0.0005767204338464121,0.0005584217349394767,0.0013508973943372991,0.001251867972636836,22,True,True,True,True,True
290,sobol,True,74.53015488106757,240.59078227262944,363.236379455775,-0.37792588346637784,0.21730904928408556,-1.6621627617627384,-1.5355051930993797,-0.5314590152353048,-0.5833893444854766,-1.6169600442051888,-1.5359039396047593,105.46984511893243,60.59078227262944,122.64559718314558,71.29377542529255,0.3954254137000588,0.7487680645193904,-0.7487680645193904,-0.2054634610190988,-0.08145485110580908,0.126258822157979,0.18289252113487608,42.81316323785429,234.08919606002507,-191.25995025736177,586270.4759890945,587.4383620262591,697.3336463296401,0.044652416859182996,0.013403374824841567,0.02731263437103032,0.09603773648052395,0.011436784781174028,0.0005883339780340257,0.0005777320260028321,0.0013006899197299424,0.0013017889321629073,32,True,True,True,True,True
291,sobol,True,67.537747528404,231.3955334853381,370.86062943562865,-0.04857968753203745,-0.3934890032745898,-0.7523355828598142,-0.8369098428636791,-0.0257714856415987,0.10070954891853034,-0.7104583831503988,-1.047968088462949,112.462252471596,51.39553348533809,139.46509595029056,56.677118092775345,0.2553879396755892,0.3677175176329911,0.3677175176329911,0.1492892364505678,0.1264514597132803,-0.2956325056031348,0.1850282920132884,54.85118836073611,296.447574389309,-241.56658738552218,431765.66259135515,580.3568004970691,653.984192166693,0.04039962401483242,0.012570159640608784,0.032845315038291,0.06579781417218404,0.010962036495670329,0.0004143099189503336,0.0005621320076118077,0.0008793352852304532,0.0011482249139295917,22,True,True,True,True,True
292,sobol,True,65.5596200702712,237.79676045756787,371.7044694684446,0.02669604383409019,-0.5377139088697731,-0.6531191736459734,-1.659064669534564,-0.47424317132681604,-0.3844785409979522,-1.3284927820786834,-1.7531486259773374,114.4403799297288,57.79676045756787,133.90770901087672,53.85515060182661,0.6108264161176712,1.100029452331364,0.06347073754295707,-0.4111745848320424,0.33057188745588073,-1.100029452331364,0.15997818151293605,50.17383746775952,313.6292523971614,-263.43194312193464,461065.73791666416,597.2942903551739,613.2193085388972,0.04117187729128683,0.011786622207946155,0.03209839696476703,0.09122830557807671,0.009920871793256266,0.0005074214371258273,0.0006522754546414248,0.0010162067802016118,0.0015591072390362527,22,True,True,True,True,True
293,sobol,True,72.52367778681219,232.25549484603107,366.89290545508265,-0.5716897269245237,0.3326141545083373,-1.1488380735740067,-0.9604691732674838,0.02770298514515157,-0.1149027365259826,-0.8349940676242115,-0.830147952400148,107.47632221318781,52.25549484603107,134.63741060905159,65.63077233172953,0.32362500338732375,0.4567869903985411,-0.30491116936318574,0.4567869903985411,0.12547510564327236,0.31869012117385864,0.18728375789780913,44.65929853631458,238.45793697007514,-193.82700685537748,562945.7861712174,592.1638252136879,699.4226098286593,0.039484700652257725,0.01344352656700995,0.025279897493255085,0.08020387736999997,0.010668598576513337,0.0005480161711777308,0.0005244937872550106,0.0011347312477008827,0.0009796014908741988,23,True,True,True,True,True
294,sobol,False,77.37916151992977,242.18130278401077,368.69969062134624,0.2768732456024736,-0.07998135536909101,-1.5473123099654913,-1.2032265665009618,0.3267052139155566,0.33152279504574833,-0.42229294441640386,-0.44866828471422204,102.62083848007023,62.18130278401077,126.51838783733547,68.67947089858353,0.7044956627285381,1.0986440252512693,0.40668656928464764,0.054649549443274714,0.780933622084558,1.0986440252512693,0.17834074125792468,39.37215404526943,220.76926319560147,-181.42285572122324,599519.7801889838,593.6039517432847,665.8222037372426,0.04863506206174295,0.012797696784551331,0.029519451333473796,0.08662186542951575,0.013627913652803914,0.0005531080030312776,0.0005440179462076874,0.0012636556434884778,0.0007918561573786719,22,False,True,True,True,True
295,sobol,True,70.31351200770587,236.3597287563607,363.9474414251745,-0.3512020937167108,-0.21507816943340002,-1.053123482502997,-0.502003642357886,-0.1788647917099297,-0.34884341708384453,-1.637672166340053,-1.3689779285341501,109.68648799229413,56.35972875636071,127.58771266881377,66.36607058253139,0.5896660070588862,1.135668523982167,0.03621337772347033,0.0023586766328662634,-1.135668523982167,-0.3158544460311532,0.1945057225128629,51.535259784538205,264.95497982651955,-213.36358410351488,490535.7688910716,582.6002975136568,589.0439347527479,0.044060633915500136,0.011321949955155942,0.027277244732970184,0.06814311768451703,0.012410213262478379,0.00046538185051749184,0.0005853049228330609,0.0010032978102558928,0.0012503306137954214,23,True,True,True,True,True
296,sobol,True,68.78488495014608,239.4386882148683,368.7764404565096,-0.5076324993744492,0.10141188451088967,-0.8857038110494615,-1.742818171903491,-0.3817657618317753,-0.43523593093268576,-0.6162219125777484,-1.303484904393554,111.21511504985392,59.43868821486831,129.33775224164128,60.00844449363649,0.6485487789152643,1.1265962593257426,-0.48317764634266497,0.07239656844176345,1.1265962593257426,-0.4177810933440924,0.19580385041405785,53.27166122805171,272.0664640424612,-218.7455017511483,461282.57654288993,581.772024278632,631.7787174846613,0.041728665787213966,0.012143350606090886,0.030787490482697494,0.06901971812590671,0.011356093424359077,0.00048373297270292603,0.0005655401542854496,0.001030755090582389,0.0012602360874646946,22,True,True,True,True,True
297,sobol,True,76.80346261244267,230.14482021797448,364.62334659695625,0.08147573475725944,-0.27860675323754547,-1.791595066152513,-1.0442442048341036,0.06071975021623077,-0.04780909563414748,-1.4598062431439758,-0.5585174538195135,103.19653738755733,50.144820217974484,134.47852637898177,72.18011601548642,0.6754682170606933,1.2330776123329996,0.33932650345377624,-0.12928483039140692,-0.41556203830987215,1.2330776123329996,0.18977340551105792,49.35609294849222,260.0790812367873,-210.67748035687455,528435.172450645,589.0492577514555,624.0464828592709,0.04476524608913524,0.011994730158098424,0.032644958945628945,0.08372242745604204,0.01149198967594171,0.000621365666085701,0.0005760836605665075,0.0015995790108193902,0.0011574986291749008,22,True,True,True,True,True
298,sobol,True,74.0417619748041,243.82131435442716,371.8192250430584,-0.25754453768022356,-0.47414203216321765,-1.3150749769061805,-1.1072111012414099,0.2408270417246967,0.28112836582586165,-1.1564427359029652,-0.8962358145043255,105.9582380251959,63.82131435442716,127.99791068863124,62.22253693174571,0.4947724909998419,0.7149690738879144,0.7149690738879144,0.5386729035060852,-0.049231634661555335,0.4188391624018549,0.1998751179748657,51.48558263819597,257.5887542173723,-206.04934327725633,490257.233358592,584.8718803451887,685.7190598641373,0.04508219866603427,0.013180132110751908,0.03204077392600574,0.06365843374615017,0.012005002790070541,0.0004745769487413057,0.0005746250889404399,0.0010820994062154012,0.0010753076435207874,24,True,True,True,True,True
299,sobol,True,66.1559612583369,234.25097120925784,367.53648115694523,0.30187865784391754,0.15126421460881823,-0.4107031131163241,-0.4059666479006412,-0.20545626967214048,-0.2813868154771626,-0.9909782316535712,-1.6438955465331675,113.8440387416631,54.25097120925784,133.2855099476874,58.61948010139167,0.7632906142544549,1.2331924334168434,-0.3567204842809587,-0.5832654733210801,-0.58501158375293,-1.2331924334168434,0.1831030299199934,48.837853540483074,266.7233500277014,-217.949153529102,522254.53734705213,597.3149811985373,626.7864437263156,0.04366905755847807,0.012047394650482659,0.02981603634032289,0.05947209142648389,0.012163651437604625,0.0004410409598338038,0.000636337113136908,0.0006726649771529252,0.0014257496488561227,32,True,True,True,True,True
300,sobol,True,67.89876893628389,242.79117219615728,362.1928328126669,0.17001208867877715,0.2799097058363259,-1.0114864118397238,-1.323055567033589,0.1758126572240144,0.18339836611412463,-1.7842262588441373,-0.9381185542792083,112.10123106371611,62.79117219615728,119.40166061650962,65.705936123617,0.23930975610148544,0.46117069181054826,-0.1040970486123115,0.013386277435347482,-0.46117069181054826,0.07336785756051545,0.17890219764661353,43.21311583194299,241.54603129751428,-198.37233408387698,584463.7432014751,592.1777938148248,649.2688172653197,0.053551629672854185,0.012479525928073306,0.02498169830321377,0.076665793420598,0.013487014918532414,0.0004803635356582887,0.0006556302724496182,0.0009134470284773645,0.0013453444731582583,30,True,True,True,True,True
301,sobol,True,75.8148075081408,237.09797201678157,369.66323977708817,-0.2428324624430388,-0.5758101668674499,-1.5017499966546894,-0.6218113014474513,-0.26678771744482216,-0.200353771308437,-0.5496903875842691,-1.6013973079621793,104.1851924918592,57.09797201678157,132.5652677603066,66.15156773105264,0.16765315857070942,0.30902244942262774,0.30902244942262774,0.04247869113460179,0.0721209138631822,-0.09964731130748983,0.19814042466442994,50.10381678616541,252.87024024007766,-202.70973626528016,505683.41063197807,586.6181948607436,640.3896207378612,0.03838135043988704,0.012308859849034433,0.027027688387556276,0.07411155112148997,0.011193056109081221,0.000523326274260361,0.0006317048093087918,0.0012957981276924995,0.0014380816788987707,29,True,True,True,True,True
302,sobol,True,78.80994280800223,238.47984990105033,365.27968645095825,-0.08109372337348764,-0.17710530664771795,-1.189273725822568,-1.603536206111312,-0.5653550848830491,-0.5330234628170728,-0.8417318733409048,-1.2636982990428807,101.19005719199777,58.47984990105033,126.79983654990792,73.53025635704398,0.4849905252219165,0.7618043327704073,-0.38824977823533113,-0.45192973944358517,0.7618043327704073,-0.0744245732203126,0.1977063306679147,52.4176510938615,265.1288449731379,-212.67483245694797,457480.79883716046,582.3759707108564,622.7864819203697,0.04182294022724836,0.011970511815913683,0.031617133824432875,0.07860627515520349,0.01134360708265593,0.0005074940568076305,0.0005328562705392116,0.001156981580237975,0.0011893864830069237,22,True,True,True,True,True
303,sobol,True,70.76300930697471,233.03771898616105,372.6204662770033,-0.46424876609817145,-0.026921931793913223,-0.7005669163540007,-0.9049620512872936,-0.11918884445913136,0.03328238315880294,-1.3981479182839394,-0.5977286094799639,109.23699069302529,53.03771898616105,139.58274729084224,58.14254302997142,0.357021863623115,0.4975311492569744,-0.09226691266521814,0.4975311492569744,-0.4931858669966458,0.10283830687403683,0.18285879721987702,54.457705716302826,297.812883734659,-243.3175081211841,428456.2761671055,581.4449340953528,666.2557239993148,0.03942955573776154,0.012806029430763512,0.03459226304728652,0.06898011936158388,0.010246763832621799,0.0004501321772643613,0.0005491576643357326,0.0008700906870444869,0.0010367261404553177,22,True,True,True,True,True
304,sobol,True,71.30769345443696,239.19698370154947,364.68003559857607,0.23311390047892921,-0.3753391263540834,-1.4767368214204908,-0.6741303484886887,-0.5884446694049984,-0.02409338844008746,-0.7606910642236473,-0.642022976651788,108.69230654556304,59.19698370154947,125.4830518970266,66.62765785586089,0.45161087290641994,0.8347138447687028,-0.213105543050915,-0.2572072889190167,-0.0865607157349586,0.8347138447687028,0.18438227376346256,52.47242397582365,284.58497069592846,-232.0769566422112,446821.84635451896,581.7297000127512,583.6553624324152,0.04316406084458292,0.011218376787619376,0.032519021628558104,0.06357442891427044,0.012532846076701675,0.0005116944516830932,0.00047773464046360614,0.0011838753302219026,0.0008568578461533302,22,True,True,True,True,True
305,sobol,True,78.2597657199949,233.726372057572,369.41981073468924,-0.30404347185976804,0.19811580386012795,-0.9374200183898211,-1.3756311077624561,-0.08104527057148514,-0.4678800870198756,-1.3171870065853,-1.2177588805556299,101.7402342800051,53.72637205757201,135.69343867711723,68.83995498530567,0.21608964143831594,0.2803388621658087,-0.2791610744316131,-0.16383661516010756,0.05844410117715615,-0.2803388621658087,0.19103020158022005,47.06607587137676,246.38028689726386,-199.3259381354743,547311.9908286831,588.4134048671673,691.030378826812,0.0397227982097309,0.013282220399830916,0.02760097912648083,0.07544068242791731,0.010044487621552495,0.0005221394980206908,0.0005792154125658083,0.0010799963061032857,0.0012225006102054782,32,True,True,True,True,True
306,sobol,False,75.3964692633599,242.5395777914673,367.66143264621496,0.00921767582185562,-0.004814510094001911,-0.724709369055927,-0.7881715686991813,0.21373149589635432,-0.26544280890375377,-1.6916494375094773,-1.558212951384485,104.6035307366401,62.53957779146731,125.12185485474765,67.73503661714494,0.6391793996579866,0.903477868810296,0.21854600599035623,-0.2746604847256094,-0.903477868810296,-0.8335035823285579,0.16739182206058778,37.29299447041311,222.7886285682155,-185.50174357948762,630071.708020009,599.1067681899061,675.7852116661464,0.04815082667876971,0.012989194685673456,0.02206200242499694,0.07459092190059391,0.01284063911787806,0.00044180420126132327,0.0006569368086501862,0.0008317852988899987,0.0013815407091026654,22,False,True,True,True,True
307,sobol,True,68.31161379348487,236.88035329338163,372.4824952557683,-0.5576251314952969,-0.3180344573222101,-1.2628432370722296,-1.48683102671057,-0.2901020371820778,0.24071250911802056,-0.45702332146465796,-0.9797005789354445,111.68838620651513,56.88035329338163,135.60214196238667,55.82911853771657,0.666857721548521,1.029807705245912,0.027932420140132308,0.7983376406133175,1.029807705245912,0.2831426581367851,0.18985231331667773,55.59509149066272,292.83336357313124,-237.20273519153247,421761.5698748205,580.857031105649,545.6964438362945,0.04308491029644352,0.010488772506272327,0.031074374404782373,0.06794224571647826,0.011639960100174042,0.000480919068769902,0.0005295800296292092,0.0010729345597023231,0.0011315409556286694,22,True,True,True,True,True
308,sobol,True,66.53951259329915,243.57475803233683,370.1390216127038,-0.39549122834578154,-0.19705058885738252,-1.7337640816345812,-1.0091433631256224,0.26413317923434076,-0.22778043723665176,-1.2497127994894983,-1.6855409879237413,113.46048740670085,63.57475803233683,126.56426358036697,56.40049098059535,0.27432485208471724,0.4611837680917233,0.4611837680917233,0.1677107911091298,-0.24056943636387595,0.04822309371083988,0.18935132640451,42.00986601020444,221.86201072845427,-179.88294915789427,585417.3360242881,590.0476394435858,589.0647405419353,0.04310978275547173,0.011322349860986491,0.02570275083219148,0.08579906481539587,0.011413936229238813,0.0005345558448908951,0.0006929387313530124,0.0011752064853531648,0.0014929220453642896,25,True,True,True,True,True
309,sobol,True,73.65271769929677,234.0292335068807,362.50527303665876,-0.03460206543095412,-0.09882215452380483,-0.8663302894681694,-1.7078029254451395,-0.2433815352153033,0.2197534384671599,-1.0843392910435796,-0.8531162202358247,106.34728230070323,54.0292335068807,128.47603952977806,71.14744466263801,0.3444109652566437,0.6234636344015598,-0.14455938069149848,0.254355503898114,0.6234636344015598,0.013214069232344694,0.1865377538630752,53.0767730240304,284.536357519296,-231.43455933018302,453290.68759876356,582.3133211908424,641.8747088198118,0.046615705420174264,0.012337404566925302,0.03237400962768084,0.07792622775916332,0.011852319062931119,0.0004799021401631269,0.0005506417314167618,0.0009776390052289707,0.0010037157549346828,22,True,True,True,True,True
310,sobol,True,76.28258530516177,240.1571979885921,373.07632528990507,-0.17058167974464594,0.29243512321263554,-0.46769550200551757,-0.5515960540622473,-0.41993014519102867,0.013627417851239443,-0.6993238816037775,-0.512684171460569,103.71741469483823,60.15719798859209,132.91912730131298,63.2062600152567,0.3759138061691772,0.7123652684036642,-0.7123652684036642,0.18420909759588538,-0.14772782754153013,-0.04498866945505142,0.19340454579847122,51.99468715644012,268.839012763531,-216.7860446918689,462362.3435268435,582.793272287291,779.4947541613009,0.03988232605500803,0.014982584619304008,0.034684362383611285,0.057738618542002615,0.011527488591581467,0.000473061740116103,0.0004549107960972727,0.0007363516052853055,0.0008707749318308492,30,True,True,True,True,True
311,sobol,True,69.30026886984706,230.83301641978323,365.5238870754838,0.21999750118702643,-0.49648968293331563,-1.333919656276703,-1.2530967090278864,0.08378676990978418,-0.4888966898433864,-1.5428275637328626,-1.34788675326854,110.69973113015294,50.833016419783235,134.69087065570056,63.77638179436326,0.4804661236152059,0.7088941910304128,0.5802764528430998,-0.7088941910304128,-0.28973085470497617,-0.013967096991836847,0.18796266503251674,52.080129318502074,277.07698924939393,-224.96948661699736,494617.0764244497,583.8314388314465,676.3015935937133,0.04285455469186073,0.012999120007023406,0.030488773520173613,0.07733273546115033,0.010565617073749953,0.0005002921288382944,0.0006025888181503527,0.0012051392625268226,0.0012370828279773703,22,True,True,True,True,True
312,sobol,False,69.88235526252538,241.4651124784723,373.35379307344556,-0.09857209315523507,0.11757841263897717,-1.129987787641585,-1.0826431261375546,0.3052635484375059,-0.17613880755379796,-0.5155700566247108,-1.4132935667410493,110.11764473747462,61.46511247847229,131.88868059497327,56.52856218907982,0.3328198972493132,0.5670730695128439,0.18768513579852875,-0.07756671439856289,0.5670730695128439,-0.2833057790994644,0.1791036668339656,39.28561274562242,219.34566410659446,-180.0692266089664,605632.4741904617,594.1225322850289,606.3026966407248,0.04291476261746615,0.01165367875644756,0.023900022009131876,0.0802632944263344,0.011803714396876467,0.0004884328466698323,0.0006636930274668457,0.0009747707748189348,0.0013938399881701018,22,False,True,True,True,True
313,sobol,True,77.81581165269017,235.6701321899891,365.99907434359193,-0.4501841688994318,-0.4412683304399252,-0.5961318071931603,-1.781323883868754,-0.14278961559757591,0.15174655197188258,-1.7310288473963737,-0.4027502937242391,102.18418834730983,55.67013218998909,130.32894215360284,71.81673730909824,0.35047686670730827,0.6019307208713144,0.2984787148423493,0.6019307208713144,0.050295036472380206,0.19338151346892118,0.1667809390083207,51.2209910521168,307.1153775525954,-255.86825770290244,420821.1789638913,579.570010938907,735.2782182724559,0.04445980271295647,0.014132703350712397,0.0392251580345318,0.09452732042614652,0.01068973461169172,0.00046113479692252036,0.0006311433970168468,0.0009170537565243728,0.001266188069104894,22,True,True,True,True,True
314,sobol,True,73.06286362931132,238.04924063384533,370.43103474751115,0.12625274532474573,-0.2522286626044661,-1.0724920129403472,-0.4439593281596901,-0.43794325999915595,0.06493507851846514,-1.4116010539233685,-0.7869423143565655,106.93713637068868,58.04924063384533,132.38179411366582,62.631828881800175,0.5138382303187056,0.9676417257636785,-0.18571459739468987,-0.06131766680628059,-0.9676417257636785,0.28554969858378176,0.1889111687458266,54.80432764528451,290.1063394458261,-235.27190217598152,418724.9841414561,580.6835140391335,605.9697423625619,0.04489093183528107,0.011647279078168387,0.033314123061339185,0.06723036328762527,0.012473440199105422,0.00046808083891909663,0.000560101523076511,0.0010258149325126718,0.0010666518976383903,22,True,True,True,True,True
315,sobol,True,65.02592716831714,232.47222779784352,362.9715912230313,-0.19567384235560892,0.07607784187421207,-1.6051490366458894,-1.145438787713647,0.006486054882407166,-0.5572375453542918,-0.9180117556825281,-1.7947091918438673,114.97407283168286,52.472227797843516,130.49936342518777,62.05433594528586,0.23623475373026592,0.3615637029986829,-0.0695917869918049,-0.3615637029986829,0.2274270320311188,-0.18956015519797798,0.1888858248238589,43.16742141470575,228.5371147091664,-185.39669718253904,579442.5569528724,591.4778818331301,544.3597580438649,0.040370354232258425,0.010463080212786597,0.02080270247801886,0.08725873030348569,0.010719182697306604,0.0005644424515697005,0.0006625297007495847,0.0012518560292508875,0.001430356323671195,22,True,True,True,True,True
316,sobol,True,67.03334859572351,240.8363950997591,366.8156055994332,-0.30121690770611165,-0.06096380399540069,-1.376069505698979,-0.5835836332291366,-0.5102339027449488,-0.07576356567442422,-1.535914851538837,-1.089634800888598,112.96665140427649,60.8363950997591,125.97921049967408,60.217742996290326,0.5571472921388773,0.9523312183097004,-0.44927009874954815,0.22545334203168743,-0.9523312183097004,0.2864347048103808,0.19175436341307883,52.786877565927476,275.28384035889474,-222.4564210939725,467602.4806877264,582.242429585416,610.1064559047006,0.044504603264840244,0.011726790403113226,0.030063572991155404,0.06633014786867607,0.012387047330656953,0.0005011308217443844,0.0005793510493749135,0.0010597836486715385,0.0011654706323905252,22,True,True,True,True,True
317,sobol,True,75.04004720132798,231.6182146826759,371.08738604560494,0.3491242547985166,-0.14410568461753426,-0.5141125578433277,-1.2850628633052112,-0.06206497009843592,-0.39984376467764376,-0.6295045252889395,-1.4928057728335262,104.95995279867202,51.6182146826759,139.46917136292905,63.952661155723035,0.6991567986952844,0.9786932149901986,0.08204071451909833,-0.7489680194761603,0.6555583380162717,-0.9786932149901986,0.18161391311817002,48.19532496544799,265.3724273541142,-217.13498045476283,530921.7374576007,596.5970409946733,691.0768627302292,0.04123899115875854,0.013283113861926286,0.02957620289297553,0.061878283000513845,0.010867469260325854,0.00044572210480404116,0.0006342534167251527,0.0008320864954895782,0.0014013801424111341,52,True,True,True,True,True
318,sobol,True,79.55956011544913,244.18073421809822,363.8431005217135,-0.5251978424843401,-0.5493115954101085,-0.826407582871616,-0.8664563210681082,0.11404875023290517,-0.31677991957403717,-0.9382938910275699,-1.1085903950035574,100.44043988455087,64.18073421809822,119.66236630361527,75.71645959373564,0.3769193397406913,0.6633603456430137,0.6633603456430137,0.20841792291030292,-0.07183756995946167,-0.2821828121319414,0.1847446928889607,44.4994020292118,240.86971773504644,-196.40471423177095,544776.0505208684,591.4497542521848,759.7791402028419,0.04089573818149469,0.014603632929280167,0.02801672942043036,0.07454966951963979,0.011922022635345869,0.0004091923714808002,0.0005628635445965913,0.0009080276727955296,0.0010898993391616526,27,True,True,True,True,True
319,sobol,True,71.65445956401527,234.77044999599457,368.0101332850754,0.09545335508883002,0.25422140848822894,-1.6871709145605565,-1.5651373082771898,-0.33026439966633914,0.30908189802430563,-1.1228347247466446,-0.7081971433013678,108.34554043598473,54.77044999599457,133.23968328908086,63.64432627893984,0.6207419017800526,0.9789737712591886,-0.5844858081545681,0.21362854293547562,0.4423025835305452,0.9789737712591886,0.17703812051514475,45.92633861041685,259.41496936806936,-213.4318620726482,568260.2725973635,588.9084478849974,719.4407329812024,0.04715107643297004,0.01382829275363468,0.02875539378531715,0.08944793337710057,0.011588572195853415,0.0006056131961199143,0.000548533880328011,0.0013607397297261553,0.0009632683171489665,29,True,True,True,True,True
320,sobol,True,71.72723659779876,242.01765683945268,364.1870287954807,-0.44060585931874807,0.025689576752483845,-1.3507949981838465,-1.6362401513382794,-0.3004139452241361,0.10748103680089116,-1.0077772252261639,-1.2355814849957825,108.27276340220124,62.017656839452684,122.16937195602804,67.54020780231804,0.4513819213986518,0.6284629261121155,-0.32610352197661996,0.5480868961196392,0.6284629261121155,0.11521351318806405,0.1971822593843771,49.82255561820343,252.6726074331153,-202.7990075580827,513918.9043871975,585.4264014811481,603.9757134893517,0.046778911713159246,0.011608952064206183,0.027026663884785473,0.0750270643631004,0.012427125053606937,0.0005144631124351583,0.0005457546708972431,0.0010922103098493512,0.0011600641043057053,22,True,True,True,True,True
321,sobol,True,79.71568011678755,236.47255756892264,368.45969338715076,-0.10383698148652909,-0.35132116689346726,-0.4627813817933204,-0.9374952441081406,0.20339048290625217,-0.5775240737013518,-1.1512756058946252,-0.580549337156117,100.28431988321245,56.47255756892264,131.98713581822813,71.25598672963679,0.3845958301094652,0.5547116497997194,0.5547116497997194,-0.47368709221482275,-0.21378036178648463,-0.1177679553627966,0.18994100683707416,49.953872882995825,262.9967783936451,-212.98666814501215,494955.6691893986,588.0524408710997,799.1237419239523,0.0396311475104377,0.015359871276558855,0.033309609348708136,0.06643955677491244,0.01085686650949463,0.00040404192797677686,0.0005285539296819093,0.0008020444769198618,0.0009715218753484364,30,True,True,True,True,True
322,sobol,True,74.84554839320481,237.96452806331217,367.21530021727085,-0.1905172482132912,-0.4053777481429279,-0.8504796706140042,-1.2248541280627252,-0.09204577393829827,-0.12611129037104546,-1.4662655474618078,-0.9646946642547847,105.15445160679519,57.96452806331217,129.25077215395868,67.63024817593396,0.20835642037935326,0.3133319742046296,0.3133319742046296,0.06440595784224573,-0.24141141939908262,-0.11421499364078047,0.1883297262067309,53.16336750581046,282.2887739318043,-229.09318755359826,460946.24741827376,581.0767963926503,676.572681671174,0.04329643422206813,0.013004330561729715,0.03274234271305882,0.07249847333754396,0.011251234639613807,0.00042858583783373717,0.0005630225121260121,0.000937017161678552,0.0011286278942888768,22,True,True,True,True,True
323,sobol,True,66.98799265082926,232.13946347590536,371.3817521035671,0.11656529218889766,0.23093662369064982,-1.7397029248997569,-0.5234388180077076,-0.5994742777198553,0.138825615728274,-0.6008866593241693,-1.6170357927680017,113.01200734917074,52.13946347590536,139.24228862766176,55.60624054726213,0.42164059950848387,0.8304109014105051,-0.8304109014105051,0.022260323539376348,-0.07744784131646165,0.12266713213175517,0.19762180820988764,49.54731527346118,250.71785205425607,-201.11449127939812,526201.700227951,587.0339736180161,732.5310528518419,0.04249166593941063,0.014079900380380848,0.02845133847663202,0.08771214182658371,0.011771024896947617,0.0006042946580001667,0.0006160974351318888,0.0013533538434031466,0.001476363740644519,28,True,True,True,True,True
324,sobol,True,65.18659479916096,240.67934782244265,370.7256037592888,0.34048139466904104,0.3222334309946745,-1.2469060789793731,-1.4461677193641664,0.09571858737617733,-0.35563665051013227,-1.3937497425824406,-0.9228144695982338,114.81340520083904,60.67934782244265,130.04625593684614,54.46099103987217,0.4011459593354807,0.6961180451791733,-0.22651484361849716,-0.6961180451791733,0.052417976781725883,0.32409160938113935,0.18170906363811923,46.35365781330059,255.09821516452106,-208.68865151167813,563210.5092215454,589.1279396521426,648.4789530035353,0.046229155865049464,0.01246434403226609,0.02640255517837108,0.07681768380765047,0.01125438500493269,0.0005103331381100057,0.0005567911591113014,0.0009829674643244857,0.0010763325206622197,29,True,True,True,True,True
325,sobol,True,73.13109303358942,231.2405832624063,363.3718149513006,-0.2950156922452152,-0.5290724537335336,-0.7307327488437296,-0.7447525136172772,-0.40796922277659176,0.32567926626652477,-0.8591289227828385,-1.6595368267968298,106.86890696641058,51.24058326240629,132.13123168889433,69.7592780822888,0.564731618174956,0.9288040779531002,0.12110323095694187,0.62069495851174,-0.11437640916556124,-0.9288040779531002,0.17499889593056508,49.39377180054216,282.2519052928214,-232.80299184333575,507191.6917777061,602.6485556488472,672.2516743899707,0.04252997043413111,0.012921276946698125,0.030505294685482576,0.06834652991424454,0.011847595982137088,0.0004137008718124864,0.0006092115904712998,0.0009327968296598644,0.0013673462961276712,24,True,True,True,True,True
326,sobol,True,77.76779724750668,244.80744255241007,373.80353324115276,0.08937577903270721,-0.22731481469236314,-0.9543818995356561,-1.513364060036838,-0.23215272398665548,-0.12198588517494502,-0.533586002700031,-1.2753708023577928,102.23220275249332,64.80744255241007,128.9960906887427,63.964264006353915,0.5262357066554433,0.9797780573368071,-0.004837909294292342,-0.21136166420765223,0.9797780573368071,-0.32098890282213666,0.1997762567565282,51.477913544802576,257.6778360981098,-206.14871926435737,484672.00715895125,582.7416263074441,621.3438456475767,0.0447428744324699,0.01194278305966919,0.02962441364522662,0.06694058344198507,0.012368577521423894,0.0004788485459060811,0.0005905332860899603,0.0009437194429676776,0.0013212948472057424,22,True,True,True,True,True
327,sobol,True,69.69051491469145,235.6159132067114,366.3435546159744,-0.5164321923162788,-0.06577394697815175,-1.4717381646856666,-0.814619048498571,0.27539109541103246,-0.39072795179672537,-1.79008732996881,-0.5413408100605013,110.30948508530855,55.61591320671141,130.72764140926301,63.34696029871702,0.6980996970134385,0.975468281470239,0.3411650423891842,0.12570424051955342,-0.975468281470239,0.9303973546251654,0.18557189893559392,47.180529113204955,254.2439312407953,-207.04568993795846,541267.2439551369,590.3214122422316,621.5103981262994,0.043081830028615466,0.011945984346903898,0.030829957721931155,0.07497590890073395,0.011435601821428788,0.0005388993377740664,0.0006009325715766699,0.00120961712412389,0.0012887913392722772,32,True,True,True,True,True
328,sobol,True,69.34928471688181,238.57027536723763,372.7670360915363,-0.31268597808666526,-0.28342130407691,-1.692083115503192,-1.3460346698760988,-0.0049748173449188915,-0.2746406971011311,-0.7279409652575852,-0.4752390019595625,110.65071528311819,58.57027536723763,134.19676072429866,56.58224862534553,0.696729738444807,1.2168441135436294,0.2784464867319911,0.03804528098553417,0.6180937046185135,1.2168441135436294,0.18286798776873217,50.21684512551364,274.60708535285806,-224.33466565425402,503091.7714722911,585.6182016378385,560.157339611351,0.04003896298204954,0.01076672382469247,0.033432678210235496,0.07131303130942844,0.010725944870454753,0.000547148254381906,0.0005039977024514626,0.0012666378311354963,0.0008460797480424538,22,True,True,True,True,True
329,sobol,True,76.47342421114445,232.88090884685516,365.1327068172395,0.23931476203724744,0.10819763732142751,-0.8095301548019053,-0.6446406595408918,-0.4494330106768757,0.2870262505020946,-1.6124765027314425,-1.3846111040562392,103.52657578885555,52.880908846855164,132.25179797038436,71.34071739390492,0.628620044875712,0.9678358431905507,-0.5576306479983032,0.047711488464847185,-0.9678358431905507,-0.575080949254334,0.190306465707668,51.132804509087926,268.6866382544965,-217.50740429811896,488972.0832820462,583.0586260238475,677.1331229169975,0.04854321272979235,0.0130151027424851,0.03231419765695114,0.07271688897063155,0.01292308593375801,0.0004943139458213702,0.000626173152489403,0.0009966040144664247,0.001250814881368232,22,True,True,True,True,True
330,sobol,True,73.49293690174818,242.69662506878376,369.7036521397531,-0.5637032596394419,0.14830558551475403,-0.5081742987036706,-1.5820945216342808,-0.15448959856294098,-0.04065709523856642,-1.2212711986154319,-1.725037100352347,106.50706309825182,62.69662506878376,127.00702707096934,63.78928476199508,0.7028888180334326,1.2168628016486764,-0.302795184077695,0.5230461644008755,0.3608233230188489,-1.2168628016486764,0.18081461436493798,45.25021468546404,250.25750736129973,-205.03811094767343,572210.318832442,594.6493486544861,654.5521487296161,0.04400811280315769,0.012581076272463784,0.028574082238063157,0.06685209352883595,0.011268624620959535,0.00045433945388888226,0.0006632664354882445,0.0009556614829128435,0.0015071427574945386,23,True,True,True,True,True
331,sobol,True,66.47039635572582,237.25798471365124,362.1520978920162,0.01798387807793911,-0.47292223260737953,-1.3919208755716683,-0.8833283146843315,0.29353468702174723,-0.42904813103377815,-1.014855487458408,-0.8129740519449116,113.52960364427418,57.25798471365124,124.89411317836493,64.31829846370965,0.5338006764194105,0.7664569196291268,0.7664569196291268,-0.44703200911171725,-0.13152717277407644,0.5789468236267568,0.19870733449592765,52.19246567422791,262.6599858864171,-210.4192203840092,472875.3559763099,586.3186194459768,657.9439820669364,0.04245843064515925,0.012646270335309863,0.03193672920233958,0.07275144617033855,0.011828879128053764,0.00048362263949393286,0.0005408405581121491,0.001104858064820322,0.0009740217139071675,22,True,True,True,True,True
332,sobol,True,68.50711398757994,243.65947060287,367.3084379248321,-0.025023175450041846,-0.5802768173161894,-1.599123737588525,-1.7220606235787272,-0.31949570248834785,0.02645653937943282,-1.6325904021039606,-1.5077952094376088,111.49288601242006,63.65947060286999,123.64896732196212,61.198676062747836,0.1474811610636528,0.26078111482784155,0.26078111482784155,0.051479714829474665,0.08947022147476669,0.09132852815091619,0.18152829490232705,51.713238215129834,284.877011834186,-233.14204470418196,458524.2512763402,581.1163403838576,573.185234562266,0.048109289974399276,0.011017131588787695,0.029633672298195093,0.09120769636271532,0.011785311925355653,0.0005208545212289795,0.000602141894598677,0.0011414782646747069,0.0013487811563528084,22,True,True,True,True,True
333,sobol,True,75.44082382228225,234.36199782881886,372.04767813906074,-0.4007566970773041,0.28611562466248863,-1.0884270848706366,-1.0232941871508956,0.12484632586129008,-0.5388416185509414,-0.4390064053237439,-1.0307967331260444,104.55917617771775,54.36199782881886,137.68568031024188,63.39314568322152,0.3121653014465691,0.5842877818271517,-0.16126929880119856,-0.13808492147363727,0.5842877818271517,0.05763035174459219,0.18258287893723582,40.75659385325064,223.2224296740387,-182.47637632847065,584694.0616286595,593.5019032090364,688.325924387077,0.03729570220118303,0.013230238372657452,0.023733670773585878,0.08355913699566626,0.010438621181330642,0.0005384060767350744,0.0005798667115896159,0.0011141099655926758,0.0011547451239190996,22,True,True,True,True,True
334,sobol,True,78.18787557538599,239.6046536276117,364.2890586517751,0.22515376973897216,-0.02953266049735248,-0.6011310480535033,-1.1295060679316522,-0.05152102936990555,-0.20746953384950756,-0.8195732817053796,-0.6903900990262628,101.81212442461401,59.6046536276117,124.68440502416342,73.89881692361087,0.2700332948601077,0.4326233035884797,-0.021988368872553066,-0.4326233035884797,0.3099327862262726,-0.08925905097275955,0.1946051250787503,49.290044226792766,253.28235423834138,-203.93663388121612,503688.2922684473,586.8137868886172,720.3002081647102,0.044307225959480265,0.013844812633462418,0.030077513271835825,0.061218385359695364,0.012386392009587839,0.00044319912118975156,0.0004907094718729735,0.0008279467344903856,0.0008781786898891972,29,True,True,True,True,True
335,sobol,True,71.15068656392395,230.03059104084969,369.11105100438,-0.1802688072901219,-0.17646534107625483,-1.1130266575142742,-0.4281122870743277,-0.4996610835660249,0.17717432482168072,-1.3350374521687627,-1.170080846361816,108.84931343607605,50.030591040849686,139.0804599635303,62.03963555954397,0.5142930867229377,0.906925165094435,-0.32319574248977007,0.3574431321118026,-0.906925165094435,-0.057054188847541765,0.18970964078981525,55.57371023506849,292.94088589119303,-237.335389172615,418621.6085108117,580.4018492283731,588.5384708557403,0.04254055216345277,0.01131223448809412,0.032300540997301605,0.06940688219601708,0.011710732378294668,0.0004985848209496323,0.0005621347635847129,0.0011278200222548942,0.001191904009755307,22,True,True,True,True,True
336,sobol,True,70.68462461233139,240.29153275303543,365.5651841200888,0.07189741102047265,0.18959054201841352,-1.0150563118979337,-0.9870022326707841,-0.03031041980721061,0.23489775084890419,-0.9115574581548572,-1.1257642954587936,109.31537538766861,60.291532753035426,125.27365136705339,65.11944049224257,0.15237594579024724,0.21990096182562413,-0.21990096182562413,0.16300033982843154,0.0754447745159269,-0.11070798356085998,0.19461252427330947,47.00828491720492,241.54809713678827,-194.5518289635757,540073.6770832764,589.1251176167252,638.9300072896552,0.04696242427755034,0.012280804776331927,0.02496952718990836,0.07224695970761572,0.012839003688810809,0.0004865872685430056,0.0005565456246153956,0.0009437804065595421,0.0011205760683553245,32,True,True,True,True,True
337,sobol,True,78.64844413939863,230.74949878733605,373.03470711782575,-0.502367596887052,-0.3648422095458954,-1.5747847788035871,-1.6855121336877346,-0.535969070950523,-0.2722648022230714,-1.4269313003867865,-0.7363086689263583,101.35155586060137,50.74949878733605,142.2852083304897,65.61373702157289,0.46155658726526594,0.8384761098772289,-0.17112686140462763,0.2301027946639806,0.25858083330094805,0.8384761098772289,0.17506451794097633,52.70057396222101,301.0351531084626,-248.3043940490532,445767.0154942195,580.5099110974371,606.4676989132663,0.03683395695047193,0.011656850247336412,0.03535946608442948,0.07670481317720236,0.008822705013423207,0.0005825202595344616,0.0005291161919751166,0.0014995079636539554,0.0010446723960159036,22,True,True,True,True,True
338,sobol,True,76.0039276489988,243.43630160670727,362.6512614376843,0.29672204954549664,-0.3321265784092247,-1.1872463734820486,-0.5725402278825642,-0.3555645579006523,-0.4741007308475673,-1.7142355281859636,-1.074001625366509,103.9960723510012,63.436301606707275,119.21495983097702,73.3526662113145,0.6911963594677991,1.1416953003033994,-0.023437979491427563,-0.770822780393064,-1.1416953003033994,0.11324474811553964,0.19712288344652584,51.77364201182817,262.6465335054465,-210.81775426821972,457466.3586611261,582.606765425091,598.696298868403,0.048807472021333446,0.011507477005039348,0.030410303739452003,0.0801426892468274,0.013909915308322434,0.0004718104802118221,0.0005941830505873212,0.001051211581597343,0.0013049556368064145,29,True,True,True,True,True
339,sobol,True,67.93851722031832,234.11595369689167,369.99262196198106,-0.24785707038827237,0.007537422468885779,-0.6259878341108562,-1.2738487472757698,0.14629606739617884,-0.031205300521105483,-0.520731512270868,-1.4662350555881858,112.06148277968168,54.115953696891665,135.8766682650894,57.94589525833726,0.5786607196342334,0.8402472214773296,0.13875864492729306,0.2166517698671669,0.7531172350049018,-0.8402472214773296,0.18552978200396897,47.57480559077353,256.426785375923,-208.86075083710355,543671.565177983,595.7468557789585,653.9652815725249,0.04247266956869155,0.012569796162117347,0.02556557323460399,0.06088551813119601,0.011392753344629294,0.000436894005817468,0.0006441386073775306,0.0008155032011676435,0.0013686497827463452,32,True,True,True,True,True
340,sobol,True,65.98968596663326,242.48032342176884,372.14913633838296,-0.23418961646966635,-0.10699951597489415,-0.7908309122547508,-0.6957579074427487,-0.1759457669686526,-0.48300220263190563,-1.1389341028407216,-0.7713064268231393,114.01031403336674,62.480323421768844,129.66881291661412,53.8405496282503,0.2566357507527096,0.4431761953979729,-0.06894625099375845,-0.24881258616223928,-0.4431761953979729,0.01952448543161145,0.18994982287344003,54.93288405456658,289.1968164201307,-234.222367712546,424429.7092156593,580.7833882338787,605.7392775078637,0.03929307487323447,0.011642849338046523,0.03188949785327822,0.0674597619374393,0.010972494813876903,0.00041498589217553846,0.0005086501865860785,0.0007746090448430233,0.001008413884901394,22,True,True,True,True,True
341,sobol,False,73.96815390326083,237.0059923361987,367.9951127357781,0.16381088737398386,-0.1871335060335696,-1.634947730600834,-1.3970662808045746,0.3295953602064401,0.020369685767218426,-0.9324378266930581,-1.7681358460336924,106.03184609673917,57.00599233619869,130.9891203995794,65.97304116748273,0.3609718735534296,0.5167288662400097,0.5167288662400097,-0.14344120160676543,0.46462845411151654,-0.13318811543285847,0.1664271281164125,34.6507777248909,208.20390351657912,-173.5560639576746,660172.4789685105,594.5912213953411,655.5654687638028,0.047155683444049204,0.012600553187577824,0.022630382086495753,0.09330692253096017,0.012066302602903261,0.0005652650718952326,0.0007041805849782948,0.0013355710647768278,0.0015007192847541105,22,False,True,True,True,True
342,sobol,True,76.84609835036099,239.26035973243415,369.1912332959473,-0.4581712041981518,-0.5102339036297053,-1.4114798257127406,-0.7653470531105997,0.03131060521118345,0.2259378409013152,-0.633897026628256,-1.430464922077954,103.15390164963901,59.260359732434154,129.93087356351316,67.65486505441368,0.4412808584078935,0.684109045099467,0.5415445088408888,0.684109045099467,0.13145002648234372,-0.018985096365213394,0.19732293640048115,47.151311718769406,238.95504789707982,-191.81989588330228,536026.4732238167,586.7072948846201,682.6608850366946,0.042005104494899616,0.013121351262146858,0.025941771692148886,0.06972411379542386,0.011930067503477715,0.0005092002297908402,0.0006246028693203429,0.001231708768524561,0.0013361715658875767,32,True,True,True,True,True
343,sobol,True,68.97111763712019,233.59753045719117,364.9090243317187,-0.08985935938544576,0.3042072217911481,-0.5658169131726027,-1.46385710015893,-0.47066442971117795,-0.22063228730112316,-1.518523476459086,-0.4308590238913894,111.02888236287981,53.59753045719117,131.3114938745275,64.0620933054015,0.3996028276784999,0.7748716515023261,-0.7748716515023261,-0.1307729279156774,-0.05466637630015603,0.13495788928121333,0.17315542455294625,52.68585391396954,304.2691503889884,-251.55648818836497,427320.88524762634,579.8507747661033,736.2368277287059,0.042517120171760195,0.014151128679707178,0.03785158611987067,0.07900611656976785,0.010530083931705698,0.00047532865634422513,0.000571430471802596,0.000869674380610886,0.0011814673042619525,22,True,True,True,True,True
344,sobol,True,70.27010382153094,244.11961993202567,368.3319478854537,0.18139442638494074,-0.44759044256061314,-0.6730951985344291,-0.6058785973116756,-0.2088320835493505,-0.5630849245935678,-0.45125262290239343,-0.4970456866547466,109.72989617846906,64.11961993202567,124.21232795342803,61.93815593607724,0.4080924161958376,0.7444793509785086,0.23875835901126263,-0.7444793509785086,0.15462597440928216,0.17604951187968254,0.18584856310564934,53.95799302509579,290.3331191988947,-236.33409389877727,395936.7394401255,580.7848674280895,640.2817910804291,0.03912052119976307,0.012306787266815862,0.034595344325853566,0.07545677574813625,0.01176044208628115,0.00040788144513096146,0.00046211087975386064,0.0007458404561299781,0.0008147974460653742,22,True,True,True,True,True
345,sobol,False,77.19370128121227,234.8979489551857,363.52096474915743,-0.13311018720269202,0.12192886979319151,-1.2273414805531502,-1.3072084998711944,0.2374803327955305,0.05813844762742515,-1.7076632829383016,-1.3213106432929635,102.80629871878773,54.89794895518571,128.62301579397172,73.67273653205484,0.2340525676817656,0.40045478306710725,0.11555146300233898,0.19124863483011717,-0.40045478306710725,-0.09396916273981337,0.16932313048245343,37.48803995904029,221.39940274093323,-183.9196666343142,634314.5394918142,594.9149517140457,637.2603988879796,0.04875001140781498,0.01224871341327186,0.022230429847353975,0.08994128266446778,0.012080618645869403,0.0005455851724464155,0.000628502959157873,0.0012066238397218708,0.0012894868593663394,22,False,True,True,True,True
346,sobol,True,72.68883725162596,240.90163104701787,371.32785684615374,-0.042501545231789395,0.07532258899882438,-1.5288792500272395,-0.8456987753510476,0.05756869278848176,0.14549329071305694,-1.2997100988402963,-1.7027202602475882,107.31116274837404,60.90163104701787,130.42622579913586,61.36098040547222,0.2607701276332605,0.45401132348924866,-0.017753896210342623,0.18799483594484634,-0.45401132348924866,-0.1738410102203487,0.1875917835330156,40.91685825046909,218.116473333001,-177.21229294021717,597478.1905652619,590.9585245674481,554.6326820476276,0.04646606057224142,0.010660534977366326,0.02097879167642205,0.09265751528306893,0.012206693322013231,0.0005505139463755903,0.0006828955368647145,0.001204150302131599,0.0015237298516547562,22,True,True,True,True,True
347,sobol,True,65.63434396870434,231.48751316592097,366.5747235044837,-0.38669209987856445,-0.2497332212049514,-0.97307619266212,-1.5441872932016851,-0.3848877143114805,-0.18322535366751252,-0.7651689313352108,-0.8812330342829229,114.36565603129566,51.48751316592097,135.08721033856273,59.05962046422064,0.4107828586025672,0.7790183618664743,-0.1351544931065291,0.20346674621105193,0.7790183618664743,0.0918431583791971,0.17903643893722307,55.585819986810236,310.4721045434819,-254.86238179416003,389626.4821687918,579.3519047998502,559.4470396175442,0.039772690977821365,0.01075307122510089,0.03277222233043926,0.07184409513256924,0.010433036429656723,0.00045179380784845797,0.00048675131310293307,0.0009664235533427594,0.0010032550489271967,22,True,True,True,True,True
348,sobol,True,67.34785499516875,238.18177320528775,362.9187498614192,-0.5812686027493328,-0.15077569712884725,-0.43791889529675254,-1.0612014442682267,-0.11512085553258655,0.3149510192684829,-1.5582433428615332,-1.575389595143497,112.65214500483125,58.181773205287755,124.73697665613145,64.42910513374954,0.7657302267421099,1.1374706998467445,0.0356548415962607,0.8962196220178157,-0.4970418985933065,-1.1374706998467445,0.1756985135377713,48.16044184387635,274.1084194404577,-225.89008226192541,525100.3742325447,597.745709098681,634.3287415020287,0.04632339994237458,0.012192364342767758,0.028785641994214458,0.07596226303069978,0.012119833357847913,0.00039407506790354663,0.0006276633298018107,0.000776080599766125,0.0013173155895765236,29,True,True,True,True,True
349,sobol,True,74.4911789894104,232.39051235839725,370.48419723659754,0.03196149840950968,-0.05603351285681124,-1.2765802316367627,-1.7596901498734951,-0.5613162009045481,-0.31000503422692416,-0.6927842183038593,-1.0078146809712054,105.5088210105896,52.390512358397245,138.0936848782003,64.00698175281286,0.629041908843752,1.0669059315696359,-0.5052826880477369,-0.34196653263643384,1.0669059315696359,0.2687655506655573,0.18861963699486295,53.96944927898403,286.12847601044786,-232.1341823764458,445708.21510796907,580.8799279800319,647.2925134620534,0.041652761812812654,0.012441539605769252,0.03317568758045996,0.06762466225768221,0.010758437600088783,0.0005366570849722464,0.000503303013195413,0.0012302553764131894,0.0011207157201510933,22,True,True,True,True,True
350,sobol,False,79.22947902232409,241.32845824584365,365.86497930437326,-0.35635834811255335,0.2531182552222162,-1.764036819525063,-0.4669384283944966,-0.2624806177802384,-0.3936847246717662,-1.0894153809174896,-0.6263816963881255,100.77052097767591,61.32845824584365,124.53652105852962,73.36449971795082,0.6980279707594952,1.1376551231369376,-0.5155988730024545,-0.03732637655921284,-0.622476952522993,1.1376551231369376,0.14764949195571742,29.93618264446332,202.75168067250573,-172.82353112962272,664192.8858498771,593.7971714736635,715.6279143395257,0.041740646568968094,0.013755006977647073,0.02619250166176989,0.1081790109366346,0.012126440252547489,0.0006211261915535713,0.00048545036703658776,0.0014172760162271614,0.0009701124824546782,22,False,True,True,True,True
351,sobol,True,72.21893107984215,235.75505018699914,373.48829936236143,0.2865603589918464,-0.5462363200262189,-0.9238560918718578,-1.1682681431993842,0.1800906519405544,-0.06858279476873574,-1.2330050129443408,-1.1911802254617214,107.78106892015785,55.75505018699914,137.7332491753623,58.73063171748072,0.42700426946735004,0.7263269719667733,0.7263269719667733,-0.35514315376058214,-0.06473686974495663,-0.2673241335898636,0.1853704101250484,52.33340818133605,282.31802554697174,-229.95481280223723,481022.8791882553,584.7426148509251,728.7800448704052,0.04318846140447779,0.014007802660428866,0.03342359314566685,0.07579691562433959,0.010834387501807985,0.00044390839777350345,0.0006154504256951051,0.0009692096669550129,0.0012675980032736478,22,True,True,True,True,True
352,sobol,False,72.43289574049413,237.53545776940882,369.50521620362997,-0.07477718875743444,-0.09431902379728851,-0.9996728813275696,-0.5326357582584025,0.2469349631574005,-0.24779755459167063,-0.9599096331745387,-1.6284166414290668,107.56710425950587,57.53545776940882,131.96975843422115,62.92767953686416,0.4255208604340988,0.6287437601014972,0.341253986954689,-0.1730203658342362,-0.4272738749161362,-0.6287437601014972,0.17525907935746013,38.834028945014495,221.58069691675277,-182.75494126984734,611362.3717658172,598.2639288870116,657.4817178905823,0.042122222516635256,0.012637385205420628,0.022205625654972003,0.07348548256357101,0.011751130398712718,0.00047111718917638014,0.0006790141234478452,0.0009883784643825403,0.001450319957580705,22,False,True,True,True,True
353,sobol,True,79.48379139881581,232.1066448604688,362.35062611848116,-0.4709205056540668,-0.2294139710254967,-1.5101879596710206,-1.2313808428123594,-0.19552099094726144,0.2544943930115551,-1.1006949594244362,-0.8885765194892884,100.51620860118419,52.106644860468805,130.24398125801235,77.13316528033465,0.48240415938980236,0.7254148986656219,0.03389298007823527,0.7254148986656219,0.1306858833879232,0.6216114401817322,0.197661163862147,50.915671924523295,257.59067147875817,-206.62669099939782,497113.4696280723,586.8661591834541,615.4391037507988,0.04402868820116054,0.01182928865236069,0.0297991191881917,0.07697086478623041,0.011681930424280468,0.0005794651145013048,0.0005569096566161774,0.001451902579381037,0.0010133070682631035,22,True,True,True,True,True
354,sobol,True,74.6136563224718,241.86124918516725,372.5919340327382,0.1464091897010803,-0.5232623669784516,-1.1992067033424973,-0.9939239714294673,-0.37594722299836575,-0.006274298951029822,-1.5141223905608059,-0.5700248112902047,105.3863436775282,61.86124918516725,130.73068484757096,62.02172228973359,0.421749406610756,0.6291818920522927,0.14731514398008588,-0.15268348865211012,-0.5201984191313386,0.6291818920522927,0.17673933767340388,53.36343868285314,301.9330013642084,-248.54597846897008,409631.1849629344,580.0664387651576,607.7012177877249,0.044438171600881045,0.011680559580615979,0.0367598918352785,0.07824733257226982,0.011650760745587097,0.0004604252379418791,0.00056382980998164,0.0010592954969066758,0.0010871856699129958,22,True,True,True,True,True
355,sobol,True,67.6936564873904,236.1524421814829,365.3077166303992,-0.22004863559268417,0.3470675632357597,-0.6871722336858512,-1.6953391041606665,0.07036474035121498,-0.45404033474624156,-0.6514565568417312,-1.3125572981312872,112.3063435126096,56.15244218148291,129.15527444891632,62.38593985699117,0.6348452210762746,1.0438825473189353,-0.27670282288454473,-0.2339916991535574,1.0438825473189353,-0.625385064445436,0.18169222635756008,44.10795599097365,242.7619325010178,-198.6759458573735,569263.3703156529,594.1969132120729,677.0245395236007,0.04348467337125897,0.01301301567278882,0.025338871997345597,0.07121767980051293,0.011543631639976187,0.000487470294737703,0.0005948930279312244,0.0009898327952364428,0.0012154520462256979,22,True,True,True,True,True
356,sobol,True,65.892253969796,244.7513942187652,364.4640541598201,-0.26572379604913293,0.20288621596992018,-0.8957652701064945,-0.7773957032710315,-0.5406924016308039,-0.0003866031300276962,-1.43338218703866,-0.6176500473171473,114.107746030204,64.7513942187652,119.71265994105488,61.42819980997592,0.5317375599231683,0.7435786176007241,-0.7435786176007241,0.26533719291910524,-0.6559864837676286,0.2781152227893472,0.1869182059025632,52.34086817923141,280.0201720666829,-227.63217830886936,456088.43542899407,581.3823378632082,684.2379982940074,0.04571182238194988,0.013151664786010582,0.03311107814331712,0.06000542046498097,0.012768523673189936,0.00045007308913236663,0.0005762060959522429,0.0007984252279260611,0.0011470413815404792,22,True,True,True,True,True
357,sobol,True,72.899204287678,235.1963432971388,368.93596325069666,0.31039862530305984,-0.407913590176031,-1.7781580187380315,-1.4788110654801132,-0.09812067891471088,-0.5063097610604018,-0.896048396266997,-1.2641803786158563,107.100795712322,55.19634329713881,133.73961995355785,63.963241036981344,0.5845446046706209,0.8167083863634617,0.30979291126132014,-0.8167083863634617,0.5827626692131163,0.5139776401221752,0.19722341843092278,51.39258371329748,260.5805341078076,-209.15484434198675,494699.556672277,584.6773938590289,586.792777478227,0.0425282548736271,0.011278680703917477,0.029524054403380167,0.07802246599217849,0.010964527291510403,0.0005765038310751091,0.0005837618870079143,0.0014210460195719329,0.0012410433651017928,22,True,True,True,True,True
358,sobol,False,77.53590514883399,240.38338125683367,367.50697473436594,-0.4858923241496086,-0.34507439443841575,-1.3031329648569228,-0.6726015264168383,0.20018580923788243,-0.2418523301370442,-0.49394298661500224,-1.5827113842591645,102.46409485116601,60.38338125683367,127.12359347753227,70.02893041446805,0.3416676655868794,0.5452602036762981,0.5452602036762981,0.24403999401256438,0.1786585398018361,-0.2795784194022417,0.1723968607894097,36.159333520212854,209.74473290661055,-173.5933306438765,614947.5115054825,596.0023882224559,694.1299056534825,0.039113507595879324,0.013341796070754267,0.021263912341881575,0.07772955284423982,0.011437777394913343,0.0005020972755569969,0.0006592634248179869,0.0011701185699138392,0.0013922768000088476,22,False,True,True,True,True
359,sobol,True,70.39617877919227,231.07559432741255,371.84923361986876,0.06054013581015172,0.05002903989516194,-0.4191834408789874,-1.3713463814929128,-0.24600998912937938,0.20216652853414419,-1.7531572848558425,-0.9334900336340071,109.60382122080773,51.075594327412546,140.7736392924562,58.54694515932351,0.3598569087498175,0.5143065927550197,-0.2960390290245413,0.14162639272399247,-0.3818109033629298,-0.5143065927550197,0.15929997262908013,50.31498808307583,315.8505758204434,-265.5139072005344,431547.5540039375,579.3457065630831,680.7616730430083,0.04315652288871096,0.013084846713202179,0.03722516477887376,0.10025842710796652,0.009951437461672579,0.0004468155168150751,0.0006191803977954116,0.0008041965816640989,0.001199784209661143,22,True,True,True,True,True
360,sobol,True,69.11237666383386,243.1119552999735,367.0167613066733,0.2686939376872033,-0.16372436252422629,-0.6419888926669957,-0.8741536755114795,-0.5226652174256742,0.08237739624455576,-0.677360355295241,-1.0430741975083948,110.88762333616614,63.11195529997349,123.9048060066998,62.09561535716057,0.30130940226533803,0.40108530484139915,-0.3589408549014479,-0.18631654144264753,0.19679332021623852,-0.40108530484139915,0.19010761813833557,54.90378561360711,288.8037110309556,-233.87225656391863,411850.7843808516,580.769618232634,612.5919294458348,0.04454625510776527,0.01177456342204669,0.03329653220415797,0.06137257663969418,0.012806697790136648,0.00043711388174437845,0.0005025818069155867,0.0007307128383232647,0.001095140043774705,22,True,True,True,True,True
361,sobol,True,77.17406049836427,237.30452908668667,371.5802002437413,-0.3426821899600327,-0.013542858045548223,-1.1579592861235142,-1.5755475085228683,-0.020805045124143384,-0.5432527142576873,-1.5646088637411595,-1.517638242058456,102.82593950163573,57.30452908668667,134.2756711570546,65.593860254623,0.20601570320627915,0.3596789559349418,-0.0072621870785951614,-0.2005705242976546,0.010938644781708806,-0.3596789559349418,0.18949678337360834,46.57433929506458,245.77904946934893,-199.23961887791802,560683.1179693335,586.168445642757,606.7601919339124,0.040499453155058235,0.011662472224147664,0.025624859483755667,0.07620020066569769,0.009858650544885213,0.0005153554366681576,0.0006441060122827332,0.0011338758298182498,0.0014236410891803831,32,True,True,True,True,True
362,sobol,False,74.19357788283378,238.74225413892418,364.01202975586057,0.048436169512569904,0.266414891788736,-1.5579292254522443,-0.5881909662857654,0.15907035879790776,-0.1585226511117071,-1.2718410700559617,-1.1553672917187214,105.80642211716622,58.74225413892418,125.26977561693639,70.18154812697321,0.41345748786105085,0.6836501037701963,-0.10734453299082825,-0.206958820624277,-0.6836501037701963,0.4025619337335229,0.15723695371103083,31.13338170889786,198.00295651946178,-166.87516667089218,661295.8874520671,596.6843663495462,622.1684037196337,0.04705276827781701,0.011958631801462736,0.021394214386271072,0.10230665337716163,0.013025943825229017,0.0005821174211887162,0.0005748754253469836,0.0012728356420693414,0.0011162171718738611,22,False,True,True,True,True
363,sobol,True,66.2334849499166,233.18546742200851,368.6347833313048,-0.5926253895740956,-0.5893068512901664,-1.0404127378016712,-1.2869573505595326,-0.34658783935010434,0.16578925498761232,-1.0627123879268767,-0.683495518192649,113.7665150500834,53.185467422008514,135.44931590929627,57.59870161861181,0.45049444967790053,0.7584146445617079,0.242719011940062,0.7584146445617079,0.22424496263265592,0.35691721960902223,0.16606495142923075,53.90203914465996,324.5840779812622,-270.65558732898563,362000.30798600503,578.5082953982057,591.4875538383129,0.039249549713823294,0.011368918494111944,0.03621986986265782,0.08046904239838389,0.010181411589322861,0.0004321830744766757,0.0005245391720501312,0.0009862970647868815,0.0009297981018129684,22,True,True,True,True,True
364,sobol,True,68.27020596247166,239.64513084385544,373.97863176837564,-0.3716092851478606,-0.46061794329434635,-0.5490054821595551,-0.46531520877033494,0.34663177821785207,-0.33053300995379686,-1.669509839080274,-1.3776307428255679,111.72979403752834,59.64513084385544,134.3335009245202,54.29157419409603,0.835171225490086,1.2041946303099391,0.8072497215121984,0.04107627519406376,-1.2041946303099391,-0.8286252606660127,0.18417319112059694,48.97477482890051,265.91695854817294,-216.9261589677697,516665.7814101154,594.884990956656,749.4506130212842,0.04287397715143745,0.01440510942201555,0.030473024738335335,0.06219694068258946,0.011699118915511945,0.0003657881528573691,0.0006646032683549286,0.0007106085529307115,0.0013835914253987182,32,True,True,True,True,True
365,sobol,True,76.1414600815624,230.46571776270866,366.1685469932854,-0.05525137754157183,0.16479006060399115,-1.436880248785019,-1.1640814887359738,-0.15534370969980954,0.2914079068228602,-0.4786388967186215,-0.46044032406061897,103.8585399184376,50.465717762708664,135.70282923057675,69.97291308827698,0.6414679968385495,0.9764399247244,-0.3201337703038007,0.34665928436443205,0.6854425920173524,0.9764399247244,0.1880599564956216,47.341774218868586,251.73766441858555,-204.4582577755603,539335.2151141331,589.9314261307262,686.1539715773059,0.04479247043690246,0.01318849150189558,0.02892385703367174,0.08188492109430193,0.012133554390466822,0.0005930851014214383,0.0004957762320359336,0.0013786010829698427,0.0007752103555156279,33,True,True,True,True,True
366,sobol,True,78.88851652853191,243.9691772311926,370.9240375943482,-0.15051214676350355,0.08800223181024192,-1.6509046668186784,-1.09546693302691,-0.45414307089522477,-0.08957452443428338,-0.7826432626694442,-0.8227306418120862,101.11148347146809,63.96917723119259,126.9548603631556,67.96447893418372,0.5199436958681865,0.8281740250065922,-0.5421453027054667,0.060937622329220176,0.31282367035746583,0.8281740250065922,0.17948182930679668,41.63873751106956,231.994167163822,-190.3663608296346,588209.7855450377,588.6962997128245,696.972957250276,0.04303367688791937,0.013396442058939058,0.028932121742786095,0.0921945884119355,0.011995704007320654,0.0005803857845311618,0.00048289846494157363,0.001310607692634822,0.0010227067039714575,32,True,True,True,True,True
367,sobol,True,70.91377518605441,234.51326100621372,363.1732903458178,0.195535782398656,-0.29201464881189165,-0.7614998277276754,-1.796860870346427,0.0513985092751682,-0.4176915910560638,-1.2953943787142634,-1.7372301142662765,109.08622481394559,54.513261006213725,128.66002933960408,67.7404848402366,0.6514404506553292,0.975730286538601,0.34341315808705986,-0.6132273734547198,0.5014664916321636,-0.975730286538601,0.16945960406497274,43.94641727517602,259.33270361192666,-215.4065357600946,584847.5233052967,604.0971549140858,689.7032667207835,0.04570563432130735,0.013256712121139201,0.0257447658613554,0.07554656827043092,0.01113413413161223,0.0005132665246244763,0.000656843508158989,0.0009769163916757582,0.0014041296277733128,32,True,True,True,True,True
368,sobol,True,71.39082335401326,243.25122829061002,371.12794746086,-0.5315143841784448,0.3058425675611943,-1.3627606060355903,-1.1934946168214084,-0.432933388557285,-0.59735266007483,-0.8637005941942335,-1.7829772042110563,108.60917664598674,63.251228290610015,127.87671917025,60.26287589315325,0.4570204258713598,0.7387759561184793,-0.7387759561184793,-0.06583827589638525,0.32979402262717494,-0.42021659817546597,0.1950570963483566,44.372486349583326,227.4846041506614,-183.12535344413175,555353.1995444025,586.4835514668544,693.5624100614153,0.038795035231395984,0.013330888299170382,0.026735315667605192,0.08823305107431295,0.01062626039705095,0.0005339151431560759,0.0006586933092023161,0.0010778045114580572,0.0015652627856662478,32,True,True,True,True,True
369,sobol,True,78.41696174815297,233.8254230748862,366.7747251354158,0.10212510172277689,-0.4830804849974811,-0.5239604199305179,-0.4949845384806395,0.015091350022703454,0.08324571214616294,-1.3763614654541017,-0.7782441025599838,101.58303825184703,53.8254230748862,132.9493020605296,71.64223661273718,0.5220194170744394,0.8813769269734621,0.49817183502018453,-0.018879389576613947,-0.8813769269734621,-0.2542836826294659,0.18592561422914095,51.461428419444594,276.7850391825077,-225.2707992671924,470810.80035389913,585.4142479664234,771.5639853513238,0.04493239558323481,0.014830148167156915,0.03430767295202976,0.06510795627573653,0.01249261501409292,0.00039792324584118357,0.0005671965766813725,0.0008501524729884813,0.0010926219387691117,22,True,True,True,True,True
370,sobol,True,75.77244816347957,239.89204722456634,368.15539526566863,-0.27761401580646633,-0.2105759800877422,-0.8351015597581865,-1.6564919317141176,0.31056385003030296,0.11853327541612091,-1.762103182822466,-0.4187088623642923,104.22755183652043,59.89204722456634,128.2633480411023,67.61705289781094,0.39148946782834787,0.5211398301180452,0.5211398301180452,0.39614729122258724,-0.10561125110834846,0.4163926973938942,0.1819682016717108,49.63519976365601,272.7685348740379,-223.08335781132868,503192.4849185721,587.0724601999543,742.4828816306181,0.046859600286966174,0.014271183408263785,0.034805721656241864,0.08061980386936746,0.011289622160376742,0.00046821038837307864,0.0006263627621839012,0.0009328219817121256,0.0012514076763196534,22,True,True,True,True,True
371,sobol,True,68.64471082109958,230.68801451008767,363.69742507860065,0.32634043502621346,-0.11234579216688872,-1.6751007026061415,-0.9551835896447302,-0.13389479629695417,-0.15081036896444855,-0.5713121378794315,-1.4206654850393534,111.35528917890042,50.68801451008767,133.00941056851298,64.94728574249893,0.3317498382616748,0.477150803990662,-0.02154900413006544,-0.477150803990662,0.3838714517652987,0.2544352175667881,0.20278180407955312,50.37368797240278,248.41325483345994,-197.98473627410846,511327.59301244526,588.3045991620928,543.6438310040443,0.04344510065848333,0.010449319456350331,0.024052317606095507,0.0808441222785456,0.01194761812120886,0.0005804391600414133,0.0005894637302776401,0.0013726167742258463,0.0012491337475146929,24,True,True,True,True,True
372,sobol,True,66.69588468037546,238.99328771047294,366.0414539389312,0.13443199661560357,0.008681719563901402,-1.1385538984090091,-1.5175514290109278,0.13761337641626592,0.34921875474974506,-1.1785771815106274,-0.726422783918679,113.30411531962454,58.99328771047294,127.04816622845829,60.65443074144423,0.29475087769500646,0.41213111449033013,0.12893165685236452,0.2147867581341415,0.33897424750030036,0.41213111449033013,0.18651768972523206,50.665285809593584,271.6379657298511,-220.93517198107398,503719.9982970504,587.4121113913471,613.0608791986189,0.04898524140910824,0.011783577054679598,0.02999111389591576,0.07350721534619593,0.01231936224684077,0.0004958905655780838,0.0005657389484059999,0.0009705894329415768,0.0010095926024575798,22,True,True,True,True,True
373,sobol,True,73.73667153995484,233.40272787492722,373.3117324374616,-0.20419380273669957,-0.3045400945004076,-0.5841046797111631,-0.8162428991869093,-0.31052622478455305,-0.33511229874566195,-0.9693678509443999,-1.1135296782478692,106.26332846004516,53.40272787492722,139.9090045625344,60.42493910249323,0.28324616779373757,0.5294249985367061,-0.005986130284145463,-0.13091849600896238,-0.15312495175749063,-0.5294249985367061,0.1849717115984139,54.59185704172638,295.13624851052356,-240.50911837393937,433449.55724705977,580.3466606363073,650.1107408624054,0.037015806669510695,0.012495708450750955,0.03389925862667128,0.061480150597275095,0.010092859703328395,0.0004137163827771993,0.0005531342715791235,0.0008372028687372078,0.0012200878994346328,22,True,True,True,True,True
374,sobol,True,76.61461889278144,242.39446144085377,363.11874290928245,-0.12031227545812728,-0.38871774887666105,-1.0593109793961049,-1.4089976195245981,-0.4863789808936417,-0.36672470937483015,-0.5942645613104107,-1.4730869561433793,103.38538110721856,62.394461440853775,120.72428146842867,73.49587598349899,0.4757250568626881,0.8147330582141874,-0.09766123201698063,-0.24641243391670287,0.8147330582141874,-0.4137759767472744,0.19372403243205485,50.87523291463093,262.6170448546413,-211.69451362897118,485535.5113626362,583.1052843093313,601.0870848136868,0.04294715959649025,0.011553430043902833,0.03021485257618337,0.07902513073391358,0.012356428090667263,0.00045308894340997203,0.0005693253894873734,0.001009552930092035,0.0012678523177180752,22,True,True,True,True,True
375,sobol,True,69.67731120996177,236.61531697027385,370.28429643437266,-0.4292485628742725,0.18473531450144942,-1.6149538142606616,-0.7104877289384606,-0.04203740553930402,-0.10099777947179972,-1.4816040655598046,-1.0887578655034305,110.32268879003823,56.61531697027385,133.6689794640988,59.39301477558911,0.5076113238620331,0.771116336621344,-0.22677272004075344,0.32825078340247277,-0.771116336621344,0.5261959487572312,0.18680886641758354,44.621537315968766,238.86198857512431,-194.2557747945179,576511.2081928753,590.4633615544293,631.5463639023523,0.04279402663119157,0.012138884562939267,0.024309031360839978,0.08820397221605876,0.011375246336046226,0.0005757751294878849,0.0005649424293319289,0.0012642310189597428,0.00116314895217721,32,True,True,True,True,True
376,sobol,True,70.03265443723649,241.10227548051625,362.45127192139626,-0.16240236475132408,-0.5636177806649357,-1.7211384523659945,-1.6245631406083705,0.2235073768999427,0.26742598437704146,-0.40068273060023807,-0.9792585562914611,109.96734556276351,61.102275480516255,121.34899644088,67.58138251584023,0.8444802338698025,1.2238804100081324,0.7871251575648784,0.42982834912836554,1.2238804100081324,0.7418798960745334,0.20132336808791154,49.777044087674426,247.24921185472303,-197.416656467673,497053.0647694007,587.331094451698,653.8431865908236,0.04956861101593882,0.012567449387639179,0.03022643518990136,0.07171591337249676,0.013958182884011412,0.0005286892508128628,0.0005524548819531959,0.00125278817901633,0.0010070731514879947,26,True,True,True,True,True
377,sobol,True,77.89393655024469,231.76248697564006,370.19252057373524,0.21147759035229685,0.23991346610710018,-0.8768614219501616,-0.9232334153726698,-0.28392157987691463,-0.2991115686949342,-1.65980644505471,-1.5382461212575436,102.10606344975531,51.76248697564006,138.43003359809518,67.70141597650945,0.6154417099268072,0.7365730296820403,-0.5238350459840149,-0.5105891590472311,-0.7365730296820403,-0.661384699307382,0.18919587781377417,48.486031017920865,256.2742464486766,-207.73386253660263,537008.6086453291,585.615793200858,699.7663442712435,0.044366237593166644,0.013450133449667072,0.030781127402562742,0.07245586317443474,0.011193535621352077,0.000525309255308174,0.0006207548130567895,0.0010680787816340362,0.0014119318599887317,29,True,True,True,True,True
378,sobol,True,73.38906737975776,244.50536539778113,365.3887115865946,-0.41723134694620967,-0.046539668319746874,-0.47707339599728593,-1.3362083200365307,-0.5788432234432548,-0.44911215109750624,-1.3502907713875176,-1.2224274529144168,106.61093262024224,64.50536539778113,120.88334618881345,68.00035579316318,0.4582887861570849,0.7453540569171309,-0.5323035551235079,-0.03188080415129657,-0.014082451350986958,-0.7453540569171309,0.18751190934168607,53.268688743303585,284.0816294299305,-230.77448366213255,443372.794883153,581.046835241278,662.6435157303898,0.042311833231406706,0.01273659956511939,0.03461742559158703,0.07000394765714053,0.01151795599611064,0.00043292372580158684,0.000525116642024611,0.000882257804886358,0.0011691636174497306,22,True,True,True,True,True
379,sobol,True,65.39689749013633,234.97315899003297,373.2112704217434,-0.013666409859433792,-0.129683306068182,-1.3225333614274861,-0.6377196248620749,-0.07503834231756623,-0.06559172077104447,-0.8130365494638683,-0.6606635028496386,114.60310250986367,54.97315899003297,138.23811143171042,52.18562706839293,0.34441618854311434,0.6618698585778475,0.05464496375061578,-0.05192531091161068,-0.17531692460179338,0.6618698585778475,0.1889588413798084,54.10558065770474,286.3352689009783,-232.19151652273206,453716.87988075434,583.6501645218922,576.2297918698373,0.04016039823910213,0.011075650696511627,0.03133790539523862,0.05994370376267989,0.011031302969770462,0.0005006749213440017,0.0005104647902890253,0.0010881886350823764,0.0009575046605115373,22,True,True,True,True,True
380,sobol,True,67.11040558293462,241.60927033051848,369.3677880167961,0.0029010845813900454,-0.266681620106101,-1.4859861817210913,-1.1145528066903354,-0.3990214906167239,-0.5155304361600429,-1.5951734244823457,-1.3555059965699912,112.88959441706538,61.609270330518484,127.75851768627763,57.742617566138506,0.36548130594767847,0.518431520741433,-0.13233987051062285,-0.518431520741433,-0.48062061779201026,0.13048018515110016,0.19006392191546798,53.40222160836759,280.9697972670402,-227.53783531167687,457823.6606465623,581.4552733427187,543.4079779649132,0.04329159646444317,0.010444786150516474,0.029002109288744478,0.07840747998653481,0.01117828530026308,0.0005007665195590515,0.0005754612305125614,0.0010999776987853838,0.0012976432938501686,22,True,True,True,True,True
381,sobol,True,75.1914142863825,235.9361270116642,364.7325603812933,-0.5509534485638141,0.06162675474770363,-0.9260761404410005,-0.4160642575472595,0.10852187578566375,0.04721645223908122,-0.732427270896733,-0.5282084740698338,104.8085857136175,55.93612701166421,128.79643336962909,70.4588539050892,0.3931890826189442,0.5981699008028953,0.04689512103796012,0.5981699008028953,-0.3163630133494735,0.39786766637116666,0.19045645340463607,45.966263773602286,241.3478931897583,-195.41779200773357,526003.637750661,590.5319506794917,691.7282976234591,0.03997454371369938,0.013295635021766913,0.02811419768806361,0.06853808692615485,0.01172303575711289,0.0004894162395556066,0.000500432134383039,0.0010043209869481818,0.0008142552239642175,28,True,True,True,True,True
382,sobol,True,79.92970917839557,238.2520640688017,372.3490492552519,0.2567167428322136,0.1319137594662606,-0.7122122734785081,-1.7477811539545656,0.28486747662536793,0.2009492611512541,-1.0524959230795503,-0.8440037695690991,100.07029082160443,58.2520640688017,134.09698518645018,67.58065992314368,0.3630755439025548,0.6952852308750153,0.15295371715910733,-0.05576748168095946,0.6952852308750153,-0.13179149609059093,0.17901215259440656,43.394666782979705,242.41184832462386,-199.04541978735617,586664.310710432,593.2574536337528,753.7420258650153,0.04800966486839689,0.014487594205555562,0.028361271261555264,0.07822990930472773,0.01176912851577071,0.0004974394043860042,0.0005759676664755948,0.0009203324649629424,0.0010523081396613956,22,True,True,True,True,True
383,sobol,True,71.98148457333446,232.79674453660846,367.7951089143753,-0.3268273553345352,-0.4269311132375151,-1.2733319526538254,-1.0464512826874852,-0.21881988053210077,-0.18624586705118418,-1.1933725841343403,-1.674079022742808,108.01851542666554,52.79674453660846,134.99836437776685,64.18637565895915,0.2476174080259053,0.4007470700889826,0.20811123270541432,0.14058148828335104,-0.1469213014468551,-0.4007470700889826,0.1911342337197268,51.53053591999567,269.60390568001765,-218.02747830218067,513223.79879776115,591.1271647185803,630.2487098331343,0.04002090273537004,0.012113942493996723,0.026657586183089825,0.06635219206613599,0.01051934827504821,0.0004976907441083002,0.0006417197807531994,0.0011843489555949892,0.0014463608120048295,22,True,True,True,True,True
384,sobol,True,71.97146182879806,243.71957778930664,369.1295790448785,0.3280002292711287,0.22459520353004336,-0.7595359990373254,-1.3256472993642092,-0.26169657316058875,-0.3629856897052377,-1.504031266272068,-1.550742048583925,108.02853817120194,63.71957778930664,125.41000125557184,62.84188278391957,0.5856127314167328,0.7912060495465996,-0.4862917766906321,-0.6909859189763664,-0.17838396690785885,-0.7912060495465996,0.19096419441298562,48.68177452689701,254.92619009831841,-206.19051219086353,529388.4303351522,583.9880125570203,661.3464185278407,0.04738217533129797,0.012711668199651043,0.029365072069025576,0.06837528194126868,0.012068074318666642,0.0004847116845178066,0.0006209164348025302,0.0008841747645066309,0.0014012846322353722,26,True,True,True,True,True
385,sobol,True,79.94523939210922,234.29456061217934,364.976493768394,-0.2833761921152472,-0.40081829116679724,-1.6638063292950394,-0.6243067156523467,0.18644220698624847,-0.09732399112544954,-0.6605323823168876,-0.9886363016441465,100.05476060789078,54.29456061217934,130.68193315621465,74.96874562371522,0.4573448314312487,0.6751700276508928,0.5872604981530457,0.1860522009897977,-0.036225666664540856,0.6751700276508928,0.1983258911842512,44.44616851751131,224.1067379156228,-179.69715037033626,538692.1055430021,589.7613144999766,694.275676583786,0.04020737366697312,0.013344597918087616,0.027449129634452656,0.0827198292291078,0.01161086908657231,0.000586830776984,0.0005574487320169435,0.0015064824802498518,0.001041252261151136,28,True,True,True,True,True
386,sobol,True,75.08972436655313,239.4230048218742,372.21644412726164,0.10777125461027026,-0.35186504349112513,-1.4403854986652733,-1.6118498468771578,-0.11219033868983386,0.34549061404541137,-0.9481304982677103,-0.650943971052766,104.91027563344687,59.4230048218742,132.79343930538744,62.87328023929149,0.5426084585614102,0.7894415276125073,0.23967470480129127,0.2377193594351411,0.6637193486094475,0.7894415276125073,0.18674157407367134,52.58063106626263,281.56896142215805,-228.96124636931384,467442.97103974386,583.7222845275465,610.0641436725463,0.04655916511239253,0.01172597712426138,0.03393684385202367,0.07512220622591306,0.011829020099588724,0.000518605445592114,0.0005198878167079408,0.0012175317107436072,0.0009406481091954146,22,True,True,True,True,True
387,sobol,True,67.21760297194123,230.219559147954,367.9337088242173,-0.5332902018446475,0.028160842182114676,-0.534563733637333,-0.9133506478741766,-0.55653131948784,-0.33878970397636293,-1.1135095559060575,-1.2102733328938484,112.78239702805877,50.21955914795399,137.71414967626333,59.28389414772391,0.46806581230132865,0.6757095992565154,-0.5846921616699546,0.19450049786828455,-0.20015890803188086,-0.6757095992565154,0.17931144291749593,54.70050562467076,305.05864396975124,-250.32477130996372,419289.3449984201,579.67911134598,630.1026727273558,0.03608373512740474,0.012111135530533269,0.03559771772309198,0.06413305132494397,0.009725661550691463,0.00044165843040944175,0.0005321162885834979,0.0007781654439754889,0.0011974200304835955,22,True,True,True,True,True
388,sobol,True,65.41617162059993,238.5251563647762,362.58968568593264,-0.43093736651353537,-0.07242067004553976,-1.0493837388232352,-1.7343842873349786,0.05649725804105399,0.11485949414782226,-0.5064153220504524,-0.5160523435100914,114.58382837940007,58.525156364776194,124.06452932115644,62.82648593466729,0.7257520585948325,1.2279689652845263,0.12891792808659375,0.5457968606613577,1.2279689652845263,0.5333313953131438,0.18976769129281368,52.28820748608426,275.5379861021915,-223.20284355836898,470252.23610822536,585.6827157960571,615.22372786288,0.04718002591643211,0.011825148935642293,0.030854392919727903,0.060202141080728036,0.012951288365909815,0.0004930717039577757,0.0004861337020032206,0.0010547647265403,0.0007725910357350273,22,True,True,True,True,True
389,sobol,True,73.37530071847141,232.9333507269621,370.06010123342276,-0.11457907315343618,-0.22259679697453977,-1.538021058216691,-1.0358849005773665,-0.3915244511328637,-0.1545493815559894,-1.7410366399213673,-1.3457857998088003,106.62469928152859,52.93335072696209,137.12675050646067,63.31519948504865,0.3756086886535799,0.7051517393440008,-0.16892765415832395,-0.03997030840255322,-0.7051517393440008,0.1922352584078908,0.1917267717788371,53.63750260895996,279.7601091976478,-226.09381268204626,463347.261656433,582.1941173963992,569.3261267220105,0.04289928369492349,0.010942956093105418,0.029292285154941252,0.07738368843806738,0.010759134604588579,0.0005592808549046436,0.0005969156607842977,0.0013431684622733494,0.0013028381341779027,22,True,True,True,True,True
390,sobol,True,77.99732475541532,242.86373630166054,365.63245882838964,-0.20981098162010314,-0.5303836884442716,-1.1505243657156825,-1.1046753589063885,-0.21146796233952048,-0.5936752477660775,-1.4428000962361693,-1.6834574330598115,102.00267524458468,62.86373630166054,122.7687225267291,72.36486592702568,0.4023074096520792,0.532933067344129,0.31891572610475116,-0.38386426614597435,-0.3381247373297809,-0.532933067344129,0.1843447991443148,46.30022223813169,251.1609899115485,-204.80575532232956,554773.0189560078,595.7661482094273,670.4108962420395,0.04319578447157307,0.012885895548401971,0.027571095763060265,0.0859261214206611,0.011788363491370635,0.0004589659762092931,0.0006359984569667438,0.0010659890313240977,0.0014156463847357953,30,True,True,True,True,True
391,sobol,True,69.9347737012431,237.08354702685028,372.97324723750353,0.13623682367615397,0.3253289363346994,-0.6603623144328596,-0.40333496294915694,0.23298788107931612,0.08697385992854834,-0.886298604682088,-0.8565017074346544,110.0652262987569,57.08354702685028,135.88970021065325,56.961526463739574,0.26583747422340737,0.48296364173293105,-0.09234105525538328,-0.04926296374760564,-0.48296364173293105,-0.19613939300179473,0.18606578347183267,45.486722424937774,244.46580975928723,-199.00819701900025,553393.0604113366,593.5316372451676,722.7852282347975,0.04380828266963301,0.013892576936277788,0.026610298432977325,0.07187804757448218,0.012160691402228347,0.0004756629605367887,0.0005727662659207556,0.000800698506763701,0.001067373968004582,23,True,True,True,True,True
392,sobol,True,69.57377995364368,240.6329730991274,365.89122696593404,-0.015326143940910697,-0.46685623181983826,-0.400816366262734,-1.6670795926824213,0.037426825659349516,0.19726097695529454,-1.2597218437120319,-0.790399607270956,110.42622004635632,60.63297309912741,125.25825386680663,63.68255298770964,0.3928136082648452,0.5042830574791878,0.5042830574791878,0.21258712089620524,0.40735774897038945,-0.38958324100822206,0.1731238098481829,51.93135370445148,299.96656005890543,-248.01078948891322,439370.09539647016,581.8102053316596,704.7717984381096,0.04721532018131516,0.013546342744486267,0.03530236440427096,0.08581129008916928,0.011966973995771854,0.000502693331252049,0.0005626775741513297,0.0010066009447766166,0.0010488921495347963,22,True,True,True,True,True
393,sobol,True,76.71264267992228,231.29428712185472,373.45614782348275,-0.41146934404969215,0.14393457281403244,-1.3105635408312084,-0.968559010513127,-0.47011617268435657,-0.18999938257038596,-1.0751861419528723,-1.7926980268210173,103.28735732007772,51.29428712185472,142.16186070162803,63.25649485643953,0.40924634073638905,0.614050745498389,-0.614050745498389,0.2214699614793062,-0.10662713143974534,-0.4821344859898089,0.2010435620235506,50.661174129805055,251.99102930672566,-201.27471266566144,518101.4007648971,584.3532837735254,676.1965510814674,0.03783550014950597,0.012997100996221925,0.029972710899861078,0.08102774114881169,0.009911164180496057,0.0005709881772330885,0.0006670695432500383,0.001302788427407309,0.001614945326028738,29,True,True,True,True,True
394,sobol,False,73.71748324017972,244.97352784033865,362.8864366747439,0.2058314976282417,0.10892995465546851,-1.798071855120361,-1.2062024656683208,-0.17093279887922108,-0.5118385350797325,-0.6676119823008777,-1.4112864488735797,106.28251675982028,64.97352784033865,117.91290883440524,70.83104656543583,0.5081968358624803,0.7176700327079742,-0.2798627535346896,-0.7176700327079742,0.5385904833674431,0.38678540624678126,0.16527986347881737,33.38618060505611,201.997871382166,-168.63883027821603,637277.1543502072,591.7455950655836,600.5287559218417,0.04565659511611603,0.0115426984644755,0.02195771529834624,0.1017967640728742,0.012952410487586132,0.0005827615984917634,0.0005821335383678062,0.0012854044483238704,0.0012329309140885255,24,False,True,True,True,True
395,sobol,True,66.70956551097333,235.4425095114857,370.51069523766637,-0.1606267204973847,-0.28616798534058036,-0.8867892675101758,-0.5048832651227715,0.3327544167172164,0.050959088793024465,-1.5740281915292145,-0.4062115503475072,113.29043448902667,55.442509511485696,135.06818572618067,56.198870273306966,0.6711667658555492,1.069144926406443,0.6189224020577968,0.21158580929040915,-1.069144926406443,0.4805777171626686,0.18381296967765445,53.29575527203348,289.94556458935483,-236.6107711540663,444924.53679780255,585.4521649404244,689.1416861184186,0.04421441668050816,0.013245918040934588,0.03600136580641439,0.06788062581980393,0.011912183974842868,0.00042936618163206836,0.0005837906530561683,0.0008928837410018959,0.0011375421248705087,22,True,True,True,True,True
396,sobol,True,68.74625768978149,242.0783402537927,371.35416047647595,-0.3251386047806591,-0.1695431915577501,-0.70160964820534,-1.4223890829831363,-0.36243663639761503,-0.44535864265635605,-0.7917203398421409,-1.101033041626215,111.25374231021851,62.0783402537927,129.27582022268325,57.39209721330553,0.3901739513844799,0.6306687431409954,-0.19289344483986492,-0.12022003787569696,0.6306687431409954,-0.3994233934208751,0.18894896694528562,55.01909569765207,291.18495108567635,-236.13226073265474,423384.1118842204,580.6329091892608,598.6353808078081,0.039818666602686736,0.011506306105565254,0.03255137702648368,0.06878888806105206,0.010838523076633143,0.0004556954835860529,0.0005398433345986981,0.0009366478920598528,0.0011848775143917586,22,True,True,True,True,True
397,sobol,True,75.66539382562041,236.4045521710068,366.54260504618287,0.2509837068617343,-0.03443912956863637,-1.195707790181041,-0.7210700284689666,0.14498883797787132,-0.06190344365313649,-1.2853045061230661,-0.7170457478612662,104.33460617437959,56.4045521710068,130.13805287517607,69.12278877943754,0.4115734020276694,0.5642344776540995,0.1794279675465077,-0.3128871505148708,-0.5642344776540995,0.4786620423197747,0.1947127296797126,47.721218165471285,245.08525068684006,-197.3486806021289,533408.7781775531,589.3260963427359,655.4722717038322,0.04609388552765477,0.012598761856937271,0.028826670247536684,0.07285904256601038,0.01249145407228981,0.000517038735290337,0.0005416263769378684,0.0011449921238762411,0.0010533706926777447,32,True,True,True,True,True
398,sobol,False,78.42707032337785,237.7836834732443,368.299624864012,-0.5453363227657974,0.28723841155879193,-1.4972812851890922,-1.5274554753676057,-0.03457477777265017,0.26368334074504673,-1.6823256872594357,-1.0984766880050303,101.57292967662215,57.78368347324431,130.5159413907677,70.12744545936584,0.4850532017318915,0.8090196635108441,-0.3218131893314421,0.8090196635108441,-0.15487021189182992,0.3988045971840619,0.1728113828677312,39.31753518063868,227.5170450475018,-188.2197604411713,626579.8398400417,592.4905457380411,681.401190490034,0.04716673868696629,0.013097138809094336,0.023875237356404632,0.09983760678073156,0.011371052181891094,0.0005937492818676289,0.0006245470067607918,0.001324950478166059,0.0012134051998778403,22,False,True,True,True,True
399,sobol,True,71.37520730961114,232.32763362582773,363.5473842509091,0.001096423855051376,-0.5830968997441232,-1.0016423895955087,-0.8289347471669317,-0.5383764029946178,-0.30280347685329617,-0.4668610135093332,-1.4852417854592206,108.62479269038886,52.32763362582773,131.21975062508136,67.82782305870205,0.33886606379385603,0.4835993958637119,0.0447204967495054,-0.30389990070834755,0.36207373365759854,-0.4835993958637119,0.18415264520908328,52.937322653697386,287.46436193514023,-234.49341578377505,458337.5521075983,591.434110469362,622.7696914052725,0.039012276963717236,0.011970189087233468,0.030587878154551978,0.068776342953597,0.011338290827483753,0.000442648672506545,0.000569130676791568,0.0010410316393486628,0.0012802799692358776,22,True,True,True,True,True
400,sobol,True,70.92940553557128,238.0036161886528,373.7538595460355,-0.22173744277097285,0.0027035919018090215,-1.2535920187830927,-0.5755684414878488,-0.05787191907875244,-0.23818215159699319,-1.7742170399054886,-1.5270580470561983,109.07059446442872,58.00361618865281,135.75024335738271,57.17554598953575,0.6155245632968208,1.1986485984176398,-0.060575510980561464,-0.016444708826020338,-1.1986485984176398,-0.2734660282731056,0.19702515491017958,49.64537085986529,251.97478404469607,-202.27392524209478,523553.3230895745,585.4813125199444,566.1626534477411,0.04442001165712442,0.01088215131440791,0.025320872662653402,0.07315767414851494,0.011751996588969757,0.0005086337480790096,0.0006509777900611048,0.001087744900518353,0.0014665773700730663,30,True,True,True,True,True
401,sobol,True,78.8783650379628,232.575991358608,366.39913223311305,0.15214239554479714,-0.3255956646520644,-0.7210150411352516,-1.2769731329753995,-0.5004457652103156,0.2059019383974373,-0.5588437009602787,-1.0555280704051258,101.1216349620372,52.57599135860801,133.82314087450504,72.47923280484974,0.40653151599556925,0.7181294320151208,-0.17485010055825118,0.053759542852640174,0.7181294320151208,-0.33451302926987414,0.18639701016773408,53.69726720807143,288.0800886224011,-234.35645171200517,439159.3325891087,580.6824397854051,665.9051085405501,0.04380099006353927,0.012799290288836343,0.03488376906319947,0.06715552854122477,0.012024646211206205,0.0004442600152572015,0.0005048123351356586,0.0009815742569308404,0.0010939895453001055,22,True,True,True,True,True
402,sobol,True,76.2485287245363,241.39194367453456,370.78134302422404,-0.4765376880764961,-0.36805330123752356,-0.9446177851408721,-0.8634805236011744,-0.32428124924190344,-0.004067646479234077,-0.8734436031430961,-0.671383452601731,103.7514712754637,61.39194367453456,129.38939934968948,65.46718570031226,0.27381572095795303,0.472470041597262,0.04377205199562012,0.472470041597262,-0.00996307954192166,0.2732343325391411,0.19386615467925536,54.86587090023167,283.0090223381451,-228.18086933946088,417783.99583384424,581.1851335647867,637.4111776760964,0.0395584606013112,0.012251611516100259,0.03425228913578671,0.0592638314337769,0.011238322413418753,0.0004397580595327828,0.0004777018865892002,0.0009606915424775651,0.0009362093977281234,27,True,True,True,True,True
403,sobol,True,68.16861617844552,235.68423919845372,363.32189091667533,-0.0729723581578583,0.19078619391657414,-1.478383038379252,-1.5622574117034675,0.12191644604317842,-0.5100415398832411,-1.3669474495574834,-1.145605700276792,111.83138382155448,55.684239198453724,127.6376517182216,64.84672526177019,0.29353843438903593,0.4370691817253828,-0.06886974787339573,-0.4370691817253828,0.19530996214598417,0.3327773381024599,0.1834831285169681,43.637073250084235,237.82608026573286,-194.2063236486113,586064.9450393828,592.0055396543689,593.8956897767902,0.0440947401995924,0.011415205015323806,0.02398535080690816,0.08556355085223702,0.01097707049509216,0.0005543909530660767,0.0005674414050528961,0.0011899532744315312,0.0011296710670356406,32,True,True,True,True,True
404,sobol,True,66.21981842443347,244.28301049396396,367.1655476652086,0.062199926516041115,0.29976386078633366,-1.335608597844839,-1.0854773122817278,-0.14785222471691667,-0.01000970173627136,-0.5851928064599634,-0.4506767377257348,113.78018157556653,64.28301049396396,122.88253717124462,59.05427075922489,0.5565436582678791,0.8849318601191043,-0.4476160855032503,-0.07220962825231247,0.5002845058217644,0.8849318601191043,0.18183659469662794,44.473348201399865,244.57864642482002,-200.11983939671515,556833.7236358051,588.7089308460569,684.7620350462045,0.045824449301343835,0.013161737239919351,0.028003375818578646,0.0766356497910293,0.012938659364243137,0.0005113789661326184,0.00046478794463862143,0.0009924859072279989,0.0007789386629473124,32,True,True,True,True,True
405,sobol,True,74.21272326726466,234.72722925711423,371.4373195283115,-0.4916544969193637,-0.5037763910368085,-0.4749359933659436,-1.7842544298619032,0.2946054564323276,-0.45771050620824094,-1.4916885845363141,-1.365518007054925,105.78727673273534,54.72722925711423,136.71009027119726,62.77540373895317,0.6158930235501587,0.8905820136889815,0.7983818474691361,0.03394399071112275,0.29256584532558905,-0.8905820136889815,0.1722599495474061,46.77017756053708,271.50929559320394,-224.68286418913928,543565.9160791979,598.7669622600127,809.8702654495629,0.03881490796628414,0.0155664290464813,0.030821876935876652,0.07507699203046092,0.009183027879732256,0.0004655725447619991,0.0006473504125903607,0.0009426684407154967,0.0013353504071327764,30,True,True,True,True,True
406,sobol,False,77.07605101633817,240.85244715679437,364.24280078336596,0.31604477465152736,-0.18948844899423423,-0.8625932369381191,-0.45200915280729537,-0.00048300265334544346,-0.24406576869077978,-1.1657666608691217,-1.749684657342732,102.92394898366183,60.85244715679437,123.3903536265716,72.8332502329722,0.6414491109939734,0.887091420404613,0.18900544634088878,-0.5601105433423071,-0.7137575080618264,-0.887091420404613,0.16924497563739124,37.4919655810896,221.52483664517433,-184.0389390650142,619964.9222929175,602.1604128533535,660.33433610297,0.046826428793960935,0.01269221507249222,0.02339235541614292,0.07104605426805369,0.013409419403025879,0.0004479944726451145,0.0006588929379490072,0.0009355952126297148,0.0014277393266710178,22,False,True,True,True,True
407,sobol,True,69.21586500480771,231.5440154634416,368.40982496365905,-0.2674996101763099,-0.10633932044729588,-1.7244701387360692,-1.1534136148169638,-0.44679646654985844,0.25817544343881305,-0.9811403753235937,-0.8321524417027832,110.78413499519229,51.54401546344161,136.86580950021744,60.80604004114866,0.551850131786224,0.892317697033286,-0.34045714610256256,0.5256750536151229,0.17227323949337014,0.892317697033286,0.18348786313854384,52.1518130078824,284.22486433614847,-232.0340081554525,487737.00221388857,585.2419169586228,628.5708366361756,0.042178705567824624,0.012081692274197689,0.02967835627556977,0.07548072502793786,0.010892092497707766,0.0005877450166262214,0.0005245406781878496,0.0013930498414584697,0.0009980910551767494,22,True,True,True,True,True
408,sobol,True,70.49410243052989,242.6429160265252,364.3272639364004,-0.5909366425592452,-0.2447109428234398,-1.6116177938878538,-1.0065516907721759,-0.23270207103341817,-0.09332443014718594,-1.3603765420615674,-0.8983393965288998,109.50589756947011,62.6429160265252,121.68434790987521,66.16683849412948,0.46949979352290755,0.7132783973589539,0.012008871790021636,0.4976122124120592,-0.35382485128939156,0.7132783973589539,0.19116886325241106,49.916190144330535,261.1104616886452,-211.1386779945549,505337.3225182245,584.8157443549064,548.3614391447067,0.04347395290798424,0.010539996093737382,0.029299128460469632,0.07305176586022422,0.011938566346629653,0.000528036796226792,0.0005573621728368997,0.0011873341655137888,0.0011142833841199012,22,True,True,True,True,True
409,sobol,False,77.43250263854861,236.83607685379684,369.06703048944473,0.042703137081116394,0.06851625232957304,-1.073585501126945,-1.7053072791546584,0.26927599329501384,-0.42137626544572415,-0.8039660463109614,-1.6405300864949823,102.56749736145139,56.83607685379684,132.2309536356479,68.36547214910388,0.5893887397856595,0.901341232843697,0.2007597409654408,-0.46407940252684055,0.901341232843697,-0.5669445853680373,0.15555638565652044,32.487637541051136,208.8479839894593,-176.36081122722354,668719.4361738876,599.2057641998181,654.9880864582569,0.04453853939783875,0.012589455384540219,0.020436757357359,0.08779374748775105,0.011401363394206315,0.0005134168535039348,0.0006813453265736619,0.0010995059862060987,0.0014495437559231634,22,False,True,True,True,True
410,sobol,True,72.9130138643086,239.21060766093433,367.2645790576935,-0.33706506770104167,0.12486453503370287,-0.586237070336938,-0.5432821864262225,0.09256062088534234,-0.3267867352813482,-0.4124565066769721,-1.3001020457595587,107.0869861356914,59.21060766093433,128.05397139675915,65.64843480661511,0.36327253839356843,0.7138649754226207,-0.032303914148360535,0.010278332419693448,0.1308256797492504,-0.7138649754226207,0.18106394096011555,41.467052092711604,229.01883098770006,-187.562925371585,566880.2064699106,594.5594499818194,676.967115563969,0.038250439631048655,0.013011911933052579,0.023859735904850958,0.06850941098973691,0.011350201631188966,0.0004482274283568519,0.0006017110235079791,0.0007728020286764455,0.0012364531270468331,22,True,True,True,True,True
411,sobol,True,65.87296553421766,233.65460898261517,372.08563308417797,0.26688928049989047,-0.44859764310531314,-1.125484341569245,-1.2447081776335835,-0.4129833091981709,0.29510344602167604,-1.6469971761107445,-0.5606037206947805,114.12703446578234,53.65460898261517,138.4310241015628,53.787332450039685,0.34748776023444977,0.5648806208744646,0.03561433390714225,0.028214165521785572,-0.40228899847716093,0.5648806208744646,0.14228440710671356,48.116825538130236,338.1735674102541,-290.04140561682055,370161.06689395336,577.6909556843231,551.8473705220572,0.04405200376543227,0.010606998804864586,0.03692873467624522,0.10947933032679698,0.010392731857215828,0.00046069380996590633,0.000609366272986565,0.0010172819133380084,0.0011506860377948028,22,True,True,True,True,True
412,sobol,True,67.58650201372802,240.11440972797573,369.7418018132448,0.19387604477815323,-0.5419813997577876,-1.6827101930975914,-0.6825642982497813,-0.0907396628521383,-0.15483798380009828,-1.0400289047509432,-1.2547599477693439,112.41349798627198,60.114409727975726,129.6273920852691,57.8447002004832,0.39879284604617676,0.4512417369056493,0.4512417369056493,-0.3487140285782515,-0.35746460650116196,0.42795024532824755,0.19835668946781726,53.41762082362697,269.3008285576061,-215.84876901772353,463083.80994363304,582.8117388921012,581.1521152637694,0.043597022892720834,0.011170262143707982,0.030398928843128743,0.0703098676286721,0.012051490791235063,0.0005194563122409737,0.0005856127705757641,0.0012142977055690102,0.0012476070529381527,22,True,True,True,True,True
413,sobol,True,74.71533193718642,230.93395184259862,362.10804465413094,-0.14475014032796024,0.2469361584633588,-0.8165555706247688,-1.3839901851490142,-0.5926011092029512,0.1695391536224633,-1.2054878598079086,-0.6051968002691865,105.28466806281358,50.93395184259862,131.17409281153232,72.60728728305548,0.4690778704146239,0.83953726766631,-0.83953726766631,0.31428929395042354,0.17850232534110555,0.21135877035558226,0.18314192911509444,52.871762796352115,288.69283539721357,-235.78925306650177,447606.89501369005,581.716286413764,741.7955309724763,0.044242086817895786,0.014257971915378469,0.03627102409072727,0.07148385465821601,0.011381902607878164,0.0005119299001836248,0.0005637872413534417,0.0010028949144100284,0.0010666896698499424,22,True,True,True,True,True
414,sobol,True,79.4683041004464,243.5010490147397,372.7231874167919,-0.06089747380465271,-0.05340315052308142,-0.5151633214205504,-0.790707078948617,-0.2980054948478937,0.07868184996768834,-1.5857608271762729,-0.945601473376155,100.5316958995536,63.50104901473969,129.22213840205222,66.74511668365449,0.47347126620940233,0.7950537482276558,-0.24460234432481226,0.13957932377234106,-0.7950537482276558,-0.43043815195560453,0.1932655269225137,52.34555387652676,270.84785740145867,-218.4469501958403,467532.45059982996,581.7693865522062,708.7853359314271,0.045501269243225784,0.01362348651587839,0.033461795659003125,0.06625286242331245,0.012270848919607965,0.00042718261906587735,0.0005810252063536105,0.0007587012245793333,0.0011166391922142213,22,True,True,True,True,True
415,sobol,True,72.44290417991579,234.04388698749244,365.1707406193018,-0.3698336373548955,-0.1516243369318545,-1.3824955383315682,-1.489462771639228,0.2076537508517503,-0.5469989960081875,-0.7421716984361411,-1.592473601549864,107.55709582008421,54.04388698749244,131.12685363180935,67.27216356061399,0.4367502271865812,0.7472910732030869,0.3592780877836048,-0.17716535865329197,0.7472910732030869,-0.2099780632182957,0.18164477353355366,40.764234835577184,224.41732862766438,-183.6703449838962,600131.0357565007,591.8991898173596,632.7115168843326,0.04051193617242489,0.012161279842771185,0.02247906680008917,0.08041061239085553,0.010767629817393059,0.000532913858134084,0.0006527375219743294,0.0012291775841190484,0.0013604408988296816,22,True,True,True,True,True
416,sobol,False,72.20329044852406,239.8233468690887,363.0630036443472,-0.25335816922597587,0.345988272735849,-1.1096983142197132,-0.8541662067174912,0.2893637858796865,0.22967686764895912,-1.4534506093710662,-1.3310295153409244,107.79670955147594,59.82334686908871,123.23965677525848,69.14028680417687,0.4014531340063569,0.599284402653575,-0.056624486856162504,0.483035036874935,-0.599284402653575,-0.22133120112121119,0.14653916746636728,29.463722306234313,201.06380304771852,-171.60021187299037,677996.1889891737,599.7865334602116,649.1312589692253,0.049634289726524304,0.012476881934896548,0.019862753614195903,0.09570287348643859,0.013176595092575604,0.0005188116486331019,0.0006109498281798266,0.0010116735287461626,0.0011942742381703822,22,False,True,True,True,True
417,sobol,True,79.23961218446493,230.28018333017826,370.33422046899796,0.29864273015409704,-0.520398791693151,-0.6153972251340749,-1.5555066131055355,-0.21618059719912708,-0.2169584918767214,-0.6126647798344493,-0.509200492501259,100.76038781553507,50.28018333017826,140.0540371388197,68.90539171546698,0.5609415741877102,0.9428418332710862,0.3042181944940239,-0.5156012220308184,0.9428418332710862,0.10619673263281593,0.17532021517419893,53.18519595045964,303.36031642223685,-250.15357247862116,408566.05482145975,579.7816056084441,742.9028233584528,0.04130769129389947,0.01427925506293352,0.039305648023967105,0.07195615268920515,0.010868328992497983,0.00046017322572657857,0.0004675410463606641,0.0009540365270179638,0.0008409142571807752,22,True,True,True,True,True
418,sobol,True,74.38410006463528,243.90563637018204,366.09112763404846,-0.5044041876681149,-0.23629262414760888,-1.09056782014668,-0.6178654892370106,-0.39238136340864005,-0.48673036457039415,-0.998700406216085,-0.8687364419922233,105.61589993536472,63.90563637018204,122.18549126386642,68.29297243058681,0.23394467982375222,0.38083491697907446,-0.15608873926103117,0.017673823097720753,-0.38083491697907446,0.22183137815445664,0.19509257827291862,52.180788570197166,267.46680489916173,-215.22764432941713,449769.37798443757,582.3296731511192,608.6724679762907,0.038556633071950105,0.011699227875763595,0.03127065810160154,0.07909631569829585,0.011440018325405563,0.00045936629802153356,0.000482699784212292,0.0009801383920632553,0.0009910533726883628,22,True,True,True,True,True
419,sobol,True,67.44942645076662,234.58413100335747,373.256154820323,0.0772825996857136,-0.0893690618686378,-1.5860465036705138,-1.31636486556381,0.1095971539150924,0.016692259302362844,-1.1613664094358684,-1.6933431955054403,112.55057354923338,54.58413100335747,138.67202381696552,54.19327163044363,0.1403529887923952,0.1989662157837302,0.1989662157837302,-0.06059034038335076,0.1549984561279416,-0.10729669183492652,0.19372982193922778,48.90589579102314,252.44381738173854,-203.4829276700847,548960.1390587816,588.1565152931786,564.0207018047623,0.043450020374407164,0.01084098109283802,0.026124969151862062,0.08145282268305376,0.01058745929613702,0.0005506313112277649,0.0006935694387293976,0.0012473145118044062,0.001553766051608914,27,True,True,True,True,True
420,sobol,True,65.64800021238625,242.9487346112728,368.0996232777834,-0.08432928654365246,0.04925324032083156,-1.3995220214128494,-0.4782417057082058,-0.5836242756340653,-0.4777745333500206,-0.5433348059654237,-0.9984356109052898,114.35199978761375,62.94873461127281,125.15088866651058,57.54837693460286,0.4243938420944334,0.6328775159548968,-0.6328775159548968,-0.39344524680636817,-0.06509310025721793,0.40108641050755967,0.1888637101819948,49.6976441329941,263.1402511636775,-213.38456216427602,486237.7193638612,583.2052485303453,651.4321464977196,0.03901773471951044,0.012521107045984383,0.030012080180160508,0.07816950400623078,0.011648916382982058,0.0005025161727864174,0.0004927965100032195,0.0010284341469904178,0.0010847463498878025,26,True,True,True,True,True
421,sobol,True,72.6696735387668,237.47507533524185,363.74729350209236,-0.46006287541240454,-0.3423711918760091,-0.48963598664850005,-1.1767409360036254,-0.0779654829297215,-0.034944334346801,-1.7806690948083996,-1.5628923431038857,107.3303264612332,57.475075335241854,126.27221816685051,68.92238003667444,0.664688758094785,1.0732563564553856,0.2644057089462876,0.42511854106560354,-0.6039281588047742,-1.0732563564553856,0.17241353575602308,46.807714630541284,271.4851500799647,-224.62065935742766,542593.0957230673,600.3235920303661,693.5926266354561,0.04561476560259271,0.013331469088681864,0.029189981911516727,0.07724892410388083,0.01174216388361661,0.0003953549701085308,0.0006328684649827193,0.0007697400324332016,0.0013232810078466692,29,True,True,True,True,True
422,sobol,True,77.29170048143715,238.7912645796314,371.1777000129223,0.16581846876069906,-0.41402307320386167,-0.8007253792136909,-1.070352490246296,0.2171592405531555,0.2385751702357083,-1.4058700406923892,-1.2033356910571458,102.70829951856285,58.79126457963139,132.3864354332909,66.11400046851486,0.41181055737718036,0.6311823137570172,0.6311823137570172,0.07275670147500923,-0.3355175504460932,-0.40261031184345486,0.18607307933606826,48.01895853066476,258.0650500437911,-209.99037247799785,537654.6578844552,590.5365184768123,753.6127634206259,0.046832320525659756,0.014485109666049913,0.029706902990409182,0.07139306780923335,0.011976274212783106,0.0004251039628106268,0.0006128123708185623,0.000930197981827842,0.001239975544965306,28,True,True,True,True,True
423,sobol,True,70.16659715212882,233.1291349977255,366.7191577106714,-0.23960377913899722,0.20721374996937814,-1.7118263924494386,-1.77169304266572,-0.28470175280235704,-0.26853664736263455,-0.8466555781662465,-0.636102573759854,109.83340284787118,53.12913499772549,133.59002271294594,63.44743944145739,0.7509484032799011,1.0757238186895846,-0.4919155027717352,-0.02893286822363733,0.9250374644994735,1.0757238186895846,0.18006250191665382,46.398276170731926,257.67872642471923,-211.26417712002697,558832.7532839461,588.3711632048985,698.2454203426621,0.04279280796901846,0.013420899934832182,0.02805610540665288,0.08614930642445918,0.010854641671816318,0.0006063268737209067,0.0004625002207963199,0.0013758103261886745,0.0008739818684201468,32,True,True,True,True,True
424,sobol,True,68.87320426758379,244.58874260541052,372.3929081223905,-0.3811908276285976,-0.5879521343391388,-1.4520012348890305,-0.5640459893271328,-0.4839750250801444,-0.3973730159457773,-1.2118542151525618,-0.7456870296970011,111.12679573241621,64.58874260541052,127.80416551697999,56.48029614519328,0.48208099847736374,0.7063142051920295,0.10397710925899445,-0.016182188317179713,-0.647808225825429,0.7063142051920295,0.1766271153497476,52.56716260023415,297.61660601286195,-245.0060871145009,424898.1146594816,580.6284193380347,540.4449991614742,0.03915725725110645,0.010387835054424118,0.03403870754926122,0.07766865482328607,0.011245346148095688,0.00047204284290166165,0.00048769284954007394,0.0010699687790351865,0.0009967188549186488,22,True,True,True,True,True
425,sobol,True,76.94951918907464,235.3663142118603,367.75715396925807,-0.044422286003828027,0.26336286514997476,-0.9631823306903244,-1.2625667488202454,-0.03777687679976227,-0.07233631736598911,-1.024605542421341,-1.138262256793678,103.05048081092536,55.3663142118603,132.39083975739777,69.19236521981657,0.21138995577109362,0.301139741949737,-0.301139741949737,-0.027914031362161085,0.2379612063989045,-0.17507992610335354,0.19006886204293516,45.23996451008903,238.01881078169268,-192.81412015514445,563490.6712285302,590.3433895993387,697.7738543787774,0.043662349867711815,0.013411836016287806,0.02604247807725723,0.07857094454190214,0.011391289216698105,0.0005224913385979286,0.0005648746620686847,0.001053971892169958,0.0011560348443410042,25,True,True,True,True,True
426,sobol,True,73.95435460843146,240.43318876065314,369.3295827321708,-0.1310734230093658,-0.006852652737870835,-0.7492767300456764,-0.9750206187367441,0.13891673414036632,0.3186429415829479,-0.7154688723385336,-1.454078880697489,106.04564539156854,60.43318876065314,128.89639397151768,64.62477187626064,0.4437360429790342,0.7048021506518125,0.14576938687823715,0.44971636459231373,0.25955174639821044,-0.7048021506518125,0.18300157206952916,42.60988084476541,232.8388787205408,-190.24333424689246,581494.3745258824,594.3600878105934,658.051763109124,0.04564285728494381,0.012648341983100062,0.02335647640184657,0.06949840106683436,0.012504821718257763,0.00044582439685505445,0.0006389098233755681,0.0008503792130067251,0.0013513375882511622,22,True,True,True,True,True
427,sobol,True,66.00899273063987,231.01845679339021,364.77658089622855,0.17600917755626144,-0.16839890154078602,-1.239299931563437,-1.676339641958475,-0.30365756498649715,-0.3062623764388263,-1.6245980525389314,-1.0642814572900534,113.99100726936013,51.018456793390214,133.75812410283834,61.23241183441132,0.2665470953896331,0.48227155399508775,-0.13525866344571114,-0.48227155399508775,0.051741589419543654,0.17501847427338357,0.17460185325432892,53.4108206082745,305.9006511830955,-252.47136895956123,422300.758678019,580.0348011393905,551.6931600006145,0.04303181938358069,0.010604034741059965,0.031111639012781914,0.09492234818742172,0.010025844985554531,0.0005001981463244658,0.0005834455139327423,0.0011080691355973226,0.0012329977787611268,22,True,True,True,True,True
428,sobol,False,68.04568197578192,237.7124109212309,365.43256026133895,0.28103011981584125,-0.29151426861062646,-1.752775824815035,-0.7540490120649339,0.307401388976723,0.1492468203883618,-0.8313528208062054,-1.7584163481369615,111.95431802421808,57.71241092123091,127.72014934010804,62.61312171444297,0.309060874772484,0.5989156575873494,0.5989156575873494,-0.13178329942747946,-0.07730380874127152,-0.005640523321926549,0.18062128230073665,38.54380085920351,213.39567723269514,-174.8617342989111,614504.4642057248,592.3054531028005,640.3977609582182,0.04745887392451787,0.012309016311332183,0.023679538888119654,0.0885013027793016,0.012983019368178805,0.00055467891355997,0.0006902913101259206,0.0012883954779733576,0.0014518671742955497,22,False,True,True,True,True
429,sobol,True,75.90227036271244,231.92236525472254,373.1732366196811,-0.3544666238129139,0.08548747352324426,-0.8483452720567585,-1.455368223041296,-0.13891162192448975,-0.17953705531544983,-1.3222239326685667,-0.7591522468253971,104.09772963728756,51.922365254722536,141.25087136495858,62.72903374303132,0.16327745234818106,0.224399095447734,-0.224399095447734,0.17492956849746405,0.13314429037272935,0.08919302523136141,0.18765519701166272,53.16560935265825,283.315411453028,-230.10918286171477,469010.2514186356,583.347153177157,691.5446435438347,0.03854683509088026,0.013292105026505284,0.03327744685676337,0.06905930796215641,0.009425576088171754,0.0004973575202187933,0.0005193119777986158,0.0010230421516451375,0.0010138310507914984,22,True,True,True,True,True
430,sobol,True,78.66394171956927,241.79667522665113,362.41312224790454,0.029953750688582637,0.17108798436820505,-0.44851019270718107,-0.686580095998943,-0.4334854889661074,-0.5668275753036142,-1.6426826242357493,-0.44335499033331893,101.33605828043073,61.79667522665113,120.6164470212534,76.25081947166473,0.6394950461740981,0.9561025282368063,-0.6045734733343124,-0.5967813259921968,-0.9561025282368063,0.005155202373862133,0.1896823621056124,50.388032192687476,265.6442677819045,-215.19955265941817,474496.6444536433,583.2407437209255,767.4674241020912,0.0460568379296816,0.014751408605104531,0.03411380882313432,0.06779894071229331,0.01310512005419151,0.00045771630243328804,0.0005761873143976672,0.0007333515885230216,0.001273872435436179,28,True,True,True,True,True
431,sobol,True,70.674634501338,236.22433901764452,370.2365738116205,-0.5758543869946152,-0.46522089312784376,-1.3541290210559964,-1.3851006677374245,0.00897173918783667,0.054446532391011715,-0.42993100490421066,-1.439842612668872,109.325365498662,56.224339017644525,134.01223479397595,60.43806068971753,0.6208530031547191,0.9551696628332138,0.47419263231568043,0.6303009193856269,0.9551696628332138,-0.0857135916128755,0.19890862884608707,51.98293383287155,261.3407680422717,-209.30398651996632,496617.56261482043,583.2013731285397,643.3402924312555,0.0425391017473554,0.012365574391491661,0.027999282140461088,0.0641329647430527,0.011678256092760892,0.0004934647561356542,0.0006280554907070335,0.001157297035606442,0.001357895838026915,24,True,True,True,True,True
432,sobol,True,71.16071959026158,241.54921857640147,367.43966694548726,0.12209536149166522,-0.1149326722603291,-0.9054806726053358,-1.5939906446263195,-0.4567834442481399,-0.1183157278690487,-1.723647194541991,-1.3967225151136518,108.83928040973842,61.54921857640147,125.89044836908579,63.72105264477432,0.3289334320813512,0.49124184250831593,-0.3418507719878108,-0.24041108936071393,-0.12965654991567144,-0.49124184250831593,0.18230302354278677,52.583924556417735,288.44241600894907,-235.8379402945205,458038.47228761425,580.7190499121253,596.2786467589448,0.0472126435051765,0.011461007574531158,0.03251143208844421,0.08976675487788197,0.011557269122490613,0.0005000131779912472,0.0006049588377584023,0.0009720999806723192,0.0012910085083019148,22,True,True,True,True,True
433,sobol,True,78.17236369010061,236.0035052197054,371.91063753142953,-0.1924089158885181,-0.2096838615834713,-1.7714750725775958,-0.892586130462587,0.046903318352997325,-0.3869925631675869,-0.510986826568842,-0.4850012635812164,101.82763630989939,56.0035052197054,135.90713231172413,66.26172615867108,0.6899878018237022,1.2864738089963794,0.2565871799364686,-0.1945836472790688,0.38159930389374497,1.2864738089963794,0.18705950933687357,44.96473019997797,240.3766072057927,-195.5811020726633,555157.2281181088,589.436820254499,609.7008439127395,0.03805127917133467,0.011718994178751586,0.03201027259096943,0.08585446632924917,0.010777310423640904,0.0006050185611980315,0.0005100359455794619,0.0014989887722146652,0.0008430233652147699,33,True,True,True,True,True
434,sobol,True,75.54252402391285,238.43365386594087,364.5257084108889,-0.10182940363883974,-0.48729192302562296,-1.296486390940845,-1.3546142324805261,0.34555759010836484,-0.35931768678128717,-0.9240242391824723,-0.8035535976290704,104.45747597608715,58.43365386594087,126.09205454494804,71.01681561302394,0.5450525223622336,0.8328495131339878,0.8328495131339878,-0.2574882831424474,0.4305899932980538,0.49293279331177464,0.1964232689168295,48.23785827840638,245.58118060254606,-197.2887207513538,520257.5262318206,586.9431521291558,737.0808166919456,0.04292504326667644,0.014167350900564975,0.03124470203136264,0.0732564349718144,0.011624910935877242,0.0004907585429124424,0.0005540107364310624,0.0011661104647440852,0.0009394967222137196,29,True,True,True,True,True
435,sobol,True,68.3999349270016,232.6078318618238,368.86849381402135,-0.44602001844905315,0.31206814302131536,-0.4289512373507025,-0.655837167054415,-0.16198495524004103,0.3219474945217371,-1.4148151146247985,-1.7125839028507472,111.6000650729984,52.6078318618238,136.26066195219755,59.53144111298025,0.871530376089473,1.2836326655000447,-0.4740530982613564,0.7679675129707902,-0.7589779475703835,-1.2836326655000447,0.17488204892266254,45.79888588182633,261.8844310434618,-216.11239261290706,557325.5545765818,599.5145114011437,668.4735411998495,0.043960866131768354,0.012848657856034843,0.03026374858982443,0.06683164693362137,0.011587929114223738,0.00047450000963145746,0.0006571784943822959,0.0007140059718931504,0.0014856511705918325,22,True,True,True,True,True
436,sobol,True,66.45113250706345,241.14756793249398,372.5246593244374,-0.5219332946930081,0.1817561528645456,-0.9875212842598559,-1.1387692868709565,0.16199638107791536,-0.12984668607823552,-0.622122841142118,-1.0183415355160834,113.54886749293655,61.147567932493985,131.3770913919434,53.92647318262607,0.32480601711168783,0.5166464457288384,-0.019759771786630242,0.39208660861477257,0.5166464457288384,-0.03082025125622756,0.19271707584999292,47.75391855388023,247.79287638761662,-200.05035384492712,535262.6121234164,589.6074501794081,627.2074491197415,0.040946816513307276,0.01205548674975403,0.026142567312541175,0.06844272585700963,0.011234039889336647,0.00046856539839926724,0.0005839285803966299,0.000877436255698806,0.0011542131185345963,32,True,True,True,True,True
437,sobol,True,73.5067218914628,231.70987522229552,365.36917651072145,0.09129646318033335,-0.3877540411893278,-1.5253719922155142,-0.43999232575297365,-0.34180569713935255,0.13515545134432616,-1.5313316736370326,-1.4983740797266365,106.4932781085372,51.70987522229552,133.65930128842592,68.13754538074136,0.5467598468894878,1.091339347884059,0.045948344049975276,0.04385898816399281,-1.091339347884059,0.02699791248887773,0.19596888629821452,52.51734802054952,267.9881945169171,-215.4326571607852,482419.56647254596,583.1768423153812,586.6188374013113,0.046667104688303825,0.011275337420454484,0.02723597830878106,0.07036501901743848,0.012778881724546515,0.000550226650254686,0.0006000047229581526,0.001359463708146142,0.00131403534510125,22,True,True,True,True,True
438,sobol,True,76.37004628777504,244.33808429166675,369.56679195538163,-0.2970522865653038,-0.30960586927831174,-1.2144431507214906,-1.733273090235889,-0.5218839261680841,0.11121280146762724,-1.1288472395390272,-1.179843783378601,103.62995371222496,64.33808429166675,125.22870766371489,66.80325433239341,0.3802203574095513,0.6044258506968618,-0.21227805688977236,0.40826508803293104,0.6044258506968618,0.03459936734288949,0.1912075230868791,53.36586688726102,279.0992008353831,-225.70489247768978,444809.60696305474,581.4446053873289,595.6833784480507,0.04584526363701724,0.011449565986513343,0.032389254749276515,0.07437166461795017,0.011953326611039539,0.00048706962134646074,0.0005345028656302198,0.0010575092187990638,0.0012036785185775723,22,True,True,True,True,True
439,sobol,True,69.44718378130347,235.14777012635022,362.28314684703946,0.34586658687330785,0.015444563375785925,-0.6750570297241212,-1.031868471764028,-0.014457998797297478,-0.5738430445082485,-0.9415078995749355,-0.7025035101920367,110.55281621869653,55.147770126350224,127.13537672068924,67.164036934264,0.4625144083098734,0.9197096313815564,-0.029902562173083402,-0.9197096313815564,0.09036057218909255,-0.027446480467915535,0.19181502595152317,51.983650178295896,271.0092701050103,-218.98152547686172,473438.01592523215,586.0681457390584,666.6469984378413,0.042877130675367664,0.012813550074556557,0.030250065676706375,0.06629033185810607,0.011714693965924094,0.00044324265246427575,0.0004910597525607396,0.0008219662833909174,0.0009372112349314549,22,True,True,True,True,True
440,sobol,True,69.79403588920832,239.03960700146854,370.9563507810235,0.012453635362908222,-0.12728486671112477,-0.5638507479801775,-1.2129526436328888,0.19592594583518796,-0.21121941832825541,-1.3125197146087886,-0.593003908917308,110.20596411079168,59.03960700146854,131.91674377955496,58.837685108184814,0.2032599153237819,0.32321081254631273,0.32321081254631273,-0.22367305369116364,-0.09956707097589979,-0.029153160937130496,0.18520351261715032,52.8430610680614,285.3242917551878,-232.44452701262455,463380.7636868102,585.144757602188,699.4574348548163,0.04256432692055097,0.01344419593508264,0.0339658055210789,0.06856781880559568,0.010915890883246418,0.000441202319266312,0.0005360151279150542,0.0008193994254175116,0.0010172084259537238,22,True,True,True,True,True
441,sobol,True,77.66975513193756,233.34908302407712,363.146792344749,-0.5618115318007767,-0.04715637098997827,-1.424384492263198,-0.5141968779265882,-0.2484145819675177,0.17348967166617513,-0.7533961644396188,-1.245003240555525,102.33024486806244,53.34908302407712,129.79770932067186,74.52296278718859,0.4094406731867212,0.7353012034669518,-0.20125821097753943,0.7353012034669518,-0.23919928651303057,0.17938125170767316,0.19892984854315882,47.138453844625246,236.9601856626273,-189.84459599690845,518039.5829523179,588.485658324169,599.3217434598647,0.04103623341513463,0.01151949860809214,0.02495944439322387,0.0810305361958667,0.011882338336434723,0.0005682686846167647,0.0005484902701277187,0.0013477502922911938,0.0011512897427089588,22,True,True,True,True,True
442,sobol,True,73.15027105156332,242.22843516152352,373.95238410681486,0.23730701077729466,0.24440032350830732,-1.6384499764069915,-1.6276871455833317,-0.5475617267657071,0.03020280697382982,-0.46032411437481646,-1.6072722299024464,106.84972894843668,62.22843516152352,131.72394894529134,59.19788694474846,0.7130575956430032,1.1673630312085153,-0.7919620502740145,-0.20710420380346484,1.1673630312085153,0.03117774650454508,0.1895834036331781,44.393111933596536,234.16138270991303,-189.75253581069663,575495.9490111303,587.7976350031187,725.7179717997466,0.04788902835916083,0.013948946884111298,0.02770681589665646,0.09547509262834401,0.01282904250298576,0.0005764141740078954,0.0006275437207523603,0.0012435027304799164,0.001516751825671482,32,True,True,True,True,True
443,sobol,True,65.17289564013481,236.78866523317993,366.2006985321641,-0.3072717587929219,-0.5700318004004657,-0.776391500234604,-0.9262613316997886,-0.09942339961417024,-0.535146086430177,-1.697577838227153,-0.9525818789377809,114.82710435986519,56.78866523317993,129.41203329898417,58.972197107970715,0.4741759111542656,0.7713165065273643,0.4706084007862955,-0.22787432763725513,-0.7713165065273643,-0.1761903787031769,0.1756747295032846,54.060934698389616,307.7331318582098,-253.6444065040795,412175.3647794173,579.5611369745054,641.615797193049,0.041098085203944146,0.012332428054464911,0.0342272026408958,0.07568432044803959,0.010892096301656313,0.0003877232737699593,0.0005760020479728818,0.0008126381112850931,0.0012479702651161818,22,True,True,True,True,True
444,sobol,True,66.88643550034612,243.1903714267537,364.04435277730227,-0.17476753857918081,-0.42376350378617644,-0.6349618392065168,-1.5041275231167675,-0.37092976034618913,-0.03697243500500913,-1.079671946913004,-1.6474247064441443,113.11356449965388,63.1903714267537,120.85398135054857,62.84208272304386,0.5538552357612063,1.0124628672376275,0.05283374343998731,0.13779510357417168,0.4244555762037634,-1.0124628672376275,0.1783880229237969,51.147213273722365,286.71887515436634,-235.53769872999385,487487.8537780478,595.1777035538488,598.2028669691841,0.045977262732624584,0.011497992803709648,0.030195101610429195,0.07495308130860279,0.012291517226926245,0.00048407729347160327,0.0006120296734146033,0.0009998380574481863,0.0013715390228201275,22,True,True,True,True,True
445,sobol,True,74.9525844026357,233.89359834603965,368.6083638295531,0.22323303250595927,0.13067462886683645,-1.16733586974442,-0.8027014797553421,0.07352653606794779,-0.42529823947697876,-1.2424179309979082,-0.9130529172718526,105.0474155973643,53.89359834603965,134.71476548351347,66.34422057308257,0.41287682565805267,0.648531271982938,-0.05714809279888866,-0.648531271982938,-0.4397164512425661,0.2542829524725675,0.1932053857887617,47.05031314059653,243.52485283219954,-196.52103054531824,544921.0895745112,589.8970956252211,649.0326561479498,0.04305502165878557,0.012474986700700838,0.026694190537936768,0.07651162125660588,0.011443345414839134,0.0005336765738026819,0.0005460353982262346,0.001155918173629653,0.0010445791859851668,32,True,True,True,True,True
446,sobol,False,79.70556125976145,240.0730616878718,366.99045767635107,-0.39871993642300363,0.066417103074491,-1.5673521948978306,-1.434949766099453,0.25305393696762624,-0.27833622214384374,-1.5461284087970855,-0.5507605550810697,100.29443874023855,60.073061687871814,126.91739598847926,72.71510358341038,0.5232458311268994,1.016591639816761,0.18663683389313523,0.12038371427915989,-0.11117864269763245,1.016591639816761,0.17057643965228703,37.50435612056292,219.8683252916639,-182.38688676051555,631719.1323536169,593.1994737110983,653.1647567037078,0.04497071943407561,0.012554409359931852,0.028731413154155113,0.09468264585611201,0.011416025818657263,0.0005827141522492117,0.000565423082351669,0.0013450081778262745,0.001167977235616361,22,False,True,True,True,True
447,sobol,True,71.74283431377262,230.499670910649,371.6123187020421,-0.030408420739695408,-0.273256012564525,-1.0334267295897008,-0.7361942298710347,-0.19496822520159185,0.2832799899857491,-0.7052522510290147,-1.2878247091546655,108.25716568622738,50.499670910649,141.1126477913931,60.130515611730516,0.20627962498453112,0.3136884107254445,0.07828778736293313,0.3136884107254445,0.03094197884201999,-0.2543979795649647,0.19309102706276207,54.38767640089047,281.6685851653395,-227.24470091125508,458949.5406397014,581.6468192416353,611.767164555996,0.04154000606211401,0.011758710705030862,0.02939599150362995,0.06473902280679188,0.01127044850857372,0.00047881040310282237,0.0005883353141876541,0.0010870152029327541,0.0012941769780376304,22,True,True,True,True,True
448,sobol,True,71.58026452176273,238.72784001752734,366.6668685488403,-0.5669677861966193,-0.5159326013177633,-0.6915902409702541,-0.457297406718135,-0.1650961473118514,0.009895631950348593,-1.607895272783935,-0.41524622887372975,108.41973547823727,58.72784001752734,127.93902853131294,64.91339597292244,0.6811936367642505,1.1505978660658,0.3508364540059119,0.5768634181469678,-1.1505978660658,0.27634401209652437,0.179657955350534,54.1680569208327,301.50658686471405,-247.29904766627635,392244.038472474,579.974538620457,668.9817162056958,0.042812608709331915,0.012858425433027327,0.036736410886504235,0.06717008202614425,0.012276377175798613,0.00038722965708342245,0.0005980468984046055,0.0008157702049054175,0.0012004599591620812,22,True,True,True,True,True
449,sobol,False,79.62827629875392,233.25801440048963,371.2303103469312,0.022140748752281114,0.3397818938363343,-1.2091868998482824,-1.155989022925496,0.34241751958616073,-0.4925777402706444,-0.7205613177269699,-1.4226713094860317,100.37172370124608,53.25801440048963,137.9722959464416,68.3979659518227,0.3535940288940021,0.5147184890229255,0.0026356257498264535,-0.5147184890229255,0.43542770519852625,-0.21348440963774928,0.12590141953705122,23.48357837520616,186.52353930207462,-163.03686263585632,714216.3776752423,602.3917213410614,677.7895372294432,0.04079531545485022,0.01302771961120556,0.019956139130946415,0.10895668744836916,0.010722033806714711,0.0005786734616632812,0.0006605748521494611,0.001261108188424884,0.001364266182104619,22,False,True,True,True,True
450,sobol,False,74.99160136561841,243.00804108846933,363.61228581890464,-0.31685063461773094,-0.08675788724794986,-1.50917991027236,-1.0924937458708883,0.0435528739821166,-0.22404503445141016,-1.0180715534836056,-1.784989662654698,105.00839863438159,63.00804108846933,120.60424473043531,71.37931554671377,0.16370969438576835,0.27580975238233796,0.13031076123006646,0.09280560016632078,0.07442219238728276,-0.27580975238233796,0.17455281484950186,35.830751259049386,205.2716897744811,-169.45030659719382,628266.7981848716,589.7339450772633,565.6637207156447,0.04468462806154978,0.010872561382162606,0.01966750269738371,0.08922292411538396,0.012374520659245321,0.0005362827059801537,0.0006661371843670915,0.0011975646738993408,0.0014357489077128863,22,False,True,True,True,True
451,sobol,True,67.07631557248533,237.34940206632018,368.2350422553718,0.24257246535271404,-0.23693214380182326,-0.9931186644360424,-1.7939837092533708,-0.4601627670694143,0.22342360992915922,-1.2272856822237372,-0.7747881865128876,112.92368442751467,57.34940206632018,130.88564018905163,58.84127331711352,0.3236562378735739,0.5666980270296336,-0.22323062326759102,-0.019148855423554823,0.5666980270296336,0.21833047792315474,0.16281886400764325,51.73758744159125,317.7616288930902,-266.0089617100084,392747.9818301751,578.9140865063627,583.0373464039806,0.0466552068425492,0.011206497968175529,0.03473919866845253,0.0993056224417653,0.011272720437669432,0.0005339552963748231,0.0005535307541657899,0.001045775356267967,0.0010082487832165769,22,True,True,True,True,True
452,sobol,True,65.0982165010646,244.0441270219162,373.5785216204822,0.22931117480620744,-0.3375571011099964,-0.4126719485968353,-0.8769905971363188,-0.0101835130248219,-0.2617617655545473,-0.43442522753030066,-1.4806496500968933,114.9017834989354,64.04412702191621,129.534394598566,51.51969488058239,0.6489927919873566,1.067977701500058,0.3273735880851745,-0.4910729403607547,0.4425653696060181,-1.067977701500058,0.18563048306552007,51.276592399410724,276.22937543782695,-224.89714653225545,480637.1133328996,592.2655487095088,641.9112844205176,0.042293227699219414,0.012338107582602637,0.02776521768546957,0.06398637100660878,0.012062976098552015,0.000445394541771976,0.0006461679435286193,0.0007714684476590901,0.001436612419362131,23,True,True,True,True,True
453,sobol,True,72.98509543761611,234.49735870584846,365.76843970641494,-0.18353375499136748,0.04246702743694186,-1.302167640067637,-1.5784806648269296,-0.5175805619452148,0.24444428794085982,-1.6252107232809068,-1.0799146015197039,107.01490456238389,54.497358705848455,131.27108100056648,67.21665573120117,0.37026970545528204,0.5600475893821567,-0.5600475893821567,0.4279780429322273,-0.04673005845397715,0.2222530385479331,0.1827041619646609,52.17414115881262,285.5662432523254,-233.3668169781179,469592.2806983286,582.5213398796195,650.0944387888628,0.045946891889476316,0.012495395110353196,0.03240311169639282,0.08623976750728701,0.011064543420980327,0.0005366170618882225,0.0006224775085890916,0.0011890465481416922,0.001220149632888628,22,True,True,True,True,True
454,sobol,False,77.8552564419806,239.68897430226207,370.5737786255777,-0.02176590035669501,0.210172824980691,-1.7880954906344415,-0.5962380554527045,-0.3377558262553066,-0.027763566980138377,-1.3382534660398961,-0.7175755562260748,102.1447435580194,59.68897430226207,130.88480432331562,67.28147781640291,0.7065517635610284,1.0705199344083667,-0.5479286512359975,-0.005997666623443365,-0.7420154105871917,1.0705199344083667,0.16912059784899028,37.93082363333468,224.28269599190722,-186.37703377567993,628127.3581350968,591.7794038483263,723.79877803562,0.045311540766661385,0.013912058267711556,0.026930925050206743,0.10333959967442215,0.012391285278632378,0.0006226239445686739,0.0005409821965224874,0.0014343082623456901,0.0010326633086392913,22,False,True,True,True,True
455,sobol,True,69.8374316142872,230.3637494938448,362.82303423807025,-0.4049208121374249,-0.41524242684245105,-0.9001405527815224,-1.2949295673519372,0.166075130412355,-0.47161549688316884,-0.8255877966061236,-1.1210883250460029,110.1625683857128,50.36374949384481,132.45928474422544,67.01439737621695,0.39098526160888775,0.581317557254806,0.581317557254806,-0.06669468474574392,0.4693417707458136,-0.22094777226448048,0.1901355181732499,51.22087619956727,269.391414564086,-218.11643156440857,495478.58075006044,588.2510478726139,706.7910085157287,0.03834055660563854,0.013585153763663206,0.029929945884497888,0.06625770587269357,0.010305338638038985,0.0004418532597037673,0.0005667550162749589,0.0009934960924099113,0.0010837678569196613,24,True,True,True,True,True
456,sobol,True,69.26096713170409,241.93330596201122,369.9023022055626,-0.18633135398849843,0.27374404873698943,-1.038681061193347,-0.7748067663982512,-0.10324120949953797,-0.3130843732971698,-1.1439800411462784,-1.2299143774434924,110.73903286829591,61.93330596201122,127.96899624355137,59.3586649261415,0.2876818124524629,0.3769852582365274,-0.3769852582365274,-0.1267530193086714,-0.3691732747480272,-0.1912333162501454,0.195402668311579,47.209383869212964,241.60050769590987,-194.40248180282543,537803.7086340182,587.6426242952926,654.054097471166,0.04218977045098392,0.012571503282928394,0.02579179107495893,0.0730341553984939,0.011585178915057623,0.0004886572511223321,0.0005808176361278283,0.0009212463481315694,0.00123618842711367,32,True,True,True,True,True
457,sobol,True,76.3273659022525,236.1394266365096,362.74771498143673,0.1133297254797071,-0.5965931294020265,-1.5508168974891305,-1.4763180295005442,-0.5514086415991187,0.3128281797748059,-1.0031092630699279,-0.6517438018694521,103.6726340977475,56.1394266365096,126.60828834492713,73.57965092081577,0.5181940367994603,0.8990730956196784,0.045184487802907736,0.19949845429509883,0.4732087664306164,0.8990730956196784,0.17907084262026934,52.68306527234443,294.202364279159,-241.4953309485396,432689.5186204414,581.6107217795268,596.3411326308976,0.04671808469688736,0.011462208608738313,0.03563948977181198,0.07653248443447398,0.012423145710660858,0.000535042863108203,0.0005495386806902715,0.0013456471626982238,0.0009620424776409647,22,True,True,True,True,True
458,sobol,True,73.58034253586084,237.57989827077836,372.94521133601665,-0.4373771724756807,-0.15616270219907163,-1.1617390736937523,-0.6642849233001471,-0.2529209022410214,-0.07944823298603299,-0.6068143898621203,-0.9703215401619674,106.41965746413916,57.57989827077836,135.3653130652383,60.63513119984418,0.21060556103566286,0.3579289394896477,-0.09675820004194974,0.3579289394896477,0.05747053343802677,0.19141753353178492,0.2011093991953732,53.830264238091715,267.6665757715125,-213.77989538604166,454056.52349601936,582.7248996032098,598.5173372513838,0.03784045436727805,0.01150403720309548,0.029722608573539016,0.0626290072622876,0.010849233779997488,0.0004917567677297203,0.0005332081289516918,0.0010829061224809,0.0011324305611343478,22,True,True,True,True,True
459,sobol,True,66.61736661568284,232.004071502015,365.6609967947006,-0.10803060494363309,-0.021060507046058774,-0.6511546721681953,-1.3629552397876978,0.19139052061364048,-0.40359366331249474,-1.4695656754076483,-1.5457156471908093,113.38263338431716,52.004071502014995,133.65692529268563,60.95636982098222,0.48582354915197934,0.894560975022614,0.21245102765969925,-0.29556305836886165,-0.10661043561995043,-0.894560975022614,0.17625863334215744,46.25296432336083,262.4153123528053,-216.20138486349518,563270.5856607311,599.0412688554217,663.5281463703346,0.04193139749905842,0.012753602955262873,0.025380584107977736,0.06959294247092138,0.010253897152422937,0.00044281033781730123,0.0006453342102145848,0.0008405880616762747,0.0013434254667380934,32,True,True,True,True,True
460,sobol,True,68.3602026803419,240.36796200554818,364.816965252161,0.08613985488191245,0.09552075671963389,-0.7707083318382502,-0.541067097708583,-0.19138597464188933,0.06118880384601655,-0.8518333893269302,-0.8406195757910611,111.6397973196581,60.36796200554818,124.44900324661285,63.54323742818087,0.2147098609086214,0.31076629161834723,-0.2869067313615232,-0.0249510510358959,-0.31076629161834723,-0.0699112439528109,0.19673224217717622,52.17741909016171,265.22047689148457,-212.98617982440493,469365.66645823274,584.4778515701208,646.1707388940869,0.044189410942459664,0.012419978097755737,0.029349082761326875,0.057011417870815685,0.012794791727403193,0.0004443727892280809,0.0004975466927942616,0.0008063479297477356,0.0009619965276679797,24,True,True,True,True,True
461,sobol,True,75.35335923545063,231.14913838915527,369.28887720406055,-0.5122458274010568,-0.29957542968913914,-1.6547271789982916,-1.2397371847182512,0.2566652924753725,-0.5609330845531076,-1.3890817282721402,-1.6761639544740319,104.64664076454937,51.14913838915527,138.1397388149053,66.06448203139007,0.2891960917937879,0.5562407221645116,0.5562407221645116,-0.0486872571520508,-0.14934454355388893,-0.0214367754757403,0.1815546961271025,40.99181398115306,225.7821739430831,-184.81197380125369,611848.8349069072,591.6680694061881,688.2124275771242,0.038143791015975745,0.01322805686271135,0.024059868226220797,0.0883660997686589,0.009595528817406822,0.0005868316050672859,0.0006872115736276619,0.0014735953151197724,0.0014729312315482732,22,True,True,True,True,True
462,sobol,True,78.33387493155897,244.64985127560794,367.90369452536106,0.33628826313652094,-0.4533325941767543,-1.4297251962125301,-0.9964620919898153,0.07640569545328613,-0.1723889018408954,-1.7960150292143227,-1.3576055731624366,101.66612506844103,64.64985127560794,123.25384324975312,70.4301804061979,0.5440269416864497,0.7995529372245074,0.5297382896300404,-0.5086771649774163,-0.7995529372245074,0.07211962305009356,0.19284339513002663,46.14704770288711,239.29804633325392,-193.09597642280931,550954.8231145155,583.9628308324471,677.2096919107698,0.05051252591841226,0.01301657446685821,0.027223322745086275,0.07550758751760484,0.013274256574421535,0.000503903087339285,0.0006118363655874302,0.0011834806166612412,0.0012767964981887263,28,True,True,True,True,True
463,sobol,True,71.23906310182065,235.2388387499377,372.2459562718868,-0.2917873840779066,0.1574599640443921,-0.5472310809418561,-1.6979735845699906,-0.36802149601280687,0.15543122636154294,-0.5368861827999354,-0.5248390085995198,108.76093689817935,55.23883874993771,137.0071175219491,58.99310682993382,0.6754185017158176,1.1610874017700552,-0.525481460057199,0.44721861043944955,1.1610874017700552,0.02239207234233631,0.17964271211438615,53.862400278404905,299.83070086421554,-245.93622800183448,421071.88954016526,579.9959593856223,712.8829855464196,0.04360618070810149,0.013702246997291686,0.036845358129185046,0.06974080604187138,0.01146250830313432,0.0004727236447862415,0.00046300218444145095,0.0009462304574098896,0.0008691017884311349,22,True,True,True,True,True
464,sobol,True,70.83159674424678,244.43079142365605,362.0545514151454,-0.03926601745188241,-0.20301429498940704,-1.6741006849333644,-1.1171418504789472,0.09787180144339802,0.3278453827369958,-1.7041068203747274,-0.567937250994146,109.16840325575322,64.43079142365605,117.62375999148935,68.77704532910138,0.669594773285337,1.1061634339392183,0.30088609643280506,0.3671114001888782,-0.5869649698957802,1.1061634339392183,0.18416086303329485,45.87461387318739,249.10077590640753,-203.16911477977177,551658.5957129289,589.1651359516234,582.6683422638594,0.052437058706523446,0.011199405379386797,0.030141734538258916,0.07800970737293178,0.013867915033654674,0.000535734462598903,0.0006548425696394817,0.0011955156138879035,0.001308621617328587,28,True,True,True,True,True
465,sobol,True,78.73584790155292,234.98960815370083,369.79579720646143,-0.39087795517407353,-0.11986340931616724,-0.8285393111407758,-0.41855702493339786,-0.40407761093229055,-0.35257156486622987,-0.4448976540938021,-1.315938779897988,101.26415209844708,54.98960815370083,134.8061890527606,68.94005069509149,0.2830623442053384,0.4873994687572122,-0.2842142016161233,0.03830639030784366,-0.02634062916040425,-0.4873994687572122,0.1976173769478709,50.951072917574564,257.826885998061,-206.86027979541208,478527.2662224197,582.6549273256795,645.2153719341239,0.03534634222308834,0.012401615092432459,0.030594676652248624,0.06781403911338736,0.010627184782859324,0.00047211307070095,0.0005693453184989677,0.0010090556501842257,0.0012822695141268096,32,True,True,True,True,True
466,sobol,True,75.85787462070584,241.05897888541222,365.0358012095094,0.1855880675371736,0.31317175636067984,-0.5283864172175528,-1.7560974832624197,-0.22768133478239178,-0.38080475972965355,-0.7700932698324323,-1.6317834783345462,104.14212537929416,61.058978885412216,123.97682232409716,70.82207341119647,0.8371099516135309,1.1033970611169934,-0.5408530911430716,-0.5663928272668272,0.9860042134299873,-1.1033970611169934,0.18087367096452955,42.59152195162527,235.47662699883904,-192.9016480005552,578304.4559190369,591.1452274694277,713.8414861763636,0.04691190432554421,0.013720670234547776,0.028028364191644176,0.07286463498331142,0.012509857722777806,0.0005115758851480261,0.0006233889691601056,0.0009785755416102271,0.001378935899953671,22,True,True,True,True,True
467,sobol,True,67.8501943545416,231.86483106110245,372.85835718363523,-0.13633889174088837,-0.49036673833616073,-1.372732812538743,-1.0548425260931253,0.2778921532444656,-0.1111637239344418,-1.307432943582535,-0.8864742308855058,112.1498056454584,51.86483106110245,140.99352612253278,54.991837170906365,0.4719917480225866,0.7682588915806263,0.7682588915806263,0.025175167806446574,-0.2525904174894096,0.4862585816532372,0.18983533473868666,54.83073525999958,288.83313707364084,-233.97145526574886,443975.63006844267,584.544190656425,671.8801946620025,0.03977691744698404,0.01291413677490232,0.035635751052257664,0.07167302738222743,0.00998741884357493,0.0004993415442222389,0.0005817438469891099,0.0011883832305587827,0.0010831140833566651,22,True,True,True,True,True
468,sobol,True,66.07806432060897,238.26588064432144,369.0145114287734,-0.36054475195705893,-0.38143237498588856,-1.6248832961544395,-1.616131902858615,-0.27413969403132793,-0.5796612037811428,-0.6892277244478466,-1.5916337138041854,113.92193567939103,58.26588064432144,130.74863078445196,57.06355289183557,0.4795259715406979,0.9269041784107683,0.10729268095456063,-0.2191164518240839,0.9269041784107683,0.0332495823502541,0.1960277799510187,52.73786819131764,269.03262488865204,-216.2556430904033,464825.35554992425,582.1669170409017,534.6859652465153,0.04038585914185999,0.010277141284522928,0.026721358003531228,0.08174469444795113,0.01087041681009178,0.0005212227255168093,0.0006269558806248453,0.0011928218023181036,0.0014218317849636621,22,True,True,True,True,True
469,sobol,True,74.11415144335479,232.72388672921807,364.37928093224764,0.28979632207192474,0.17740524979308248,-1.063694252073765,-0.914876799657941,0.22769219437614086,0.10438695414923127,-1.551888426207006,-0.9260058211162687,105.88584855664521,52.723886729218066,131.65539420302957,69.73487051110715,0.33972316924490703,0.6370116265490651,0.05028694458305838,-0.18540936792269347,-0.6370116265490651,0.13768843095749617,0.18199032086813396,43.79032366033306,240.61897056636616,-196.86385481040992,579916.8395457808,593.698471935484,671.0110471037666,0.04882949674694404,0.012897430983402876,0.02605616451249368,0.07984311666958435,0.012486474347375978,0.0005253072126284845,0.0006039622106371271,0.0011052401256811126,0.0012040085848267997,25,True,True,True,True,True
470,sobol,True,76.75863910000771,241.71287371311337,371.9519625380635,-0.5844968932215124,0.016200276324525476,-0.5775851557031275,-1.333669930882752,-0.06716417185962198,0.1289314065128565,-1.2379293827340008,-0.6101831499487163,103.24136089999229,61.71287371311337,130.23908882495016,64.80667656194419,0.3626839022728948,0.7134282997343689,-0.08336444818414745,0.7134282997343689,0.09574054814875121,-0.032597994245588735,0.1907385408359188,51.83771254111785,271.77366626554414,-219.87881172398244,480337.7501390273,584.1950273304444,717.6896269488491,0.04246233396396484,0.013794634933402989,0.032762821020026894,0.06323016583305133,0.011058150848824335,0.0004375815742836331,0.000535738324159917,0.0008264901788908897,0.0009742111406089121,26,True,True,True,True,True
471,sobol,True,68.82420099340379,235.8906564861536,367.398019336164,0.03615461224690075,-0.3121008506044745,-1.1375966053456068,-0.6350852513685823,-0.5728520695120096,-0.13696245215833186,-1.097138173505664,-1.2731201067566873,111.17579900659621,55.8906564861536,131.5073628500104,61.426181657239795,0.2871498904928339,0.4620529221370817,-0.2607512189075351,-0.1731170644052326,-0.4620529221370817,-0.1355235014110805,0.18995639409639123,55.54388013490428,292.40331918871425,-236.83097989746003,415753.61107161135,580.5596892606401,556.6016270497697,0.041876814259738285,0.010698379856947448,0.03170606111769573,0.06522570528863192,0.01167347014439161,0.00046699228689058,0.0005405239729468159,0.0010318531125525464,0.0012238340428525158,22,True,True,True,True,True
472,sobol,True,70.3584213508293,239.90714838262647,371.4782057143748,0.29256515409797423,-0.038978563621640205,-1.3263158401474358,-1.525568998977542,-0.3146906822454184,-0.5292808191850781,-1.4206604978069663,-1.1642078436911107,109.6415786491707,59.907148382626474,131.5710573317483,58.88021563645452,0.44405314217177894,0.8218459732830523,-0.2757121186237782,-0.8218459732830523,0.10490850117057571,0.162107996456325,0.18890748546708344,52.39846984026246,277.376355472122,-224.9512640992675,476701.0042865754,581.5641114556018,600.0339440796454,0.0437038242791382,0.011533187739410625,0.03003326174056879,0.07485858363573822,0.010699683224910423,0.0005082016671632896,0.0005555483059239165,0.0010903139757516707,0.001222306203067346,22,True,True,True,True,True
473,sobol,True,77.33975964598358,230.61386586166918,367.1249805279076,-0.24459251905791463,-0.137201503617689,-0.4862364843487741,-0.8243354249745608,0.12791249533183868,0.0369742913171649,-0.9079141799360515,-0.6759301956743002,102.66024035401642,50.61386586166918,136.51111466623843,70.21477911807597,0.2193937177434504,0.2815668103750795,0.2651139989495277,0.2815668103750795,-0.0835787549614907,-0.18969371132552615,0.18937370821852798,50.575657012532695,267.0679973915432,-216.4357435647365,492638.1526885373,588.9890315821544,762.1771233231627,0.040537317088781936,0.01464972430426899,0.0321184010756993,0.05681417908385628,0.011079711491584734,0.00044375270806758607,0.0005209289661986531,0.0008523569743705059,0.0008994634948338893,30,True,True,True,True,True
474,sobol,True,72.60143167339265,243.3521666470915,368.5555061288178,0.06863973955623803,-0.5562880397774279,-0.8751323947682977,-1.4119708718732,-0.0481069028843194,0.17964485767297445,-0.5283675204962492,-1.0355128386989236,107.39856832660735,63.35216664709151,125.20333948172629,64.04592554457486,0.518904368237069,0.8836033513769508,0.5081811368931085,0.11100511811673641,0.8836033513769508,-0.1603804439306259,0.19257311544708816,53.02416082170385,275.3456041805217,-222.28774980886345,457957.0859348774,581.5634230310937,672.9363196604442,0.04652084205496354,0.012934436439618783,0.03180709652353559,0.06383155352033586,0.013024013345640992,0.00047372722517564914,0.0005503635844189054,0.0009073534736135341,0.0011107578713833452,22,True,True,True,True,True
475,sobol,True,65.48737365286797,233.78260952886194,364.09753308072686,-0.4982029722072184,0.23262776485644276,-1.7140234749764205,-0.7133646631613375,-0.4942761727143079,-0.204042048426345,-1.7192440120503307,-1.5264828411862255,114.51262634713203,53.78260952886194,130.31492355186492,61.38984057214111,0.6445705425667643,1.0058793488889932,-0.7269039375707507,0.2941609237808734,-1.0058793488889932,0.18754063379019503,0.19210503975230603,48.24872501873508,251.15803875288964,-202.85240652273862,539246.3535604007,587.121769935279,694.8792049597654,0.044152092232185795,0.013356198271925778,0.027217104964154224,0.0866709734969393,0.011811287709634051,0.000589321718854389,0.0006089949312890364,0.0012910427049713385,0.0013096816192408856,28,True,True,True,True,True
476,sobol,True,67.49476624652743,242.32294448651373,366.4411985911429,-0.45490628127008675,0.13920033662579956,-1.2661742506548763,-1.19065746832639,0.020240415772423193,0.2774364647455513,-0.9261669719591737,-0.8207275293767453,112.50523375347257,62.322944486513734,124.11825410462916,61.05356765538454,0.4524531369592823,0.732342746015638,-0.11895992085337637,0.732342746015638,0.2644904963672162,0.445446721278131,0.19122484681298293,47.426166234678654,248.01257276498822,-200.71524995423746,539966.6169895064,589.0162107865306,612.7236039952833,0.0458668489687733,0.011777094324363593,0.02637978617715958,0.07323922106435697,0.012390713942298924,0.0004986249730277056,0.0005258315609775229,0.0009989490589304153,0.0009694921299284503,33,True,True,True,True,True
477,sobol,True,74.57864363212138,236.62870106752962,373.71147422865033,-0.09401673967950042,-0.43425997467711563,-0.7104405216872693,-0.4920514473691584,-0.42224569083191454,-0.28512945203110573,-1.1352908559143544,-1.7406953763216735,105.42135636787862,56.62870106752962,137.0827731611207,60.86716940347105,0.6147866325079847,1.0302548546344041,0.01201428384520109,-0.19111271235160532,-0.643239408545196,-1.0302548546344041,0.18285057546368352,51.01758689947612,279.01244920943043,-227.93867168664025,499797.60629810346,598.2558014959578,638.1720957430672,0.03996847676004312,0.012266237040218139,0.03144100465237174,0.06565577693782619,0.011161023968498801,0.0004095280366043346,0.0006615740455016134,0.0008775710123239222,0.0015897422744566017,24,True,True,True,True,True
478,sobol,True,79.08347972203046,238.94921576138586,363.4686349518597,-0.2300254695583135,-0.2591643515508622,-0.9352819534018637,-1.6484449025243522,-0.12695443495176734,-0.4315476467367262,-1.5261595368385317,-1.3810893708840013,100.91652027796954,58.94921576138586,124.51941919047385,75.61484477017075,0.2606667480159653,0.4458074174821376,0.13220991659909487,-0.2015221771784127,0.12228536568582049,-0.4458074174821376,0.1865423957966924,47.602375331758196,255.18260944626635,-207.52533185409814,541668.3707620569,587.6439997631807,671.6011412060742,0.04482801317986533,0.012908773118515366,0.028431855629053038,0.07259766441420937,0.011451011380760065,0.0004624702937996217,0.0005825921051481473,0.0010202461900638473,0.001225532615025529,24,True,True,True,True,True
479,sobol,True,72.1305544860661,233.50584105588496,370.634185615927,0.16055358042940493,0.05406471043825145,-1.489811385050416,-0.94721114076674,0.3193296974990517,-0.044055580114945814,-0.6389054792001845,-0.45843049418181203,107.8694455139339,53.50584105588496,137.12834456004202,61.49636887013912,0.5636996862119796,1.031380890868604,0.26526498706080026,-0.20460916054435074,0.3083056615665555,1.031380890868604,0.18390571807627254,44.63646263473829,242.7138378385053,-198.0909645246534,571245.4824476509,593.1205938289039,644.894017965219,0.04266579087655747,0.01239543838244671,0.030257534280861222,0.08304448468633566,0.011516959926066017,0.0005661843043220883,0.0005491424795181852,0.0012881415324870313,0.0008155073274424582,32,True,True,True,True,True
480,sobol,True,72.28598353918642,242.7422171877697,373.12021831050515,0.05170117383822803,-0.3978592090774328,-1.740748337469995,-1.7136288695037365,0.11877631712704895,-0.34735482675023377,-1.5682521523907782,-1.0705308558419349,107.71401646081358,62.74221718776971,130.37800112273544,59.165765228681266,0.4734141477344758,0.6702174816280602,0.5166355262044817,-0.3990560005884618,0.1453767171129583,0.6702174816280602,0.18812551792151905,49.91545963508302,265.3306164233733,-215.38303332487476,513911.48079297325,584.2384021773343,608.0765061452837,0.044705676581183254,0.011687772957670471,0.032386412492677284,0.07677423847007966,0.010701958808509602,0.0005436299324143135,0.000588851120381539,0.0012709078516907214,0.0011925227887241985,22,True,True,True,True,True
481,sobol,True,79.3963294941932,237.15424543246627,365.48589761927724,-0.5967827380169183,0.22337585696950557,-0.8569110751152039,-1.0149374306201935,-0.32739249970763923,0.33793272632174187,-0.683631168305874,-1.468233328126371,100.6036705058068,57.15424543246627,128.33165218681097,73.91043187491596,0.6443053465683048,0.9347154643386602,-0.5507683566771449,0.9347154643386602,0.3313062623143195,-0.6113222530111672,0.19130049141403221,45.18119358629061,236.17918204143461,-191.02093964915088,542178.1684720602,587.8522154982422,707.8242908231033,0.04395604066009876,0.013605014371477724,0.027626345090997966,0.07644591430338021,0.01223527800808117,0.000508329626840878,0.0005882116708563549,0.0010052672267032677,0.0012999237565023958,22,True,True,True,True,True
482,sobol,True,74.75965657271445,238.64346934482455,370.10082759335637,0.2728581093717366,0.032974940026178956,-0.45831533018499626,-1.126968195103109,-0.5038250331766904,-0.10641096625477076,-1.0577038936316967,-1.1277799665927888,105.24034342728555,58.64346934482455,131.45735824853182,64.65882897935808,0.47036679459123365,0.6694646364077925,-0.5367999732028693,-0.37926907562650736,0.06926430147141227,-0.6694646364077925,0.18813425546040435,53.893641831687496,286.46373675967914,-232.54220076265108,441311.6988478338,580.8008587568485,687.886271390702,0.04350049694351398,0.013221787849820508,0.03548005277759205,0.06844083179578037,0.011574295699768075,0.00043921075390787774,0.0005283307056364819,0.0007450854414001401,0.0011823275619702138,22,True,True,True,True,True
483,sobol,True,67.78203034307808,232.86677040625364,362.5492819286883,-0.345939408428967,-0.35865124929696324,-1.3409482952207328,-0.4254780543968082,-0.06122230859473343,-0.3711813965812325,-1.2642050513997676,-0.7328552145510914,112.21796965692192,52.866770406253636,129.68251152243465,65.23274841438979,0.539059668077901,0.8387269970029594,0.2974289407022298,-0.025241988152265527,-0.8387269970029594,0.6080930806696414,0.195546236235616,54.410434063436114,278.2484342878189,-223.79773970912908,440487.30715448543,583.7763177611552,591.5147696465899,0.04092471888332576,0.011369441606228242,0.031497907646482734,0.06686332750053349,0.011807850037522319,0.0005001911618923767,0.0005247203106669804,0.001157311117583636,0.0010898058572877168,22,True,True,True,True,True
484,sobol,True,65.80393549054861,239.50240252539515,367.7052471674979,-0.154669074062258,-0.21998561527580024,-1.4618487371131779,-1.3486231869086625,-0.4424930474720895,0.09545925729908045,-0.4822821332141758,-1.4380360858514907,114.19606450945139,59.502402525395155,128.20284464210272,58.09868832305074,0.46453945021084536,0.8663410536944867,-0.22250743219628927,0.25012833136133844,0.8663410536944867,0.02381265126168719,0.1978929844279417,54.12457135443307,273.50424529143083,-219.346274690718,454417.3160749035,582.1355320050155,550.6343978420256,0.044914708553309174,0.01058368438777267,0.028052499050442867,0.06690164652590926,0.01246598631579133,0.0005026317701636653,0.0005814065479367507,0.0010993660486011939,0.0013173141474898769,22,True,True,True,True,True
485,sobol,True,72.75314866099507,230.07378034759313,372.44449596479535,0.19880025233142073,-0.07306018262170255,-0.949873123317957,-0.6471332756802441,0.0037915379740297572,-0.5860376311000436,-1.6757806833833457,-0.4220236456021669,107.24685133900493,50.07378034759313,142.37071561720222,60.308652696199715,0.6997530369221074,1.0286474077031016,0.07685172059573231,-0.7848378834314643,-1.0286474077031016,0.5278494777157902,0.1836118216855702,53.59212316268054,291.8773021840362,-238.25262065441828,444662.02315832756,583.2843881096459,670.7232351457092,0.04201489562700976,0.012891898980790899,0.03494800634349008,0.06964362293335014,0.010844929759021611,0.0004895847129349501,0.000550491362320439,0.001061466970609848,0.0011588635986705604,22,True,True,True,True,True
486,sobol,False,77.62331167701632,243.64338621962816,364.6418746598065,-0.3748670450877398,0.32979513378813863,-0.7372068779543044,-1.5904113776981832,0.29868414737284177,-0.14542616857215762,-1.2903859365731478,-0.7624563202261925,102.37668832298368,63.643386219628155,120.99848844017833,72.98143701720983,0.18991037948811862,0.3000254411250354,-0.03111098641529686,0.2294408765155822,0.3000254411250354,-0.02524944227188808,0.16023635785263152,34.23508203302517,213.6536457257159,-179.42202282828677,649199.3856447851,597.6312075823613,748.4898082946759,0.04760944310858457,0.014386641897965919,0.024204715619970577,0.09022213894564295,0.012381739039237996,0.00048467555572141366,0.0005442987652953983,0.0009275265437587856,0.0010775574550426375,22,False,True,True,True,True
487,sobol,True,70.54314635694027,234.43622132763267,369.4638755954802,-0.051086777634918645,-0.5365900602657347,-1.247994216158986,-0.8917197093367578,-0.14380241222679613,0.12301895963028076,-0.7750072127208114,-1.7756923649460077,109.45685364305973,54.436221327632666,135.02765426784754,61.079270761460066,0.3452108367723255,0.5276981487870216,0.3927876480389386,0.1741057372651994,0.1167124966159464,-0.5276981487870216,0.19005586487593698,50.296038631846784,264.63818238220955,-214.28648222936604,525528.8198513893,596.3536588620079,662.6013705086239,0.042365514300468206,0.012735789496356212,0.025828731684644977,0.06403432472689523,0.011485885656923817,0.00047664072324633323,0.0006724361335806692,0.0011275777532313606,0.001530847391699482,24,True,True,True,True,True
488,sobol,True,69.02399747166783,237.86127898376435,363.78737287968397,0.14222288141027095,0.15582286468707018,-1.3881784511730075,-1.4433303778991105,-0.41683016563765707,0.0424265834502876,-1.1070499178022146,-1.7101989652961493,110.97600252833217,57.86127898376435,125.92609389591962,65.23662459198385,0.3723817106094643,0.5726530303247273,-0.5726530303247273,-0.09979629795998335,0.33628046009689583,-0.3220205141231418,0.19966109291477316,50.13353075034886,251.09313997268728,-200.90576356436344,513052.77282301395,585.3430250617223,632.2580760118287,0.04747775983089036,0.012152564304653871,0.027526397389206862,0.0791585073905457,0.012277412046468044,0.0005345254760067561,0.0006191695758606344,0.0011287628941325722,0.001399969120747812,23,True,True,True,True,True
489,sobol,True,77.02806558459997,232.18365701846778,368.06004605442286,-0.21681265481747686,-0.4804842592217028,-0.4988857068121435,-0.7418189374729993,0.08874286939390008,-0.5194217887707054,-0.9634660853073002,-0.872305864840746,102.97193441540003,52.183657018467784,135.87638903595507,68.96801953017712,0.388639255759462,0.5692271286156029,0.5692271286156029,-0.3026091339532286,-0.22164714783430084,-0.3734201580286025,0.18762742196761,51.29423200869158,273.3834504081523,-222.0320716060383,478553.59410548175,588.3189765551981,776.8375617336775,0.037371808161264064,0.01493151101016923,0.0332664763360169,0.06514808499281981,0.010464128234734487,0.0003960090694929308,0.0005407059477314619,0.0008388901901658397,0.0010158197417040051,26,True,True,True,True,True
490,sobol,True,74.28103797137737,242.00395087711513,366.86531380563974,-0.07800544030033052,-0.2761347092222422,-0.8112137870863081,-1.5053172238171102,0.26474051321856673,-0.1990537367295474,-0.6437337225303055,-0.48811179976910357,105.71896202862263,62.00395087711513,124.86136292852461,67.41572416573763,0.5371032768976481,0.8615835012868047,0.5408752224408089,-0.12104829642921688,0.8615835012868047,0.3231019873172045,0.19331835334856565,50.115323379719435,259.23727629398036,-209.06708285627832,493525.4846049494,586.886173569782,722.3078825676394,0.04452911900542954,0.013883401926680002,0.03260651545567244,0.06336137746831853,0.012319330665228867,0.0004686613582226134,0.0005291162817672645,0.0009130193573961119,0.0007962693015074383,27,True,True,True,True,True
491,sobol,True,66.38039896730334,236.5444106934592,371.03177427500486,-0.4667273174971342,0.10086878649890418,-1.699328937008977,-0.8066470846533776,-0.23720844616182146,0.18903990765102208,-1.5091980624943973,-1.3287827143445612,113.61960103269666,56.54441069345921,134.48736358154565,55.34862469229847,0.5420353421176258,0.7025509778410196,-0.33807723266072565,0.6557672251481563,-0.7025509778410196,0.37054622266441584,0.1913868656701229,49.03133390217884,256.1896488063603,-207.1005747155569,539238.0338247915,587.7829300776995,626.8022074745294,0.04350236276944314,0.012047697643787323,0.02543281640096121,0.08450541121935924,0.011267374599552498,0.0005711563336653516,0.0005898361720010633,0.001256009659419586,0.0013083136803525009,28,True,True,True,True,True
492,sobol,True,68.12323299236596,244.85014881007373,370.3752511367202,-0.4826568140648305,-0.02220293730497358,-1.1202297544106843,-1.644257538765669,0.21126505150459707,-0.2942927170544863,-0.902403323352337,-0.6230060558766128,111.87676700763404,64.85014881007373,125.52510232664645,57.747981855645776,0.4710539826155119,0.7418542154133321,0.23346798880957065,0.18836409701034423,0.7418542154133321,0.49722369853407145,0.18890561951211624,48.92311697816998,258.98179791857433,-210.0007704630897,518326.6911182269,587.254575086996,633.9131429194019,0.04334083747154761,0.012184376167223754,0.030579475875805583,0.06645043337875252,0.011489127353253931,0.0004866771193327628,0.000538504727146514,0.001060667454559377,0.0009047609014086603,30,True,True,True,True,True
493,sobol,True,76.05405894573778,235.51506783347577,363.02147091180086,0.05635418496094646,-0.18375105294398963,-0.6027719557285309,-0.945587295293808,-0.29442329914309084,0.27128833644092076,-1.4369386913254858,-1.1932729594409466,103.94594105426222,55.51506783347577,127.50640307832509,73.03258803393692,0.4026669421863496,0.5905010037124157,-0.11067224619910121,0.2149341514799743,-0.49135139603167777,-0.5905010037124157,0.18558367769665987,51.307030712968505,276.4630561790614,-225.11657534299317,482836.5089530163,584.2633874846038,668.1158758276819,0.047259118662201526,0.012841783208482324,0.03214294776073189,0.07333689374769863,0.012622620830167698,0.0004300758503063095,0.0006047924154112006,0.0008492483117351978,0.0011669006050517064,22,True,True,True,True,True
494,sobol,True,79.03457039501518,240.75314599554986,373.4035111144185,-0.2615302292164415,-0.5727157232351601,-1.0791812175884843,-1.2278275629505515,-0.5896927864756435,-0.05275486470200119,-1.7454344818368555,-1.5774863762781024,100.96542960498482,60.75314599554986,132.65036511886865,65.63105928059667,0.3741992541280872,0.517606918886304,-0.016977063240483425,0.2087753645144403,-0.517606918886304,-0.4983051586896181,0.1785544957801304,51.91150457423543,290.7319938791043,-238.78910561077302,470230.3821435084,585.9506462766683,628.4419223705912,0.04301176526504362,0.012079214426999304,0.03375344251622514,0.08445884469781824,0.010889493548958963,0.0004535075125468588,0.0006166560024213828,0.001071137641286487,0.001489558412865101,22,True,True,True,True,True
495,sobol,True,71.00209542550147,231.22584688477218,365.943541072309,0.3071698818355798,0.2785974094178527,-1.5954240377992392,-0.5263162268325687,-0.08786044507287438,-0.4372317946050316,-0.48901860639452943,-1.0044430041685701,108.99790457449853,51.22584688477218,134.71769418753684,65.05855435319245,0.5096751194650995,0.7444016764406114,-0.3664578544907271,-0.7444016764406114,0.0372976204380393,0.5909810336306691,0.18244798500554282,41.05600251805772,225.02853356703514,-184.00150946987395,585257.7491398653,593.0111389600651,679.9904479013584,0.04095320381337877,0.013070023077913271,0.022799766609604342,0.09124116217293186,0.011673154618139664,0.0006044868274840569,0.0005333776559726843,0.0013621517353206338,0.001061223224068732,23,True,True,True,True,True
496,sobol,True,71.53773549944162,241.00327745079994,368.7319692969322,-0.42046736665070056,-0.32483995878137645,-0.6215244319289923,-1.06403884049505,-0.5682276218663901,-0.5024331467226147,-1.664474417641759,-0.9626045588403941,108.46226450055838,61.00327745079994,127.72869184613228,62.8057662025094,0.36837972220325216,0.6004355771467089,-0.24338766308501364,-0.08196578007191418,-0.6004355771467089,-0.34108012691140177,0.17538964610493046,54.04919173024111,308.1663765824869,-254.087264246827,397130.7330107115,579.597576454091,611.2342274450964,0.04044860158395855,0.011748467178287167,0.0359223663858127,0.07395049038015114,0.010795133152871476,0.0003927096444281305,0.000564754697143428,0.0007660232041063993,0.0011998140666205335,22,True,True,True,True,True
497,sobol,True,78.50442370865494,231.44400587771088,363.9209775775671,-0.009480062639340758,0.00020860349759455055,-1.1773970210924745,-1.762623488716781,-0.12391574601642785,0.004446963779628277,-0.40797830577939753,-1.6204141452908516,101.49557629134506,51.44400587771088,132.47697169985622,74.58344613108784,0.7153545554820371,1.3546451829373836,-0.1241243495140224,0.013927026418969035,1.3546451829373836,-0.44301712419837713,0.1866758490393973,43.78434515016736,234.54745418582146,-190.79161933289413,579923.1754513144,589.736745267894,609.9000047909468,0.04679199722964244,0.011722822228516727,0.02513567811512707,0.07885864246912812,0.012536597667819482,0.0005437831410537456,0.0006254510815667772,0.001254210544994026,0.001355651157146985,22,True,True,True,True,True
498,sobol,False,75.62644796911627,244.13538633380085,371.6782101839781,-0.16659553521312775,0.19710785304196177,-1.5758328825235368,-0.47498504295945176,0.17497063274495306,0.21403218391351397,-0.8097364110872151,-1.2389557903632522,104.37355203088373,64.13538633380085,127.54282385017723,63.94823778513819,0.304512795616131,0.38062771912664173,-0.02213722029700871,0.38062771912664173,-0.3347513681277633,0.3368770921602846,0.1544932980693249,29.578604110901885,191.45558079567468,-161.88116823775752,661326.6734241898,596.1438320918936,597.5113900391851,0.044673336362242744,0.011484702000197886,0.02162788324999891,0.10275087355723077,0.012670007319487144,0.0005656388488853414,0.0006158152254481917,0.0012222031237962105,0.0012675305601499197,22,False,True,True,True,True
499,sobol,True,68.55633690953255,234.82312075793743,366.9250682592392,0.2147058242000639,-0.3724042113870382,-1.0214850252494216,-1.1762401774525644,-0.27319725234992803,-0.22902972218580542,-1.3443630304187537,-0.578455268032849,111.44366309046745,54.82312075793743,132.10194750130177,61.63126865029335,0.3283610495006309,0.4437355463858693,0.09920695903711019,-0.4437355463858693,-0.16812285296618934,0.4430297572165727,0.1747099574906399,54.2509243940657,310.51993357031296,-256.24798104898724,392189.9909757925,579.3954025325372,595.1896003998527,0.042763363736001384,0.011440075131891441,0.03531835868154834,0.08045590065292707,0.010995874080210792,0.0004474904572848471,0.0005363116098583274,0.0009852146362501156,0.0010761727787254717,22,True,True,True,True,True
500,sobol,True,66.7842031037435,241.28323479089886,363.26873698830605,0.26090265475213525,-0.5026727847754955,-0.572288351133466,-0.5978612802922727,0.24352089329622684,0.25058879228308795,-0.7370952747762205,-1.2842953432351352,113.2157968962565,61.28323479089886,121.98550219740719,63.51546611543745,0.520396830066935,0.7461936780717223,0.7461936780717223,-0.010313862469047308,-0.1392339944839478,-0.7120069921016692,0.18563741634472772,47.769794266327175,257.3284804697934,-209.54352197143498,517151.2574009652,595.520599991961,718.4561068031173,0.04674952288529571,0.013809367360034804,0.027477714900530477,0.055926855825630145,0.013508282545279424,0.0004180585152133627,0.0006000946551640233,0.0006956950612410111,0.001173053248518774,32,True,True,True,True,True
501,sobol,True,73.88272722251713,235.85932917892933,370.83417578041553,-0.33006282649002966,0.2966890383977443,-1.4125706540420653,-1.2991162270307541,-0.2009058451745659,-0.2526021244935691,-1.6024689475074412,-0.5338593930006028,106.11727277748287,55.85932917892933,134.9748466014862,63.0485514421016,0.5286201807093657,0.8787112610414625,-0.4975948835723102,0.07746070199646055,-0.30335272047668704,0.8787112610414625,0.18172506163743588,46.787776804047056,257.464635766059,-210.65997760985127,554992.4819203794,587.561310143867,722.179270097088,0.041702138162706966,0.013880929880251403,0.02981058885333603,0.08204844758126752,0.01029556725598559,0.0005727256210949419,0.0005650203335615763,0.001238932354011926,0.0011462166853952193,32,True,True,True,True,True
502,sobol,True,76.52721242047846,238.10911893844604,366.2646345049143,0.006129845743998885,-0.09966976093128321,-1.625055653601885,-0.8427251031622291,-0.38075229986570774,-0.4659349729772657,-1.1900724144652486,-0.9153397699818017,103.47278757952154,58.109118938446045,128.15551556646824,70.26257791556418,0.4811962637272434,0.7097158836200833,-0.28108253893442453,-0.4720648187212646,-0.34734731130301943,0.7097158836200833,0.19194116107541995,48.13553798081747,250.78278005155676,-202.58849075596729,526902.1641071587,585.720421344994,617.9155698127307,0.04218840973572349,0.011876888539507652,0.02903933094708169,0.0807516646221947,0.011673325679359218,0.0005750021792846618,0.000494953914951062,0.0013546462982561573,0.0010177983092397088,24,True,True,True,True,True
503,sobol,True,69.53034357633442,232.40501946303993,373.8879459798336,-0.5551470330916345,-0.1944191931281239,-0.786324785463512,-1.5413099391385914,0.06729851425625388,-0.019067906355485276,-1.0465682342648508,-1.6684680016711355,110.46965642366558,52.405019463039935,141.48292651679367,55.642397596500814,0.5871164699025297,0.8821432162076235,0.2617177073843778,0.5360791267361492,0.4947417048737406,-0.8821432162076235,0.18111478992382704,49.36874035649621,272.58260011377115,-223.15855870337649,535670.4419752123,596.363000653075,664.2260539747349,0.03924761962935235,0.0127670173620739,0.02681392464059968,0.07103145432175104,0.009566651755325128,0.00044030233369976606,0.0006880210925265821,0.0009072480928121755,0.0015511386368557282,29,True,True,True,True,True
504,sobol,False,70.12103368528187,243.3941423241049,365.2123673968017,-0.2734566921368241,0.0826079204212874,-0.974767814949155,-0.7041893981397154,0.3217502327635884,0.30273721222765737,-1.3837411025539041,-1.7338751906529069,109.87896631471813,63.394142324104905,121.8182250726968,64.90866628848016,0.5973321914561599,0.7591073757037519,0.239142312342301,0.5761939043644815,-0.6795517044141888,-0.7591073757037519,0.145060212383689,29.431885889400867,202.89426994324654,-173.46193996139647,679581.450772379,602.9032533615932,621.3767436542388,0.04953926318058525,0.011943415388707957,0.02009506874154812,0.08339438667008955,0.01341077907576576,0.00046162292279360305,0.0006865230385669437,0.0008861892185136364,0.0014353233812395769,22,False,True,True,True,True
505,sobol,True,78.03993140812963,234.21717477496713,372.6818818114698,0.32307545547373595,-0.25706332838162776,-1.5361170815303922,-1.4054231494665146,-0.1819658612832427,-0.31830473537556825,-0.868281813710928,-0.8054055167362095,101.96006859187037,54.217174774967134,138.46470703650266,65.35804959665984,0.5566570722356229,0.7307115647941826,0.07509746709838505,-0.6413801908493042,0.5371413357555865,0.7307115647941826,0.19381127595335937,52.1997001115116,269.33262708653467,-217.10182996719678,485690.5871117663,583.9394926102325,597.6654979993724,0.04178059922579652,0.011487664092683677,0.032332802442169,0.07295126612879908,0.01074724782615144,0.000568540749831551,0.000514420974318709,0.0014008904588880332,0.0010343827807932093,22,True,True,True,True,True
506,sobol,True,73.30160723533481,240.21811028476804,362.25445291027427,-0.5282571338582783,-0.4400719282682985,-1.223607087880373,-0.7678850224241616,-0.4804173787124455,-0.4132206504233181,-0.5652976647019388,-0.4676851950585843,106.69839276466519,60.218110284768045,122.03634262550622,71.04715432506055,0.3960178952549906,0.7559218928217888,-0.040345450444147,0.1150364834349602,0.2025873577222228,0.7559218928217888,0.1852948743365113,52.664221831096064,284.21844921329745,-231.50461354283956,423291.685710148,581.327990468629,595.2318624060315,0.03707065786719745,0.011440887445355227,0.03429197406293906,0.07723182341181041,0.01123644959747942,0.00047092839216770474,0.00041676154401566105,0.001075306714106867,0.000755846222247383,22,True,True,True,True,True
507,sobol,True,65.24998352862895,230.76478214003146,369.5958048515022,0.09796089818701148,0.11436807122081516,-0.6637985749170185,-1.4664910538122058,0.027096741180866912,-0.08420461462810636,-1.7588871272280813,-1.3934638392180205,114.75001647137105,50.76478214003146,138.83102271147072,55.654178677126765,0.4058039615327238,0.729665264301002,-0.08727133003994825,-0.18216551281511784,-0.2923960734158755,-0.729665264301002,0.16995815422634392,49.740112204866904,292.6609342828287,-242.88957841315045,506689.4629939444,589.579071924551,629.7151629656188,0.04313579743050776,0.012103687247186863,0.03026408784976141,0.0912767951088197,0.009765806674672474,0.00046975557469638307,0.0006193936382382133,0.0008785753676216974,0.0013220815134506816,22,True,True,True,True,True
508,sobol,True,67.25737860891968,239.363297871314,371.75196160003543,-0.12357677016407254,0.26067992616444824,-0.914602192863822,-0.9844134366139771,-0.5271366632543504,-0.5545530332718044,-0.9767475401982666,-0.6883891144767404,112.74262139108032,59.36329787131399,132.38866372872144,55.50541700888425,0.46304066795665727,0.7878165894187986,-0.7878165894187986,-0.43097626310773185,0.007665896415710471,0.2262130783870816,0.1878489042528988,53.480670079834596,284.7004633459783,-231.17726221772972,447005.92861844,581.066398515848,706.7951336994188,0.03855457550380583,0.013585233053374108,0.03449407381057817,0.06667327264861138,0.010461356878288528,0.000475587060549,0.0004562972096609732,0.0008708824110224106,0.0009566783624063609,22,True,True,True,True,True
509,sobol,True,75.27881536632776,233.55273948051035,367.5979294143617,-0.4250916108023375,-0.5537539513316005,-1.7603451514616608,-1.683019614033401,-0.023306159581989006,0.07012012465856965,-1.1831583697348833,-1.1735489873215557,104.72118463367224,53.552739480510354,134.04518993385136,67.68088595196605,0.5293393345745823,0.5867961641401052,0.5304477917496115,0.49521173546090713,0.49986124429851775,0.5867961641401052,0.1945866899200216,52.38907502499234,269.2325721071936,-216.81154296873345,477679.5228225932,584.7072400623916,657.8723130053296,0.04266878820922857,0.012644892792004562,0.03162837705507649,0.0755532420536217,0.010591602079984988,0.0005787735104008311,0.0005713851956725909,0.0014846265698783504,0.0011729443087396994,22,True,True,True,True,True
510,sobol,False,79.78365525603294,242.493431949988,368.8380503617227,0.13026742856018247,-0.1434465224854648,-1.2837753385305404,-0.5642234839498999,0.15691720135509968,0.16134729720652097,-1.4755895402282477,-1.5112459518015386,100.21634474396706,62.49343194998801,126.3446184117347,70.94560489431024,0.49333439300151105,0.9113660562783479,0.3003637238405645,0.031079868646338493,-0.9113660562783479,-0.22747061327099827,0.17787575097740793,37.46710869427129,210.63640484098366,-173.17596558731586,618017.7094222057,590.130017915204,648.6050128143692,0.049194874362086125,0.012466767014297499,0.02117499177086489,0.08241424973384563,0.013504845039119098,0.0005148584088722521,0.0006483537025649565,0.0011622485254148124,0.0013748899938317185,22,False,True,True,True,True
511,sobol,True,71.89316438976675,236.93382827099413,364.55583281442523,-0.20093607464805247,-0.06331978035159413,-0.4395677929744126,-1.2654570892453194,-0.350479394569993,-0.1639215614646673,-0.5910485370084644,-1.0287784334272148,108.10683561023325,56.93382827099413,127.6220045434311,67.33733157534152,0.4705918593583177,0.674408552236855,-0.28715961421839886,0.03701451318338517,0.674408552236855,-0.5892106404528021,0.18908916061008932,53.471093963177,282.78243866890335,-229.27026034737727,447463.2036359137,581.0346809244295,661.9262243180391,0.04172825800304432,0.012722812584225841,0.03309977083979887,0.05927997294281019,0.011739322536715873,0.00042361595666272963,0.0005080168466281493,0.0008030463190301939,0.001057183375785331,22,True,True,True,True,True
