time_s,S_to_H_i_mass_flow_kg_s,H_i_to_L_mass_flow_kg_s,L_to_H_o_mass_flow_kg_s,H_o_to_S_mass_flow_kg_s
0.0,-0.00016134375847813508,0.0,0.0031414335731936595,0.003449360394475269
2.2243671904198283e-07,-0.00016134362439199337,0.0,0.0031414527122562617,0.0034493791005105077
4.4487343808396565e-07,-0.00016134349033593612,0.0,0.0031414718513200937,0.0034493978065884474
2.014109553763325e-05,-0.00016133222703652893,0.0,0.003143166696878245,0.0034510550008017018
3.983731763718254e-05,-0.00016132095585299843,0.0,0.0031448616623337626,0.0034527123038880906
5.953353973673182e-05,-0.00016130966252936416,0.0,0.003146556756615589,0.0034543696970726475
8.11360510362685e-05,-0.00016129727216214547,0.0,0.0031484160447243356,0.0034561876320786875
0.00010273856233580518,-0.0001612848825168372,0.0,0.0031502754705148056,0.0034580057123868146
0.00012434107363534186,-0.00016127249051630876,0.0,0.0031521350362945263,0.003459823933598995
0.00034036618663070865,-0.00016114524166914405,0.0,0.0031707415330110844,0.003478008290953797
0.00039437246487955037,-0.0001611132990112923,0.0,0.0031753953686293806,0.00348255652554908
0.0004483787431283921,-0.00016108506068602862,0.0,0.0031800465249077516,0.0034871121268657667
0.0005023850213772338,-0.00016105459040944211,0.0,0.0031847006478568723,0.003491664801386939
0.0005158865909394442,-0.00016104592436784026,0.0,0.0031858652967461875,0.003492801316331369
0.0005293881605016546,-0.0001610386777975193,0.0,0.0031870287405960647,0.0034939402305359
0.000542889730063865,-0.00016103116643475542,0.0,0.003188192467885385,0.003495078772629153
0.0005563912996260754,-0.00016102342365584727,0.0,0.003189356450989877,0.0034962169954320245
0.000575539333503948,-0.00016101248331306463,0.0,0.0031910072751273385,0.00349783140126186
0.0005946873673818207,-0.00016100150110403096,0.0,0.0031926582429391195,0.0034994458574146713
0.0006138354012596934,-0.00016099045840873978,0.0,0.003194309371785292,0.003501060332337762
0.0006329378819354481,-0.00016097941926335519,0.0,0.0031959567006393007,0.003502671046020305
0.000652040362611203,-0.00016096837284763248,0.0,0.003197604144245667,0.0035042818640396724
0.0006711428432869577,-0.000160957320027349,0.0,0.0031992517021782584,0.003505892787519403
0.000776688408704451,-0.00016089652965789637,0.0,0.0032083567054115047,0.0035147958054208227
0.0008822339741219443,-0.00016083885669936825,0.0,0.0032174631600772716,0.003523706364124849
0.0009086203654763176,-0.00016082336382249393,0.0,0.0032197409589375275,0.0035259331818274656
0.0009350067568306908,-0.00016080601251140152,0.0,0.003222020178773211,0.0035281577350443627
0.0009613931481850641,-0.00016078928235158734,0.0,0.0032242992106933997,0.003530383332945052
0.0009795543669888832,-0.00016077845521215403,0.0,0.0032258674427962275,0.0035319162833446008
0.000997715585792702,-0.00016076784282482355,0.0,0.00322743562230525,0.003533449641104924
0.0010158768045965211,-0.00016075722995580256,0.0,0.0032290039235934776,0.003534983075318153
0.001034004991510413,-0.0001607466279138938,0.0,0.0032305694950667822,0.0035365137913454087
0.0010521331784243053,-0.0001607360346188812,0.0,0.0032321351692794747,0.003538044612164516
0.0010702613653381973,-0.00016072544906667023,0.0,0.0032337009437738247,0.003539575540500496
0.0011367654595220258,-0.0001606866885886243,0.0,0.0032394458985351322,0.00354519275986603
0.0012032695537058543,-0.0001606481425365426,0.0,0.003245192093605526,0.003550811629493128
0.0012697736478896827,-0.00016060987500664004,0.0,0.0032509393900906087,0.0035564323614945275
0.0013231349528440791,-0.00016057901801539112,0.0,0.003255551905478963,0.0035609431945078434
0.0013764962577984758,-0.000160547486892276,0.0,0.0032601658075487906,0.003565453945375092
0.0014298575627528724,-0.00016051533341880525,0.0,0.0032647811700440596,0.0035699645519155746
0.0014485303720082657,-0.00016050415273369332,0.0,0.003266396394055445,0.003571543264778583
0.001467203181263659,-0.00016049315416908925,0.0,0.003268011562709407,0.0035731223857160097
0.0014858759905190524,-0.00016048218354226799,0.0,0.0032696268131243563,0.0035747016642921577
0.0015049433201583106,-0.00016047096832040778,0.0,0.0032712763128526735,0.0035763144041049163
0.0015240106497975685,-0.0001604597494625141,0.0,0.0032729259275566594,0.003577927254567862
0.0015430779794368267,-0.00016044853138613333,0.0,0.003274575653098077,0.0035795402232527466
0.0016779259627024172,-0.00016036928629243545,0.0,0.003286246005784501,0.0035909508935914195
0.0018127739459680076,-0.00016029062931999225,0.0,0.0032979215272299365,0.003602368254106143
0.0018464859417844052,-0.0001602706713144895,0.0,0.0033008414889776627,0.003605223110791518
0.0018801979376008027,-0.00016024987272001087,0.0,0.0033037624512094865,0.003608077105752068
0.0019139099334172002,-0.00016022947610996302,0.0,0.003306683470419079,0.003610932039327102
0.0019476219292335977,-0.00016020982268731413,0.0,0.0033096042180586044,0.0036137884923109214
0.0019666830408604495,-0.0001601985879858466,0.0,0.0033112558990554667,0.0036154035321196427
0.0019857441524873012,-0.00016018719812482625,0.0,0.0033129078348941663,0.003617018435068408
0.002004805264114153,-0.00016017582822066442,0.0,0.003314559867749641,0.0036186334858457347
0.002024559453428518,-0.00016016408239333705,0.0,0.0033162720557816995,0.003620307446016015
0.0020443136427428826,-0.0001601523461418561,0.0,0.003317984357042417,0.003621981547978732
0.0020640678320572475,-0.00016014060795532833,0.0,0.0033196967818682034,0.00362365577322461
0.0021100726023816022,-0.00016011326633541472,0.0,0.0033236852574475262,0.0036275552919825885
0.002156077372705957,-0.00016008592736778765,0.0,0.003327674396057229,0.003631455497530517
0.002202082143030312,-0.00016005857123321696,0.0,0.003331664207348096,0.0036353563695904127
0.0023844304005296328,-0.0001599497536750046,0.0,0.003347485606827601,0.0036508241742682678
0.002430017464904463,-0.00015992239060112336,0.0,0.0033514426509186042,0.003654692652998193
0.0024756045292792933,-0.00015989515765989543,0.0,0.0033554000536580196,0.003658562242895676
0.0025211915936541236,-0.0001598680101133517,0.0,0.0033593581216233605,0.0036624325413865564
0.0026123657224037837,-0.00015981338403885367,0.0,0.0033672766014135546,0.0036701745516270856
0.002703539851153444,-0.0001597584642480505,0.0,0.0033751981006113598,0.0036779186612042837
0.0027947139799031043,-0.00015970348837249487,0.0,0.0033831222671244117,0.0036856654373824934
0.0028858881086527644,-0.00015964849082692538,0.0,0.0033910490335158938,0.0036934149930160547
0.003095410414559075,-0.00015952173625864303,0.0,0.0034092753677681244,0.0037112337682972067
0.0033049327204653853,-0.00015939443743429572,0.0,0.0034275160986587147,0.0037290663897035182
0.0035144550263716957,-0.00015926656222051066,0.0,0.0034457713546089865,0.0037469128272886176
0.003723977332278006,-0.00015913811784589615,0.0,0.0034640411867182933,0.0037647731632425028
0.004174106042381566,-0.00015886019964558086,0.0,0.003503340897439145,0.0038031907912265263
0.004624234752485125,-0.00015857951011772869,0.0,0.003542708843657597,0.0038416733280334553
0.0050743634625886845,-0.00015829592325286915,0.0,0.00358214565778311,0.0038802211849969835
0.005524492172692244,-0.0001580093370718194,0.0,0.0036216519725314985,0.003918834749787528
0.005974620882795804,-0.00015771966097527667,0.0,0.0036612283944119617,0.003957514436987434
0.006669065327240248,-0.00015726642140604123,0.0,0.003722424507844081,0.004017318807151854
0.0073635097716846926,-0.00015680511694084268,0.0,0.0037837908954129525,0.004077282691849022
0.008057954216129136,-0.00015633532313357785,0.0,0.0038453294370725017,0.0041374071624355364
0.008752398660573582,-0.00015585662242474923,0.0,0.003907041858743255,0.004197693157510293
0.009446843105018025,-0.0001553685812279981,0.0,0.003968929741972906,0.004258141460874478
0.01014128754946247,-0.0001548707463260913,0.0,0.00403099451515632,0.004318752679211872
0.010835731993906915,-0.00015436265995094593,0.0,0.00409323743555341,0.004379527245637996
0.01153017643835136,-0.00015384386556431344,0.0,0.004155659582471911,0.004440465420903849
0.012224620882795805,-0.00015331389849332082,0.0,0.00421826185610321,0.004501567279516818
0.012919065327240251,-0.0001527722810635009,0.0,0.004281044969008851,0.004562832697446453
0.013613509771684696,-0.00015221853054620042,0.0,0.004344009432931561,0.004624261349971749
0.014307954216129142,-0.00015165216483593508,0.0,0.0044071555495958795,0.004685852707824263
0.015002398660573587,-0.00015107269646276404,0.0,0.004470483404642124,0.004747606023590654
0.015696843105018034,-0.0001504796274892399,0.0,0.004533992857981638,0.004809520317718665
0.01639128754946248,-0.00014987245623771927,0.0,0.004597683529825183,0.004871594373600629
0.017085731993906925,-0.0001492506847791513,0.0,0.0046615547883221715,0.004933826733880286
0.01778017643835137,-0.00014861381353026125,0.0,0.004725605741361631,0.004996215685623511
0.018474620882795816,-0.00014796133248179814,0.0,0.0047898352267203015,0.0050587592404721425
0.01916906532724026,-0.00014729272707633887,0.0,0.004854241795507673,0.005121455126340109
0.019863509771684707,-0.00014660749220230592,0.0,0.004918823694442774,0.005184300787682922
0.02055795421612915,-0.0001459052309276185,0.0,0.004983578821870748,0.005247293457328837
0.021252398660573595,-0.00014518527376243667,0.0,0.005048504852629963,0.005310429831645747
0.02194684310501804,-0.00014444709263635897,0.0,0.005113599044243743,0.005373706371847199
0.022641287549462485,-0.00014369031189788152,0.0,0.005178858248049575,0.00543711931464747
0.02333573199390693,-0.00014291438598467714,0.0,0.005244279029044309,0.005500664411280217
0.024030176438351376,-0.00014211874528686434,0.0,0.005309857546829862,0.005564337015409121
0.024724620882795822,-0.00014130299037720372,0.0,0.005375589471422265,0.005628132212832145
0.025419065327240267,-0.000140466658576277,0.0,0.005441470107608796,0.005692044621820257
0.026113509771684713,-0.00013960914883621574,0.0,0.005507494368132309,0.005756068324671739
0.026807954216129158,-0.00013873001440833766,0.0,0.005573656593899474,0.005820197082602435
0.027502398660573604,-0.0001378289230977032,0.0,0.005639950621746823,0.005884424268948568
0.02819684310501805,-0.00013690532182464467,0.0,0.005706369922746046,0.005948742584854775
0.028891287549462494,-0.0001359586173515549,0.0,0.005772907399013107,0.006013144207052329
0.02958573199390694,-0.0001349885612517689,0.0,0.005839555220763726,0.006077621059045067
0.030280176438351385,-0.00013399487913633263,0.0,0.005906305106446324,0.0061421644658064675
0.03097462088279583,-0.00013297682540820965,0.0,0.005973148404569719,0.006206764814098714
0.03166906532724027,-0.00013193385108291786,0.0,0.006040075597464182,0.006271412084425043
0.03236350977168472,-0.000130866141991427,0.0,0.006107076233036532,0.00633609618722604
0.033057954216129164,-0.0001297732364651158,0.0,0.006174139755836815,0.006400805818525096
0.03375239866057361,-0.00012865418374880536,0.0,0.006241254969237846,0.006465528726243886
0.034446843105018055,-0.00012750927298771082,0.0,0.0063084090843604865,0.006530253055654931
0.035141287549462503,-0.00012633807433424228,0.0,0.006375589436819804,0.006594965350944099
0.035835731993906945,-0.00012514001094667375,0.0,0.006442782499948392,0.006659651480422852
0.036530176438351394,-0.00012391502634629027,0.0,0.006509973505327491,0.006724297062524308
0.037224620882795836,-0.00012266292466550134,0.0,0.00657714717822848,0.006788886641945896
0.037919065327240285,-0.00012138328384548047,0.0,0.006644287514690983,0.00685340381334584
0.03861350977168473,-0.00012007599264323651,0.0,0.006711377324543957,0.006917831699869898
0.039307954216129176,-0.00011874100479579295,0.0,0.006778398641901126,0.0069821525100284615
0.04000239866057362,-0.00011737799760080367,0.0,0.006845332813460209,0.007046347314940137
0.04069684310501807,-0.00011598681360398373,0.0,0.006912159988288969,0.007110396533305531
0.04139128754946251,-0.00011456757733192462,0.0,0.006978859265026193,0.007174279830428562
0.04208573199390696,-0.00011312015258196836,0.0,0.007045409086493411,0.00723797561782516
0.0427801764383514,-0.00011164428576178064,0.0,0.007111786807985809,0.007301461362884204
0.04347462088279585,-0.00011014018375046707,0.0,0.0071779684166598965,0.0073647139398298495
0.04416906532724029,-0.00010860807380637171,0.0,0.00724392911768737,0.007427709058689032
0.04486350977168474,-0.00010704767125483655,0.0,0.007309643345024709,0.007490421057366838
0.04555795421612918,-0.0001054589811027353,0.0,0.00737508398954257,0.007552823640021902
0.04625239866057363,-0.00010384268349304082,0.0,0.007440222665469096,0.0076148897996125954
0.04694684310501807,-0.00010219888969343284,0.0,0.007505030558691556,0.0076765908636110625
0.04764128754946252,-0.00010052707221441027,0.0,0.007569477728282494,0.007737896898655901
0.048335731993906964,-9.882814037986707e-05,0.0,0.007633532069982589,0.007798777998824777
0.04903017643835141,-9.710248556500687e-05,0.0,0.007697161284378097,0.007859202390592242
0.049724620882795854,-9.535010328404473e-05,0.0,0.0077603319700920706,0.007919137143520397
0.0504190653272403,-9.357147125620767e-05,0.0,0.007823009081577759,0.007978548698388373
0.051113509771684745,-9.176714647212607e-05,0.0,0.007885156667773497,0.008037402233337664
0.051807954216129194,-8.993746089658396e-05,0.0,0.007946737820120385,0.008095661699636823
0.052502398660573636,-8.80829274323148e-05,0.0,0.008007714253229915,0.008153290233659629
0.053196843105018085,-8.620421369785938e-05,0.0,0.008068046620220676,0.008210249908793092
0.05389128754946253,-8.430185089136799e-05,0.0,0.008127694674507559,0.00826650158386076
0.054585731993906976,-8.23764331859228e-05,0.0,0.00818661695070796,0.008322005229474587
0.05528017643835142,-8.042875457376772e-05,0.0,0.008244770868333771,0.008376719923045447
0.05597462088279587,-7.845954229571504e-05,0.0,0.008302113027738676,0.008430603622636425
0.05666906532724031,-7.646947691664809e-05,0.0,0.008358599019869227,0.008483613366798128
0.05736350977168476,-7.445945033138643e-05,0.0,0.0084141833343443,0.008535705460817885
0.0580579542161292,-7.243040457223701e-05,0.0,0.008468819701833679,0.008586835273730092
0.05875239866057365,-7.0383140901794e-05,0.0,0.00852246111978285,0.008636957265765894
0.05944684310501809,-6.831859315036068e-05,0.0,0.008575059611110691,0.008686025305170545
0.06014128754946254,-6.62378992290119e-05,0.0,0.008626566466262671,0.008733992611172494
0.06083573199390698,-6.414205128063413e-05,0.0,0.008676932542684052,0.008780811586937606
0.06153017643835143,-6.20319839086652e-05,0.0,0.008726108021259178,0.00882643412746937
0.06222462088279587,-5.990896591951128e-05,0.0,0.008774042377150088,0.008870811841804152
0.06291906532724031,-5.777416075341138e-05,0.0,0.008820684915242762,0.00891389573817099
0.06361350977168477,-5.562867423067214e-05,0.0,0.008865984598332625,0.008955636507068317
0.06430795421612921,-5.3473756169100014e-05,0.0,0.008909890032786432,0.008995984713982276
0.06500239866057365,-5.131069146271903e-05,0.0,0.00895234975803175,0.009034890747116853
0.0656968431050181,-4.914073487407036e-05,0.0,0.008993312328062166,0.009072304937196457
0.06639128754946255,-4.6965195878755614e-05,0.0,0.009032726335431942,0.009108177739729101
0.067085731993907,-4.4785429005098704e-05,0.0,0.009070540592407944,0.009142459796729393
0.06778017643835144,-4.260278082535991e-05,0.0,0.009106704274320181,0.009175102034549295
0.06847462088279588,-4.0418619749011874e-05,0.0,0.009141166994436544,0.009206055832113553
0.06916906532724033,-3.8234349614617605e-05,0.0,0.009173878953551857,0.009235273138241835
0.06986350977168478,-3.6051372772830146e-05,0.0,0.009204791106150282,0.009262706576997532
0.07055795421612922,-3.38710932651023e-05,0.0,0.009233855272457334,0.00928830960472351
0.07125239866057366,-3.169493657264114e-05,0.0,0.009261024276346674,0.009312036656915827
0.07194684310501812,-2.952432770205067e-05,0.0,0.0092862521177615,0.009333843269942807
0.07264128754946256,-2.7360678102016753e-05,0.0,0.009309494113000086,0.009353686230678275
0.073335731993907,-2.5205402387796067e-05,0.0,0.009330707030271824,0.009371523736296935
0.07403017643835144,-2.3059911375958944e-05,0.0,0.009349849256990986,0.009387315530903302
0.0747246208827959,-2.0925591941890954e-05,0.0,0.009366880956373147,0.009401023049054267
0.07541906532724034,-1.8803814447128963e-05,0.0,0.009381764204462415,0.009412609575984715
0.07611350977168478,-1.6695926414065028e-05,0.0,0.009394463153163155,0.009422040385629266
0.07680795421612922,-1.460326949126669e-05,0.0,0.009404944159894617,0.009429282904208764
0.07750239866057368,-1.2527140975613086e-05,0.0,0.009413175958342653,0.00943430683260062
0.07819684310501812,-1.046879620510828e-05,0.0,0.009419129794903043,0.009437084290385204
0.07889128754946256,-8.429463186997998e-06,0.0,0.0094227795545964,0.009437589962391954
0.079585731993907,-6.410329978300707e-06,0.0,0.009424101900374914,0.009435801225218225
0.08028017643835145,-4.412534995346408e-06,0.0,0.009423076401990355,0.009431698270575222
0.08097462088279589,-2.437169726024503e-06,0.0,0.00941968565087714,0.009425264227133268
0.08166906532724032,-4.852754508978412e-07,0.0,0.009413915371294457,0.009416485271112893
0.08179928476014217,-1.2195703244719607e-07,0.0,0.009412567469912566,0.009414577076136502
0.08181402532566613,-8.088502290993541e-08,0.0,0.009412409592171664,0.009414355851061589
0.08182876589119009,-3.98244341418979e-08,0.0,0.009412250636991045,0.0094141335641494
0.08184350645671407,2.135795000099094e-09,0.0,0.00941209060371853,0.009413910215112875
0.08186762572103623,1.1894936783992218e-07,0.0,0.009411826427384988,0.009413542468927378
0.0818917449853584,2.34768799769155e-07,0.0,0.009411559362834535,0.009413171871621585
0.08191586424968055,3.49102890082907e-07,0.0,0.009411289407807912,0.00941279841422793
0.0819448593676498,4.841470065035104e-07,0.0,0.009410961040678182,0.009412345656994801
0.08197385448561903,6.159413432278213e-07,0.0,0.009410628484125223,0.009411888726426782
0.08200284960358827,7.441437020299886e-07,0.0,0.009410291734157831,0.009411427598244284
0.0820318447215575,8.687170952139526e-07,0.0,0.00940995077887554,0.009410962247758975
0.08207657322432851,1.0540944240347386e-06,0.0,0.009409416533165349,0.009410236055015493
0.08212130172709951,1.231665303001414e-06,0.0,0.00940887219656576,0.009409499685866506
0.08216603022987053,1.4021383852075276e-06,0.0,0.009408317720636059,0.009408753077015886
0.08221075873264154,1.5663052603396144e-06,0.0,0.009407753059659848,0.009407996176853792
0.0822853670622247,1.8281982550593794e-06,0.0,0.009406788416351657,0.009406710639596208
0.08235997539180787,2.0780076955235505e-06,0.0,0.00940579515608792,0.009405396215772955
0.08243458372139102,2.31849183049179e-06,0.0,0.009404773155604547,0.009404052831522233
0.08250919205097419,2.551715460592784e-06,0.0,0.009403722328278704,0.009402680452046834
0.08258380038055736,2.7792295032543843e-06,0.0,0.00940264261479728,0.009401279065892996
0.08267740499969282,3.058518371805384e-06,0.0,0.009401247076481736,0.00939947985478585
0.08277100961882829,3.332655795933146e-06,0.0,0.009399805966026483,0.009397635048543455
0.08286461423796376,3.602995755537222e-06,0.0,0.009398319273782863,0.009395744726003453
0.08295821885709923,3.8704931192083775e-06,0.0,0.009396787012871378,0.009393808982457336
0.0830518234762347,4.135810210044767e-06,0.0,0.009395209213028253,0.009391827921127084
0.08318247693593112,4.503349710327148e-06,0.0,0.009392930853925468,0.009388987182050381
0.08331313039562753,4.868333914859814e-06,0.0,0.009390563992426774,0.009386058654899804
0.08344378385532394,5.231266804704831e-06,0.0,0.009388108786259617,0.009383042631416883
0.08357443731502036,5.592478088285207e-06,0.0,0.009385565403763637,0.009379939394192127
0.08370509077471677,5.952176628684661e-06,0.0,0.009382934019693458,0.009376749214357319
0.08391242262046646,6.520180405702827e-06,0.0,0.009378578129753791,0.009371508948394967
0.08411975446621613,7.084955911177642e-06,0.0,0.009374001804708626,0.009366051368554939
0.08432708631196581,7.646625463863217e-06,0.0,0.009369205765005972,0.00936037738128906
0.0845344181577155,8.205273460510679e-06,0.0,0.009364190721977174,0.009354487831673709
0.08474175000346518,8.760960660148677e-06,0.0,0.009358957376179766,0.009348383513687164
0.08524738696225448,1.0103928004211402e-05,0.0,0.009345283203213038,0.009332600390856585
0.08575302392104378,1.1429721547024756e-05,0.0,0.009330324406845955,0.009315554341296573
0.08625866087983308,1.2738449149842062e-05,0.0,0.009314090624454596,0.009297254965872375
0.08676429783862237,1.4030207491336617e-05,0.0,0.009296591441349237,0.009277711549061906
0.08736341844149254,1.553890043817013e-05,0.0,0.009274232485662306,0.009252957403356037
0.0879625390443627,1.702385439875786e-05,0.0,0.009250127224412567,0.009226485734120824
0.08856165964723285,1.848510538955754e-05,0.0,0.009224292740713236,0.009198312862905025
0.08916078025010302,1.9922556791966022e-05,0.0,0.009196747106646249,0.009168456537615492
0.08975990085297318,2.133615307137205e-05,0.0,0.009167510138290277,0.009136935767436996
0.09045434529741761,2.2944949137685082e-05,0.0,0.00913153257923097,0.009098344405409544
0.09114878974186205,2.452170144792521e-05,0.0,0.009093346649433462,0.009057578712357637
0.0918432341863065,2.6066676211412637e-05,0.0,0.00905298930998015,0.009014676735392666
0.09253767863075092,2.7579578307057767e-05,0.0,0.009010503224076727,0.008969677110172844
0.09323212307519536,2.9061218172059895e-05,0.0,0.008965928094517357,0.008922625701181673
0.09377826215701023,3.0204073551127815e-05,0.0,0.008929438700971423,0.008884208365552095
0.09423067658017957,3.113582472763966e-05,0.0,0.008898274895943631,0.008851458441225592
0.09468309100334892,3.205486578183138e-05,0.0,0.00886627211855066,0.008817888642032071
0.09513550542651826,3.296118414527924e-05,0.0,0.008833445960122968,0.00878351234574655
0.0955879198496876,3.385400517694427e-05,0.0,0.008799817951622265,0.008748339218063138
0.09595888504269197,3.4576304603785075e-05,0.0,0.008771653333163059,0.008718916898851785
0.09632985023569633,3.5290223775475136e-05,0.0,0.008742963915507584,0.008688981130291257
0.09670081542870071,3.599569052472522e-05,0.0,0.00871376021732563,0.008658539336637103
0.09707178062170507,3.669262985356182e-05,0.0,0.008684051612990344,0.008627600126023352
0.09744274581470944,3.738115536929052e-05,0.0,0.008653846791579484,0.008596172916736346
0.09804081934260457,3.84737775335531e-05,0.0,0.00860412899464152,0.008544501515731051
0.0986388928704997,3.9545226896019546e-05,0.0,0.008553185360552234,0.008491625091197424
0.09923696639839485,4.05957994154472e-05,0.0,0.008501056746144419,0.008437583758424743
0.09983503992628999,4.1625880430758994e-05,0.0,0.008447784523876659,0.008382418600993428
0.10043311345418512,4.263590197263842e-05,0.0,0.008393410730646849,0.00832617138130754
0.10112755789862957,4.378407131475485e-05,0.0,0.008328949669837882,0.008259559019091204
0.10182200234307401,4.490643058768847e-05,0.0,0.008263128544069876,0.008191611892972434
0.10251644678751844,4.6003669622094685e-05,0.0,0.008196015674203506,0.008122397730826658
0.10321089123196288,4.707650256572225e-05,0.0,0.008127679712695696,0.008051984811883914
0.1039053356764073,4.812567796435787e-05,0.0,0.00805818971136626,0.00798044153882287
0.10459978012085175,4.915191766207165e-05,0.0,0.007987614453263904,0.007907836622030765
0.10529422456529619,5.015598808242248e-05,0.0,0.007916023151262455,0.007834238178374728
0.10598866900974062,5.113858521678428e-05,0.0,0.007843483615271468,0.007759714862367866
0.10668311345418506,5.210052358987511e-05,0.0,0.007770065144307821,0.007684333203347418
0.10737755789862949,5.304247246708036e-05,0.0,0.007695833445338899,0.007608161369530475
0.10807200234307393,5.396518176005284e-05,0.0,0.007620855228850607,0.00753126521027234
0.10876644678751837,5.486937868376665e-05,0.0,0.007545196894807498,0.00745370902117635
0.1094608912319628,5.575580913409244e-05,0.0,0.007468921995359699,0.007375557273581151
0.11015533567640724,5.662512845114804e-05,0.0,0.007392094562802689,0.007296871699457713
0.11084978012085167,5.7478049457927216e-05,0.0,0.007314773951802682,0.00721771525313786
0.11154422456529611,5.83152517367128e-05,0.0,0.007237021207788786,0.0071381468632777875
0.11223866900974055,5.913735871707291e-05,0.0,0.007158895362348556,0.007058224173154664
0.11293311345418498,5.9945014028264535e-05,0.0,0.007080452709916881,0.006978003942818176
0.11362755789862942,6.073884816762015e-05,0.0,0.00700174804965445,0.006897540898877334
0.11432200234307387,6.151945707808036e-05,0.0,0.006922834491585626,0.006816887805850974
0.1150164467875183,6.228741810059234e-05,0.0,0.0068437632521934156,0.006736095548280682
0.11571089123196274,6.304329498192731e-05,0.0,0.006764583568163492,0.006655213126913836
0.11640533567640717,6.378763237863447e-05,0.0,0.0066853427249155065,0.006574287575676932
0.11709978012085161,6.452099179561138e-05,0.0,0.0066060858902023435,0.006493363908583072
0.11779422456529605,6.524378762853043e-05,0.0,0.006526856426219598,0.006412485113045723
0.11848866900974048,6.595648760870412e-05,0.0,0.006447695803545821,0.006331692330444264
0.11918311345418492,6.665974703594657e-05,0.0,0.006368643468717467,0.006251024714038259
0.11987755789862935,6.73539932733966e-05,0.0,0.006289736830379501,0.0061705192846778925
0.12057200234307379,6.803945257528786e-05,0.0,0.006211011166754984,0.0060902111577164275
0.12126644678751823,6.871667375760893e-05,0.0,0.006132499866783844,0.0060101335540022815
0.12196089123196266,6.938623885786874e-05,0.0,0.006054234661827472,0.005930317712899006
0.1226553356764071,7.004831866172575e-05,0.0,0.005976245398856806,0.00585079307315821
0.12334978012085153,7.070324447754307e-05,0.0,0.005898559998675854,0.005771587286258503
0.12404422456529597,7.135167569005929e-05,0.0,0.005821204624435615,0.005692726173473482
0.12473866900974041,7.199387864849537e-05,0.0,0.005744203734775114,0.005614233844091716
0.12543311345418484,7.263002560467119e-05,0.0,0.005667580181995678,0.0055361327178223355
0.12612755789862928,7.326058238054854e-05,0.0,0.005591355169427842,0.005458443611301924
0.12682200234307373,7.388596147558094e-05,0.0,0.0055155483283621945,0.005381185764052386
0.12751644678751817,7.450644310835633e-05,0.0,0.005440177802683648,0.005304376888893773
0.12821089123196258,7.512232878530558e-05,0.0,0.00536526029057173,0.005228033249753793
0.12890533567640702,7.573395482643821e-05,0.0,0.005290811102924664,0.005152169711678959
0.12959978012085147,7.634164689849244e-05,0.0,0.005216844216212348,0.005076799795430782
0.1302942245652959,7.694571336747016e-05,0.0,0.005143372332852226,0.005001935730955079
0.13098866900974035,7.754645494723477e-05,0.0,0.005070406932512651,0.004927588520916456
0.13168311345418476,7.814417361907296e-05,0.0,0.004997958334866906,0.004853767991400666
0.1323775578986292,7.873917394429716e-05,0.0,0.004926035748786581,0.004780482852023541
0.13307200234307365,7.933175563762322e-05,0.0,0.004854647332679851,0.004707740742774336
0.1337664467875181,7.992221025263424e-05,0.0,0.004783800234293153,0.0046355482968927
0.13446089123196253,8.051082806052163e-05,0.0,0.004713500656516024,0.004563911178084488
0.13515533567640695,8.109790162776915e-05,0.0,0.00464375388689201,0.004492834150224659
0.1358497801208514,8.168372151294555e-05,0.0,0.004574564378492444,0.004422321096044497
0.13654422456529583,8.226857264263995e-05,0.0,0.0045059357450536975,0.0043523751114161995
0.13723866900974027,8.285273898131436e-05,0.0,0.004437870885964628,0.0042829984740853245
0.1379331134541847,8.343650470806095e-05,0.0,0.004370371893348465,0.0042141928155091345
0.13862755789862913,8.402015411577666e-05,0.0,0.004303440329585282,0.004145958940004017
0.13932200234307357,8.460396492683752e-05,0.0,0.004237076925013439,0.004078297195117889
0.140016446787518,8.518821762858108e-05,0.0,0.004171281926528965,0.0040112072043845155
0.14071089123196245,8.577318976966792e-05,0.0,0.004106055014768548,0.003944688011378416
0.1414053356764069,8.635915665568288e-05,0.0,0.004041395315010341,0.0038787381534241753
0.1420997801208513,8.694639246849056e-05,0.0,0.003977301440279155,0.0038133556896804473
0.14279422456529575,8.753516995723867e-05,0.0,0.003913771562741243,0.00374853818848708
0.1434886690097402,8.812575966160741e-05,0.0,0.003850803408566154,0.0036842827827130386
0.14418311345418464,8.871843026897861e-05,0.0,0.0037883942995279403,0.00362058618886134
0.14487755789862908,8.931344813157322e-05,0.0,0.003726541157053892,0.0035574447594100404
0.14557200234307352,8.991107765615274e-05,0.0,0.0036652405733845162,0.003494854470248412
0.14626644678751793,9.051158065859764e-05,0.0,0.003604488779183517,0.003432810992842091
0.14696089123196238,9.111521693391259e-05,0.0,0.003544281743696323,0.0033713096483429213
0.14765533567640682,9.172224286462267e-05,0.0,0.003484615064433194,0.0033103455428117497
0.14834978012085126,9.233291309783715e-05,0.0,0.0034254842118804753,0.003249913398230207
0.1490442245652957,9.294747776469219e-05,0.0,0.0033668841556709003,0.003190007904226584
0.14973866900974012,9.356618673931316e-05,0.0,0.003308810122038412,0.003130623121194322
0.15043311345418456,9.4189282358173e-05,0.0,0.0032512564938481877,0.0030717534386803186
0.151127557898629,9.481700971434634e-05,0.0,0.0031942177853608884,0.003013392743562689
0.15182200234307344,9.54495990703451e-05,0.0,0.003137688353475526,0.0029555347962922232
0.15251644678751788,9.608730121525972e-05,0.0,0.003081662545128239,0.0028981729100601527
0.1532108912319623,9.673033100557834e-05,0.0,0.0030261339724878644,0.0028413008044610825
0.15390533567640674,9.7378918338357e-05,0.0,0.0029710967343707195,0.002784911630492175
0.15459978012085118,9.803329072629142e-05,0.0,0.002916544523041092,0.002728998622505206
0.15529422456529562,9.869366682921859e-05,0.0,0.0028624709557812855,0.0026735548121821695
0.15598866900974007,9.936025977116231e-05,0.0,0.0028088694452683446,0.0026185731819686245
0.15668311345418448,0.00010003328033550845,0.0,0.002755733416737219,0.0025640465492867445
0.15737755789862892,0.00010071293533123103,0.0,0.002703056119544267,0.0025099677250077683
0.15807200234307336,0.0001013994267292857,0.0,0.0026508308398189113,0.0024563293645069833
0.1587664467875178,0.00010209295215314029,0.0,0.0025990506224623207,0.002403124161984017
0.15946089123196225,0.00010279370410221812,0.0,0.0025477086787382835,0.002350344594113569
0.1601553356764067,0.00010350187202567604,0.0,0.0024967977717479414,0.00229798332359863
0.16084978012085113,0.00010421763759241836,0.0,0.002446311293041559,0.002246032558785506
0.16154422456529557,0.0001049411844887848,0.0,0.002396241288043036,0.0021944852128878453
0.16223866900974002,0.00010567268120513467,0.0,0.0023465815251662086,0.0021433330542663157
0.16293311345418443,0.00010641229875145893,0.0,0.0022973242857734976,0.0020925689555579335
0.16362755789862887,0.00010716020262076841,0.0,0.0022484638769513215,0.002042184392974569
0.16432200234307331,0.00010791655616620469,0.0,0.002199990893025073,0.00199217305251211
0.16501644678751776,0.00010868152285948201,0.0,0.0021518976010583557,0.0019425267784939791
0.1657108912319622,0.0001094552116708034,0.0,0.0021041805261041383,0.0018932364583042608
0.1664053356764066,0.00011023783032031987,0.0,0.002056827981446504,0.001844296571161622
0.16709978012085105,0.00011102948404036612,0.0,0.0020098345996739206,0.001795697745042826
0.1677942245652955,0.00011183029478542925,0.0,0.0019631932365061283,0.0017474327027766203
0.16848866900973994,0.00011264041890152468,0.0,0.0019168967893907034,0.0016994937892309263
0.16918311345418438,0.0001134599820402911,0.0,0.0018709371648271715,0.0016518734935636271
0.1698775578986288,0.00011428909519250296,0.0,0.0018253075606651926,0.0016045636294496003
0.17057200234307324,0.00011512788086176956,0.0,0.001779999548831384,0.0015575569179005553
0.17126644678751768,0.00011597644084890381,0.0,0.0017350079071310168,0.001510844830987089
0.17196089123196212,0.00011683491055270709,0.0,0.001690321130383756,0.0014644212867334883
0.17265533567640656,0.0001177033529826054,0.0,0.001645936675666138,0.0014182763039672435
0.17334978012085098,0.00011858187330083414,0.0,0.0016018475123071737,0.0013724033732741264
0.17404422456529542,0.00011947061507923325,0.0,0.0015580415820203013,0.001326796010342308
0.17473866900973986,0.00012036961785711111,0.0,0.0015145139901736745,0.001281444567736441
0.1754331134541843,0.00012127896543899024,0.0,0.0014712565286010154,0.0012363423221636804
0.17612755789862874,0.0001221987520545224,0.0,0.0014282632757704544,0.001191481480000248
0.17682200234307316,0.00012312904828578776,0.0,0.0013855284971659102,0.001146854238632599
0.1775164467875176,0.0001240699479913223,0.0,0.0013430402740898368,0.0011024540643715882
0.17821089123196204,0.0001250214751013742,0.0,0.0013007955075672352,0.0010582716496090507
0.17890533567640649,0.00012598371434141542,0.0,0.0012587852863090142,0.0010143007621890023
0.17959978012085093,0.00012695673422674205,0.0,0.0012170024686842887,0.0009705335051432096
0.18029422456529534,0.0001279405741464497,0.0,0.0011754390994576387,0.0009269624410136308
0.18098866900973978,0.0001289352788583526,0.0,0.0011340895721794891,0.0008835796725091207
0.18168311345418423,0.0001299409097006675,0.0,0.0010929443459756934,0.0008403784847143663
0.18237755789862867,0.00013095749020855405,0.0,0.001051999152893635,0.0007973505383992233
0.1830720023430731,0.00013198506461775206,0.0,0.0010112463831003125,0.0007544890380524203
0.18376644678751752,0.00013302368192228618,0.0,0.0009706766380366132,0.000711786683616995
0.18446089123196197,0.0001340733469815073,0.0,0.0009302833013586821,0.0006692357817839114
0.1851553356764064,0.00013513408588781633,0.0,0.0008900616146248848,0.0006268288737711176
0.18584978012085085,0.00013620593734736553,0.0,0.0008500026705204172,0.0005845591424919491
0.1865442245652953,0.00013728890422098753,0.0,0.0008101010513701209,0.0005424187424571851
0.18723866900973973,0.00013838301112166693,0.0,0.0007703467054990425,0.000500401020938712
0.18793311345418415,0.0001394882548434605,0.0,0.0007307348133446246,0.00045849809346099366
0.1886275578986286,0.00014060464723367173,0.0,0.0006912578171729908,0.00041670319684764147
0.18932200234307303,0.00014173218973621073,0.0,0.000651910172590559,0.00037500883387629925
0.19001644678751747,0.00014287088725633586,0.0,0.0006126819113766843,0.00033340836100626133
0.19071089123196192,0.0001440207194051913,0.0,0.0005735691097076986,0.00029189387860953066
0.19140533567640633,0.00014518168547708,0.0,0.0005345643295157494,0.0002504588227611024
0.19209978012085077,0.00014635378212870037,0.0,0.000495659323678677,0.0002090960485918224
0.1927942245652952,0.00014753697425976548,0.0,0.0004568482631422794,0.00016779839858170384
0.19348866900973966,0.00014873126387487443,0.0,0.0004181212937582011,0.0001265590557387551
0.1941831134541841,0.00014993659255463503,0.0,0.00037947862129107435,8.537018417271894e-05
0.1948775578986285,0.00015115297285210743,0.0,0.0003409072015513061,4.422617274431024e-05
0.19557200234307295,0.0001523803568848386,0.0,0.0003024022472091284,3.1189954836190065e-06
0.1955726125294528,0.00015238143089484272,0.0,0.000302368794845821,3.0829042336807466e-06
0.19557383290221242,0.00015238356094776236,0.0,0.000302302496787394,3.0107835575890974e-06
0.19557505327497207,0.00015238569177412493,0.0,0.00030223610422418077,2.938692694625792e-06
0.19558643710430995,0.00015240591644437375,0.0,0.0003016031583017033,2.265850016029182e-06
0.19559782093364783,0.0001524261445072563,0.0,0.00030097134213937464,1.5925875739080768e-06
0.19560920476298574,0.00015244637832765825,0.0,0.0003003410477867005,9.187450027099787e-07
0.19561759373754398,0.00015246128931756535,0.0,0.00029987664437880555,4.2216693777531507e-07
0.19562598271210221,0.00015247638199138847,0.0,0.0002994140974623018,0.0
0.19563437168666048,0.0001524928581138775,0.0,0.00029896725104251504,0.0
0.19564275131346126,0.0001525115805953913,0.0,0.00029854429707041203,0.0
0.19565113094026204,0.0001525323035577007,0.0,0.00029813553869971856,0.0
0.19565951056706282,0.00015255478679348974,0.0,0.00029773336800443834,0.0
0.19566827938854173,0.00015257997175264332,0.0,0.0002973162238750956,0.0
0.19567704821002066,0.00015260664667730907,0.0,0.0002969013927647373,0.0
0.1956858170314996,0.0001526346263678184,0.0,0.0002964878739645182,0.0
0.1956941014695457,0.00015266211313360437,0.0,0.0002960978217468626,0.0
0.19570238590759176,0.00015269049754587424,0.0,0.0002957080583072357,0.0
0.19571067034563785,0.00015271967242647756,0.0,0.0002953184176088613,0.0
0.19571747706710732,0.00015274416939525568,0.0,0.00029499829555025526,0.0
0.19572428378857676,0.00015276908814807497,0.0,0.00029467814803965344,0.0
0.19573109051004622,0.00015279438618230569,0.0,0.0002943579536993422,0.0
0.1957415286860406,0.00015283382552477018,0.0,0.0002938668090606406,0.0
0.19575196686203497,0.00015287394641412273,0.0,0.00029337548694657433,0.0
0.19576240503802936,0.0001529146431248938,0.0,0.0002928839708982231,0.0
0.19579178432204997,0.000153031486002827,0.0,0.00029149927767920447,0.0
0.1958211636060706,0.00015315079370579934,0.0,0.00029011213043063957,0.0
0.19582850842707575,0.0001531808768732681,0.0,0.0002897654005471316,0.0
0.1958358532480809,0.00015321102305339567,0.0,0.00028941900941851313,0.0
0.19584319806908604,0.00015324123248905641,0.0,0.00028907237507067273,0.0
0.19585788771109633,0.00015330179534152975,0.0,0.0002883785244622427,0.0
0.19587257735310662,0.00015336251432937617,0.0,0.00028768405227362024,0.0
0.1958872669951169,0.00015342334465693849,0.0,0.0002869891122438642,0.0
0.19593113939791845,0.00015360539023826736,0.0,0.0002849111422687907,0.0
0.19597501180071997,0.00015378746609940848,0.0,0.0002828301504002271,0.0
0.1960188842035215,0.00015396916109795415,0.0,0.0002807463077140781,0.0
0.19606275660632302,0.00015415035073574715,0.0,0.00027865951175686746,0.0
0.1961499812533533,0.0001545091712709919,0.0,0.0002745022885186712,0.0
0.1962372059003836,0.00015486618519272113,0.0,0.00027033472039433615,0.0
0.1963244305474139,0.00015522172559687085,0.0,0.00026615768918734125,0.0
0.19641165519444417,0.00015557614249057946,0.0,0.0002619719099622191,0.0
0.19656372931613625,0.0001561921680218988,0.0,0.0002546550901072243,0.0
0.19671580343782835,0.00015680674457759742,0.0,0.00024731686942851424,0.0
0.19673583551381343,0.0001568876336848708,0.0,0.00024634872351709207,0.0
0.19675586758979852,0.0001569685093538505,0.0,0.0002453802894490989,0.0
0.19677589966578363,0.00015704937337463233,0.0,0.0002444115504246005,0.0
0.19678391249617766,0.0001570817164361931,0.0,0.00024402395555824842,0.0
0.19679192532657167,0.00015711405800367996,0.0,0.00024363631439830086,0.0
0.1967999381569657,0.00015714639815047937,0.0,0.00024324862760105836,0.0
0.19680636540166968,0.0001571723378510955,0.0,0.00024293762277772802,0.0
0.19681279264637366,0.00015719827674244766,0.0,0.0002426265881629449,0.0
0.19681474349368136,0.00015720605509519329,0.0,0.00024253563063459575,0.0
0.19681528689934571,0.000157210019001189,1.4521595060173353e-07,0.00024251421114817386,0.0
0.1968158303050101,0.0001572171653555815,4.0594314876047706e-07,0.00024250110289845072,0.0
0.19681684371952693,0.00015723584706813895,8.77681564741967e-07,0.00024248972685894107,0.0
0.1968178571340438,0.00015726479282691065,1.3210855176653247e-06,0.00024250382724962276,0.0
0.19681887054856062,0.000157303218544484,1.7391857266493421e-06,0.00024254006150885058,0.0
0.19682188512611704,0.00015746758627287273,2.855747973233102e-06,0.00024275416774116194,0.0
0.19682489970367345,0.00015769434152480686,3.828091962063786e-06,0.00024307735548929186,0.0
0.19682791428122987,0.0001579725529001097,4.693648725964576e-06,0.0002434699256329352,0.0
0.19683092885878628,0.0001582938261608005,5.4789037635913835e-06,0.00024390463389054121,0.0
0.19683541285651365,0.00015883733550809982,6.539034249257152e-06,0.0002445888394742282,0.0
0.19683989685424103,0.00015944461876752315,7.507952475750437e-06,0.00024528268775702634,0.0
0.1968443808519684,0.0001601038687542784,8.40990721899005e-06,0.0002459666368911546,0.0
0.19684886484969577,0.0001608058119959329,9.260749908969367e-06,0.00024663000151716656,0.0
0.19685353699290298,0.00016157390870718627,1.0105332826234113e-05,0.00024729293342672874,0.0
0.19685820913611016,0.00016237345058052135,1.091361203328673e-05,0.0002479256510399435,0.0
0.19686288127931736,0.00016319854453293866,1.1691379532134926e-05,0.00024852775013822255,0.0
0.1968681255476782,0.00016414888687931833,1.253306338205935e-05,0.0002491683863779768,0.0
0.19687336981603903,0.00016511929503596577,1.3345241339632686e-05,0.0002497742854234856,0.0
0.19687861408439988,0.0001661047002795187,1.4130973322771785e-05,0.0002503482177825126,0.0
0.19689269367543244,0.00016879556809112152,1.6126441386039922e-05,0.0002517491464648881,0.0
0.19690677326646502,0.0001714967989296493,1.7988535581391646e-05,0.0002529828022888608,0.0
0.1969208528574976,0.00017416877069479638,1.9735678864300254e-05,0.0002540891091287773,0.0
0.19692437275525576,0.00017482884930833975,2.015629822918989e-05,0.0002543494061903464,0.0
0.19692789265301391,0.00017548450152142677,2.0573374495641882e-05,0.00025460111330524217,0.0
0.19693141255077204,0.0001761359256512589,2.098491041426727e-05,0.000254847093176532,0.0
0.1969349324485302,0.0001767828653025005,2.1391104445240504e-05,0.0002550876413734279,0.0
0.19693952226984207,0.00017761919882525068,2.1913612994657254e-05,0.00025539302400101767,0.0
0.19694411209115395,0.0001784470074396841,2.2428219572364325e-05,0.00025568961079688667,0.0
0.19694870191246583,0.00017926593833870438,2.293524643763766e-05,0.000255977941366755,0.0
0.1969528170481995,0.00017999237723217588,2.3383691198288214e-05,0.00025622976206646225,0.0
0.1969569321839332,0.00018071125398557344,2.382657614722688e-05,0.0002564755552508417,0.0
0.19696104731966688,0.00018142242639246776,2.426410887120055e-05,0.00025671559167675644,0.0
0.19698574718908599,0.00018552530422610603,2.6786967505944908e-05,0.0002580473153475602,0.0
0.1970104470585051,0.00018933846247788576,2.9156660831415566e-05,0.00025922367389496397,0.0
0.19701662202585987,0.00019024739831551474,2.972842130439148e-05,0.000259496391573759,0.0
0.19702279699321465,0.0001911394523141167,3.0293022759988003e-05,0.0002597600946927938,0.0
0.19702897196056943,0.0001920146129327608,3.084970226116295e-05,0.0002600169108330289,0.0
0.1970351469279242,0.00019287324915913924,3.139863080354829e-05,0.0002602671674733894,0.0
0.19703989546633563,0.00019352241738700038,3.1816098191295415e-05,0.00026045479893424534,0.0
0.19704464400474705,0.0001941620755136839,3.222958688696501e-05,0.0002606384024087894,0.0
0.19704939254315848,0.0001947923958617481,3.2639099827566065e-05,0.00026081819724445976,0.0
0.19705735524249887,0.00019582886707717416,3.331718205396833e-05,0.0002611114186031284,0.0
0.1970653179418393,0.00019684023723625947,3.398485770366943e-05,0.000261394565247175,0.0
0.1970732806411797,0.00019782724368092846,3.46425598246652e-05,0.00026166801668689644,0.0
0.197107735080947,0.00020183414875748237,3.738221478947455e-05,0.0002627471651670843,0.0
0.19711634869088882,0.0002027739653497389,3.804220433381653e-05,0.00026299330072638633,0.0
0.19712496230083065,0.00020369092420195468,3.86921696865426e-05,0.0002632314170699226,0.0
0.1971335759107725,0.0002045856425701061,3.9333505172877194e-05,0.0002634607059619621,0.0
0.19714218952071433,0.0002054588530456111,3.9967027478562786e-05,0.00026368092544029115,0.0
0.19714681921171123,0.00020591968704455286,4.030402440700445e-05,0.0002637961141827894,0.0
0.1971514489027081,0.00020637475079358545,4.063851166527243e-05,0.0002639092682900191,0.0
0.19715607859370501,0.0002068241254915002,4.097072231336714e-05,0.0002640202165564489,0.0
0.19716021338214038,0.00020722074450919476,4.126555500083228e-05,0.00026411744853004727,0.0
0.1971643481705757,0.00020761300480963136,4.155863936376878e-05,0.0002642129864785129,0.0
0.19716848295901107,0.00020800099079270422,4.1849997022580285e-05,0.00026430687098723764,0.0
0.19719362538750979,0.00021027416371976657,4.3586565499544875e-05,0.000264844412902423,0.0
0.1972187678160085,0.0002124093028284183,4.526571600318241e-05,0.0002653289260748306,0.0
0.19722505342313315,0.00021292301421395833,4.567753304179496e-05,0.00026544185602483066,0.0
0.19723133903025783,0.0002134292096590648,4.608676269096514e-05,0.00026555127704766995,0.0
0.1972376246373825,0.0002139282513620322,4.649281753501389e-05,0.00026565803098460057,0.0
0.19725019585163184,0.00021490603059969656,4.729584475608724e-05,0.0002658639263203307,0.0
0.19726276706588117,0.00021585772090300205,4.808755842518658e-05,0.00026605958199938106,0.0
0.1972753382801305,0.00021678473749959257,4.8868736389835015e-05,0.0002662452390581023,0.0
0.19730233233964808,0.00021869787712167082,5.0512831306859295e-05,0.00026661212852779534,0.0
0.19732932639916567,0.00022051655860108339,5.211581828291824e-05,0.00026693943063246935,0.0
0.19735632045868323,0.00022225373307157136,5.368244295939584e-05,0.000267231853993001,0.0
0.19738331451820082,0.00022392019102820282,5.5216683356152604e-05,0.000267493387164158,0.0
0.19741890513091925,0.0002260245192725591,5.7195910135049476e-05,0.00026779654629807085,0.0
0.19745449574363766,0.00022804037795945214,5.913222072033419e-05,0.00026805861415124164,0.0
0.1974900863563561,0.0002299836391107724,6.103190605426883e-05,0.000268285551625243,0.0
0.19752567696907453,0.0002318677051974798,6.290037302778056e-05,0.00026848250867319217,0.0
0.1975742142600097,0.00023436203580625402,6.540657130902006e-05,0.0002687107901833445,0.0
0.19762275155094491,0.00023679122762143082,6.787351716128784e-05,0.00026890115153003477,0.0
0.19767128884188012,0.00023917301015008116,7.030896353171533e-05,0.0002690611690392072,0.0
0.19771982613281533,0.00024152131874788642,7.271940545779422e-05,0.0002691968899737893,0.0
0.19776836342375054,0.0002438475041721285,7.511009998306949e-05,0.000269313628768067,0.0
0.19783763764904916,0.00024714649834203507,7.849693898119576e-05,0.00026945532455100325,0.0
0.19790691187434775,0.00025043707940608663,8.186278182905019e-05,0.000269576267781017,0.0
0.19797618609964637,0.00025373130735195464,8.521487697150532e-05,0.0002696834713039856,0.0
0.198045460324945,0.0002570367106645766,8.855855709456632e-05,0.00026978198793661,0.0
0.19811473455024362,0.0002603578408831764,9.189771943059358e-05,0.00026987555821256595,0.0
0.1982073334661672,0.00026482606534671146,9.635903361419105e-05,0.00026999762993311344,0.0
0.1982999323820908,0.0002693287428914316,0.00010082196189646239,0.00027012013763092423,0.0
0.19839253129801435,0.00027386491903786303,0.00010528934446337235,0.00027024577138460074,0.0
0.19848513021393793,0.0002784323053025609,0.0001097628938360933,0.0002703761765914104,0.0
0.19857772912986152,0.00028302805930316584,0.00011424361822023555,0.00027051229004238024,0.0
0.19869219887977865,0.00028874400241639235,0.00011979331142580185,0.0002706890944558835,0.0
0.19880666862969576,0.0002944930603193639,0.0001253549983730115,0.0002708754876595233,0.0
0.1989211383796129,0.0003002703456403012,0.0001309286379232728,0.0002710713032980982,0.0
0.19903560812953003,0.00030607181030328995,0.0001365139967044651,0.0002712762633759195,0.0
0.19915007787944716,0.0003118939664035407,0.00014211075457104595,0.0002714898256231193,0.0
0.1992645476293643,0.0003177338712113728,0.00014771827743855618,0.00027171158459008077,0.0
0.19945354896204337,0.0003274089044086334,0.00015699949341057857,0.0002720938955955472,0.0
0.19964255029472244,0.00033711833050890314,0.0001663071250839674,0.00027249468130257287,0.0
0.19983155162740152,0.00034685711872449427,0.00017563973981857357,0.00027291210385196483,0.0
0.2000205529600806,0.0003566217407274901,0.0001849960419706731,0.0002733445240184378,0.0
0.20020955429275966,0.0003664095571892551,0.00019437479486188454,0.0002737904170137369,0.0
0.20039855562543873,0.00037621870487912967,0.00020377490854873927,0.00027424846171823916,0.0
0.2006918337039919,0.0003914792275678888,0.00021840157274482462,0.0002749806627598374,0.0
0.20098511178254508,0.0004067849700792999,0.00023307491683574255,0.00027573589834695855,0.0
0.20127838986109828,0.0004221334010283002,0.0002477926436228423,0.0002765111670019329,0.0
0.20157166793965145,0.00043752243685774353,0.00026255270850644247,0.00027730382638896655,0.0
0.20186494601820462,0.00045295063890836375,0.0002773534261804877,0.00027811169534172907,0.0
0.2021582240967578,0.0004684170443819577,0.0002921934763567111,0.00027893302772201775,0.0
0.20253203216001212,0.00048818421172619486,0.0003111636161697446,0.00027999708764376267,0.0
0.2029058402232664,0.0005080103499030407,0.0003301938970537027,0.00028107813442607973,0.0
0.20327964828652073,0.0005278938775127876,0.0003492825958105816,0.0002821741928800622,0.0
0.20365345634977502,0.0005478338001452885,0.0003684284995018068,0.0002832834467482815,0.0
0.20402726441302932,0.0005678290681408794,0.00038763005784037266,0.00028440537543790873,0.0
0.20440107247628364,0.0005878794510951279,0.000406887815884909,0.00028553686943413365,0.0
0.20483775962803769,0.0006113709000380212,0.00042945220264086484,0.0002868743622867713,0.0
0.20527444677979173,0.0006349353071655867,0.0004520902979929688,0.0002882246798089391,0.0
0.20571113393154578,0.0006585720577978152,0.00047480078913496917,0.0002895875708693649,0.0
0.20614782108329982,0.0006822803423861268,0.0004975824490296615,0.00029096329394865837,0.0
0.20658450823505387,0.0007060594704018282,0.000520434970950066,0.0002923511146955327,0.0
0.20717117644553493,0.0007381161764613484,0.0005512464861429349,0.00029423438110866263,0.0
0.20775784465601596,0.0007702984532582686,0.0005821829980853529,0.00029613891347110555,0.0
0.20834451286649702,0.0008026049925299854,0.0006132431624794351,0.00029806434352906854,0.0
0.20893118107697806,0.0008350346299840827,0.0006444258006620539,0.00030001020445424425,0.0
0.20951784928745912,0.0008675863271724811,0.0006757297647433592,0.00030197605803106603,0.0
0.21021229373190356,0.0009062745313526422,0.000712940071553702,0.00030432802004926404,0.0
0.21090673817634797,0.0009451311547555023,0.0007503174934471119,0.00030670615883055603,0.0
0.21160118262079242,0.000984155145274662,0.0007878611358372731,0.0003091088765077962,0.0
0.21229562706523686,0.001023345939202621,0.000825570127397133,0.00031153480678813145,0.0
0.2129900715096813,0.0010627031630680945,0.000863444413530913,0.00031398187468604236,0.0
0.21368451595412574,0.0011022271255548468,0.0009014838480621588,0.0003164485312964574,0.0
0.21437896039857016,0.0011419182462853495,0.0009396892403539649,0.0003189325067341627,0.0
0.2150734048430146,0.0011817777260642837,0.0009780617764685202,0.0003214315535697143,0.0
0.21576784928745904,0.0012218066337241478,0.0010166025162748828,0.00032394409050523726,0.0
0.21646229373190348,0.0012620072645402678,0.0010553123058838862,0.0003264689606563519,0.0
0.21715673817634792,0.0013023808089249768,0.00109419564043757,0.00032900220559667456,0.0
0.21785118262079237,0.001342931321209299,0.0011332553760844142,0.00033154065234536134,0.0
0.21854562706523678,0.0013836602679869934,0.0011724906771653095,0.0003340877282029911,0.0
0.21924007150968122,0.001424571784192082,0.001211902117928035,0.0003366430778700901,0.0
0.21937208427770444,0.0014323681990383726,0.0012194206937345693,0.0003371233448759347,0.0
0.21950409704572763,0.0014401724060495267,0.0012269430737616204,0.00033760690108211225,0.0
0.21963610981375084,0.0014479841536123713,0.0012344699321474356,0.0003380926784580066,0.0
0.21976812258177403,0.0014558023832615895,0.001242004139199359,0.0003385777094330843,0.0
0.21990013534979724,0.0014636272182528283,0.001249545305402803,0.000339062550687601,0.0
0.22006930308437847,0.0014736643176812081,0.0012592185851376626,0.00033968417306063747,0.0
0.22023847081895973,0.0014837126980674128,0.0012689029969839868,0.0003403059121750985,0.0
0.22040763855354095,0.0014937723622126247,0.001278598802108289,0.0003409275145245964,0.0
0.2205768062881222,0.0015038433616603984,0.0012883059880980181,0.00034154902504644443,0.0
0.2209248978138243,0.0015246019996721263,0.001308316026365186,0.0003428277086977573,0.0
0.2212729893395264,0.0015454093123995235,0.0013283748739675498,0.0003441058643598842,0.0
0.2216210808652285,0.0015662658024445403,0.0013484831900982472,0.00034538319200958314,0.0
0.2219691723909306,0.0015871719789213863,0.0013686413139882257,0.00034665973129250575,0.0
0.2225453017931401,0.001621884401899689,0.0014021157623480586,0.00034877065811588247,0.0
0.2231214311953496,0.0016567365317922643,0.0014357310812041888,0.00035087770233887774,0.0
0.2236975605975591,0.0016917302622504165,0.0014694889960127331,0.00035298077716919144,0.0
0.2242736899997686,0.0017268679008470445,0.0015033920018623138,0.00035507913489836213,0.0
0.2248498194019781,0.001762151819244402,0.0015374434845358428,0.000357171314324628,0.0
0.22554426384642254,0.001804879507473931,0.0015786876649769843,0.00035968528335878364,0.0
0.22623870829086698,0.0018478266285812599,0.0016201550500327471,0.00036218891971537953,0.0
0.2269331527353114,0.0018909975524639443,0.0016618488927909103,0.00036468229627499,0.0
0.22762759717975584,0.0019343946824847407,0.0017037749189416707,0.00036716292853934945,0.0
0.22832204162420028,0.001978024061686139,0.0017459351611087246,0.00036963158780585725,0.0
0.22901648606864472,0.002021884543534169,0.0017883373900829157,0.0003720851460100498,0.0
0.22971093051308916,0.002065984764382543,0.0018309811421795017,0.00037452490586036696,0.0
0.2304053749575336,0.002110327332588493,0.0018738716161782523,0.00037694911316049406,0.0
0.23109981940197802,0.002154912220787914,0.0019170144502091608,0.00037935641480446337,0.0
0.23179426384642246,0.002199744097986429,0.001960410707444177,0.0003817471826626974,0.0
0.2324887082908669,0.002244821991419028,0.0020040667325413645,0.00038411999891598204,0.0
0.23318315273531134,0.002290154844553032,0.00204798315442529,0.0003864720884434764,0.0
0.2338775971797558,0.0023357443227844735,0.0020921623886444823,0.00038880454780420497,0.0
0.2345720416242002,0.002381588361128689,0.002136608596554039,0.00039111780392496166,0.0
0.23526648606864464,0.00242769135027316,0.0021813241432662588,0.00039340947388482163,0.0
0.23596093051308908,0.0024740521948206744,0.0022263159573240217,0.0003956756173562248,0.0
0.23665537495753353,0.00252067669304838,0.002271580001763463,0.0003979198594120294,0.0
0.23734981940197797,0.0025675648334775175,0.002317119992946442,0.00040013993606866636,0.0
0.23804426384642238,0.002614717212501115,0.002362938880555836,0.00040233424426757997,0.0
0.23873870829086682,0.002662135117149185,0.002409037647289609,0.00040450263747362667,0.0
0.23943315273531127,0.002709819218723013,0.0024554178563202882,0.0004066439295108812,0.0
0.2401275971797557,0.002757769908339665,0.0025020814229375936,0.00040875640301643747,0.0
0.24082204162420015,0.0028059875939944225,0.002549029079193542,0.0004108394837915697,0.0
0.24151648606864456,0.0028544723225481195,0.00259626102295715,0.0004128928124347921,0.0
0.242210930513089,0.002903223693729511,0.002643778282920608,0.0004149147817562872,0.0
0.24290537495753345,0.0029522412740005583,0.0026915818517716634,0.00041690367102712334,0.0
0.2435998194019779,0.0030015246012623197,0.002739671220140843,0.00041885919088073233,0.0
0.24429426384642233,0.0030510726902402484,0.0027880454405915544,0.00042078110292765263,0.0
0.24498870829086675,0.003100884013266149,0.002836704971199187,0.00042266727459065967,0.0
0.2456831527353112,0.0031509571292194483,0.0028856503780431424,0.00042451535808553663,0.0
0.24637759717975563,0.003201290768040995,0.0029348796798240365,0.0004263256096320072,0.0
0.24707204162420007,0.003251882966688211,0.002984389782253536,0.0004280989439296328,0.0
0.24776648606864451,0.003302730767228548,0.0030341806089801697,0.0004298324711601583,0.0
0.24846093051308893,0.0033538314152454373,0.003084253877045313,0.00043152139066086106,0.0
0.24915537495753337,0.00340518314014316,0.0031346063998284788,0.00043316635962370036,0.0
0.2498498194019778,0.0034567835462470777,0.0031852300214002087,0.0004347727425659319,0.0
0.25054426384642225,0.003508626613699634,0.003236127382241027,0.0004363327068629283,0.0
0.2512387082908667,0.003560710237330329,0.00328729570457903,0.00043784551973896743,0.0
0.25193315273531114,0.003613030943290196,0.0033387305153141514,0.0004393120067988946,0.0
0.2526275971797556,0.003665583707210902,0.0033904289772117803,0.00044072997657945354,0.0
0.2533220416242,0.0037183638762801705,0.0034423879299963927,0.0004420975315238299,0.0
0.2540164860686444,0.003771366963585502,0.0034946028648265856,0.00044341419392107006,0.0
0.25471093051308885,0.0038245877383368807,0.0035470693025585107,0.00044467895020987536,0.0
0.2554053749575333,0.003878020518109538,0.0035997831249824515,0.00044588996331715715,0.0
0.25609981940197774,0.003931659600359198,0.0036527395296950768,0.00044704592753371083,0.0
0.2567942638464222,0.003985498993489973,0.003705932912167061,0.0004481460670977499,0.0
0.2574887082908666,0.004039532142989136,0.003759357765615414,0.00044918904703850304,0.0
0.25818315273531106,0.004093752205819213,0.0038130086746953704,0.0004501731074845534,0.0
0.2588775971797555,0.0041481522494125535,0.00386687944018906,0.0004510970896211176,0.0
0.25957204162419995,0.004202724962258796,0.003920963127938965,0.000451960235336608,0.0
0.2602664860686444,0.004257462452806776,0.003975253003374522,0.00045276110640526506,0.0
0.2609609305130888,0.004312356566698409,0.004029742468619262,0.00045349780774331947,0.0
0.2616553749575332,0.004367399116826638,0.0040844239754375365,0.00045416924139604723,0.0
0.26234981940197766,0.004422581525370263,0.004139289033176678,0.0004547749146355708,0.0
0.2630442638464221,0.004477894508028446,0.004194329545926044,0.00045531338902224226,0.0
0.26373870829086654,0.004533328264542829,0.0042495386180265975,0.0004557815613831082,0.0
0.264433152735311,0.0045888741206638805,0.00430490575726207,0.0004561803661993418,0.0
0.2651275971797554,0.004644521420611232,0.004360421987654783,0.0004565081715562365,0.0
0.26582204162419987,0.0047002596771620435,0.004416078050035937,0.0004567632988653789,0.0
0.2665164860686443,0.0047560783322014395,0.004471864175060776,0.0004569445472410235,0.0
0.26721093051308875,0.004811966429694103,0.004527770147114075,0.00045705079236601245,0.0
0.2679053749575332,0.0048679125484729,0.004583785436015156,0.00045708081088223317,0.0
0.2685998194019776,0.004923904957381153,0.004639899189014718,0.0004570333616379321,0.0
0.269294263846422,0.004979931647839411,0.004696100207474855,0.0004569072618051232,0.0
0.26998870829086646,0.005035980298264813,0.004752376939943231,0.00045670136762296804,0.0
0.2706831527353109,0.005092038220958259,0.004808717385472974,0.0004564146670339614,0.0
0.27137759717975535,0.00514809232453988,0.0048651096959950275,0.00045604553901294233,0.0
0.2720720416241998,0.005204129434903983,0.004921541553795347,0.00045559272565824405,0.0
0.27276648606864423,0.005260136372923792,0.004977999060704533,0.0004550565119080285,0.0
0.2734609305130887,0.0053160988541831496,0.0050344686950186185,0.00045443590452195776,0.0
0.2741553749575331,0.005372001690942334,0.00509093901135556,0.0004537271707877142,0.0
0.27484981940197756,0.005427831364275292,0.005147396378839816,0.00045292964165533154,0.0
0.27554426384642194,0.0054835748476537525,0.005203822792336668,0.0004520471679103661,0.0
0.2762387082908664,0.0055392147546340096,0.005260204190985491,0.0004510773062573253,0.0
0.27693315273531083,0.005594732765549162,0.005316533051546243,0.00045001024970588806,0.0
0.27762759717975527,0.005650120158231283,0.005372787751490178,0.0004488547155994089,0.0
0.2783220416241997,0.005705357707970054,0.005428953570167609,0.00044760872336373333,0.0
0.27901648606864415,0.005760427685123912,0.005485016000542463,0.00044626842298700663,0.0
0.2797109305130886,0.005815315255426351,0.005540958711852524,0.00044483441925668077,0.0
0.28040537495753304,0.005870004284567737,0.005596765700633062,0.0004433063700566552,0.0
0.2810998194019775,0.005924477700468025,0.005652420488530725,0.00044168348907076886,0.0
0.2817942638464219,0.0059787174459683175,0.0057079068481648,0.00043996392882056856,0.0
0.2824887082908663,0.0060327067168190595,0.005763207339499359,0.0004381476975984268,0.0
0.28318315273531075,0.006086427727197871,0.005818305291183436,0.0004362337628457494,0.0
0.2838775971797552,0.006139864020529432,0.005873182474829875,0.00043422290891602817,0.0
0.28457204162419963,0.006192996234227363,0.005927822584266764,0.00043211296087983307,0.0
0.2852664860686441,0.006245808338117929,0.005982206177298781,0.0004299053619024303,0.0
0.2859609305130885,0.006298278979762636,0.0060363177786245704,0.00042759678988389037,0.0
0.28665537495753296,0.0063503945767792724,0.006090135619487426,0.00042519073269911865,0.0
0.2873498194019774,0.006402129650037339,0.006143646774172855,0.00042268161103417064,0.0
0.28804426384642184,0.006453476522087709,0.006196824706378683,0.00042007637441467436,0.0
0.2887387082908663,0.0065043997079475575,0.006249663179412442,0.00041736478045912965,0.0
0.28930498181043657,0.006545609462781006,0.006292476796721284,0.00041508061393438143,0.0
0.28987125533000685,0.006586530226576828,0.006335029782273865,0.00041273548643460685,0.0
0.2904375288495772,0.006627134075804554,0.006377326253534276,0.000410318872656371,0.0
0.29100380236914747,0.006667418975714792,0.006419350526663004,0.0004078320364400176,0.0
0.29157007588871775,0.0067073784382803425,0.006461088541201709,0.0004052801745639696,0.0
0.2921363494082881,0.006746999245856558,0.006502531907228138,0.00040266171594698286,0.0
0.29270262292785837,0.006786270844913653,0.006543670568046346,0.000399975705111576,0.0
0.2932688964474287,0.006825183459641067,0.00658449386050664,0.0003972226193459016,0.0
0.29396334089187315,0.006872398076611345,0.006634111861373595,0.00039375440709414617,0.0
0.29465778533631753,0.006919039552579108,0.006683220004157868,0.0003901871016055051,0.0
0.295352229780762,0.006965085934824548,0.006731801849079513,0.00038651722882877083,0.0
0.2960466742252064,0.007010525072793099,0.006779832405018001,0.0003827526072382711,0.0
0.29674111866965086,0.00705532279200359,0.006827305825814436,0.0003788769666639541,0.0
0.29729489228561845,0.007090591182956116,0.0068647363050412195,0.00037572427586369796,0.0
0.2977699230003524,0.007120509454015717,0.006896539218569007,0.0003729721759372808,0.0
0.2982449537150863,0.007150106514145897,0.006928059850202879,0.0003701687793524691,0.0
0.29871998442982023,0.00717938180899435,0.006959287000746248,0.00036731957025995136,0.0
0.29919501514455416,0.007208329929012823,0.006990213428644772,0.00036442640234306424,0.0
0.29973622576889297,0.007240902895889274,0.007025078185010918,0.00036107208972293084,0.0
0.3002774363932318,0.0072730346458811605,0.007059537031840226,0.00035766124426461353,0.0
0.30081864701757055,0.0073047145931494015,0.007093582524705775,0.00035419117913103814,0.0
0.30135985764190937,0.007335936231850386,0.007127204767866804,0.0003506646747459637,0.0
0.3019010682662482,0.00736668960140669,0.007160396768160925,0.00034707918506382123,0.0
0.302442278890587,0.0073969665942267854,0.0071931499330449115,0.000343436539765569,0.0
0.3029834895149258,0.007426761438858126,0.007225454018682998,0.0003397380299456137,0.0
0.30360764905399523,0.007460511490510717,0.007262140842337272,0.00033540329621502155,0.0
0.30423180859306465,0.0074935946022741465,0.007298207255929395,0.00033099470708968025,0.0
0.30485596813213406,0.007526000943100278,0.007333642303344899,0.00032651247730840704,0.0
0.30548012767120347,0.0075577191856743805,0.00736843286169421,0.0003219583845664412,0.0
0.3061042872102729,0.007588736295863527,0.007402565875077423,0.0003173334151322959,0.0
0.3067987316547173,0.007622407661745653,0.007439755047733506,0.0003121048029391685,0.0
0.30749317609916177,0.007655180929130507,0.007476099213917122,0.00030679012487669664,0.0
0.3081876205436062,0.007687042197125492,0.007511582136045953,0.00030139081360183,0.0
0.3088820649880506,0.007717976435500218,0.007546188489817832,0.00029590879896143434,0.0
0.30957650943249504,0.00774797053474171,0.007579902024711144,0.0002903451712370791,0.0
0.3102709538769395,0.007777008196774213,0.0076127092414992065,0.000284702023969093,0.0
0.3109653983213839,0.007805079959718833,0.007644592819046878,0.00027897973116433703,0.0
0.31165984276582837,0.007832165741710832,0.007675543296757799,0.0002731819962567201,0.0
0.3123542872102728,0.00785826179425788,0.007705540902930367,0.0002673083872436795,0.0
0.31304873165471725,0.007883352443630889,0.007734574762190458,0.00026136122325254134,0.0
0.3137431760991617,0.007907424806599391,0.007762632551816159,0.0002553428061266652,0.0
0.31443762054360613,0.007930465047725502,0.007789703396538239,0.00024925571898690407,0.0
0.3151320649880506,0.007952469583504922,0.007815770488670328,0.00024310023866346022,0.0
0.31582650943249496,0.007973422205785634,0.007840826388819618,0.00023687965133616041,0.0
0.3165209538769394,0.007993315901373569,0.00786485801133705,0.00023059533374150982,0.0
0.31721539832138385,0.008012141482175298,0.007887854684257204,0.00022424923694949904,0.0
0.3179098427658283,0.008029889833656498,0.007909806594898037,0.0002178436509343629,0.0
0.3186042872102728,0.008046552864929033,0.007930704074197834,0.00021138073479124743,0.0
0.3192987316547172,0.008062123049243673,0.007950537934712353,0.0002048626289544571,0.0
0.3199931760991617,0.008076593341658566,0.007969299568327653,0.00019829153641643844,0.0
0.32068762054360617,0.008089957252288919,0.007986980907171377,0.00019166971032329828,0.0
0.32138206498805066,0.00810220886236977,0.008003574414454886,0.00018499943475294104,0.0
0.3220765094324951,0.008113342812165152,0.00801907310108591,0.00017828302165202317,0.0
0.3227709538769396,0.008123354426743758,0.008033470597659617,0.00017152274085417308,0.0
0.3234653983213841,0.00813223941440796,0.00804676093028897,0.00016472121809943597,0.0
0.32415984276582854,0.008139993978757521,0.008058938643406913,0.00015788087951404357,0.0
0.32485428721027304,0.008146614934371202,0.008069999278597799,0.0001510035041022307,0.0
0.3255487316547175,0.008152099924554224,0.008079938828528078,0.00014409172018455828,0.0
0.326243176099162,0.008156447454175379,0.008088753151698005,0.00013714895431453524,0.0
0.3269376205436064,0.008159655763256288,0.008096439425637836,0.0001301767540659942,0.0
0.3276320649880509,0.00816172383724519,0.008102995416107902,0.0001231776308180188,0.0
0.32832650943249536,0.008162651681462225,0.00810841914709781,0.00011615427978742188,0.0
0.32902095387693986,0.008162439935019847,0.008112709209664535,0.00010910938660137944,0.0
0.3297153983213843,0.008161089723966319,0.008115864771651205,0.0001020455785028731,0.0
0.3304098427658288,0.008158602063167689,0.008117886016892084,9.496505188115113e-05,0.0
0.33110428721027324,0.008154979180642632,0.008118773225830347,8.787045514092234e-05,0.0
0.33179873165471774,0.008150223793552376,0.008118527337156779,8.076441500605913e-05,0.0
0.33249317609916224,0.008144339103435047,0.008117149926694867,7.364946045732824e-05,0.0
0.3331876205436067,0.008137328870322594,0.008114643105889368,6.652814864824223e-05,0.0
0.3338820649880512,0.008129197515636144,0.008111009605181074,5.940295805774281e-05,0.0
0.3345765094324956,0.008119949799378842,0.008106252543090135,5.227668190136325e-05,0.0
0.3352709538769401,0.00810959094408571,0.008100375533018164,4.515188804600999e-05,0.0
0.33596539832138456,0.00809812679376106,0.008093383089801561,3.803052858380494e-05,0.0
0.33665984276582905,0.008085563888625911,0.008085280184130409,3.091533677285022e-05,0.0
0.3373542872102735,0.008071909433492409,0.008076071766248128,2.3809641019855037e-05,0.0
0.338048731654718,0.00805717052639898,0.008065763842652705,1.6714993049539402e-05,0.0
0.33874317609916244,0.008041354851827222,0.008054362887448006,9.634028707547273e-06,0.0
0.33943762054360693,0.008024470933496642,0.008041875673898849,2.5694308153005468e-06,0.0
0.3395647936269018,0.008021264101227133,0.008039471749889905,1.2776980078490264e-06,0.0
0.3396919667101967,0.00801802175585218,0.008037031731566977,-2.394785186585586e-08,0.0
0.3397174013268557,0.008017369046445651,0.008036539423019889,-4.885178383632744e-07,0.0
0.3397428359435147,0.008016714942518316,0.008036045702995029,-9.519593010495139e-07,0.0
0.3397682705601737,0.008016059450677859,0.008035550590920672,-1.4137975880509698e-06,0.0
0.33981471509099787,0.008014859098364245,0.00803464308468219,-2.2520574935413234e-06,0.0
0.339861159621822,0.008013654366059707,0.00803373121523042,-3.0833152482664673e-06,0.0
0.33990760415264615,0.008012445392177051,0.008032815113551296,-3.907352927795444e-06,0.0
0.3400001732732167,0.008010024532422751,0.008030977718482893,-5.528981619808829e-06,0.0
0.3400927423937872,0.008007588440135804,0.008029124913587968,-7.122900351238876e-06,0.0
0.3401853115143577,0.008005137637602931,0.008027257151573477,-8.690199584141506e-06,0.0
0.34034677282494025,0.008000827123799672,0.00802396329652121,-1.1362285882716301e-05,0.0
0.3405082341355228,0.007996474119453617,0.008020625994947834,-1.396243541162341e-05,0.0
0.3406696954461053,0.007992081004917093,0.00801724737674896,-1.6496310132215257e-05,0.0
0.3408311567566879,0.007987647279772851,0.00801382743473665,-1.8967582528893785e-05,0.0
0.34101084383674163,0.007982663858755472,0.008009971855978404,-2.1649412906335143e-05,0.0
0.34119053091679535,0.007977627101601723,0.008006063016945385,-2.4264613194873682e-05,0.0
0.34137021799684913,0.007972535641026957,0.008002099828125454,-2.6818572960938226e-05,0.0
0.34154990507690286,0.007967388188495475,0.007998081251820166,-2.9316049739489978e-05,0.0
0.34189928289248905,0.007957215068934476,0.007990105197359274,-3.402647487730201e-05,0.0
0.34224866070807525,0.007946818128087653,0.007981908450559867,-3.856834505604423e-05,0.0
0.34259803852366144,0.007936191030921906,0.007973484364109105,-4.296547389128539e-05,0.0
0.34294741633924763,0.007925328674905975,0.007964827114963515,-4.723793572324532e-05,0.0
0.3432967941548338,0.007914227059266636,0.007955931784475633,-5.140307426487379e-05,0.0
0.34364617197041997,0.007902883043536332,0.007946794321869077,-5.547552410893124e-05,0.0
0.34399554978600616,0.007891294276963369,0.007937411396632057,-5.946756476466379e-05,0.0
0.34434492760159235,0.007879459089027275,0.007927780339276174,-6.338956970523606e-05,0.0
0.3448204781676814,0.007862951824143587,0.007914268821402764,-6.863082116711342e-05,0.0
0.3452960287337705,0.007845984818902226,0.007900290218154311,-7.377646153720374e-05,0.0
0.34577157929985963,0.007828557549554457,0.007885842633095067,-7.884008565309533e-05,0.0
0.34624712986594874,0.007810671574919228,0.00787092453911864,-8.383433198786761e-05,0.0
0.34672268043203786,0.00779232559655224,0.007855537661758191,-8.876422141903535e-05,0.0
0.3471982309981269,0.007773529532751043,0.007839678242527147,-9.364586021689681e-05,0.0
0.347673781564216,0.007754264972588618,0.007823361349877144,-9.846187964802166e-05,0.0
0.3477572736919162,0.007750842206027736,0.007820444651076869,-9.930681824988532e-05,0.0
0.3478407658196164,0.007747406871909714,0.0078175129452472,-0.00010015374056619868,0.0
0.3479242579473167,0.007743952898155257,0.007814570055594917,-0.00010099569246058278,0.0
0.3480077500750169,0.007740483436742685,0.007811613874277734,-0.00010183329742464837,0.0
0.3480912422027171,0.007737001401488677,0.007808642592168187,-0.00010266991743292546,0.0
0.3482452507771889,0.007730542573523155,0.007803124241151832,-0.00010420998980329803,0.0
0.34839925935166066,0.007724037297973674,0.007797557349920658,-0.00010574779915315172,0.0
0.3485532679261325,0.007717485184762812,0.007791942280185938,-0.00010728108649077574,0.0
0.3487072765006043,0.0077108865241643865,0.007786279009570343,-0.0001088094741095086,0.0
0.3490392285674564,0.007696506272304371,0.00777390871043965,-0.00011208959874102845,0.0
0.3493711806343085,0.007681912230380653,0.007761315915161006,-0.0001153510324567342,0.0
0.3497031327011606,0.007667105831368382,0.00774850192856776,-0.0001185944098207531,0.0
0.3500350847680127,0.007652088544134043,0.007735468020636938,-0.00012182000519322924,0.0
0.3506630826544056,0.007623106655771577,0.007710212974050706,-0.0001278745994964353,0.0
0.35129108054079855,0.007593386675019505,0.007684185399299261,-0.00013386803447072715,0.0
0.3519190784271915,0.007562938149220348,0.007657394378221687,-0.0001398008060545273,0.0
0.35254707631358445,0.007531772238378026,0.007629849771430968,-0.00014567314168812084,0.0
0.3531750741999774,0.007499900655779186,0.007601562721787635,-0.00015148513046253005,0.0
0.35386951864442184,0.007463849820032655,0.007569431265344381,-0.0001578409545437478,0.0
0.35456396308886634,0.0074269666863330305,0.007536420421873412,-0.00016412171290903122,0.0
0.3552584075333108,0.007389267846529069,0.00750254498097754,-0.00017032604369905733,0.0
0.3559528519777553,0.007350768901310537,0.007467821012230692,-0.00017645353199331772,0.0
0.3566472964221997,0.007311487685399429,0.00743226356628317,-0.0001825023500813999,0.0
0.3573417408666442,0.007271439326388714,0.007395889884484663,-0.00018847229076251126,0.0
0.35803618531108866,0.007230643675756967,0.007358714389255475,-0.00019436107400905864,0.0
0.35873062975553316,0.007189113361134444,0.007320756240144017,-0.0002001690227427636,0.0
0.35942507419997766,0.007146872683690398,0.0072820276093813925,-0.00020589339410219246,0.0
0.3601195186444221,0.007103927435420267,0.007242552040697276,-0.00021153518446530946,0.0
0.3608139630888666,0.007060307867706714,0.00720233841402524,-0.00021709163259612044,0.0
0.36150840753331104,0.0070160263090138664,0.0071614072851121265,-0.00022256244921564018,0.0
0.36220285197775554,0.00697109904116745,0.007119775816011238,-0.00022794698417166517,0.0
0.3628972964222,0.006925539860313863,0.007077463086923008,-0.0002332442621879706,0.0
0.3635917408666445,0.006879374470587466,0.007034481167430801,-0.00023845375137221023,0.0
0.3642861853110889,0.0068326137028210205,0.006990851360658723,-0.0002435744237059304,0.0
0.3649806297555334,0.006785278129857273,0.0069465887787300935,-0.00024860570896926307,0.0
0.36567507419997786,0.0067373851169598665,0.0069017105975671365,-0.00025354713998790014,0.0
0.36636951864442235,0.006688951463009683,0.006856234290879102,-0.0002583981593543249,0.0
0.3670639630888668,0.006639994506830981,0.006810176847336159,-0.00026315826933870123,0.0
0.3677584075333113,0.006590531523208087,0.006763555247244203,-0.00026782708550700935,0.0
0.3684528519777558,0.006540579642316443,0.0067163865062653955,-0.0002724042696426059,0.0
0.36914729642220023,0.0064901559389128555,0.006668687549107159,-0.0002768895151363207,0.0
0.36984174086664473,0.006439277376193726,0.0066204752165856225,-0.0002812825817145974,0.0
0.3705361853110892,0.006387960779216691,0.0065717662775474665,-0.00028558329228284697,0.0
0.37123062975553367,0.0063362228508007,0.006522577406534669,-0.00028979151535100906,0.0
0.3719250741999781,0.006284080164561728,0.006472925170413628,-0.0002939071703091103,0.0
0.3726195186444226,0.0062315491452036645,0.006422826022073072,-0.000297930232298812,0.0
0.37331396308886705,0.00617864605804685,0.006372296289382587,-0.0003018607261109691,0.0
0.37400840753331155,0.006125386899258143,0.006321352176306073,-0.0003056987503354344,0.0
0.374702851977756,0.006071787710844977,0.006270009684789955,-0.00030944438402177946,0.0
0.3753972964222005,0.006017864259715689,0.006218284745396031,-0.0003130977824423272,0.0
0.37609174086664493,0.005963632067634348,0.006166193143863248,-0.0003166592442234394,0.0
0.3767861853110894,0.005909106512921446,0.006113750365802654,-0.0003201290030317186,0.0
0.3774806297555339,0.005854302749714345,0.006060971748584191,-0.0003235072245965127,0.0
0.37817507419997837,0.00579923551195823,0.006007872648007393,-0.00032679447146718933,0.0
0.37886951864442286,0.005743919719226911,0.005954467967109501,-0.0003299910492084039,0.0
0.3795639630888673,0.0056883698419626,0.005900772504134334,-0.00033309732543658553,0.0
0.3802584075333118,0.005632600086588011,0.005846800886159604,-0.00033611384492606143,0.0
0.38095285197775625,0.005576624478367489,0.005792567497733808,-0.00033904110353355136,0.0
0.38164729642220074,0.005520456825695775,0.005738086497880237,-0.00034187961697590186,0.0
0.3823417408666452,0.005464110646932266,0.005683371842840246,-0.0003446299980274265,0.0
0.3830361853110897,0.005407599231259947,0.005628437243582185,-0.00034729286001472883,0.0
0.3837306297555341,0.005350935597693341,0.005573296182829737,-0.0003498688335098253,0.0
0.3844250741999786,0.005294132530463636,0.005517961904063189,-0.00035235861805435925,0.0
0.38511951864442306,0.005237202525207607,0.005462447415866492,-0.00035476292961472916,0.0
0.38581396308886756,0.0051801578556331515,0.005406765463795753,-0.0003570824946104268,0.0
0.38650840753331206,0.005123010455088856,0.005350928568741737,-0.00035931809729052364,0.0
0.3872028519777565,0.005065772095462429,0.0052949489658279955,-0.0003614705422449192,0.0
0.387897296422201,0.005008454105456129,0.005238838683856897,-0.0003635406436315244,0.0
0.38859174086664544,0.004951067845913108,0.005182609407429404,-0.00036552925316469544,0.0
0.38928618531108994,0.004893623830546516,0.005126272719880868,-0.00036743726757210735,0.0
0.3899806297555344,0.004836133401586611,0.005069839639891444,-0.0003692655517261346,0.0
0.3906750741999789,0.004778605385491871,0.005013321513308387,-0.00037101506728560134,0.0
0.3913695186444233,0.004721051542298843,0.004956728441297238,-0.0003726867333097724,0.0
0.3920639630888678,0.004663481408862127,0.004900071276912507,-0.0003742814837241876,0.0
0.39275840753331226,0.0046059036866316775,0.004843360204529032,-0.0003758003274674018,0.0
0.39345285197775676,0.004548327799594272,0.004786604796607939,-0.00037724427556065843,0.0
0.39414729642220125,0.0044907626954521175,0.00472981485777921,-0.0003786143333866674,0.0
0.3948417408666457,0.004433217320825293,0.004672999751702009,-0.00037991151885690024,0.0
0.3955361853110902,0.004375699945420769,0.004616168486196102,-0.00038113687478398263,0.0
0.39623062975553464,0.0043182186020812325,0.004559329843784812,-0.0003822914731409979,0.0
0.39692507419997913,0.0042607808732697365,0.004502492449639662,-0.00038337638604079313,0.0
0.3976195186444236,0.004203394796420922,0.0044456644541905534,-0.00038439267944324136,0.0
0.3983139630888681,0.0041460671542012766,0.004388853987181697,-0.0003853414561312575,0.0
0.3990084075333125,0.004088806186163632,0.0043320684788567135,-0.00038622381367003927,0.0
0.399702851977757,0.004031615711963221,0.004275316166735081,-0.0003870408837747226,0.0
0.40039729642220145,0.003974504852478354,0.0042186032458614645,-0.0003877937725595263,0.0
0.40109174086664595,0.003917479389878345,0.004161937299252778,-0.00038848358997625753,0.0
0.4017861853110904,0.003860546874437511,0.004105324243191885,-0.000389111498686845,0.0
0.4024806297555349,0.003803707588084753,0.004048772112723491,-0.000389678595166285,0.0
0.4031750741999794,0.0037469705420722483,0.003992285324172496,-0.0003901861064064081,0.0
0.40386951864442383,0.0036903425767694327,0.003935870467694417,-0.00039063506802799927,0.0
0.40456396308886833,0.0036338262498957267,0.0038795330636271063,-0.0003910268022402838,0.0
0.40525840753331277,0.00357742529450207,0.003823278888856046,-0.0003913622949728968,0.0
0.40595285197775727,0.003521148261504629,0.00376711240682391,-0.00039164271820819576,0.0
0.4066472964222017,0.0034649954065653385,0.003711039411182774,-0.0003918692932033354,0.0
0.4073417408666462,0.003408971403711389,0.0036550638615463257,-0.0003920431770354227,0.0
0.40803618531109065,0.0033530795967376763,0.0035991903621280215,-0.00039216551539142115,0.0
0.40873062975553515,0.0032973244745614395,0.003543423063358612,-0.0003922374692010034,0.0
0.4094250741999796,0.003241708456639221,0.0034877660335310137,-0.0003922601860664596,0.0
0.4101195186444241,0.0031862354716126204,0.0034322227330968362,-0.00039223482539991854,0.0
0.41081396308886853,0.0031309064894650524,0.003376796937543542,-0.00039216254598462073,0.0
0.411508407533313,0.003075726597910605,0.003321491466441659,-0.0003920444976066699,0.0
0.4122028519777575,0.003020693740301158,0.003266310027834614,-0.00039188182461034345,0.0
0.41289729642220196,0.0029658181929627663,0.0032112542008631896,-0.00039167567103714547,0.0
0.41359174086664646,0.0029110915602453525,0.0031563283962787506,-0.00039142717420436433,0.0
0.4142861853110909,0.002856518118651851,0.003101533472888448,-0.0003911375107287472,0.0
0.4149806297555354,0.0028021061742809347,0.0030468714831823614,-0.00039080772933210785,0.0
0.41567507419997984,0.0027478525600115396,0.002992345723904499,-0.0003904390149380108,0.0
0.41636951864442434,0.0026937541478663164,0.002937957277762508,-0.00039003247808975687,0.0
0.4170639630888688,0.0026398165178561253,0.002883706964758224,-0.00038958924004684376,0.0
0.4177584075333133,0.0025860436415379388,0.002829596749913539,-0.00038911036213845986,0.0
0.4184528519777577,0.0025324297431204754,0.002775628374129002,-0.00038859695008849394,0.0
0.4191472964222022,0.002478975934251116,0.0027218018766016444,-0.00038805014522656496,0.0
0.41984174086664666,0.0024256823531400257,0.0026681183905739396,-0.00038747102499078615,0.0
0.42053618531109116,0.0023725512296506475,0.0026145784798246316,-0.00038686063286086684,0.0
0.42123062975553566,0.0023195810972953526,0.0025611827127183786,-0.00038622003696878827,0.0
0.4219250741999801,0.002266771541045596,0.002507931135714187,-0.00038555031955430567,0.0
0.4226195186444246,0.0022141222264297944,0.0024548238544478624,-0.00038485252089845396,0.0
0.42331396308886904,0.0021616317333878815,0.0024018608848207913,-0.0003841276824145026,0.0
0.42400840753331354,0.002109300010526129,0.0023490418257971855,-0.00038337684323382033,0.0
0.424702851977758,0.0020571243075709405,0.00229636642711983,-0.0003826010217005189,0.0
0.4253972964222025,0.002005106909367066,0.002243833787669364,-0.0003818012396659159,0.0
0.4260917408666469,0.0019532385699734464,0.0021914438875116787,-0.0003809784861035418,0.0
0.4267861853110914,0.0019015266168870982,0.002139194756216155,-0.0003801337980580356,0.0
0.42748062975553586,0.001849970888224241,0.002087086062301212,-0.00037926810290971725,0.0
0.42817507419998035,0.0017985580234346527,0.0020351171561332477,-0.0003783823729656016,0.0
0.4288695186444248,0.0017472976697352066,0.001983285187852024,-0.0003774776420187185,0.0
0.4295639630888693,0.0016961774198477324,0.001931590408298326,-0.0003765548056961904,0.0
0.4302584075333138,0.001645205488012092,0.0018800298939079844,-0.0003756148200497997,0.0
0.43095285197775823,0.0015943738446605005,0.001828602885254861,-0.00037465860689503183,0.0
0.43164729642220273,0.0015436814909465977,0.0017773070265738567,-0.00037368710046596616,0.0
0.4323417408666472,0.0014931228120867342,0.0017261406263254899,-0.00037270120373869987,0.0
0.43303618531109167,0.0014427012283837123,0.0016751012806692771,-0.00037170182852893404,0.0
0.4337306297555361,0.0013924048719335441,0.001624187521020891,-0.00037068983156355245,0.0
0.4344250741999806,0.0013422492374142293,0.0015733957168856045,-0.0003696661339930323,0.0
0.4349595355170427,0.0013037253721795597,0.0015343876244176742,-0.00036887079633738886,0.0
0.4350636077457129,0.0012962285413847666,0.0015268005089415304,-0.00036871521516279663,0.0
0.4351676799743831,0.001288737719007201,0.0015192156015595003,-0.00036855941063599533,0.0
0.4352717522030533,0.0012812507688831677,0.001511633248675867,-0.0003684033827454628,0.0
0.4353758244317235,0.0012737663806419287,0.0015040536040867578,-0.00036824713152213366,0.0
0.435583968889064,0.0012588056486228384,0.001488902217423621,-0.00036793397260259745,0.0
0.4357921133464045,0.0012438555220296735,0.0014737612420382073,-0.00036761996425790927,0.0
0.43600025780374496,0.001228916193350401,0.0014586306059613976,-0.0003673051332330479,0.0
0.4362084022610854,0.0012139874925015794,0.0014435102816870444,-0.00036698949931869676,0.0
0.43675751646240646,0.0011746540151114297,0.0014036697579223295,-0.00036615308728263373,0.0
0.43730663066372744,0.0011353920980767059,0.0013638990422427848,-0.0003653116503222141,0.0
0.43785574486504847,0.0010962001049801336,0.0013241966725433337,-0.00036446560200040093,0.0
0.43830954202131367,0.0010638595487867113,0.0012914366519908077,-0.000363763360357079,0.0
0.43876333917757887,0.001031568094720512,0.0012587213660242523,-0.0003630583669234421,0.0
0.43921713633384407,0.000999323413022345,0.0012260501241728589,-0.0003623507801737048,0.0
0.4396709334901093,0.0009671204829375389,0.001193422372780568,-0.0003616409951016894,0.0
0.4401830913179972,0.0009308263690438745,0.0011566493559690724,-0.0003608376873142785,0.0
0.4406952491458851,0.0008945889194891531,0.0011199285448199687,-0.0003600319911744083,0.0
0.44120740697377303,0.0008584016363731403,0.0010832594434363838,-0.0003592240646345687,0.0
0.4417195648016609,0.0008222617409031274,0.0010466412594583802,-0.0003584147608955882,0.0
0.4422317226295488,0.0007861719829359666,0.0010100714288836584,-0.000357604503905711,0.0
0.44285564421714085,0.0007422685121740005,0.0009655846633882239,-0.00035661542309235256,0.0
0.44347956580473286,0.0006984401690026539,0.0009211657694119538,-0.0003556251819926699,0.0
0.44410348739232486,0.0006546539448424086,0.0008768135357504773,-0.00035463470725962304,0.0
0.44419234167617677,0.0006484341963251787,0.0008705012329726804,-0.00035449364932540973,0.0
0.4442811959600287,0.0006422105712286035,0.0008641912763468726,-0.00035435256933691236,0.0
0.44437005024388054,0.0006359843388844024,0.0008578829333706821,-0.00035421146876631954,0.0
0.44445890452773246,0.0006297592454112278,0.0008515755802808068,-0.0003540703689632663,0.0
0.4446057561617066,0.0006194740130213021,0.0008411537528582792,-0.00035383719874804945,0.0
0.44475260779568077,0.0006091923550744716,0.0008307352276499752,-0.00035360406692786254,0.0
0.4448994594296549,0.0005989137803755245,0.0008203201045529682,-0.0003533709616820574,0.0
0.4450463110636291,0.0005886383681439599,0.0008099083013554127,-0.0003531378833345392,0.0
0.44539630700941657,0.0005641613913131791,0.0007851066532129057,-0.00035258254197184923,0.0
0.4457463029552041,0.0005397017991472387,0.0007603230475759512,-0.0003520275065156896,0.0
0.4460962989009916,0.0005152592591900027,0.0007355570215630106,-0.0003514728674369459,0.0
0.44644629484677917,0.0004908329914884337,0.0007108081404147923,-0.0003509187049402762,0.0
0.4470278605236834,0.00045027984721557237,0.0006697211510227212,-0.00034999916424809124,0.0
0.44760942620058763,0.000409767951301869,0.0006286777670201348,-0.0003490815682968257,0.0
0.4481909918774919,0.0003692954482563175,0.0005876761344157683,-0.0003481662447860579,0.0
0.44877255755439616,0.000328859081674233,0.0005467139388320846,-0.0003472535678498383,0.0
0.44935412323130036,0.0002884571786089956,0.0005057887452597585,-0.00034634391477918105,0.0
0.45004856767574486,0.00024025298149153327,0.0004569657566107946,-0.00034526215418611997,0.0
0.4507430121201893,0.00019209356048311194,0.0004081881239392106,-0.0003441857960261061,0.0
0.4514374565646338,0.0001439606781763596,0.00035945327844348835,-0.0003431153827229751,0.0
0.45199906320385763,0.00010506971266906323,0.00032006772098784657,-0.00034225446830108856,0.0
0.45244612732858464,7.412915709312659e-05,0.0002887307210772502,-0.0003415724002151556,0.0
0.4528931914533117,4.3178781326191035e-05,0.00025740902738688584,-0.00034089336713399166,0.0
0.4533402555780387,1.2237960509890001e-05,0.00022610006812256336,-0.0003402175197349884,0.0
0.45340062988546337,8.07260526781841e-06,0.00022187115156513913,-0.00034012649067961483,0.0
0.453461004192888,3.89937921846842e-06,0.0002176434734769312,-0.000340035534531203,0.0
0.4534900821583411,1.8881784128470116e-06,0.00021560759274806505,-0.000339991754634272,0.0
0.4535134137195805,2.74377609364546e-07,0.00021397409190019738,-0.0003399566360718091,0.0
0.45351522828754237,1.488730299790817e-07,0.00021384705066347545,-0.000339953905161081,0.0
0.45351704285550426,2.3368808038834625e-08,0.0002137200094633554,-0.00033995117427955423,0.0
0.4535188574234661,-6.714976502463141e-08,0.00021359296961499566,-0.00033994844343151646,0.0
0.45352248655938987,-2.3218409686606455e-07,0.00021333890245816956,-0.00033994298183088063,0.0
0.4535261156953136,-3.9723884385589796e-07,0.00021308486747098962,-0.00033993752027238855,0.0
0.45352974483123737,-5.623249320595901e-07,0.00021283088377319295,-0.0003399320585838113,0.0
0.453532957540309,-7.085006291039802e-07,0.00021260610028001327,-0.0003399272233156267,0.0
0.45353617024938064,-8.547097597933773e-07,0.0002123813818536615,-0.0003399223875616403,0.0
0.4535393829584523,-1.00095352697119e-06,0.00021215673869272054,-0.00033991755108668217,0.0
0.45355959173262117,-1.921515892843176e-06,0.00021074605048555158,-0.000339887084247625,0.0
0.45357980050679003,-2.842892910345802e-06,0.0002093404072066371,-0.0003398564933857815,0.0
0.4536000092809589,-3.7646298998069065e-06,0.00020794117168103243,-0.0003398256936928151,0.0
0.4536050987180178,-3.99727809204948e-06,0.0002075900076309398,-0.0003398178974386245,0.0
0.45361018815507675,-4.2303830282335296e-06,0.00020723942437159072,-0.00033981008262799593,0.0
0.4536152775921357,-4.463326888194095e-06,0.00020688930013603292,-0.00033980224551487964,0.0
0.4536207952330147,-4.715684642777008e-06,0.00020651024753552363,-0.0003397937223669435,0.0
0.4536263128738936,-4.967978959471744e-06,0.00020613178363037044,-0.00033978517046303,0.0
0.45363183051477257,-5.220263357187996e-06,0.00020575392968828396,-0.0003397765885466034,0.0
0.4536368568464249,-5.4500838172806175e-06,0.00020541026146777514,-0.0003397687435586024,0.0
0.4536418831780772,-5.679908521788277e-06,0.00020506711559584403,-0.0003397608715822296,0.0
0.4536469095097295,-5.909740838109859e-06,0.00020472449814633802,-0.0003397529716927928,0.0
0.4536781483986354,-7.337958725165965e-06,0.00020260713680799526,-0.00033970318433198285,0.0
0.4537093872875413,-8.763178236296308e-06,0.00020051023748537475,-0.0003396521153753333,0.0
0.4537161557646981,-9.073051746435637e-06,0.0002000589505048167,-0.00033964087477814624,0.0
0.45372292424185495,-9.384558588629326e-06,0.00019960901446328396,-0.0003396295723082808,0.0
0.45372969271901176,-9.695413006390092e-06,0.00019915994382288426,-0.00033961820012571854,0.0
0.45373544584121306,-9.95890936202499e-06,0.00019877887383462403,-0.00033960847793435104,0.0
0.4537368841217634,-1.0024736076553516e-05,0.0001986837090714255,-0.00033960603949468655,0.0
0.45373832240231365,-1.0083291415185118e-05,0.00019858869246031248,-0.0003396006172665819,2.5251891465958886e-07
0.453739760682864,-1.0128265924712396e-05,0.00019849405435765785,-0.0003395893790085814,4.93686282769669e-07
0.4537426372439647,-1.018883392889285e-05,0.00019830696000471267,-0.00033955200765963873,9.040737053717512e-07
0.45374551380506534,-1.0224254985661098e-05,0.000198123810105951,-0.0003394983906876345,1.2455885295288848e-06
0.45374839036616604,-1.0247518959409446e-05,0.0001979454173186619,-0.0003394321587758438,1.5438344822491461e-06
0.45375166283824114,-1.0267743135919785e-05,0.00019774849323371624,-0.0003393444359457018,1.848470960556847e-06
0.4537549353103162,-1.0286075380636206e-05,0.00019755783595811995,-0.00033924571848813233,2.127237615312241e-06
0.4537582077823913,-1.03054810290165e-05,0.00019737313633255157,-0.00033913778517638955,2.387834481194045e-06
0.4537614940395519,-1.0327420076790843e-05,0.00019719323411389924,-0.0003390214716977457,2.635838578638734e-06
0.4537647802967125,-1.0352339278028315e-05,0.00019701846535063615,-0.00033889828481592716,2.872967984942885e-06
0.45376806655387314,-1.0380378256829513e-05,0.0001968483862963288,-0.00033876911509683397,3.101177841564461e-06
0.4537714147523077,-1.0412090926704725e-05,0.0001966794907059765,-0.00033863214236253057,3.325980500218683e-06
0.45377476295074226,-1.0446802778656973e-05,0.0001965146196213559,-0.0003384904322212115,3.544109528049267e-06
0.45377811114917677,-1.0484285714650293e-05,0.00019635339804097767,-0.00033834458177939476,3.7564364949857894e-06
0.45378310642480224,-1.054478709879954e-05,0.00019611888145561117,-0.0003381204532523813,4.06397002702091e-06
0.4537881017004277,-1.0610130035591836e-05,0.00019589075322688697,-0.00033788970581677093,4.361965216158056e-06
0.4537930969760532,-1.0679621904333541e-05,0.0001956681558857989,-0.00033765357683367,4.651977375442598e-06
0.45381003657005603,-1.0938019299984915e-05,0.0001949448481323217,-0.00033682568979793005,5.591828531192722e-06
0.4538269761640589,-1.1221560387897339e-05,0.00019425848470016487,-0.00033597118584515113,6.48313739074528e-06
0.45384391575806177,-1.1518971118665394e-05,0.00019359520478748533,-0.00033510740868180055,7.3482135735911056e-06
0.45386130611134423,-1.18345488410121e-05,0.00019293051689962424,-0.0003342197366401925,8.224394810476544e-06
0.45386565369966486,-1.1913366809432096e-05,0.00019276624902686733,-0.0003339978679522092,8.439897495613557e-06
0.4538700012879855,-1.1990930493722594e-05,0.00019260246984620675,-0.0003337759062473904,8.6521607660531e-06
0.45387434887630607,-1.2069355816300976e-05,0.0001924394224794206,-0.0003335541782956099,8.86488354669489e-06
0.45387758516629784,-1.2128559460676928e-05,0.0001923185330891559,-0.0003333893466809212,9.024065864309643e-06
0.45388082145628955,-1.2188094363218874e-05,0.0001921979963419847,-0.00033322464443303896,9.183335143318916e-06
0.45388405774628127,-1.224774395735202e-05,0.0001920777754196414,-0.00033306003887548176,9.342335222624422e-06
0.45390703041345803,-1.2673967196307777e-05,0.00019123199748097215,-0.00033189489405711817,1.0465557654972036e-05
0.45393000308063475,-1.3104223920097777e-05,0.00019039825710951284,-0.000330735626336876,1.1580108683502791e-05
0.4539529757478115,-1.3537728102132559e-05,0.00018957467124864122,-0.0003295822376814058,1.2687986684291206e-05
0.45399967332842134,-1.4427406110221683e-05,0.0001879276655818357,-0.00032725435739248054,1.4922765604111443e-05
0.45404637090903116,-1.5326494229320316e-05,0.0001863108492066903,-0.00032494591394527573,1.71391774879674e-05
0.45409306848964104,-1.623413597129002e-05,0.00018472011543095208,-0.0003226533244694784,1.933950319751962e-05
0.45413976607025086,-1.7150233304667425e-05,0.00018315389984691698,-0.00032037423643653344,2.1524026420885403e-05
0.45420233203890353,-1.8390370341164567e-05,0.00018109184280723593,-0.00031734004805859307,2.4427079652867176e-05
0.4542648980075562,-1.9644093678115873e-05,0.00017906842574127763,-0.00031432628882025154,2.730478056878063e-05
0.4543274639762089,-2.0910275394859286e-05,0.00017708054356544014,-0.0003113314640027555,3.0159207193707805e-05
0.45439002994486155,-2.2187947562301484e-05,0.0001751254274100946,-0.0003083540944172352,3.2992132597124346e-05
0.45450820816120924,-2.46297294093443e-05,0.00017151334903906415,-0.0003027730240821633,3.8289758981454974e-05
0.45462638637755687,-2.7104420769765344e-05,0.00016799458796542996,-0.0002972409467470463,4.3525363323720936e-05
0.45474456459390455,-2.9607665724000103e-05,0.00016455667569342854,-0.0002917510677242303,4.870679105647711e-05
0.4548627428102522,-3.2135606627402014e-05,0.00016118872411989595,-0.00028629767903757874,5.384101955146397e-05
0.45498092102659987,-3.468488381450943e-05,0.00015788119250309215,-0.00028087573184675527,5.893414883133192e-05
0.45512608868237975,-3.784133870021669e-05,0.00015388894210742316,-0.0002742521083821202,6.514183539198686e-05
0.4552712563381596,-4.102106127052607e-05,0.00014996249571855123,-0.0002676624899372614,7.130370567818127e-05
0.4554164239939395,-4.422027263319595e-05,0.0001460911421584496,-0.0002611012045903776,7.742658238562012e-05
0.4555615916497194,-4.743573001410487e-05,0.00014226581225639846,-0.00025456374583162006,8.351645779040982e-05
0.45570675930549925,-5.066481214541353e-05,0.00013847909085910504,-0.0002480461103143314,8.957796542065076e-05
0.455889885409823,-5.4754147766624835e-05,0.00013374743956975864,-0.00023984786174087157,9.719071028284165e-05
0.45607301151414675,-5.8857864845268895e-05,0.00012905682588914668,-0.00023167113197208357,0.00010477187917859396
0.4562561376184705,-6.297305562567556e-05,0.00012439908630852323,-0.0002235118594593938,0.00011232687275835848
0.4564392637227943,-6.709736397764167e-05,0.00011976766569066597,-0.00021536692078415225,0.0001198601253695897
0.45662238982711806,-7.122889973639486e-05,0.0001151573311649056,-0.00020723385583927063,0.00012737519243124481
0.4568485421977642,-7.633892829836281e-05,0.00010948672719314091,-0.00019720340770849526,0.000136635092357158
0.45707469456841043,-8.145550394409546e-05,0.0001038358708496193,-0.0001871853792065187,0.0001458758464034349
0.4573008469390566,-8.6577051153314e-05,9.820023818077312e-05,-0.0001771777444752217,0.00015510073352800958
0.4575269993097028,-9.170222161737713e-05,9.257630224257665e-05,-0.0001671790880781493,0.00016431225929463265
0.45775315168034897,-9.683031436966208e-05,8.696153435320822e-05,-0.00015718823919269744,0.00017351254019029182
0.45804641525453693,-0.00010348299845611197,7.969077455583023e-05,-0.0001442430521207472,0.00018542857561134297
0.45833967882872484,-0.0001101381612362185,7.242875538983581e-05,-0.0001313085202563209,0.00019733086669878708
0.45863294240291275,-0.00011679511218410641,6.517325862616807e-05,-0.0001183837900687341,0.00020922131580772738
0.45892620597710065,-0.00012345335692645206,5.7922656441460785e-05,-0.0001054682839976446,0.00022110139248484543
0.4592194695512886,-0.00013011266137262696,5.06757760407976e-05,-9.256155781615345e-05,0.0002329723475322938
0.45962136202747145,-0.00013924014304714672,4.074903480506391e-05,-7.488759464680467e-05,0.0002492273713910111
0.46002325450365433,-0.00014836929040497733,3.082610576310327e-05,-5.722867878666959e-05,0.0002654689887125842
0.46042514697983716,-0.00015750025022718737,2.0905886323955443e-05,-3.958413907307095e-05,0.0002816987925166693
0.46082703945602005,-0.0001666332961303895,1.0987508594096983e-05,-2.1953296083106568e-05,0.0002979181695629868
0.46122893193220293,-0.00017576877209727064,1.0702479208028834e-06,-4.335445870677264e-06,0.00031412834726283757
0.4612295750840495,-0.0001757830071773536,1.0543902870425213e-06,-4.3072842316667415e-06,0.00031415360649824216
0.4612308613877427,-0.00017581099096675084,1.0227329749225596e-06,-4.251063130518208e-06,0.00031420327338837193
0.4612321476914359,-0.00017583917498809843,9.910964663010254e-07,-4.194878516996849e-06,0.0003142532886903204
0.46123512961105195,-0.0001759080820171023,9.176336289109097e-07,-4.064412532682048e-06,0.0003143754708250956
0.46123811153066807,-0.00017597645813195834,8.441037899771102e-07,-3.933830621760069e-06,0.00031449672929361437
0.46124109345028413,-0.00017604457839659856,7.705421387016538e-07,-3.80319392098032e-06,0.000314617542171952
0.4612450562654239,-0.00017613494300084719,6.727631774171643e-07,-3.6295516451033e-06,0.00031477781027317047
0.46124901908056365,-0.00017622519256599596,5.749712388336965e-07,-3.4558876741868663e-06,0.000314937876815153
0.4612529818957034,-0.0001763153765055359,4.771725964373127e-07,-3.282212939031929e-06,0.0003150978277140485
0.46125694847651555,-0.00017640560922366623,3.792778988424799e-07,-3.10836865963197e-06,0.00031525786488896974
0.46126091505732775,-0.0001764958208392635,2.8138201802187014e-07,-2.9345232683196056e-06,0.0003154178638675519
0.46126488163813995,-0.00017658602032613903,1.8348601424987634e-07,-2.760678634465386e-06,0.00031557784027779666
0.46126886574663856,-0.00017667661149450153,8.515788272266533e-08,-2.5860676077180608e-06,0.0003157385101437581
0.46127284985513717,-0.00017676683994499932,0.0,-2.4114281610214125e-06,0.0003158992685035709
0.4612768339636357,-0.00017685407966453438,0.0,-2.2365181939095655e-06,0.00031606088720435984
0.4612808900047971,-0.00017693791951812582,0.0,-2.0578639646239956e-06,0.00031622740866960167
0.4612849460459585,-0.0001770177372798067,0.0,-1.8784750151340355e-06,0.0003163970188550973
0.4612890020871198,-0.0001770943944320906,0.0,-1.698208635126369e-06,0.0003165706054072953
0.4612928602015651,-0.00017716476523300622,0.0,-1.5257491728150464e-06,0.0003167395809907951
0.46129671831601043,-0.0001772328677281377,0.0,-1.3521486159312363e-06,0.00031691224022614
0.4613005764304557,-0.00017729887228396503,0.0,-1.1772546973931821e-06,0.00031708847769273296
0.4613066974512064,-0.0001773996571123829,0.0,-8.967865108694097e-07,0.0003173751196837973
0.4613128184719571,-0.00017749599535180847,0.0,-6.12295439097405e-07,0.0003176700012196318
0.4613189394927078,-0.00017758828245971546,0.0,-3.23425139434157e-07,0.0003179726494656876
0.4613334194645518,-0.0001777923203701536,0.0,2.3931499741336517e-07,0.0003187164444304302
0.46134789943639587,-0.00017797838103061146,0.0,7.007374741523679e-07,0.0003194954723511562
0.46136237940823993,-0.0001781489458683439,0.0,1.1808498375162274e-06,0.00032030503858667254
0.4613821037318971,-0.00017835883191567284,0.0,1.8651014154380574e-06,0.00032144871592397766
0.46138703481281135,-0.00017840839638239567,0.0,2.041466431015879e-06,0.0003217428608842635
0.4613919658937256,-0.00017845758518764512,0.0,2.219831977057214e-06,0.00032204115475513494
0.46139689697463987,-0.00017850520208718493,0.0,2.4003147201090014e-06,0.00032234140183312566
0.4614006734566283,-0.00017854050423394923,0.0,2.539971152485729e-06,0.0003225723953309064
0.46140444993861673,-0.00017857501939086732,0.0,2.6808263810426927e-06,0.00032280461731562407
0.4614082264206052,-0.000178608864319881,0.0,2.82285238305457e-06,0.00032303821127408763
0.46142996503150646,-0.00017879194423139327,0.0,3.6619592550035245e-06,0.00032440727873252765
0.46145170364240773,-0.0001789563660379179,0.0,4.536358011048302e-06,0.00032581568167484675
0.46147344225330905,-0.00017910418582456442,0.0,5.443535065851536e-06,0.00032725935853789186
0.4615117903798023,-0.0001793290591692952,0.0,7.117197166261081e-06,0.0003298824235505163
0.4615501385062955,-0.00017951589351479388,0.0,8.87293969501312e-06,0.00033258676648461726
0.46158848663278873,-0.0001796721664306763,0.0,1.0698519266347552e-05,0.0003353563764120574
0.46162683475928196,-0.00017980316961967144,0.0,1.2584438951393625e-05,0.0003381796043025924
0.4616651828857752,-0.0001799130819326269,0.0,1.4523152118022737e-05,0.0003410474664205739
0.46170353101226846,-0.00018000533548508346,0.0,1.6508507796819244e-05,0.0003439525480925303
0.4617418791387617,-0.00018008279021396574,0.0,1.853539932343219e-05,0.0003468886483227792
0.46179664663582354,-0.0001801723845515432,0.0,2.1493779948963408e-05,0.0003511255910732946
0.4618514141328854,-0.00018024238609346986,0.0,2.4517829701237734e-05,0.000355403305843263
0.4619061816299472,-0.00018029662239515086,0.0,2.760009249508509e-05,0.0003597128746192244
0.461960949127009,-0.00018033835338571256,0.0,3.073467312276091e-05,0.00036404815320458363
0.46201571662407087,-0.00018036957759692991,0.0,3.3916794275794264e-05,0.0003684030948544844
0.4620917385700458,-0.0001803999892882886,0.0,3.840517045580338e-05,0.00037447455125388143
0.46216776051602076,-0.00018041838679624326,0.0,4.296924117985154e-05,0.0003805688349183892
0.46224378246199566,-0.00018042733123557585,0.0,4.760290877483618e-05,0.00038668018650964164
0.4623198044079706,-0.00018042878594747946,0.0,5.230139726600765e-05,0.000392804837977848
0.46239582635394555,-0.00018042415185958184,0.0,5.706079509123371e-05,0.0003989399183515098
0.462509007223137,-0.0001804082091605652,0.0,6.425229375506669e-05,0.00040808834536092137
0.4626221880923284,-0.0001803836117046781,0.0,7.156238911362641e-05,0.00041724994971651974
0.46273536896151984,-0.0001803521204933023,0.0,7.898347076718511e-05,0.0004264213548603233
0.4628485498307113,-0.0001803150190394731,0.0,8.650881511427301e-05,0.0004355999919080048
0.46296173069990276,-0.00018027334069524057,0.0,9.413231540218103e-05,0.000444783895041269
0.4631503380563898,-0.00018019595262295225,0.0,0.00010703931707978553,0.0004600958298718143
0.46333894541287685,-0.00018011101971173325,0.0,0.00012018014738941077,0.0004754130293340229
0.4635275527693639,-0.00018002062161111837,0.0,0.00013353399147932783,0.0004907318258533294
0.463716160125851,-0.00017992633220738504,0.0,0.0001470819677661592,0.0005060493600979105
0.463904767482338,-0.00017982940446701013,0.0,0.00016080688920387838,0.0005213634783674101
0.4641903152044575,-0.00017967974364077455,0.0,0.00018188841750536514,0.0005445388971138535
0.464475862926577,-0.00017952847015550609,0.0,0.00020329189943333394,0.0005676994217977378
0.4647614106486965,-0.00017937697824047362,0.0,0.00022497557674979753,0.0005908430834378572
0.465046958370816,-0.0001792261253568527,0.0,0.00024690302407762155,0.000613968883793116
0.4653325060929355,-0.0001790764152943506,0.0,0.000269042418961991,0.0006370764609821511
0.46566372030871883,-0.00017890452831038084,0.0,0.00029495154540110053,0.0006638569132743334
0.4659949345245022,-0.00017873463726457686,0.0,0.0003210712431226004,0.0006906138523404795
0.46632614874028555,-0.00017856665045559562,0.0,0.00034736944995217674,0.0007173482537914984
0.46665736295606886,-0.00017840040358388829,0.0,0.00037381868223177925,0.000744061262911763
0.4669885771718522,-0.0001782357069778469,0.0,0.00040039552922768235,0.000770754216839823
0.4673197913876356,-0.0001780722926653824,0.0,0.00042708006795590787,0.0007974284245217701
0.46781457309699676,-0.00017783000964197973,0.0,0.0004671069259070338,0.0008372432253212098
0.46830935480635794,-0.0001775893521467565,0.0,0.0005072899331637803,0.0008770229585325004
0.46880413651571906,-0.00017734975097773368,0.0,0.000547592140995448,0.0009167712862805543
0.46929891822508024,-0.00017711072099916507,0.0,0.000587984561188083,0.0009564915807778044
0.4697936999344414,-0.0001768718807444937,0.0,0.0006284446725030014,0.0009961869681987974
0.4702884816438026,-0.00017663295577696815,0.0,0.0006689550126372185,0.0010358603878755453
0.4709025977372751,-0.0001763359692145158,0.0,0.0007192857632853074,0.0010850759278718195
0.47151671383074767,-0.00017603822138921889,0.0,0.000769654112036541,0.0011342664228496733
0.4721308299242202,-0.00017573960209457424,0.0,0.0008200464366960482,0.0011834364650054453
0.4727449460176927,-0.0001754399322125945,0.0,0.0008704536878172596,0.001232589986172344
0.4733590621111652,-0.00017513924441344236,0.0,0.0009208695904932366,0.0012817314888347916
0.4739731782046377,-0.00017483750461903997,0.0,0.0009712912732992804,0.0013308639727499481
0.4746676226490822,-0.00017449515628629135,0.0,0.0010283120562319908,0.0013864185138528732
0.4753620670935267,-0.0001741515616716354,0.0,0.0010853368305002251,0.0014419722000492356
0.4760565115379711,-0.00017380682046656568,0.0,0.001142366827802123,0.001497529968621054
0.4767509559824156,-0.0001734612446427925,0.0,0.001199403885375169,0.0015530978425084038
0.47744540042686007,-0.00017311469218886247,0.0,0.0012564510826314896,0.0016086802119714516
0.47813984487130456,-0.00017276680774694657,0.0,0.001313512045905588,0.001664280937613681
0.478834289315749,-0.00017241841603180235,0.0,0.0013705903218692588,0.0017199063433693258
0.4795287337601935,-0.0001720705067282781,0.0,0.0014276900906702579,0.001775562734167798
0.48022317820463795,-0.00017172116852503367,0.0,0.001484816177667026,0.0018312515834949773
0.48091762264908244,-0.00017136818157753171,0.0,0.0015419728955462727,0.0018869739693560053
0.4816120670935269,-0.00017101647635444113,0.0,0.0015991638368140343,0.0019427417073530362
0.4823065115379714,-0.00017066978987526077,0.0,0.0016563939370979055,0.001998565470934847
0.4830009559824158,-0.00017031800497093204,0.0,0.0017136694217711253,0.002054435474378678
0.48311996301152604,-0.00017025619109335984,0.0,0.0017234896046432423,0.00206401326215955
0.4832389700406362,-0.00017019556679747586,0.0,0.001733310920428789,0.002073594260264505
0.48335797706974637,-0.00017013543341013054,0.0,0.001743133664569004,0.0020831776120696075
0.4834769840988566,-0.0001700750784143536,0.0,0.0017529580167785842,0.0020927624676266693
0.48359599112796675,-0.00017001463099872307,0.0,0.0017627839085652415,0.002102349040696164
0.4838180921188842,-0.00016990179512297026,0.0,0.0017811259872696438,0.002120245164706242
0.4840401931098016,-0.00016978911878336137,0.0,0.001799473540495589,0.002138147822506014
0.484262294100719,-0.00016967635521774146,0.0,0.0018178267804524132,0.002156056843551155
0.4844843950916365,-0.00016956346200313214,0.0,0.0018361858628269674,0.002173972356644844
0.48510308543386976,-0.0001692486744559832,0.0,0.0018873592264411578,0.002223914005196019
0.48572177577610304,-0.00016893348241980128,0.0,0.001938582129116277,0.0022739108807055958
0.4863404661183363,-0.00016861783643768442,0.0,0.001989857815922655,0.0023239660054974213
0.4869591564605696,-0.00016830254145438068,0.0,0.0020411893013636906,0.00237408345203553
0.48765360090501403,-0.0001679480694228962,0.0,0.0020988766474274224,0.0024304141856904245
0.4883480453494585,-0.00016758929737325284,0.0,0.0021566432351172657,0.002486824853452367
0.48904248979390297,-0.00016722845061889534,0.0,0.0022144923784863327,0.002543321523403855
0.48973693423834747,-0.00016687254394503163,0.0,0.0022724275699825837,0.0025999180517714848
0.4904313786827919,-0.00016651813075007512,0.0,0.0023304545352126403,0.002656615370298945
0.4911258231272364,-0.0001661541421587558,0.0,0.0023885790417902514,0.002713402152655883
0.49182026757168085,-0.0001657832986299804,0.0,0.0024468031416130178,0.0027702836544219005
0.49251471201612534,-0.00016542268534387413,0.0,0.0025051278011224724,0.0028272866076087663
0.4926266845369517,-0.00016536716530202302,0.0,0.00251454167788315,0.0028364917204217266
0.49273865705777803,-0.0001653094437763724,0.0,0.002523959178882082,0.002845697242711727
0.49285062957860437,-0.0001652503220652362,0.0,0.0025333797927810757,0.00285490417897819
0.4929626020994307,-0.00016519108800284424,0.0,0.0025428031059403907,0.0028641139565883937
0.4931865471410834,-0.00016507268322771225,0.0,0.002561658133777227,0.002882542319628501
0.4934104921827361,-0.00016495446262186766,0.0,0.002580524573975677,0.0029009826353905074
0.49363443722438877,-0.00016483596764377666,0.0,0.0025994027340098666,0.002919434699412741
0.49385838226604145,-0.0001647171564033228,0.0,0.002618292746145984,0.0029378987010596517
0.4943672342740329,-0.00016444636643103396,0.0,0.0026612596042387667,0.0029798982386875857
0.49487608628202434,-0.00016417434778399188,0.0,0.002704289796754298,0.003021961863123466
0.49538493829001573,-0.00016390110813373573,0.0,0.002747384820240615,0.003064090967330892
0.4958937902980072,-0.0001636263905696705,0.0,0.0027905461399415406,0.003106286578622013
0.4965882347424517,-0.0001632487234500014,0.0,0.00284955919364418,0.0031639813099369946
0.4972826791868961,-0.00016286815324268147,0.0,0.0029087018586226193,0.003221805480336625
0.4979771236313406,-0.0001624840092933263,0.0,0.002967977746117681,0.0032797610652191083
0.49867156807578505,-0.00016209640574973226,0.0,0.0030273895455090846,0.003337851779361915
0.49936601252022955,-0.00016170486445333564,0.0,0.0030869416164130904,0.003396079272302509
0.5,-0.0001613437793035115,0.0,0.003141433455982406,0.0034493603348957577
