time_s,S_to_H_i_mass_flow_kg_s,H_i_to_L_mass_flow_kg_s,L_to_H_o_mass_flow_kg_s,H_o_to_S_mass_flow_kg_s
0.0,-0.00018730013524410527,0.0,0.004082533455066697,0.004410000755794931
1.6231623879509942e-07,-0.00018729995868812025,0.0,0.004082548059497607,0.004410014841711347
3.2463247759019885e-07,-0.00018729978212995847,0.0,0.004082562663914078,0.0044100289276113635
5.85293337744295e-05,-0.00018723683756364831,0.0,0.004087798863735282,0.004415079634367785
0.0001167340350712688,-0.00018717376084658303,0.0,0.004093033379824512,0.004420128523768048
0.0001749387363681081,-0.00018711054219325518,0.0,0.004098266225351712,0.004425175577687634
0.0003674946988914696,-0.00018690037354446315,0.0,0.00411556583008372,0.00444185945952384
0.0005600506614148311,-0.00018668989586365564,0.0,0.00413284637990852,0.004458525064694119
0.0006081896520456716,-0.0001866371698733111,0.0,0.004137163556374301,0.0044626885671185685
0.0006563286426765119,-0.00018658401940891968,0.0,0.004141479812671255,0.004466850403955404
0.0007044676333073523,-0.00018653086900810313,0.0,0.004145794882448653,0.004471011105538043
0.0007526066239381926,-0.0001864777646611675,0.0,0.0041501086810268,0.004475170807307104
0.0007879562866216486,-0.00018643870416274735,0.0,0.004153275701865087,0.004478224574505185
0.0008233059493051047,-0.0001863995908341708,0.0,0.004156442124739642,0.004481277654751237
0.0008586556119885607,-0.0001863604434414151,0.0,0.004159607923053666,0.0044843300924870605
0.0010062443439103855,-0.00018619657780941044,0.0,0.004172818671533747,0.004497067456812621
0.0011538330758322105,-0.00018603230866341626,0.0,0.004186018197158409,0.004509794255855442
0.0011907302588126667,-0.0001859911046158601,0.0,0.0041893165126735896,0.004512974021380308
0.001227627441793123,-0.00018594969971633647,0.0,0.0041926144620955536,0.004516152603413419
0.0012645246247735792,-0.00018590832207748752,0.0,0.004195911587945056,0.00451933071578087
0.0013014218077540356,-0.00018586696015051655,0.0,0.004199207921693281,0.004522508311553219
0.0013395701267371117,-0.00018582414297195309,0.0,0.004202615339931309,0.004525792895439846
0.0013777184457201878,-0.00018578128005081792,0.0,0.004206022033788198,0.004529076737848676
0.0014158667647032638,-0.00018573837893130343,0.0,0.004209427992363971,0.004532359857432621
0.0015700087303372502,-0.00018556445592746596,0.0,0.004223182838265189,0.004545617850221041
0.0017241506959712364,-0.00018538958302744712,0.0,0.004236926553791331,0.004558862844444264
0.001762686187379733,-0.00018534586260897222,0.0,0.0042403605070223645,0.004562172440433117
0.0018012216787882294,-0.0001853022936751908,0.0,0.004243793327481322,0.004565481899201149
0.0018397571701967259,-0.00018525856237770343,0.0,0.004247225630605716,0.004568790268158988
0.0018782926616052222,-0.00018521469425178253,0.0,0.004250657376520476,0.004572097612224362
0.0019168051438959097,-0.0001851708187073977,0.0,0.004254086323310438,0.004575402263531318
0.001955317626186597,-0.00018512688839155924,0.0,0.004257514554164525,0.004578706140170989
0.0019938301084772843,-0.0001850828969426683,0.0,0.004260942085191926,0.004582009218887683
0.0021214564143502354,-0.00018493668899889645,0.0,0.0042722954615830805,0.004592949687911834
0.0022490827202231865,-0.0001847901098955365,0.0,0.0042836407297976815,0.004603882148738701
0.0023767090260961377,-0.000184643267546402,0.0,0.004294977762333449,0.004614806822525796
0.0025814487217241063,-0.00018440600746351133,0.0,0.0043131492363955035,0.0046323134647747065
0.0027861884173520745,-0.0001841672760841505,0.0,0.004331300580929183,0.004649798570733929
0.002990928112980043,-0.00018392734650989789,0.0,0.004349431483635506,0.004667262800849241
0.003195667808608012,-0.0001836861779970733,0.0,0.004367542113884151,0.004684706050107388
0.0035200222566879823,-0.00018330140249289296,0.0,0.004396192388462201,0.004712296931158985
0.003844376704767953,-0.00018291322175232645,0.0,0.004424792573839048,0.004739834880259066
0.004168731152847924,-0.0001825215856757672,0.0,0.004453342919698731,0.004767320062148898
0.004493085600927894,-0.00018212656215365014,0.0,0.004481843555756487,0.004794752841794973
0.004817440049007865,-0.00018172815165674454,0.0,0.004510294713273956,0.004822133426844002
0.00537903215078047,-0.00018103018436347912,0.0,0.004559439254610466,0.004869417546796273
0.005940624252553076,-0.00018032178114878658,0.0,0.004608437499292267,0.004916546484190224
0.0065022163543256815,-0.0001796028737046577,0.0,0.004657290559620754,0.004963521229954168
0.007063808456098287,-0.00017887337486418122,0.0,0.004705999546589688,0.005010342694715356
0.007625400557870894,-0.0001781331645402425,0.0,0.004754565569234264,0.005057011708251149
0.008319845002315338,-0.00017720288266383956,0.0,0.004814424415663928,0.0051145113608205535
0.009014289446759782,-0.0001762558371973992,0.0,0.004874068225573707,0.0051717806341251725
0.009708733891204226,-0.0001752918420463475,0.0,0.0049334987923921455,0.0052288210317330665
0.010403178335648671,-0.00017431063794716935,0.0,0.004992717983034437,0.005285633761701552
0.011097622780093117,-0.00017331203680217221,0.0,0.005051727342157424,0.005342220257394638
0.011792067224537562,-0.00017229574009328385,0.0,0.005110528708524438,0.00539858137511726
0.012486511668982007,-0.00017126157048983454,0.0,0.005169123250510654,0.005454718617003685
0.013180956113426453,-0.00017020920204532014,0.0,0.005227512911652225,0.005510632312725477
0.013875400557870898,-0.00016913845116023037,0.0,0.005285698265593321,0.0055663242557175445
0.014569845002315344,-0.00016804898507586725,0.0,0.005343681270570241,0.005621794313167891
0.01526428944675979,-0.00016694057426169462,0.0,0.005401462633295771,0.005677043675337907
0.015958733891204235,-0.00016581298097632924,0.0,0.005459043969931299,0.005732072225739403
0.01665317833564868,-0.00016466586319823797,0.0,0.005516425072200876,0.005786881698119713
0.017347622780093126,-0.00016349894490730885,0.0,0.005573607632408781,0.0058414713043246375
0.01804206722453757,-0.00016231194763549338,0.0,0.005630591918644652,0.0058958417162896576
0.018736511668982016,-0.00016110467619622935,0.0,0.005687378842612316,0.005949992606923511
0.019430956113426462,-0.00015987677750801211,0.0,0.005743968416476507,0.006003924361586104
0.020125400557870907,-0.0001586279222143554,0.0,0.005800360810832586,0.006057636832956123
0.020819845002315353,-0.00015735784348656229,0.0,0.005856556273026648,0.0061111294702858665
0.021514289446759798,-0.00015606627223971643,0.0,0.005912554718699458,0.006164401789118217
0.022208733891204244,-0.000154752910616527,0.0,0.005968355830458878,0.0062174532149196745
0.02290317833564869,-0.00015341745531257495,0.0,0.0060239591910018495,0.006270282897430846
0.023597622780093135,-0.00015205961843300808,0.0,0.006079364190483889,0.006322889806248903
0.02429206722453758,-0.00015067912043115306,0.0,0.006134569973428633,0.006375272776541444
0.024986511668982025,-0.0001492756781469887,0.0,0.006189575479035156,0.006427430437982279
0.02568095611342647,-0.00014784899033540947,0.0,0.006244379471044017,0.006479361143662522
0.026375400557870916,-0.00014639877338937625,0.0,0.006298980437352797,0.006531063066758827
0.027069845002315362,-0.00014492478910590556,0.0,0.006353376547137282,0.006582534238565333
0.027764289446759807,-0.00014342677169120824,0.0,0.006407565796421919,0.006633772338702947
0.028458733891204253,-0.00014190438687454432,0.0,0.0064615459886554006,0.006684774666675541
0.029153178335648698,-0.000140357374705982,0.0,0.006515314444356155,0.006735538470032283
0.029847622780093144,-0.000138785608982715,0.0,0.006568868076946679,0.0067860608534778735
0.03054206722453759,-0.000137188827253916,0.0,0.006622203833755044,0.006836338188198283
0.031236511668982034,-0.00013556655563888765,0.0,0.0066753183914274325,0.006886366379725851
0.03193095611342648,-0.00013391863332196433,0.0,0.006728207390875779,0.006936141804834329
0.03262540055787092,-0.00013224521426416684,0.0,0.006780866353420592,0.006985660280670799
0.03331984500231537,-0.00013054584922301868,0.0,0.0068332909345115295,0.007034916548825998
0.03401428944675981,-0.00012882026026694564,0.0,0.00688547587231966,0.007083905518217608
0.03470873389120426,-0.00012706823765088588,0.0,0.006937415749812449,0.007132621381232591
0.035403178335648704,-0.0001252897398043685,0.0,0.00698910420452272,0.007181058455359746
0.03609762278009315,-0.00012348458652535046,0.0,0.007040534882635446,0.007229210049806688
0.036792067224537595,-0.00012165265046237165,0.0,0.007091700581987514,0.007277069378315459
0.037486511668982044,-0.00011979377097833483,0.0,0.007142593904727142,0.007324628794512035
0.038180956113426485,-0.00011790786592211943,0.0,0.007193206581333667,0.007371880486663585
0.038875400557870934,-0.00011599484235799067,0.0,0.007243530008170114,0.007418815841131563
0.039569845002315376,-0.00011405464194122497,0.0,0.007293554789123856,0.007465425886881499
0.04026428944675982,-0.00011208720966031953,0.0,0.007343271057698082,0.007511700901758533
0.04095873389120427,-0.00011009252410596977,0.0,0.007392668180331848,0.007557630678544423
0.04165317833564871,-0.00010807057959902206,0.0,0.007441734929664371,0.007603204291567271
0.04234762278009316,-0.0001060213995690802,0.0,0.007490459319742116,0.007648410218662477
0.0430420672245376,-0.00010394502630489051,0.0,0.007538828679188434,0.007693236214994681
0.04373651166898205,-0.00010184152765753227,0.0,0.007586829551694249,0.007737669349349941
0.04443095611342649,-9.971103029558204e-05,0.0,0.007634447707751229,0.007781695978480136
0.04512540055787094,-9.75536633188261e-05,0.0,0.007681668168371845,0.007825301676618285
0.04581984500231538,-9.536951559833868e-05,0.0,0.007728475126753995,0.007868471230256267
0.04651428944675983,-9.315877154159195e-05,0.0,0.007774851872814512,0.007911188672185062
0.04720873389120427,-9.092169954205791e-05,0.0,0.007820780846033933,0.007953437200524244
0.04790317833564872,-8.865854806749039e-05,0.0,0.007866243622691475,0.007995199151342018
0.048597622780093164,-8.636957124824918e-05,0.0,0.007911220857165325,0.008036456014307091
0.04929206722453761,-8.405508746313506e-05,0.0,0.007955692269920779,0.008077188403824436
0.049986511668982055,-8.171545921169069e-05,0.0,0.007999636646246307,0.008117376023562623
0.050680956113426504,-7.935106835176626e-05,0.0,0.008043031808720406,0.008156997664497255
0.051375400557870946,-7.696233513526779e-05,0.0,0.008085854599480788,0.008196031197858424
0.052069845002315394,-7.454972810701073e-05,0.0,0.00812808088063225,0.008234453550447387
0.052764289446759836,-7.211375087531011e-05,0.0,0.008169685523805398,0.008272240693939913
0.053458733891204285,-6.965494265523853e-05,0.0,0.008210642394958797,0.00830936764660046
0.05415317833564873,-6.717388932545787e-05,0.0,0.00825092435506177,0.008345808465769104
0.054847622780093176,-6.467122045820611e-05,0.0,0.008290503265361071,0.008381536240187675
0.05554206722453762,-6.214760341196052e-05,0.0,0.008329349985672679,0.008416523095438985
0.05623651166898207,-5.960374945842572e-05,0.0,0.008367434378669075,0.008450740201586064
0.05693095611342651,-5.7040418063769295e-05,0.0,0.008404725325125368,0.008484157777434331
0.05762540055787096,-5.445841168582984e-05,0.0,0.008441190738933664,0.008516745102422492
0.0583198450023154,-5.185857497182817e-05,0.0,0.008476797582683996,0.008548470536990548
0.05901428944675985,-4.9241800350420905e-05,0.0,0.00851151189303822,0.008579301542868463
0.05970873389120429,-4.6609027618054315e-05,0.0,0.008545298812268886,0.008609204706399809
0.06040317833564874,-4.39612397384112e-05,0.0,0.008578122619567342,0.0086381457720224
0.06109762278009318,-4.129946500348825e-05,0.0,0.00860994677147188,0.008666089677752715
0.06179206722453763,-3.862477911106942e-05,0.0,0.008640733946998087,0.00869300059730688
0.06248651166898207,-3.593830325310618e-05,0.0,0.00867044609856155,0.008718841987708895
0.06318095611342651,-3.3241202694635364e-05,0.0,0.008699044509416397,0.008743576642260177
0.06387540055787097,-3.053468718675229e-05,0.0,0.008726489857007904,0.00876716675006337
0.06456984500231541,-2.7820010595698162e-05,0.0,0.008752742282501676,0.00878957396207075
0.06526428944675985,-2.5098469469377093e-05,0.0,0.00877776146704339,0.00881075946323575
0.0659587338912043,-2.23714019402743e-05,0.0,0.008801506714606264,0.008830684051155415
0.06665317833564875,-1.964018677264233e-05,0.0,0.008823937041319303,0.008849308221468101
0.0673476227800932,-1.690624186305864e-05,0.0,0.00884501127149677,0.008866592259824908
0.06804206722453764,-1.4171022484916014e-05,0.0,0.00886468814034527,0.008882496340427893
0.06873651166898208,-1.1436019568609405e-05,0.0,0.008882926403141322,0.00889698063123436
0.06943095611342653,-8.702757739420904e-06,0.0,0.008899684950818578,0.008910005405666596
0.07012540055787098,-5.972793028339118e-06,0.0,0.008914922931856912,0.008921531160629529
0.07081984500231542,-3.247710453258383e-06,0.0,0.008928599880179544,0.008931518740711152
0.07151428944675986,-5.291214668446281e-07,0.0,0.008940675848765086,0.008939929468330606
0.07165317833564876,2.3331321243028872e-08,0.0,0.008942895454788916,0.008941419020184641
0.07167220346079492,1.5422334268070208e-07,0.0,0.00894319437208667,0.008941618011417253
0.07169122858594108,2.845322865511093e-07,0.0,0.00894349205174993,0.008941815781959277
0.07171025371108725,4.1392778977838974e-07,0.0,0.008943788492458773,0.008942012328753954
0.07173258363293444,5.643299138264743e-07,0.0,0.008944134843690431,0.008942241451451756
0.07175491355478165,7.126758922287127e-07,0.0,0.0089444794838971,0.00894246887625936
0.07177724347662885,8.585873615315567e-07,0.0,0.008944822411257616,0.008942694594581064
0.07179957339847605,1.0018319587263273e-06,0.0,0.008945163622947092,0.008942918597283241
0.07183498223578226,1.223234110427326e-06,0.0,0.008945701160618595,0.008943270261034454
0.07187039107308849,1.4373404534099054e-06,0.0,0.00894623436042481,0.00894361755054122
0.0719057999103947,1.644145101854441e-06,0.0,0.008946763205654079,0.00894396043028495
0.07194120874770091,1.8438616512577076e-06,0.0,0.008947287678265666,0.00894429886705917
0.0720003535158544,2.1626480628370756e-06,0.0,0.008948153922255732,0.00894485418189646
0.07205949828400789,2.4647625305928446e-06,0.0,0.008949007825046056,0.008945396895078459
0.07211864305216138,2.7527755717584017e-06,0.0,0.008949849298111188,0.008945926911103895
0.07217778782031486,3.029133417266879e-06,0.0,0.008950678258660172,0.008946444157251937
0.07223693258846835,3.2959646129996207e-06,0.0,0.00895149463179084,0.008946948578404433
0.0723097720183289,3.6142139618749086e-06,0.0,0.00895248263652072,0.008947552111495087
0.07238261144818944,3.923768376158864e-06,0.0,0.008953451338093516,0.008948136075680964
0.07245545087804998,4.227014832382205e-06,0.0,0.008954400641458039,0.00894870043562711
0.07252829030791053,4.525790034470382e-06,0.0,0.008955330465399241,0.00894924516880913
0.07260112973777107,4.821444858743235e-06,0.0,0.00895624074047291,0.008949770260810156
0.07270351639747048,5.233584209002661e-06,0.0,0.008957487101078314,0.008950475128600565
0.0728059030571699,5.643209719960604e-06,0.0,0.008958694575924837,0.008951141149904203
0.07290828971686932,6.051340828403303e-06,0.0,0.008959863043514702,0.00895176830757524
0.07301067637656873,6.458561667313219e-06,0.0,0.008960992395944022,0.008952356581284642
0.07311306303626815,6.865193603434784e-06,0.0,0.008962082534487027,0.008952905946024324
0.07329397429427194,7.582749029391892e-06,0.0,0.008963912604571614,0.008953781434228711
0.07347488555227574,8.299168660383885e-06,0.0,0.008965619483591635,0.008954535151518117
0.07365579681027955,9.01433166430419e-06,0.0,0.008967202723868428,0.00895516685815254
0.07383670806828334,9.728182589087032e-06,0.0,0.008968661891220843,0.008955676281121283
0.07401761932628714,1.0440730524725744e-05,0.0,0.008969996560969092,0.008956063122800258
0.07434133010600996,1.1712352580337565e-05,0.0,0.008972072748653862,0.008956448409104225
0.07466504088573278,1.2979572285190327e-05,0.0,0.008973746690197121,0.008956438295353333
0.07498875166545561,1.4242216218180758e-05,0.0,0.008975016076306092,0.008956030763842344
0.07531246244517843,1.5500143937037857e-05,0.0,0.008975878629234916,0.008955223729530618
0.07575379106089794,1.7207338755059868e-05,0.0,0.008976395085486371,0.008953476021749347
0.07619511967661746,1.8905303835686885e-05,0.0,0.008976145502818476,0.008950976361062042
0.07663644829233697,2.0593741263815775e-05,0.0,0.008975124391186775,0.008947719433471344
0.07707777690805649,2.227233280883615e-05,0.0,0.008973326437621271,0.008943699917876151
0.077519105523776,2.3940742274912428e-05,0.0,0.008970746280999494,0.008938912732872945
0.07817484965622645,2.6400208080691737e-05,0.0,0.008965457179947347,0.00893037123128681
0.0788305937886769,2.8835315232354205e-05,0.0,0.00895841404820867,0.008920108237303334
0.07948633792112736,3.124491035466412e-05,0.0,0.008949602168964897,0.008908109305590498
0.08014208205357781,3.362782747737163e-05,0.0,0.00893900822889083,0.008894361374666022
0.08079782618602827,3.598288628369592e-05,0.0,0.008926620464247992,0.008878852957774285
0.08149227063047271,3.844524429895345e-05,0.0,0.00891153476330047,0.008860499042719015
0.08218671507491715,4.087366301025601e-05,0.0,0.008894416485608183,0.008840150483964783
0.08288115951936158,4.326678841285694e-05,0.0,0.008875258618132502,0.0088178005354148
0.08357560396380602,4.562323970051915e-05,0.0,0.00885405692645195,0.008793445167355142
0.08427004840825045,4.7941684763872816e-05,0.0,0.008830810107578402,0.008767083271739293
0.08496449285269489,5.022088221154962e-05,0.0,0.008805519921998003,0.008738716802936749
0.08565893729713933,5.245961378259044e-05,0.0,0.008778191329564915,0.008708350865592226
0.08635338174158376,5.465666680135589e-05,0.0,0.008748832578648922,0.00867599383433797
0.0870478261860282,5.681090414719232e-05,0.0,0.008717455284623424,0.008641657464316246
0.08774227063047263,5.892127977218147e-05,0.0,0.008684074520876866,0.008605356949659002
0.08843671507491707,6.098678766924501e-05,0.0,0.008648708871438931,0.008567110971256028
0.08913115951936151,6.300646358133743e-05,0.0,0.00861138044335054,0.008526941740047563
0.08982560396380594,6.497943499830828e-05,0.0,0.00857211487433503,0.008484875009061662
0.09052004840825038,6.690491859640148e-05,0.0,0.00853094132850208,0.008440940062293656
0.09121449285269481,6.878218040210476e-05,0.0,0.008487892463943294,0.00839516968890115
0.09190893729713925,7.061054747624918e-05,0.0,0.008443004377813059,0.008347600133378607
0.0926033817415837,7.238944845013883e-05,0.0,0.008396316528082213,0.008298271027428647
0.09329782618602812,7.41183935342554e-05,0.0,0.008347871641667776,0.008247225296872319
0.09399227063047257,7.579694871998627e-05,0.0,0.008297715599028728,0.008194509050844513
0.09468671507491701,7.742475555053998e-05,0.0,0.008245897297255672,0.008140171450753901
0.09538115951936144,7.900154577621751e-05,0.0,0.008192468495652427,0.008084264558317789
0.09607560396380588,8.052712346057245e-05,0.0,0.008137483643292389,0.008026843165302862
0.0967700484082503,8.200135420699955e-05,0.0,0.008080999688645537,0.00796796460563939
0.09746449285269475,8.34241758431696e-05,0.0,0.008023075873149538,0.007907688550608907
0.09815893729713919,8.479560130016879e-05,0.0,0.007963773510548961,0.007846076788951684
0.09885338174158362,8.611570603284329e-05,0.0,0.007903155753221248,0.007783192993420978
0.09954782618602806,8.73846215116921e-05,0.0,0.007841287346953177,0.00771910247515503
0.10024227063047249,8.860253921999818e-05,0.0,0.007778234376311027,0.007653871927949927
0.10093671507491693,8.976970907938959e-05,0.0,0.00771406400287128,0.007587569164686762
0.10163115951936137,9.088642974937387e-05,0.0,0.007648844198269182,0.007520262847817069
0.1023256039638058,9.19530432726611e-05,0.0,0.007582643474044621,0.007452022216001797
0.10302004840825024,9.29699356377965e-05,0.0,0.007515530610658165,0.007382916809456625
0.10371449285269467,9.393753344063939e-05,0.0,0.007447574388171799,0.0073130161963962425
0.10440893729713911,9.485629588946121e-05,0.0,0.007378843320795878,0.0072423897026701245
0.10510338174158355,9.572671026019041e-05,0.0,0.00730940539739597,0.007171106146882207
0.10579782618602798,9.65492897432797e-05,0.0,0.007239327819246767,0.0070992335922167495
0.10649227063047242,9.732457440446253e-05,0.0,0.0071686767963662764,0.0070268390661103715
0.10718671507491687,9.805312024194592e-05,0.0,0.007097517279873243,0.00695398836644211
0.1078811595193613,9.873549548627558e-05,0.0,0.0070259127504872,0.006880745833670208
0.10857560396380574,9.93722821326107e-05,0.0,0.006953925035583794,0.006807174127221875
0.10927004840825016,9.996407258776973e-05,0.0,0.006881614124619508,0.006733334041822867
0.1099644928526946,0.00010051146440091529,0.0,0.0068090379998836156,0.006659284345323266
0.11065893729713905,0.00010101505859776102,0.0,0.006736252493409516,0.006585081626804344
0.11135338174158348,0.0001014754594724237,0.0,0.006663311165013474,0.00651078016267402
0.11204782618602792,0.0001018932725883642,0.0,0.006590265197490172,0.006436431807215141
0.11274227063047235,0.00010226910250077014,0.0,0.006517163311791602,0.006362085905031492
0.11343671507491679,0.00010260355233678187,0.0,0.006444051703998867,0.0062877892226972255
0.11413115951936123,0.000102897224155502,0.0,0.006370974002784385,0.0062135859000230975
0.11482560396380566,0.00010315071850904223,0.0,0.0062979712454437385,0.006139517421944755
0.1155200484082501,0.0001033646339921945,0.0,0.006225081872273168,0.006065622609846946
0.11621449285269454,0.00010353956793732663,0.0,0.006152341738862321,0.005991937630801061
0.11690893729713897,0.00010367611759912239,0.0,0.006079784145250035,0.005918496023394563
0.11760338174158341,0.00010377488086117058,0.0,0.006007439879959133,0.005845328739456824
0.11829782618602784,0.00010383645695062572,0.0,0.0059353372777287946,0.005772464199965749
0.11899227063047228,0.00010386144786974518,0.0,0.00586350228928446,0.005699928363864623
0.11968671507491672,0.00010385046014474768,0.0,0.00579195856888521,0.005627744802246099
0.12038115951936115,0.00010380410586629247,0.0,0.0057207275422244,0.005555934807841575
0.1210756039638056,0.00010372300417232356,0.0,0.005649828525656777,0.005484517468069702
0.12177004840825002,0.00010360778275733731,0.0,0.005579278827532644,0.005413509773007263
0.12246449285269446,0.00010345907959646218,0.0,0.00550909384856023,0.005342926733016408
0.1231589372971389,0.00010327754420823107,0.0,0.005439287193411579,0.0052727814887917135
0.12385338174158333,0.0001030638387914514,0.0,0.005369870786112312,0.005203085420949577
0.12454782618602778,0.00010281863961168637,0.0,0.005300854982640894,0.005133848265088338
0.12524227063047222,0.0001025426382431116,0.0,0.00523224868242233,0.005065078227685845
0.12593671507491666,0.00010223654240783721,0.0,0.0051640594395072695,0.004996782098977127
0.12663115951936108,0.00010190107672139458,0.0,0.00509629357170866,0.004928965362660925
0.12732560396380552,0.00010153698346349385,0.0,0.005028956265734478,0.004861632303427107
0.12802004840824996,0.00010114502313454186,0.0,0.004962051678457095,0.004794786111118562
0.1287144928526944,0.00010072597469690718,0.0,0.004895583034146812,0.004728428980603237
0.12940893729713884,0.00010028063570356984,0.0,0.004829552717399189,0.004662562206614136
0.13010338174158326,9.980982236271591e-05,0.0,0.004763962360662335,0.004597186274081186
0.1307978261860277,9.931436940299495e-05,0.0,0.004698812926758652,0.004532300943183374
0.13149227063047214,9.87951296894164e-05,0.0,0.004634104785792835,0.004467905329598107
0.13218671507491658,9.825297373844896e-05,0.0,0.0045698377874806165,0.00440399797874511
0.13288115951936103,9.768878914862183e-05,0.0,0.004506011327305321,0.00434057693577672
0.13357560396380544,9.71034794459092e-05,0.0,0.00444262441790166,0.0042776398030823105
0.13427004840824988,9.649796474219716e-05,0.0,0.004379675712954435,0.004215183826111145
0.13496449285269432,9.587317925083302e-05,0.0,0.004317163593854642,0.0041532059096642685
0.13565893729713877,9.523006969774491e-05,0.0,0.00425508620931183,0.004091702682145375
0.1363533817415832,9.45695957024761e-05,0.0,0.0041934415095240575,0.004030670551650648
0.13704782618602762,9.389272848292088e-05,0.0,0.004132227284867676,0.003970105742362824
0.13774227063047206,9.320044870018103e-05,0.0,0.004071441203406031,0.003910004324275691
0.1384367150749165,9.249374526443129e-05,0.0,0.0040110808392353255,0.003850362248553425
0.13913115951936095,9.177361447842187e-05,0.0,0.003951143698944113,0.003791175378952122
0.1398256039638054,9.104105849220985e-05,0.0,0.0038916272450987147,0.00373243951818684
0.1405200484082498,9.029708360360541e-05,0.0,0.0038325289176414823,0.003674150428632626
0.14121449285269425,8.954269892030259e-05,0.0,0.0037738461495119293,0.0036163038532564433
0.1419089372971387,8.877891512895038e-05,0.0,0.0037155763818872475,0.0035588955322069862
0.14260338174158313,8.800674296644162e-05,0.0,0.0036577170752687626,0.003501921219225076
0.14329782618602757,8.722719169999115e-05,0.0,0.003600265722116531,0.0034453766916022668
0.14399227063047199,8.644126775079976e-05,0.0,0.0035432198516857144,0.0033892577637665102
0.14468671507491643,8.564997346495115e-05,0.0,0.0034865770404015387,0.003333560291147216
0.14538115951936087,8.485430564769922e-05,0.0,0.0034303349088014457,0.003278280184552509
0.1460756039638053,8.405525428373691e-05,0.0,0.003374491136836479,0.0032234134028420788
0.14677004840824975,8.325380113339978e-05,0.0,0.003319043444825204,0.003168955977677486
0.1474644928526942,8.245091865464393e-05,0.0,0.0032639896228291135,0.0031149039858976023
0.1481589372971386,8.164756901466367e-05,0.0,0.0032093275070391347,0.003061253576705757
0.14885338174158305,8.084470259834326e-05,0.0,0.003155054982196556,0.003008000966522414
0.1495478261860275,8.004325685724986e-05,0.0,0.003101169985238865,0.0029551424307875207
0.15024227063047194,7.924415555329826e-05,0.0,0.0030476705002021234,0.0029026743054669634
0.15093671507491638,7.844830779460543e-05,0.0,0.002994554552428509,0.002850592988129223
0.1516311595193608,7.765660694634773e-05,0.0,0.0029418202052102233,0.0027988949342201224
0.15232560396380523,7.686992978194799e-05,0.0,0.0028894655559240983,0.002747576652621419
0.15302004840824968,7.60891357733639e-05,0.0,0.0028374887306211348,0.002696634702462464
0.15371449285269412,7.531506631791381e-05,0.0,0.0027858878783982486,0.0026460656898271012
0.15440893729713856,7.454854399093053e-05,0.0,0.0027346611662107494,0.002595866263398854
0.15510338174158297,7.379037193969097e-05,0.0,0.0026838067734256243,0.0025460331098056746
0.15579782618602742,7.304133334708273e-05,0.0,0.0026333228860794073,0.002496562949012995
0.15649227063047186,7.230219090346997e-05,0.0,0.0025832076908657835,0.002447452529820416
0.1571867150749163,7.157368631882687e-05,0.0,0.002533459369633009,0.002398698624874641
0.15788115951936074,7.085653993629638e-05,0.0,0.0024840760934410166,0.0023502980260846473
0.15857560396380516,7.015145040174932e-05,0.0,0.002435056017708657,0.0023022475391866757
0.1592700484082496,6.945909436828699e-05,0.0,0.002386397275089381,0.0022545439802632724
0.15996449285269404,6.87801262270136e-05,0.0,0.002338097973614842,0.002207184168260784
0.16065893729713848,6.811517795399423e-05,0.0,0.002290156183257913,0.0021601649265770985
0.16135338174158292,6.746485898572671e-05,0.0,0.0022425699392365555,0.002113483069489218
0.16204782618602734,6.682975590690206e-05,0.0,0.0021953372450540746,0.002067135398675863
0.16274227063047178,6.621043275634002e-05,0.0,0.002148456047061922,0.0020211187141927624
0.16343671507491622,6.560743096603837e-05,0.0,0.0021019242419268815,0.001975429793364382
0.16413115951936066,6.502126908337621e-05,0.0,0.002055739668454613,0.0019300653911197296
0.1648256039638051,6.445244300232135e-05,0.0,0.002009900111888999,0.0018850222352212957
0.16552004840824952,6.390142628088683e-05,0.0,0.0019644032895676867,0.0018402970316721526
0.16621449285269396,6.336867010967803e-05,0.0,0.0019192468629842376,0.0017958864478638168
0.1669089372971384,6.285460351905284e-05,0.0,0.0018744284073712717,0.001751787126472861
0.16760338174158285,6.235963346523677e-05,0.0,0.0018299454554579868,0.0017079956527176372
0.1682978261860273,6.188414556845343e-05,0.0,0.0017857954042069196,0.0016645086096313062
0.16899227063047173,6.14285033102059e-05,0.0,0.0017419757090065336,0.0016213224573600412
0.16968671507491614,6.099305079631158e-05,0.0,0.0016984834311862113,0.001578433791363791
0.1703811595193606,6.0578108879357416e-05,0.0,0.0016553160000672632,0.0015358388582247236
0.17107560396380503,6.0183978971383684e-05,0.0,0.0016124703291083397,0.0014935341977809062
0.17177004840824947,5.981093975890157e-05,0.0,0.0015699444436147526,0.0014515156785229774
0.1724644928526939,5.9459259689454654e-05,0.0,0.0015277341667253826,0.0014097803683151432
0.17315893729713833,5.9129187126420305e-05,0.0,0.0014858358540059174,0.0013683242497494127
0.17385338174158277,5.882092944154632e-05,0.0,0.0014442471582946166,0.0013271428339192177
0.1745478261860272,5.85346993501172e-05,0.0,0.0014029636856920634,0.0012862330766218726
0.17524227063047165,5.827067625378807e-05,0.0,0.0013619850861280713,0.0012455898214456882
0.1759367150749161,5.8029043334411264e-05,0.0,0.0013213058996436962,0.001205210529839912
0.1766311595193605,5.7809963874289765e-05,0.0,0.0012809214780984432,0.001165090741067459
0.17732560396380495,5.761354647042127e-05,0.0,0.0012408291658647958,0.0011252254663759093
0.1780200484082494,5.7439915345841655e-05,0.0,0.001201025219105858,0.001085611167548438
0.17871449285269383,5.7289190581432085e-05,0.0,0.0011615068318894049,0.0010462435080023545
0.17940893729713828,5.7161466751961656e-05,0.0,0.0011222676698837068,0.0010071188834704084
0.1801033817415827,5.7056784039399624e-05,0.0,0.001083308150290313,0.0009682308497960669
0.18021215286429296,5.704248067915761e-05,0.0,0.0010772297788543173,0.0009621616986192284
0.18032092398700325,5.702875455061525e-05,0.0,0.0010711575120271612,0.0009560983499807716
0.18042969510971352,5.7015597928999616e-05,0.0,0.001065092667234821,0.0009500400808754891
0.18053846623242378,5.70030014102228e-05,0.0,0.0010590349960939963,0.0009439872192055891
0.18064723735513405,5.6990966227728586e-05,0.0,0.001052983868859197,0.0009379401938183765
0.18083791240762961,5.697123715258226e-05,0.0,0.0010423921625588959,0.0009273536120066343
0.1810285874601252,5.695326596123792e-05,0.0,0.001031820419382311,0.0009167844267178098
0.1812192625126208,5.693704833324559e-05,0.0,0.0010212688503183865,0.0009062323090321515
0.18140993756511636,5.69225774988258e-05,0.0,0.001010737390273624,0.0008956971975326309
0.18181329471946484,5.6897723250618264e-05,0.0,0.0009885246963007184,0.0008734669289558979
0.18221665187381333,5.688069919953816e-05,0.0,0.0009664004491682809,0.0008513117825726138
0.1826200090281618,5.687151433942131e-05,0.0,0.0009443638566321991,0.0008292307479893728
0.18302336618251028,5.687016950694197e-05,0.0,0.0009224139685262599,0.0008072229360495904
0.1836448235313884,5.688344230620075e-05,0.0,0.0008887630246938607,0.0007734564526494807
0.18426628088026648,5.6915324373241374e-05,0.0,0.0008553125180555612,0.0007398579561994258
0.1848877382291446,5.696578638510031e-05,0.0,0.000822059700375608,0.000706424521025463
0.1855091955780227,5.703483157165481e-05,0.0,0.0007890007684912082,0.0006731528212937233
0.1861306529269008,5.712243478463135e-05,0.0,0.0007561329938259021,0.0006400388476835767
0.18681484106283233,5.724030572530134e-05,0.0,0.0007201628643184736,0.0006037610761579823
0.18749902919876385,5.7380568606481563e-05,0.0,0.0006844175716682774,0.0005676647629867082
0.18805272617997515,5.751044376425936e-05,0.0,0.0006556465033273954,0.0005385840968593584
0.18848880333438794,5.762300792477885e-05,0.0,0.0006330862041452875,0.0005157611074624039
0.1889248804888007,5.774461228719108e-05,0.0,0.0006106131731447829,0.0004930068400285789
0.18936095764321348,5.787523988424151e-05,0.0,0.0005882236805459928,0.0004703211159078295
0.18979703479762627,5.8014858816390234e-05,0.0,0.0005659163211821502,0.0004477029267748418
0.19023311195203904,5.816344946583913e-05,0.0,0.0005436922322400334,0.0004251493507824393
0.1908510748217789,5.838935798509288e-05,0.0,0.0005123360906803381,0.0003932982068063923
0.19146903769151874,5.8633172201576673e-05,0.0,0.0004811376755694972,0.0003615725129707309
0.1920870005612586,5.8894816243706545e-05,0.0,0.000450094039982419,0.000329968583158292
0.19270496343099847,5.9174220860245667e-05,0.0,0.00041920166738160794,0.0002984825336503302
0.1933229263007383,5.947130669235425e-05,0.0,0.00038845579398193527,0.0002671106639316066
0.19401737074518274,5.982614820175232e-05,0.0,0.00035407535025834856,0.0002319873537950809
0.19471181518962719,6.020307706841191e-05,0.0,0.000319870534320615,0.00019699786324919017
0.19540625963407163,6.0601968415586374e-05,0.0,0.0002858357767457679,0.00016213684961801294
0.19610070407851604,6.102268778091172e-05,0.0,0.0002519654610810294,0.00012739876929532279
0.19679514852296048,6.146509269595735e-05,0.0,0.00021825419321672149,9.277803618449108e-05
0.19748959296740493,6.192903929728282e-05,0.0,0.00018469608767450265,5.826915614683837e-05
0.19818403741184937,6.241438480035471e-05,0.0,0.00015128568246241105,2.386651770559647e-05
0.19832292630073825,6.251400904087225e-05,0.0,0.0001446208680499525,1.699824323000076e-05
0.19846181518962713,6.261448158569186e-05,0.0,0.00013796166204687945,1.01339553029116e-05
0.19860070407851602,6.271580131557952e-05,0.0,0.00013130803848364613,3.2736014667708456e-06
0.19861977064150863,6.272977622954393e-05,0.0,0.0001303950619796472,2.3321210164015835e-06
0.19863883720450123,6.274376693693316e-05,0.0,0.0001294821896511672,1.3907128910301795e-06
0.19865790376749384,6.275777357046605e-05,0.0,0.00012856942317229523,4.4937708975978346e-07
0.19866852345318783,6.276571418154311e-05,0.0,0.00012806328185236863,0.0
0.19867800654651543,6.27734240997569e-05,0.0,0.00012762155777591832,0.0
0.198687489639843,6.278220991182265e-05,0.0,0.0001271963167797014,0.0
0.1986969727331706,6.279199249929705e-05,0.0,0.00012678337822893642,0.0
0.19871396707975003,6.28118059699461e-05,0.0,0.0001260647199698773,0.0
0.19873096142632946,6.283418282225445e-05,0.0,0.00012536071858646865,0.0
0.19874795577290888,6.285879836597797e-05,0.0,0.00012466593457955514,0.0
0.1987649501194883,6.288535860009331e-05,0.0,0.0001239771518905501,0.0
0.1987828106391189,6.291506461715512e-05,0.0,0.00012325616155378966,0.0
0.19880067115874947,6.294637942346234e-05,0.0,0.0001225367944588098,0.0
0.19881853167838007,6.297907513285326e-05,0.0,0.0001218181070386901,0.0
0.19883200655579691,6.300453950671026e-05,0.0,0.00012127598290443497,0.0
0.19884548143321376,6.303060117583188e-05,0.0,0.00012073380427940329,0.0
0.1988589563106306,6.305719363370753e-05,0.0,0.00012019152762585758,0.0
0.19887691306794056,6.309334937847645e-05,0.0,0.00011946865492869673,0.0
0.19889486982525048,6.313021847004848e-05,0.0,0.00011874545904133056,0.0
0.19891282658256043,6.316769249411483e-05,0.0,0.00011802190071085909,0.0
0.19896915618369784,6.328811807157683e-05,0.0,0.00011574970779803934,0.0
0.19902548578483525,6.341164355348055e-05,0.0,0.0001134737940164775,0.0
0.19908181538597267,6.353680024978722e-05,0.0,0.00011119423548391224,0.0
0.19910180014646356,6.358142210853983e-05,0.0,0.0001103848542803559,0.0
0.19912178490695442,6.362610112961485e-05,0.0,0.00010957528841902581,0.0
0.1991417696674453,6.367083240692904e-05,0.0,0.0001087652846687582,0.0
0.19915808077386843,6.370736847184148e-05,0.0,0.00010810383710112899,0.0
0.1991743918802916,6.37439204001384e-05,0.0,0.00010744213259972568,0.0
0.19919070298671473,6.37804818178468e-05,0.0,0.00010678019578376185,0.0
0.1992436182442782,6.389909246959617e-05,0.0,0.00010463126792040856,0.0
0.19929653350184165,6.401764034878979e-05,0.0,0.00010248010724921264,0.0
0.1993494487594051,6.413605226677658e-05,0.0,0.00010032692707367715,0.0
0.19944069596883074,6.433988471524758e-05,0.0,9.660946239335605e-05,0.0
0.19946350777118715,6.439077205215441e-05,0.0,9.567958870110153e-05,0.0
0.19948631957354357,6.444162323152811e-05,0.0,9.47497782677618e-05,0.0
0.19950913137589996,6.449245085157041e-05,0.0,9.381955400155225e-05,0.0
0.199523063553883,6.452348291654404e-05,0.0,9.325117941066377e-05,0.0
0.199536995731866,6.455450736524475e-05,0.0,9.268267833915783e-05,0.0
0.19955092790984905,6.458552466232912e-05,0.0,9.211408416295028e-05,0.0
0.19958180200286685,6.465423650992996e-05,0.0,9.085375366015705e-05,0.0
0.19961267609588468,6.472292069394863e-05,0.0,8.959301701824003e-05,0.0
0.19964355018890248,6.479158206392506e-05,0.0,8.833189900886998e-05,0.0
0.1996850710619719,6.488389403756971e-05,0.0,8.663533533997864e-05,0.0
0.1996870605061691,6.48883164444399e-05,0.0,8.655402971699053e-05,0.0
0.19968904995036632,6.489273879820718e-05,0.0,8.647272214516034e-05,0.0
0.19969103939456354,6.4897161105368e-05,0.0,8.639141331700384e-05,0.0
0.19969501828295794,6.490967970845494e-05,1.529043249765354e-07,8.623681816488205e-05,0.0
0.19969746788780604,6.492740800115541e-05,6.726742330929557e-07,8.61636772479908e-05,0.0
0.19969991749265414,6.495996470003233e-05,1.1560574504611413e-06,8.61223079464732e-05,0.0
0.19970236709750222,6.500600260428576e-05,1.607446077532655e-06,8.610800626898053e-05,0.0
0.19970726630719848,6.513424553445544e-05,2.427880327460466e-06,8.614611768189931e-05,0.0
0.19971216551689472,6.530324262869271e-05,3.1618374786590515e-06,8.624862859152581e-05,0.0
0.19971706472659095,6.55069003098501e-05,3.827267380299436e-06,8.639708907995865e-05,0.0
0.1997219639362872,6.574015098496294e-05,4.438350309355211e-06,8.657726142557138e-05,0.0
0.19973042306654215,6.620079633775092e-05,5.396381513314991e-06,8.693301208441634e-05,0.0
0.1997388821967971,6.672060828396711e-05,6.265753261198306e-06,8.731347289082426e-05,0.0
0.1997473413270521,6.728767419268166e-05,7.071133815883289e-06,8.769807243792004e-05,0.0
0.19975580045730706,6.789285738004602e-05,7.828824640541542e-06,8.807496701558186e-05,0.0
0.1997652136555045,6.860226664185645e-05,8.629596802736253e-06,8.847701971869914e-05,0.0
0.19977462685370195,6.934191954657682e-05,9.395531825957687e-06,8.885673485369002e-05,0.0
0.19978404005189943,7.010552756368223e-05,1.0133088595011657e-05,8.921324758083714e-05,0.0
0.19979345325009687,7.08878610867697e-05,1.0846943882542988e-05,8.954696622046862e-05,0.0
0.19980264546624485,7.16654116705607e-05,1.1524682031571663e-05,8.985205048976593e-05,0.0
0.1998118376823928,7.245328966682885e-05,1.2185399617676919e-05,9.01379641309434e-05,0.0
0.19982102989854078,7.324852012385234e-05,1.2831066773049127e-05,9.040618551130085e-05,0.0
0.19984410063816024,7.526228491180613e-05,1.4394294032207639e-05,9.10102638807101e-05,0.0
0.1998671713777797,7.727459153675719e-05,1.5892178493748532e-05,9.153350501993697e-05,0.0
0.19989024211739917,7.926579220844971e-05,1.7335729578831067e-05,9.199371594782752e-05,0.0
0.19991331285701863,8.122292701044436e-05,1.8732087150328467e-05,9.240583844705848e-05,0.0
0.1999248699111026,8.218718294200077e-05,1.9417021845331077e-05,9.259661170643229e-05,0.0
0.19993642696518657,8.313952177040243e-05,2.0093901060991092e-05,9.277728911448873e-05,0.0
0.19994798401927052,8.407947843566876e-05,2.076281657987176e-05,9.294936639692809e-05,0.0
0.1999589112564692,8.495650048723902e-05,2.1388227380670962e-05,9.310507890476048e-05,0.0
0.19996983849366787,8.582188051324176e-05,2.200725489643765e-05,9.325451213532864e-05,0.0
0.19998076573086657,8.667545841070308e-05,2.2620319958054375e-05,9.339808289440903e-05,0.0
0.20002037268526546,8.967017663779722e-05,2.479705927111181e-05,9.387475019974414e-05,0.0
0.20005997963966435,9.251128388322018e-05,2.6913018893421026e-05,9.429461163349937e-05,0.0
0.20006988137826404,9.319864142388975e-05,2.7433166518811086e-05,9.439236378679972e-05,0.0
0.20007978311686375,9.387748066813783e-05,2.7949409387907017e-05,9.448795030607564e-05,0.0
0.20008968485546344,9.454754761663006e-05,2.8462884422155672e-05,9.458051943724569e-05,0.0
0.20009958659406316,9.520906286724416e-05,2.897361347158519e-05,9.467023904911714e-05,0.0
0.2001092007221296,9.584344944867988e-05,2.9466688234758042e-05,9.475504465562293e-05,0.0
0.20011881485019606,9.647019000574573e-05,2.995710489715605e-05,9.483759676847478e-05,0.0
0.2001284289782625,9.708945668789939e-05,3.0444961578603806e-05,9.491794376289727e-05,0.0
0.20014322815107255,9.802855177408587e-05,3.119105931397605e-05,9.503752662072418e-05,0.0
0.20015802732388263,9.895103671074155e-05,3.1931427344991035e-05,9.515236411031257e-05,0.0
0.20017282649669269,9.985756549028805e-05,3.2666283819530414e-05,9.526268128082364e-05,0.0
0.20022228198461672,0.0001027789493092928,3.508445366637256e-05,9.560083580368441e-05,0.0
0.2002717374725408,0.00010555255619750417,3.745047881920897e-05,9.589718943877579e-05,0.0
0.20032119296046483,0.0001081993271869968,3.976983437167638e-05,9.61571218734876e-05,0.0
0.20033355683244583,0.00010884343196253195,4.03433737394934e-05,9.621648017628399e-05,0.0
0.20034592070442683,0.000109480903779624,4.091509395825304e-05,9.627308701546564e-05,0.0
0.20035828457640784,0.00011011224770165027,4.148402725337253e-05,9.63282219411643e-05,0.0
0.20037064844838884,0.00011073772022867151,4.2050246546582756e-05,9.638193818031879e-05,0.0
0.20038022301382863,0.00011121812800636178,4.2487259830566895e-05,9.642219899927774e-05,0.0
0.20038979757926842,0.00011169520379248042,4.2922987859099975e-05,9.646136238870698e-05,0.0
0.20039937214470824,0.00011216907107924284,4.335739845719851e-05,9.649952552666964e-05,0.0
0.2004097021256805,0.00011267684612361505,4.382465314313879e-05,9.653959305816416e-05,0.0
0.20042003210665277,0.0001131811280843307,4.429047649075511e-05,9.657852172197104e-05,0.0
0.20043036208762502,0.00011368203948071412,4.475491003782034e-05,9.661633549553363e-05,0.0
0.2004685696178248,0.00011550783969303989,4.64612903801388e-05,9.674714481903201e-05,0.0
0.20050677714802456,0.0001172947586382929,4.815053762690568e-05,9.686480707318821e-05,0.0
0.2005163290305745,0.00011773588781644667,4.8570500995155915e-05,9.689210643397258e-05,0.0
0.20052588091312445,0.00011817493841546629,4.898971052928522e-05,9.691846664185494e-05,0.0
0.2005354327956744,0.0001186120381657056,4.940795699431883e-05,9.69441705185597e-05,0.0
0.20054403055888176,0.00011900386744259123,4.978360940689593e-05,9.69667730756481e-05,0.0
0.20055262832208912,0.0001193942142599844,5.015854233578775e-05,9.69888418966145e-05,0.0
0.20056122608529647,0.00011978312248467777,5.053278627588422e-05,9.701037319464616e-05,0.0
0.20057937724420166,0.00012059967170965609,5.132069748104834e-05,9.705411574494799e-05,0.0
0.20059752840310682,0.00012141042270540443,5.2105771313388495e-05,9.709560774375502e-05,0.0
0.20061567956201198,0.00012221576594616975,5.288816079764862e-05,9.713494191642814e-05,0.0
0.2006832293104925,0.0001251708393377793,5.5778534843947844e-05,9.726367005154977e-05,0.0
0.20070011674761265,0.00012590082731787236,5.649635534145453e-05,9.729205336096321e-05,0.0
0.2007170041847328,0.0001266277886974494,5.721217271415203e-05,9.731934395922938e-05,0.0
0.2007338916218529,0.00012735185545432282,5.792642570590822e-05,9.734521173764272e-05,0.0
0.20075077905897304,0.0001280731939044244,5.86393388315581e-05,9.736955878508362e-05,0.0
0.2007602830167164,0.00012847805921010653,5.9039864327828095e-05,9.738276607114066e-05,0.0
0.20076978697445977,0.00012888218437012055,5.943988109482092e-05,9.739566202132083e-05,0.0
0.20077929093220312,0.00012928558721571245,5.983945620331024e-05,9.7408195866963e-05,0.0
0.20078781648104105,0.00012964686934957505,6.019753628901224e-05,9.741913324465561e-05,0.0
0.20079634202987898,0.00013000761636250736,6.055527939995534e-05,9.742979612032761e-05,0.0
0.20080486757871688,0.000130367849601248,6.0912691867640675e-05,9.744019461885408e-05,0.0
0.2008743332266476,0.00013328617752031308,6.381334385735522e-05,9.75161224282092e-05,0.0
0.2008916996386303,0.00013401181029413427,6.453570545782846e-05,9.75328441255802e-05,0.0
0.20092643246259564,0.00013545921777254798,6.597750353853224e-05,9.756389844177137e-05,0.0
0.200961165286561,0.0001369021773134149,6.741577585116141e-05,9.75920289169471e-05,0.0
0.20099589811052634,0.00013834153752898876,6.885079147482754e-05,9.761773532344776e-05,0.0
0.2010306309344917,0.00013977802692951972,7.028291154169327e-05,9.764135134109739e-05,0.0
0.20110906759962996,0.0001430143486441209,7.350822724158003e-05,9.768817417585628e-05,0.0
0.2011875042647682,0.00014624469978848914,7.672408724989511e-05,9.772823459604376e-05,0.0
0.20126594092990646,0.00014947334513505865,7.993327093365706e-05,9.776384076361161e-05,0.0
0.2013443775950447,0.00015270321477429881,8.313794324914989e-05,9.779685145056401e-05,0.0
0.2014551358614456,0.00015726979796536796,8.765874566326805e-05,9.784182186245584e-05,0.0
0.20156589412784645,0.00016184618976998916,9.217766650272104e-05,9.788763983899382e-05,0.0
0.2016766523942473,0.00016643334566929693,9.669695320514516e-05,9.793627786284788e-05,0.0
0.20178741066064818,0.00017103127269364328,0.00010121817090738509,9.79889862309727e-05,0.0
0.20189816892704907,0.00017563974538914643,0.00010574237084413098,9.804673585460226e-05,0.0
0.20200892719344993,0.00018025828851811436,0.00011027041528930875,9.810998480437274e-05,0.0
0.2021196854598508,0.00018488626146674877,0.00011480253489107986,9.81792570710041e-05,0.0
0.20223044372625165,0.0001895227282482443,0.00011933923310624677,9.825426068004143e-05,0.0
0.2023753265094822,0.00019559920453658732,0.00012528006647799148,9.836156117847892e-05,0.0
0.20252020929271275,0.00020168701599672316,0.00013122816820218932,9.84786719088723e-05,0.0
0.2026650920759433,0.00020778463683766656,0.00013718326082784785,9.860505425376474e-05,0.0
0.20280997485917385,0.00021389086329142739,0.00014314488517149534,9.874027111758287e-05,0.0
0.2029548576424044,0.0002200047025775148,0.0001491126055182777,9.88838234174968e-05,0.0
0.20314734878642152,0.00022813790789747142,0.0001570500539179778,9.90865363112553e-05,0.0
0.20333983993043864,0.00023628155688808217,0.00016499661920786786,9.930187136591493e-05,0.0
0.20353233107445573,0.00024443448201076336,0.000172951443091319,9.952877650244936e-05,0.0
0.20372482221847285,0.0002525957805947067,0.00018091377719847075,9.976630094392787e-05,0.0
0.20391731336248997,0.0002607647360235146,0.00018888296965506536,0.00010001359379640748,0.0
0.20430263871966658,0.0002771379051051568,0.0002048539094379173,0.00010053498246422113,0.0
0.20468796407684323,0.0002935359101848972,0.0002208462926084932,0.00010108734236359337,0.0
0.20507328943401987,0.0003099562486350483,0.00023685725184417901,0.00010166653471541031,0.0
0.20545861479119648,0.00032639701585166956,0.0002528846230155379,0.00010226922110897753,0.0
0.20584394014837312,0.00034285677267557424,0.0002689267635570312,0.00010289272084834933,0.0
0.20632063206972867,0.00036324416574705273,0.00028879144113892416,0.00010368963090833944,0.0
0.20679732399108425,0.00038365785516903376,0.0003086754279956792,0.00010451186142826371,0.0
0.2072740159124398,0.00040409715258433586,0.00032857786477239815,0.00010535685781872175,0.0
0.20775070783379537,0.00042456178130087274,0.00034849826717827336,0.00010622271701939614,0.0
0.20822739975515092,0.0004450517555589625,0.0003684366955470025,0.0001071078400265295,0.0
0.2087040916765065,0.0004655674423344114,0.0003883932988530688,0.00010801124446533691,0.0
0.20935242483143726,0.0004935123124600824,0.00041556587978477407,0.00010926754277852893,0.0
0.21000075798636805,0.0005215073806223868,0.0004427747819194527,0.00011055424034535789,0.0
0.21064909114129882,0.0005495546692807233,0.0004700220536013154,0.00011187002905127011,0.0
0.2112974242962296,0.0005776564426449504,0.0004973100479939121,0.0001132139100775767,0.0
0.21194575745116037,0.0006058151841473347,0.0005246413129341715,0.00011458512835474572,0.0
0.21259409060609116,0.0006340335264364222,0.0005520185781505731,0.00011598302112987108,0.0
0.21328853505053558,0.0006643280558360947,0.000581397254243141,0.00011750924022832755,0.0
0.21398297949498002,0.0006946975771852584,0.0006108355692501883,0.0001190647118688552,0.0
0.21467742393942446,0.0007251456682188076,0.0006403372563193909,0.00012064878118211661,0.0
0.2153718683838689,0.0007556760199056062,0.0006699061995373248,0.00012226076573573888,0.0
0.21606631282831334,0.0007862924293058851,0.0006995463302636459,0.00012390005338205128,0.0
0.21676075727275776,0.0008169987801809357,0.0007292616382234291,0.00012556606543018785,0.0
0.2174552017172022,0.0008477990259550008,0.0007590563324368866,0.0001272580753093325,0.0
0.21814964616164664,0.0008786972282392346,0.0007889347437560734,0.0001289753185592062,0.0
0.21884409060609109,0.0009096975559932952,0.0008189010467352935,0.0001307173255572899,0.0
0.21953853505053553,0.0009408042392142252,0.000848959484562028,0.0001324836381408599,0.0
0.22023297949497994,0.0009720215156860886,0.0008791149519957531,0.000134273161551887,0.0
0.22092742393942438,0.001003353792727079,0.0009093724018144996,0.00013608481320780664,0.0
0.22162186838386883,0.0010348056390419916,0.0009397354744925308,0.00013791914605060997,0.0
0.22231631282831327,0.001066381522069896,0.0009702084048636064,0.0001397760338399115,0.0
0.2230107572727577,0.0010980856848469794,0.0010007983280496725,0.00014165221386722892,0.0
0.22370520171720212,0.0011299232977404112,0.0010315084381211455,0.00014354898474647974,0.0
0.22439964616164657,0.0011618987465165922,0.0010623436576958456,0.00014546571752383357,0.0
0.225094090606091,0.0011940166209548917,0.001093309256506649,0.0001474013630949123,0.0
0.22578853505053545,0.001226281794950551,0.0011244100853686234,0.00014935550866966907,0.0
0.2264829794949799,0.0012586990742744465,0.001155651042478425,0.00015132776806895502,0.0
0.2271774239394243,0.001291273169124168,0.001187037363199192,0.0001533173463335035,0.0
0.22787186838386875,0.0013240088778347274,0.0012185741656428589,0.00015532359856403727,0.0
0.2285663128283132,0.0013569110656954867,0.001250266271970825,0.00015734626904237767,0.0
0.22926075727275763,0.001389984518243971,0.0012821187048325017,0.00015938488674196397,0.0
0.22995520171720207,0.0014232339831248744,0.0013141368472484717,0.00016143856632997998,0.0
0.2306496461616465,0.0014566643127286354,0.0013463258315712053,0.00016350673086489882,0.0
0.23134409060609093,0.0014902803894623173,0.001378690296095539,0.00016558937564169622,0.0
0.23203853505053537,0.0015240869230147942,0.0014112351692519083,0.00016768612172081998,0.0
0.2327329794949798,0.0015580885220249495,0.0014439661239139567,0.00016979570586341628,0.0
0.23342742393942426,0.0015922899931733053,0.0014768885194810612,0.000171917253119443,0.0
0.2341218683838687,0.0016266962987333776,0.001510006427091184,0.00017405137404731202,0.0
0.2348163128283131,0.00166131206804364,0.0015433239598016942,0.0001761985263984638,0.0
0.23551075727275755,0.001696141478463106,0.0015768473061533394,0.00017835666925927754,0.0
0.236205201717202,0.0017311890015584068,0.0016105833749104023,0.000180522988756865,0.0
0.23689964616164644,0.0017664603824090765,0.0016445337673388328,0.000182700917999672,0.0
0.23759409060609088,0.0018019591515835089,0.0016787042092063194,0.0001848888886901957,0.0
0.2382885350505353,0.001837689691316439,0.0017130999994935555,0.0001870855374395638,0.0
0.23898297949497974,0.001873656771513285,0.001747725468928584,0.0001892908898832127,0.0
0.23967742393942418,0.0019098646896393708,0.0017825853107701062,0.00019150450981809876,0.0
0.24037186838386862,0.0019463175787809478,0.0018176844299286508,0.00019372549064376943,0.0
0.24106631282831306,0.0019830197164816764,0.0018530272703102802,0.0001959534005687873,0.0
0.24176075727275748,0.0020199752940851085,0.0018886181210104288,0.00019818795611745816,0.0
0.24245520171720192,0.0020571883006529775,0.0019244615570336932,0.00020042843444749913,0.0
0.24314964616164636,0.002094662721120501,0.001960562095917891,0.00020267409163810373,0.0
0.2438440906060908,0.0021324025624830166,0.0019969238510393174,0.00020492459144134522,0.0
0.24453853505053524,0.002170411647481103,0.0020335508893786305,0.00020717953709209738,0.0
0.24523297949497966,0.0022086936133308144,0.0020704475456284907,0.0002094380857506274,0.0
0.2459274239394241,0.0022472521290555748,0.0021076180263376377,0.0002116994653932095,0.0
0.24662186838386854,0.002286090884900422,0.0021450660512086486,0.0002139634009481303,0.0
0.24731631282831298,0.002325213331721016,0.0021827952815560224,0.00021622953863572052,0.0
0.24801075727275743,0.0023646226647056536,0.0022208097767728715,0.000218496891764281,0.0
0.24870520171720184,0.0024043221323059014,0.0022591135185593926,0.00022076447734143242,0.0
0.24939964616164628,0.0024443150964629573,0.0022977097507972874,0.00022303211223084472,0.0
0.2500940906060907,0.002484604636900622,0.002336601459159739,0.00022529974136534597,0.0
0.25078853505053517,0.0025251932228051964,0.0023757928175459414,0.00022756567600346715,0.0
0.2514829794949796,0.0025660840026645333,0.002415286708661888,0.00022982967817190627,0.0
0.25217742393942405,0.002607279635570601,0.002455086160567995,0.000232091277213111,0.0
0.2528718683838685,0.0026487825251648753,0.002495194314979175,0.00023434959491364953,0.0
0.25356631282831293,0.0026905950928867092,0.0025356140300218212,0.000236603930074198,0.0
0.2542607572727573,0.002732719631524593,0.0025763479857030913,0.00023885367283449767,0.0
0.25495520171720176,0.0027751582266143317,0.0026173988143649942,0.00024109808530822644,0.0
0.2556496461616462,0.002817912827055231,0.0026587690038132345,0.0002433364100063056,0.0
0.25634409060609065,0.0028609852519786206,0.0027004608412821035,0.0002455679503060317,0.0
0.2570385350505351,0.002904377136463599,0.0027424764459431984,0.00024779201457742384,0.0
0.25773297949497953,0.0029480899074499274,0.0027848179359508023,0.00025000769848206587,0.0
0.258427423939424,0.002992124910403333,0.0028274872148648937,0.0002522141805537246,0.0
0.2591218683838684,0.0030364834262865178,0.002870485684230123,0.0002544110707191274,0.0
0.25981631282831286,0.0030811663073420383,0.0029138147702852772,0.00025659766366926436,0.0
0.2605107572727573,0.0031261739916309014,0.002957476340553881,0.0002587724118617662,0.0
0.2612052017172017,0.0031715072847155693,0.003001471597627435,0.00026093445288867295,0.0
0.2618996461616461,0.0032171671751039916,0.0030458005008391384,0.00026308435258513683,0.0
0.26259409060609057,0.00326315330581237,0.0030904638787452427,0.00026522118121903994,0.0
0.263288535050535,0.0033094645410070554,0.0031354641684277515,0.0002673415077942773,0.0
0.26398297949497945,0.0033561017615849017,0.0031808014262922684,0.0002694449153934134,0.0
0.2646774239394239,0.003403066310103261,0.0032264724659090967,0.00027153520858581447,0.0
0.26537186838386834,0.003450354662468574,0.003272480026296288,0.00027360778100115794,0.0
0.2660663128283128,0.0034979661581644368,0.0033188240005536398,0.0002756609413270311,0.0
0.2667607572727572,0.0035459005818108034,0.0033655030994372585,0.0002776951823964703,0.0
0.26745520171720166,0.0035941566218777136,0.003412516627310168,0.00027970947355494797,0.0
0.2681496461616461,0.003642732441275532,0.0034598636196973287,0.00028170324670702407,0.0
0.2688440906060905,0.0036916258603110043,0.003507543159204063,0.00028367471360011073,0.0
0.26953853505053493,0.0037408348425259285,0.0035555535110827706,0.0002856236146341681,0.0
0.2702329794949794,0.003790356989017745,0.0036038930586385787,0.0002875483424681939,0.0
0.2709274239394238,0.003840189659486015,0.003652559646919427,0.00028944877126078347,0.0
0.27162186838386826,0.003890329926161711,0.003701551146920892,0.00029132303356032505,0.0
0.2723163128283127,0.003940774341685207,0.003750865011772515,0.00029317108252671723,0.0
0.27301075727275714,0.003991519745406132,0.003800498315058858,0.00029499085303943625,0.0
0.2737052017172016,0.004042561643173977,0.0038504482661077056,0.00029678253467240796,0.0
0.274399646161646,0.004093897050911716,0.0039007108549086,0.00029854374442776343,0.0
0.27509409060609047,0.004145519713123367,0.003951283496879979,0.00030027506734440964,0.0
0.27578853505053486,0.0041974277977714965,0.004002160381000739,0.0003019735239580738,0.0
0.2764829794949793,0.004249611711332238,0.004053340164015793,0.0003036404991530342,0.0
0.27717742393942374,0.004302070878561639,0.004104815124170866,0.0003052727290474608,0.0
0.2778718683838682,0.004354798281940586,0.00415658122605594,0.000306869539573977,0.0
0.2785663128283126,0.004407786017009813,0.004208634412169205,0.00030843090140680597,0.0
0.27926075727275707,0.004461028938568533,0.00426096831882966,0.00030995530237687554,0.0
0.2799552017172015,0.004514520651943272,0.0043135769022720925,0.00031144138452892663,0.0
0.28064964616164595,0.004568253853729598,0.00436645411612545,0.0003128881931207813,0.0
0.2813440906060904,0.004622221136130172,0.004419593393409913,0.00031429470753839865,0.0
0.28203853505053483,0.0046764148356819475,0.004472987776075758,0.0003156597932522192,0.0
0.2827329794949792,0.0047308269067641556,0.004526629984301839,0.0003169823318824085,0.0
0.28342742393942366,0.004785448924723975,0.004580512397687454,0.00031826123528975016,0.0
0.2841218683838681,0.004840272106513574,0.0046346270368594145,0.0003194954059993743,0.0
0.28481631282831255,0.004895287314163425,0.0046889655584968154,0.0003206837338491677,0.0
0.285510757272757,0.004950485049820695,0.004743519254662284,0.00032182510841398165,0.0
0.28620520171720143,0.00500585544932438,0.0047982790527907855,0.0003229184216123741,0.0
0.28689964616164587,0.005061388262993579,0.004853235474499532,0.0003239626058511858,0.0
0.2875940906060903,0.005117072841762001,0.004908378793023501,0.00032495641537519913,0.0
0.28828853505053476,0.0051728982681346685,0.004963698879227712,0.00032589870653304564,0.0
0.2889829794949792,0.005228853375284255,0.005019184967287017,0.00032678871748792704,0.0
0.2896774239394236,0.005284926336385936,0.0050748260884076616,0.00032762535331128535,0.0
0.290371868383868,0.005341104743029351,0.005130611261983465,0.0003284069892158669,0.0
0.29106631282831247,0.005397376375419323,0.0051865287177679095,0.0003291326594364169,0.0
0.2917607572727569,0.00545372881119614,0.0052425659587794285,0.0003298019378008649,0.0
0.29245520171720135,0.005510148246917271,0.005298711009837702,0.0003304131437484474,0.0
0.2931496461616458,0.005566621217952546,0.005354950978033994,0.0003309651387351234,0.0
0.29384409060609024,0.00562313400615239,0.005411272504157742,0.0003314571617882777,0.0
0.2945385350505347,0.005679672224429867,0.005467662114901603,0.0003318880877965785,0.0
0.2952329794949791,0.005736221160474861,0.0055241058984722485,0.00033225677852142746,0.0
0.29592742393942356,0.0057927658144762625,0.005580589489029968,0.00033256225999828316,0.0
0.296621868383868,0.005849290804740439,0.005637098208979712,0.0003328035240580926,0.0
0.2973163128283124,0.005905780402217393,0.005693617037240444,0.0003329795359001982,0.0
0.29801075727275683,0.00596221854183335,0.005750130562103,0.00033308931406640587,0.0
0.2987052017172013,0.006018588792900113,0.005806623016638605,0.0003331318930935371,0.0
0.2993996461616457,0.006074874385448226,0.0058630782964784805,0.00033310629939668545,0.0
0.30009409060609016,0.006131058243155084,0.005919479945482687,0.00033301158635683817,0.0
0.3007885350505346,0.006187122968592537,0.005975811161169696,0.00033284684221736256,0.0
0.30148297949497904,0.006243050829394411,0.006032054813241534,0.0003326111671023176,0.0
0.3021774239394235,0.0062988237814808005,0.006088193447224642,0.0003323036713321272,0.0
0.3028718683838679,0.006354423493190313,0.006144209284203363,0.00033192349211570043,0.0
0.30356631282831237,0.006409831345323522,0.006200084231642382,0.0003314697975255153,0.0
0.30426075727275675,0.0064650284283582875,0.006255799896839315,0.0003309417787719483,0.0
0.3049552017172012,0.00651999555598677,0.006311337593834244,0.00033033864779254834,0.0
0.30564964616164564,0.006574713283785866,0.006366678349853648,0.00032965964235613876,0.0
0.3063440906060901,0.006629161921662385,0.006421802914434034,0.0003289040326811474,0.0
0.3070385350505345,0.006683321532503687,0.006476691778425046,0.00032807111557494977,0.0
0.30773297949497896,0.006737171952317575,0.006531325177208092,0.00032716021791542144,0.0
0.3084274239394234,0.006790692803149041,0.006585683102483695,0.00032617069885854566,0.0
0.30912186838386785,0.006843863503536765,0.00663974531774483,0.0003251019491069673,0.0
0.3098163128283123,0.006896663282554918,0.006693491370384495,0.0003239533924832817,0.0
0.31051075727275673,0.006949071193949257,0.006746900603767174,0.0003227244876920071,0.0
0.3112052017172011,0.007001066130151739,0.006799952171062605,0.00032141472874997964,0.0
0.31189964616164556,0.007052626837368554,0.006852625049756611,0.0003200236457921433,0.0
0.31259409060609,0.007103731931163746,0.00690489805630198,0.00031855080655009935,0.0
0.31328853505053444,0.007154359911921363,0.006956749861134367,0.00031699581747622667,0.0
0.3139829794949789,0.007204489180770624,0.007008159004189322,0.00031535832437990197,0.0
0.31467742393942333,0.007254098056339931,0.007059103910916155,0.00031363801321384124,0.0
0.31537186838386777,0.007303164791887046,0.0071095629086941805,0.000311834611194394,0.0
0.3160663128283122,0.007351667592554544,0.007159514243680593,0.00030994788781806655,0.0
0.31676075727275665,0.0073995846328873535,0.0072089360979845874,0.00030797765561468014,0.0
0.3174552017172011,0.007446894074825712,0.0072578066072112755,0.00030592377081326076,0.0
0.31814964616164554,0.007493574086119416,0.007306103878359806,0.00030378613414153095,0.0
0.3188440906060899,0.007539602858949812,0.007353806008048907,0.00030156469168521566,0.0
0.3195385350505344,0.0075849586286841865,0.007400891101004378,0.00029925943562015883,0.0
0.3202329794949789,0.007629619695235438,0.00744733728667758,0.00029687040710159454,0.0
0.32092742393942336,0.007673564433384906,0.00749312274624696,0.00029439768842545234,0.0
0.32162186838386786,0.007716771324192052,0.007538225721981402,0.0002918414134253842,0.0
0.3223163128283123,0.007759218970040085,0.00758262453975212,0.0002892017663645539,0.0
0.3230107572727568,0.007800886111202441,0.007626297631358728,0.0002864789781014884,0.0
0.32370520171720124,0.007841751648228657,0.007669223552388826,0.0002836733284733292,0.0
0.32439964616164574,0.007881794662306747,0.007711381001617388,0.00028078514780995745,0.0
0.3250940906060902,0.007920994434201998,0.007752748841610945,0.0002778148162776587,0.0
0.3257885350505347,0.007959330464116973,0.007793306118622865,0.00027476276399061704,0.0
0.3264829794949791,0.007996782491823456,0.007833032082245445,0.0002716294716201102,0.0
0.3271774239394236,0.008033330516396793,0.007871906205387027,0.0002684154705192436,0.0
0.32787186838386806,0.00806895481581782,0.007909908204230038,0.0002651213426882936,0.0
0.32856631282831256,0.00810363596649743,0.007947018057952114,0.00026174772086983556,0.0
0.32926075727275705,0.00813735486260466,0.007983216028333495,0.00025829528856078553,0.0
0.3299552017172015,0.008170092735216253,0.00801848267925469,0.0002547647798973138,0.0
0.330649646161646,0.008201831171253062,0.00805279889599297,0.00025115697950977396,0.0
0.33134409060609044,0.008232552132133175,0.00808614590428258,0.0002474727223565662,0.0
0.33203853505053493,0.008262237972068731,0.008118505289121124,0.0002437128934595223,0.0
0.3327329794949794,0.008290871456063135,0.008149859013295499,0.00023987842756404207,0.0
0.3334274239394239,0.0083184357775559,0.00818018943556105,0.00023597030874969826,0.0
0.3341218683838683,0.008344914578172298,0.008209479326594108,0.00023198957163347327,0.0
0.3348163128283128,0.008370291955181828,0.008237711893610588,0.00022793729492825065,0.0
0.33551075727275725,0.008394552489696014,0.008264870788116862,0.00022381460785655594,0.0
0.33620520171720175,0.008417681258368993,0.008290940125762645,0.0002196226881991689,0.0
0.3368996461616462,0.008439663845810987,0.0083159045048865,0.00021536275858639973,0.0
0.3375940906060907,0.008460486361601462,0.008339749020256314,0.00021103608728718337,0.0
0.3382885350505352,0.008480135454767395,0.00836245927776582,0.00020664398809670253,0.0
0.33898297949497963,0.008498598326665626,0.008384021409561588,0.00020218781868478432,0.0
0.33967742393942413,0.008515862744091385,0.008404422087902404,0.00019766897966198298,0.0
0.34037186838386857,0.008531917051841533,0.00842364853820494,0.000193088913906615,0.0
0.34106631282831307,0.008546750184240252,0.008441688551740264,0.0001884491054286939,0.0
0.3417607572727575,0.008560351676024978,0.008458530497678151,0.00018375107815763874,0.0
0.342455201717202,0.008572711672656608,0.008474163334326159,0.00017899639486258472,0.0
0.34314964616164645,0.00858382093985434,0.008488576619689533,0.0001741866559772204,0.0
0.34384409060609095,0.008593670872320776,0.008501760521351051,0.000169323498307972,0.0
0.3445385350505354,0.008602253501729083,0.008513705825586007,0.0001644085937203474,0.0
0.3452329794949799,0.008609561503962688,0.00852440394570926,0.00015944364780881847,0.0
0.34592742393942433,0.00861558820554056,0.008533846929662445,0.00015443039849786144,0.0
0.3466218683838688,0.008620327589235246,0.008542027466823289,0.00014937061460082546,0.0
0.3473163128283133,0.00862377429890091,0.00854893889401591,0.00014426609433422852,0.0
0.34801075727275776,0.008625923644490507,0.008554575200115105,0.00013911866411306703,0.0
0.34870520171720226,0.008626771601443258,0.008558931032888897,0.00013393017582395724,0.0
0.3493996461616467,0.008626314817771505,0.008562001699139628,0.00012870250670961292,0.0
0.3500940906060912,0.008624550614002033,0.00856378316892659,0.00012343755738528978,0.0
0.35078853505053564,0.008621476982833644,0.008564272078355204,0.00011813724956556127,0.0
0.35148297949498014,0.008617092589753676,0.008563465729906483,0.00011280352479559996,0.0
0.3521774239394246,0.008611396772095159,0.008561362092642655,0.0001074383428466794,0.0
0.3528718683838691,0.008604389537078679,0.008557959801951783,0.00010204367979044698,0.0
0.3535663128283135,0.008596071559370219,0.008553258158187605,9.662152631974212e-05,0.0
0.354260757272758,0.008586444177769033,0.008547257124461909,9.117388606464761e-05,0.0
0.35495520171720246,0.008575509390932295,0.008539957323744022,8.570277376924688e-05,0.0
0.35564964616164696,0.00856326985239452,0.00853136003516345,8.021021348962388e-05,0.0
0.35634409060609146,0.00854972886491605,0.008521467189490366,7.469823684353702e-05,0.0
0.3570385350505359,0.008534890374032914,0.008510281363870748,6.916888122077984e-05,0.0
0.3577329794949804,0.008518758960824442,0.008497805775832326,6.362418797799564e-05,0.0
0.35842742393942484,0.008501339833959969,0.00848404427653863,5.806620064408909e-05,0.0
0.35912186838386934,0.008482638821100638,0.008469001343327166,5.2496963141574314e-05,0.0
0.3598163128283138,0.008462662359584433,0.00845268207153594,4.6918517997498045e-05,0.0
0.3605107572727583,0.008441417486468218,0.008435092165682084,4.1332904574545704e-05,0.0
0.3612052017172027,0.00841891182792328,0.008416237929949886,3.574215730944701e-05,0.0
0.3618996461616472,0.008395153585962852,0.00839612625920217,3.0148303276714658e-05,0.0
0.36259409060609166,0.008370151533799414,0.008374764623820299,2.4553362906818285e-05,0.0
0.36328853505053615,0.008343914995128796,0.008352161064313562,1.8959345481042635e-05,0.0
0.3639829794949806,0.008316453833659332,0.008328324177080758,1.3368247878857637e-05,0.0
0.3646774239394251,0.008287778441584109,0.008303263100429293,7.782054234467589e-06,0.0
0.3653718683838696,0.008257899724429607,0.00827698750297047,2.2027335771691697e-06,0.0
0.36551075727275845,0.00825178057490424,0.008271587528312462,1.0878660957030517e-06,0.0
0.3656496461616473,0.00824561384419799,0.008266139470878703,-4.7755148505724006e-08,0.0
0.36567377567077064,0.008244537649218023,0.008265188076893214,-3.9778872689379277e-07,0.0
0.3656979051798939,0.008243460028174863,0.008264235244033514,-7.471277140642475e-07,0.0
0.36572203468901726,0.00824238097969287,0.008263280977234872,-1.0954201905469898e-06,0.0
0.3657676603748575,0.008240336814274673,0.008261472732285044,-1.7500525621102092e-06,0.0
0.3658132860606977,0.00823828761443125,0.008259659465070396,-2.3988613112890724e-06,0.0
0.3658589117465379,0.008236233420705381,0.008257841230048668,-3.0412565725116515e-06,0.0
0.36594731809068,0.008232239549522465,0.00825430448664131,-4.267166309790029e-06,0.0
0.36603572443482213,0.008228227627968895,0.008250749787382433,-5.46827001483585e-06,0.0
0.3661241307789642,0.008224197952325018,0.008247177399368217,-6.645306366850357e-06,0.0
0.36627153045935573,0.00821743964268985,0.008241181881223273,-8.556410687157978e-06,0.0
0.36641893013974725,0.008210633631025983,0.008235138530111706,-1.0408597626625851e-05,0.0
0.36656632982013876,0.008203781649838255,0.008229048754087868,-1.2207552675302987e-05,0.0
0.36671372950053027,0.008196884153437898,0.00822291321463607,-1.395752049092602e-05,0.0
0.36686112918092173,0.008189941248960017,0.008216732144979358,-1.5662312468088493e-05,0.0
0.36700852886131324,0.008182952934172297,0.008210505611877488,-1.73255803064146e-05,0.0
0.36715592854170476,0.008175919133579115,0.008204233606695607,-1.8950741108271827e-05,0.0
0.36740161049667336,0.0081640938849915,0.008193678302529145,-2.1583166890750416e-05,0.0
0.36764729245164196,0.008152140953387968,0.008182995765916138,-2.413127376206716e-05,0.0
0.36789297440661056,0.008140059100254352,0.008172184902080073,-2.6605999329046923e-05,0.0
0.36813865636157916,0.008127847026010526,0.008161244439155658,-2.901676638432501e-05,0.0
0.36838433831654777,0.008115503488056236,0.008150173095170845,-3.1371829901841653e-05,0.0
0.3687052703919872,0.008099179331716208,0.008135511501653753,-3.437612107780678e-05,0.0
0.3690262024674266,0.00808262667701402,0.00812062186819305,-3.731097952782791e-05,0.0
0.36934713454286605,0.008065843686506225,0.008105501899961528,-4.018742161701629e-05,0.0
0.3696680666183055,0.00804882895469601,0.008090149685534289,-4.301450765267207e-05,0.0
0.3699889986937449,0.008031581497107854,0.008074563717691764,-4.579970262238124e-05,0.0
0.3704033333191709,0.008008969288696781,0.00805409421319559,-4.93433582740992e-05,0.0
0.37081766794459686,0.0079859677583619,0.008033231714493019,-5.2837824177288966e-05,0.0
0.37123200257002287,0.007962577176156147,0.008011975584051836,-5.6291242698914195e-05,0.0
0.3716463371954488,0.00793879852299612,0.007990325871322524,-5.971003341402157e-05,0.0
0.3720606718208748,0.007914633126474861,0.007968283399090581,-6.309893871474169e-05,0.0
0.37247500644630077,0.007890083238457501,0.007945849225638717,-6.646176679432424e-05,0.0
0.37310985389125534,0.007851726520049455,0.007910719969879479,-7.1569462374706e-05,0.0
0.37374470133620996,0.007812481850730739,0.007874683274158271,-7.662897571616734e-05,0.0
0.37437954878116453,0.00777235992777239,0.00783774835152734,-8.164482582596225e-05,0.0
0.3750143962261191,0.007731372208435591,0.0077999255663166005,-8.66196877586565e-05,0.0
0.37564924367107366,0.0076895309463602445,0.007761226043710549,-9.15549908477301e-05,0.0
0.3762840911160283,0.007646848929688936,0.007721661548415733,-9.645133009610722e-05,0.0
0.3769785355604727,0.007599212777109533,0.007677406812856458,-0.00010176276142802029,0.0
0.3776729800049172,0.0075506038997299,0.007632148348088199,-0.00010702729216467077,0.0
0.37836742444936167,0.007501040208627251,0.007585903129856874,-0.00011224423970514075,0.0
0.37906186889380616,0.007450539920170838,0.00753868849064041,-0.00011741273299142697,0.0
0.3797563133382506,0.007399121547087708,0.007490522049431398,-0.00012253173980487204,0.0
0.3804507577826951,0.00734680374326548,0.007441421721128518,-0.000127600213556094,0.0
0.38114520222713955,0.007293605404844008,0.007391405567279074,-0.0001326170322278027,0.0
0.38183964667158404,0.007239545390575606,0.007340491935136645,-0.00013758116202970265,0.0
0.38253409111602854,0.007184642999323337,0.007288699127539487,-0.0001424914884552459,0.0
0.383228535560473,0.00712891708191917,0.007236045944606552,-0.00014734704885256756,0.0
0.3839229800049175,0.007072387617514631,0.007182550649412172,-0.00015214675362294094,0.0
0.3846174244493619,0.007015072687120673,0.007128232811176239,-0.00015688974404375863,0.0
0.3853118688938064,0.006956994927839759,0.007073109305891379,-0.00016157491393046632,0.0
0.38600631333825086,0.006898166209334074,0.007017203701725691,-0.00016620174189144814,0.0
0.38670075778269536,0.0068386153710272984,0.006960528956600665,-0.00017076906568038152,0.0
0.3873952022271398,0.006778357466938187,0.006903107099547023,-0.00017527624139698056,0.0
0.3880896466715843,0.00671741094604703,0.006844957654610848,-0.00017972253518718084,0.0
0.38878409111602874,0.006655796377275365,0.006786098725560532,-0.00018410724255430276,0.0
0.38947853556047324,0.0065935330288257425,0.0067265493162782025,-0.00018842974204955626,0.0
0.3901729800049177,0.0065306400328281975,0.0066663284955240055,-0.00019268944552424286,0.0
0.3908674244493622,0.006467136590565452,0.006605455131443326,-0.00019688579383543215,0.0
0.3915618688938067,0.006403041814120341,0.006543948003537781,-0.00020101829061200947,0.0
0.3922563133382511,0.006338374634452303,0.006481825864588199,-0.00020508649187120657,0.0
0.3929507577826956,0.006273153898624741,0.006419107362621316,-0.00020908998828832737,0.0
0.39364520222714006,0.006207398326335099,0.00635581103723302,-0.00021302841446243107,0.0
0.39433964667158455,0.006141126493577666,0.006291955309917546,-0.0002169014540111032,0.0
0.395034091116029,0.006074356803155872,0.006227558479239688,-0.00022070883322340825,0.0
0.3957285355604735,0.006007107499028768,0.006162638697195444,-0.00022445031924646662,0.0
0.39642298000491794,0.005939396638742073,0.006097213967091667,-0.00022812572277623914,0.0
0.39711742444936243,0.005871242101160566,0.006031302125466743,-0.00023173489644916082,0.0
0.3978118688938069,0.005802661489654892,0.0059649208451023825,-0.00023527774406710488,0.0
0.3985063133382514,0.005733672292074674,0.005898087589336208,-0.00023875418273040954,0.0
0.3992007577826958,0.005664291812695087,0.0058308196545651045,-0.00024216417328326912,0.0
0.3998952022271403,0.0055945371417420306,0.005763134146630648,-0.0002455077579057191,0.0
0.4005896466715848,0.005524425039049946,0.0056950479433781264,-0.0002487849705908554,0.0
0.40128409111602925,0.005453971966392711,0.0056265777003247155,-0.0002519958833297821,0.0
0.40197853556047375,0.00538319422994702,0.0055577398399190596,-0.0002551406295700583,0.0
0.4026729800049182,0.005312107900692602,0.0054885505756887215,-0.00025821936704841674,0.0
0.4033674244493627,0.00524072878191624,0.005419025871837427,-0.0002612322773387629,0.0
0.40406186889380713,0.0051690723743360355,0.005349181441316312,-0.0002641795854868842,0.0
0.4047563133382516,0.005097153905497117,0.005279032746870815,-0.0002670615505946514,0.0
0.40545075778269607,0.005024988340001062,0.005208594998304159,-0.0002698784559875289,0.0
0.40614520222714057,0.004952590384011558,0.005137883137013511,-0.0002726306172106412,0.0
0.406839646671585,0.004879974434213658,0.005066911842865611,-0.0002753183825834842,0.0
0.4075340911160295,0.00480715460124789,0.004995695518947202,-0.00027794212600444504,0.0
0.40822853556047395,0.0047341446790954995,0.0049242483006031335,-0.000280502248567353,0.0
0.40892298000491845,0.004660958219586831,0.004852584028501658,-0.00028299918047782895,0.0
0.40961742444936294,0.004587608402978548,0.004780716287871122,-0.00028543337635482147,0.0
0.4103118688938074,0.004514108250064692,0.004708658333028216,-0.00028780531374195014,0.0
0.4110063133382519,0.004440470187184204,0.004636423220720071,-0.00029011549657552123,0.0
0.4117007577826963,0.0043667069418473975,0.004564023534950456,-0.0002923644506322436,0.0
0.4123952022271408,0.004292829595495707,0.004491471963317997,-0.000294552724653305,0.0
0.41308964667158526,0.004218850857130238,0.004418780237314698,-0.0002966808885323478,0.0
0.41378409111602976,0.004144781230884052,0.004345960562277009,-0.0002987495250210317,0.0
0.4144785355604742,0.004070633832343414,0.004273023994770489,-0.00030075924789463787,0.0
0.4151729800049187,0.003996417623113985,0.004199982412006069,-0.00030271067463513935,0.0
0.41586742444936314,0.003922143190927632,0.004126846414544598,-0.00030460445023985775,0.0
0.41656186889380764,0.003847820744796456,0.004053626613818752,-0.0003064412423459887,0.0
0.41725631333825214,0.0037734605042863928,0.003980333409572495,-0.0003082217281525364,0.0
0.4179507577826966,0.003699071945129701,0.003906976953346942,-0.00030994658983394386,0.0
0.4186452022271411,0.0036246645596251215,0.003833566934220935,-0.0003116165310854966,0.0
0.4193396466715855,0.0035502469347918836,0.0037601129213286613,-0.00031323227075990087,0.0
0.42003409111603,0.003475828194100392,0.0036866240037910663,-0.00031479453956609457,0.0
0.42072853556047446,0.003401416017358116,0.0036131092670648843,-0.00031630407335824596,0.0
0.42142298000491896,0.003327019868363022,0.0035395770382934295,-0.0003177616272994062,0.0
0.4221174244493634,0.0032526450242504248,0.003466036210962895,-0.0003191679543264867,0.0
0.4228118688938079,0.0031783011277183096,0.0033924941953401636,-0.00032052384120316775,0.0
0.42350631333825234,0.0031039958481340465,0.0033189590095233116,-0.0003218300416015395,0.0
0.42420075778269684,0.003029736206566107,0.0032454383139257637,-0.00032308735074429624,0.0
0.4248952022271413,0.002955526728509771,0.0031719395173293147,-0.00032429655679297383,0.0
0.4255896466715858,0.002881373755492359,0.0030984692828649493,-0.0003254584674151167,0.0
0.4262840911160303,0.002807286246388711,0.003025034055856808,-0.0003265738842860963,0.0
0.4269785355604747,0.0027332702612564777,0.0029516407155440495,-0.00032764359698470534,0.0
0.4276729800049192,0.002659328503358175,0.0028782957232200874,-0.00032866841104373226,0.0
0.42836742444936365,0.002585466872462349,0.002805004475545023,-0.00032964916701526664,0.0
0.42906186889380815,0.002511691906311486,0.0027317726897504143,-0.00033058667944533345,0.0
0.4297563133382526,0.0024380080405973174,0.002658606141126114,-0.0003314817480815327,0.0
0.4304507577826971,0.0023644198470426786,0.002585509898762989,-0.0003323351953282908,0.0
0.43114520222714153,0.002290932175074235,0.0025124888260969463,-0.0003331478480624874,0.0
0.43183964667158603,0.0022175482212560076,0.002439547870246276,-0.0003339205230754327,0.0
0.4325340911160305,0.002144273363922699,0.0023666913271002577,-0.0003346540423190772,0.0
0.43322853556047497,0.0020711086395591083,0.002293923867674815,-0.0003353492138215464,0.0
0.4339229800049194,0.0019980600908208676,0.002221249089400453,-0.0003360068719779558,0.0
0.4346174244493639,0.0019251310302043551,0.0021486711271324855,-0.0003366278163265667,0.0
0.4353118688938084,0.0018523263644910407,0.002076193540090551,-0.0003372128642887125,0.0
0.43600631333825285,0.0017796439216354457,0.0020038202721790474,-0.00033776281338886074,0.0
0.43670075778269735,0.0017070894531276617,0.0019315538823449694,-0.00033827848254035274,0.0
0.4373952022271418,0.0016346640521114134,0.0018593979370136893,-0.0003387606676007505,0.0
0.4380896466715863,0.0015623739592475793,0.001787354979399356,-0.0003392101632226191,0.0
0.43878409111603073,0.0014902168630946688,0.0017154282845214131,-0.0003396277485047482,0.0
0.4394785355604752,0.0014181969020935622,0.0016436198534859185,-0.00034001422125957845,0.0
0.44017298000491967,0.0013463159448618375,0.0015719322885412272,-0.0003403703595972743,0.0
0.44086742444936416,0.0012745762964877145,0.0015003678366156768,-0.0003406969311891498,0.0
0.4415618688938086,0.0012029778841663118,0.0014289286386454973,-0.0003409946961417808,0.0
0.4422563133382531,0.0011315243376665573,0.0013576163588160193,-0.0003412644231359296,0.0
0.44295075778269755,0.0010602123336419169,0.0012864332312359046,-0.0003415068503036883,0.0
0.44364520222714204,0.0009890482534894802,0.0012153803101236063,-0.0003417227353525472,0.0
0.44433964667158654,0.0009180333922407766,0.0011444594438724538,-0.0003419128032976837,0.0
0.445034091116031,0.000847164679830534,0.0010736722035989497,-0.0003420777663843117,0.0
0.4457285355604755,0.0007764442530922488,0.001003019470636766,-0.00034221835643870845,0.0
0.4464229800049199,0.0007058724893419325,0.0009325025887429682,-0.0003423352751587867,0.0
0.4471174244493644,0.0006354519828795852,0.0008621225614833303,-0.00034242922413023645,0.0
0.44781186889380886,0.0005651824065595319,0.0007918803952917517,-0.0003425008768820847,0.0
0.44850631333825336,0.0004950633240784433,0.0007217769017099178,-0.0003425509186644269,0.0
0.4492007577826978,0.00042509602915408005,0.0006518127716875356,-0.00034258001499339383,0.0
0.4498952022271423,0.00035528131116045216,0.0005819887393971848,-0.0003425888111830709,0.0
0.45058964667158674,0.00028561766970996977,0.0005123055008495631,-0.0003425779544828253,0.0
0.45128409111603124,0.00021610643604392008,0.0004427634237514698,-0.0003425480860852898,0.0
0.4519785355604757,0.00014674699335787893,0.0003733630849486208,-0.00034249981369769295,0.0
0.4526729800049202,7.753877978846388e-05,0.000304104896296913,-0.00034243374308418826,0.0
0.4533674244493647,8.483364513985356e-06,0.0002349891130881616,-0.0003423504745705695,0.0
0.4533688133382535,8.347806349308965e-06,0.0002348510709384957,-0.0003423503359762782,0.0
0.4533704272302334,8.19049829910353e-06,0.000234690709402968,-0.0003423501823656509,0.0
0.45337204112221335,8.03298029387375e-06,0.00023453037705345505,-0.0003423500275724441,0.0
0.45337997301587707,7.242374192759081e-06,0.00023374214689991102,-0.00034234896359471994,0.0
0.4533879049095408,6.452778382494486e-06,0.00023295377312311925,-0.0003423478971665859,0.0
0.4533958368032045,5.663908966446617e-06,0.00023216530337243142,-0.0003423468287011141,0.0
0.4534074402918766,4.510500932529544e-06,0.00023101180199498335,-0.0003423452633112763,0.0
0.4534190437805486,3.357547153277712e-06,0.0002298582810009324,-0.00034234369547434104,0.0
0.45343064726922067,2.2048549149006755e-06,0.0002287047723116443,-0.0003423421252636418,0.0
0.4534424013558792,1.0373723113275327e-06,0.0002275363206641489,-0.00034234053211342033,0.0
0.45345415544253775,-8.831027428281761e-08,0.00022636792752530385,-0.0003423389361823738,0.0
0.4534630716298687,-6.89805624610661e-07,0.00022548178121391637,-0.00034233772338017007,0.0
0.4534719878171997,-1.2914695716782651e-06,0.0002245959948697495,-0.0003423365071607547,0.0
0.45348090400453067,-1.8934477790556568e-06,0.00022371081482170144,-0.00034233528512089367,0.0
0.4534987363791926,-3.098649049530655e-06,0.00022194318666652772,-0.00034233280741368565,0.0
0.4535165687538545,-4.305596545716518e-06,0.0002201801979480226,-0.0003423302579537283,0.0
0.4535344011285164,-5.514289266930445e-06,0.00021842298465546336,-0.0003423275971090547,0.0
0.45356837232335906,-7.820686718258214e-06,0.0002150945797629739,-0.0003423220399568567,0.0
0.4536023435182017,-1.0130494997426977e-05,0.00021179432465541763,-0.00034231561580175864,0.0
0.4536363147130444,-1.24422740298071e-05,0.0002085252174556103,-0.0003423080519928348,0.0
0.45364562560302996,-1.3076496007890559e-05,0.00020763500444195325,-0.00034230575334345294,0.0
0.4536549364930155,-1.3711135280396167e-05,0.00020674740582134383,-0.0003423033472032672,0.0
0.45366424738300115,-1.4345713242515698e-05,0.00020586230731913408,-0.0003423008270717639,0.0
0.4536666214562567,-1.4507499430672813e-05,0.00020563702669158587,-0.000342300165836482,0.0
0.45366899552951223,-1.466928330152203e-05,0.00020541191052436537,-0.000342299496886923,0.0
0.45367136960276777,-1.4824576178830783e-05,0.00020518704641780264,-0.0003422955602368548,2.8232416241690216e-07
0.45367422056406204,-1.4983508451702594e-05,0.00020491784384574202,-0.00034227656078691986,1.0357561297401021e-06
0.4536770715253563,-1.5107397322323369e-05,0.00020465032556887106,-0.00034223825862315666,1.70357934692227e-06
0.45367992248665057,-1.5204798846759959e-05,0.00020438530422494083,-0.0003421833518380994,2.3024499248792833e-06
0.45368634370879596,-1.5357190593771806e-05,0.00020380008869471978,-0.00034200894458263437,3.458355404816812e-06
0.45369276493094135,-1.546502312541748e-05,0.00020323463092236942,-0.00034178148233115493,4.444759862131497e-06
0.45369918615308674,-1.5552140681475925e-05,0.00020268933989205134,-0.0003415121514856711,5.3151325108174975e-06
0.45370560737523213,-1.56305904657979e-05,0.00020216331927366062,-0.00034120875729710677,6.100658217514131e-06
0.4537123098801147,-1.5715121335814298e-05,0.00020163382409599107,-0.00034086358871174256,6.861195672127149e-06
0.4537190123849973,-1.5806314443996148e-05,0.000201122900483139,-0.0003404940148080202,7.575486124218155e-06
0.45372571488987984,-1.5906400561971233e-05,0.0002006288923124457,-0.00034010429732639564,8.254842507011624e-06
0.45373263804426917,-1.6019814795903254e-05,0.0002001346476923555,-0.000339684206175827,8.927914245753238e-06
0.4537395611986585,-1.6142909761926298e-05,0.0001996549960074273,-0.00033924917755745454,9.576928086012743e-06
0.45374648435304776,-1.6274837996968208e-05,0.00019918837534074372,-0.0003388016541050183,1.020565139220881e-05
0.4537547498581276,-1.6442631481590237e-05,0.00019864637655907008,-0.0003382539074011933,1.093390125032281e-05
0.45376301536320734,-1.662028710169868e-05,0.00019811893161718577,-0.00033769417993790294,1.1641478521150314e-05
0.45377128086828716,-1.680646844492324e-05,0.00019760425561442626,-0.0003371249054420102,1.2331664605516187e-05
0.4537946740425218,-1.737075397649932e-05,0.00019620543679052863,-0.0003354765767895125,1.4210161031985458e-05
0.45381806721675644,-1.7973236974902038e-05,0.00019486984373991582,-0.0003338008834752068,1.6015417871178688e-05
0.4538239155103151,-1.812772294732061e-05,0.00019454369071013092,-0.0003333797919245946,1.6457491827909564e-05
0.45382976380387374,-1.828289556302968e-05,0.00019422030549604252,-0.0003329577682759412,1.689485707321897e-05
0.45383561209743234,-1.8439695580914157e-05,0.00019389949188821463,-0.00033253557874877716,1.7330331809192425e-05
0.453841460390991,-1.8597914282093436e-05,0.00019358108773424258,-0.0003321133150980089,1.776392651816248e-05
0.4538481924785456,-1.878127990555654e-05,0.00019321729134287436,-0.00033162723046233403,1.8260335057606583e-05
0.45385492456610016,-1.8965913340641496e-05,0.00019285624562481173,-0.00033114128917343674,1.875419488377973e-05
0.4538616566536547,-1.9151703068999463e-05,0.00019249776832792008,-0.0003306556311782715,1.9245776082149313e-05
0.4538689418879056,-1.9353895812667527e-05,0.0001921125330506235,-0.00033013051014215653,1.9775363692154707e-05
0.4538762271221565,-1.955713856446151e-05,0.00019172992060415665,-0.00032960595448991713,2.030266764295826e-05
0.4538835123564074,-1.9761325491413437e-05,0.00019134976552418677,-0.00032908205655566994,2.0827889842087607e-05
0.4539141308016892,-2.0627785771167853e-05,0.00018977549223157496,-0.0003268886199471828,2.3016312122610748e-05
0.453944749246971,-2.1504548874494133e-05,0.00018823443537111355,-0.00032470995653934373,2.517810028007026e-05
0.4539524038582915,-2.1725333512271527e-05,0.0001878536772291251,-0.0003241679608900298,2.571595726716867e-05
0.45396005846961196,-2.1946969680477664e-05,0.00018747453604365746,-0.0003236271603654564,2.6253625491099908e-05
0.4539677130809325,-2.2168909341625513e-05,0.00018709695651700548,-0.00032308728360110094,2.6789946816320554e-05
0.4539739231863263,-2.2349122792749305e-05,0.0001867917350794165,-0.0003226499428074381,2.7224002444943674e-05
0.4539801332917201,-2.2529564315586577e-05,0.0001864874862855328,-0.00032221320444236854,2.765731654349764e-05
0.4539863433971139,-2.2710269939855517e-05,0.0001861841912950947,-0.00032177707020410406,2.8089989566071787e-05
0.453993873318427,-2.2929728545792766e-05,0.00018581768378511207,-0.0003212490430993203,2.8613793949711824e-05
0.45400140323974014,-2.3149558224913087e-05,0.0001854525070260036,-0.0003207218742381134,2.913672386397568e-05
0.45400893316105323,-2.336975233693438e-05,0.00018508862586985974,-0.0003201955466476218,2.9658813719716703e-05
0.4540505147698624,-2.459118098443712e-05,0.00018310081434969917,-0.00031730294842120793,3.252664205808258e-05
0.45406091017206474,-2.4898300959464257e-05,0.00018260945318165437,-0.00031658348467899784,3.3240368263281225e-05
0.454071305574267,-2.5206473370767598e-05,0.0001821201954019736,-0.0003158654878055579,3.395365867058416e-05
0.4540817009764693,-2.55151377165289e-05,0.0001816329392645062,-0.0003151487609629603,3.4665491955916855e-05
0.4540881657773613,-2.5707212799265232e-05,0.00018133089207279722,-0.00031470362930225364,3.510722814654783e-05
0.4540946305782533,-2.589944566586143e-05,0.0001810295850099124,-0.0003142589574811486,3.5548372263978425e-05
0.4541010953791453,-2.609190911353086e-05,0.00018072901727832758,-0.000313814754403259,3.5989065426708204e-05
0.45410810223491865,-2.6300769739737027e-05,0.00018040407067822033,-0.00031333382569248287,3.646621071035895e-05
0.454115109090692,-2.650988576980032e-05,0.00018007996611326776,-0.0003128534241714174,3.694282258495259e-05
0.4541221159464654,-2.6719251430004193e-05,0.00017975669080150586,-0.00031237353868918415,3.741890249531708e-05
0.4541446082839534,-2.7392948677898734e-05,0.00017872439745094022,-0.00031083642440887316,3.894358852962278e-05
0.4541671006214414,-2.8068981078065907e-05,0.000177700149348233,-0.0003093041919331248,4.0462829190130126e-05
0.4541895929589294,-2.8747189315303615e-05,0.00017668359957715663,-0.0003077765439731237,4.197666431889118e-05
0.4541971073065878,-2.8974478026479468e-05,0.00017634568627215987,-0.0003072672203218078,4.248165831707521e-05
0.45420462165424624,-2.9202242867320648e-05,0.00017600861918637016,-0.00030675842947206286,4.298651233963019e-05
0.45421213600190463,-2.9430166898690595e-05,0.00017567234601253653,-0.0003062500883801244,4.349066817613135e-05
0.4542186683332348,-2.9628409733243937e-05,0.00017538065319247186,-0.0003058085342138434,4.392833544085576e-05
0.45422520066456495,-2.9826809031366963e-05,0.00017508955135467233,-0.0003053673183553339,4.436555458489476e-05
0.4542317329958951,-3.0025388887318813e-05,0.0001747990375113575,-0.0003049264420497588,4.480237548235552e-05
0.4542673816348362,-3.111225367928825e-05,0.00017322355459806432,-0.000302526131854979,4.717963253389142e-05
0.4543030302737773,-3.220431655958949e-05,0.00017166438457370472,-0.0003001350848080612,4.954601044522077e-05
0.4543386789127184,-3.3301367256190837e-05,0.0001701207210221247,-0.000297752750532289,5.190202971801353e-05
0.4543952354956608,-3.505152294060444e-05,0.00016770190899774876,-0.00029399000739469575,5.5619452758974576e-05
0.4544517920786032,-3.6812867042208964e-05,0.00016531737344089445,-0.0002902461195160139,5.9313813009710016e-05
0.45450834866154566,-3.858452945905605e-05,0.00016296413851514863,-0.0002865192281122083,6.298703296851564e-05
0.45456490524448806,-4.036571108270554e-05,0.00016063972692816127,-0.0002828078802684388,6.664067362486672e-05
0.4546347558572616,-4.2577455255235056e-05,0.00015780549548966661,-0.0002782437654315809,7.112781509028128e-05
0.4547046064700352,-4.4801160138609194e-05,0.0001550081304263903,-0.0002736993766759674,7.558926223340724e-05
0.4547744570828087,-4.703570759267524e-05,0.00015224421187632177,-0.0002691728428843141,8.002727745582304e-05
0.45484430769558226,-4.928005161271093e-05,0.00014951063369738978,-0.0002646624662762966,8.444386251826475e-05
0.4549657911327502,-5.320392021961409e-05,0.00014482049045841486,-0.0002568520968477601,9.207932977440362e-05
0.4550872745699181,-5.715005036115881e-05,0.00014020057568053115,-0.00024907894835282776,9.966377471475271e-05
0.45520875800708605,-6.111475189289046e-05,0.00013564017389190372,-0.00024133733142343223,0.00010720412231598008
0.455330241444254,-6.509491640758995e-05,0.00013113027265969755,-0.0002336225203876452,0.00011470624727369898
0.4554517248814219,-6.908786858380985e-05,0.00012666315039802832,-0.00022593050952232096,0.0001221752034543048
0.4555973524354403,-7.388805031121698e-05,0.00012135542588847061,-0.00021673510514569905,0.00013109087033480975
0.4557429799894587,-7.870006650515177e-05,0.00011609045081185538,-0.00020756294072867595,0.00013997121993390149
0.4558886075434771,-8.352125323961929e-05,0.00011086069556334608,-0.00019841028950692643,0.00014882126061827145
0.45603423509749547,-8.834946672765125e-05,0.00010566006107327663,-0.000189274204002656,0.00015764514570236463
0.4561798626515139,-9.318290267224476e-05,0.00010048357379737968,-0.0001801523250552467,0.00016644620659518085
0.4563693812058625,-9.947860469575294e-05,9.377652374047517e-05,-0.00016829944345591702,0.00017787028728436188
0.45655889976021113,-0.00010577821637434474,8.709659982777624e-05,-0.0001564643925302653,0.000189265348914652
0.4567484183145598,-0.00011207974405557991,8.043837873819705e-05,-0.0001446448446689713,0.00020063522630183256
0.45693793686890843,-0.00011838165929019914,7.3797666137304e-05,-0.00013283908417380385,0.00021198299569768608
0.45712745542325706,-0.0001246828011720895,6.717132493835824e-05,-0.00012104590368123553,0.0002233110051554265
0.45731697397760573,-0.00013098228946706525,6.055702953755152e-05,-0.00010926447627414579,0.00023462103183355992
0.45760956690176197,-0.00014070318268280156,5.036504344867538e-05,-9.109721522157571e-05,0.0002520502313890284
0.4579021598259182,-0.00015041680782979763,4.019284453109608e-05,-7.295520188127196e-05,0.0002694439142924162
0.45819475275007443,-0.00016012196040708607,3.0037144857659675e-05,-5.4837568559982945e-05,0.0002868049949538607
0.45848734567423066,-0.00016981787594174476,1.9895785742042237e-05,-3.67438449661493e-05,0.0003041355504299332
0.45877993859838695,-0.00017950410787530389,9.767399237027626e-06,-1.8673817981822093e-05,0.0003214370679566318
0.4588384571832182,-0.0001814401695278314,7.743193389007237e-06,-1.5062646800377491e-05,0.00032489399391783766
0.45889697576804944,-0.00018337583260384698,5.719461995911476e-06,-1.1452417603399204e-05,0.0003283498143341916
0.4589554943528807,-0.00018531109542917537,3.696199082733387e-06,-7.8431291038861e-06,0.0003318045360278156
0.45901401293771193,-0.00018724595707694453,1.6733993555624132e-06,-4.234780379691924e-06,0.0003352581662931213
0.45903742037164447,-0.00018801979831930827,8.644066259328577e-07,-2.7917014404640292e-06,0.0003366393306035256
0.45906082780557694,-0.00018879357479491396,5.5485503222016085e-08,-1.3487702249714133e-06,0.0003380203211976734
0.4590624972571842,-0.00018884873412592596,0.0,-1.2458626133260713e-06,0.00033811880584413826
0.4590641667087914,-0.00018890329553235722,0.0,-1.1429177201864063e-06,0.00033821732775928936
0.45906750561200577,-0.00018901018780655572,0.0,-9.368762027849775e-07,0.0003384147133707802
0.4590708445152202,-0.00018911400245358065,0.0,-7.30594997832734e-07,0.00033861292974509826
0.45907418341843453,-0.00018921508868812115,0.0,-5.240489289956136e-07,0.00033881238452913083
0.45908122115252264,-0.00018942050685712359,0.0,-8.762011574527911e-08,0.0003392381523193845
0.4590882588866108,-0.00018961689429857688,0.0,2.1427799859799515e-07,0.0003396723210090882
0.4590952966206989,-0.00018980569276995417,0.0,4.834963852559667e-07,0.00034011583399054903
0.45910298813672257,-0.00019000448425493546,0.0,7.7969426426528e-07,0.00034061147834408336
0.45911067965274627,-0.0001901962285061622,0.0,1.0783305521200154e-06,0.0003411183437023445
0.45911837116876997,-0.0001903816102856995,0.0,1.3797592595194794e-06,0.0003416360666455114
0.45912946323177045,-0.0001906388553892601,0.0,1.8200131729270592e-06,0.0003424007885955623
0.45914055529477094,-0.00019088524533788072,0.0,2.2674567290257536e-06,0.000343185677729314
0.4591516473577714,-0.00019112185722846252,0.0,2.722685692167929e-06,0.00034398938450337646
0.45918461798726457,-0.00019177474486045058,0.0,4.12513494769159e-06,0.0003464788003095778
0.4592175886167577,-0.00019236739644495885,0.0,5.606620353705858e-06,0.0003490975643291116
0.45922583127413097,-0.00019250679218450688,0.0,5.989540027306289e-06,0.0003497689058282957
0.4592340739315042,-0.00019264177888385467,0.0,6.377444648700064e-06,0.0003504446835003993
0.4592423165888775,-0.00019277445291380997,0.0,6.77016922092821e-06,0.00035112777227890143
0.4592505592462508,-0.00019290483571396072,0.0,7.167669425951041e-06,0.0003518178227986955
0.4592584418061751,-0.00019302689209124422,0.0,7.55232407769946e-06,0.0003524829678906155
0.4592663243660993,-0.00019314655176243871,0.0,7.941339825109745e-06,0.0003531532463848758
0.4592742069260236,-0.00019326396140706306,0.0,8.334657492154112e-06,0.00035382861263670335
0.4592806874542772,-0.0001933588310070043,0.0,8.661209443611657e-06,0.00035438751634477223
0.4592871679825308,-0.00019345223358902873,0.0,8.990611814654833e-06,0.0003549496036747727
0.45929364851078436,-0.00019354420517229682,0.0,9.3228345388797e-06,0.0003555147927110838
0.4593415015814941,-0.0001941820053488828,0.0,1.1860369426785412e-05,0.00035977753402824733
0.4593893546522039,-0.0001947555462764026,0.0,1.4537287897007039e-05,0.00036417837461198016
0.4594013179198813,-0.00019489019955497866,0.0,1.5226717695533157e-05,0.00036529802437841374
0.4594132811875588,-0.00019502187414669305,0.0,1.59237111891935e-05,0.0003664255922349376
0.45942524445523625,-0.0001951501907833636,0.0,1.6628290010476768e-05,0.0003675596368272196
0.4594372077229137,-0.00019527516152154924,0.0,1.7340281387800135e-05,0.0003686997511033624
0.4594450232158359,-0.00019535526779893502,0.0,1.780929553731527e-05,0.0003694481298417465
0.45945283870875814,-0.0001954341974399185,0.0,1.828132068685226e-05,0.00037019925304405385
0.4594606542016803,-0.0001955119126701865,0.0,1.8756322062409237e-05,0.00037095293961771406
0.45946901703118775,-0.00019559375434573533,0.0,1.926783367994857e-05,0.0003717621738987905
0.45947737986069515,-0.00019567427930852115,0.0,1.9782645338753286e-05,0.0003725742202734766
0.45948574269020254,-0.0001957535234905372,0.0,2.030070333615741e-05,0.00037338901706488256
0.45952070708281206,-0.00019607149420961326,0.0,2.250048783930887e-05,0.0003768231007551992
0.45952944818096436,-0.00019614782318900907,0.0,2.305880050351295e-05,0.0003776885882325862
0.4595381892791167,-0.00019622309667978956,0.0,2.362030339296775e-05,0.0003785569209993805
0.45954693037726907,-0.00019629715018707822,0.0,2.418497862337226e-05,0.00037942769159621264
0.45955413370045567,-0.0001963572576629786,0.0,2.4652667313112615e-05,0.0003801470244529848
0.4595613370236422,-0.00019641658134588784,0.0,2.5122447810835916e-05,0.0003808679548389529
0.4595685403468288,-0.00019647514881221295,0.0,2.559429140278938e-05,0.0003815904723291883
0.4595829778879241,-0.00019659032479819204,0.0,2.654609795068033e-05,0.00038304324272620075
0.45959741542901944,-0.000196702632135163,0.0,2.750588736418659e-05,0.00038450200644830424
0.45961185297011475,-0.00019681219049092502,0.0,2.8473463468853776e-05,0.0003859665441685006
0.4596498763119433,-0.00019708801278022978,0.0,3.105749056655203e-05,0.0003898485821767468
0.4596593821474005,-0.00019715436922937605,0.0,3.171140428597498e-05,0.00039082490043012755
0.4596688879828576,-0.00019721995739093137,0.0,3.236832699016034e-05,0.0003918037621446219
0.45967839381831477,-0.00019728448323696855,0.0,3.3028268845243874e-05,0.0003927845460478935
0.4596846304493336,-0.00019732621838568315,0.0,3.3462872587866125e-05,0.00039342898482988054
0.45969086708035245,-0.00019736752174915454,0.0,3.389874352241363e-05,0.0003940742299928926
0.4597253967117757,-0.00019758922921672977,0.0,3.6334010864315816e-05,0.0003976609767734006
0.45975992634319895,-0.0001977995654110663,0.0,3.8805652618762456e-05,0.0004012707406526697
0.4597944559746222,-0.00019799938309239952,0.0,4.131207516393791e-05,0.00040490171143008416
0.4598548572776924,-0.0001983255732286457,0.0,4.5776189625711465e-05,0.0004112996459828547
0.4599152585807625,-0.00019862566857574104,0.0,5.033501476984292e-05,0.00041774924719377085
0.45997565988383265,-0.00019890324572792765,0.0,5.4981478864304005e-05,0.0004242426846345197
0.46003606118690277,-0.00019916094163968128,0.0,5.970994628057833e-05,0.0004307738055454265
0.4601045119980998,-0.00019943180004204305,0.0,6.516153721512233e-05,0.0004382145516895239
0.4601729628092968,-0.0001996827726678093,0.0,7.070610874583207e-05,0.000445691423349514
0.46024141362049387,-0.0001999159770752248,0.0,7.633857715876804e-05,0.00045319976196905545
0.4603098644316909,-0.00020013329080435511,0.0,8.20542692117771e-05,0.0004607354351283903
0.4603783152428879,-0.0002003364408524598,0.0,8.784883743595404e-05,0.0004682948170231742
0.46051425146830766,-0.00020070347823726456,0.0,9.957508356485768e-05,0.0004833656688045102
0.4606501876937274,-0.0002010294902095176,0.0,0.00011157064322797969,0.000498499123299226
0.46078612391914714,-0.00020132123736124694,0.0,0.00012381313271333797,0.0005136810786512801
0.4609220601445668,-0.00020158401177090528,0.0,0.0001362830812471735,0.000528900938695743
0.46105799636998657,-0.00020182203259610157,0.0,0.00014896304354006769,0.0005441500972252208
0.4612148444544736,-0.00020207049098379932,0.0,0.00016383393229862285,0.0005617724254746417
0.46137169253896065,-0.00020229498451382685,0.0,0.00017894136086146265,0.0005794158319755304
0.46152854062344767,-0.00020249904908876425,0.0,0.00019426545861882968,0.0005970735829240945
0.4616853887079347,-0.00020268547505354045,0.0,0.00020978814030983247,0.0006147400445738693
0.46184223679242176,-0.0002028566641489894,0.0,0.00022549281512520934,0.0006324107278356704
0.4620699648557006,-0.00020308198027861103,0.0,0.0002485874436975665,0.0006580664930860277
0.46229769291897954,-0.00020328406124760307,0.0,0.000271991661269011,0.0006837138404992902
0.46252542098225846,-0.00020346663385464902,0.0,0.0002956680666363243,0.0007093456232761279
0.4627531490455374,-0.00020363258904204182,0.0,0.0003195833332023586,0.0007349561827057741
0.4629808771088163,-0.00020378425919593746,0.0,0.00034370770271521323,0.0007605411122600398
0.4632563448753588,-0.00020395132652774637,0.0,0.0003731309903173558,0.0007914503866981611
0.4635318126419013,-0.00020410278292483779,0.0,0.00040277992098555244,0.0008223123392958682
0.4638072804084438,-0.00020424063994098436,0.0,0.00043261824383398405,0.0008531234180146293
0.46408274817498635,-0.00020436639675899888,0.0,0.00046261426365178825,0.0008838807831756582
0.4643582159415289,-0.000204481387141987,0.0,0.0004927402489079357,0.0009145823952696104
0.464701426336805,-0.0002046110246016653,0.0,0.0005304201779663531,0.0009527535189939163
0.46504463673208113,-0.0002047270338805222,0.0,0.000568224144994868,0.000990833101261867
0.46538784712735726,-0.00020483070888643277,0.0,0.000606117928334341,0.0010288193714478673
0.4657310575226334,-0.00020492302950186718,0.0,0.0006440724573193291,0.0010667109241784037
0.4660742679179095,-0.0002050048014055219,0.0,0.000682063240276273,0.0011045067687092422
0.46641747831318564,-0.00020507678473355093,0.0,0.0007200697234227818,0.0011422063233318984
0.46690399081216766,-0.00020516306657677915,0.0,0.0007739388217337269,0.0011954806744891018
0.46739050331114973,-0.00020523213042581345,0.0,0.0008277645935226418,0.001248559569850853
0.4678770158101318,-0.0002052851352274425,0.0,0.0008815151519296217,0.0013014425890238957
0.4683635283091138,-0.00020532301248806826,0.0,0.0009351656035469797,0.0013541296225848289
0.4688500408080959,-0.00020534657056330488,0.0,0.0009886966901082807,0.0014066209066798598
0.4693365533070779,-0.00020535649572696587,0.0,0.0010420935053320134,0.0014589169375493895
0.4699522140670892,-0.0002053502298864259,0.0,0.0011094547862584802,0.0015248161212865945
0.47056787482710055,-0.00020532392373955613,0.0,0.0011765654423985601,0.0015904049120513224
0.47118353558711185,-0.000205278488236526,0.0,0.0012434132573887998,0.001655685166423899
0.47179919634712314,-0.0002052145767226516,0.0,0.001309989879610749,0.0017206587763146563
0.47241485710713443,-0.00020513262274534267,0.0,0.001376289930803997,0.0017853275289502534
0.47303051786714573,-0.00020503330035919997,0.0,0.0014423098664369726,0.0018496940732229997
0.4737249623115902,-0.00020490101405182514,0.0,0.0015164398931244332,0.0019219373094562797
0.4744194067560347,-0.00020474771521208153,0.0,0.0015902104424795316,0.00199380212097814
0.47511385120047916,-0.00020457391814063654,0.0,0.001663621781461017,0.0020652920917657676
0.47580829564492366,-0.0002043802267165607,0.0,0.0017366752672289467,0.0021364108690525335
0.4765027400893681,-0.0002041670601436305,0.0,0.0018093729315009502,0.0022071620848209835
0.4771971845338126,-0.0002039346803332583,0.0,0.0018817172026820111,0.002277549328434149
0.47789162897825704,-0.0002036835548418319,0.0,0.0019537108490607436,0.00234757637432832
0.47858607342270154,-0.00020341429974657545,0.0,0.0020253568880427516,0.0024172472717472076
0.479280517867146,-0.00020312709905860132,0.0,0.002096658547919028,0.0024865656637481294
0.4799749623115905,-0.000202821748496926,0.0,0.0021676192422616985,0.0025555345599061795
0.4806694067560349,-0.00020249881533272347,0.0,0.0022382423099763294,0.002624157942272943
0.4813638512004794,-0.00020215989176248283,0.0,0.0023085309635197952,0.002692441476477844
0.48205829564492386,-0.00020180505714071582,0.0,0.0023784889074684127,0.002760388855992583
0.48275274008936836,-0.0002014311452578718,0.0,0.002448120472561937,0.0028279988828067114
0.48344718453381286,-0.0002010405532700495,0.0,0.0025174282470875886,0.0028952779758637066
0.4841416289782573,-0.00020063653854670592,0.0,0.0025864153751446422,0.0029622339521761195
0.4848360734227018,-0.0002002162020386564,0.0,0.002655086644345928,0.003028866699862551
0.48553051786714624,-0.00019977722532989019,0.0,0.0027234457707258635,0.00309517641072492
0.48622496231159074,-0.00019932425188877334,0.0,0.002791494803145522,0.0031611720244391684
0.4869194067560352,-0.00019885921271176009,0.0,0.0028592375126947787,0.0032268596110556096
0.4876138512004797,-0.00019837561405289985,0.0,0.002926679434044525,0.0032922345606555855
0.4877329462087951,-0.00019829062109524707,0.0,0.0029382154458789307,0.0033034147773599106
0.48785204121711045,-0.00019820577810198954,0.0,0.0029497424794860693,0.0033145867403330093
0.48797113622542587,-0.00019812067867924226,0.0,0.002961260761787108,0.0033257499108262315
0.4880902312337413,-0.0001980350324987377,0.0,0.0029727703879840373,0.0033369039955390453
0.4882093262420567,-0.00019794888404403238,0.0,0.0029842713109750783,0.0033480491250632172
0.4884468837827225,-0.00019777568219677032,0.0,0.0030071861197925663,0.003370253646591547
0.4886844413233883,-0.00019760095979274155,0.0,0.0030300663776588674,0.0033924231976923207
0.4889219988640541,-0.00019742455091849355,0.0,0.0030529123280180455,0.003414557647306916
0.48915955640471986,-0.00019724629117278298,0.0,0.0030757241395103214,0.0034366569800472085
0.48939711394538565,-0.00019706626520808816,0.0,0.0030985018903903435,0.003458721465607677
0.4898519181869097,-0.00019671679970184765,0.0,0.0031420154081242577,0.0035008672548418945
0.49030672242843376,-0.00019636113729071822,0.0,0.003185405547130094,0.0035428868310594954
0.4907615266699578,-0.00019599917684952594,0.0,0.0032286732972174855,0.003584780969053045
0.4912163309114818,-0.00019563090218897606,0.0,0.0032718195882636635,0.0036265505649540506
0.49167113515300587,-0.0001952564018176257,0.0,0.003314845334681972,0.003668196582786894
0.4923655795974503,-0.00019467257185971448,0.0,0.003380311289074747,0.003731549766639884
0.4930600240418948,-0.0001940742735048412,0.0,0.0034455016654460955,0.003794619895096815
0.4937544684863393,-0.0001934615214290666,0.0,0.003510419686672577,0.003857409993013329
0.49444891293078375,-0.00019283434161920638,0.0,0.0035750685330636998,0.003919923035208074
0.49514335737522824,-0.00019219274183112712,0.0,0.0036394513449957058,0.003982161923902355
0.4958378018196727,-0.0001915367057413193,0.0,0.003703571218097824,0.004044129493673108
0.4965322462641172,-0.00019086620457259997,0.0,0.003767431186848571,0.004105828525345483
0.4972266907085616,-0.0001901812149752074,0.0,0.0038310342367778327,0.004167261738059041
0.4979211351530061,-0.00018948170959176978,0.0,0.0038943833168061767,0.00422843178109142
0.49861557959745056,-0.0001887676197210915,0.0,0.003957481314880107,0.004289341242310687
0.49931002404189506,-0.00018803884205627884,0.0,0.004020331053812578,0.004349992633842221
0.5,-0.0001873001385429975,0.0,0.004082533264651361,0.0044100005723828
