time_s,S_to_H_i_mass_flow_kg_s,H_i_to_L_mass_flow_kg_s,L_to_H_o_mass_flow_kg_s,H_o_to_S_mass_flow_kg_s
0.0,-0.0001871697725487501,0.0,0.00407898063517883,0.004405622396127267
1.6303016011483863e-07,-0.0001871695949634272,0.0,0.0040789952976061925,0.004405636538884824
3.2606032022967726e-07,-0.0001871694173746745,0.0,0.004079009960019264,0.004405650681624176
5.8660225235773647e-05,-0.00018710625003601677,0.0,0.004084255572186268,0.004410710808623919
0.00011699439015131761,-0.00018704295809581728,0.0,0.004089499495884371,0.004415769134667249
0.00017532855506686157,-0.00018697952633797701,0.0,0.004094741750623859,0.00442082563079692
0.0003661991135359077,-0.00018677094593529394,0.0,0.00411188283329918,0.004437357726052298
0.0005570696720049538,-0.00018656184636568543,0.0,0.004129005666103994,0.004453871396081837
0.0006047873116222154,-0.00018650952567327082,0.0,0.004133283384988894,0.004457997139438278
0.000652504951239477,-0.0001864569722123117,0.0,0.004137559899702393,0.00446212174589186
0.0007002225908567384,-0.00018640432364371704,0.0,0.004141835416541813,0.004466244985870853
0.0007479402304739999,-0.00018635161608893545,0.0,0.004146109871699399,0.004470366962636261
0.0007889321445839688,-0.00018630628403112562,0.0,0.004149780936691463,0.004473907038042873
0.0008299240586939377,-0.0001862608939547126,0.0,0.0041534511783360775,0.004477446233419043
0.0008709159728039066,-0.00018621544862300755,0.0,0.004157120601476391,0.004480984544366478
0.0010545846000169059,-0.0001860109885036697,0.0,0.004173551745287461,0.004496827434368364
0.0012382532272299052,-0.00018580562818196986,0.0,0.0041899659853981116,0.004512653491634126
0.001284170384033155,-0.00018575422464184148,0.0,0.004194066959727007,0.004516607331709442
0.001330087540836405,-0.00018570273877477632,0.0,0.004198167085983383,0.004520559826958175
0.0013760046976396547,-0.00018565115212740955,0.0,0.004202266123842418,0.004524511304618187
0.0014219218544429045,-0.0001855995020344506,0.0,0.004206364052107672,0.004528461808595775
0.0014613160964706952,-0.000185555129133947,0.0,0.00420987902858175,0.004531850230179892
0.0015007103384984861,-0.00018551069482942832,0.0,0.004213393255389271,0.004535237839791566
0.0015401045805262768,-0.0001854662083937636,0.0,0.0042169067183329126,0.00453862466131233
0.0017264414118389052,-0.0001852549737771634,0.0,0.004233515266831391,0.004554633705355895
0.0019127782431515334,-0.00018504294455422735,0.0,0.004250106604505214,0.004570625606265084
0.0019593624509796903,-0.0001849898000562369,0.0,0.004254251857626608,0.004574620755801779
0.0020059466588078475,-0.00018493644190612757,0.0,0.004258396286974074,0.004578614435946734
0.0020525308666360046,-0.00018488305371907614,0.0,0.004262539560661129,0.004582607167817381
0.0020991150744641613,-0.00018482965437886074,0.0,0.0042666816641182765,0.0045865989791842995
0.00213703636291331,-0.00018478612176453987,0.0,0.004270052740710568,0.004589847613944515
0.0021749576513624583,-0.00018474253381740657,0.0,0.004273423133855607,0.004593095498230712
0.0022128789398116067,-0.00018469890309369294,0.0,0.004276792822826686,0.004596342665624742
0.0023701574782838343,-0.00018451739722531772,0.0,0.0042907611330058205,0.004609802525288145
0.0025274360167560623,-0.0001843352432228982,0.0,0.0043047173937436475,0.004623250114567057
0.00268471455522829,-0.00018415266734755835,0.0,0.004318661492187953,0.00463668569223097
0.0029778651968287635,-0.00018380937258712888,0.0,0.004344621236929377,0.0046616931604321725
0.0032710158384292374,-0.0001834632421790036,0.0,0.004370539907547191,0.004686657448154793
0.003564166480029711,-0.0001831145421925716,0.0,0.004396417478038452,0.004711579091716349
0.0038573171216301845,-0.00018276317329795282,0.0,0.004422254316526662,0.004736457961683261
0.004279126247298211,-0.0001822527397069591,0.0,0.004459359512674686,0.004772180712585984
0.004700935372966237,-0.00018173664678372304,0.0,0.004496381270827948,0.004807815642936188
0.0051227444986342635,-0.00018121455134879522,0.0,0.004533320506906562,0.00484336250940194
0.005544553624302289,-0.00018068671280244825,0.0,0.004570177154141898,0.004878822543484263
0.005966362749970315,-0.00018015277006027641,0.0,0.00460695253101521,0.00491419498664428
0.006388171875638342,-0.00017961329491100522,0.0,0.004643645664106734,0.004949482315255947
0.006809981001306368,-0.00017906743841796888,0.0,0.004680259301755351,0.0049846817446504415
0.0071523610948932125,-0.0001786200714352539,0.0,0.004709918633155599,0.005013190749940078
0.007494741188480057,-0.00017816908382814727,0.0,0.004739524599621652,0.00504164448108728
0.007837121282066902,-0.0001777138807949434,0.0,0.0047690786169728595,0.0050700413972922746
0.008179501375653746,-0.00017725440041262646,0.0,0.004798580726363806,0.005098381895376884
0.008521881469240591,-0.0001767910394568443,0.0,0.004828030568096132,0.005126667085498148
0.008959985344979163,-0.0001761922490090601,0.0,0.0048656385457099115,0.005162779494948669
0.009398089220717736,-0.00017558669437643925,0.0,0.004903162279053473,0.005198801251316259
0.00983619309645631,-0.00017497429873288562,0.0,0.004940602188137597,0.005234732712227326
0.010274296972194882,-0.00017435506567153202,0.0,0.004977958633864027,0.005270574312484219
0.010712400847933455,-0.000173728939986534,0.0,0.00501523206300209,0.005306326338698978
0.0114068452923779,-0.00017272214910616415,0.0,0.005074145634414192,0.005362814506149352
0.012101289736822346,-0.00017169759425923322,0.0,0.0051328532602959165,0.005419079402343566
0.012795734181266791,-0.00017065504885401808,0.0,0.005191356386468438,0.005475122095866772
0.013490178625711237,-0.0001695942534165769,0.0,0.005249656402818326,0.00553094349993232
0.014184623070155682,-0.00016851493517893376,0.0,0.005307754603632376,0.00558654442267184
0.014879067514600127,-0.0001674168331972569,0.0,0.005365652161511167,0.005641925600888306
0.015573511959044573,-0.00016629968239128244,0.0,0.005423350146479333,0.005697087662133766
0.016267956403489017,-0.00016516320249275755,0.0,0.005480849525993306,0.005752031108984552
0.016962400847933462,-0.00016400711141180074,0.0,0.005538151144512568,0.005806756336314567
0.017656845292377907,-0.00016283113131673984,0.0,0.005595255718625428,0.0058612636283962094
0.018351289736822353,-0.00016163497858832888,0.0,0.005652163840778277,0.005915553138847103
0.0190457341812668,-0.00016041836144378157,0.0,0.005708875969939188,0.005969624886333625
0.019740178625711244,-0.00015918098926096221,0.0,0.005765392417684303,0.00602347875894769
0.02043462307015569,-0.00015792257452438164,0.0,0.005821713343762954,0.006077114505056096
0.021129067514600135,-0.00015664282551120057,0.0,0.0058778387530440445,0.006130531718072541
0.02182351195904458,-0.00015534144861776672,0.0,0.005933768483407519,0.0061837298366878655
0.022517956403489026,-0.00015401813698959197,0.0,0.005989502201592138,0.006236708118400406
0.02321240084793347,-0.00015267259427518,0.0,0.0060450393818891335,0.0062894656495979745
0.023906845292377917,-0.00015130457305194251,0.0,0.00610037927458218,0.006342001384496677
0.024601289736822362,-0.00014991381165831773,0.0,0.006155520936815931,0.006394314075433281
0.025295734181266807,-0.00014849992607072324,0.0,0.006210463287962363,0.006446402138548561
0.025990178625711253,-0.00014706265139413053,0.0,0.006265204918872166,0.006498263902041259
0.0266846230701557,-0.00014560176972047386,0.0,0.006319744168995317,0.006549897492515575
0.027379067514600144,-0.00014411698066983788,0.0,0.006374079187341325,0.006601300710222501
0.02807351195904459,-0.0001426079850715691,0.0,0.0064282078295198955,0.006652471123322311
0.028767956403489035,-0.00014107454737949954,0.0,0.0064821276289248105,0.0067034060830368156
0.02946240084793348,-0.00013951641931719746,0.0,0.006535835851079902,0.006754102620389763
0.030156845292377926,-0.00013793332319302805,0.0,0.0065893294547355406,0.0068045574521316664
0.03085128973682237,-0.00013632502133674972,0.0,0.006642605026954806,0.006854767030668062
0.03154573418126682,-0.0001346913045615547,0.0,0.006695658809255093,0.006904727477999827
0.03224017862571126,-0.00013303193446775365,0.0,0.006748486704401944,0.006954434528804998
0.03293462307015571,-0.00013134667926839033,0.0,0.006801084202479303,0.00700388357886413
0.03362906751460015,-0.00012963536094390726,0.0,0.006853446359568081,0.007053069679383109
0.0343235119590446,-0.00012789780119248662,0.0,0.006905567836767496,0.007101987443208804
0.035017956403489044,-0.00012613379099247191,0.0,0.00695744285676211,0.007150631040850348
0.03571240084793349,-0.00012434316583080776,0.0,0.007009065123939885,0.007198994257582878
0.036406845292377935,-0.00012252581826834708,0.0,0.0070604278502086615,0.007247070426241836
0.03710128973682238,-0.00012068160427914513,0.0,0.007111523784382888,0.00729485233092354
0.037795734181266825,-0.00011881035986689232,0.0,0.007162345113053581,0.007342332265562835
0.038490178625711274,-0.00011691201855239182,0.0,0.007212883397006738,0.007389502077893069
0.039184623070155716,-0.00011498654353559502,0.0,0.007263129668503595,0.007436353007774818
0.039879067514600165,-0.000113033838889342,0.0,0.00731307436421949,0.007482875692446145
0.04057351195904461,-0.00011105384349011315,0.0,0.007362707241765564,0.007529060215635696
0.041267956403489056,-0.00010904656470118551,0.0,0.007412017397551551,0.007574896046187689
0.0419624008479335,-0.00010701201631220889,0.0,0.007460993263923582,0.007620371985018612
0.04265684529237795,-0.00010495021360680736,0.0,0.007509622551662569,0.007665476172487036
0.04335128973682239,-0.00010286121309347672,0.0,0.007557892223431718,0.007710196068882949
0.04404573418126684,-0.00010074510574308025,0.0,0.007605788491382661,0.007754518406766387
0.04474017862571128,-9.860199546891406e-05,0.0,0.007653296784401386,0.007798429174144746
0.04543462307015573,-9.643201389906881e-05,0.0,0.007700401710784607,0.007841913606299548
0.04612906751460017,-9.423533327870788e-05,0.0,0.007747087047006022,0.007884956150961612
0.04682351195904461,-9.201215258746733e-05,0.0,0.007793335720800776,0.007927540438125545
0.04751795640348906,-8.976269470834936e-05,0.0,0.007839129776745961,0.00796964927126156
0.048212400847933504,-8.748722166456206e-05,0.0,0.00788445035570765,0.00801126460811867
0.04890684529237795,-8.518603383382555e-05,0.0,0.007929277686449791,0.008052367529264616
0.049601289736822395,-8.285945894030252e-05,0.0,0.007973591062950001,0.00809293822291962
0.050295734181266843,-8.05078593528678e-05,0.0,0.008017368819432864,0.00813295597755654
0.050990178625711285,-7.813164238953313e-05,0.0,0.008060588323307995,0.008172399160060725
0.051684623070155734,-7.573125184408043e-05,0.0,0.00810322596785513,0.00821124519583594
0.052379067514600176,-7.33071630756106e-05,0.0,0.00814525715257928,0.008249470566269198
0.053073511959044625,-7.085989859025481e-05,0.0,0.008186656272416076,0.008287050804737338
0.05376795640348907,-6.839002014260528e-05,0.0,0.008227396727210021,0.008323960473982777
0.054462400847933516,-6.589812875410202e-05,0.0,0.00826745091071288,0.008360173171580762
0.05515684529237796,-6.33848701473703e-05,0.0,0.008306790207015989,0.008395661534959086
0.05585128973682241,-6.085093418296563e-05,0.0,0.008345385002285112,0.008430397236963823
0.05654573418126685,-5.829705298378411e-05,0.0,0.008383204693721261,0.008464350991334501
0.0572401786257113,-5.5724002921796753e-05,0.0,0.00842021769778915,0.00849749256721662
0.05793462307015574,-5.313260624473542e-05,0.0,0.008456391468237649,0.008529790802292742
0.05862906751460019,-5.0523730315073774e-05,0.0,0.00849169251947705,0.008561213619305194
0.05932351195904463,-4.789828759228935e-05,0.0,0.008526086450999516,0.008591728051052875
0.06001795640348908,-4.5257236676435134e-05,0.0,0.008559537977905,0.008621300269268772
0.06071240084793352,-4.260158229149974e-05,0.0,0.008592010968847038,0.00864989561640267
0.06140684529237797,-3.9932374687402785e-05,0.0,0.008623468487880889,0.008677478644412763
0.06210128973682241,-3.725070972428799e-05,0.0,0.0086538728412454,0.008704013160077562
0.06279573418126685,-3.4557728828298245e-05,0.0,0.008683185631644177,0.008729462274545284
0.06349017862571131,-3.185461821279242e-05,0.0,0.008711367818605162,0.008753788458885001
0.06418462307015575,-2.9142608158425376e-05,0.0,0.008738379784000768,0.00877695360700112
0.0648790675146002,-2.642297249262765e-05,0.0,0.008764181404528082,0.00879891910440662
0.06557351195904464,-2.3697027583027513e-05,0.0,0.008788732131371473,0.008819645902774127
0.06626795640348909,-2.096613099790775e-05,0.0,0.008811991075778543,0.008839094601725224
0.06696240084793353,-1.82316789057583e-05,0.0,0.00883391710191387,0.008857225536422077
0.06765684529237798,-1.5495108893301443e-05,0.0,0.008854468923450036,0.008873998875462858
0.06835128973682242,-1.2757894904599245e-05,0.0,0.008873605211757144,0.008889374719652905
0.06904573418126687,-1.002154372641336e-05,0.0,0.00889128470832449,0.008903313209522852
0.06974017862571132,-7.287595339720052e-06,0.0,0.008907466341541711,0.008915774641688532
0.07043462307015576,-4.55762122866899e-06,0.0,0.008922109351574517,0.008926719589623294
0.0711290675146002,-1.8332205437864571e-06,0.0,0.008935173421701428,0.008936109029794508
0.0712679564034891,-1.2891516112345108e-06,0.0,0.008937593255824182,0.008937796859227005
0.07140684529237798,-7.453835885040435e-07,0.0,0.008939948026792691,0.008939420622744729
0.07154573418126688,-2.0192967350592003e-07,0.0,0.008942237420300009,0.008940980016459977
0.07156489348285265,-1.2698748679002894e-07,0.0,0.008942548086611823,0.008941190060907295
0.07158405278443844,-5.205172201055014e-08,0.0,0.008942857502471023,0.008941398874006232
0.07160321208602421,4.030712898354233e-08,0.0,0.00894316566674462,0.008941606454769052
0.07162343295537343,1.7941962172283534e-07,0.0,0.00894348954714783,0.008941824198715326
0.07164365382472265,3.177706716618725e-07,0.0,0.008943812031165278,0.008942040565271907
0.07166387469407186,4.549916026558215e-07,0.0,0.00894413311758296,0.008942255550662442
0.07168811481608808,6.176306999571222e-07,0.0,0.008944516180197294,0.008942511441920894
0.0717123549381043,7.776825436275381e-07,0.0,0.008944897229179405,0.008942765332461855
0.0717365950601205,9.347170112376918e-07,0.0,0.00894527626197735,0.008943017210819313
0.07176083518213672,1.088496761573574e-06,0.0,0.008945653274614314,0.008943267064931351
0.0717966137480794,1.3093363815112069e-06,0.0,0.008946206045786753,0.008943632126566736
0.07183239231402207,1.5227106761150303e-06,0.0,0.008946754388895065,0.008943992714319279
0.07186817087996475,1.7287124251425812e-06,0.0,0.008947298286009684,0.008944348792603444
0.07190394944590743,1.9276294631689325e-06,0.0,0.008947837718070123,0.008944700328509898
0.07196422503688456,2.247886299239066e-06,0.0,0.008948736338932527,0.00894528220261263
0.07202450062786168,2.5515581675930804e-06,0.0,0.008949622137279116,0.008945850978997071
0.07208477621883883,2.8413640009530924e-06,0.0,0.008950495020642303,0.008946406563717726
0.07214505180981595,3.1198305641935035e-06,0.0,0.008951354903444524,0.00894694888619173
0.07220532740079308,3.3891217905407724e-06,0.0,0.008952201708877566,0.008947477893424576
0.0722792952216654,3.7097595195178495e-06,0.0,0.00895322290437985,0.008948108816568648
0.07235326304253771,4.022251426045672e-06,0.0,0.008954224193099505,0.00894871957784573
0.07242723086341002,4.328895252228849e-06,0.0,0.008955205480122186,0.0089493101447116
0.07250119868428233,4.631436751971465e-06,0.0,0.008956166684461926,0.008949880496507821
0.07257516650515465,4.9311441113569335e-06,0.0,0.008957107736813878,0.008950430619850182
0.07268014055486371,5.353346665432868e-06,0.0,0.008958408554330296,0.008951176603348791
0.07278511460457279,5.77327520004118e-06,0.0,0.008959668516599696,0.008951881805534493
0.07289008865428187,6.191855988381151e-06,0.0,0.008960887497196337,0.008952546206607575
0.07299506270399095,6.609606420745341e-06,0.0,0.008962065382986889,0.008953169782513657
0.07310003675370003,7.026803889109223e-06,0.0,0.008963202069725782,0.008953752503760622
0.07328741372490886,7.770543932575642e-06,0.0,0.008965128327373523,0.008954690992801868
0.07347479069611772,8.51307256482004e-06,0.0,0.008966922483833456,0.008955498962847612
0.07366216766732657,9.254245318676848e-06,0.0,0.008968584043761923,0.008956176133114307
0.07384954463853541,9.994005165598409e-06,0.0,0.008970112525581192,0.008956722187486258
0.07403692160974426,1.0732362327884355e-05,0.0,0.008971507457524302,0.008957136783916521
0.07436044661688461,1.2003800011772787e-05,0.0,0.008973600248217596,0.008957542132966989
0.07468397162402494,1.3270834977909244e-05,0.0,0.008975291214743174,0.00895755255160007
0.0750074966311653,1.4533302195726467e-05,0.0,0.008976578039912636,0.008957165988953715
0.07533102163830564,1.579106593011515e-05,0.0,0.008977458435415035,0.008956380333773842
0.07577210316374189,1.749808083044505e-05,0.0,0.00897799984811971,0.008954662366650717
0.07621318468917815,1.91958836992525e-05,0.0,0.008977775897529851,0.008952193104305574
0.0766542662146144,2.0884171654918634e-05,0.0,0.00897678106223583,0.008948967198764608
0.07709534774005065,2.256262352387143e-05,0.0,0.008975010000820032,0.008944979299057819
0.07753642926548691,2.4230903535089022e-05,0.0,0.008972457326587621,0.008940224296439404
0.07819173792524196,2.6689938714063083e-05,0.0,0.00896721073977196,0.008931732582388009
0.07884704658499701,2.9124637379338817e-05,0.0,0.008960211675604636,0.008921520866341463
0.07950235524475208,3.153384118194878e-05,0.0,0.008951445363877668,0.008909574652309115
0.08015766390450713,3.391638117696423e-05,0.0,0.008940898445689923,0.008895880836076484
0.08081297256426219,3.627107575419859e-05,0.0,0.008928559118298558,0.008880427893589667
0.08150741700870662,3.8734685847476846e-05,0.0,0.008913515554676319,0.008862121353896656
0.08220186145315106,4.116432158477437e-05,0.0,0.00889643822290134,0.008841818967283007
0.0828963058975955,4.355862466961996e-05,0.0,0.008877320065513866,0.00881951394372244
0.08359075034203993,4.5916211729650284e-05,0.0,0.008856156812232218,0.008795202218678024
0.08428519478648437,4.823574775994277e-05,0.0,0.008832947133473604,0.008768882656832353
0.0849796392309288,5.0515987526102775e-05,0.0,0.008807692771522385,0.008740557192370874
0.08567408367537324,5.2755710181165725e-05,0.0,0.008780398674478487,0.008710230917253644
0.08636852811981768,5.4953701837765e-05,0.0,0.008751073085283643,0.00867791219987349
0.08706297256426211,5.710882320636088e-05,0.0,0.008719727620520834,0.008643612794471942
0.08775741700870655,5.9220025374678066e-05,0.0,0.00868637736032985,0.008607347899880416
0.088451861453151,6.128630107002966e-05,0.0,0.008651040900363241,0.008569136206988985
0.08914630589759542,6.330668574684172e-05,0.0,0.008613740364219257,0.008528999941069171
0.08984075034203987,6.528030531558741e-05,0.0,0.00857450141046667,0.008486964873619097
0.0905351947864843,6.720637445335536e-05,0.0,0.00853335322764924,0.008443060311041639
0.09122963923092874,6.908415895330861e-05,0.0,0.008490328501730579,0.008397319068120022
0.09192408367537318,7.091298624697958e-05,0.0,0.008445463360742434,0.008349777417858254
0.0926185281198176,7.269228378484326e-05,0.0,0.008398797295995639,0.008300475023039941
0.09331297256426205,7.442156084185329e-05,0.0,0.008350373069751303,0.00824945484265417
0.09400741700870648,7.610038391304226e-05,0.0,0.008300236599438394,0.008196763020628153
0.09470186145315092,7.772839488998608e-05,0.0,0.008248436820315962,0.008142448754425801
0.09539630589759536,7.930532509614651e-05,0.0,0.008195025530612,0.008086564142678348
0.09609075034203979,8.08309786177663e-05,0.0,0.008140057218649764,0.008029164014477024
0.09678519478648423,8.230522178999772e-05,0.0,0.008083588872072976,0.007970305741096676
0.09747963923092866,8.372799295229251e-05,0.0,0.008025679771026296,0.007910049030820366
0.0981740836753731,8.509930521942605e-05,0.0,0.007966391267112056,0.007848455708662314
0.09886852811981754,8.64192345678642e-05,0.0,0.007905786549345496,0.007785589482557785
0.09956297256426197,8.76879133418765e-05,0.0,0.007843930398601325,0.0077215156974167936
0.10025741700870641,8.8905533725505e-05,0.0,0.007780888932676189,0.007656301079095105
0.10095186145315085,9.007234617871699e-05,0.0,0.0077167293442368156,0.007590013470535426
0.10164630589759528,9.118865012438789e-05,0.0,0.0076515196336160675,0.0075227215620033315
0.10234075034203972,9.225478854275835e-05,0.0,0.007585328338448269,0.007454494617527401
0.10303519478648415,9.327114821345327e-05,0.0,0.007518224262515267,0.007385402200066921
0.1037296392309286,9.423815642440467e-05,0.0,0.007450276206290065,0.007315513897814408
0.10442408367537304,9.51562732223479e-05,0.0,0.007381552701384427,0.007244899053733089
0.10511852811981746,9.602598680026172e-05,0.0,0.007312121751005047,0.007173626500630257
0.1058129725642619,9.684781113261176e-05,0.0,0.007242050567683446,0.007101764312965394
0.10650741700870633,9.762228698882881e-05,0.0,0.007171405369697774,0.0070293795265286944
0.10720186145315078,9.834997119346658e-05,0.0,0.007100251113422941,0.006956537944722534
0.10789630589759522,9.903143280770143e-05,0.0,0.007028651281964173,0.006883303910779711
0.10859075034203965,9.966725453013658e-05,0.0,0.006956667702365967,0.006809740084294184
0.10928519478648409,0.0001002580294581325,0.0,0.006884360361206641,0.006735907257711096
0.10997963923092852,0.00010080435589534468,0.0,0.0068117872355498085,0.006661864194348973
0.11067408367537296,0.00010130683559367552,0.0,0.0067390041500866825,0.006587667476729409
0.1113685281198174,0.00010176607349997641,0.0,0.006666064655422584,0.006513371372910715
0.11206297256426183,0.00010218267583421215,0.0,0.006593019923540205,0.006439027727289
0.11275741700870627,0.00010255724784511523,0.0,0.00651991866324818,0.0063646858733080415
0.11345186145315071,0.00010289039333809976,0.0,0.006446807057442623,0.006290392565386018
0.11414630589759514,0.00010318271501492616,0.0,0.006373728720851774,0.006216191930453375
0.11484075034203958,0.00010343481408829576,0.0,0.006300724676347188,0.006142125440114629
0.11553519478648401,0.00010364728985096967,0.0,0.006227833349599925,0.006068231902230025
0.11622963923092845,0.00010382074033444293,0.0,0.006155090581634317,0.005994547470421047
0.1169240836753729,0.00010395576348988601,0.0,0.006082529658238078,0.005921105670124435
0.11761852811981732,0.00010405295793164396,0.0,0.006010181354216567,0.00584793744055398
0.11831297256426176,0.00010411292366014426,0.0,0.005938073991359265,0.005775071190795101
0.11900741700870619,0.00010413626347126506,0.0,0.005866233508367809,0.005702532868826481
0.11970186145315063,0.00010412358470306279,0.0,0.005794683548628335,0.0056303460358209335
0.12039630589759508,0.00010407550030874392,0.0,0.005723445528143272,0.0055585319758435945
0.1210907503420395,0.00010399263033553911,0.0,0.005652538754972684,0.005487109768932093
0.12178519478648395,0.00010387560341294453,0.0,0.005581980530649244,0.005416096399180864
0.12247963923092837,0.00010372505849057836,0.0,0.005511786250581303,0.005345506872447915
0.12317408367537282,0.0001035416461151666,0.0,0.005441969515701656,0.00527535432643915
0.12386852811981726,0.00010332602955591737,0.0,0.005372542247896643,0.005205650140312058
0.12456297256426169,0.0001030788861854405,0.0,0.005303514802600155,0.005136404049733116
0.12525741700870613,0.00010280090872597227,0.0,0.005234896080272786,0.0050676242627663015
0.12595186145315057,0.00010249280609445945,0.0,0.005166693637549751,0.004999317572720403
0.126646305897595,0.00010215530414152262,0.0,0.005098913796332827,0.0049314894678092885
0.12734075034203943,0.00010178914641640519,0.0,0.005031561748866721,0.0048641442386231784
0.12803519478648387,0.0001013950947246116,0.0,0.004964641658940436,0.004797285082226144
0.1287296392309283,0.00010097392937029986,0.0,0.004898156759044653,0.004730914201959976
0.12942408367537275,0.00010052644928134358,0.0,0.0048321094432205855,0.004665032902200886
0.1301185281198172,0.00010005347206713442,0.0,0.004766501354502938,0.004599641678617264
0.1308129725642616,9.955583388275329e-05,0.0,0.004701333467355106,0.004534740303130356
0.13150741700870605,9.90343890463157e-05,0.0,0.004636606164482059,0.004470327904092978
0.1322018614531505,9.84900095482644e-05,0.0,0.0045723193090821115,0.0044064030404251915
0.13289630589759494,9.792358447686752e-05,0.0,0.004508472310896391,0.0043429637715629256
0.13359075034203938,9.73360188623947e-05,0.0,0.004445064197544045,0.0042800077148331716
0.1342851947864838,9.672823433657892e-05,0.0,0.00438209363829524,0.004217532131217407
0.13497963923092823,9.610116664095327e-05,0.0,0.004319559030666267,0.004155533941584158
0.13567408367537268,9.545576403425084e-05,0.0,0.004257458539958647,0.004094009790868272
0.13636852811981712,9.479298767222708e-05,0.0,0.004195790133360636,0.0040329561040621425
0.13706297256426156,9.411381031306613e-05,0.0,0.004134551618557503,0.003972369122564644
0.13775741700870597,9.341921415550074e-05,0.0,0.004073740681174952,0.003912244933842461
0.13845186145315042,9.271018964210059e-05,0.0,0.004013354913064951,0.0038525795067395345
0.13914630589759486,9.198773460232183e-05,0.0,0.00395339183872111,0.0037933687228322304
0.1398407503420393,9.125285270496137e-05,0.0,0.003893848938692805,0.003734608402754154
0.14053519478648374,9.050655175465494e-05,0.0,0.0038347236709534572,0.003676294326850524
0.14122963923092818,8.974984235294362e-05,0.0,0.0037760134864529248,0.0036184222560654805
0.1419240836753726,8.898373666445194e-05,0.0,0.0037177158443417848,0.0035609879484980937
0.14261852811981704,8.820924688817673e-05,0.0,0.0036598282229976763,0.003503987175762282
0.14331297256426148,8.742738373252168e-05,0.0,0.003602348132636002,0.0034474157329350847
0.14400741700870592,8.663915504135727e-05,0.0,0.0035452731201181527,0.0033912694520785366
0.14470186145315037,8.584556455867661e-05,0.0,0.0034886007792716924,0.0033355442061209968
0.14539630589759478,8.504761046400316e-05,0.0,0.0034323287478538046,0.003280235923149555
0.14609075034203922,8.42462840918744e-05,0.0,0.003376454722753618,0.0032253405791425336
0.14678519478648366,8.344256852474211e-05,0.0,0.0033209764410316255,0.0031708542225738915
0.1474796392309281,8.263743751338688e-05,0.0,0.003265891709128063,0.003116772946940844
0.14817408367537255,8.183185449017387e-05,0.0,0.003211198379384135,0.0030630929177641406
0.14886852811981696,8.102677107388064e-05,0.0,0.00315689435237084,0.0030098103675062307
0.1495629725642614,8.022312591748085e-05,0.0,0.003102977580504666,0.002956921587376785
0.15025741700870585,7.94218439540689e-05,0.0,0.0030494460629619346,0.002904422928797444
0.1509518614531503,7.86238354270432e-05,0.0,0.002996297839881482,0.0028523108044575056
0.15164630589759473,7.782999480460805e-05,0.0,0.002943530988989456,0.0028005816845945593
0.15234075034203914,7.704119992854923e-05,0.0,0.0028911436217309385,0.0027492320925471036
0.15303519478648359,7.625831130265889e-05,0.0,0.002839133877845639,0.002698258601557418
0.15372963923092803,7.548217132140398e-05,0.0,0.0027874999197413973,0.00264765783146334
0.15442408367537247,7.471360352188067e-05,0.0,0.002736239927291216,0.002597426444343934
0.1551185281198169,7.395341197459904e-05,0.0,0.0026853520923989416,0.0025475611398639527
0.15581297256426133,7.320238075126436e-05,0.0,0.002634834613237293,0.0024980586506518476
0.15650741700870577,7.246127339240744e-05,0.0,0.0025846856882434464,0.002448915737812223
0.1572018614531502,7.173083242241815e-05,0.0,0.0025349035106316327,0.0024001291859103635
0.15789630589759465,7.101177896086619e-05,0.0,0.002485486262387921,0.002351695798431551
0.1585907503420391,7.030481239427907e-05,0.0,0.0024364321095429096,0.0023036123922566746
0.15928519478648354,6.961061007820359e-05,0.0,0.002387739194809314,0.0022558757943617926
0.15997963923092798,6.892982706941518e-05,0.0,0.0023394056362379544,0.0022084828339522184
0.16067408367537242,6.826309597603943e-05,0.0,0.0022914295126031273,0.0021614303449213647
0.16136852811981686,6.761102682532053e-05,0.0,0.002243808868871347,0.0021147151506081987
0.16206297256426128,6.697420675592273e-05,0.0,0.002196541716908922,0.002068334062406037
0.16275741700870572,6.635320033580713e-05,0.0,0.0021496260111642006,0.0020222838894392754
0.16345186145315016,6.574854948090322e-05,0.0,0.0021030596560968444,0.0019765614175410724
0.1641463058975946,6.516077318505714e-05,0.0,0.002056840498170742,0.0019311634097422823
0.16484075034203904,6.459036776061328e-05,0.0,0.0020109663296540357,0.0018860866018781508
0.16553519478648346,6.403780715088931e-05,0.0,0.0019654348748116388,0.0018413277074226149
0.1662296392309279,6.350354289530776e-05,0.0,0.0019202438012749685,0.0017968834011377092
0.16692408367537234,6.298800433652987e-05,0.0,0.0018753906907704018,0.0017527503322266593
0.16761852811981678,6.249159872031231e-05,0.0,0.001830873080841568,0.001708925093022888
0.16831297256426123,6.20147119103783e-05,0.0,0.001786688375634944,0.0016654042716475004
0.16900741700870564,6.155770762916434e-05,0.0,0.0017428340317141352,0.0016221843365116537
0.16970186145315008,6.112093012161242e-05,0.0,0.0016993071242848718,0.0015792618832111333
0.17039630589759452,6.0704700454863694e-05,0.0,0.0016561050775283296,0.0015366331711125203
0.17109075034203897,6.0309320173913255e-05,0.0,0.0016132248182411353,0.0014942947375645834
0.1717851947864834,5.993506820223893e-05,0.0,0.0015706643338180607,0.00145224247568777
0.17247963923092782,5.95822127850538e-05,0.0,0.0015284194981223318,0.0014104734228446779
0.17317408367537226,5.925100017369114e-05,0.0,0.0014864869880312364,0.0013689834668981584
0.1738685281198167,5.8941644590932914e-05,0.0,0.001444863916200057,0.0013277684905846213
0.17456297256426115,5.8654356051692434e-05,0.0,0.0014035471820834846,0.0012868247593635087
0.1752574170087056,5.838931293278859e-05,0.0,0.001362533243939498,0.0012461484848899178
0.17595186145315,5.814669258340281e-05,0.0,0.0013218188521211208,0.001205735477649394
0.17664630589759445,5.792665078314018e-05,0.0,0.001281400376663466,0.0011655817193388146
0.1773407503420389,5.772932150006876e-05,0.0,0.0012412740964584752,0.0011256831164836417
0.17803519478648333,5.755482363286676e-05,0.0,0.0012014362061118582,0.0010860354872865082
0.17872963923092777,5.740326165415818e-05,0.0,0.00116188293306764,0.0010466345505099112
0.1794240836753722,5.7274725556306985e-05,0.0,0.0011226103048751137,0.0010074760354083056
0.18011852811981663,5.716928931601049e-05,0.0,0.0010836144651881626,0.0009685555347756596
0.18081297256426107,5.7087014655676125e-05,0.0,0.0010448910588784794,0.0009298687295721777
0.1815074170087055,5.7027945492032996e-05,0.0,0.0010064365195982126,0.0008914109324211812
0.18220186145314995,5.6992122438902264e-05,0.0,0.0009682451450091123,0.0008531780814094226
0.18289630589759437,5.6979555147560765e-05,0.0,0.0009303146689172888,0.0008151647747775354
0.1835907503420388,5.699026060553026e-05,0.0,0.0008926391909174707,0.0007773671745517846
0.18428519478648325,5.7024234687587616e-05,0.0,0.0008552152921938444,0.0007397800686421942
0.1849796392309277,5.708146579121948e-05,0.0,0.0008180370172031293,0.0007023991089379833
0.18567408367537214,5.7161921662517265e-05,0.0,0.000781100984140188,0.0006652189776192286
0.18636852811981658,5.72655697759541e-05,0.0,0.0007444021396350989,0.0006282351599747039
0.187062972564261,5.7392369204042205e-05,0.0,0.0007079356412559338,0.0005914427051932906
0.18775741700870544,5.75422631137668e-05,0.0,0.0006716964733264425,0.0005548365992560935
0.18845186145314988,5.7715185197274805e-05,0.0,0.0006356800072275841,0.0005184117420314235
0.18914630589759432,5.791106620705931e-05,0.0,0.0005998809425757454,0.00048216320454002893
0.18984075034203876,5.812982461721143e-05,0.0,0.0005642949027610252,0.00044608570262476684
0.19053519478648318,5.8371376802586834e-05,0.0,0.0005289154727562943,0.0004101743980130613
0.19122963923092762,5.8635621918118136e-05,0.0,0.0004937387128354795,0.0003744236306189286
0.19192408367537206,5.8922459043177936e-05,0.0,0.0004587590827763516,0.00033882846467362277
0.1926185281198165,5.9231782888644954e-05,0.0,0.00042397168298343764,0.000303383478610131
0.19331297256426094,5.956347814871462e-05,0.0,0.0003893708938094257,0.000268083424877845
0.19400741700870536,5.99174241613088e-05,0.0,0.00035495145715661535,0.00023292283337410135
0.1947018614531498,6.029349789369586e-05,0.0,0.0003207065606687264,0.00019789652952755787
0.19539630589759424,6.069156162896373e-05,0.0,0.0002866327846964535,0.00016299854861448232
0.19609075034203868,6.111148731043704e-05,0.0,0.0002527229923436096,0.00012822398366495424
0.19678519478648313,6.155313259683284e-05,0.0,0.0002189729757071067,9.35668765155104e-05
0.19747963923092754,6.201635410015851e-05,0.0,0.00018537645429896984,5.9021919239829996e-05
0.19817408367537198,6.250100546753489e-05,0.0,0.0001519277758939311,2.4583437695480542e-05
0.19849650639753116,6.273326584168238e-05,0.0,0.0001364465449861123,8.628684834746903e-06
0.1985912737754238,6.280237808765309e-05,0.0,0.00013190178948466582,3.943190053201476e-06
0.19861614614609038,6.282059069055319e-05,0.0,0.00013070953811435279,2.7137435475217825e-06
0.19864101851675697,6.283883078536238e-05,0.0,0.00012951744314151358,1.4844356835160886e-06
0.19866589088742354,6.285709788656958e-05,0.0,0.00012832550658910922,2.5526184678231714e-07
0.19866810304115007,6.285872398216209e-05,0.0,0.00012821950485945486,1.4594523612498666e-07
0.1986703151948766,6.286035029150489e-05,0.0,0.00012811350438520893,3.6629672989894615e-08
0.19867252734860313,6.28620044202743e-05,0.0,0.00012800802238421168,0.0
0.19867695165605614,6.286546522547002e-05,0.0,0.00012779978756789493,0.0
0.19868137596350918,6.286917064587303e-05,0.0,0.0001275956839117733,0.0
0.1986858002709622,6.287311158634416e-05,0.0,0.00012739515708747398,0.0
0.19870228834390788,6.288974475142062e-05,0.0,0.00012667263939522994,0.0
0.19871877641685357,6.290913352767914e-05,0.0,0.00012597477389730005,0.0
0.19873526448979922,6.293093397114586e-05,0.0,0.00012529161083780802,0.0
0.1987517525627449,6.29548396471936e-05,0.0,0.0001246176234673554,0.0
0.19876962662550898,6.298279622131222e-05,0.0,0.0001238923843709699,0.0
0.19878750068827306,6.301261786068402e-05,0.0,0.00012317044628528567,0.0
0.19880537475103713,6.304404241584754e-05,0.0,0.00012245002262242582,0.0
0.19882014483681457,6.307106067425504e-05,0.0,0.00012185511777799878,0.0
0.19883491492259203,6.309890430014006e-05,0.0,0.00012126031190390856,0.0
0.19884968500836947,6.31274739958277e-05,0.0,0.00012066549479851768,0.0
0.1988633855803183,6.315454754953928e-05,0.0,0.0001201136510299178,0.0
0.19887708615226712,6.318210657858327e-05,0.0,0.00011956165467110704,0.0
0.19889078672421595,6.321009487557295e-05,0.0,0.00011900947416220752,0.0
0.19892568259172003,6.328295293596173e-05,0.0,0.00011760212811962162,0.0
0.19896057845922413,6.33576252230964e-05,0.0,0.00011619337650841981,0.0
0.19899547432672823,6.34335825201788e-05,0.0,0.0001147831735783049,0.0
0.19902402895809124,6.349644635109372e-05,0.0,0.00011362818400681939,0.0
0.19905258358945424,6.35597200905588e-05,0.0,0.00011247234664117222,0.0
0.19908113822081727,6.362330350999959e-05,0.0,0.00011131568227958237,0.0
0.19910969285218028,6.36871033389887e-05,0.0,0.00011015819002679127,0.0
0.1991668021149063,6.381509733603227e-05,0.0,0.0001078409078980396,0.0
0.19922391137763235,6.394328507856055e-05,0.0,0.00010552077633428842,0.0
0.19928102064035838,6.407143010968016e-05,0.0,0.00010319804562914954,0.0
0.19933812990308442,6.419942474351176e-05,0.0,0.00010087294287982034,0.0
0.19946309805442808,6.447883279420349e-05,0.0,9.577781350244645e-05,0.0
0.1995880662057717,6.475738490444147e-05,0.0,9.067439872318195e-05,0.0
0.19968491394140175,6.497299875136025e-05,0.0,8.671459457854326e-05,0.0
0.19969101950287937,6.498660130998506e-05,0.0,8.646485790390004e-05,0.0
0.199697125064357,6.500084451603719e-05,1.3355837946061544e-08,8.621646412600411e-05,0.0
0.19969752627559192,6.500224203094089e-05,1.0233893366588734e-07,8.62012581711316e-05,0.0
0.19969792748682685,6.500407316381979e-05,1.902276558751432e-07,8.618703042157447e-05,0.0
0.1996987299092967,6.500858760781366e-05,3.6398707051243374e-07,8.616033720854288e-05,0.0
0.19969953233176654,6.501477757595589e-05,5.335633655333707e-07,8.613734784049511e-05,0.0
0.1997003347542364,6.502259480728306e-05,6.991161302059052e-07,8.611789067120266e-05,0.0
0.19970299003713654,6.505948269713593e-05,1.220160531700724e-06,8.607665008465053e-05,0.0
0.19970564532003668,6.51120508608207e-05,1.7041141271090072e-06,8.606663398178637e-05,0.0
0.19970830060293682,6.517873495793607e-05,2.155986654521598e-06,8.608251789162786e-05,0.0
0.19971095588583695,6.525820775989438e-05,2.57992907318775e-06,8.611993098001367e-05,0.0
0.19971549643075645,6.542049250287559e-05,3.2500170560840577e-06,8.622353286472312e-05,0.0
0.19972003697567595,6.561184886071176e-05,3.8633297651959655e-06,8.636435599890165e-05,0.0
0.19972457752059544,6.582842273276658e-05,4.430528145004841e-06,8.653176661895567e-05,0.0
0.19972911806551494,6.60669919564327e-05,4.9600522319170955e-06,8.671757583538688e-05,0.0
0.19973365861043443,6.632476813053818e-05,5.458871426635685e-06,8.691519480861717e-05,0.0
0.19974027651012363,6.67300619715949e-05,6.142174509948281e-06,8.721415857780094e-05,0.0
0.19974689440981283,6.716521697399027e-05,6.784648707107832e-06,8.751675153434475e-05,0.0
0.19975351230950203,6.762554167769375e-05,7.395032918904935e-06,8.781634965304695e-05,0.0
0.19976013020919123,6.81072163309321e-05,7.979533761527508e-06,8.810892851760938e-05,0.0
0.19976674810888045,6.860703263111237e-05,8.542758260730925e-06,8.839202992005006e-05,0.0
0.19977600245088245,6.933123275920368e-05,9.301237982920632e-06,8.87693749509914e-05,0.0
0.19978525679288445,7.007937686798131e-05,1.0031598855849112e-05,8.912409360379242e-05,0.0
0.19979451113488644,7.08463810248793e-05,1.0738407655348374e-05,8.945655033412016e-05,0.0
0.19980376547688844,7.162797736484877e-05,1.1425019976346201e-05,8.976785125744943e-05,0.0
0.19981301981889046,7.242053653229319e-05,1.2094036428600262e-05,9.005940050117432e-05,0.0
0.19982821147591928,7.373732527761385e-05,1.3159459077755063e-05,9.049914089036092e-05,0.0
0.19984340313294813,7.506427674097567e-05,1.4189736496035439e-05,9.089660374299563e-05,0.0
0.19985859478997697,7.639278426797298e-05,1.5189872655503221e-05,9.12580587783861e-05,0.0
0.1998737864470058,7.771613119311204e-05,1.6163916175258862e-05,9.158875032489123e-05,0.0
0.19988897810403464,7.902910123481145e-05,1.7115218592512165e-05,9.18930028541144e-05,0.0
0.19991495578554175,8.123912346600684e-05,1.869687266770483e-05,9.236227524261534e-05,0.0
0.19994093346704883,8.339398206303313e-05,2.0230259883381428e-05,9.277901083900228e-05,0.0
0.19996691114855594,8.548633485445469e-05,2.1722877194204877e-05,9.315354879897188e-05,0.0
0.19999288883006305,8.751270711827112e-05,2.3180417883227216e-05,9.349342411351801e-05,0.0
0.20001886651157016,8.947217739495986e-05,2.4607321115488058e-05,9.380421283192301e-05,0.0
0.20005369632351003,9.199589654292753e-05,2.6478371360466873e-05,9.418256261406288e-05,0.0
0.2000885261354499,9.440633130419436e-05,2.8306818961885862e-05,9.452346064970152e-05,0.0
0.20012335594738975,9.671105818812475e-05,3.0097389870703877e-05,9.48320633317849e-05,0.0
0.2001581857593296,9.891840090107767e-05,3.185390464348324e-05,9.511225507680405e-05,0.0
0.20019301557126945,0.00010103678746592346,3.357958293864238e-05,9.536710612568422e-05,0.0
0.2002445846263294,0.00010402733859020397,3.608382680149768e-05,9.570319478299807e-05,0.0
0.20029615368138934,0.00010686621300775308,3.853404456756731e-05,9.599567237368668e-05,0.0
0.2003477227364493,0.00010957632110212396,4.093666316010433e-05,9.624981413628857e-05,0.0
0.20039929179150925,0.00011217771975765881,4.3297381178036505e-05,9.647022900787301e-05,0.0
0.20045086084656918,0.00011468777846333085,4.5621303370083804e-05,9.666103128711178e-05,0.0
0.2005117377342794,0.00011755367502907438,4.832349250731113e-05,9.68531209159045e-05,0.0
0.20057261462198966,0.00012033405754229474,5.0987296590558494e-05,9.701429463766723e-05,0.0
0.2006334915096999,0.00012304640270764788,5.3618483299427734e-05,9.714919736676581e-05,0.0
0.20069436839741014,0.00012570515020460347,5.6222113276970586e-05,9.726193385596501e-05,0.0
0.20075524528512037,0.00012832210739209394,5.880258512325752e-05,9.735609348677361e-05,0.0
0.2008161221728306,0.00013090688169123833,6.136369693376236e-05,9.743479074577523e-05,0.0
0.20091628515207835,0.00013510962623973605,6.554394450579177e-05,9.753763396682053e-05,0.0
0.20101644813132608,0.0001392721817952932,6.969254480891959e-05,9.761581392369954e-05,0.0
0.20111661111057383,0.0001434129060748223,7.381885444960603e-05,9.767716012688137e-05,0.0
0.20121677408982155,0.00014754422113872603,7.793003515113092e-05,9.772770573874549e-05,0.0
0.2013169370690693,0.00015167422371455575,8.20314868095874e-05,9.777201440717963e-05,0.0
0.20141710004831703,0.00015580796571320032,8.612723679404842e-05,9.781349896903381e-05,0.0
0.20157328227126442,0.0001622674819993872,9.250899793104683e-05,9.787825969894474e-05,0.0
0.20172946449421178,0.0001687479943054995,9.889141474174357e-05,9.794848101248592e-05,0.0
0.20188564671715914,0.00017525052263226817,0.00010527889920311144,9.80278433573681e-05,0.0
0.20204182894010653,0.0001817737203736524,0.00011167377755161416,9.81182107664181e-05,0.0
0.2021980111630539,0.00018831509375240855,0.00011807705291346183,9.822029663809032e-05,0.0
0.20235419338600125,0.00019487202015738578,0.00012448895585437877,9.833413147193643e-05,0.0
0.20251037560894863,0.00020144228468735366,0.00013090930231077373,9.845936643029853e-05,0.0
0.202666557831896,0.0002080240898394938,0.00013733769757339398,9.859546072044252e-05,0.0
0.20282274005484335,0.00021461589967912054,0.0001437736458136762,9.874178896289179e-05,0.0
0.20300834614174454,0.00022246080702549632,0.00015143116681927898,9.892807970732231e-05,0.0
0.2031939522286457,0.00023031630839737694,0.00015909771629926773,9.912682018297031e-05,0.0
0.20337955831554685,0.00023818114239695137,0.00016677248827960933,9.933700684711267e-05,0.0
0.20356516440244804,0.0002460543750824937,0.00017445474735532806,9.955772707871289e-05,0.0
0.2037507704893492,0.0002539352533638001,0.00018214384850470626,9.978813716172012e-05,0.0
0.20393637657625036,0.00026182314724937833,0.00018983919511809678,0.00010002750905759632,0.0
0.20426054370209085,0.00027561495329245803,0.00020329293085155617,0.00010046503294246213,0.0
0.2045847108279313,0.00028942444321913873,0.00021676197455992302,0.0001009247558629034,0.0
0.2049088779537718,0.0003032500039740786,0.00023024454120041123,0.00010140410511227666,0.0
0.20523304507961226,0.00031709043502504156,0.00024373922616975223,0.00010190093849716157,0.0
0.20555721220545273,0.00033094479641261956,0.00025724490808267183,0.00010241349282625047,0.0
0.20594654365023046,0.00034760154399285473,0.0002734788448976942,0.00010304778730668776,0.0
0.20633587509500817,0.000364276373856618,0.00028972630140942365,0.0001037005428541573,0.0
0.20672520653978588,0.00038096862627393834,0.00030598652045077423,0.00010437002684002471,0.0
0.20711453798456358,0.0003976779009301321,0.00032225898249300093,0.00010505486579483958,0.0
0.2075038694293413,0.00041440401072709423,0.00033854344432038985,0.0001057539228750035,0.0
0.207893200874119,0.0004311469533383852,0.0003548397965722221,0.00010646635273149997,0.0
0.20850696180486863,0.00045757578900844115,0.00038055454604303047,0.00010761488160217274,0.0
0.2091207227356183,0.000484047577676138,0.000406299852566266,0.00010879268027010333,0.0
0.20973448366636793,0.0005105636072726414,0.0004320769781525078,0.00010999812338134484,0.0
0.21034824459711757,0.0005371255146810213,0.0004578875692085575,0.0001112299916158457,0.0
0.21096200552786723,0.0005637351834154021,0.0004837335368946111,0.00011248738138548935,0.0
0.21157576645861687,0.0005903946523948575,0.0005096169700806931,0.00011376959324355667,0.0
0.2122702109030613,0.0006206214834097844,0.0005389509901072817,0.00011524951837478291,0.0
0.21296465534750575,0.0006509181227796352,0.0005683392695591115,0.00011675965112458747,0.0
0.21365909979195016,0.0006812879951204813,0.000597785372949111,0.00011829928274970287,0.0
0.2143535442363946,0.0007117346563513311,0.0006272929808431552,0.0001198677695242984,0.0
0.21504798868083905,0.0007422617460150295,0.0006568659066314054,0.00012146447000711038,0.0
0.2157424331252835,0.0007728730233875076,0.0006865080470729252,0.0001230887484812039,0.0
0.21643687756972793,0.0008035723020224184,0.0007162234302548418,0.00012473995176518512,0.0
0.21713132201417237,0.000834363560154021,0.0007460161328508772,0.0001264174255351429,0.0
0.2178257664586168,0.0008652507456746201,0.000775890404932427,0.00012812053155289522,0.0
0.21852021090306123,0.0008962381071981121,0.0008058504426300618,0.0001298485988861166,0.0
0.21921465534750567,0.0009273295817812034,0.0008359008008517788,0.0001316010198147392,0.0
0.2199090997919501,0.0009585299151685821,0.0008660456477252654,0.00013337702124809297,0.0
0.22060354423639456,0.0009898422720166326,0.0008962902913919649,0.00013517625353441775,0.0
0.22129798868083897,0.0010212737613918626,0.0009266375710275011,0.00013699745811505146,0.0
0.2219924331252834,0.0010528256803240571,0.0009570944102175326,0.00013884062389463836,0.0
0.22268687756972785,0.0010845037923502116,0.0009876645474505607,0.00014070511730195363,0.0
0.2233813220141723,0.001116313322424836,0.0010183525002173972,0.000142589984648809,0.0
0.22407576645861674,0.001148258471670129,0.0010491635516408893,0.00014449460295211305,0.0
0.22477021090306115,0.0011803438374714563,0.0010801025400994338,0.0001464186286311972,0.0
0.2254646553475056,0.0012125742297772997,0.0011111743080030176,0.00014836151214913662,0.0
0.22615909979195004,0.001244954388492685,0.0011423840158403082,0.00015032245520199222,0.0
0.22685354423639448,0.0012774890952747238,0.0011737367107462469,0.00015230089730777462,0.0
0.22754798868083892,0.0013101831736462666,0.0012052372295645922,0.00015429654290030772,0.0
0.22824243312528333,0.0013430413914432013,0.001236890643814474,0.00015630882458659347,0.0
0.22893687756972778,0.0013760685179222789,0.0012687022953595378,0.00015833688409983912,0.0
0.22963132201417222,0.001409269421900878,0.00130067723935993,0.0001603802298857682,0.0
0.23032576645861666,0.0014426489743297921,0.0013328201628175476,0.0001624388011768187,0.0
0.2310202109030611,0.0014762118940421071,0.0013651361240683453,0.00016451207976668115,0.0
0.23171465534750552,0.0015099628524742655,0.001397630781311288,0.00016659884702956463,0.0
0.23240909979194996,0.0015439067133124497,0.001430309339863451,0.00016869843611772557,0.0
0.2331035442363944,0.0015780484288794683,0.0014631759019055857,0.00017081144366648052,0.0
0.23379798868083884,0.0016123926189716606,0.0014962349028683998,0.0001729379902075639,0.0
0.23449243312528328,0.0016469435683772206,0.001529492696028649,0.0001750759161520879,0.0
0.2351868775697277,0.0016817059182638004,0.001562955830671193,0.0001772229036499788,0.0
0.23588132201417214,0.0017166853890421279,0.0015966257047938849,0.00017938265581896655,0.0
0.23657576645861658,0.0017518854148051157,0.001630508672690139,0.00018155291086344101,0.0
0.23727021090306102,0.0017873106153622532,0.0016646100410495318,0.00018373239851289506,0.0
0.23796465534750547,0.0018229658890897118,0.0016989339794909603,0.0001859214637855288,0.0
0.23865909979194988,0.001858855504216185,0.001733485355250205,0.00018811953560522507,0.0
0.23935354423639432,0.0018949836652991272,0.001768269249671152,0.00019032556851235512,0.0
0.24004798868083876,0.0019313548111055262,0.001803290069830644,0.00019253929145635044,0.0
0.2407424331252832,0.0019679732216738746,0.0018385521342384721,0.00019476050817476552,0.0
0.24143687756972765,0.002004842932208232,0.001874060228375479,0.00019698835346375565,0.0
0.2421313220141721,0.002041968049577607,0.001909819002426724,0.00019922204713820955,0.0
0.2428257664586165,0.0020793527374259966,0.001945832544291207,0.0002014614214026969,0.0
0.24352021090306095,0.0021170009065522117,0.0019821049977015223,0.00020370612022600998,0.0
0.2442146553475054,0.0021549162627885416,0.0020186409539993126,0.00020595512746831416,0.0
0.24490909979194983,0.002193102632879574,0.002055444771300246,0.00020820764624186739,0.0
0.24560354423639427,0.0022315639004447017,0.002092520110818314,0.0002104636387350644,0.0
0.2462979886808387,0.0022703036135112327,0.0021298706968308255,0.00021272282760816973,0.0
0.24699243312528313,0.00230932501906515,0.002167500948006577,0.00021498394779592822,0.0
0.24768687756972757,0.002348631548377305,0.0022054151068056286,0.0002172458921359705,0.0
0.248381322014172,0.002388226846019671,0.002243616266914045,0.00021950886610987296,0.0
0.24907576645861645,0.0024281141283954534,0.0022821073124109723,0.00022177311250419995,0.0
0.24977021090306087,0.0024682957590065314,0.00232089316556153,0.00022403620470739388,0.0
0.25046465534750534,0.002508775315391093,0.0023599766116584376,0.00022629823062395406,0.0
0.2511590997919498,0.0025495556236166247,0.0023993607691791693,0.00022855887979091678,0.0
0.25185354423639417,0.0025906391779768286,0.002439049040313067,0.0002308171536079707,0.0
0.2525479886808386,0.0026320286052975935,0.002479044447361026,0.00023307235666354765,0.0
0.25324243312528305,0.002673726421464889,0.002519349812264784,0.00023532395509126932,0.0
0.2539368775697275,0.0027157348986005113,0.002559967979944853,0.00023757120423287652,0.0
0.25463132201417193,0.002758056186583921,0.0026009016541944825,0.0002398133341659775,0.0
0.2553257664586164,0.0028006923298124565,0.002642153304085254,0.00024204968873453098,0.0
0.2560202109030608,0.002843645186631606,0.0026837252800781873,0.0002442795688995236,0.0
0.25671465534750526,0.0028869164389610283,0.00272561984370053,0.0002465021845414648,0.0
0.2574090997919497,0.0029305076390685482,0.002767839070671959,0.00024871677922380187,0.0
0.25810354423639414,0.0029744201794430713,0.002810384834563736,0.00025092264221749527,0.0
0.25879798868083853,0.0030186552479762206,0.0028532588761208937,0.0002531190056228555,0.0
0.259492433125283,0.003063213837278424,0.0028964627735055064,0.0002553050726383248,0.0
0.2601868775697274,0.003108096764487808,0.002939998030105359,0.0002574799100340258,0.0
0.26088132201417186,0.0031533047344446947,0.0029838658987179573,0.0002596427010263747,0.0
0.2615757664586163,0.003198838342510201,0.0030280671039326496,0.00026179305535175407,0.0
0.26227021090306074,0.0032446977443477115,0.0030726023599149123,0.0002639302631585578,0.0
0.2629646553475052,0.0032908826021311698,0.0031174729564891375,0.0002660525976061145,0.0
0.2636590997919496,0.0033373931677897527,0.003162679146540117,0.0002681594799881446,0.0
0.26435354423639407,0.0033842291986302337,0.003208220887223966,0.0002702505581813987,0.0
0.2650479886808385,0.0034313897949415587,0.0032540983295257335,0.00027232472023876913,0.0
0.2657424331252829,0.003478874099975073,0.0033003113223674073,0.00027438090085864095,0.0
0.26643687756972734,0.003526681210563624,0.0033468593692389213,0.0002764183658229123,0.0
0.2671313220141718,0.0035748098209139557,0.003393741859465917,0.00027843622572961546,0.0
0.2678257664586162,0.0036232583551030462,0.003440957918465867,0.0002804335237622869,0.0
0.26852021090306066,0.0036720249501834977,0.003488506452737591,0.000282409263119966,0.0
0.2692146553475051,0.00372110759793549,0.003536386031147684,0.0002843625360563205,0.0
0.26990909979194955,0.0037705039533924524,0.003584595043587419,0.00028629241325082386,0.0
0.270603544236394,0.003820211509932735,0.0036331315555692715,0.00028819795117041995,0.0
0.27129798868083843,0.0038702273192260175,0.0036819934918862368,0.0002900781541722663,0.0
0.2719924331252829,0.0039205483678025335,0.003731178338149763,0.0002919320389946798,0.0
0.27268687756972726,0.0039711710598109755,0.003780683516055417,0.0002937586138912144,0.0
0.2733813220141717,0.004022091933357326,0.003830505866301049,0.00029555686193375146,0.0
0.27407576645861614,0.004073306633544009,0.003880642367050087,0.0002973258054323364,0.0
0.2747702109030606,0.00412481137226187,0.00393108909341635,0.0002990643588729037,0.0
0.275464655347505,0.004176600785143592,0.0039818427060422075,0.00030077160869724427,0.0
0.27615909979194947,0.004228671076134495,0.004032898257990842,0.0003024463203539818,0.0
0.2768535442363939,0.0042810153174810805,0.004084252440154135,0.0003040877673173579,0.0
0.27754798868083835,0.004333629749081347,0.004135899248219368,0.00030569446880849085,0.0
0.2782424331252828,0.00438650777418142,0.004187834053351113,0.00030726558983834297,0.0
0.27893687756972724,0.004439642889871447,0.004240051582378593,0.00030880018010381145,0.0
0.2796313220141717,0.004493028764768689,0.004292545918541412,0.00031029706140209057,0.0
0.28032576645861607,0.004546658573653195,0.004345310938457624,0.0003117551095972837,0.0
0.2810202109030605,0.004600525063371759,0.004398340229755977,0.00031317326508056934,0.0
0.28171465534750495,0.004654620649887311,0.004451627014726695,0.00031455045202688134,0.0
0.2824090997919494,0.004708937415531348,0.0045051641556737715,0.0003158855673582966,0.0
0.28310354423639383,0.004763467089560898,0.0045589441668649885,0.0003171775063043845,0.0
0.2837979886808383,0.004818201026592015,0.004612959172634972,0.0003184252083523928,0.0
0.2844924331252827,0.004873130197077972,0.004667201054643791,0.000319627447543497,0.0
0.28518687756972716,0.004928245301343397,0.004721661307902654,0.00032078308052848936,0.0
0.2858813220141716,0.004983536774214746,0.004776330827076133,0.0003218913061268583,0.0
0.28657576645861604,0.005038994428057131,0.004831200294562836,0.0003229510197634971,0.0
0.28727021090306043,0.005094607541459925,0.004886260336037483,0.0003239606458279179,0.0
0.28796465534750487,0.0051503655178581275,0.004941500832116556,0.00032491921322234496,0.0
0.2886590997919493,0.005206257503305407,0.004996911013996202,0.0003258261970739828,0.0
0.28935354423639376,0.005262271490712018,0.005052480410962906,0.00032668008287558414,0.0
0.2900479886808382,0.005318395254959599,0.005108198234562361,0.0003274791732464451,0.0
0.29074243312528264,0.005374617234000457,0.005164052332292384,0.000328223196157486,0.0
0.2914368775697271,0.005430924613003482,0.0052200308118860676,0.00032891122112335507,0.0
0.2921313220141715,0.005487303938003956,0.005276121750822149,0.0003295415702936318,0.0
0.29282576645861597,0.005543742169614517,0.005332312189796816,0.0003301134861703594,0.0
0.2935202109030604,0.005600224955627464,0.005388589607715581,0.00033062533473087385,0.0
0.2942146553475048,0.005656739011153986,0.0054449398100942775,0.0003310769360683912,0.0
0.29490909979194924,0.005713268789157881,0.0055013498718057595,0.00033146642980240627,0.0
0.2956035442363937,0.005769800825712752,0.005557804466336044,0.00033179377144290927,0.0
0.2962979886808381,0.005826317928534355,0.0056142906870687,0.0003320566505653987,0.0
0.29699243312528256,0.005882807170379589,0.0056707915101885656,0.0003322555445430799,0.0
0.297686877569727,0.00593924997844752,0.00572729380111649,0.0003323881599346301,0.0
0.29838132201417145,0.005995631935029469,0.005783780489715347,0.0003324542147799353,0.0
0.2990757664586159,0.0060519337748288216,0.005840237616449449,0.00033245194476329266,0.0
0.29977021090306033,0.00610814326096428,0.0058966452849308895,0.0003323817752367846,0.0
0.30046465534750477,0.006164238640733385,0.005952990300652593,0.0003322416716021568,0.0
0.3011590997919492,0.006220203533328912,0.006009254702688156,0.000332030942814455,0.0
0.3018535442363936,0.006276020892577972,0.0060654205076064805,0.00033174893587513367,0.0
0.30254798868083804,0.0063316730989001835,0.006121469708086714,0.0003313947443955951,0.0
0.3032424331252825,0.0063871400764156615,0.00617738553378223,0.0003309674427017863,0.0
0.3039368775697269,0.006442404271249223,0.0062331488138302835,0.0003304661358734861,0.0
0.30463132201417137,0.006497444530116519,0.006288742456231144,0.00032989022070256793,0.0
0.3053257664586158,0.006552244186440678,0.006344145691365853,0.00032923871731247307,0.0
0.30602021090306025,0.006606782495501017,0.006399340275547396,0.00032851095772280217,0.0
0.3067146553475047,0.006661039297900683,0.006454307048126839,0.0003277063108933283,0.0
0.30740909979194914,0.006714994861130233,0.006509026102420407,0.0003268240582041605,0.0
0.3081035442363936,0.006768628948456984,0.006563477509491207,0.0003258635144047307,0.0
0.30879798868083796,0.00682192101933664,0.006617641183928167,0.0003248240664219201,0.0
0.3094924331252824,0.006874850385551159,0.006671496779747876,0.0003237051401318935,0.0
0.31018687756972685,0.006927396196466271,0.006725023724951714,0.00032250618070149605,0.0
0.3108813220141713,0.0069795374250265305,0.0067782012597166555,0.0003212266649514131,0.0
0.31157576645861573,0.007031252888519051,0.006831008447097195,0.0003198661102128163,0.0
0.3122702109030602,0.007082521269590268,0.006883424158236881,0.0003184240991169523,0.0
0.3129646553475046,0.007133321092404852,0.006935427177840038,0.00031690015971026715,0.0
0.31365909979194906,0.007183630835241699,0.006986996135250998,0.00031529390840586894,0.0
0.3143535442363935,0.007233428964837524,0.007038109431616601,0.0003136051533620093,0.0
0.31504798868083794,0.007282693716923882,0.007088745459881382,0.0003118335807639138,0.0
0.31574243312528233,0.00733140319859993,0.0071388826199949625,0.00030997877357506905,0.0
0.31643687756972677,0.0073795357596701016,0.007188499024796886,0.0003080406744398297,0.0
0.3171313220141712,0.0074270695571990245,0.007237572874371895,0.0003060191053391843,0.0
0.31782576645861566,0.007473982777750502,0.0072860823009337095,0.0003039139510583053,0.0
0.3185202109030601,0.0075202535844704245,0.0073340054349449015,0.0003017251198504532,0.0
0.3192146553475046,0.0075658602159171355,0.007381320381119369,0.0002994525959917689,0.0
0.31990909979194904,0.007610780971281979,0.007428005270571774,0.0002970964006045799,0.0
0.32060354423639353,0.0076549942137694215,0.007474038282580192,0.00029465660100242737,0.0
0.321297988680838,0.007698478399113825,0.007519397650865194,0.00029213331464057925,0.0
0.3219924331252825,0.007741212095226464,0.007564061683579554,0.00028952670636779923,0.0
0.3226868775697269,0.007783174001992525,0.00760800878530801,0.0002868369886394565,0.0
0.3233813220141714,0.007824342993794699,0.007651217467823612,0.0002840644324862961,0.0
0.32407576645861585,0.007864698061069741,0.00769366641439047,0.00028120933455739615,0.0
0.32477021090306035,0.007904218407763827,0.007735334436238299,0.0002782720510394353,0.0
0.3254646553475048,0.007942883520478344,0.0077762004703637614,0.0002752530192501021,0.0
0.3261590997919493,0.007980673032255648,0.007816243727346866,0.00027215268835571624,0.0
0.3268535442363938,0.008017566797902158,0.007855443656832198,0.0002689715412152767,0.0
0.32754798868083823,0.00805354508906991,0.0078937798140119,0.00026571018691659966,0.0
0.32824243312528273,0.008088588314102972,0.007931232121936279,0.0002623692156104341,0.0
0.32893687756972717,0.008122677263203062,0.007967780744432681,0.0002589492797295828,0.0
0.32963132201417167,0.008155793058224416,0.008003406142080997,0.0002554511059392018,0.0
0.3303257664586161,0.008187917177234424,0.008038089075740367,0.00025187546891375855,0.0
0.3310202109030606,0.008219031432977673,0.00807181065505965,0.00024822318144100865,0.0
0.33171465534750505,0.008249118032077701,0.00810455233432865,0.0002444951031151784,0.0
0.33240909979194955,0.008278159584755303,0.008136295939775042,0.00024069214830405622,0.0
0.333103544236394,0.008306139179322136,0.008167023641690462,0.0002368153252743021,0.0
0.3337979886808385,0.008333040203373646,0.008196718130326247,0.00023286557928004672,0.0
0.33449243312528293,0.008358846608151298,0.008225362433473288,0.00022884398079320507,0.0
0.3351868775697274,0.008383542815002545,0.00825294001874349,0.00022475166257030112,0.0
0.3358813220141719,0.008407113708251597,0.008279434832096578,0.00022058978007174877,0.0
0.33657576645861637,0.008429544677537452,0.008304831293007884,0.0002163595336346277,0.0
0.33727021090306086,0.00845082163511553,0.008329114307635116,0.000212062174682451,0.0
0.3379646553475053,0.008470931079750433,0.008352269301107077,0.00020769898543306157,0.0
0.3386590997919498,0.008489859969324887,0.00837428221746121,0.00020327135195986141,0.0
0.33935354423639424,0.00850759579263806,0.008395139486102496,0.00019878066605848714,0.0
0.34004798868083874,0.008524126678911188,0.008414828097433298,0.0001942282480295388,0.0
0.3407424331252832,0.008539441347230996,0.008433335674495621,0.00018961557765904527,0.0
0.3414368775697277,0.008553529139277632,0.00845065036744197,0.00018494429898405101,0.0
0.3421313220141721,0.008566380007469732,0.00846676085794492,0.0001802158925680046,0.0
0.3428257664586166,0.008577984387985566,0.008481656518576967,0.0001754318215922826,0.0
0.3435202109030611,0.008588333390567098,0.008495327310226357,0.0001705938512367286,0.0
0.34421465534750556,0.00859741894358833,0.008507763686743365,0.00016570369278174973,0.0
0.34490909979195006,0.008605233444397732,0.008518956852057705,0.0001607628293826466,0.0
0.3456035442363945,0.00861176980918203,0.008528898710981342,0.00015577305227633775,0.0
0.346297988680839,0.008617021938723445,0.008537581549389049,0.00015073627306610705,0.0
0.34699243312528344,0.008620984121443845,0.008544998505104722,0.0001456541765856909,0.0
0.34768687756972794,0.008623651411457276,0.008551143325117399,0.00014052852306206537,0.0
0.3483813220141724,0.008625019562743318,0.008556010403574132,0.0001353611881222881,0.0
0.3490757664586169,0.008625084966038745,0.008559594797425888,0.00013015405367255612,0.0
0.3497702109030613,0.0086238446678613,0.00856189221417682,0.00012490900338863728,0.0
0.3504646553475058,0.008621296386882239,0.00856289902089957,0.00011962794689151219,0.0
0.35115909979195026,0.008617438519395618,0.008562612254042251,0.00011431281758138348,0.0
0.35185354423639476,0.008612270137888947,0.008561029619542457,0.00010896556675747108,0.0
0.35254798868083925,0.008605790985786154,0.008558149489847,0.00010358816250699896,0.0
0.3532424331252837,0.00859800154637688,0.00855397093064358,9.818255815698723e-05,0.0
0.3539368775697282,0.00858890287824577,0.008548493634848374,9.275083672059666e-05,0.0
0.35463132201417263,0.00857849662225255,0.008541717906516384,8.729502332730978e-05,0.0
0.35532576645861713,0.008566785102303104,0.008533644780421653,8.181694609695992e-05,0.0
0.3560202109030616,0.008553771406006635,0.008524275976467783,7.631866799888582e-05,0.0
0.35671465534750607,0.00853945936666124,0.008513613758063521,7.080247076786301e-05,0.0
0.3574090997919505,0.008523853302087199,0.008501661078594765,6.52702370695865e-05,0.0
0.358103544236395,0.008506957995337,0.008488421639878977,5.9723785798125886e-05,0.0
0.35879798868083945,0.008488779090644886,0.008473899607073263,5.416548853636767e-05,0.0
0.35949243312528395,0.008469322943903563,0.008458099719826084,4.859746904182297e-05,0.0
0.3601868775697284,0.008448596174067548,0.00844102760473405,4.302127317992463e-05,0.0
0.3608813220141729,0.008426606165971958,0.008422689304535142,3.743925698386641e-05,0.0
0.3615757664586174,0.008403360979868709,0.00840309139501739,3.185352968781259e-05,0.0
0.36227021090306183,0.008378869040894982,0.008382241174366842,2.6265898901441614e-05,0.0
0.3629646553475063,0.008353139613607338,0.008360146328392503,2.0678634222359513e-05,0.0
0.36365909979195077,0.008326182142707398,0.008336815433808098,1.5093424514601134e-05,0.0
0.36435354423639527,0.008298007117083244,0.00831225720458814,9.5125755703087e-06,0.0
0.3650479886808397,0.00826862482667099,0.008286481399525852,3.937661801432596e-06,0.0
0.36517434950080485,0.008263149621007907,0.008281661014616791,2.924086194610703e-06,0.0
0.36530071032076994,0.008257634886290383,0.008276800704191612,1.9108230414488775e-06,0.0
0.3654270711407351,0.008252080642990187,0.008271900562194089,8.978416622659378e-07,0.0
0.36545122645842865,0.008251014402689369,0.008270959318412355,7.042262024292869e-07,0.0
0.3654753817761222,0.008249946729317106,0.008270016622961384,5.106204652985858e-07,0.0
0.3654995370938157,0.008248877619010189,0.008269072474555841,3.1702669857139637e-07,0.0
0.36554784772920285,0.008246735150104744,0.008267179856129164,-1.2648563400120052e-07,0.0
0.3655534393235549,0.008246486791524989,0.008266960420088457,-2.0741172202219534e-07,0.0
0.36555903091790687,0.008246238355734103,0.00826674090601291,-2.883179198517792e-07,0.0
0.36556462251225885,0.008245989843093977,0.00826652131407926,-3.69197753618445e-07,0.0
0.3655758057009628,0.008245492588611418,0.008266081897622969,-5.308459347493114e-07,0.0
0.3655869888896668,0.008244995027629513,0.008265642171216512,-6.923153981065785e-07,0.0
0.3655981720783707,0.008244497160108012,0.008265202135610572,-8.535675774902619e-07,0.0
0.36567940658224024,0.008240871856030606,0.00826199678120876,-2.0153215127452227e-06,0.0
0.36576064108610973,0.008237230772043901,0.008258775666112824,-3.1583700865068254e-06,0.0
0.36584187558997927,0.008233574079923638,0.008255539037627147,-4.280693194025895e-06,0.0
0.3659495452474573,0.008228703229106713,0.008251225252885613,-5.735868108301065e-06,0.0
0.3660572149049354,0.008223805849925398,0.008246885091251707,-7.155315712051034e-06,0.0
0.36616488456241353,0.008218883044200986,0.008242519314935678,-8.54134231605667e-06,0.0
0.36627255421989163,0.008213935274043372,0.008238128396449265,-9.896342936999849e-06,0.0
0.36642213268339296,0.008207020628698972,0.00823198714536873,-1.1730956760509234e-05,0.0
0.3665717111468943,0.00820005872453098,0.008225798460617825,-1.3514184825523734e-05,0.0
0.36672128961039563,0.008193049860721995,0.00821956268671702,-1.525017309436319e-05,0.0
0.3668708680738969,0.008185994161605441,0.008213280005212702,-1.6942788447129574e-05,0.0
0.3671343526803642,0.00817345142606083,0.008202098990194832,-1.9829659071536315e-05,0.0
0.36739783728683145,0.008160762576322037,0.008190772201753386,-2.2610682488382732e-05,0.0
0.3676613218932987,0.008147926143813263,0.008179298450856968,-2.5300614398432645e-05,0.0
0.36792480649976594,0.008134940524048506,0.00816767622567728,-2.7911948966987538e-05,0.0
0.3681882911062332,0.008121804185264852,0.008155903990178386,-3.045554286943784e-05,0.0
0.36850385468102553,0.008105871064944432,0.00814160537186107,-3.342580247986927e-05,0.0
0.3688194182558179,0.008089717520891718,0.008127086890142096,-3.6325763744070864e-05,0.0
0.3691349818306102,0.008073341694213748,0.008112346246317905,-3.9166506269429364e-05,0.0
0.36945054540540256,0.008056742077332249,0.008097381510309401,-4.1957132932732684e-05,0.0
0.3697661089801949,0.008039917635816,0.008082191089629395,-4.47051847779927e-05,0.0
0.3701810845938409,0.008017449582388618,0.008061869780281682,-4.826445634526699e-05,0.0
0.370596060207487,0.007994590798492136,0.008041154411013142,-5.17719691592184e-05,0.0
0.371011035821133,0.00797134139819191,0.008020044074467336,-5.523653021512376e-05,0.0
0.37142601143477905,0.007947702142488683,0.007998538654960658,-5.866501734098034e-05,0.0
0.3718409870484251,0.00792367436022463,0.007976638715811196,-6.206260082205101e-05,0.0
0.3722559626620711,0.007899259897781698,0.007954345381861294,-6.543314890471157e-05,0.0
0.3728893689826477,0.007861254010182145,0.007919562767570974,-7.053221280256026e-05,0.0
0.3735227753032242,0.007822361760782444,0.007883874842776355,-7.558250864626845e-05,0.0
0.37415618162380077,0.007782593565134958,0.007847290502901906,-8.058891302895459e-05,0.0
0.3747895879443773,0.007741960726077605,0.007809819780655269,-8.555434871254093e-05,0.0
0.37542299426495385,0.007700475272221991,0.007771473581749881,-9.048036217074529e-05,0.0
0.37605640058553036,0.007658149785653347,0.007732263484643072,-9.536764256394625e-05,0.0
0.37675084502997486,0.007610795647734166,0.007688296474141471,-0.00010068154234088864,0.0
0.37744528947441935,0.007562464853598103,0.007643322026092171,-0.00010594878641500049,0.0
0.3781397339188638,0.007513175222932207,0.007597357022365592,-0.0001111687310488922,0.0
0.3788341783633083,0.007462944901710668,0.007550418713892803,-0.00011634050902872386,0.0
0.37952862280775274,0.007411792324940469,0.007502524662005415,-0.00012146310652471937,0.0
0.38022306725219723,0.007359736128076513,0.00745369269467815,-0.00012653547086537669,0.0
0.3809175116966417,0.00730679510723074,0.007403940847920044,-0.0001315564968654899,0.0
0.3816119561410862,0.007252988168895673,0.0073532873577341964,-0.0001365251246471366,0.0
0.3823064005855306,0.007198334401365273,0.007301750592618761,-0.0001414402583623526,0.0
0.3830008450299751,0.007142852940502044,0.0072493491138001555,-0.0001463008961378615,0.0
0.38369528947441955,0.007086563157728575,0.007196101511372076,-0.00015110597548737397,0.0
0.38438973391886405,0.007029484202681598,0.007142026650546201,-0.00015585458794434949,0.0
0.3850841783633085,0.0069716359115366095,0.007087143078499227,-0.00016054568684457473,0.0
0.385778622807753,0.0069130366014859895,0.007031470358531612,-0.0001651786111885657,0.0
0.3864730672521975,0.006853707037842186,0.006975026572889123,-0.0001697523328979225,0.0
0.38716751169664193,0.006793666044768769,0.00691783112690887,-0.00017426610239392953,0.0
0.38786195614108643,0.006732932895329105,0.006859903089371414,-0.00017871921721206984,0.0
0.38855640058553087,0.0066715271146457,0.0068012613224864935,-0.00018311096184473374,0.0
0.38925084502997537,0.006609468029848442,0.006741924789206762,-0.00018744068378523775,0.0
0.3899452894744198,0.00654677488288608,0.006681912447334328,-0.00019170778918245306,0.0
0.3906397339188643,0.0064834668658751,0.006621243183676289,-0.0001959117207186605,0.0
0.39133417836330875,0.006419563077668024,0.006559935820333711,-0.00020005196731694445,0.0
0.39202862280775325,0.006355082502206495,0.006498009111206765,-0.00020412806828782324,0.0
0.3927230672521977,0.006290044009715348,0.006435481720833016,-0.00020813960667947451,0.0
0.3934175116966422,0.006224466343078368,0.006372372211082516,-0.0002120862088598139,0.0
0.39411195614108663,0.006158368102401236,0.0063086990301898065,-0.00021596754663803197,0.0
0.3948064005855311,0.006091767731926943,0.006244480500892131,-0.00021978333575180945,0.0
0.3955008450299756,0.006024683456299371,0.0061797348146097044,-0.0002235333485616932,0.0
0.39619528947442006,0.005957133417342335,0.00611447998063818,-0.00022721736078022114,0.0
0.39688973391886456,0.005889135565099568,0.006048733884181286,-0.00023083520154157204,0.0
0.397584178363309,0.005820707622766375,0.005982514264775895,-0.0002343868078941546,0.0
0.3982786228077535,0.0057518671099820486,0.005915838626188646,-0.00023787209775387588,0.0
0.39897306725219794,0.005682631328598844,0.005848724266071611,-0.00024129094639458517,0.0
0.39966751169664244,0.005613017250105403,0.005781188375542919,-0.00024464341297924993,0.0
0.4003619561410869,0.0055430417789889795,0.005713247866952252,-0.00024792961399288743,0.0
0.4010564005855314,0.0054727215667058965,0.0056449194317647715,-0.00025114953651664615,0.0
0.4017508450299758,0.005402072938222973,0.005576219569795717,-0.0002543032746050104,0.0
0.4024452894744203,0.005331111983814287,0.00550716454024505,-0.00025739102698460237,0.0
0.4031397339188648,0.005259854555652366,0.005437770358934028,-0.00026041296451213294,0.0
0.40383417836330926,0.005188316242491651,0.005368052801020152,-0.0002633692814890783,0.0
0.40452862280775376,0.005116512350756737,0.0052980273938084185,-0.0002662602427071766,0.0
0.4052230672521982,0.005044457911420803,0.005227709403834314,-0.00026908612949306463,0.0
0.4059175116966427,0.0049721676714456365,0.0051571138384370425,-0.0002718472378005957,0.0
0.40661195614108714,0.004899656103599754,0.0050862554380780136,-0.00027454391245871994,0.0
0.40730640058553164,0.004826937386470768,0.005015148675213861,-0.0002771765270524888,0.0
0.4080008450299761,0.004754025416670164,0.004943807742970552,-0.00027974546858656785,0.0
0.4086952894744206,0.004680933771234317,0.004872246564648127,-0.00028225115942610233,0.0
0.409389733918865,0.004607675768431816,0.004800478769480763,-0.00028469405412541253,0.0
0.4100841783633095,0.004534264360577685,0.004728517724372662,-0.0002870746214535793,0.0
0.41077862280775396,0.00446071233607624,0.0046563764669973464,-0.00028939335498132535,0.0
0.41147306725219845,0.004387031892266856,0.004584067834416702,-0.0002916507807525435,0.0
0.41216751169664295,0.004313235554730992,0.0045116041854376425,-0.0002938474390139131,0.0
0.4128619561410874,0.004239334070305865,0.004438998009395759,-0.00029598389054976207,0.0
0.4135564005855319,0.004165340019818814,0.004366260776348208,-0.00029806072452593274,0.0
0.41425084502997633,0.004091264788294995,0.004293404291287815,-0.00030007853801893513,0.0
0.41494528947442083,0.004017118373867289,0.004220440115411123,-0.00030203794478165364,0.0
0.4156397339188653,0.003942911503766395,0.004147378955834399,-0.00030393959423205574,0.0
0.41633417836330977,0.003868654375274193,0.00407423160170042,-0.00030578414761791125,0.0
0.4170286228077542,0.00379435730349957,0.004001008528295155,-0.0003075722685909802,0.0
0.4177230672521987,0.003720029734509651,0.003927719925998494,-0.00030930463544159723,0.0
0.41841751169664315,0.0036456813494221713,0.0038543754825166032,-0.0003109819572140285,0.0
0.41911195614108765,0.0035713202831350642,0.0037809849964391125,-0.0003126049471386763,0.0
0.4198064005855321,0.0034969568080850367,0.003707557364522325,-0.00031417433022853843,0.0
0.4205008450299766,0.0034225966443638027,0.003634102248935768,-0.0003156908325741909,0.0
0.4211952894744211,0.003348251119519586,0.003560627356149543,-0.00031715522264333184,0.0
0.42188973391886553,0.003273928491798641,0.0034871416420266753,-0.00031856824804815654,0.0
0.42258417836331,0.003199633378364437,0.003413653805567752,-0.00031993066303794877,0.0
0.42327862280775447,0.00312537274089138,0.003340170913591137,-0.0003212432371141258,0.0
0.42397306725219897,0.0030511564066782668,0.003266700265209043,-0.00032250677863717396,0.0
0.4246675116966434,0.002976992057473482,0.0031932499181699333,-0.0003237220875041177,0.0
0.4253619561410879,0.002902882022390313,0.0031198272918547335,-0.00032488991941423634,0.0
0.42605640058553235,0.0028288352696699266,0.003046437727966598,-0.00032601107873613525,0.0
0.42675084502997684,0.002754855403297622,0.0029730888969515673,-0.0003270864057096018,0.0
0.4274452894744213,0.002680953037201519,0.0028997863690049318,-0.0003281166859233813,0.0
0.4281397339188658,0.002607128954271352,0.002826537058953169,-0.000329102712492489,0.0
0.4288341783633102,0.0025333891005103145,0.0027533457920577236,-0.0003300453299813356,0.0
0.4295286228077547,0.002459739316633383,0.0026802182774555436,-0.0003309453638633762,0.0
0.4302230672521992,0.0023861855618397903,0.0026071600581345144,-0.000331803610681338,0.0
0.43091751169664366,0.002312730031432939,0.0025341763067475965,-0.0003326208781037343,0.0
0.43161195614108816,0.002239380735601657,0.002461270981205997,-0.00033339801511973386,0.0
0.4323064005855326,0.0021661313560030955,0.002388450384813879,-0.0003341358016764307,0.0
0.43282814864498936,0.0021111757480269384,0.002333795752901605,-0.00033466474262163046,0.0
0.43293037319031047,0.002100417226419924,0.0023230931101903647,-0.0003347658668365553,0.0
0.4330325977356316,0.0020896600116587427,0.0023123926899371477,-0.00033486617304948676,0.0
0.4331348222809527,0.0020789048315788274,0.0023016943680470264,-0.00033496566073185356,0.0
0.4332370468262738,0.0020681521888005414,0.0022909980520282635,-0.0003350643326445084,0.0
0.433441495916916,0.0020466545325702277,0.0022696114905898577,-0.0003352592433780854,0.0
0.4336459450075582,0.002025167167565558,0.002248233127829547,-0.00033545093230102175,0.0
0.4338503940982004,0.0020036900150427668,0.002226863087501368,-0.0003356394207067212,0.0
0.43405484318884263,0.0019822231437411045,0.0022055014477162785,-0.000335824728241746,0.0
0.4345494143872051,0.0019303368008596886,0.0021538618723149403,-0.0003362599366008886,0.0
0.4350439855855676,0.0018785124570256672,0.002102273259097874,-0.00033667696183315983,0.0
0.43553855678393016,0.0018267512310375573,0.002050736972908957,-0.00033707609764552205,0.0
0.43603312798229266,0.0017750531080461013,0.001999254289486331,-0.00033745762282082404,0.0
0.4367275724267371,0.0017025683881786006,0.0019270581814242699,-0.000337963729008101,0.0
0.4373005465902246,0.001642872018302733,0.0018675729483186225,-0.00033835684715671934,0.0
0.4377506540108739,0.0015960359779450956,0.001820898203950944,-0.0003386501484797927,0.0
0.43810686214377337,0.001559006173989016,0.0017839949198341202,-0.0003388721981938789,0.0
0.43846307027667286,0.0015220146678139568,0.0017471216920279843,-0.0003390858940358112,0.0
0.4388192784095723,0.0014850595072185484,0.001710279552465462,-0.0003392915078640296,0.0
0.4391754865424718,0.0014481407147888422,0.0016734687073661045,-0.00033948898552566665,0.0
0.43953169467537123,0.0014112575409010346,0.0016366894810530557,-0.0003396783593643552,0.0
0.44005522667001357,0.001357115898978165,0.0015826916024973027,-0.0003399423066847865,0.0
0.4405787586646559,0.0013030541242071844,0.0015287636445012762,-0.0003401894590094055,0.0
0.44110229065929824,0.0012490729506095353,0.001474906504200817,-0.00034042011311029974,0.0
0.44162582265394057,0.0011951728742644644,0.0014211209924478243,-0.00034063458149403015,0.0
0.4421493546485829,0.001141354558345411,0.001367407897195894,-0.0003408332028657763,0.0
0.44284379909302735,0.0010700935947181136,0.0012962726884118104,-0.00034107276644680136,0.0
0.44353824353747184,0.0009989786505805185,0.0012252678943471128,-0.0003412857516609355,0.0
0.4442326879819163,0.0009280108626970905,0.001154395021242912,-0.000341472889124457,0.0
0.4449271324263608,0.0008571909409032243,0.0010836554749486874,-0.00034163490696952347,0.0
0.4456215768708052,0.0007865197822122634,0.0010130505054384432,-0.00034177252214776194,0.0
0.4463160213152497,0.0007159977065412859,0.0009425812711200093,-0.00034188643143750623,0.0
0.4470104657596942,0.0006456258001262192,0.0008722488044025985,-0.00034197734985177324,0.0
0.44770491020413866,0.000575404127971107,0.0008020541044967504,-0.0003420459713557643,0.0
0.44839935464858316,0.0005053344756938044,0.000731997925953764,-0.00034209293444475254,0.0
0.4490937990930276,0.00043541461922956293,0.0006620811462360374,-0.0003421189015246054,0.0
0.4497882435374721,0.0003656475555496807,0.0005923042299614526,-0.00034212458788733925,0.0
0.45048268798191654,0.0002960328021204073,0.0005226680024940883,-0.00034211060344587423,0.0
0.45117713242636104,0.0002265686411014568,0.0004531729459532569,-0.00034207755162129284,0.0
0.4518715768708055,0.00015725774105623705,0.00038381919855603,-0.000342026089151111,0.0
0.45256602131525,8.80980113470902e-05,0.0003146076840902486,-0.0003419568200295579,0.0
0.4532604657596944,1.90897153454405e-05,0.00024553851366286084,-0.0003418703188919609,0.0
0.45339935464858333,5.306697745642979e-06,0.00023174170110923172,-0.000341851003451142,0.0
0.45341285412341703,3.967355980272022e-06,0.0002304010097889093,-0.0003418490909749509,0.0
0.4534263535982507,2.628060898902829e-06,0.0002290603734296389,-0.0003418471722881787,0.0
0.4534398530730844,1.28881890110391e-06,0.00022771979157684715,-0.00034184524737672367,0.0
0.4534500185149021,2.803763870187423e-07,0.00022671033591313593,-0.00034184379374733396,0.0
0.4534565902148646,-2.5264438403723873e-07,0.00022605779845230478,-0.00034184285204760974,0.0
0.45346489170570364,-8.126758371764671e-07,0.00022523366142359645,-0.00034184165997968663,0.0
0.45347319319654267,-1.3729030488783593e-06,0.00022440988375387137,-0.00034184046393363136,0.0
0.4534814946873817,-1.9334294104353954e-06,0.00022358665787399756,-0.00034183926190543254,0.0
0.4535000169717228,-3.1853778314367194e-06,0.0002217527767172983,-0.0003418365409528594,0.0
0.453518539256064,-4.439190228022362e-06,0.00021992395406597305,-0.0003418337372235601,0.0
0.45353706154040513,-5.69486066941177e-06,0.0002181014392809865,-0.0003418308068689278,0.0
0.4535710444663075,-8.00245443211517e-06,0.00021477724015376074,-0.0003418249190706399,0.0
0.4536050273922099,-1.0313385701239625e-05,0.00021148137790390198,-0.000341818142613923,0.0
0.45363901031811227,-1.2626197740144263e-05,0.00020821673102881398,-0.00034181020943284743,0.0
0.4536492245901838,-1.3321969618592069e-05,0.0002072419470074334,-0.00034180756890825136,0.0
0.4536594388622554,-1.4018170563788122e-05,0.00020627028776858082,-0.0003418047973741153,0.0
0.45366965313432694,-1.4714317345843058e-05,0.0002053016415484859,-0.0003418018871858338,0.0
0.45367196409369914,-1.4859457354247757e-05,0.00020508306548418708,-0.00034179502597142606,5.500044711712065e-07
0.4536742750530714,-1.497998064667213e-05,0.00020486520581752148,-0.00034177541314016807,1.139960915370137e-06
0.45367658601244365,-1.5078564626218024e-05,0.00020464855937003598,-0.00034174346975073623,1.6758495497213671e-06
0.453680499751695,-1.5208599421751634e-05,0.000204285644069233,-0.00034166542900531944,2.4856794645655874e-06
0.45368441349094635,-1.53047350131884e-05,0.00020392879075039445,-0.00034156150946615735,3.1975172401132857e-06
0.4536883272301977,-1.5379100554442475e-05,0.00020357888011329894,-0.00034143606829743913,3.835967989202395e-06
0.4536942237219965,-1.546589310164302e-05,0.0002030655841548196,-0.00034121287840122684,4.6928970318603105e-06
0.4537001202137954,-1.5542035670887703e-05,0.0002025694756843089,-0.00034095748520709246,5.467130192812427e-06
0.45370601670559424,-1.5615402064627423e-05,0.00020208980008776836,-0.00034067530338033114,6.17964668133622e-06
0.4537119131973931,-1.5690271067043242e-05,0.0002016254569118226,-0.0003403706034526834,6.844435090764782e-06
0.4537186233607248,-1.5782253890131093e-05,0.00020111429943538354,-0.000340001589227561,7.559484501689562e-06
0.45372533352405653,-1.588283689782279e-05,0.00020062005123617835,-0.00033961233365889374,8.239008841086343e-06
0.4537320436873883,-1.5992660611374796e-05,0.00020014107782157474,-0.00033920622466440816,8.890532061379384e-06
0.45373911792560806,-1.611827672230479e-05,0.00019965095993322137,-0.00033876289235236403,9.55292969901771e-06
0.4537461921638279,-1.625316461737204e-05,0.00019917446445966578,-0.0003383065141906814,1.0194212037443299e-05
0.4537532664020477,-1.6396354301760633e-05,0.00019871010834386494,-0.00033783928327928934,1.0817529744957737e-05
0.4537651435424661,-1.665263177466457e-05,0.0001979540190919435,-0.0003370356773428871,1.1830714603578341e-05
0.45377702068288456,-1.6925746506305205e-05,0.00019722341226647089,-0.00033621344377512827,1.2809327816455434e-05
0.45378889782330295,-1.7212454232265896e-05,0.00019651403150284553,-0.0003353781028820018,1.376080122971758e-05
0.45381347829408986,-1.7839284084605185e-05,0.00019510080597027758,-0.0003336227191782999,1.566412355210329e-05
0.45383805876487676,-1.8495652472463338e-05,0.00019374108951640876,-0.00033185477787645127,1.7511212573703254e-05
0.4538442038825735,-1.8662478930794266e-05,0.0001934078178540384,-0.0003314121426207613,1.796522068658923e-05
0.45385034900027027,-1.8829514549018e-05,0.0001930769560468619,-0.00033096901032524405,1.8414753966577143e-05
0.453856494117967,-1.8998046928872477e-05,0.00019274836694913546,-0.0003305262007573516,1.8863197045534307e-05
0.4538626392356638,-1.916785957041449e-05,0.00019242191708461544,-0.0003300837424910774,1.9310431060493987e-05
0.4538693708432786,-1.9354764394902838e-05,0.00019206654902282862,-0.00032959944210554827,1.9798287585427476e-05
0.4538761024508934,-1.954259915629829e-05,0.00019171340760797172,-0.00032911564134067474,2.0284298036539327e-05
0.4538828340585082,-1.9731306345440187e-05,0.00019136236673611802,-0.0003286324178866965,2.0768665077476292e-05
0.4538899315659001,-1.9931092369646006e-05,0.0001909943849867859,-0.00032812360687606214,2.1277655747550295e-05
0.453897029073292,-2.0131629607273853e-05,0.0001906284784236387,-0.0003276155379168843,2.1784997203998698e-05
0.45390412658068385,-2.033285240791871e-05,0.00019026453703584856,-0.00032710825048096865,2.2290809905977402e-05
0.4539312863645006,-2.1108187189198287e-05,0.0001888881301375001,-0.00032517458272117157,2.421417376642874e-05
0.45395844614831726,-2.1890479775116224e-05,0.0001875350032200633,-0.00032325309459698494,2.612027996164826e-05
0.4539652360942714,-2.2087117366405186e-05,0.00018719999782232507,-0.0003227747232909894,2.6594818968809506e-05
0.4539720260402255,-2.2284259405209812e-05,0.0001868661969357499,-0.00032229718448934143,2.7068927619215655e-05
0.4539788159861797,-2.2481675461639824e-05,0.0001865335628314728,-0.0003218203699215541,2.7542151511937638e-05
0.45398444801993687,-2.2645611311563738e-05,0.0001862585147508727,-0.0003214254055966301,2.793399599434318e-05
0.4539900800536941,-2.280974473929841e-05,0.00018598423254478363,-0.00032103092938926025,2.8325304244005058e-05
0.4539957120874513,-2.297408466017263e-05,0.0001857107017087057,-0.00032063693725026607,2.8716114316145055e-05
0.4540038019332003,-2.3210498707802952e-05,0.00018531908519285581,-0.00032007183937767057,2.9276635178880124e-05
0.4540118917789493,-2.3447325834547987e-05,0.00018492894576669904,-0.00031950770386720125,2.9836200127606565e-05
0.45401998162469825,-2.3684559284699498e-05,0.00018454024422928915,-0.00031894450873004836,3.0394845531549904e-05
0.45406095893932086,-2.4891497202263874e-05,0.00018259189981059793,-0.00031610499813951385,3.321026677935164e-05
0.4540712032679765,-2.5194879132075036e-05,0.00018211006125752122,-0.000315398568106825,3.391107546466907e-05
0.45408144759663216,-2.5499220949621928e-05,0.0001816302064733301,-0.0003146934983855558,3.461139364412389e-05
0.4540916919252878,-2.5804037077311374e-05,0.000181152243657697,-0.0003139896214236014,3.531034720373668e-05
0.4540981400873675,-2.599603553950897e-05,0.00018085233401333818,-0.00031354714627162736,3.574941966196375e-05
0.4541045882494471,-2.6188197094106664e-05,0.00018055314327746998,-0.0003131051155176356,3.6187933840037976e-05
0.4541110364115267,-2.638058141896216e-05,0.00018025466962327238,-0.0003126635353974588,3.662600629536681e-05
0.45411808019721017,-2.6590990231154972e-05,0.00017992943365573342,-0.0003121816715358994,3.710404873174881e-05
0.4541251239828936,-2.680165169075045e-05,0.00017960502829048286,-0.0003117003231892637,3.7581563200969725e-05
0.45413216776857707,-2.7012560877114526e-05,0.00017928144132345363,-0.0003112194797414854,3.8058552154991014e-05
0.4541612198999853,-2.788490098724815e-05,0.0001779551424184082,-0.00030924129599763095,4.002031069973569e-05
0.4541902720313935,-2.87605348090204e-05,0.00017664175205487866,-0.00030727076712335773,4.1972362886356446e-05
0.4541975350642456,-2.898031126091863e-05,0.0001763154026597007,-0.0003067793638170464,4.245955942027057e-05
0.45420479809709774,-2.9200720493717783e-05,0.00017598986562966754,-0.00030628850023803876,4.2946966018373514e-05
0.45421206112994983,-2.9421220505875795e-05,0.00017566506012544537,-0.00030579804091404594,4.343362040738564e-05
0.45421869762542544,-2.962273533035037e-05,0.0001753688999520791,-0.00030535022812340094,4.38775665943562e-05
0.4542253341209011,-2.982438717282587e-05,0.00017507334468493425,-0.000304902757089103,4.4321009284054785e-05
0.45423197061637677,-3.0026219432126844e-05,0.00017477839364161735,-0.00030445563345065464,4.4764033147198996e-05
0.454267786852986,-3.1118628548942416e-05,0.00017319658205673652,-0.00030204825947251305,4.7148270304091064e-05
0.45430360308959533,-3.221624214513063e-05,0.0001716311738894225,-0.00029965017708770414,4.952153495408049e-05
0.45433941932620464,-3.331886953002705e-05,0.0001700813576052131,-0.00029726083683673645,5.188439117535554e-05
0.45439606385122655,-3.507239942652631e-05,0.0001676604952394496,-0.00029349882125606164,5.560093769683215e-05
0.4544527083762485,-3.683709927269857e-05,0.00016527387148773914,-0.000289755599116036,5.9294457061407675e-05
0.4545093529012705,-3.861212955018629e-05,0.0001629185134806674,-0.000286029322593502,6.29669264511147e-05
0.4545659974262924,-4.039664560665413e-05,0.0001605919377334338,-0.00028231853152101,6.661982455674784e-05
0.45463594702914045,-4.2612202013336856e-05,0.0001577553710896329,-0.0002777556662197919,7.110552504019564e-05
0.4547058966319885,-4.483969462343412e-05,0.00015495560362999578,-0.0002732124503393445,7.556559877461546e-05
0.4547758462348365,-4.7078003847994405e-05,0.0001521892174143418,-0.0002686870176545285,8.000230074780306e-05
0.4548457958376846,-4.932608759633834e-05,0.00014945310905926788,-0.00026417767615808746,8.44176349435674e-05
0.45496734595701427,-5.325299310294533e-05,0.00014476246220437457,-0.00025637571742734874,9.204447209958081e-05
0.4550888960763439,-5.7202065525925945e-05,0.00014014176479219503,-0.00024861075912071347,9.962053094521623e-05
0.4552104461956736,-6.116962695445878e-05,0.00013558034094425704,-0.00024087714583329723,0.00010715270224377487
0.45533199631500326,-6.515257933161563e-05,0.0001310692121893406,-0.00023317018071223822,0.00011464683111557087
0.4554535464343329,-6.914825683886713e-05,0.00012660068650180564,-0.00022548588294146862,0.00012210794665080951
0.45559933627953253,-7.395435311023553e-05,0.0001212880952879832,-0.00021629439396019337,0.00013101941303139217
0.45574512612473217,-7.877222965902522e-05,0.00011601811832556656,-0.00020712603912321985,0.00013989568712488134
0.45589091596993175,-8.359922811917036e-05,0.00011078324562627812,-0.0001979771110445868,0.00014874175826590013
0.4560367058151314,-8.843321040477094e-05,0.00010557739549398859,-0.0001888446787460013,0.00015756176460496836
0.456182495660331,-9.327237622319693e-05,0.00010039560946936814,-0.00017972639675070467,0.0001663590227829639
0.456372217983316,-9.957523759344323e-05,9.36818235132279e-05,-0.00016787859511884949,0.00017777780445740222
0.456561940306301,-0.00010588195823628311,8.699506807804693e-05,-0.00015604856802372484,0.00018916765839740773
0.45675166262928596,-0.00011219055098743071,8.032994074670963e-05,-0.00014423400440590262,0.00020053240085579722
0.456941384952271,-0.00011849949342403383,7.368226438565493e-05,-0.00013243320162139623,0.00021187509390302185
0.45713110727525597,-0.00012480762946205737,6.704891585282724e-05,-0.00012064496227583624,0.00022319807387743008
0.457320829598241,-0.00013111408262351973,6.042758071513416e-05,-0.00010886846688460757,0.0002345031081897567
0.45761373205621064,-0.00014084551081008936,5.022485876261804e-05,-9.07091282420017e-05,0.0002519243556586179
0.45790663451418034,-0.0001505696187363222,4.0041891906527514e-05,-7.25750417389902e-05,0.0002693101371589593
0.45819953697215,-0.0001602852092281324,2.987540993751559e-05,-5.446534829738401e-05,0.00028666335150903915
0.4584924394301197,-0.00016999152324611035,1.9723266457056605e-05,-3.6379582298071095e-05,0.0003039860644284237
0.45878534188808934,-0.0001796881184596644,9.584101805441246e-06,-1.8317532573626812e-05,0.0003212797553693371
0.45884392237968324,-0.0001816262488817181,7.557741594766534e-06,-1.470795924567666e-05,0.00032473511747661257
0.45890250287127715,-0.0001835639794586772,5.531856337011697e-06,-1.1099328686713746e-05,0.00032818937439086206
0.45896108336287106,-0.0001855013085188159,3.506440095988313e-06,-7.491639618687891e-06,0.0003316425328669815
0.45901966385446497,-0.00018743823520416298,1.4814876055283105e-06,-3.8848911147885e-06,0.0003350946002555434
0.45904309605110255,-0.00018821290214698084,6.71633930778689e-07,-2.4424524792771843e-06,0.00033647513950762033
0.4590578658416847,-0.00018870115222897662,1.6120404821062145e-07,-1.5333308956611485e-06,0.00033734522356350025
0.4590657213611444,-0.00018895616229447771,0.0,-1.049449017874728e-06,0.0003378091022086071
0.4590719327602219,-0.00018914966499735864,0.0,-6.661265581145111e-07,0.00033817843078524153
0.4590781441592995,-0.00018933491447129723,0.0,-2.818207168873043e-07,0.00033855195552886716
0.45908435555837707,-0.0001895126196948162,0.0,6.349842784918938e-08,0.00033893109981522493
0.4590954003043183,-0.00018981347715490946,0.0,4.858291551742233e-07,0.00033962232943914326
0.45910644505025955,-0.00019009740991574031,0.0,9.123805117311299e-07,0.0003403359343278091
0.45911748979620076,-0.00019036709040066863,0.0,1.3441864633805453e-06,0.0003410719529864319
0.4591328814552274,-0.00019072310540451122,0.0,1.956648501110023e-06,0.00034213295530452877
0.459148273114254,-0.00019105869334953837,0.0,2.583062369093681e-06,0.0003432321626847082
0.45916366477328063,-0.00019137642860202731,0.0,3.2248279290236377e-06,0.00034436614058812586
0.4591885121696489,-0.00019185571114120912,0.0,4.295075077174021e-06,0.00034626355614637713
0.45921335956601717,-0.00019229999933730347,0.0,5.4100024094465876e-06,0.00034823275878726015
0.45923820696238543,-0.00019271493380267822,0.0,6.570535687847651e-06,0.0003502637434052323
0.4592630543587537,-0.0001931040577135388,0.0,7.775863027478862e-06,0.00035234959829528073
0.4592935046354811,-0.0001935493675786919,0.0,9.311620137506626e-06,0.00035497329855958647
0.45932395491220845,-0.00019396377720889215,0.0,1.0909043738036378e-05,0.00035766356487754706
0.45935440518893583,-0.0001943506236353829,0.0,1.2564755051031156e-05,0.00036041351258673355
0.4593848554656632,-0.00019471267073368104,0.0,1.4275374435541476e-05,0.0003632172444880245
0.45943416641846585,-0.0001952522971072083,0.0,1.7153767046041284e-05,0.0003678587452526074
0.4594834773712685,-0.0001957414629727734,0.0,2.015485149484091e-05,0.0003726091689908803
0.45953278832407113,-0.0001961866324074811,0.0,2.3267339085715184e-05,0.00037745373584160155
0.45958209927687377,-0.00019659336499162883,0.0,2.648154216268216e-05,0.000382379920989486
0.45963141022967646,-0.00019696655502052498,0.0,2.978908886271973e-05,0.0003873767609724902
0.4597019503718471,-0.00019745021529956076,0.0,3.4668383880330404e-05,0.00039462933900822624
0.45977249051401775,-0.00019788351944941573,0.0,3.970547252780268e-05,0.00040198525010691277
0.45984303065618837,-0.00019827424120630815,0.0,4.48853041869419e-05,0.00040942698018272097
0.459913570798359,-0.00019862865174979084,0.0,5.01954527349351e-05,0.0004169404525603946
0.45998411094052966,-0.00019895191343737058,0.0,5.562554808607324e-05,0.0004245141764926754
0.4600766068389405,-0.00019933564658595898,0.0,6.291290967116615e-05,0.00043452096757778713
0.4601691027373514,-0.00019968074974650114,0.0,7.037487206032741e-05,0.00044459859332089327
0.46026159863576227,-0.0001999931739964129,0.0,7.799769254757844e-05,0.0004547341847825934
0.46035409453417314,-0.00020027763546550775,0.0,8.576971884659566e-05,0.00046491754639318956
0.460446590432584,-0.0002005379674962728,0.0,9.368089053790587e-05,0.00047514052065415226
0.4605710328015545,-0.00020085562755445442,0.0,0.00010452853656220162,0.0004889453522399925
0.4606954751705249,-0.0002011413547355548,0.0,0.00011559342672934925,0.000502797477912806
0.4608199175394953,-0.00020139990414954403,0.0,0.00012685926475796002,0.0005166872036262814
0.4609443599084658,-0.0002016350843656904,0.0,0.00013831151467140677,0.000530606728818943
0.4610688022774362,-0.0002018500443492528,0.0,0.00014993702666546646,0.0005445497259636932
0.4612402962987819,-0.0002021179390986594,0.0,0.00016622005860962447,0.0005637935732179396
0.46141179032012763,-0.00020235789091247684,0.0,0.00018278114073762717,0.0005830614152673612
0.46158328434147333,-0.00020257424543901198,0.0,0.00019959486470053227,0.0006023447729128325
0.46175477836281903,-0.00020277049302881413,0.0,0.00021663820472343244,0.0006216367554788823
0.4619262723841647,-0.0002029495112529667,0.0,0.0002338901947116342,0.0006409317698245568
0.46215844968015973,-0.0002031686085542393,0.0,0.0002575454298674814,0.0006670511588820867
0.4623906269761547,-0.00020336510270447286,0.0,0.0002815055847275086,0.0006931589100604323
0.46262280427214963,-0.00020354258157512454,0.0,0.00030573287305588217,0.0007192481765400878
0.46285498156814464,-0.00020370384382306273,0.0,0.0003301936796848884,0.0007453135632645612
0.4630871588641396,-0.00020385112911063482,0.0,0.0003548580495872296,0.0007713508377451653
0.4633638209696557,-0.00020401090263082996,0.0,0.0003844769418085462,0.0008023355647546081
0.4636404830751719,-0.0002041557375972241,0.0,0.00041430724164744277,0.000833271331024287
0.46391714518068805,-0.0002042874973704146,0.0,0.0004443142176085826,0.0008641548942664194
0.4641938072862042,-0.00020440758348319347,0.0,0.00047446753047824093,0.0008949836613921025
0.4644704693917203,-0.00020451722502817977,0.0,0.0005047406573049768,0.000925755741955507
0.4648156434554411,-0.00020464073991918784,0.0,0.000542643644374088,0.0009640663114977877
0.4651608175191619,-0.00020475092443199646,0.0,0.0005806586771232231,0.0010022840450549205
0.46550599158288264,-0.00020484899947585046,0.0,0.0006187530100185526,0.0010404072978078668
0.4658511656466034,-0.00020493590706597035,0.0,0.0006568988682587836,0.001078434784033021
0.46619633971032415,-0.00020501242514962,0.0,0.0006950728945138525,0.0011163655946980924
0.4665415137740449,-0.00020507927647795034,0.0,0.0007332555241632875,0.0011541991845591074
0.4670318863473677,-0.00020515862603313277,0.0,0.0007874828134974348,0.0012077794684383675
0.46752225892069055,-0.0002052208602984832,0.0,0.0008416560204086551,0.0012611617924051435
0.46801263149401334,-0.00020526710710312598,0.0,0.0008957448196832557,0.0013143458245575548
0.46850300406733614,-0.00020529827548474976,0.0,0.0009497256216148433,0.0013673315341429827
0.46899337664065893,-0.00020531515596774785,0.0,0.0010035802536182917,0.0014201192231879886
0.4694837492139817,-0.00020531841940841665,0.0,0.0010572947146802014,0.0014727094454356185
0.47010717374205196,-0.00020530361354610893,0.0,0.0011253644291677255,0.0015392845562294901
0.4707305982701222,-0.00020526856943490257,0.0,0.0011931740537667948,0.0016055430197910888
0.47135402279819244,-0.00020521418549116112,0.0,0.0012607122145237711,0.0016714868210554478
0.4719774473262627,-0.00020514111971714927,0.0,0.0013279712687280039,0.001737117966014019
0.4726008718543329,-0.00020504979784451854,0.0,0.001394946392883112,0.0018024384026215203
0.47322429638240315,-0.00020494090393726537,0.0,0.0014616345702503592,0.0018674508158053047
0.47391874082684765,-0.00020479946646686405,0.0,0.0015355803690346274,0.001939509554737181
0.4746131852712921,-0.00020463725666314446,0.0,0.0016091680089725454,0.0020111923499358027
0.4753076297157366,-0.00020445479021143412,0.0,0.001682398128381343,0.0020825027840698533
0.47600207416018103,-0.0002042526444486303,0.0,0.0017552723073541382,0.0021534445514928267
0.47669651860462553,-0.0002040312167225965,0.0,0.0018277927501948107,0.0022240212908391484
0.47739096304906997,-0.00020379077648165664,0.0,0.0018999620273880131,0.0022942365905538075
0.47808540749351447,-0.00020353179172768682,0.0,0.001971782986596652,0.002364094266288016
0.47877985193795897,-0.0002032548429834689,0.0,0.0020432587068296283,0.0024335983519107175
0.4794742963824034,-0.0002029600870169133,0.0,0.0021143924826480193,0.0025027524301405183
0.4801687408268479,-0.00020264736648238976,0.0,0.0021851877468554316,0.0025715595887285335
0.48086318527129235,-0.00020231730570688646,0.0,0.002255647837422702,0.0026400239364298464
0.48155762971573685,-0.00020197137653047366,0.0,0.0023257760284194824,0.0027081509519008787
0.4822520741601813,-0.00020160943887342388,0.0,0.0023955760798107972,0.00277594398590997
0.4829465186046258,-0.00020122853918659096,0.0,0.0024650522321681577,0.002843402175072467
0.4836409630490702,-0.00020083162132881625,0.0,0.0025342069886811758,0.002910532700136997
0.4843354074935147,-0.0002004212732155089,0.0,0.00260304372553166,0.0029773424856661393
0.48502985193795917,-0.0001999939754792149,0.0,0.0026715672889900785,0.0030438305506221377
0.48572429638240366,-0.00019954889544472436,0.0,0.0027397809374547022,0.003109999027358847
0.4864187408268481,-0.0001990911180276236,0.0,0.002807686801992416,0.003175857535376253
0.4871131852712926,-0.00019862479333576202,0.0,0.002875288192822037,0.003241415366726061
0.48724338883674534,-0.0001985309821478077,0.0,0.0028879314250167027,0.0032536666430645097
0.4873735924021981,-0.0001984360861876271,0.0,0.00290056378527324,0.0032659067599627623
0.4875037959676508,-0.00019834369170864926,0.0,0.002913184238083145,0.0032781401361552283
0.4876339995331036,-0.00019825238567200808,0.0,0.002925793904098261,0.003290364503556051
0.48776420309855634,-0.00019816002391347763,0.0,0.002938393625657483,0.0033025772697289723
0.48796067422079586,-0.0001980194109469905,0.0,0.002957386466639055,0.003320985427292154
0.48815714534303545,-0.0001978771823895018,0.0,0.002976355578943382,0.003339369266063739
0.488353616465275,-0.0001977338579294851,0.0,0.002995301010389559,0.0033577291938073207
0.48855008758751456,-0.00019758951603476277,0.0,0.003014222955541429,0.003376065199583415
0.4889205524978126,-0.0001973141504387148,0.0,0.0030498385083927533,0.0034105743386287366
0.4892910174081106,-0.0001970345941574257,0.0,0.003085371405054501,0.003444998838392583
0.4896614823184086,-0.00019675084222207437,0.0,0.003120822106901143,0.00347933926040412
0.4900319472287066,-0.00019646291155614573,0.0,0.0031561911280093965,0.003513596076818502
0.49066429051100685,-0.0001959618011605908,0.0,0.0032163749796581625,0.003571876894570007
0.49129663379330707,-0.0001954486749854154,0.0,0.0032763249507005675,0.003629918022306652
0.49192897707560734,-0.00019492344598851712,0.0,0.003336043521246002,0.0036877216326627426
0.4925613203579076,-0.00019438626078589644,0.0,0.0033955330962720633,0.003745290187934926
0.49319366364020784,-0.000193837224401224,0.0,0.003454796147572491,0.0038026261064730417
0.49388810808465233,-0.00019322047944195903,0.0,0.0035196212827976665,0.0038653273922432687
0.4945825525290968,-0.00019258930240791296,0.0,0.0035841793917656233,0.003927753624218186
0.4952769969735413,-0.00019194375546511473,0.0,0.0036484735746610555,0.0039899077609126705
0.4959714414179857,-0.0001912838555453124,0.0,0.0037125069033791254,0.004051792656718052
0.4966658858624302,-0.0001906095292008635,0.0,0.003776282426862125,0.004113411022915603
0.49736033030687465,-0.00018992072045053373,0.0,0.0038398031311115723,0.004174765540557471
0.49805477475131915,-0.00018921743620585425,0.0,0.0039030719174942418,0.004235858915127648
0.4987492191957636,-0.00018849961857236768,0.0,0.003966091666274091,0.0042966937166324815
0.4994436636402081,-0.00018776710347357745,0.0,0.004028865240370797,0.004357272332645266
0.5,-0.0001871696003949893,0.0,0.004078978930222349,0.004405620148119162
