time_s,S_to_H_i_mass_flow_kg_s,H_i_to_L_mass_flow_kg_s,L_to_H_o_mass_flow_kg_s,H_o_to_S_mass_flow_kg_s
0.0,-0.0001613437793035115,0.0,0.003141433455982406,0.0034493603348957577
2.2243673604894068e-07,-0.00016134364512495602,0.0,0.003141452595246284,0.0034493790406210506
4.4487347209788136e-07,-0.00016134351098680158,0.0,0.0031414717345109463,0.003449397746402737
1.9541278078582125e-05,-0.00016133258434050226,0.0,0.0031431149786033084,0.003451004449943282
3.863768268506637e-05,-0.0001613216536108092,0.0,0.003144758329682452,0.0034526112649308086
5.773408729155061e-05,-0.00016131070464218676,0.0,0.0031464017979562623,0.0034542181709834702
7.935511311565239e-05,-0.0001612983048689821,0.0,0.0031482626703096994,0.0034560376496650413
0.00010097613893975417,-0.00016128590546757,0.0,0.0031501236796827176,0.0034578572748513703
0.00012259716476385594,-0.00016127350351097814,0.0,0.0031519848287033547,0.0034596770418223923
0.00033880742300487375,-0.00016114640249698825,0.0,0.003170607065986381,0.003477877131616639
0.0003928599875651282,-0.00016111448486678793,0.0,0.003175264837373196,0.0034824293004594455
0.0004469125521253826,-0.00016108598397618893,0.0,0.0031799200488315874,0.003486988538690112
0.0005009651166856371,-0.00016105540676983871,0.0,0.003184578146934086,0.0034915450363067163
0.0005144782578257007,-0.000161046788778699,0.0,0.003185743751628459,0.0034926825945165384
0.0005279913989657643,-0.0001610395141238202,0.0,0.0031869082111489547,0.0034938224365129145
0.000541504540105828,-0.0001610319860021316,0.0,0.003188072943141095,0.003494961926468836
0.0005550176812458916,-0.0001610242367545341,0.0,0.0031892379214004344,0.0034961011148525634
0.0005741735358497392,-0.00016101328877834024,0.0,0.0031908894180024024,0.0034977161622155983
0.0005933293904535869,-0.00016100229981680627,0.0,0.003192541056488492,0.0034993312628518185
0.0006124852450574345,-0.00016099125249649022,0.0,0.003194192853510133,0.003500946386752521
0.0006315924303927111,-0.0001609802110388317,0.0,0.0031958405809639078,0.00350255748824683
0.0006506996157279876,-0.0001609691622341908,0.0,0.003197488422954431,0.0035041686944361546
0.0006698068010632642,-0.00016095810698825208,0.0,0.003199136379124054,0.003505780006374376
0.000780927298877696,-0.00016089366256184733,0.0,0.0032087226317270225,0.003515152823689059
0.0008920477966921277,-0.00016082839416754936,0.0,0.00321831339347592,0.003524528106753656
0.0010343547580666476,-0.00016074598673561125,0.0,0.0032306000364011717,0.0035365425190554385
0.0011766617194411673,-0.00016066333169609598,0.0,0.0032428930027458684,0.0035485630059053867
0.001318968680815687,-0.00016058012007594803,0.0,0.0032551926639359423,0.003560588993115426
0.0014612756421902066,-0.0001604966043442408,0.0,0.0032674987934330412,0.003572620950263879
0.0017330119443805384,-0.0001603365819514241,0.0,0.00329101514766334,0.0035956133219415326
0.0020047482465708703,-0.00016017581087755396,0.0,0.0033145548791923027,0.003618628443828129
0.002276484548761202,-0.00016001418804063294,0.0,0.003338118244169859,0.0036416662936233544
0.0025482208509515335,-0.00015985168461189977,0.0,0.003361705415628514,0.0036647269790948895
0.0030092302503930838,-0.00015957396139673337,0.0,0.003401776677960894,0.0037039028172237737
0.0034702396498346344,-0.00015929360831111176,0.0,0.0034419176608503216,0.0037431454241684645
0.003931249049276185,-0.00015901049825822633,0.0,0.0034821290928198695,0.003782455296834188
0.004392258448717735,-0.00015872452035777508,0.0,0.0035224117044038656,0.0038218329211324458
0.0048532678481592855,-0.0001584355878299972,0.0,0.003562766208651171,0.003861278820560929
0.00554771229260373,-0.00015799449540741727,0.0,0.003623691706993305,0.003920828307414509
0.006242156737048175,-0.000157545997167503,0.0,0.0036847841513781825,0.00398053523763797
0.006936601181492618,-0.00015708968382000503,0.0,0.00374604564137057,0.004040400918569215
0.007631045625937063,-0.0001566251540960115,0.0,0.0038074781349771445,0.0041004265359034404
0.008325490070381508,-0.0001561519887005244,0.0,0.0038690834584730843,0.004160613130530727
0.009019934514825951,-0.00015566974595277434,0.0,0.003930863295100491,0.004220961574152561
0.009714378959270397,-0.00015517797956888778,0.0,0.003992819167403755,0.004281472573740603
0.01040882340371484,-0.00015467624609205214,0.0,0.004054952431495474,0.004342146676061718
0.011103267848159286,-0.00015416409315254165,0.0,0.00411726427710266,0.004402984253715999
0.011797712292603731,-0.00015364105243960012,0.0,0.004179755720136828,0.004463985490636611
0.012492156737048177,-0.0001531066346621926,0.0,0.004242427589515348,0.00452515036649142
0.013186601181492622,-0.00015256042613591677,0.0,0.00430528050249544,0.004586478737806149
0.013881045625937068,-0.00015200199567926226,0.0,0.0043683148873034814,0.004647970262830916
0.014575490070381513,-0.00015143066322350894,0.0,0.004431531031725544,0.00470962416471207
0.015269934514825959,-0.00015084577304103815,0.0,0.0044949289686182885,0.004771439412668795
0.015964378959270404,-0.00015024725663786715,0.0,0.004558508284644289,0.004833415289040942
0.01665882340371485,-0.00014963507303874954,0.0,0.004622268376537472,0.004895551011358224
0.017353267848159295,-0.00014900784344978554,0.0,0.0046862089565948345,0.004957844312274103
0.01804771229260374,-0.000148363786557056,0.0,0.004750329448486563,0.0050202919796252556
0.018742156737048186,-0.0001477040583075315,0.0,0.004814627562614893,0.005082893242346854
0.01943660118149263,-0.00014703060656431977,0.0,0.004879101043260996,0.005145648230578791
0.020131045625937077,-0.00014633941579723938,0.0,0.0049437499266783026,0.005208551525010928
0.020825490070381522,-0.00014562987022801843,0.0,0.0050085715530048865,0.005271599845718548
0.021519934514825968,-0.0001449031783380229,0.0,0.005073562517599978,0.005334790903530158
0.022214378959270413,-0.00014415809974726343,0.0,0.005138720630608438,0.005398120453643724
0.02290882340371486,-0.0001433935021362687,0.0,0.005204042796428472,0.005461584373512564
0.023603267848159304,-0.00014261007226136637,0.0,0.0052695246825194535,0.005525179322175767
0.02429771229260375,-0.00014180721846574767,0.0,0.00533516263248462,0.005588900156169555
0.024992156737048195,-0.0001409834946014308,0.0,0.005400952494206488,0.0056527410359640635
0.02568660118149264,-0.00014013881009810832,0.0,0.005466889214143477,0.005716696719823983
0.026381045625937086,-0.0001392730280070356,0.0,0.005532967279072833,0.005780761696102724
0.02707549007038153,-0.00013838559024184494,0.0,0.005599181041619294,0.005844929321403877
0.027769934514825977,-0.00013747572694302373,0.0,0.0056655242339355046,0.005909192425091256
0.028464378959270422,-0.00013654319004428143,0.0,0.005731989959974346,0.005973543688882584
0.029158823403714867,-0.0001355876733737032,0.0,0.005798570803219963,0.006037975395737617
0.029853267848159313,-0.00013460860923589574,0.0,0.0058652589750629106,0.006102478988915392
0.03054771229260376,-0.00013360540775893956,0.0,0.005932046016160857,0.006167045345101612
0.031242156737048204,-0.00013257779845069655,0.0,0.005998922746075303,0.006231664977668382
0.03193660118149265,-0.0001315255350851521,0.0,0.006065879356892475,0.006296327851454621
0.03263104562593709,-0.0001304482175597159,0.0,0.006132905554206062,0.006361023166244512
0.03332549007038154,-0.00012934522112314722,0.0,0.006199990389518641,0.00642573935492777
0.03401993451482598,-0.00012821630847459418,0.0,0.0062671220035530805,0.006490464417502694
0.03471437895927043,-0.00012706126778846532,0.0,0.0063342878756678005,0.006555185635814875
0.03540882340371487,-0.00012587969829515075,0.0,0.006401474828971676,0.006619889483622686
0.03610326784815932,-0.00012467130684094512,0.0,0.0064686688294034265,0.006684561789937366
0.036797712292603764,-0.000123435901760337,0.0,0.006535855031287426,0.006749187645691456
0.03749215673704821,-0.0001221731978119794,0.0,0.006603017834309525,0.0068137512737613025
0.038186601181492655,-0.00012088294062712193,0.0,0.00667014074419163,0.006878236133525043
0.038881045625937104,-0.00011956500523696814,0.0,0.006737206343624566,0.006942624928325903
0.039575490070381546,-0.00011821922206119379,0.0,0.006804196387002543,0.0070068994393536485
0.040269934514825995,-0.00011684537837731243,0.0,0.006871091712205527,0.007071040544664611
0.04096437895927044,-0.00011544340952287076,0.0,0.006937872118348775,0.007135028329660895
0.041658823403714886,-0.00011401330235323203,0.0,0.007004516468150786,0.007198841955065316
0.04235326784815933,-0.00011255491839386392,0.0,0.00707100272307298,0.007262459534625512
0.043047712292603776,-0.00011106819476032905,0.0,0.007137307742272389,0.007325858292945823
0.04374215673704822,-0.00010955328397006339,0.0,0.0072034072695055795,0.007389014595693402
0.04443660118149267,-0.00010801024074136627,0.0,0.007269276143562621,0.00745190368637985
0.04513104562593711,-0.00010643895949112062,0.0,0.0073348881819578155,0.007514499700461568
0.04582549007038156,-0.00010483962582053735,0.0,0.007400215893465172,0.007576775966621384
0.046519934514826,-0.00010321265054150558,0.0,0.007465230695656981,0.007638704843661533
0.04721437895927045,-0.0001015579676394683,0.0,0.0075299032434724385,0.007700257262008072
0.04790882340371489,-9.987579972383251e-05,0.0,0.007594202745924525,0.00776140337742145
0.04860326784815934,-9.81665564109775e-05,0.0,0.007658097273847872,0.007822112311088505
0.04929771229260378,-9.643050899672671e-05,0.0,0.007721553938801248,0.007882351960543292
0.04999215673704823,-9.466797045082307e-05,0.0,0.007784538636285539,0.00794208922071781
0.05068660118149267,-9.287939741248294e-05,0.0,0.007847016069033094,0.008001289970717872
0.05138104562593712,-9.10652283689057e-05,0.0,0.00790894990007783,0.008059918933812917
0.052075490070381564,-8.922590832979396e-05,0.0,0.007970302652282601,0.00811793977942788
0.05276993451482601,-8.736199913608812e-05,0.0,0.008031035669448251,0.008175315192936442
0.053464378959270455,-8.54740936263541e-05,0.0,0.008091109254225038,0.008232006775442773
0.054158823403714904,-8.356276963082036e-05,0.0,0.008150482657631459,0.008287975071948783
0.054853267848159346,-8.162869823727483e-05,0.0,0.00820911400440384,0.008343179688530307
0.055547712292603794,-7.967262815503219e-05,0.0,0.008266960404993135,0.00839757925430504
0.056242156737048236,-7.769528394592384e-05,0.0,0.008323978038253231,0.008451131392750175
0.056936601181492685,-7.56974362825436e-05,0.0,0.008380122074941402,0.008503792851015966
0.05763104562593713,-7.367997482603146e-05,0.0,0.008435346727571869,0.00855551954900489
0.058325490070381576,-7.164379308221968e-05,0.0,0.008489605415084034,0.008606266517441846
0.05901993451482602,-6.958976235116153e-05,0.0,0.008542850746861756,0.00865598798970241
0.05971437895927047,-6.751887590765325e-05,0.0,0.008595034484169664,0.008704637552678387
0.06040882340371491,-6.543220806804353e-05,0.0,0.008646107729256468,0.00875216811152473
0.06110326784815936,-6.333074116757837e-05,0.0,0.008696021048253458,0.008798531883421095
0.0617977122926038,-6.121557472070129e-05,0.0,0.008744724350110802,0.008843680644538348
0.06249215673704825,-5.90878785364837e-05,0.0,0.008792167081298482,0.008887565718187464
0.06318660118149269,-5.694880275933657e-05,0.0,0.008838298360741159,0.008930138010654873
0.06388104562593713,-5.4799537726811505e-05,0.0,0.008883066989171472,0.008971348166119811
0.06457549007038159,-5.264133444691172e-05,0.0,0.00892642155941831,0.009011146652261982
0.06526993451482603,-5.0475457888455214e-05,0.0,0.008968310600742338,0.009049483825053896
0.06596437895927047,-4.8303193452870396e-05,0.0,0.009008682659588133,0.0090863100568557
0.06665882340371491,-4.612586798558775e-05,0.0,0.009047486405523613,0.009121575855374202
0.06735326784815937,-4.394482841243965e-05,0.0,0.009084670776704074,0.009155231956996041
0.06804771229260381,-4.1761432784827936e-05,0.0,0.009120185097119992,0.009187229451894409
0.06874215673704825,-3.9577064832655206e-05,0.0,0.009153979192634012,0.00921751992165154
0.0694366011814927,-3.7393125753237636e-05,0.0,0.009186003539725839,0.009246055557542368
0.07013104562593715,-3.5211019626767475e-05,0.0,0.00921620940702741,0.00927278928990641
0.0708254900703816,-3.3032160520729824e-05,0.0,0.009244548984358935,0.009297674935801834
0.07151993451482604,-3.085797287154208e-05,0.0,0.00927097553274343,0.009320667336582843
0.07221437895927048,-2.86898766130137e-05,0.0,0.009295443540509162,0.009341722493766705
0.07290882340371493,-2.6529285966508702e-05,0.0,0.009317908864818389,0.009360797720596467
0.07360326784815938,-2.4377614215419967e-05,0.0,0.009338328880589957,0.009377851791946936
0.07429771229260382,-2.2236262857260276e-05,0.0,0.009356662641174972,0.009392845085661964
0.07499215673704826,-2.0106602651432823e-05,0.0,0.009372871035420064,0.00940573972509186
0.07568660118149272,-1.7990016208996838e-05,0.0,0.009386916906855445,0.009416499756978294
0.07638104562593716,-1.5887850789325715e-05,0.0,0.009398765240276693,0.009425091268239132
0.0770754900703816,-1.3801411367893353e-05,0.0,0.009408383305208965,0.009431482532857473
0.07776993451482604,-1.1731983178669692e-05,0.0,0.009415740782488007,0.009435644169454525
0.0784643789592705,-9.680820530733516e-06,0.0,0.009420809913690199,0.009437549274119187
0.07915882340371494,-7.649132371273689e-06,0.0,0.009423565641866851,0.00943717355111959
0.07985326784815937,-5.638085982849282e-06,0.0,0.009423985735886509,0.009434495446746556
0.08054771229260381,-3.6488052625466996e-06,0.0,0.009422050914202939,0.009429496271976168
0.08124215673704825,-1.6823623631411165e-06,0.0,0.009417744963092202,0.00942216031627076
0.0813727250490857,-1.3152678537155185e-06,0.0,0.009416669434664399,0.009420518958367643
0.08150329336112316,-9.490234408612097e-07,0.0,0.009415509540474258,0.00941879446767404
0.08163386167316061,-5.836364026254934e-07,0.0,0.009414265209579071,0.009416986776880555
0.08176442998519808,-2.1911284999353039e-07,0.0,0.009412936376787659,0.009415095821577528
0.08181665731001306,-7.354656740585935e-08,0.0,0.009412381168858251,0.0094143161112699
0.08182710277497605,-4.4450230756023014e-08,0.0,0.009412268503740818,0.009414158569205352
0.08183754823993906,-1.53595863161737e-08,0.0,0.009412155297501452,0.00941400049382063
0.08184799370490206,2.3945759122412498e-08,0.0,0.009412041549906066,0.009413841884980057
0.08186888463482805,1.2510652751654583e-07,0.0,0.009411812433417512,0.00941352306674369
0.08188977556475406,2.2550683235036304e-07,0.0,0.00941158115104584,0.009413202109887792
0.08191066649468007,3.2479696294568337e-07,0.0,0.009411347700849252,0.00941287900834722
0.08193993255692322,4.6162100349178157e-07,0.0,0.009411017004925103,0.009412422754068806
0.08196919861916638,5.95211450188522e-07,0.0,0.009410682041347596,0.009411962252134361
0.08199846468140953,7.251918546132974e-07,0.0,0.009410342805839956,0.009411497477778488
0.08202773074365269,8.514757784041875e-07,0.0,0.009409999287527629,0.009411028405695424
0.08207340457977312,1.041425673889096e-06,0.0,0.009409454587831241,0.009410287709458396
0.08211907841589355,1.223158659086042e-06,0.0,0.009408899370654696,0.00940953640713696
0.08216475225201399,1.3974526702987866e-06,0.0,0.00940833358368378,0.009408774430170307
0.08221042608813442,1.565166648749402e-06,0.0,0.009407757177608446,0.009408001723101045
0.08228378901382162,1.8228451841921254e-06,0.0,0.009406808997314107,0.009406738007972891
0.08235715193950881,2.0688031543236824e-06,0.0,0.009405833149432111,0.009405446364588965
0.08243051486519601,2.3056461290020434e-06,0.0,0.009404829516612135,0.009404126721976378
0.08250387779088321,2.5353572030301956e-06,0.0,0.009403798015470645,0.009402779045302302
0.0825772407165704,2.759448946687761e-06,0.0,0.009402738587929798,0.009401403321881876
0.0826708338660344,3.039111296483055e-06,0.0,0.00940134641609692,0.009399607531003131
0.08276442701549838,3.3135233846575697e-06,0.0,0.009399908684625133,0.009397766151215098
0.08285802016496237,3.5840642782997403e-06,0.0,0.00939842538212178,0.009395879260152805
0.08295161331442635,3.851706308812231e-06,0.0,0.009396896520567572,0.009393946952318846
0.08304520646389034,4.11712723546585e-06,0.0,0.009395322128779925,0.009391969330443416
0.08317524309621686,4.48308219134949e-06,0.0,0.009393059199059882,0.00938914664189884
0.0833052797285434,4.846471264181919e-06,0.0,0.00939070859246702,0.009386236976107028
0.08343531636086994,5.207805692510692e-06,0.0,0.009388270463610517,0.009383240621083016
0.08356535299319647,5.567418836830552e-06,0.0,0.009385744977946135,0.009380157856078687
0.083695389625523,5.925522424130582e-06,0.0,0.00938313230747466,0.009376988949188243
0.0839012695690952,6.489715243412577e-06,0.0,0.00937881794781993,0.009371796256489836
0.08410714951266741,7.0507148307708024e-06,0.0,0.009374286191358138,0.009366389233086718
0.08431302945623963,7.608645630450427e-06,0.0,0.00936953774381943,0.009360768770201746
0.08451890939981184,8.163592774002247e-06,0.0,0.009364573302276646,0.009354935698784947
0.08472478934338404,8.715617551971183e-06,0.0,0.00935939355339561,0.009348890799477951
0.08522725820061615,1.0050800466946125e-05,0.0,0.009345852051798272,0.00933325277311635
0.08572972705784827,1.1369016749891161e-05,0.0,0.009331041595801825,0.009316367213741739
0.08623219591508038,1.2670375972776564e-05,0.0,0.009314971648338765,0.009298243562156312
0.0867346647723125,1.3954975075307183e-05,0.0,0.009297651614038309,0.009278890935116786
0.08733415864721993,1.5465776659295438e-05,0.0,0.00927536505393356,0.009254206263935688
0.08793365252212737,1.6952810782055853e-05,0.0,0.009251329185094574,0.009227801138929516
0.0885331463970348,1.841610700378718e-05,0.0,0.009225561093235805,0.009199691856705472
0.08913264027194223,1.985558177366645e-05,0.0,0.009198078800344709,0.009169896160206402
0.08973213414684968,2.1271173159403456e-05,0.0,0.009168902126780206,0.009138433004565983
0.0904265785912941,2.2881254680098364e-05,0.0,0.009133013599763824,0.009099929329853557
0.09112102303573855,2.4459277722704657e-05,0.0,0.009094915341886894,0.009059249817874811
0.09181546748018299,2.6005536801855214e-05,0.0,0.009054643912535595,0.009016432623793652
0.09250991192462742,2.7519684050670022e-05,0.0,0.00901224245970417,0.008971515813185563
0.09320435636907186,2.900262979980052e-05,0.0,0.008967749291356077,0.00892454611923233
0.09371927711888653,3.0081655862168498e-05,0.0,0.008933438968541508,0.008888417159966421
0.094138933052813,3.094787793338982e-05,0.0,0.008904663333707518,0.008858165854817846
0.09455858898673947,3.180319269159063e-05,0.0,0.00887516248729656,0.008827207309932184
0.09497824492066594,3.264781103235569e-05,0.0,0.008844946595869523,0.00879555379033643
0.0953979008545924,3.3480759882118334e-05,0.0,0.00881403749404162,0.008763209256557835
0.09546291567916967,3.360868003686138e-05,0.0,0.008809188748718463,0.00875813644297051
0.09552793050374693,3.373634598413272e-05,0.0,0.008804323164118564,0.008753047789215502
0.0955929453283242,3.386377310919973e-05,0.0,0.008799440588281707,0.008747943492067206
0.09565796015290147,3.3990962502386405e-05,0.0,0.008794541306987523,0.008742823412273325
0.09577771667600181,3.422459435672459e-05,0.0,0.008785474031443932,0.008733350580088155
0.09589747319910215,3.445735551177866e-05,0.0,0.00877635182970865,0.008723823634661048
0.0960172297222025,3.468922313784199e-05,0.0,0.00876717503178145,0.008714242837573377
0.09613698624530284,3.492019288376388e-05,0.0,0.008757943852622605,0.008704608541438766
0.09644121214301084,3.5502952525152754e-05,0.0,0.008734250611166932,0.008679895268631816
0.09674543804071883,3.6079982795076845e-05,0.0,0.008710213143750676,0.008654843497118002
0.09704966393842682,3.665132070698936e-05,0.0,0.008685836551658433,0.008629458113094823
0.09735388983613481,3.7217012723009406e-05,0.0,0.008661125897345858,0.008603744135542908
0.09779250117536945,3.802293952257667e-05,0.0,0.008624921960050392,0.008566103613214467
0.09823111251460408,3.881693234803493e-05,0.0,0.008588050704353832,0.008527805825914897
0.09866972385383871,3.95999502778142e-05,0.0,0.008550526413152945,0.008488867359962342
0.09910833519307334,4.037123933586382e-05,0.0,0.008512367160117182,0.008449302368565958
0.09954694653230797,4.113258107901226e-05,0.0,0.008473584739034958,0.008409130470914997
0.09988224963945283,4.170686944301455e-05,0.0,0.008443530830917851,0.008378018348802287
0.10015596353309603,4.217005793222117e-05,0.0,0.008418743582582731,0.00835236731075295
0.10042967742673922,4.262971006351445e-05,0.0,0.008393727292154785,0.008326496762644287
0.1007033913203824,4.3086171729226644e-05,0.0,0.008368486634933678,0.00830041031001665
0.1009771052140256,4.353807302814821e-05,0.0,0.008343031830705156,0.008274107327156409
0.1012508191076688,4.398494662915637e-05,0.0,0.00831736632764226,0.008247592492848762
0.10152453300131199,4.442819377365816e-05,0.0,0.00829148714390105,0.008220875481164064
0.10157222180138187,4.450523601525295e-05,0.0,0.008286956473871433,0.008216200409754258
0.10161991060145174,4.458215731455054e-05,0.0,0.008282419956895541,0.008211518964585945
0.10166759940152162,4.46589166206308e-05,0.0,0.008277877523744297,0.008206831240575224
0.1017152882015915,4.473551248346207e-05,0.0,0.00827332904987598,0.00820213737482309
0.10181066580173125,4.4888277450769995e-05,0.0,0.008264213819489497,0.008192731498286537
0.101906043401871,4.5040519102121764e-05,0.0,0.008255074159613202,0.008183301732043104
0.10200142100201075,4.519227737670961e-05,0.0,0.008245910250739792,0.008173848249646938
0.1020967986021505,4.5343565945755466e-05,0.0,0.008236722316598288,0.008164371191446562
0.10236775842811922,4.5770812329822736e-05,0.0,0.008210490589900905,0.008137320556922085
0.10263871825408795,4.6194325128495455e-05,0.0,0.008184070452998748,0.008110085087003715
0.10290967808005666,4.661413195026043e-05,0.0,0.008157465944193556,0.008082668934373677
0.10318063790602539,4.7030280144128715e-05,0.0,0.008130681159558771,0.00805507619472801
0.10360359208019673,4.767267197066163e-05,0.0,0.008088520956906535,0.008011662061506171
0.10402654625436807,4.830640261461222e-05,0.0,0.008045947375398706,0.007967843262502952
0.1044495004285394,4.893173881677044e-05,0.0,0.00800297572676226,0.007923635127292052
0.10487245460271073,4.9548802631054895e-05,0.0,0.007959621486882985,0.007879052911436044
0.10529540877688207,5.015770539884577e-05,0.0,0.007915900180401276,0.00783411206059046
0.10590951488893711,5.102766675791416e-05,0.0,0.007851797598131724,0.007768253605646948
0.10652362100099218,5.188138735826869e-05,0.0,0.007787001007755962,0.007701718532094824
0.10713772711304723,5.271937614214534e-05,0.0,0.00772155705456007,0.00763455322346248
0.10775183322510228,5.354212659297061e-05,0.0,0.0076555118320522225,0.007566803488196745
0.10836593933715732,5.43501403187675e-05,0.0,0.0075889108280558885,0.007498514589038909
0.10906038378160177,5.524673251657727e-05,0.0,0.007512983740149733,0.0074206985211966075
0.1097548282260462,5.612583344257226e-05,0.0,0.007436466925668494,0.007342313460060704
0.11044927267049064,5.6988131762641925e-05,0.0,0.0073594228242248715,0.007263421461302223
0.11114371711493506,5.7834307614473616e-05,0.0,0.0072819123826773705,0.007184083167343804
0.1118381615593795,5.866503079748676e-05,0.0,0.007203994976227602,0.007104357608721643
0.11253260600382395,5.948094680769847e-05,0.0,0.007125728179336867,0.00702430224284697
0.11322705044826838,6.028267887617262e-05,0.0,0.007047167987264861,0.006943972677734339
0.11392149489271282,6.107083726131198e-05,0.0,0.006968368451772465,0.006863422870191313
0.11461593933715725,6.184601851190536e-05,0.0,0.006889382041719765,0.006782704691667343
0.11531038378160169,6.260879702823374e-05,0.0,0.006810258874562461,0.006701868469157003
0.11600482822604613,6.335972369409827e-05,0.0,0.006731047757970867,0.00662096202951544
0.11669927267049056,6.40993339981874e-05,0.0,0.006651794495302186,0.006540032116941265
0.117393717114935,6.482813957391267e-05,0.0,0.006572545077612169,0.006459121638459109
0.11808816155937944,6.55466402257679e-05,0.0,0.006493338841568147,0.006378275601113837
0.11878260600382387,6.62553631895958e-05,0.0,0.0064142193547701565,0.006297531574972936
0.11947705044826831,6.695470902667777e-05,0.0,0.0063352250795522536,0.006216927672867857
0.12017149489271274,6.764513788890783e-05,0.0,0.006256390916086665,0.006136501497405464
0.12086593933715718,6.832711581224167e-05,0.0,0.006177751943650985,0.006056287026857015
0.12156038378160162,6.900104833126668e-05,0.0,0.006099341103069327,0.005976316511009152
0.12225482822604605,6.966733676626328e-05,0.0,0.006021189271709503,0.0058966204219644365
0.1229492726704905,7.032637884419094e-05,0.0,0.0059433253501492075,0.00581722748506727
0.12364371711493492,7.097855886364297e-05,0.0,0.005865776554324587,0.0057381645365233765
0.12433816155937936,7.16242831356605e-05,0.0,0.005788568205034215,0.005659456626494984
0.1250326060038238,7.226382804176306e-05,0.0,0.005711724093096664,0.005581127112316997
0.12572705044826823,7.289752778416594e-05,0.0,0.005635266517126592,0.005503197824253076
0.12642149489271268,7.352589198312962e-05,0.0,0.005559216148865211,0.005425688967351717
0.12711593933715712,7.414922471218153e-05,0.0,0.005483591975951099,0.005348619074020518
0.12781038378160156,7.476766752247168e-05,0.0,0.005408411328782335,0.005272005231191418
0.12850482822604598,7.538166586512315e-05,0.0,0.005333690209008544,0.005195863104445494
0.12919927267049042,7.599167835850736e-05,0.0,0.005259443474904592,0.005120206929392421
0.12989371711493486,7.6597805687777e-05,0.0,0.005185684635150389,0.005045049688753816
0.1305881615593793,7.720032700896588e-05,0.0,0.005112425837986695,0.004970403118357756
0.13128260600382374,7.77997962298049e-05,0.0,0.005039678016786548,0.004896277708350888
0.13197705044826816,7.839640522991154e-05,0.0,0.004967450989008722,0.00482268280327024
0.1326714948927126,7.899026257621492e-05,0.0,0.004895753544844168,0.004749626642442028
0.13336593933715704,7.95818878803349e-05,0.0,0.0048245934549592225,0.004677116418969762
0.13406038378160148,8.017157484138653e-05,0.0,0.004753977413791098,0.004605158393355049
0.13475482822604593,8.075951153000739e-05,0.0,0.004683911231020505,0.004533757824220199
0.13544927267049034,8.134600556400824e-05,0.0,0.004614399836018522,0.00446291908535376
0.13614371711493478,8.193137902048928e-05,0.0,0.004545447330405551,0.004392645718986121
0.13683816155937922,8.251590966944488e-05,0.0,0.004477057015038389,0.004322940484435321
0.13753260600382367,8.30998732714285e-05,0.0,0.004409231453491457,0.004253805371869249
0.1382270504482681,8.368355469637617e-05,0.0,0.0043419724915722355,0.004185241668045224
0.13892149489271252,8.426723721032475e-05,0.0,0.004275281324295617,0.004117249982676294
0.13961593933715696,8.485120112406836e-05,0.0,0.004209158510914167,0.004049830313701213
0.1403103837816014,8.54357252529914e-05,0.0,0.004143604047564798,0.003982982049467146
0.14100482822604585,8.602108499935282e-05,0.0,0.004078617348025202,0.003916704049896737
0.1416992726704903,8.660755515020938e-05,0.0,0.0040141973488704045,0.003850994615520395
0.1423937171149347,8.719540984211835e-05,0.0,0.003950342434802707,0.00378585162082385
0.14308816155937915,8.778492228308657e-05,0.0,0.0038870506473380664,0.0037212723865688102
0.1437826060038236,8.83763600142274e-05,0.0,0.0038243194216967973,0.0036572539736082718
0.14447705044826803,8.896999223905219e-05,0.0,0.0037621461178849775,0.003593792754714103
0.14517149489271247,8.95660815844908e-05,0.0,0.003700527130831286,0.0035308852644160265
0.1458659393371569,9.016489744309836e-05,0.0,0.003639459349902129,0.0034685269446655745
0.14656038378160133,9.07666938705026e-05,0.0,0.0035789383819201555,0.003406713754403532
0.14725482822604577,9.137173597716078e-05,0.0,0.00351896085806257,0.0033454402026327767
0.1479492726704902,9.198027146770104e-05,0.0,0.003459521721740813,0.0032847017808556476
0.14864371711493465,9.259256007104096e-05,0.0,0.0034006161527424476,0.0032244932457558364
0.1493381615593791,9.320884503285519e-05,0.0,0.0033422390474899663,0.0031648091525158634
0.1500326060038235,9.382938566403628e-05,0.0,0.003284385996815154,0.003105643074526984
0.15072705044826795,9.445440542643559e-05,0.0,0.0032270508549582266,0.003046989724601641
0.1514214948927124,9.508417388681658e-05,0.0,0.0031702291422624224,0.0029888419746491894
0.15211593933715684,9.571888252306767e-05,0.0,0.0031139126993450002,0.0029311955344948873
0.15281038378160128,9.635881876787445e-05,0.0,0.0030580981158856335,0.002874041657227598
0.1535048282260457,9.700418030433878e-05,0.0,0.0030027789584585888,0.0028173742042973357
0.15419927267049013,9.765519621359462e-05,0.0,0.0029479480758728732,0.0027611872506942046
0.15489371711493458,9.831206990949307e-05,0.0,0.0028935991745882962,0.0027054738630762866
0.15558816155937902,9.897505988229303e-05,0.0,0.0028397257394955867,0.0026502269365590056
0.15628260600382346,9.964433392820183e-05,0.0,0.002786322470674424,0.002595438467625899
0.15697705044826787,0.00010032016178396718,0.0,0.0027333802538584617,0.0025411030487206276
0.15767149489271232,0.00010100268650546748,0.0,0.0026808948976463267,0.002487211413515722
0.15836593933715676,0.00010169210773881527,0.0,0.0026288602582055023,0.002433756300277546
0.1590603837816012,0.00010238867839816488,0.0,0.0025772653769255533,0.0023807328724324032
0.15975482822604564,0.00010309254379203935,0.0,0.0025261076616785614,0.0023281307047253136
0.16044927267049008,0.00010380390758949101,0.0,0.0024753763684088187,0.0022759448031401284
0.16114371711493453,0.00010452294589308565,0.0,0.002425067429309863,0.0022241653914286475
0.16183816155937897,0.00010524983146100944,0.0,0.0023751723409665064,0.0021727861105911898
0.16253260600382338,0.00010598474764744053,0.0,0.002325684202852572,0.0021217990930757153
0.16322705044826782,0.0001067278570738752,0.0,0.002276595364533927,0.0020711968631199284
0.16392149489271227,0.00010747931849970773,0.0,0.0022278992774753172,0.002020971323799839
0.1646159393371567,0.00010823929476414864,0.0,0.0021795880156200895,0.001971115229053551
0.16531038378160115,0.00010900793520857049,0.0,0.002131655313200749,0.0019216203435764533
0.1660048282260456,0.00010978539678257284,0.0,0.0020840922399057863,0.0018724797771109008
0.16669927267049,0.00011057180470808186,0.0,0.0020368943491145134,0.0018236843779854848
0.16739371711493445,0.00011136732061385253,0.0,0.0019900511078865682,0.001775228225403657
0.1680881615593789,0.00011217207603123275,0.0,0.0019435555253057434,0.0017271026160656576
0.16878260600382333,0.00011298616510793293,0.0,0.0018974027426977777,0.0016792992220055704
0.16947705044826777,0.00011380975113305667,0.0,0.00185158443838236,0.0016318110850220438
0.1701714948927122,0.00011464295419903991,0.0,0.0018060920024923054,0.0015846305258567102
0.17086593933715663,0.00011548586257059,0.0,0.0017609188119865704,0.0015377495389728311
0.17156038378160107,0.00011633860127711424,0.0,0.00171605733585376,0.0014911604645054795
0.17225482822604551,0.00011720127755424668,0.0,0.0016715001580351648,0.0014448555773251496
0.17294927267048996,0.00011807398603198805,0.0,0.0016272403671508692,0.0013988271432859396
0.17364371711493437,0.00011895682920062853,0.0,0.0015832699289449533,0.001353067677890722
0.1743381615593788,0.00011984987835722231,0.0,0.001539584027413898,0.0013075688337334298
0.17503260600382325,0.00012075325575980406,0.0,0.001496171827171174,0.0012623242426855438
0.1757270504482677,0.00012166702144587852,0.0,0.0014530276333217943,0.001217325074069136
0.17642149489271214,0.00012259124684709568,0.0,0.0014101441220558183,0.0011725641331508502
0.17711593933715655,0.00012352601808548474,0.0,0.001367514597610124,0.00112803375151317
0.177810383781601,0.00012447140652427124,0.0,0.0013251305434125624,0.0010837266881911004
0.17850482822604544,0.00012542746370752795,0.0,0.0012829863521908605,0.00103963474539234
0.17919927267048988,0.00012639426937563998,0.0,0.001241071225527966,0.000995751387586915
0.17989371711493432,0.00012737185171727135,0.0,0.0011993822696132151,0.000952067631979997
0.18058816155937873,0.0001283602734367276,0.0,0.0011579123522760147,0.0009085769422456216
0.18128260600382318,0.00012935962002549623,0.0,0.001116649207299972,0.000865272382839629
0.18197705044826762,0.00013036986721133502,0.0,0.001075591005428144,0.0008221449975437004
0.18267149489271206,0.00013139110013034097,0.0,0.0010347270842150978,0.0007791888541553869
0.1833659393371565,0.00013242334918415813,0.0,0.0009940518360823131,0.0007363955942003802
0.18406038378160092,0.00013346663189556923,0.0,0.0009535579279333545,0.0006937581245603414
0.18475482822604536,0.00013452098150863203,0.0,0.000913239117851404,0.0006512689738027926
0.1854492726704898,0.00013558642870146263,0.0,0.0008730864375269539,0.0006089212280250313
0.18614371711493424,0.00013666297717747483,0.0,0.0008330959495317548,0.0005667068356718889
0.18683816155937868,0.00013775066167665364,0.0,0.0007932567696165389,0.0005246195085863813
0.18753260600382313,0.00013884948520030387,0.0,0.0007535624216231523,0.00048265127286575897
0.18822705044826754,0.000139959438160939,0.0,0.0007140092448299576,0.00044079480849740606
0.18892149489271198,0.0001410805503796341,0.0,0.0006745892232530807,0.00039904333717915484
0.18961593933715643,0.00014221282215703488,0.0,0.0006352927839355795,0.000357389680046025
0.19031038378160087,0.00014335623083811748,0.0,0.0005961141289670411,0.00031582637347710233
0.1910048282260453,0.00014451077458827987,0.0,0.0005570479599667344,0.00027434639047974274
0.19169927267048972,0.00014567646161218066,0.0,0.0005180841233554215,0.00023294305143899637
0.19239371711493417,0.00014685325032802162,0.0,0.0004792199546603635,0.00019160842769807527
0.1930881615593786,0.00014804113904664994,0.0,0.0004404463220998608,0.000150336286881539
0.19378260600382305,0.0001492401070102074,0.0,0.0004017568381096813,0.00010911919668895429
0.1944770504482675,0.00015045012433647628,0.0,0.00036314347020924824,6.795038529087247e-05
0.1951714948927119,0.00015167115899246427,0.0,0.0003246018695768838,2.6822488291504695e-05
0.19547867710524044,0.00015221478407670403,0.0,0.0003075733865259604,8.64144193787167e-06
0.19561006270313858,0.000152447907855402,0.0,0.0003002938927363518,8.671459821775263e-07
0.195625953043192,0.0001524765631132424,0.0,0.0002994178563403477,0.0
0.19562743070936248,0.00015247929921729026,0.0,0.00029933730979949286,0.0
0.1956303860417034,0.00015248497712729275,0.0,0.0002991788591350472,0.0
0.19563334137404434,0.00015249095298117496,0.0,0.0002990239003748304,0.0
0.19563629670638527,0.00015249721399201,0.0,0.00029887182381782763,0.0
0.19564512093981612,0.00015251746592678204,0.0,0.00029843001469901834,0.0
0.19565394517324697,0.00015253985874388734,0.0,0.0002980010184048113,0.0
0.19566276940667782,0.0001525641268848057,0.0,0.0002975786308065803,0.0
0.1956715221155843,0.0001525898213590126,0.0,0.00029716304167061236,0.0
0.19568027482449077,0.00015261693147174783,0.0,0.0002967493654476384,0.0
0.19568902753339726,0.0001526452813957304,0.0,0.00029633678664601804,0.0
0.195697167755932,0.0001526726255875737,0.0,0.000295953598998964,0.0
0.1957053079784667,0.00015270079787507176,0.0,0.00029557064436037256,0.0
0.19571344820100142,0.0001527297008315859,0.0,0.0002951877809689259,0.0
0.1957199920363202,0.00015275340811626403,0.0,0.0002948800063459285,0.0
0.195726535871639,0.00015277749078062937,0.0,0.0002945722027671537,0.0
0.19573307970695777,0.00015280191231927377,0.0,0.0002942643530496098,0.0
0.1957447415392518,0.00015284616404548753,0.0,0.0002937155806477853,0.0
0.19575640337154585,0.00015289122660431406,0.0,0.0002931665813062945,0.0
0.19576806520383988,0.00015293695999191116,0.0,0.00029261733575150977,0.0
0.19579459783711045,0.00015304287532184077,0.0,0.00029136664590433895,0.0
0.19582113047038105,0.00015315068612112648,0.0,0.0002901141935037166,0.0
0.19584766310365162,0.00015325963985095896,0.0,0.00028885995999371314,0.0
0.19585894123551212,0.00015330617692673772,0.0,0.0002883270772573305,0.0
0.1958702193673726,0.00015335279770772536,0.0,0.0002877947094185786,0.0
0.19588149749923306,0.0001533994864397542,0.0,0.00028726181129501,0.0
0.19588907552962495,0.00015343088688689566,0.0,0.00028690333893791205,0.0
0.19589665356001681,0.00015346230454378203,0.0,0.00028654468699014913,0.0
0.1959042315904087,0.0001534937351572028,0.0,0.0002861859300298094,0.0
0.19591467805378848,0.00015353707685876374,0.0,0.00028569121130493766,0.0
0.1959251245171683,0.00015358042755364223,0.0,0.0002851962973849512,0.0
0.19593557098054806,0.00015362377997939377,0.0,0.00028470119666521466,0.0
0.1959557984296937,0.00015370770474913025,0.0,0.0002837419945815614,0.0
0.19597602587883933,0.00015379158194347913,0.0,0.0002827820477037313,0.0
0.19599625332798495,0.00015387538735546448,0.0,0.00028182144150902067,0.0
0.19600988624512616,0.0001539318221947905,0.0,0.0002811737684552679,0.0
0.19602351916226735,0.00015398821368157724,0.0,0.0002805259289511644,0.0
0.19603715207940853,0.00015404455987038775,0.0,0.000279877762913772,0.0
0.19604968580744764,0.0001540963218365143,0.0,0.000279281532409305,0.0
0.19606221953548672,0.00015414804365262183,0.0,0.00027868504558254114,0.0
0.1960747532635258,0.00015419972504191474,0.0,0.0002780883410595764,0.0
0.196089472435946,0.0001542603662528093,0.0,0.00027738731114567756,0.0
0.19610419160836617,0.00015432095218278016,0.0,0.0002766859631922922,0.0
0.19611891078078636,0.00015438148357484248,0.0,0.0002759843063461068,0.0
0.19613648021527844,0.00015445366647232322,0.0,0.00027514638039744367,0.0
0.19615404964977054,0.0001545257752874056,0.0,0.00027430801928792723,0.0
0.19617161908426264,0.0001545978123720286,0.0,0.00027346925057700227,0.0
0.19618725216454072,0.0001546618519023165,0.0,0.00027272260919569496,0.0
0.1962028852448188,0.00015472583853937233,0.0,0.0002719756748674596,0.0
0.1962185183250969,0.0001547897742329329,0.0,0.0002712284165419733,0.0
0.1962346286372515,0.0001548556104571686,0.0,0.00027045799654054885,0.0
0.1962507389494061,0.00015492139678467538,0.0,0.0002696872392987363,0.0
0.19626684926156068,0.0001549871353217751,0.0,0.0002689161702845688,0.0
0.1962825624507968,0.0001550512093346433,0.0,0.0002681638177829219,0.0
0.19629827564003294,0.00015511524174751298,0.0,0.0002674111744964282,0.0
0.19631398882926906,0.0001551792344098251,0.0,0.00026665823381683636,0.0
0.19633146122129103,0.00015525034701585418,0.0,0.00026582064365748685,0.0
0.196348933613313,0.00015532141511979123,0.0,0.00026498268906864847,0.0
0.19636640600533495,0.00015539244102933848,0.0,0.0002641443977377909,0.0
0.19638137406393158,0.00015545325488649974,0.0,0.0002634260161518377,0.0
0.19639634212252818,0.00015551404076711843,0.0,0.0002627074117543483,0.0
0.19641131018112482,0.00015557480000604734,0.0,0.00026198855327987406,0.0
0.19642670935392395,0.00015563728279340125,0.0,0.00026124871622719534,0.0
0.1964421085267231,0.00015569974008376074,0.0,0.00026050861947239374,0.0
0.19645750769952225,0.0001557621731760577,0.0,0.00025976828372409555,0.0
0.19647267824517228,0.00015582365689960042,0.0,0.00025903871150747567,0.0
0.1964878487908223,0.00015588511950634796,0.0,0.00025830890876156633,0.0
0.19650301933647232,0.0001559465621165104,0.0,0.0002575788722996232,0.0
0.19651984054023564,0.0001560146680042024,0.0,0.00025676912897083033,0.0
0.19653666174399895,0.00015608275205828824,0.0,0.0002559591021836327,0.0
0.19655348294776226,0.0001561508156243206,0.0,0.00025514881127555814,0.0
0.19656828904487303,0.0001562107095740786,0.0,0.00025443538723771885,0.0
0.1965830951419838,0.00015627058950055213,0.0,0.000253721774890654,0.0
0.1965979012390946,0.00015633045624139646,0.0,0.00025300795430605256,0.0
0.19661314457042126,0.00015639207795150733,0.0,0.0002522728315391502,0.0
0.19662838790174791,0.00015645368737681684,0.0,0.0002515374949401075,0.0
0.19664363123307457,0.00015651528532413793,0.0,0.0002508019591435285,0.0
0.1966585613271077,0.00015657560711645582,0.0,0.00025008134965233576,0.0
0.19667349142114082,0.00015663591935086003,0.0,0.0002493605515849836,0.0
0.19668842151517396,0.00015669622271162928,0.0,0.0002486395624921554,0.0
0.19670466765259842,0.00015676183230370875,0.0,0.0002478548030030845,0.0
0.19672091379002288,0.0001568274329954466,0.0,0.00024706982066863016,0.0
0.19673715992744734,0.0001568930255659271,0.0,0.00024628462909166894,0.0
0.19675179904307416,0.00015695212359366817,0.0,0.00024557693802213415,0.0
0.19676643815870096,0.00015701121615750442,0.0,0.0002448690881841909,0.0
0.19678107727432778,0.00015707030377908634,0.0,0.0002441610671663901,0.0
0.1967961219483305,0.00015713102371700706,0.0,0.00024343325030826789,0.0
0.19681116662233322,0.00015719173948407778,0.0,0.00024270525801533223,0.0
0.1968149277908339,0.00015720691786355042,0.0,0.00024252323728591547,0.0
0.19681541536921307,0.0001572112169663075,2.1249471400363996e-07,0.00024250608892302904,0.0
0.19681590294759224,0.0001572180631194164,4.451384113149139e-07,0.00024249556570428806,0.0
0.19681687810435053,0.00015723668323014832,8.970881553985126e-07,0.00024248652399617838,0.0
0.19681785326110884,0.00015726476750271557,1.322965223828974e-06,0.00024250088867549806,0.0
0.19681882841786716,0.00015730162168915284,1.7254503158095108e-06,0.00024253570412031982,0.0
0.19682187241549642,0.0001574671122566641,2.8537312254801563e-06,0.000242751477409306,0.0
0.19682491641312566,0.00015769623422793008,3.834937916564457e-06,0.00024307848549948944,0.0
0.19682796041075493,0.00015797773027688848,4.707610112498107e-06,0.00024347585603469405,0.0
0.1968310044083842,0.00015830299220389,5.498868735928224e-06,0.0002439157072179616,0.0
0.19683548438688211,0.00015884723596341278,6.555990644186197e-06,0.0002446000059046262,0.0
0.19683996436538004,0.00015945489691357036,7.5226670001725005e-06,0.00024529337716656675,0.0
0.19684444434387793,0.00016011425813106767,8.42286617101031e-06,0.0002459765663344709,0.0
0.19684892432237586,0.00016081610711227065,9.272276786918784e-06,0.00024663904379576345,0.0
0.19685359595836743,0.0001615845589619194,1.0116232008834976e-05,0.0002473015436998441,0.0
0.19685826759435898,0.000162384365227539,1.092398906246597e-05,0.000247933808004444,0.0
0.19686293923035056,0.0001632096494191691,1.1701304029469967e-05,0.0002485354632184206,0.0
0.1968682194501299,0.0001641668229282486,1.2548290657034129e-05,0.00024917996923136686,0.0
0.19687349966990922,0.00016514424139044465,1.3365427033898441e-05,0.0002497893085287785,0.0
0.19687877988968858,0.0001661367465450171,1.4155825552895594e-05,0.00025036630575531627,0.0
0.1968928657216373,0.0001688292818332319,1.6150327613403663e-05,0.0002517655774584337,0.0
0.19690695155358603,0.00017153154200024484,1.8011688995662675e-05,0.00025299794699989433,0.0
0.1969210373855348,0.00017420406992282763,1.9758307038773214e-05,0.00025410319092524083,0.0
0.19692455884352195,0.00017486422838936292,2.017882734213714e-05,0.0002543632414848907,0.0
0.19692808030150913,0.00017551994527897376,2.059579037592766e-05,0.0002546147383207916,0.0
0.19693160175949628,0.000176171414903035,2.1007224002153222e-05,0.0002548605135988183,0.0
0.19693512321748347,0.00017681838238847676,2.1413325484351886e-05,0.0002551008629399974,0.0
0.19693971101348062,0.00017765399357195185,2.1935262974782486e-05,0.0002554057344290036,0.0
0.19694429880947778,0.00017848107110734283,2.2449321804433512e-05,0.00025570183834956885,0.0
0.19694888660547494,0.00017929926537293026,2.2955822759115164e-05,0.00025598971142935426,0.0
0.19695299229067306,0.00018002370138615163,2.3402986464821833e-05,0.00025624068110072435,0.0
0.1969570979758712,0.00018074060329899624,2.384462511963188e-05,0.0002564856629213045,0.0
0.1969612036610693,0.00018144983117426996,2.4280944374325354e-05,0.0002567249247443856,0.0
0.19698593253139118,0.00018555548364682214,2.6805586013953355e-05,0.00025805698258186765,0.0
0.19701066140171306,0.00018937076861060353,2.9176894151260042e-05,0.0002592335769662322,0.0
0.19701684361929353,0.00019028014964109354,2.9749041386488504e-05,0.0002595063315316047,0.0
0.197023025836874,0.00019117261597617654,3.0314036315689308e-05,0.00025977004713990915,0.0
0.19702920805445445,0.0001920481616410227,3.087109396568022e-05,0.00026002687858802146,0.0
0.19703539027203493,0.00019290715795726893,3.142038338545017e-05,0.0002602771559346222,0.0
0.19704013876255005,0.00019355582274048646,3.18376339342746e-05,0.0002604645771081508,0.0
0.19704488725306518,0.00019419498508121608,3.2250912685485596e-05,0.0002606479743202812,0.0
0.1970496357435803,0.000194824817901703,3.266022024376173e-05,0.0002608275690499476,0.0
0.19705743855543223,0.0001958399512590196,3.332446863183759e-05,0.0002611146875320692,0.0
0.19706524136728412,0.00019683098916559633,3.397872848944237e-05,0.0002613921369645133,0.0
0.19707304417913604,0.0001977986255620561,3.4623407412507e-05,0.0002616602740996018,0.0
0.19710749806732583,0.0002018082900431742,3.736407186562516e-05,0.0002627405868619449,0.0
0.19711611153937328,0.00020274873077961918,3.8024297739731355e-05,0.00026298697219190857,0.0
0.1971247250114207,0.00020366627439464294,3.867456836937739e-05,0.00026322523887438556,0.0
0.19713333848346815,0.0002045615608770527,3.9316173215044556e-05,0.00026345470086386053,0.0
0.19714195195551557,0.0002054353343941865,3.9949878504814515e-05,0.00026367517532653514,0.0
0.1971465681602732,0.00020589513284982307,4.028600594711469e-05,0.0002637901569274405,0.0
0.19715118436503085,0.00020634918436722693,4.061965309641829e-05,0.0002639030933762455,0.0
0.19715580056978846,0.00020679757345294693,4.0951032976991494e-05,0.00026401383589854223,0.0
0.19715986762487125,0.00020718801763733495,4.1241167751733484e-05,0.000264109597129905,0.0
0.19716393467995405,0.00020757423830705362,4.1529607415262e-05,0.0002642037182507259,0.0
0.19716800173503682,0.00020795631571643604,4.181637346763695e-05,0.0002642962369249577,0.0
0.19719518247601084,0.00021040882097094063,4.369173695060127e-05,0.00026487552420887084,0.0
0.19722236321698486,0.00021270169658033842,4.550033982671682e-05,0.0002653937691914127,0.0
0.19722915840222838,0.00021325219449405905,4.594343861151879e-05,0.0002655140072382238,0.0
0.1972359535874719,0.0002137939539644783,4.638413380790654e-05,0.000265629538724313,0.0
0.19724274877271544,0.00021432761860464401,4.6820804813810575e-05,0.000265742460384156,0.0
0.19724954395795896,0.0002148535038518522,4.725332405014172e-05,0.0002658531257586655,0.0
0.19725416196697848,0.0002152064606403204,4.754557120799366e-05,0.0002659263718026317,0.0
0.19725877997599803,0.00021555591539130427,4.783647715606117e-05,0.0002659980636633633,0.0
0.19726339798501757,0.00021590198259810114,4.8125899301915357e-05,0.00026606842664394034,0.0
0.1972824409180591,0.00021729569010299,4.9304909603087425e-05,0.0002663450837031878,0.0
0.19730148385110063,0.0002186383514402624,5.046171760459102e-05,0.0002666008543389857,0.0
0.19732052678414216,0.00021993422751013998,5.159806733413353e-05,0.0002668370906571673,0.0
0.19735294918648782,0.00022204286232669032,5.3489471047102205e-05,0.00026719789812108385,0.0
0.19738537158883346,0.00022404565036090665,5.533284072367855e-05,0.00026751267037166077,0.0
0.1974177939911791,0.00022596071538337917,5.713505047593484e-05,0.00026778801923195243,0.0
0.19745021639352475,0.00022780240982084413,5.8901645648527966e-05,0.00026802927369449516,0.0
0.19748766857384187,0.00022985443206711818,6.090427013889032e-05,0.0002682715017065579,0.0
0.197525120754159,0.0002318405118650072,6.287214682781892e-05,0.00026848034611653423,0.0
0.19756257293447615,0.00023377308094751171,6.481043256562878e-05,0.00026866074469792935,0.0
0.19760002511479327,0.00023566293081016094,6.672368785652027e-05,0.00026881706881342205,0.0
0.19763747729511041,0.000237519493472192,6.861598615096699e-05,0.00026895319117374,0.0
0.19770201687125816,0.000240662861449829,7.183760784458701e-05,0.00026914974733883426,0.0
0.1977665564474059,0.0002437611592132225,7.502150551852819e-05,0.00026930964958735994,0.0
0.19783109602355364,0.00024683591118421667,7.817838093448014e-05,0.0002694431440300513,0.0
0.19789563559970136,0.0002499019378199018,8.131625998679717e-05,0.0002695579158428337,0.0
0.1979601751758491,0.00025296947625762646,8.444124234733625e-05,0.00026965980648180517,0.0
0.19804161914742638,0.00025685336156771617,8.837351183691285e-05,0.000269776845241049,0.0
0.19812306311900363,0.00026075888010980615,9.229930254210596e-05,0.0002698868640950819,0.0
0.1982045070905809,0.0002646897700670416,9.622318525560298e-05,0.00026999413291787556,0.0
0.19828595106215816,0.0002686471721487147,0.0001001480923967727,0.00027010172128154065,0.0
0.19836739503373543,0.0002726306161075142,0.00010407634724764744,0.00027021127355164544,0.0
0.19847015727390674,0.0002776919573573248,0.00010903920987853676,0.0002703548022773388,0.0
0.19857291951407807,0.0002827889268334693,0.00011401082232337023,0.00027050521889010514,0.0
0.1986756817542494,0.0002879172920363994,0.0001189919373163726,0.00027066313211668644,0.0
0.1987784439944207,0.00029307300194546894,0.00012398274506560946,0.0002708288012820278,0.0
0.19888120623459205,0.0002982523999446912,0.00012898322457712927,0.00027100215317622735,0.0
0.199000020832796,0.0003042662276178148,0.00013477664708714182,0.00027121182802683854,0.0
0.19911883543099995,0.00031030329624275304,0.0001405823306354183,0.0002714309085196444,0.0
0.1992376500292039,0.0003163602436561,0.00014639981005429707,0.0002716588515293407,0.0
0.19935646462740786,0.00032243438469453314,0.0001522286402242707,0.00027189510035547683,0.0
0.1994752792256118,0.0003285235644746245,0.00015806834378489558,0.00027213911160605466,0.0
0.19959409382381577,0.00033462606562795476,0.00016391846535038197,0.00027239034146126905,0.0
0.19977482716261105,0.000343931455952459,0.000172836349201219,0.0002727852797764574,0.0
0.19995556050140634,0.000353261218591836,0.00018177616074539443,0.0002731942943038561,0.0
0.20013629384020162,0.00036261293275626557,0.0001907368533230114,0.0002736160814597135,0.0
0.2003170271789969,0.0003719848181642969,0.00019971748887419912,0.0002740494656454337,0.0
0.2004977605177922,0.00038137555209104686,0.00020871722496388492,0.0002744933820199374,0.0
0.20067849385658748,0.00039078416600399444,0.0002177353308873791,0.0002749468940481168,0.0
0.20101448441078226,0.00040832027664847555,0.0002345470472136027,0.0002758127301075038,0.0
0.20135047496497707,0.00042591215626397227,0.00025141667762917805,0.0002767044450521028,0.0
0.20168646551917185,0.0004435569991831282,0.00026834138635190144,0.00027761832439667124,0.0
0.20202245607336664,0.00046125265714297913,0.00028531878452737146,0.0002785512633994785,0.0
0.20235844662756144,0.00047899762682652883,0.0003023469422858609,0.00027950076190542413,0.0
0.20269443718175623,0.0004967907702307974,0.000319424322999606,0.00028046483279241453,0.0
0.20317476910918503,0.0005223094495779604,0.00034392109988054347,0.0002818652182261154,0.0
0.20357037896872593,0.0005433974534961752,0.0003641684809646158,0.0002830358644502931,0.0
0.2039659888282668,0.0005645477506538391,0.0003844788510082128,0.0002842204163868515,0.0
0.20436159868780768,0.0005857595344162133,0.00040485109915015414,0.00028541769758036977,0.0
0.20475720854734855,0.0006070321255067549,0.0004252843325649533,0.0002866268291007884,0.0
0.20515281840688943,0.0006283648135119913,0.0004457777548566134,0.00028784718788768326,0.0
0.20566768395279184,0.0006562171136274657,0.00047253783892750204,0.0002894514387157443,0.0
0.20618254949869425,0.0006841688987240449,0.0004993973217760703,0.0002910731513900836,0.0
0.20669741504459663,0.0007122191556066597,0.0005263550640898701,0.00029271180520705123,0.0
0.20721228059049904,0.0007403669618238796,0.0005534099927337722,0.0002943670857914734,0.0
0.20772714613640145,0.0007686114055510191,0.0005805611469783955,0.00029603870039403095,0.0
0.20842159058084586,0.0008068587269602415,0.0006173331088139311,0.0002983187901500418,0.0
0.2091160350252903,0.0008452783358311995,0.0006542764303572838,0.0003006274600775235,0.0
0.20981047946973475,0.0008838685247093814,0.0006913892614069764,0.0003029639339860213,0.0
0.2105049239141792,0.000922627830888336,0.0007286700870833267,0.00030532714289433627,0.0
0.21119936835862363,0.00096155507649492,0.0007661176649247823,0.00030771581543225115,0.0
0.21189381280306804,0.0010006494013892699,0.0008037309719180606,0.00031012858720335843,0.0
0.21258825724751249,0.0010399103164560586,0.000841509703850251,0.0003125635247441385,0.0
0.21328270169195693,0.001079337756967385,0.0008794539571532553,0.00031501859741768935,0.0
0.21397714613640137,0.0011189321126135827,0.0009175632606758592,0.0003174927832677264,0.0
0.2146715905808458,0.001158694097079716,0.0009558378654587185,0.0003199845788060489,0.0
0.21536603502529025,0.001198624680054199,0.0009942810177700828,0.00032248961053274136,0.0
0.21606047946973467,0.0012387255228778966,0.0010328955789191986,0.0003250045371642954,0.0
0.2167549239141791,0.0012789990921446513,0.001071678175497341,0.0003275332784181702,0.0
0.21744936835862355,0.0013194468813439127,0.0011106325842800558,0.0003300720601613691,0.0
0.218143812803068,0.0013600714652723656,0.0011497663737465088,0.0003326138537809534,0.0
0.21883825724751244,0.0014008766838594059,0.0011890796429510418,0.0003351604381797588,0.0
0.21953270169195685,0.0014418652713187497,0.0012285723729523518,0.0003377134398912669,0.0
0.2202271461364013,0.0014830396493342023,0.0012682533577219146,0.0003402651969434188,0.0
0.22092159058084573,0.0015244035833895226,0.0013081344432334888,0.0003428056986111625,0.0
0.22105695480278795,0.0015324909282358823,0.0013159218777576381,0.0003433106276418893,0.0
0.22108212789558912,0.0015339955521723584,0.001317370659425757,0.000343404830599388,0.0
0.22110730098839032,0.0015355000671268223,0.001318820987236237,0.00034349760653996876,0.0
0.22113247408119152,0.0015370047879858218,0.0013202719599164133,0.000343589899696521,0.0
0.2211576471739927,0.0015385098508193093,0.0013217231013753193,0.00034368223795083145,0.0
0.22120799335959504,0.001541520858474804,0.0013246260620952293,0.00034386695880166655,0.0
0.22125833954519739,0.001544532992275904,0.0013275298754271436,0.0003440518637846503,0.0
0.22130868573079973,0.0015475461522626152,0.0013304347739427202,0.0003442367251462218,0.0
0.22135903191640208,0.0015505603388232063,0.001333340771006976,0.0003444215165215969,0.0
0.22150025593142944,0.0015590208981183843,0.0013414978070331262,0.0003449398031253615,0.0
0.22164147994645678,0.0015674896791543333,0.0013496630370797116,0.0003454579611228943,0.0
0.22178270396148414,0.0015759666695781879,0.0013578364785138259,0.0003459759965322246,0.0
0.22192392797651148,0.0015844518778348803,0.0013660181746077988,0.0003464938850555963,0.0
0.22237042545369487,0.001611333253211151,0.001391940194896197,0.00034813019798145,0.0
0.22281692293087826,0.0016382980252775822,0.0014179461400498437,0.000349764473455182,0.0
0.22326342040806169,0.0016653473094192727,0.001444037180469284,0.000351396398894685,0.0
0.22370991788524508,0.0016924820616029852,0.001470215037194196,0.000353025041214817,0.0
0.22425234811534886,0.00172556364227157,0.0015021345151818887,0.0003550002364532532,0.0
0.22479477834545267,0.0017587751281700472,0.0015341831811919852,0.00035697265257078983,0.0
0.22533720857555647,0.0017921173309189355,0.0015663665051935734,0.0003589377191149392,0.0
0.22587963880566025,0.0018255922082063875,0.0015986875391143314,0.00036089382362608225,0.0
0.22642206903576406,0.0018592034241327346,0.0016311430010304522,0.0003628468100305945,0.0
0.22709995865825444,0.0019014008778008653,0.0016718983922418098,0.0003652792487924111,0.0
0.22777784828074482,0.0019438150038647327,0.0017128765337285855,0.0003676984281577198,0.0
0.2284557379032352,0.0019864496033174654,0.0017540809395165421,0.0003701039976140583,0.0
0.22913362752572558,0.0020293083301023127,0.0017955126581808692,0.0003724981618325178,0.0
0.22981151714821596,0.0020723937709324026,0.0018371764692847728,0.00037487873687398965,0.0
0.23048940677070634,0.002115708714589061,0.0018790790244225452,0.0003772415094347387,0.0
0.23116729639319672,0.002159256628008106,0.0019212218421566824,0.0003795879442568528,0.0
0.2318451860156871,0.002203040360742025,0.0019636036745857965,0.00038192202581566426,0.0
0.2325396304601315,0.0022481394918968836,0.002007274538345969,0.00038429592787336293,0.0
0.23323407490457596,0.0022934901012935383,0.002051212757804763,0.00038664407972386635,0.0
0.2339285193490204,0.0023390959587956408,0.0020954179800398956,0.0003889698479863637,0.0
0.23462296379346484,0.0023849599143833753,0.002139880696142504,0.0003912855194247068,0.0
0.23518285965121258,0.0024221243282090766,0.0021759259546650232,0.0003931351685824563,0.0
0.23574275550896034,0.0024594574230355254,0.0022121538526231085,0.00039496363001971394,0.0
0.23630265136670808,0.002496962345305597,0.002248557193570032,0.0003967805389529677,0.0
0.23686254722445585,0.0025346378065117785,0.002285137072044987,0.00039858477971000403,0.0
0.2374224430822036,0.002572483587188502,0.0023218986520704564,0.00040037067124991556,0.0
0.2380771609705657,0.002616957309929979,0.0023651164370231737,0.00040243732929497156,0.0
0.2387318788589278,0.0026616670026774845,0.0024085837520837414,0.0004044803752845665,0.0
0.2393865967472899,0.002706614534741627,0.0024522999681468975,0.00040650080969573154,0.0
0.240041314635652,0.002751797313694839,0.0024962693343949975,0.0004084946759399652,0.0
0.2406960325240141,0.0027972200937038125,0.002540488244054558,0.00041046443792501215,0.0
0.2413507504123762,0.0028428746255002636,0.00258496514428672,0.0004124042970648867,0.0
0.2420054683007383,0.0028887706441418776,0.002629691333898059,0.0004143189011063546,0.0
0.2426601861891004,0.002934905165458131,0.002674670994323245,0.00041620485234058325,0.0
0.24331490407746248,0.0029812749276485052,0.002719905989386001,0.000418060895077102,0.0
0.24396962196582458,0.003027877639619547,0.0027653960779350107,0.00041988674952538285,0.0
0.2446243398541867,0.003074716366102714,0.002811138544374324,0.0004216816939767304,0.0
0.24531878429863113,0.0031246489735029036,0.002859936569361806,0.000423549403194824,0.0
0.24601322874307555,0.003174847245731161,0.002909015579317084,0.0004253806190345893,0.0
0.24670767318752,0.0032253072046171402,0.0029583765344086566,0.00042717308943828424,0.0
0.24740211763196443,0.003276021254245599,0.003008021643456441,0.0004289265106793499,0.0
0.24809656207640887,0.003326987604693291,0.003057948668656668,0.000430638950187522,0.0
0.24879100652085331,0.0033782083389562938,0.0031081523513566372,0.000432310211351725,0.0
0.24948545096529776,0.0034296794732026166,0.0031586325946714932,0.0004339368682105087,0.0
0.25017989540974217,0.003481394893526072,0.0032093881392355676,0.00043551974542758537,0.0
0.2508743398541866,0.0035333529252376435,0.0032604148742359606,0.0004370576210332935,0.0
0.25156878429863105,0.003585549842686796,0.0033117101131292822,0.0004385487737564229,0.0
0.2522632287430755,0.0036379812591080356,0.0033632709403736308,0.0004399919350715065,0.0
0.25295767318751994,0.0036906427348608346,0.0034150937287978525,0.00044138606534021,0.0
0.2536521176319644,0.00374352955701197,0.0034671746653115194,0.00044272985379606477,0.0
0.2543465620764088,0.003796636722579307,0.003519509738278573,0.00044402193392654196,0.0
0.2550410065208532,0.0038499589482555263,0.0035720944978858576,0.0004452611302557969,0.0
0.25573545096529765,0.0039034905674696896,0.0036249240193390927,0.0004464464161800626,0.0
0.2564298954097421,0.003957225506769065,0.0036779937649376693,0.0004475758761571004,0.0
0.25712433985418653,0.0040111576207369675,0.003731298768143599,0.0004486479222578165,0.0
0.257818784298631,0.004065280789592499,0.003784831934470756,0.00044966312547199016,0.0
0.2585132287430754,0.004119587742971985,0.0038385865739464383,0.00045062068672767065,0.0
0.25920767318751986,0.004174070065531528,0.003892559547788696,0.0004515153384472724,0.0
0.2599021176319643,0.004228721217968171,0.003946745322839585,0.0004523452317400061,0.0
0.26059656207640874,0.004283535877728475,0.0040011301858453975,0.00045311740484763806,0.0
0.2612910065208532,0.004338503316035703,0.0040557050410826015,0.0004538312636507991,0.0
0.26198545096529763,0.004393609645673572,0.0041104768570365754,0.00045446768673201415,0.0
0.262679895409742,0.004448854541356584,0.0041654326008852376,0.0004550342386108001,0.0
0.26337433985418646,0.004504230648446316,0.004220550498437792,0.0004555459580926355,0.0
0.2640687842986309,0.004559716799235593,0.0042758354925859126,0.0004559811550857373,0.0
0.2646294405463857,0.004604587092862947,0.0043205922326802915,0.0004562671155450494,0.0
0.26519009679414046,0.004649537708722435,0.004365424665859201,0.0004565350620361596,0.0
0.2652948148235144,0.004657937516114819,0.004373810282156809,0.00045657871758747617,0.0
0.2653995328528883,0.004666338092602005,0.004382201031789224,0.0004566168266974899,0.0
0.26550425088226226,0.004674742582070896,0.0043905930183413865,0.0004566548988395528,0.0
0.26560896891163616,0.004683149524362909,0.004398987381722704,0.00045669274636381317,0.0
0.26571368694101005,0.004691557791297317,0.00440738541700241,0.00045672850982759507,0.0
0.2658917403984705,0.004705858836943461,0.004421671662260012,0.0004567853363358541,0.0
0.266069793855931,0.004720165324751651,0.004435966460200721,0.00045683659020710315,0.0
0.26624784731339146,0.004734476930086358,0.004450269462631565,0.0004568831292590308,0.0
0.26642590077085193,0.004748793331192684,0.004464580587920978,0.00045692499727847334,0.0
0.2668384047973644,0.004781978499250606,0.004497766300857676,0.0004570030325498557,0.0
0.2672509088238769,0.004815186339710909,0.004530992654360368,0.00045705444401276875,0.0
0.2676634128503894,0.004848414382878581,0.0045642572315316,0.00045707900419496343,0.0
0.26807591687690197,0.004881660119554126,0.004597557854141619,0.0004570763538206633,0.0
0.2687703613213464,0.004937662062065927,0.004653694290236362,0.00045700952537422197,0.0
0.2694648057657908,0.004993694380343995,0.004709914313995332,0.00045686402635255737,0.0
0.27015925021023524,0.005049746128877037,0.004766207911744684,0.00045663784475949204,0.0
0.2708536946546797,0.005105804942551361,0.004822562630884463,0.0004563308994048628,0.0
0.2715481390991241,0.005161856744049737,0.004878965472919184,0.00045594218305145256,0.0
0.27224258354356856,0.005217887620951864,0.004935404233061165,0.0004554696545007718,0.0
0.272937027988013,0.005273884386406594,0.004991866281429577,0.0004549121204597402,0.0
0.27363147243245745,0.005329833483098,0.0050483380610509936,0.00045426913145555823,0.0
0.2743259168769019,0.0053857204419957855,0.005104805813778949,0.00045353977329891176,0.0
0.27502036132134633,0.005441530420346284,0.005161255828569885,0.0004527226676823978,0.0
0.27571480576579077,0.005497248619796064,0.005217673982442847,0.0004518167312979822,0.0
0.27640925021023516,0.005552860047268692,0.005274045613584673,0.00045082122628539126,0.0
0.2771036946546796,0.00560834925357392,0.0053303558413641365,0.0004497352833118377,0.0
0.27779813909912404,0.005663700456677722,0.005386589650739392,0.00044855785837309405,0.0
0.2784925835435685,0.005718897718033565,0.005442731670551304,0.0004472880513878115,0.0
0.2791870279880129,0.005773924884097059,0.0054987661351613175,0.00044592513182103197,0.0
0.27988147243245737,0.005828765488517183,0.005554677069195273,0.00044446831034872393,0.0
0.2805759168769018,0.005883402810607993,0.0056104483211778374,0.000442916735870584,0.0
0.28127036132134625,0.005937819957844304,0.005666063422196459,0.00044126968159774227,0.0
0.2819648057657907,0.00599199982898775,0.00572150558094016,0.0004395265377590414,0.0
0.28265925021023514,0.006045924943362651,0.005776758008694079,0.00043768642165955163,0.0
0.2833536946546795,0.006099578004546528,0.005831803252023267,0.000435749058730949,0.0
0.28404813909912396,0.006152941211581884,0.005886623963219141,0.00043371382345125126,0.0
0.2847425835435684,0.006205996626083137,0.005941202615474412,0.0004315800604860237,0.0
0.28543702798801285,0.00625872623863102,0.0059955213413882555,0.0004293473628292782,0.0
0.2861314724324573,0.0063111118372816835,0.006049562130794021,0.00042701530145671093,0.0
0.28682591687690173,0.006363135070243477,0.006103306853608763,0.00042458344132018035,0.0
0.2875203613213462,0.006414777508964372,0.0061567371647920375,0.0004220514719871992,0.0
0.2882148057657906,0.0064660205893561275,0.0062098345593702125,0.00041941913428551584,0.0
0.28890925021023506,0.006516845625915586,0.006262580441062114,0.0004166861571714604,0.0
0.2896036946546795,0.006567233880141561,0.006314956086849399,0.00041385234275507436,0.0
0.29029813909912394,0.006617166561014936,0.006366942630369485,0.00041091759107358283,0.0
0.29099258354356833,0.006666624793602266,0.006418521130663855,0.0004078818231475264,0.0
0.29168702798801277,0.006715589662052773,0.006469672595310902,0.0004047449810310243,0.0
0.2923814724324572,0.006764042257100655,0.0065203779438160045,0.0004015071007742379,0.0
0.29307591687690165,0.006811963661498072,0.006570618027544305,0.00039816829428456033,0.0
0.2937703613213461,0.006859334938746515,0.006620373697476126,0.00039472868693615206,0.0
0.29446480576579054,0.006906137188253836,0.0066696257976209565,0.0003911884532200952,0.0
0.295159250210235,0.006952351575513267,0.006718355134706087,0.0003875478731171215,0.0
0.2958536946546794,0.006997959309278234,0.006766542529847553,0.00038380727821881366,0.0
0.29654813909912386,0.0070429416508692175,0.006814168876498176,0.0003799670117185282,0.0
0.2972425835435683,0.007087279981534515,0.00686121509804874,0.0003760275062712524,0.0
0.2979370279880127,0.007130955788665153,0.006907662171368406,0.00037198926642872856,0.0
0.29863147243245713,0.007173950672211558,0.006953491162106516,0.00036785284156774686,0.0
0.2993259168769016,0.00721624637936207,0.006998683238220619,0.0003636188416827276,0.0
0.300020361321346,0.0072578248222234945,0.0070432196828015365,0.00035928794316489885,0.0
0.30071480576579046,0.007298668086344161,0.007087081911791828,0.00035486088206704644,0.0
0.3014092502102349,0.0073387584472370485,0.007130251492544131,0.00035033845247011135,0.0
0.30210369465467934,0.00737807839203092,0.007172710161079865,0.000345721509738782,0.0
0.3027981390991238,0.007416610637286365,0.007214439838268381,0.0003410109720324138,0.0
0.30349258354356823,0.007454338142986803,0.007255422646882874,0.00033620781853989964,0.0
0.30418702798801267,0.0074912441279223535,0.007295640929580343,0.00033131308775384425,0.0
0.30488147243245706,0.007527312087820858,0.007335077265903571,0.0003263278780952818,0.0
0.3055759168769015,0.007562525812794635,0.0073737144882730825,0.00032125334895682467,0.0
0.30627036132134594,0.007596869402375815,0.007411535698683009,0.0003160907197947873,0.0
0.3069648057657904,0.007630327280314454,0.007448524285840148,0.0003108412685625931,0.0
0.3076592502102348,0.007662884210745491,0.007484663941377372,0.000305506331460641,0.0
0.30835369465467927,0.0076945253142239175,0.007519938675266528,0.00030008730317225264,0.0
0.3090481390991237,0.007725236082234185,0.007554332831705688,0.0002945856359061408,0.0
0.30974258354356815,0.007755002391232857,0.007587831104982288,0.00028900283805539213,0.0
0.3104370279880126,0.007783810522455187,0.00762041854857521,0.00028334048009699003,0.0
0.31113147243245703,0.007811647154478287,0.00765208061146006,0.00027760016948314434,0.0
0.3118259168769015,0.007838499408221384,0.007682803124308922,0.00027178358158382314,0.0
0.31252036132134586,0.007864354842014785,0.00771257232512303,0.00026589244646861137,0.0
0.3132148057657903,0.007889201461814651,0.0077413748773214495,0.0002599285394437383,0.0
0.31390925021023475,0.007913027739512904,0.007769197878566512,0.0002538936879004438,0.0
0.3146036946546792,0.007935822623850206,0.007796028872957937,0.0002477897700117833,0.0
0.31529813909912363,0.007957575549017255,0.007821855864747545,0.00024161871067803793,0.0
0.3159925835435681,0.007978276445901933,0.007846667329373629,0.0002353824812290233,0.0
0.3166870279880125,0.00799791575256822,0.00787045222414785,0.00022908309875552856,0.0
0.31738147243245696,0.008016484423232986,0.007893199999266525,0.00022272262389019362,0.0
0.3180759168769014,0.008033973936713838,0.007914900607730091,0.0002163031592979881,0.0
0.31877036132134584,0.008050376304537763,0.007935544514513561,0.00020982684834690545,0.0
0.3194648057657903,0.008065684078299499,0.00795512270549696,0.00020329587328434413,0.0
0.3201592502102348,0.008079890356550153,0.007973626695694881,0.00019671245348124597,0.0
0.3208536946546792,0.008092988791011136,0.007991048536654513,0.00019007884387691623,0.0
0.3215481390991237,0.008104973591929736,0.008007380823367324,0.00018339733313324074,0.0
0.32224258354356816,0.008115839532785727,0.008022616700646091,0.00017667024166035216,0.0
0.32293702798801266,0.008125581954548123,0.008036749868627737,0.00016989991984014342,0.0
0.3236314724324571,0.008134196769224281,0.008049774587679972,0.0001630887461730288,0.0
0.3243259168769016,0.008141680464381521,0.008061685681181912,0.00015623912665929185,0.0
0.32502036132134604,0.008148030097837152,0.008072478545061967,0.00014935348728437834,0.0
0.32571480576579054,0.008153243309736137,0.00808214914233294,0.00014243427959252213,0.0
0.326409250210235,0.008157318317681886,0.008090694009396385,0.00013548397557374932,0.0
0.3271036946546795,0.008160253916104289,0.008098110258527426,0.00012850506365955775,0.0
0.327798139099124,0.008162049477233022,0.00810439557726622,0.00012150004876644704,0.0
0.3284925835435684,0.008162704949570327,0.008109548228698476,0.00011447144992114843,0.0
0.3291870279880129,0.008162220855552902,0.0081135670514178,0.00010742179752437197,0.0
0.32988147243245736,0.00816059828922202,0.008116451458076891,0.00010035363171349047,0.0
0.33057591687690185,0.00815783891293742,0.008118201433452833,9.326950027785941e-05,0.0
0.3312703613213463,0.00815394495329792,0.008118817532129024,8.617195624151155e-05,0.0
0.3319648057657908,0.008148919196685705,0.008118300875317539,7.906355587501568e-05,0.0
0.33265925021023524,0.008142764984142294,0.008116653146978042,7.194685664783305e-05,0.0
0.33335369465467973,0.008135486205482326,0.008113876589473382,6.482441497897667e-05,0.0
0.3340481390991242,0.008127087292942078,0.008109973998555063,5.7698784126762065e-05,0.0
0.3347425835435687,0.008117573214252046,0.008104948717670942,5.057251215582041e-05,0.0
0.3354370279880131,0.00810694946511187,0.008098804631778336,4.344813980117636e-05,0.0
0.3361314724324576,0.008095222061107105,0.008091546160539819,3.632819838111022e-05,0.0
0.3368259168769021,0.008082397529087581,0.008083178250970722,2.9215207757243826e-05,0.0
0.33752036132134655,0.008068482898118743,0.008073706369529516,2.2111674308465235e-05,0.0
0.33821480576579105,0.008053485686201413,0.008063136495883286,1.5020086824676325e-05,0.0
0.3389092502102355,0.008037413903667192,0.008051475105481301,7.942922253352801e-06,0.0
0.33960369465468,0.008020276025302359,0.008038729172259397,8.826339355576663e-07,0.0
0.33960508354356883,0.008020240825964435,0.008038702556960948,8.685831113540435e-07,0.0
0.33960647243245773,0.008020205616528902,0.008038675941390027,8.545303673008732e-07,0.0
0.33960786132134657,0.008020170397311172,0.008038649325305526,8.404757965911747e-07,0.0
0.33960925021023547,0.008020135168637806,0.008038622708489781,8.264194753211376e-07,0.0
0.3396106390991243,0.008020099930792045,0.008038596090727974,8.12361487052155e-07,0.0
0.3396134168769021,0.008020029159465153,0.008038542929122138,7.841413320317908e-07,0.0
0.3396161946546799,0.008019958373970633,0.008038489748268235,7.55922020889915e-07,0.0
0.33961897243245776,0.008019887575786073,0.008038436547156327,7.277041097027837e-07,0.0
0.3396467502102355,0.00801917884227262,0.008037903493993734,4.4557798612501465e-07,0.0
0.3396745279880133,0.00801846860449773,0.008037368600765659,1.6354045655652874e-07,0.0
0.3397023057657911,0.008017756744883637,0.008036831944448822,-2.131335256497669e-07,0.0
0.3397300835435688,0.008017043218304154,0.008036293574347887,-7.199245944844349e-07,0.0
0.3397578613213466,0.008016328023631586,0.008035753528567677,-1.2250698322817204e-06,0.0
0.3397856390991244,0.008015611182357838,0.008035211843312158,-1.7281025190118114e-06,0.0
0.3398403643888608,0.008014194434911776,0.008034140156245118,-2.7120160653173402e-06,0.0
0.3398950896785972,0.008012771739597725,0.008033062537531686,-3.6860540446809343e-06,0.0
0.3399498149683336,0.008011343308444892,0.008031979177128184,-4.650102886816418e-06,0.0
0.3400433452177011,0.008008888860002514,0.008030114484830642,-6.2748314689285944e-06,0.0
0.34013687546706856,0.008006418968048034,0.008028234111873072,-7.87190144544889e-06,0.0
0.34023040571643604,0.008003934723459375,0.008026338956008761,-9.442689631669286e-06,0.0
0.3403239359658035,0.00800143652897776,0.008024429420188913,-1.098807864666005e-05,0.0
0.3404899236382079,0.007996968859666005,0.008021005550284274,-1.367101147483169e-05,0.0
0.3406559113106123,0.007992457817445764,0.008017537371469204,-1.628225416203022e-05,0.0
0.3408218989830167,0.007987903061954637,0.008014024859784311,-1.8827006692230843e-05,0.0
0.34098788665542107,0.007983303845374408,0.008010467590989988,-2.1310053049840502e-05,0.0
0.3413189113711121,0.007973995280371191,0.008003237183126646,-2.6094915957711023e-05,0.0
0.34164993608680316,0.007964498357748496,0.007995820145116794,-3.068358245284312e-05,0.0
0.3419809608024942,0.007954805152539934,0.007988209475905299,-3.5102975986793435e-05,0.0
0.3423119855181852,0.007944909337699516,0.007980398891164545,-3.9375884306654224e-05,0.0
0.3426430102338763,0.007934805998970737,0.007972383187286195,-4.352224329223909e-05,0.0
0.3429740349495673,0.007924491148040908,0.007964157723930696,-4.755900057737362e-05,0.0
0.3433050596652583,0.007913961378542778,0.007955718344699981,-5.1500531865628645e-05,0.0
0.34363608438094934,0.007903213919595475,0.007947061519069756,-5.535916164374058e-05,0.0
0.34408192497247614,0.007888391153997996,0.007935053439975838,-6.04432744771318e-05,0.0
0.34452776556400294,0.007873166627911392,0.00792264043384944,-6.541719372665097e-05,0.0
0.34497360615552974,0.007857538641173178,0.007909818687236423,-7.029720202566757e-05,0.0
0.3454194467470565,0.007841506162535723,0.007896585840531174,-7.50985124332892e-05,0.0
0.3458652873385833,0.0078250695123596,0.007882939955807052,-7.982807073268303e-05,0.0
0.3463111279301101,0.007808228308446122,0.00786888160209803,-8.450403886048913e-05,0.0
0.3467569685216369,0.0077909871799417465,0.007854408066345818,-8.911118486659142e-05,0.0
0.3468390843423664,0.0077877670591792745,0.007851698133866322,-8.995849610034567e-05,0.0
0.3469212001630959,0.0077845332863459024,0.007848974404680437,-9.080738724451335e-05,0.0
0.3470033159838254,0.00778128670593476,0.007846236038758865,-9.165114614911489e-05,0.0
0.3470854318045549,0.007778026743373818,0.007843483492019337,-9.249062040885885e-05,0.0
0.34716754762528446,0.007774753028327067,0.007840717175864358,-9.332900404701088e-05,0.0
0.34732433592302675,0.007768464816512943,0.00783539661368923,-9.492583813123589e-05,0.0
0.34748112422076904,0.007762127547518827,0.007830025333040766,-9.65194644622221e-05,0.0
0.3476379125185114,0.007755741297866738,0.00782460334119046,-9.810777009959348e-05,0.0
0.3477947008162537,0.007749306118969958,0.00781913075404376,-9.969046168705078e-05,0.0
0.3481371064040606,0.00773508294953615,0.007807003850700209,-0.00010313003593573548,0.0
0.3484795119918675,0.007720628427610211,0.007794637133348903,-0.00010654763212717543,0.0
0.3488219175796744,0.007705944036394186,0.0077820317597548155,-0.00010994433830640243,0.0
0.34916432316748125,0.007691031234402662,0.0077691889397116555,-0.00011332080932541462,0.0
0.34977429628497486,0.00766390383568196,0.007745725939264729,-0.00011928740462411238,0.0
0.3503842694024684,0.007636066125812963,0.007721521713621973,-0.00012519427981855564,0.0
0.350994242519962,0.007607526408147746,0.007696583948572301,-0.00013104273716764008,0.0
0.3516042156374556,0.007578294330789204,0.007670921263352277,-0.0001368338442843962,0.0
0.35221418875494914,0.007548380483707957,0.007644543259396073,-0.00014256804010240903,0.0
0.3529086331993936,0.007513507639842808,0.007613653697514904,-0.00014902675937800684,0.0
0.3536030776438381,0.0074777806087737535,0.007581863969375109,-0.00015541133422875114,0.0
0.3542975220882825,0.007441215120490053,0.007549188732081715,-0.00016172077019249227,0.0
0.354991966532727,0.007403827207072743,0.007515643229620734,-0.00016795481638374812,0.0
0.3556864109771715,0.007365633265955331,0.007481242836483608,-0.0001741115915597961,0.0
0.35638085542161596,0.0073266500240598675,0.00744600340934597,-0.00018019127158849845,0.0
0.35707529986606046,0.0072868942450511525,0.007409940823478937,-0.00018619082671136907,0.0
0.3577697443105049,0.0072463830178678915,0.007373071280822385,-0.0001921119554513688,0.0
0.3584641887549494,0.007205133041241205,0.007335411118594819,-0.00019794946992436987,0.0
0.35915863319939384,0.007163162109131951,0.007296976642338588,-0.00020370826186995563,0.0
0.35985307764383834,0.007120486267771708,0.007257784933124647,-0.00020937871788792234,0.0
0.3605475220882828,0.007077125167369278,0.007217851661221138,-0.00021497208134438586,0.0
0.3612419665327273,0.007033093453512936,0.0071771950306227985,-0.00022047487137298884,0.0
0.3619364109771717,0.006988411038398683,0.007135830563998102,-0.00022589500666138094,0.0
0.3626308554216162,0.006943090424208968,0.007093778031042564,-0.0002312195051885336,0.0
0.36332529986606066,0.0068971566930186076,0.007051050236822074,-0.0002364644753429429,0.0
0.36401974431050516,0.006850622805278815,0.0070076668051198875,-0.00024162073158158758,0.0
0.36471418875494965,0.006803506231164215,0.006963644717326721,-0.00024668585895098934,0.0
0.3654086331993941,0.0067558251148303215,0.006919000683116721,-0.0002516618359524412,0.0
0.3661030776438386,0.006707596808617246,0.00687375185436583,-0.0002565477933267026,0.0
0.36679752208828303,0.006658838580361359,0.006827915344736891,-0.00026134273673685936,0.0
0.36749196653272753,0.006609567715240972,0.0067815081837956865,-0.0002660465970856342,0.0
0.368186410977172,0.00655980139482685,0.006734547367658524,-0.000270659024319715,0.0
0.36888085542161647,0.006509556712719635,0.00668704984064912,-0.00027517955877097287,0.0
0.3695752998660609,0.006458850667887066,0.006639032486160151,-0.0002796080012446076,0.0
0.3702697443105054,0.006407700145677692,0.006590512105598258,-0.0002839441786543374,0.0
0.37096418875494985,0.006356121904431637,0.0065415054059355035,-0.000288187896780809,0.0
0.37165863319939435,0.006304132565904493,0.006492028997178188,-0.00029233906475101387,0.0
0.3723530776438388,0.006251748608605324,0.006442099379439364,-0.00029639765512794804,0.0
0.3730475220882833,0.00619898636136527,0.006391732928030636,-0.0003003636595915818,0.0
0.3737419665327278,0.0061458619886615076,0.006340945887935425,-0.0003042371295722913,0.0
0.37443641097717223,0.006092391377027331,0.00628975437554266,-0.0003080182023074659,0.0
0.3751308554216167,0.006038590445562892,0.006238174304488751,-0.0003117069947413289,0.0
0.37582529986606117,0.0059844748501826075,0.006186221503503745,-0.00031530367675615265,0.0
0.37651974431050567,0.0059300600366058,0.006133911639296905,-0.00031880856027950645,0.0
0.3772141887549501,0.005875361223167858,0.006081260103323242,-0.00032222190316249816,0.0
0.3779086331993946,0.005820393338479186,0.0060282821730695945,-0.000325544021178037,0.0
0.37860307764383905,0.005765171204637595,0.005974992948167218,-0.0003287753107939256,0.0
0.37929752208828355,0.005709709435865813,0.0059214073147644125,-0.000331916182171048,0.0
0.379991966532728,0.005654022379591787,0.005867539940924241,-0.00033496708267756687,0.0
0.3806864109771725,0.005598124118448448,0.005813405297461295,-0.0003379285169385493,0.0
0.3813808554216169,0.005542028528661346,0.005759017639224718,-0.00034080101640630205,0.0
0.3820752998660614,0.005485749254683242,0.005704390998170623,-0.00034358514248284473,0.0
0.3827697443105059,0.005429299685289248,0.005649539177640344,-0.0003462815021811971,0.0
0.38346418875495036,0.005372692933767778,0.0055944757526286545,-0.0003488907346782404,0.0
0.38415863319939486,0.00531594187180467,0.005539214056763846,-0.00035141350629803097,0.0
0.3848530776438393,0.005259059104657674,0.005483767188676386,-0.0003538505208887594,0.0
0.3855475220882838,0.005202056998124791,0.0054281479957692886,-0.000356202511628935,0.0
0.38624196653272824,0.005144947612782823,0.005372369087220624,-0.0003584702371234047,0.0
0.38693641097717274,0.0050877427923015925,0.005316442803910871,-0.00036065448688066677,0.0
0.3876308554216172,0.005030454013009016,0.0052603812609038954,-0.00036275608164154367,0.0
0.3883252998660617,0.004973092658759667,0.005204196264967639,-0.00036477585723816616,0.0
0.3890197443105061,0.004915669503691753,0.0051478994564352395,-0.0003667146862677819,0.0
0.3897141887549506,0.0048581957102957095,0.0050915020341049085,-0.00036857344909566086,0.0
0.39040863319939506,0.004800680775607757,0.005035015297002439,-0.00037035308373409336,0.0
0.39110307764383956,0.004743136155991159,0.004978449658768771,-0.00037205448765590993,0.0
0.39179752208828406,0.004685570995975764,0.004921815987783102,-0.00037367863072925253,0.0
0.3924919665327285,0.004627994941046428,0.004865124388813497,-0.0003752264888317429,0.0
0.393186410977173,0.004570417280415161,0.004808384826044461,-0.0003766990515348435,0.0
0.39388085542161744,0.004512847127386964,0.004751607044518928,-0.0003780973305404971,0.0
0.39457529986606193,0.004455293244268698,0.004694800506944387,-0.00037942234688188007,0.0
0.3952697443105064,0.004397764159808993,0.004637974366929474,-0.0003806751369118847,0.0
0.3959641887549509,0.004340268010381387,0.0045811375458926235,-0.0003818567566346625,0.0
0.3966586331993953,0.0042828127691552816,0.004524298669454111,-0.0003829682720468968,0.0
0.3973530776438398,0.004225406034022061,0.0044674661198916875,-0.0003840107601549482,0.0
0.39804752208828426,0.0041680550296042465,0.004410647967312234,-0.00038498528698434266,0.0
0.39874196653272875,0.004110766992684192,0.004353852043301509,-0.0003858930296219103,0.0
0.39943641097717325,0.0040535487994937495,0.004297086010441342,-0.0003867351078496252,0.0
0.4001308554216177,0.003996407390230701,0.004240357069803705,-0.00038751243720897834,0.0
0.4008252998660622,0.00393934873015502,0.004183672211744651,-0.0003882262004568576,0.0
0.40151974431050663,0.0038823788711098654,0.004127038309400179,-0.0003888778453050144,0.0
0.40221418875495113,0.0038255027436094303,0.004070462018042142,-0.00038946827990837845,0.0
0.40290863319939557,0.003768728010802193,0.004013949071110548,-0.00038999820399527517,0.0
0.40360307764384007,0.003712057770824829,0.003957506110379394,-0.00039046955541224154,0.0
0.4042975220882845,0.0036554985840521422,0.0039011386192178217,-0.00039088364474988653,0.0
0.404991966532729,0.003599052613971071,0.0038448519440359543,-0.0003912401874122041,0.0
0.40568641097717345,0.003542726331049296,0.003788651049882175,-0.00039154141595945034,0.0
0.40638085542161795,0.0034865240804654823,0.0037325416930686335,-0.00039178872216815623,0.0
0.4070752998660624,0.0034304505150179443,0.0036765282106186164,-0.00039198262154791527,0.0
0.4077697443105069,0.003374507658286975,0.0036206150847979575,-0.0003921245191440895,0.0
0.4084641887549514,0.0033187007182826573,0.0035648062984957275,-0.0003922155218470615,0.0
0.4091586331993958,0.003263029022160362,0.0035091069252560633,-0.00039225712529703855,0.0
0.4098530776438403,0.003207504498381306,0.003453518787337598,-0.00039225010083395405,0.0
0.41054752208828477,0.003152119044672769,0.003398048148821409,-0.00039219571154763545,0.0
0.41124196653272926,0.003096877376661722,0.003342696605681636,-0.00039209511676849924,0.0
0.4119364109771737,0.003041790093831294,0.0032874668468803408,-0.0003919494498247507,0.0
0.4126308554216182,0.002986854767642071,0.0032323625939752725,-0.0003917598156331421,0.0
0.41332529986606265,0.0029320668987567315,0.003177386899935756,-0.00039152743584939403,0.0
0.41401974431050714,0.0028774353327674284,0.0031225409800488663,-0.0003912534550255189,0.0
0.4147141887549516,0.0028229660124100965,0.0030678275600859975,-0.00039093892619091066,0.0
0.4154086331993961,0.0027686510353866975,0.003013249816846306,-0.00039058498059304825,0.0
0.4161030776438405,0.0027144933360188955,0.0029588081310858863,-0.0003901928168114598,0.0
0.416797522088285,0.0026604947366619417,0.002904504582333632,-0.00038976353455743836,0.0
0.4174919665327295,0.0026066565655230908,0.0028503407017451948,-0.0003892982170225694,0.0
0.41818641097717396,0.002552981553534256,0.002796317661664476,-0.0003887979256707584,0.0
0.41888085542161846,0.0024994644841027226,0.0027424368624817913,-0.00038826380054521613,0.0
0.4195752998660629,0.002446109806431644,0.002688698278160103,-0.0003876969539327044,0.0
0.4202697443105074,0.002392916686235435,0.002635103264780439,-0.00038709842519381646,0.0
0.42096418875495184,0.0023398857070203974,0.002581652132398726,-0.00038646928948237407,0.0
0.42165863319939634,0.002287014347915199,0.0025283452660908087,-0.00038581061560689624,0.0
0.4223530776438408,0.002234304400398691,0.002475182527106801,-0.00038512346989730327,0.0
0.4230475220882853,0.0021817511802515593,0.0024221644002706123,-0.0003844088813181999,0.0
0.4237419665327297,0.002129361813162888,0.002369289832037894,-0.0003836679039042106,0.0
0.4244364109771742,0.002077125372379097,0.00231655971488348,-0.00038290153924090014,0.0
0.42513085542161866,0.0020250433931547377,0.0022639724570562196,-0.0003821108400819799,0.0
0.42582529986606316,0.0019731206797720755,0.0022115274338117743,-0.00038129678481768967,0.0
0.42651974431050765,0.0019213526216519455,0.002159224571900072,-0.0003804603835564306,0.0
0.4272141887549521,0.0018697327145177087,0.002107062555061009,-0.00037960261850289434,0.0
0.4279086331993966,0.0018182635050935194,0.00205503977736347,-0.00037872449079099095,0.0
0.42860307764384104,0.0017669478184499732,0.0020031553183353632,-0.0003778269404237422,0.0
0.42929752208828553,0.0017157769457139221,0.0019514082664870275,-0.00037691090964458784,0.0
0.42999196653273,0.0016647482002471597,0.0018997964718291888,-0.0003759773863419202,0.0
0.43068641097717447,0.0016138603200332923,0.001848318398460993,-0.0003750272880815563,0.0
0.4313808554216189,0.001563114564282455,0.0017969723874647562,-0.000374061545002442,0.0
0.4320752998660634,0.0015125033322852708,0.0017457567431462147,-0.00037308107708674534,0.0
0.43276974431050785,0.001462030032056423,0.0016946687928503484,-0.0003720867742119923,0.0
0.43346418875495235,0.0014116879854311289,0.0016437070701629624,-0.0003710795149106866,0.0
0.4341586331993968,0.0013614755685626557,0.0015928689697586804,-0.0003700601953797093,0.0
0.4348530776438413,0.001311387619585708,0.0015421522925308372,-0.0003690296815982387,0.0
0.4355475220882858,0.0012614255351474377,0.001491554353590752,-0.000367988838216283,0.0
0.43624196653273023,0.0012115793097735017,0.0014410730739012395,-0.00036693849017612205,0.0
0.4369364109771747,0.001161853703720846,0.0013907051023622535,-0.00036587950162483005,0.0
0.43763085542161917,0.0011122434395007383,0.001340448228949407,-0.0003648126668780205,0.0
0.43832529986606367,0.00106274275249816,0.001290299485718802,-0.0003637387962555178,0.0
0.4390197443105081,0.0010133469373817194,0.0012402558345028744,-0.0003626587024282592,0.0
0.4397141887549526,0.0009640557016940861,0.0011903142719300755,-0.00036157317425952566,0.0
0.44040863319939705,0.0009148601642865312,0.001140472019201742,-0.00036048296717342557,0.0
0.44110307764384155,0.0008657690504958543,0.0010907251973241094,-0.00035938887104291595,0.0
0.441797522088286,0.0008167659973765693,0.001041071489164767,-0.00035829159774737086,0.0
0.4424919665327305,0.000767852168500325,0.000991506795710023,-0.00035719191231339494,0.0
0.443186410977175,0.0007190230958311801,0.0009420281167940093,-0.0003560905347555934,0.0
0.4438808554216194,0.0006702773256393018,0.0008926319258014682,-0.00035498817434394573,0.0
0.4445752998660639,0.0006216063975468956,0.0008433148285084246,-0.0003538855271383317,0.0
0.44526974431050836,0.0005730122779497227,0.0007940729444322789,-0.000352783297998656,0.0
0.44596418875495286,0.0005244804043256695,0.0007449032275736024,-0.0003516821424208757,0.0
0.4466586331993973,0.00047602706268807876,0.0006958010655882803,-0.00035058275091188584,0.0
0.447182049701097,0.0004395419031381936,0.0006588347577537845,-0.0003497556459936536,0.0
0.44770546620279666,0.0004030756487119719,0.000621904430178099,-0.0003489301543557629,0.0
0.44822888270449635,0.0003666563225667535,0.0005850066819696245,-0.00034810663406440514,0.0
0.4486417595497727,0.00033795094101691446,0.0005559233722672971,-0.0003474585435452207,0.0
0.44905463639504906,0.00030925871507652444,0.0005268592399407415,-0.0003468119222395602,0.0
0.44946751324032547,0.0002805832106720062,0.0004978134366030137,-0.0003461669066075661,0.0
0.4498803900856018,0.00025192356337383465,0.0004687850463755195,-0.0003455236169707242,0.0
0.4502932669308782,0.0002232788891503397,0.0004397730910960936,-0.00034488218436312434,0.0
0.4508521471904634,0.00018452624359235287,0.0004005266138621663,-0.0003440171059787069,0.0
0.4514110274500486,0.00014579682286026523,0.0003613068335168863,-0.0003431559530296578,0.0
0.45196990770963374,0.00010708836782431165,0.0003221117238504106,-0.00034229901409540167,0.0
0.45252878796921897,6.839863666266287e-05,0.0002829391920646749,-0.0003414465792782794,0.0
0.45308766822880414,2.9725376772916937e-05,0.00024378715728084785,-0.00034059893246328764,0.0
0.45345687238321847,4.185268002527604e-06,0.0002179330294537165,-0.00034004172383090235,0.0
0.4534751578368486,2.9204645336973993e-06,0.0002166527554957564,-0.0003400141858208371,0.0
0.4534934432904788,1.6556927414318105e-06,0.00021537249702470294,-0.0003399866534205701,0.0
0.45351172874410894,3.9094549598933835e-07,0.00021409225614546696,-0.00033995912675942265,0.0
0.45351382427335685,2.460091387514146e-07,0.00021394554062557756,-0.00033995597260015896,0.0
0.45351591980260475,1.0107254878255845e-07,0.00021379882542059653,-0.00033995281851769907,0.0
0.45351801533185265,-2.883913447905947e-08,0.00021365211121667616,-0.00033994966450760506,0.0
0.45352220639034857,-2.1943017463780842e-07,0.00021335870272963127,-0.00033994335664152555,0.0
0.45352639744884443,-4.1004829990799763e-07,0.00021306533931200581,-0.0003399370488446104,0.0
0.4535305885073403,-6.007074262842022e-07,0.0002127720468941274,-0.00033993074084247635,0.0
0.4535413914836656,-1.0924082479733167e-06,0.00021201661302943249,-0.0003399144754233227,0.0
0.453552194459991,-1.5844776842870482e-06,0.0002112621936407817,-0.0003398981952437717,0.0
0.45356299743631634,-2.0769059266444062e-06,0.00021050907759410904,-0.00033988188915004417,0.0
0.4535972843768449,-3.641535046735176e-06,0.00020813088717901867,-0.0003398297392794595,0.0
0.4536315713173734,-5.208131575304526e-06,0.00020577326274949482,-0.0003397767685746401,0.0
0.4536658582579019,-6.775860716788082e-06,0.00020343905426787256,-0.00033972264931687196,0.0
0.45371419536673246,-8.987079525195826e-06,0.00020019038824444895,-0.00033964399400106563,0.0
0.4537201376506729,-9.258897310535234e-06,0.00019979465657119443,-0.00033963409652895004,0.0
0.4537260799346133,-9.53071067276195e-06,0.00019939970394406353,-0.00033962414663022295,0.0
0.4537320222185537,-9.802525551237495e-06,0.00019900552783177586,-0.00033961414382970473,0.0
0.45373657622869795,-1.0010838264762043e-05,0.0001987039657367451,-0.00033960644191610435,0.0
0.4537370664519757,-1.0033029611521453e-05,0.0001986715320059916,-0.0003396055191306249,1.6836922800450713e-08
0.45373804689853126,-1.0073425387797834e-05,0.00019860672134967817,-0.00033960206547252366,2.0357438529556385e-07
0.45373902734508675,-1.0106905084088984e-05,0.0001985420609606482,-0.00033959572114690634,3.7465536062067197e-07
0.4537400077916423,-1.0134650403871148e-05,0.00019847764996419988,-0.0003395867672157738,5.32314120000595e-07
0.45374327979874085,-1.0198563699248407e-05,0.00019826546987707175,-0.0003395412548534276,9.85958306752494e-07
0.4537465518058394,-1.0233303314090504e-05,0.00019805858739842662,-0.0003394756971049851,1.357184325134859e-06
0.453749823812938,-1.0255941149346088e-05,0.00019785800202856167,-0.0003393949981043363,1.6798991698075134e-06
0.45375309711428446,-1.0274955255388422e-05,0.00019766380294467857,-0.00033930219344759815,1.9722845207152222e-06
0.45375637041563094,-1.0293861683454929e-05,0.0001974757824382772,-0.00033919927973134235,2.2430693037865665e-06
0.4537596437169774,-1.0314418159144653e-05,0.00019729353102413246,-0.00033908774396685184,2.497664808858128e-06
0.4537629343358017,-1.0337714684662692e-05,0.00019711569192117133,-0.0003389681477988879,2.741060684929881e-06
0.45376622495462604,-1.0364062179156856e-05,0.00019694279976558695,-0.0003388420641346007,2.974437209038669e-06
0.45376951557345035,-1.0393523509024508e-05,0.00019677442197107859,-0.00033871032897947245,3.1995358685000007e-06
0.4537728730522235,-1.0426669865431543e-05,0.00019660685248003082,-0.0003385708306829904,3.4219677607324247e-06
0.45377623053099675,-1.0462728759695867e-05,0.00019644316121268958,-0.0003384268391175044,3.6380815405491542e-06
0.4537795880097699,-1.0501462857776188e-05,0.00019628298562050626,-0.00033827892202318454,3.848679906539079e-06
0.4537856640297651,-1.0577487641968164e-05,0.00019600092978747232,-0.0003380029331288964,4.217933780827342e-06
0.4537917400497603,-1.0660131437726742e-05,0.00019572767813941006,-0.0003377180803602002,4.574206449141614e-06
0.4537978160697555,-1.074825510034886e-05,0.0001954618234284573,-0.00033742636760300234,4.920018871480023e-06
0.45381496559525225,-1.1018559478526e-05,0.0001947416093811557,-0.00033657890738704053,5.85594066452827e-06
0.453832115120749,-1.1312789617237435e-05,0.00019405493031876485,-0.000335710250787084,6.752772858856749e-06
0.45383640250212315,-1.1387633070170941e-05,0.0001938867661433501,-0.0003354916582570139,6.971499065404688e-06
0.45384068988349735,-1.1461696425840191e-05,0.00019371944128757323,-0.00033527288190194054,7.187112220633886e-06
0.4538449772648715,-1.1536793526712753e-05,0.00019355325522927934,-0.00033505397249603566,7.402387570406548e-06
0.4538481733512691,-1.1593630495482797e-05,0.00019343008285565262,-0.0003348907858169985,7.563115579376578e-06
0.45385136943766663,-1.165088313363511e-05,0.00019330744783141004,-0.00033472758444507973,7.723602653891164e-06
0.4538545655240642,-1.1708368961307547e-05,0.00019318530201768196,-0.00033456436389489905,7.883602905099576e-06
0.45387591253608695,-1.2096688159870482e-05,0.00019237935899272585,-0.00033347559661806383,8.943603075528695e-06
0.4538972595481096,-1.2491047007920654e-05,0.0001915883764885392,-0.00033239038955690557,9.990918772317623e-06
0.45391860656013233,-1.288959810991999e-05,0.00019080912810188585,-0.00033131010292699844,1.1029441365487502e-05
0.4539550735682409,-1.3577770869799704e-05,0.00018950030261578998,-0.0003294765611098974,1.2788136456489746e-05
0.45399154057634944,-1.4272263408875036e-05,0.00018821305447820676,-0.0003276577718921818,1.4533864167760188e-05
0.454028007584458,-1.4971953372482545e-05,0.0001869434683472508,-0.0003258515034880849,1.6269443629008118e-05
0.45406447459256655,-1.5677043782959096e-05,0.0001856904689319958,-0.0003240553329416702,1.799474538906621e-05
0.45411589636587263,-1.6680571090369486e-05,0.00018395065530773697,-0.00032153741206877504,2.041006753372603e-05
0.45416731813917877,-1.7694434091200912e-05,0.00018224032137617574,-0.0003190350955971781,2.2806056929287068e-05
0.4542187399124849,-1.8717839743585307e-05,0.00018055726122430697,-0.0003165473536937908,2.5184238345016736e-05
0.45427016168579104,-1.9750102621053256e-05,0.00017889957952093078,-0.000314073278717798,2.7545890750599608e-05
0.45435629481165096,-2.149760300851244e-05,0.00017617550976393206,-0.00030995721685481126,3.1467305498973804e-05
0.4544424279375109,-2.3266172040813508e-05,0.0001735113737653384,-0.00030587291855397973,3.5349282061359624e-05
0.4545285610633708,-2.50537246087867e-05,0.0001709010894566223,-0.00030181694545267036,3.919559635432153e-05
0.4546146941892308,-2.6858353548781694e-05,0.00016833921039120296,-0.00029778634927419184,4.30096880336239e-05
0.45474757549421585,-2.9671980594700584e-05,0.00016447061098670568,-0.0002916119526767181,4.883778123675365e-05
0.45488045679920097,-3.251657645953906e-05,0.0001606897051408449,-0.00028548326130968256,5.4606676469670724e-05
0.4550133381041861,-3.538754113899071e-05,0.00015698344818538371,-0.0002793933544187649,6.0324685786008155e-05
0.4551462194091712,-3.828097344619952e-05,0.0001533407443480958,-0.0002733363460319707,6.599889741660561e-05
0.45527910071415634,-4.119347986809513e-05,0.00014975198033335046,-0.00026730718570865445,7.163547358598607e-05
0.4554348087782629,-4.462667687715902e-05,0.00014560435857957917,-0.00026027203755824236,7.819951825597671e-05
0.45559051684236945,-4.8078159960955034e-05,0.0001415085173371969,-0.0002532635988928519,8.472626966223003e-05
0.45574622490647604,-5.154472313824627e-05,0.00013745544181883995,-0.0002462772780740459,9.122160040040065e-05
0.4559019329705826,-5.50237217173575e-05,0.00013343772123928352,-0.0002393093334116864,9.769035285705604e-05
0.4560576410346892,-5.8512975139657503e-05,0.00012944923628817963,-0.0002323567234655642,0.00010413657781407856
0.4562571212036852,-6.299522633305325e-05,0.00012437425698970907,-0.00022346810647239478,0.00011236730680130369
0.4564566013726812,-6.748830493208891e-05,0.00011933054294211288,-0.00021459652251389392,0.00012057221489962262
0.4566560815416772,-7.198979455525424e-05,0.00011431137650412479,-0.00020573879741845021,0.0001287558682525145
0.4568555617106732,-7.649778363052693e-05,0.0001093114525083164,-0.0001968924715686439,0.0001369219129580194
0.4570550418796692,-8.101081109755213e-05,0.00010432669735557134,-0.00018805570262588647,0.00014507320701783374
0.4572545220486652,-8.552775830008048e-05,9.935399697889169e-05,-0.00017922713158191234,0.00015321198193642187
0.4575622336576467,-9.250118254182797e-05,9.170142243478524e-05,-0.00016562222258634945,0.0001657460747742159
0.4578699452666282,-9.947954945731725e-05,8.406514815435805e-05,-0.00015203166251968742,0.0001782596170809411
0.45817765687560974,-0.00010646124705854477,7.644044665109237e-05,-0.00013845356839136327,0.00019075633479633913
0.45848536848459126,-0.00011344523117608437,6.882408591651364e-05,-0.00012488670752962947,0.00020323893733354288
0.4587930800935728,-0.00012043086490505275,6.121389592738673e-05,-0.00011133028773089135,0.00021570939884310255
0.4591007917025543,-0.0001274177739393443,5.3608357799297324e-05,-9.77837473951025e-05,0.00022816922587093173
0.45966910991982,-0.00014032483224779623,3.957038951214085e-05,-7.278900871036898e-05,0.0002511573433059194
0.4601382489764258,-0.00015098195006320276,2.7987883724229078e-05,-5.2178788929714784e-05,0.00027011363611628215
0.46060738803303153,-0.00016164154801604345,1.640848610784406e-05,-3.1587785995017316e-05,0.0002890545300949077
0.4610765270896373,-0.00017230417409312598,4.831090857052147e-06,-1.101500043510164e-05,0.00030798202090684347
0.4611703549009585,-0.00017443713234826096,2.5157878012489106e-06,-6.902540597131686e-06,0.0003117660642475505
0.4612641827122797,-0.0001765702382491428,2.0052039908469796e-07,-2.7907595109131675e-06,0.0003155496499576506
0.4612659149879627,-0.0001766071689902111,1.579032876731817e-07,-2.7150796901657168e-06,0.0003156152141941203
0.46126801578743104,-0.00017665277200314342,1.0641997100600866e-07,-2.6236498846562984e-06,0.00031569613969837024
0.4612701165868993,-0.00017669896792953045,5.499235785434779e-08,-2.532318056337766e-06,0.0003157780973510047
0.46127328475526186,-0.00017677351307253769,0.0,-2.393986427697368e-06,0.00031591123111220955
0.46127645292362435,-0.0001768440012088779,0.0,-2.2550475956308875e-06,0.00031604168494163545
0.4612796210919869,-0.00017691081165059538,0.0,-2.1156393439231048e-06,0.0003161723268580762
0.46128322738985544,-0.00017698354984861355,0.0,-1.9564074417279022e-06,0.0003163228882062155
0.46128683368772394,-0.00017705338714712945,0.0,-1.796506220440112e-06,0.0003164760964311382
0.46129043998559244,-0.00017712074506474946,0.0,-1.6358131894381237e-06,0.00031663227766368367
0.4612942292893383,-0.00017718916376770351,0.0,-1.4659708730922261e-06,0.0003167997188395508
0.46129801859308406,-0.00017725540167537837,0.0,-1.2949700080363779e-06,0.0003169705937939488
0.46130180789682984,-0.0001773196427200165,0.0,-1.1226787754136319e-06,0.00031714485275747666
0.4613059597474433,-0.00017738790726678583,0.0,-9.322791973478559e-07,0.0003173395574485408
0.4613101115980568,-0.00017745409683689724,0.0,-7.400502002321295e-07,0.00031753806922403825
0.4613142634486702,-0.00017751834035137462,0.0,-5.458733358879469e-07,0.0003177402378020033
0.4613283926391301,-0.0001777238948762499,0.0,8.264489466158268e-08,0.000318453186092949
0.46134252182959,-0.0001779111518906352,0.0,5.265940557820544e-07,0.0003192011245522643
0.4613566510200499,-0.00017808264510901575,0.0,9.88166992431322e-07,0.0003199792723515578
0.46136440398033685,-0.0001781712756147793,0.0,1.2490216078602127e-06,0.00032041874715917074
0.4613721569406237,-0.0001782568429761617,0.0,1.5151858566475233e-06,0.0003208670834590646
0.4613799099009106,-0.00017833885050613663,0.0,1.7866851961250535e-06,0.0003213226204510071
0.4613832356359763,-0.0001783727649253138,0.0,1.9048004332484453e-06,0.00032151976023888
0.461386561371042,-0.00017840596076173777,0.0,2.0238948393093134e-06,0.0003217179151197583
0.4613898871061077,-0.0001784386055714394,0.0,2.1439383503859988e-06,0.0003219173290147291
0.4614103391592005,-0.00017862804810406122,0.0,2.902203614869164e-06,0.00032316823023170933
0.46143079121229325,-0.00017879912079422566,0.0,3.6938255273270886e-06,0.0003244587003897786
0.46145124326538606,-0.00017895362172221243,0.0,4.516758590286056e-06,0.0003257842628525609
0.4614895376638276,-0.00017920350673268767,0.0,6.135236782413575e-06,0.00032834983159609745
0.46152783206226916,-0.00017941078679629103,0.0,7.842947226638923e-06,0.00033100608833148905
0.4615661264607107,-0.00017958403718189742,0.0,9.626589066583215e-06,0.0003337350916899099
0.4616044208591523,-0.0001797292149736384,0.0,1.1475565548080678e-05,0.0003365238897990069
0.46164271525759387,-0.0001798509576160082,0.0,1.3381412568485376e-05,0.0003393624221637459
0.4616810096560354,-0.000179953091314262,0.0,1.533726347576952e-05,0.00034224237049828
0.461719304054477,-0.00018003882422522007,0.0,1.7337445494993143e-05,0.00034515678777279323
0.46177291554173794,-0.0001801363039669502,0.0,2.020319093717524e-05,0.0003492839590554525
0.46182652702899896,-0.00018021291410495648,0.0,2.3135725211977416e-05,0.00035345471114359123
0.4618801385162599,-0.00018027274053105223,0.0,2.6127235091427705e-05,0.0003576596506424988
0.4619337500035209,-0.00018031918604425145,0.0,2.9171523989662914e-05,0.0003618921098886378
0.46198736149078184,-0.00018035453103758267,0.0,3.226353484320977e-05,0.0003661458773901938
0.462062325760786,-0.00018038990441775486,0.0,3.665914863181314e-05,0.00037212236943137716
0.4621372900307901,-0.00018041234434139464,0.0,4.113111205407195e-05,0.00037812372311158766
0.46221225430079427,-0.00018042468741567722,0.0,4.567295253723622e-05,0.0003841436720454836
0.4622872185707984,-0.00018042904032324625,0.0,5.027965072506318e-05,0.00039017801083195694
0.46236218284080255,-0.00018042692778291272,0.0,5.494712768074388e-05,0.00039622359159690435
0.4624725761273386,-0.00018041443870062557,0.0,6.192399383765933e-05,0.0004051418145707032
0.46258296941387467,-0.0001803930445928846,0.0,6.901628790915442e-05,0.0004140739224006486
0.4626933627004108,-0.00018036456613013411,0.0,7.621657929196156e-05,0.0004230163783509603
0.46280375598694684,-0.00018033032407664576,0.0,8.351835540409214e-05,0.00043196652649398794
0.4629141492734829,-0.00018029137371446423,0.0,9.091573146428405e-05,0.00044092234899680536
0.46309614068896565,-0.00018021910044524678,0.0,0.00010330541534182466,0.0004556950145146707
0.46327813210444835,-0.00018013912277506535,0.0,0.00011591878756305619,0.00047047381145712237
0.4634601235199311,-0.0001800534795150492,0.0,0.0001287365437913959,0.0004852551237729664
0.46364211493541385,-0.00017996372285450246,0.0,0.0001417411364713209,0.000500036109358309
0.46382410635089655,-0.00017987110086134666,0.0,0.0001549165511132159,0.000514814604770835
0.4641037609844647,-0.0001797253725026445,0.0,0.0001754621252876869,0.0005375154100781283
0.46438341561803287,-0.00017957754126367382,0.0,0.00019632979222273392,0.0005602027823699588
0.46466307025160103,-0.0001794291240381254,0.0,0.0002174785854934693,0.0005828744909524554
0.46494272488516913,-0.0001792810775040897,0.0,0.00023887268342889713,0.0006055293139110203
0.4652223795187373,-0.0001791339869982528,0.0,0.00026048071137736587,0.000628166703615069
0.46554654675385226,-0.00017896509934076153,0.0,0.00028575982983409777,0.0006543854730248544
0.46587071398896723,-0.00017879811363920707,0.0,0.00031125268309690736,0.0006805814254052578
0.4661948812240822,-0.00017863299360874391,0.0,0.00033692745172326176,0.0007067553860832327
0.46651904845919717,-0.00017846961760337843,0.0,0.00036275677167009533,0.0007329083835044434
0.46684321569431214,-0.00017830782147592244,0.0,0.00038871725005337716,0.000759041654787669
0.4671673829294271,-0.00017814735285090556,0.0,0.00041478890592405797,0.0007851564273831122
0.4676569850082861,-0.00017790696477086706,0.0,0.0004543394006443694,0.000824566093728657
0.4681465870871451,-0.00017766837264313696,0.0,0.0004940562126060486,0.0008639402154129662
0.46863618916600414,-0.0001774309928436335,0.0,0.0005339006511222688,0.0009032824299468163
0.46912579124486314,-0.0001771943209493787,0.0,0.0005738422484646479,0.0009425960954072675
0.46961539332372215,-0.00017695795268951302,0.0,0.0006138572292975522,0.000981884331469677
0.47010499540258116,-0.00017672159160370178,0.0,0.0006539270713848856,0.0010211500671965857
0.47070966587830443,-0.000176429344070275,0.0,0.000703468906148264,0.001069617087894115
0.4713143363540277,-0.00017613642957681297,0.0,0.000753052349062452,0.0011180584077392602
0.47191900682975096,-0.00017584271743656372,0.0,0.0008026628126869786,0.0011664785046839289
0.47252367730547423,-0.0001755480152396706,0.0,0.0008522904100598987,0.001214881205700435
0.4731283477811975,-0.0001752523200389258,0.0,0.0009019281832099008,0.001263270844077439
0.47373301825692077,-0.00017495561297125827,0.0,0.0009515725950237746,0.0013116503893611713
0.4744274627013652,-0.00017461369455191124,0.0,0.0010085919650551797,0.0013672063558481668
0.4751219071458097,-0.0001742705074006799,0.0,0.00106561531842534,0.0014227596758740464
0.47581635159025415,-0.00017392615132559997,0.0,0.0011226433692629852,0.0014783153517781687
0.47651079603469865,-0.00017358090339913022,0.0,0.001179677644487524,0.0015338793256564878
0.4772052404791431,-0.00017323465021725005,0.0,0.0012367209712641713,0.0015894560831701242
0.4778996849235876,-0.00017288709821009507,0.0,0.0012937767889820136,0.0016450496389033241
0.4785941293680321,-0.0001725389785218602,0.0,0.0013508485617327057,0.0017006661568316043
0.4792885738124765,-0.00017219116864824116,0.0,0.001407940386835987,0.0017563117691610356
0.479983018256921,-0.00017184201485246947,0.0,0.0014650569723024512,0.001811988372644567
0.48067746270136547,-0.00017148957618022366,0.0,0.0015222026087307226,0.0018676974989477021
0.48137190714580996,-0.0001711381617022941,0.0,0.0015793809927106162,0.0019234500768054094
0.4820663515902544,-0.00017079390878379044,0.0,0.0016365966068550904,0.0019792604274642663
0.482639796674985,-0.00017050121286862522,0.0,0.0016838766963701039,0.002025373243047903
0.48307786647715134,-0.00017027592714839428,0.0,0.0017200159469785315,0.0020606219839864287
0.48351593627931766,-0.00017005616317416046,0.0,0.0017561734060896179,0.002095900892918096
0.4839540060814839,-0.00016983403796092488,0.0,0.0017923525775948683,0.0021312009915564795
0.48439207588365024,-0.00016960902089784076,0.0,0.0018285542494721582,0.002166522685391594
0.48483014568581656,-0.0001693872141409861,0.0,0.0018647776047297272,0.0022018748277123643
0.48539555732396084,-0.0001690997116026151,0.0,0.001911567222153899,0.002247541773796007
0.4859609689621051,-0.00016881159449642764,0.0,0.001958399417582709,0.0022932561232150064
0.4865263806002494,-0.00016852335336644238,0.0,0.0020052767368439047,0.002339019972702484
0.48709179223839366,-0.00016823437388743616,0.0,0.0020522013784137244,0.0023848354791277814
0.4877773188597327,-0.0001678832438871099,0.0,0.002109161926705732,0.0024404561091884466
0.4884628454810717,-0.00016753039959504278,0.0,0.002166200069876852,0.0024961587236957392
0.48914837210241074,-0.00016717636629675454,0.0,0.0022233198675285924,0.002551946816680665
0.48983389872374977,-0.0001668226286685806,0.0,0.0022805242829313133,0.002607828424606622
0.4905194253450888,-0.00016646933374556266,0.0,0.0023378192538376294,0.002663805204855492
0.49121386978953324,-0.00016610744979689418,0.0,0.0023959541729243385,0.0027206086716596595
0.49190831423397774,-0.00016574331148419907,0.0,0.0024541917151688535,0.002777510686395781
0.4926027586784222,-0.00016537902095742503,0.0,0.002512529276358544,0.0028345274892753397
0.4931762300509922,-0.00016507893019915613,0.0,0.002560788225190263,0.0028816947936807047
0.4937497014235623,-0.00016477490064322704,0.0,0.0026091241569731576,0.0029289361601447525
0.4943231727961323,-0.0001644661787411719,0.0,0.0026575366712581787,0.002976255271860525
0.4948966441687023,-0.00016416266708663266,0.0,0.0027060289839846655,0.003023661611463478
0.49547011554127235,-0.00016385556178700087,0.0,0.002754604820094656,0.003071149289395225
0.49604358691384237,-0.00016354491704237642,0.0,0.002803264977377771,0.003118720614646728
0.49661705828641245,-0.00016323298685255055,0.0,0.0028520112121947897,0.0031663788112366877
0.49719052965898247,-0.0001629190745999657,0.0,0.002900846055327665,0.003214124900241363
0.4978849741034269,-0.00016253588271257556,0.0,0.002960103610077293,0.0032720632300048376
0.4985794185478714,-0.00016214827226403747,0.0,0.0030194977536240624,0.003330134979514073
0.49927386299231585,-0.00016175731724817733,0.0,0.0030790304404156687,0.00338834502274851
0.49996830743676035,-0.00016136163383384853,0.0,0.0031387068460270325,0.003446693136248144
0.5,-0.00016134355502614114,0.0,0.003141433653361142,0.0034493595417800483
