theta_deg,theta_rad,normalized_t_deg,small_target_q,small_mechanism_q,small_target_dq,small_mechanism_dq,small_target_ddq,small_mechanism_ddq,small_hp_window,large_target_q,large_mechanism_q,large_target_dq,large_mechanism_dq,large_target_ddq,large_mechanism_ddq,large_hp_window
0.0,0.0,0.0,0.1560499078878084,0.11820811826540112,-0.33211990510778044,-0.29214814302469727,0.12056000293880242,0.28756640928855465,0,1.0,0.9775648018077697,0.0,-0.40280612015800427,-1.6420756593481147,-3.383023110614113,0
0.25,0.004363323129985824,359.75,0.15460191868820927,0.11693612412022114,-0.33158724682975027,-0.2908898436840345,0.12359539886279307,0.2891917259992975,0,0.9999834626819457,0.9757751889665424,-0.007785539699246345,-0.4174525876113142,-1.9245121046035807,-3.3288911836615758,0
0.5,0.008726646259971648,359.5,0.15315628259748862,0.1156696357894359,-0.3310413071134955,-0.28962446913059076,0.1266477559757096,0.29080944124503033,0,0.9999303046578427,0.9739221940445771,-0.016776854030233927,-0.43185617595575715,-2.1947910755110853,-3.2718038363772575,0
0.7500000000000001,0.013089969389957472,359.25,0.15171305772812468,0.1144086840720866,-0.33048201208030936,-0.2883520525612291,0.12971701540434313,0.29241954166101136,0,0.9998353799211115,0.972006904252313,-0.026921276092419802,-0.4460044623233967,-2.453086791796819,-3.211980029113184,0
1.0,0.017453292519943295,359.0,0.15027230251439222,0.1131532996222292,-0.3299092881083684,-0.28707262723101207,0.1328031182754855,0.2940220139090758,0,0.9996937706094291,0.9700304589045841,-0.0381668991622191,-0.45988598946392134,-2.699573473186905,-3.149642569196402,0
1.25,0.02181661564992912,358.75,0.14883407571124105,0.11190351294870038,-0.3293230618327316,-0.2857862264532001,0.13590600571592817,0.2956168446256014,0,0.9995007836878315,0.9679940451760727,-0.05046257669301084,-0.47349027887012196,-2.9344253394075377,-3.0850164642483393,0
1.5000000000000002,0.026179938779914945,358.5,0.14739843639317568,0.11065935441484287,-0.3287232601453408,-0.28449288359947544,0.13902561885246265,0.297204020369456,0,0.9992519476318152,0.9658988938150334,-0.06375792231513193,-0.48680783685360507,-3.157816610184849,-3.0183273458724247,0
1.75,0.030543261909900768,358.25,0.1459654439531343,0.10942085423826742,-0.3281098101950213,-0.28319263210039447,0.14216189881188074,0.2987835275697725,0,0.9989430091104408,0.9637462748451995,-0.0780033098358832,-0.4998301539143497,-3.369921505245026,-2.9497999792149785,0
2.0,0.03490658503988659,358.0,0.1445351581013676,0.10818804249058311,-0.32748263938748,-0.28188550544606755,0.14531478672097356,0.3003553524737944,0,0.9985699296694336,0.9615374932842683,-0.09314987323952302,-0.5125496978098859,-3.570914244314205,-2.8796568713998476,0
2.25,0.039269908169872414,357.75,0.1431076388643187,0.1069609490971406,-0.326841675385308,-0.28057153718706657,0.14848422370653294,0.30191948109473343,0,0.9981288824142875,0.9592738849058112,-0.10914950668727443,-0.5249599007811528,-3.760969047118573,-2.808116988978246,0
2.5,0.04363323129985824,357.5,0.14168294658350133,0.1057396038367634,-0.32618684610797827,-0.2792507609355596,0.15167015089535044,0.3034758991596024,0,0.9976162486933666,0.9569568120684232,-0.1259548645173168,-0.5370551414293158,-3.9402601333842617,-2.735394592117772,0
2.75,0.04799655442984406,357.25,0.14026114191437955,0.10452403634147567,-0.3255180797318469,-0.2779232103666739,0.15487250941421746,0.3050245920570412,0,0.9970286147810067,0.9545876596349949,-0.14351936124479503,-0.5488307217680041,-4.108961722837457,-2.6616981906627104,0
3.0000000000000004,0.05235987755982989,357.0,0.13884228582524688,0.10331427609623323,-0.32483530469015315,-0.27658891922008566,0.1580912403899259,0.3065655447855693,0,0.9963627685606192,0.9521678310014771,-0.1617971715618106,-0.5602828399900358,-4.267248035204299,-2.587229624717631,0
3.25,0.05672320068981571,356.75,0.1374264395961051,0.1021103524386221,-0.3241384496730183,-0.27524792130183473,0.1613262849492668,0.3080987419018254,0,0.995615696207792,0.9496987442528613,-0.18074323033743006,-0.571408559496234,-4.415293290210969,-2.5121832703958638,0
3.5,0.061086523819801536,356.5,0.13601366481754387,0.1009122945585782,-0.32342744362744746,-0.2739002504863661,0.16457758421903204,0.30962416746878146,0,0.9947845788733924,0.9471818284614506,-0.2003132326176763,-0.5822057747309992,-4.553271707583606,-2.4367453692716783,0
3.7499999999999996,0.06544984694978735,356.25,0.13460402338961927,0.09972013149807724,-0.32270221575732777,-0.27254594071879645,0.16784507932601317,0.3111418050047205,0,0.9938667893666695,0.944618520140255,-0.22046363362553814,-0.592673174359492,-4.681357507048395,-2.36109347835535,0
4.0,0.06981317007977318,356.0,0.13319757752073352,0.09853389215082409,-0.3219626955234296,-0.27118502601740085,0.17112871139700156,0.31265163743200386,0,0.9928598888383563,0.9420102598618313,-0.24115164876095946,-0.6028102023033324,-4.799724908331473,-2.2853960359602534,0
4.25,0.07417649320975901,355.75,0.13179438972651386,0.09735360526192594,-0.3212088126434063,-0.26981754047632645,0.1744284215587891,0.3141536470263037,0,0.9917616234637714,0.9393584890509885,-0.26233525360085086,-0.6126170171292585,-4.908548131159018,-2.209812037579472,0
4.5,0.07853981633974483,355.5,0.13039452282869143,0.09617929942755177,-0.32044049709179334,-0.2684435182685223,0.17774415093816687,0.31564781536653436,0,0.9905699211259225,0.9366646469573326,-0.2839731838990785,-0.6220944502563156,-5.008001395257177,-2.1344908149374713,0
4.75,0.08290313946973066,355.25,0.12899803995398096,0.09501100309459276,-0.3196576791000099,-0.26706299364888986,0.18107584066192686,0.3171341232845231,0,0.9892828880986076,0.9339301678120422,-0.3060249355864743,-0.6312439634163765,-5.098258920352124,-2.05957191064776,0
5.0,0.08726646259971647,355.0,0.12760500453295942,0.0938487445602827,-0.31886028915635745,-0.26567600095765204,0.1844234318568604,0.31861255081575657,0,0.9878988057295182,0.9311564781711235,-0.3284507647708263,-0.6400676057675125,-5.179494926170007,-1.9851850403374203,0
5.25,0.0916297857297023,354.75,0.12621548029894553,0.0926925519718288,-0.3180482580060204,-0.2642825746239335,0.18778686564975888,0.32008307715022166,0,0.9864161271233404,0.928344994445861,-0.35121168773688854,-0.6485679710239887,-5.251883632437002,-1.9114501338753518,0
5.5,0.09599310885968812,354.5,0.12482953128687853,0.0915424533260134,-0.3172215166510662,-0.26288274916955884,0.1911660831674144,0.3215456805837878,0,0.9848334738248585,0.9254971206196564,-0.3742694809463712,-0.6567481549294182,-5.315599258879256,-1.838477447246936,0
5.75,0.10035643198967395,354.25,0.12344722183219739,0.0903984764687763,-0.31637999635044445,-0.26147655921305696,0.1945610255366184,0.32300033847059395,0,0.9831496325020561,0.9226142461492965,-0.3975866810379492,-0.6646117133630484,-5.370816025222939,-1.7663677364979724,0
6.000000000000001,0.10471975511965978,354.0,0.12206861656972065,0.08926064909478748,-0.3155236286199886,-0.26006403947387485,0.19797163388416167,0.32444702717533397,0,0.9813635516292197,0.9196977440469561,-0.4211265848272533,-0.6721626213308628,-5.417708151194204,-1.6952124855218067,0
6.25,0.1090830782496456,353.75,0.12069378043252445,0.08812899874699842,-0.3146523452324145,-0.2586452247767984,0.20139784933683652,0.3258857220266297,0,0.9794743381700399,0.9167489691389717,-0.4448532493068777,-0.6794052330596845,-5.45644985651921,-1.625094179725566,0
6.5,0.11344640137963143,353.5,0.11932277865082222,0.08700355281616978,-0.31376607821732044,-0.257220150056573,0.20483961302143402,0.3273163972710973,0,0.9774812542607134,0.9137692564959217,-0.46873149164638117,-0.6863442433764666,-5.487215360924127,-1.5560866178661794,0
6.75,0.11780972450961724,353.25,0.11795567675084391,0.08588433854038102,-0.31286475986118784,-0.2557888503627252,0.2082968660647461,0.32873902602797983,0,0.975383713893047,0.9107599200281263,-0.4927268891922771,-0.6929846505236783,-5.510178884135108,-1.488255255006765,0
7.0,0.12217304763960307,353.0,0.116592540553715,0.08477138300452103,-0.3119483227073813,-0.2543513608645792,0.21176954959356412,0.33015358024468333,0,0.9731812795975576,0.9077222512401184,-0.5168057794680456,-0.6993317205314545,-5.525514645878318,-1.4216575698246023,0
7.250000000000001,0.1265363707695889,352.75,0.11523343617433551,0.08366471313975143,-0.31101669955614747,-0.2529077168564667,0.2152576047346796,0.3315600306528149,0,0.9708736591265765,0.9046575181368173,-0.5409352601741239,-0.7053909532383486,-5.533396865879919,-1.3563434502964407,0
7.499999999999999,0.1308996938995747,352.5,0.11387843002025948,0.08256435572295218,-0.3100698234646167,-0.25145795376312674,0.21876097261488442,0.33295834672557606,0,0.9684607021373508,0.901566964274557,-0.5650831891879087,-0.711168050029221,-5.533999763866067,-1.2923555920442191,0
7.75,0.13526301702956053,352.25,0.11252758879057366,0.08147033737613962,-0.30910762774680145,-0.2500021071452876,0.2222795943609697,0.3343484966355918,0,0.965942396875145,0.8984518079486634,-0.5892181845637628,-0.7166688833322147,-5.527497559562926,-1.2297299044424364,0
8.0,0.13962634015954636,352.0,0.11118097947477704,0.08038268456585551,-0.30813004597359744,-0.2485402127054346,0.22581341109972725,0.3357304472138084,0,0.9633188668563457,0.8953132415106294,-0.6133096245330042,-0.7218994679005989,-5.514064472696656,-1.1684959200158922,0
8.25,0.1439896632895322,351.75,0.1098386693516598,0.07930142360254688,-0.3071370119727833,-0.2470723062937506,0.2293623639579485,0.33710416390960274,0,0.9605903675515598,0.8921524308063244,-0.6373276475039175,-0.7268659338824135,-5.493874722993417,-1.108677203193812,0
8.5,0.14835298641951802,351.5,0.10850072598818233,0.0782265806398964,-0.3061284598290198,-0.245598423914232,0.23292639406242507,0.33846961075134024,0,0.9577572830687213,0.8889705147281575,-0.6612431520617413,-0.731574501669366,-5.467102530179372,-1.0502917550990276,0
8.75,0.15271630954950383,351.25,0.10716721723835483,0.07715818167414301,-0.3051043238838515,-0.24411860173097336,0.23650544253994865,0.3398267503085646,0,0.9548201228361899,0.8857686048729255,-0.6850277969686832,-0.7360314584989275,-5.433922113980679,-0.9933524113156282,0
9.0,0.15707963267948966,351.0,0.10583821124211576,0.07609625254337238,-0.3040645387357051,-0.24263287607461345,0.2400994505173104,0.34117554365501085,0,0.9517795182858563,0.8825477852980353,-0.7086540011639029,-0.7402431367744073,-5.394507694123501,-0.9378672303894893,0
9.25,0.16144295580947549,350.75,0.10451377642421154,0.07504081892677028,-0.3030090392398905,-0.24114128344894256,0.2437083591213023,0.34251595033261134,0,0.9486362195362418,0.8793091123687314,-0.732094943763529,-0.7442158940573559,-5.349033490333995,-0.8838398708961349,0
9.5,0.16580627893946132,350.5,0.10319398149307554,0.073991906343854,-0.30193776050860016,-0.23964386053766273,0.24733210947871564,0.3438479283169802,0,0.9453910920756028,0.8760536146890016,-0.7553245640606443,-0.7479560946781769,-5.2976737223383275,-0.8312699554574723,0
9.75,0.17016960206944712,350.25,0.10187889543970699,0.07294954015367416,-0.30085063791090944,-0.2381406442112962,0.25097064271634195,0.3451714339836929,0,0.9420451134450311,0.8727822931092958,-0.7783175615252983,-0.7514700929051756,-5.240602609862654,-0.7801534204686512,0
10.0,0.17453292519943295,350.0,0.1005685875365505,0.07191374555398278,-0.2997476070727767,-0.2366316715342399,0.254623899960973,0.3464864220762329,0,0.9385993699215581,0.8694961208044354,-0.8010493958044956,-0.7547642176071138,-5.17799437263314,-0.7304828505534394,0
10.25,0.17889624832941878,349.75,0.09926312733637481,0.07088454758037233,-0.2986286038770431,-0.23511697977195367,0.2582918223394003,0.3477928456750419,0,0.9350550532012556,0.866196043415322,-0.8234962867222078,-0.7578447583409312,-5.110023230375938,-0.6822477970049312,0
10.5,0.1832595714594046,349.5,0.09796258467115226,0.06986197110537784,-0.29749356446343245,-0.2335966063982849,0.26197435097841526,0.3490906561676154,0,0.9314134570823391,0.8628829792483,-0.8456352142793603,-0.7607179527932207,-5.036863402817219,-0.6354350798230944,0
10.75,0.18762289458939044,349.25,0.09666702965093772,0.06884604083756518,-0.2963424252285516,-0.2320705891029175,0.2656714270048094,0.3503798032203686,0,0.9276759741482692,0.8595578195265641,-0.8674439186538471,-0.7633899755037242,-4.958689109683136,-0.5900290731351517,0
11.0,0.19198621771937624,349.0,0.09537653266274763,0.06783678132055548,-0.29517512282588987,-0.23053896579894226,0.26938299154537426,0.35166023475166114,0,0.9238440924508544,0.8562214286880956,-0.8889009002005157,-0.7658669277975702,-4.875674570699858,-0.5460119738756853,0
11.25,0.19634954084936207,348.75,0.09409116436943969,0.06683421693204028,-0.29399159416582005,-0.22900177463054117,0.27310898572690173,0.3529318969062358,0,0.9199193921933537,0.8528746447249712,-0.909985419451181,-0.7681548288534462,-4.787994005593532,-0.5033640539252241,0
11.5,0.2007128639793479,348.5,0.09281099570859115,0.06583837188276498,-0.2927917764155972,-0.22745905398078076,0.2768493506761831,0.3541947340311473,0,0.9159035424135783,0.8495182795593563,-0.9306774971146128,-0.7702596078361609,-4.695821634090334,-0.46206389593659203,0
11.75,0.20507618710933373,348.25,0.09153609789137866,0.0648492702154535,-0.2915756069993593,-0.2259108424795066,0.2806040275200099,0.35544868865320345,0,0.9117982976669933,0.8461531194516052,-0.9509579140765471,-0.7721870970227892,-4.599331675916411,-0.4220886131769219,0
12.000000000000002,0.20943951023931956,348.0,0.09026654240145718,0.06386693580373104,-0.29034302359812747,-0.22435717901133345,0.28437295738517376,0.35669370145781687,0,0.9076054947098224,0.8427799254363175,-0.9708082113996759,-0.7739430258537179,-4.4986983507979375,-0.38341405386059685,0
12.25,0.21380283336930536,347.75,0.08900240099383878,0.06289139235097785,-0.28909396414980526,-0.2227981027237243,0.28815608139846616,0.3579297112696009,0,0.9033270491821468,0.8393994337824298,-0.9902106903236568,-0.7755330158419323,-4.394095878461061,-0.3460149905162064,0
12.5,0.2181661564992912,347.5,0.08774374569377252,0.0619226633891764,-0.2878283668491795,-0.22123365303514986,0.29195334068667866,0.35915665503430383,0,0.8989649522910101,0.8360123564738386,-1.0091484122651049,-0.7769625762766003,-4.2856984786319465,-0.3098652949242803,0
12.75,0.22252947962927702,347.25,0.08649064879562271,0.060960772277710795,-0.2865461701479193,-0.21966386964332527,0.295764676376603,0.36037446780252147,0,0.8945212674935205,0.8326193817070711,-1.0276051988175956,-0.7782371006589783,-4.173680371036768,-0.2749380992293798,0
13.0,0.22689280275926285,347.0,0.08524318286174881,0.060005742202118406,-0.285247312754577,-0.2180887925335117,0.2995900295950304,0.36158308271499645,0,0.8899981271799503,0.8292211744030127,-1.0455656317516693,-0.779361863811964,-4.0582157754016634,-0.24120594396622988,0
13.25,0.23125612588924865,346.75,0.08400142072138404,0.05905759617283424,-0.28393173363458796,-0.21650846198688142,0.3034293414687527,0.36278243098959073,0,0.8853977293568421,0.8258183767299969,-1.0630150530148221,-0.7803420196077742,-3.939478911452813,-0.2086409135425063,0
13.5,0.23561944901923448,346.5,0.0827654354695148,0.05811635702386864,-0.2825993720102695,-0.21492291858893298,0.3072825531245613,0.36397244190988015,0,0.8807223343301078,0.8224116086353747,-1.0799395647315158,-0.7811825992598068,-3.817643998916365,-0.17721475992054417,0
13.75,0.2399827721492203,346.25,0.08153530046575981,0.05718204741146338,-0.281250167360823,-0.21333220323795582,0.3111496056892478,0.3651530428156382,0,0.8759742613881334,0.8190014683835657,-1.0963260292031685,-0.7818885101296466,-3.692885257518489,-0.14689901519373225,0
14.0,0.24434609527920614,346.0,0.08031108933324893,0.05625468981271531,-0.2798840594223316,-0.21173635715352862,0.31503044028960375,0.36632415909501814,0,0.8711558854848787,0.815588533098208,-1.1121620689081646,-0.7824645350013407,-3.565376906985331,-0.1176650935997385,0
14.250000000000002,0.24870941840919197,345.75,0.07909287595750272,0.05533430652414606,-0.2785009881877617,-0.21013542188505202,0.3189249980524206,0.36748571417817943,0,0.8662696339229827,0.8121733593064704,-1.1274360665018421,-0.7829153317786379,-3.4352931670430746,-0.08948438378929183,0
14.500000000000002,0.2530727415391778,345.5,0.07788073448531137,0.05442091966024676,-0.27710089390696285,-0.2085294393203026,0.3228332201044902,0.368637629533283,0,0.8613179830368628,0.8087564834839825,-1.142137164816508,-0.7832454335644614,-3.3028082574178574,-0.062328331891354755,0
14.750000000000002,0.25743606466916363,345.25,0.07667473932361374,0.05351455115199011,-0.2756837170866667,-0.20691845169400058,0.32675504757260365,0.36977982466389947,0,0.8563034548758194,0.8053384225985357,-1.1562552668614228,-0.7834592490830279,-3.168096397835859,-0.03616851597820335,0
14.999999999999998,0.2617993877991494,345.0,0.07547496513837679,0.052615222745290735,-0.27424939849048857,-0.2053025015963864,0.33069042158355294,0.37091221710831873,0,0.8512286138871367,0.8019196746513179,-1.1697810358228133,-0.7835610634091513,-3.0313318080232237,-0.010976712586117762,0
15.25,0.26616271092913524,344.75,0.07428148685347431,0.051722955999437326,-0.27279787913892595,-0.20368163198179448,0.33463928326412945,0.37203472244083824,0,0.8460960635991857,0.7985007192143116,-1.1827058950638634,-0.7835550389708643,-2.8926887077061285,0.013275044135168113,0
15.5,0.27052603405912107,344.5,0.07309437964956653,0.050837772285482474,-0.2713291003093594,-0.20205588617721848,0.33860157374112443,0.3731472542748607,0,0.8409084433045261,0.7950820179628751,-1.1950220281247217,-0.7834452167948982,-2.752341316610716,0.036614410170304194,0
15.75,0.2748893571891069,344.25,0.07191371896297882,0.04995969278460233,-0.26984300353605245,-0.20042530789085808,0.3425772341413303,0.3742497242677954,0,0.83566842474301,0.7916640152022488,-1.206722378722492,-0.7832355179652906,-2.6104638544631675,0.059068685672617194,0
16.0,0.2792526803190927,344.0,0.07073958048458111,0.0490887384864136,-0.26833953061015114,-0.1987899412206415,0.3465662055915374,0.37534204212802696,0,0.8303787087848808,0.7882471383874695,-1.217800650751246,-0.7829297452699918,-2.4672305409896227,0.08066477482161755,0
16.25,0.28361600344907856,343.75,0.06957204015866689,0.04822493018725438,-0.26681862357968467,-0.1971498306627114,0.35056842921853815,0.37642411562383327,0,0.8250420221138802,0.7848317986355796,-1.2282513082820103,-0.782531585009782,-2.3228155959162606,0.10142915108456131,0
16.5,0.2879793265790644,343.5,0.06841117418183228,0.047368288488423116,-0.26528022474956464,-0.19550502111986964,0.3545838461491247,0.3774958505938912,0,0.8196611139103451,0.7814183912297296,-1.2380695755627773,-0.7820446089480276,-2.1773932389692066,0.12138782735317909,0
16.75,0.2923426497090502,343.25,0.06725705900185594,0.04651883379439703,-0.2637242766815863,-0.19385555790997142,0.3586123975100861,0.3785571509603387,0,0.8142387525343174,0.7780072961144269,-1.2472514370184922,-0.7814722763802043,-2.0311376898746976,0.140566330591182,0
17.0,0.29670597283903605,343.0,0.06610977131657633,0.04567658631099014,-0.26215072219442676,-0.19220148677425608,0.36265402442821715,0.37960791874327243,0,0.8087777222086345,0.7745988783816317,-1.2557936372510734,-0.7808179363048962,-1.8842231683587927,0.1589896806273155,0
17.25,0.3010692959690218,342.75,0.06496938807277347,0.044841566043499426,-0.2605595043636469,-0.19054285388561482,0.36670866803030644,0.3806480540774164,0,0.8032808197020471,0.7711934887470333,-1.2636936810393866,-0.7800848296783839,-1.7368238941477585,0.1766823726571941,0
17.5,0.30543261909900765,342.5,0.06383598646504524,0.044013792794792894,-0.258950566521689,-0.1888797058567759,0.370776269443148,0.3816774552309449,0,0.7977508510123053,0.7677914640165275,-1.2709498333392715,-0.7792760917383443,-1.589114086967652,0.19366836316755331,0
17.75,0.3097959422289935,342.25,0.06270964393468925,0.043193286163380806,-0.2573238522578801,-0.1872120897484082,0.37485676979353194,0.38269601862584723,0,0.7921906280492739,0.7643931275422626,-1.2775611192835172,-0.7783947543812729,-1.4412679665447052,0.20997105899184634,0
18.0,0.3141592653589793,342.0,0.061590438168579884,0.042380065541438694,-0.25567930541842876,-0.18554005307712862,0.37895011020825004,0.3837036388608822,0,0.7866029653180284,0.7609987896682971,-1.2835273241818814,-0.7774437485816909,-1.2934597526050655,0.22561330909422248,0
18.25,0.31852258848896514,341.75,0.06047844709804852,0.04157415011280552,-0.25401687010642654,-0.18386364382340536,0.383056231814094,0.38470020873608096,0,0.7809906766019561,0.7576087481656456,-1.2888489935210774,-0.776425906841266,-1.1458636648748795,0.2406173989362051,0
18.5,0.32288591161895097,341.5,0.05937374889776224,0.04077555885093853,-0.2523364906818481,-0.1821829104393516,0.38717507573785526,0.3856856192793361,0,0.7753565716458645,0.754223288656542,-1.2935274329647846,-0.7753439656571801,-0.9986539230803214,0.2550050470994133,0
18.75,0.3272492347489368,341.25,0.05827642198460318,0.03998431051683804,-0.25063811176155076,-0.1804979018563965,0.39130658310632543,0.3866597597752944,0,0.7697034528390749,0.7508426850279462,-1.2975647083536386,-0.774200568000722,-0.8520047469475363,0.2687974039301875,0
19.0,0.33161255787892263,341.0,0.05718654501654762,0.039200423656944205,-0.24892167821927488,-0.17880866749282698,0.39545069504629604,0.3876225177958195,0,0.7640341118985341,0.7474671998342257,-1.3009636457052387,-0.7729982657974827,-0.7060903562027042,0.28201505204598465,0
19.25,0.33597588100890846,340.75,0.056104196891545055,0.03842391660098998,-0.24718713518564336,-0.17711525726119282,0.3996073526845589,0.3885737792326921,0,0.7583513265519093,0.7440970846889767,-1.3037278312141438,-0.7717395224015292,-0.561084970571964,0.2946780084274837,0
19.5,0.34033920413889424,340.5,0.055029456746397344,0.037654807459835515,-0.24543442804816207,-0.17541772157556296,0.40377649714790514,0.3895134283325727,0,0.7526578572206934,0.740732580646162,-1.3058616112518735,-0.7704267150573431,-0.41716280978148934,0.30680572796919114,0
19.75,0.34470252726888007,340.25,0.053962403955637936,0.03689311412326024,-0.24366350245121984,-0.17371611135862564,0.4079580695631266,0.3904413477331781,0,0.7469564437033096,0.7373739185704529,-1.3073700923669096,-0.769062137343009,-0.27449809355745053,0.31841710830502973,0
20.0,0.3490658503988659,340.0,0.05290311813041086,0.03613885425772834,-0.24187430429608808,-0.17201047804862893,0.41215201105701466,0.3913574185023701,0,0.7412498018582068,0.7340213194970499,-1.3082591412846936,-0.767648001590042,-0.13326504162598463,0.32953049575017423,0
20.25,0.3534291735288517,339.75,0.05185167911735007,0.0353920453041251,-0.24006677974092128,-0.17030087360613977,0.416358262756361,0.3922615201788855,0,0.7355406202869705,0.730674994980925,-1.3085353849076278,-0.7661864412747241,0.006362126286725787,0.3401636922385282,0
20.5,0.35779249665883756,339.5,0.05080816699745835,0.03465270447546431,-0.2382408752007566,-0.16858735052062906,0.42057676578795716,0.3931535308145615,0,0.7298315570174176,0.7273351474357361,-1.308206210315076,-0.7646795133773905,0.14420919045453745,0.35033396307985526,0
20.75,0.3621558197888234,339.25,0.0497726620849866,0.0339208487545658,-0.236396537347514,-0.16686996181686223,0.42480746127859464,0.39403332701922894,0,0.7241252361867039,0.7240019704625391,-1.307279764763362,-0.7631292007060723,0.28010193115127147,0.3600580454695439,0
21.0,0.3665191429188092,339.0,0.04874524492631291,0.0331964948917044,-0.23453371310999652,-0.16514876106109252,0.42905029035506526,0.39490078400728224,0,0.7184242447244236,0.7206756491684234,-1.3057649556857724,-0.761537414181521,0.41386612865078987,0.36935215764552604,0
21.25,0.37088246604879505,338.75,0.04772599629882176,0.032479659402238625,-0.23265234967388962,-0.1634238023670452,0.43330519414415974,0.39575577564605535,0,0.7127311290357125,0.7173563604752226,-1.3036714506925517,-0.7599059950809425,0.5453275632269065,0.37823200852605765,1
21.5,0.3752457891787809,338.5,0.04671499720978312,0.03177035856420596,-0.23075239448176202,-0.1616951404016887,0.4375721137726707,0.3965981745062656,0,0.7070483916843497,0.7140442734186571,-1.3010096775709077,-0.7582367172389155,0.6743120151534844,0.3867128078194808,1
21.75,0.37960911230876665,338.25,0.04571232889523156,0.031068608415891652,-0.22883379523306505,-0.15996283039077852,0.441850990367389,0.3974278519145245,0,0.7013784880758613,0.710739549437821,-1.297790824285008,-0.7565312892029015,0.8006452647043417,0.39480927651710224,1
22.0,0.3839724354387525,338.0,0.04471807281884538,0.03037442475339336,-0.22689649988413296,-0.15822692812417025,0.44614176505510655,0.3982446780073817,0,0.6957238231406203,0.7074423426554521,-1.2940268389759813,-0.7547913563425954,0.9241530921533384,0.40253565762245136,1
22.25,0.3883357585687383,337.75,0.04373231067082585,0.029687823128130675,-0.22494045664818266,-0.1564874899608918,0.4504443789626147,0.399048521787338,0,0.6900867480169524,0.7041528001490998,-1.2897304299619174,-0.7530185029118053,1.0446612777742954,0.4099057271508596,1
22.5,0.39269908169872414,337.5,0.042755124366776205,0.02900881884436879,-0.22296561399531398,-0.15474457283396756,0.4547587732167048,0.39983925118101415,0,0.6844695567342332,0.7008710622133465,-1.2849150657378654,-0.7512142540618134,1.161995601841065,0.416932805272381,1
22.75,0.39706240482870997,337.25,0.041786596046580936,0.028337426956687395,-0.22097192065250976,-0.15299823425498313,0.45908488894416893,0.4006167330988279,0,0.6788744828959968,0.6975972626134246,-1.279594974975838,-0.7493800778060156,1.2759818446274753,0.42362976757369125,1
23.0,0.4014257279586958,337.0,0.040826808073284794,0.027673662267459598,-0.2189593256036356,-0.1512485323183886,0.4634226672717984,0.4013808334964262,0,0.6733036963630316,0.6943315288303009,-1.273785146524806,-0.7475173869350038,1.3864457864073796,0.43000905638946224,1
23.25,0.40578905108868163,336.75,0.03987584303197197,0.027017539324290962,-0.2169277780894396,-0.14949552570552724,0.46777204932638466,0.4021314174381852,0,0.6677592999364886,0.6910739822975761,-1.2675013294107038,-0.7456275408823205,1.493213207454601,0.4360826921590927,1
23.5,0.41015237421866746,336.5,0.03893378372864526,0.02636907241745634,-0.21487722760755312,-0.14773927368838458,0.4721329762347192,0.4028683491622904,0,0.6622433260409785,0.6878247386302783,-1.260760032836424,-0.7437118475404353,1.5961098880429965,0.44186228476884576,1
23.75,0.4145156973486533,336.25,0.03800071318910515,0.02572827557731272,-0.21280762391249003,-0.14597983613304918,0.47650538912359375,0.4035914921472616,0,0.6567577334076776,0.6845839078459113,-1.2535785261818213,-0.74177156502752,1.6949616084463843,0.44735904483808575,1
24.000000000000004,0.4188790204786391,336.0,0.03707671465782904,0.0250951625717013,-0.21071891701564743,-0.1442172735028813,0.4808892291198,0.40430070918078914,0,0.6513044037574286,0.6813515945778632,-1.2459748390037115,-0.7398079034049345,1.7895941489386256,0.4525837949494984,1
24.25,0.4232423436086249,335.75,0.03616187159685031,0.024469746903328815,-0.20861105718530482,-0.14245164686137277,0.4852844373501291,0.40499586242980845,0,0.6458851384838427,0.6781278982814356,-1.237967761035871,-0.7378220263460001,1.8798332897935413,0.4575469807696968,1
24.5,0.4276056667386107,335.5,0.03525626768463745,0.02385204180715461,-0.20648399494662478,-0.14068301787470422,0.48969095494137294,0.4056768135119316,0,0.6405016553364026,0.6749129134326903,-1.2295768421890372,-0.7358150527564393,1.9655048112849856,0.46225868204175297,1
24.75,0.43196898986859655,335.25,0.03435998681497325,0.023242060247745,-0.20433768108165276,-0.13891144881398165,0.494108723020323,0.4063434235690583,0,0.6351555851035638,0.6717067297203516,-1.2208223925509074,-0.733788058347221,2.046434493686792,0.4667286234463591,1
25.0,0.4363323129985824,335.0,0.03347311309583385,0.022639814916636913,-0.20217206662931664,-0.13713700255715122,0.4985376827137705,0.4069955533422589,0,0.6298484682958584,0.6685094322309046,-1.2117254823861412,-0.7317420771602194,2.1224481172727905,0.47096618528709233,1
25.25,0.4406956361285682,334.75,0.032595730848268036,0.022045318229680144,-0.1999871028854278,-0.13535974259058234,0.5029777751485073,0.40763306324805676,0,0.6245817518289962,0.6653211016272051,-1.2023079421363583,-0.7296781030478123,2.1933714623168354,0.47498041401394103,1
25.5,0.44505895925855404,334.5,0.03172792460527617,0.021458582324388575,-0.19778274140267987,-0.13357973301031678,0.5074289414513252,0.4082558134562565,0,0.619356785706967,0.662141814320665,-1.1925923624201396,-0.7275970911067049,2.2590303090927546,0.4787800325653493,1
25.75,0.4494222823885399,334.25,0.030869779110689527,0.02087961905726754,-0.19555893399064958,-0.13179703852297261,0.5118911227490154,0.4088636639692668,0,0.6141748197051431,0.6589716426373218,-1.1826020940330253,-0.7254999590672768,2.3192504378743948,0.4823734504990215,1
26.0,0.4537856055185257,334.0,0.030021379318049275,0.02030844000115406,-0.19331563271579652,-0.13001172444630107,0.5163642601683696,0.40945647470275326,0,0.6090370000533827,0.6558106549779159,-1.1723612479475194,-0.723387588638998,2.373857628935591,0.485768773918268,1
26.250000000000004,0.45814892864851153,333.75,0.029182810389485697,0.019745056442553643,-0.19105278990146282,-0.12822385670938666,0.5208482948361789,0.41003410556770276,0,0.6039443661191292,0.6526589159722311,-1.161894695313084,-0.721260826813152,2.4226776625501856,0.4889738151968438,1
26.5,0.4625122517784973,333.5,0.02835415769459732,0.019189479378961094,-0.18877035812787393,-0.12643350185248786,0.5253431678792355,0.4105964165535076,0,0.5988978470905179,0.6495164866277842,-1.1512280674561444,-0.7191204871233864,2.4655363189920148,0.4919961024849773,1
26.75,0.46687557490848314,333.25,0.027535506809330024,0.018641719516208966,-0.18646829023213773,-0.12464072702651223,0.5298488204243307,0.41114326781263844,0,0.5938982586594728,0.6463834244731539,-1.1403877558800837,-0.7169673508654808,2.5022593785349203,0.49484288897400863,1
27.0,0.47123889803846897,333.0,0.02672694351485619,0.018101787265794145,-0.18414653930824496,-0.12284559999211818,0.5343651935982562,0.411674519746433,0,0.5889462997048153,0.64325978369606,-1.129400912265249,-0.7148021682770478,2.5326726214527384,0.49752116196527013,1
27.25,0.4756022211684548,332.75,0.025928553796453875,0.017569692742223975,-0.1818050587070695,-0.1210481891184414,0.538892228527803,0.4121900330917696,0,0.5840425489753597,0.6401456152763585,-1.1182954484689458,-0.7126256596781598,2.5566018280193124,0.5000376516896627,1
27.5,0.4799655442984406,332.5,0.02514042384238587,0.017045445760364486,-0.17944380203636773,-0.1192485633814403,0.543429866339763,0.41268966900921955,0,0.5791874617730217,0.6370409671141858,-1.1071000365254435,-0.7104385165740852,2.5738727785084774,0.5023988399018203,1
27.75,0.48432886742842646,332.25,0.02436264004277881,0.016529055832798623,-0.17706272316077853,-0.11744679236185315,0.5479780481609288,0.41317328917200535,0,0.5743813666359155,0.6339458841533264,-1.0958441086459672,-0.7082414027209165,2.58431125319408,0.50461096825465,1
28.0,0.4886921905584123,332.0,0.023595288988502827,0.016020532167192014,-0.1746617762018255,-0.11564294624276723,0.5525367151180895,0.4136407558559294,0,0.5696244620214613,0.6308604085000613,-1.0845578572187113,-0.7060349551552251,2.587743032349948,0.5066800464443126,1
28.25,0.4930555136883981,331.75,0.02283845747004942,0.015519883663667633,-0.17224091553791177,-0.11383709580679116,0.5571058083380394,0.4140919320304144,0,0.5649168129894807,0.6277845795375314,-1.0732722348088195,-0.703819785188611,2.58399389624993,0.5086118601207588,1
28.500000000000004,0.49741883681838395,331.5,0.022092232476412267,0.015027118912195991,-0.1698000958043266,-0.11202931243282958,0.561685268947568,0.4145266814503464,0,0.5602583478853066,0.6247184340359155,-1.0620189541584073,-0.701596479368325,2.5728896251678592,0.5104119785752437,1
28.75,0.5017821599483697,331.25,0.021356701193965027,0.014542246190011987,-0.16733927189324002,-0.11021966809245404,0.5662750380734678,0.414944868748605,0,0.5556488550228809,0.6216620062584222,-1.050830488186546,-0.6993656004047326,2.55425599937758,0.512085762214071,1
29.000000000000004,0.5061454830783556,331.0,0.020631951005341057,0.014065273459022642,-0.16485839895370574,-0.10840823534587014,0.5708750568425297,0.41534635952957366,0,0.5510879793678566,0.6186153280633476,-1.039740069989267,-0.6971276880667149,2.5279187991529293,0.5136383698000417,1
29.25,0.5105088062083414,330.75,0.019918069488312505,0.013596208363257034,-0.16235743239166,-0.10659508733747244,0.5754852663815462,0.4157310204633553,0,0.5465752192207021,0.6155784290022784,-1.0287816928395646,-0.6948832600459391,2.4937038047677462,0.515074765485042,1
29.500000000000004,0.5148721293383273,330.5,0.019215144414669344,0.013135058226325547,-0.15983632786992197,-0.10478029779098941,0.5801056078173081,0.4160987193802779,0,0.5421099228998022,0.6125513364145825,-1.0179901101873918,-0.6926328127908891,2.4514367964958703,0.5163997256269899,1
29.75,0.519235452468313,330.25,0.018523263749098604,0.012681830048905995,-0.15729504130819366,-0.10296394100421355,0.5847360222766073,0.4164493253664796,0,0.5376912854245619,0.6095340755183428,-1.0074008356596653,-0.690376822311646,2.400943554611144,0.5176178453920047,1
29.999999999999996,0.5235987755982988,330.0,0.01784251564806345,0.01223653050624618,-0.1547335288830599,-0.1011460918433123,0.5893764508862352,0.4167827088598851,0,0.5333183451985063,0.6065266694978324,-0.9970501430602605,-0.6881157449563043,2.3420498593874,0.5187335451587982,1
30.25,0.5279620987282847,329.75,0.017172988458682318,0.011799165945703405,-0.15215174702798828,-0.09932682573672058,0.5940268347729832,0.417098741746203,0,0.5289899806923848,0.6035291395876482,-0.9869750663700144,-0.6858500181598641,2.274581491098484,0.5197510767116084,1
30.5,0.5323254218582705,329.5,0.016514770717608117,0.011369742384292558,-0.14954965243332946,-0.09750621866861392,0.5986871150636434,0.4173972974559674,0,0.5247049071272727,0.6005415051536787,-0.9772133997467244,-0.6835800611666027,2.19836423001823,0.5206745292428987,1
30.750000000000004,0.5366887449882564,329.25,0.015867951149907272,0.010948265506295685,-0.14692720204631657,-0.09568434717195419,0.603357232885007,0.417678251061715,0,0.5204616731576739,0.597563783770913,-0.9678036975251504,-0.6813062757265841,2.113223856420483,0.5215078351616232,1
31.0,0.5410520681182421,329.0,0.015232618667938947,0.010534740660869901,-0.14428435307106585,-0.0938612883211147,0.6080371293638654,0.4179414793751245,0,0.5162586575546215,0.5945959912983229,-0.9587852742170099,-0.6790290467673437,2.0189861505790745,0.5222547757028222,1
31.250000000000004,0.545415391248228,328.75,0.01460886237023412,0.01012917285969861,-0.14162106296857632,-0.09203711972407824,0.6127267456270103,0.4181868610446953,0,0.5120940658887833,0.5916381419508411,-0.9501982045109849,-0.6767487430414447,1.915476892767855,0.5229189863689399,1
31.5,0.5497787143782138,328.5,0.013996771540374743,0.009731566774696221,-0.1389372894567297,-0.09021191951420973,0.6174260228012332,0.41841427665340736,0,0.5079659272135606,0.5886902483685524,-0.9420833232727155,-0.674465717750679,1.802521863260649,0.5235039621783256,1
31.750000000000004,0.5541420375081997,328.25,0.013396435645872909,0.009341926735718653,-0.1362329905102908,-0.08838576634160204,0.6221349020133259,0.4186236088166403,0,0.5038720907481932,0.585752321683244,-0.9344822255448049,-0.6721803091478209,1.6799468423313044,0.5240130627411697,1
32.0,0.5585053606381855,328.0,0.012807944337049933,0.008960256728339,-0.133508124360907,-0.08655873936399416,0.6268533243900797,0.4188147422798899,0,0.49981022256086005,0.5828243715823482,-0.927437266546815,-0.6698928411165325,1.547577610253668,0.5244495171673917,1
32.25,0.5628686837681712,327.75,0.012231387445915523,0.008586560391645848,-0.13076264949710859,-0.08473091823726425,0.6315812310582861,0.4189875640165732,0,0.4957778022517816,0.5799064063704205,-0.9209915616752702,-0.6676036237302881,1.4052399473015624,0.5248164288065073,1
32.5,0.5672320068981571,327.5,0.011666854985046923,0.0082208410161001,-0.12799652466430878,-0.0829023831054943,0.6363185631447369,0.4191419633256048,0,0.4917721196363238,0.5769984330282123,-0.9151889865036549,-0.6653129537909165,1.2527596337488454,0.525116779829191,1
32.75,0.5715953300281429,327.25,0.011114437146468025,0.007863101541417117,-0.12520970886480348,-0.08107321459061169,0.6410652617762235,0.4192778319286631,0,0.4877902714280976,0.5741004572694388,-0.9100741767824146,-0.6630211153475434,1.089962449869336,0.5253534356494312,1
33.0,0.5759586531581288,327.0,0.01057422430052853,0.007513344554511248,-0.12240216135777161,-0.07924349378160502,0.6458212680795373,0.41939506406777727,0,0.483829157922064,0.5712124835953194,-0.9056925284389559,-0.6607283801965431,0.9166741759368953,0.5255291491875285,1
33.25,0.5803219762881145,326.75,0.010046306994783066,0.007171572287478778,-0.11957384165927476,-0.07741330222331405,0.6505865231814704,0.4194935566017367,0,0.4798854796776342,0.5683345153470081,-0.9020901975776451,-0.65843500836328,0.732720592225339,0.525646564998876,1
33.5,0.5846852994181004,326.5,0.009530775952870343,0.0068377866156411615,-0.11672470954225743,-0.07558272190480426,0.6553609682088137,0.41957320910268897,0,0.47595573420177345,0.5654665547558985,-0.8993141004798109,-0.6561412485660287,0.5379274790085318,0.5257082232535077,1
33.75,0.5890486225480862,326.25,0.009027722073392275,0.006511989055622891,-0.11385472503654685,-0.07375183524731377,0.6601445442883591,0.41963392395212423,0,0.4720362126321018,0.5626086029920094,-0.8974119136037421,-0.6538473386629884,0.33212061656028613,0.5257165635668855,1
34.0,0.5934119456780721,326.0,0.008537236428793123,0.006194180763498758,-0.11096384842885325,-0.07192072509179023,0.6649371925468981,0.41967560643614243,0,0.46812299641999866,0.5597606602104159,-0.8964320735846889,-0.6515535060827726,0.11512578515446939,0.5256739287151173,1
34.25,0.5977752688080579,325.75,0.008059410264238641,0.005884362532990184,-0.10805204026276957,-0.07008947468600647,0.6697388541112222,0.4196981648404278,0,0.46420916817727736,0.5569227255958379,-0.900276559429049,-0.649259968239002,-3.609518669635419,0.5255825681998639,1
34.5,0.6021385919380436,325.5,0.0075943349964951974,0.00558253479371873,-0.1051192613387716,-0.06825816767126855,0.674549470108123,0.41970151054416593,0,0.4602274259811273,0.5540947974054802,-0.9287500946030995,-0.646966932929685,-9.019401655560427,0.5254446417019879,1
34.75,0.6065019150680295,325.25,0.0071421022128089215,0.005288697609517556,-0.10216547271421805,-0.06642688806871178,0.679368981664392,0.41968555811378094,0,0.4560777452764654,0.551276873010123,-0.9755221157912679,-0.6446745987216712,-12.047908388149418,0.5252622224063783,1
35.0,0.6108652381980153,325.0,0.006702803669784839,0.005002850676803949,-0.0991906357033503,-0.06459572026519081,0.6841973299068209,0.41965022539496655,0,0.4517019822606681,0.5484689489336063,-1.030869255937356,-0.642383155321018,-13.000928214263793,0.5250373002017035,1
35.25,0.6152285613280012,324.75,0.00627653129226601,0.004724993323019344,-0.09619471187729266,-0.06276474899877253,0.6890344559622008,0.41959543360467877,0,0.44708150747275155,0.545671020890704,-1.0864028420475573,-0.6400927839295204,-12.184350480765533,0.5247717847844288,1
35.5,0.619591884457987,324.5,0.005863377172212668,0.004455124505125085,-0.09317766306405235,-0.06093405934382336,0.693880300957324,0.41952110742188914,0,0.4422313820918996,0.5428830838234614,-1.1350688951904302,-0.6378036575879903,-9.904064534516568,0.5244675086295437,1
35.75,0.6239552075879728,324.25,0.0054634335675813476,0.004193242808166464,-0.09013945134851926,-0.05910373669571014,0.6987348060189813,0.419427175076971,0,0.43719453423598803,0.540105131936111,-1.1711481304969238,-0.6355159415068617,-6.465959722378437,0.5241262298691419,1
36.0,0.6283185307179586,324.0,0.005076792901204034,0.003939346443916025,-0.08708003907246621,-0.057273866755107435,0.7035979122739651,0.4193135684405865,0,0.4320359352601135,0.537337158728507,-1.190255957160356,-0.6332297933843497,-2.1759253912134398,0.5237496350682694,1
36.25,0.6326818538479445,323.75,0.004703547759667296,0.003693433249565503,-0.08399938883454885,-0.05544453551192273,0.7084695608490661,0.4191802231108065,0,0.42683677605511633,0.5345791570282489,-1.1893424784364293,-0.6309453637128317,2.6601491121171805,0.5233393418834104,1
36.5,0.6370451769779303,323.5,0.004343790892191412,0.0034555006865002458,-0.08089746349030559,-0.053615829228843434,0.713349692871076,0.41902707849949566,0,0.4216886433461098,0.5318311190214775,-1.1666924916432229,-0.6286627960738068,7.736374440750927,0.5228969016478326,1
36.75,0.6414085001079161,323.25,0.0039976152095095325,0.003225545839157129,-0.0777742261521578,-0.05178783442450826,0.7182382494667868,0.4188540779172162,0,0.41668769599100347,0.5290930362823931,-1.121925488161191,-0.6263822274217159,12.746861247826667,0.5224238018518355,1
37.0,0.6457718232379019,323.0,0.00366511378274679,0.0030035654139312085,-0.07462964018940958,-0.049960637856313286,0.7231351717629897,0.4186611686564695,0,0.4119288412790322,0.5263648998015805,-1.0559956534331705,-0.6241037883572563,17.38572018648217,0.5219214685241704,1
37.25,0.6501351463678877,322.75,0.003346379842299452,0.0027895557381796277,-0.07146366922824784,-0.04813432650285692,0.7280404008864765,0.41844830207396366,0,0.40749991122928025,0.5236467000131553,-0.9711918669643828,-0.6218276033904205,21.347061909855334,0.5213912685457807,1
37.5,0.6544984694978736,322.5,0.003041506776714056,0.0025835127592940266,-0.06827627715174242,-0.046308987546028045,0.7329538779640385,0.4182154336713318,0,0.40347583888920796,0.5209384268207795,-0.8711377023224087,-0.6195537911936194,24.324997071084866,0.5208345118649043,1
37.75,0.6588617926278594,322.25,0.0027505881315665415,0.0023854320438535526,-0.06506742809984595,-0.04448470835274657,0.737875544122467,0.41796252317380383,0,0.3999128346331786,0.518240069622603,-0.760791427137234,-0.6172824648453905,26.013636323308507,0.5202524536370535,1
38.0,0.6632251157578453,322.0,0.0024737176083413524,0.0021953087768535884,-0.06183708646939335,-0.042661576456365057,0.7428053404885553,0.41768953460780767,0,0.39684256246098315,0.5155516173351515,-0.6464460031011776,-0.6150137320648466,26.107090319664565,0.5196462962881137,1
38.25,0.667588438887831,321.75,0.00221098906331078,0.0020131377610295154,-0.05858521691410446,-0.04083967953773205,0.7477432081890918,0.41739643637669593,0,0.39426631629636927,0.5128730584162163,-0.5357290859690303,-0.6127476954373797,24.29946971329154,0.5190171914941104,1
38.5,0.6719517620178169,321.5,0.001962496506413638,0.0018389134162464238,-0.055311784344578334,-0.03901910540593287,0.7526890883508711,0.4170832013344775,0,0.3921491962855623,0.5102043808867786,-0.4376030255578253,-0.6104844526318335,20.28488515732626,0.5183662420977109,1
38.75,0.6763150851478027,321.25,0.0017283341001350214,0.0016726297789892985,-0.05201675392830101,-0.03719994197870953,0.7576429221006822,0.4167498068580314,0,0.39041428509579795,0.507545572352011,-0.36236486574711285,-0.6082240966094822,13.757447304909729,0.5176945039516728,1
39.0,0.6806784082777885,321.0,0.0015085961583848424,0.0015142805019228156,-0.04870009108963771,-0.03538227726257132,0.7626046505653186,0.4163962349174103,0,0.3889368242138428,0.5048966200213598,-0.3216463444787106,-0.6059667158251157,4.411266809177053,0.5170029876901847,1
39.25,0.6850417314077744,320.75,0.0013033771453773955,0.001363858853562383,-0.04536176150983856,-0.033566199332601236,0.7675742148715712,0.4160224721440669,0,0.3875495393332106,0.5022575107278011,-0.3158436390352757,-0.6037123944205615,1.4726623509519152,0.5162926604413784,1
39.5,0.6894050545377601,320.5,0.0011127716745102712,0.001221357718001026,-0.04200173112703547,-0.03175179631197114,0.7725515561462323,0.41562850989723604,0,0.3861918573772863,0.4996282309462349,-0.3051138145332002,-0.6014612124108242,3.3413026101178787,0.5155644474735329,1
39.75,0.693768377667746,320.25,0.0009368745072436585,0.0010867695947625045,-0.03861996613624481,-0.029939156351168932,0.7775366155160919,0.41521434432802795,0,0.3848968492698537,0.49700876681111417,-0.28754685289077064,-0.5992132458632422,4.6175642469479286,0.5148192337795249,1
40.0,0.6981317007977318,320.0,0.0007757805519792892,0.000960086598716603,-0.03521643298936416,-0.028128367606954377,0.7825293341079422,0.41477997644154724,0,0.38368891783961684,0.49439910413327803,-0.26558364674165896,-0.5969685670698006,5.367381736882206,0.5140578656077575,1
40.25,0.7024950239277177,319.75,0.000629584862939707,0.0008413004601011131,-0.03179109839517445,-0.026319518221044176,0.7875296530485751,0.41432541215724616,0,0.382582443161674,0.49179922841606816,-0.24137739529778263,-0.5947272447129273,5.6566895553606935,0.5132811519316522,1
40.5,0.7068583470577035,319.5,0.0004983826390473693,0.0007304025246398504,-0.028343929319339472,-0.024512696298541133,0.7925375134647819,0.41385066236618134,0,0.38158303785688,0.4892091248707251,-0.21679360434931522,-0.5924893440249823,5.5514221778232145,0.5124898658658616,1
40.75,0.7112216701876893,319.25,0.0003822692228037857,0.0006273837537373872,-0.024874892984405823,-0.02270798988611955,0.7975528564833538,0.41335574298659394,0,0.3806888023912062,0.48662877843110974,-0.1934100862646733,-0.5902549269416956,5.117514079709636,0.5116847460351157,1
41.0,0.7155849933176751,319.0,0.00028134009916865483,0.0005322347247961323,-0.021383956869802944,-0.02090548694996937,0.802575623231083,0.4128406750173306,0,0.37989158037510373,0.4840581737677542,-0.17251695999052982,-0.5880240522497104,4.420899736459882,0.5108664978855648,1
41.25,0.7199483164476609,318.75,0.0001956908944390018,0.0004449456316072409,-0.017871088711843126,-0.019105275353515392,0.8076057548347608,0.4123054845883897,0,0.3791782138628631,0.4814972953013036,-0.15511665105180125,-0.5857967757285777,3.5275136235137308,0.5100357949499793,1
41.5,0.7243116395776468,318.5,0.00012541737512831514,0.00036550628485232384,-0.014336256503721466,-0.017307442834920302,0.8126431924211789,0.4117502030092055,0,0.37853179865197717,0.4789461272153265,-0.1419238915516592,-0.5835731502872585,2.5032902163111768,0.5091932800735601,1
41.75,0.7286749627076325,318.25,7.061544684568404e-05,0.0002939061126925324,-0.010779428495515905,-0.015512076984382542,0.8176878771171284,0.4111748668147225,0,0.377932939582502,0.47640465346855454,-0.13336572017152074,-0.5813532260954211,1.4141639902919534,0.5083395665823351,1
42.0,0.7330382858376184,318.0,3.138115317493556e-05,0.00023013416147132926,-0.007200573194187211,-0.013719265221237264,0.822739750049401,0.4105795178086376,0,0.3773610058364177,0.4738728578065611,-0.1295814821710555,-0.5791370507097472,0.3260694208960832,0.507475239415907,1
42.25,0.7374016089676042,317.75,7.810674553771972e-06,0.00017417909651373797,-0.0035996593635789892,-0.011929094770876832,0.8277987523447886,0.409964203104183,0,0.37679538623699177,0.47135072377288934,-0.13042282938818153,-0.576924669195344,-0.6950590164367151,0.5066008562181926,1
42.5,0.7417649320975901,317.5,3.2714209119433235e-10,0.00012602920301196807,2.3342825043784994e-05,-0.010141652641495889,0.8327827292557998,0.40932897516229627,0,0.376216744548138,0.4688382347196779,-0.13545372023906657,-0.5747161242425323,-1.5832868462664285,0.5057169483840042,1
42.75,0.7461282552275759,317.25,8.005248754772154e-06,8.567238702761326e-05,0.0036402500319797433,-0.008357025600678752,0.8250918932149898,0.40867389182734004,0,0.3756082747737803,0.4663353738177667,-0.1439504197181291,-0.5725114562791245,-2.2726795931533035,0.5048240220741923,1
43.0,0.7504915783575618,317.0,3.17188172126448e-05,5.3096176600209155e-05,0.007223684398501702,-0.006575300151832774,0.8174398964252056,0.4079990163598376,0,0.3749569564572127,0.46384212406633096,-0.15490149939803557,-0.5703107035783547,-2.697302781657379,0.5039225591835916,1
43.25,0.7548549014875475,316.75,7.099534917243133e-05,2.8287722944053684e-05,0.01077381522319073,-0.004796562510490064,0.8098266611379197,0.4073044174664587,0,0.3742548099804614,0.46135846830206506,-0.16700783742970465,-0.5681139023627096,-2.7912219363388373,0.5030130182809375,1
43.5,0.7592182246175333,316.5,0.00012568989925532126,1.1233801759491513e-05,0.014290811465385961,-0.0030208985804791714,0.8022521096046049,0.4065901693277185,0,0.37350015186364594,0.4588843892079014,-0.1786826185423016,-0.5659210869036563,-2.488502581757795,0.5020958355130598,1
43.75,0.7635815477475192,316.25,0.000195658258566489,1.920814641898083e-06,0.017774841745185174,-0.00124839392998509,0.7947161640767322,0.40585635162248423,0,0.37269885006434084,0.4564198693213173,-0.18805133404324473,-0.5637322896175823,-1.7232102424743376,0.5011714254707447,1
44.0,0.767944870877505,316.0,0.00028075695321494454,3.347906053496885e-07,0.021226074343443157,0.0005208662324929187,0.7872187468057754,0.40510304954957593,0,0.3718655792769371,0.45396489104222393,-0.1929517818181992,-0.5615475411579673,-0.42941044304859083,0.500240182028426,1
44.25,0.7723081940074908,315.75,0.00038084324283316207,6.461387693001974e-06,0.024644677201774524,0.0022867970822698256,0.779759780043204,0.4043303538469106,0,0.3710226821441106,0.45151943664047,-0.19320222438722298,-0.5593668705039964,-0.0024481491507495805,0.4993024791507615,1
44.5,0.7766715171374766,315.5,0.0004957751190972637,2.028589472136133e-05,0.028030817922550452,0.0040493142026840736,0.7723391860404913,0.40353836080740535,0,0.37017964471515535,0.4490834882629503,-0.19322004133898046,-0.5571903050456918,-0.005710602547433123,0.498358671668879,1
44.75,0.7810348402674625,315.25,0.000625411304246426,4.179323309405625e-05,0.03138466376890076,0.005808333609364859,0.7649568870491086,0.4027271722921845,0,0.36933649863978574,0.4466570279403712,-0.19325198967483115,-0.5550178706657527,-0.00892553201398303,0.49740909602770494,1
45.0,0.7853981633974483,315.0,0.0007696112496030638,7.096795876126993e-05,0.0347063816647129,0.007563771774556623,0.7576128053205287,0.40189689574083853,0,0.3684931827099628,0.44424003759364583,-0.19329786247135883,-0.5528495918181657,-0.012093138703126732,0.49645407100936245,1
45.25,0.7897614865274342,314.75,0.0009282351340920147,0.00010779426424700755,0.037996138194632365,0.009315545651475863,0.7503068631062241,0.40104764417846633,0,0.3676496366186064,0.44183249903996713,-0.1933574536828412,-0.5506854916037311,-0.015213623767590886,0.495493898423568,1
45.5,0.7941248096574199,314.5,0.0011011438627608339,0.00015225598081158864,0.04125409960406396,0.011063572698697077,0.7430389826576647,0.40017953622035735,0,0.3668058009557654,0.4394343939985522,-0.19343055814125065,-0.5485255918426489,-0.01828718836010322,0.49452886377871563,1
45.75,0.7984881327874057,314.25,0.0012881990652993114,0.00020433658070839744,0.04448043179916886,0.012807770904550432,0.7358090862263238,0.3992926960728581,0,0.3659616172047887,0.4370457040960728,-0.19351697155625383,-0.5463699131441886,-0.021314033633390246,0.4935592369270717,1
46.0,0.8028514559173916,314.0,0.0014892630945593233,0.0002640191795473257,0.047675300346867115,0.01454805881151528,0.7286170960636735,0.39838725353187376,0,0.3651170277384946,0.43466641087180025,-0.19361649051521182,-0.5442184749736448,-0.024294360740179675,0.492585272680721,1
46.25,0.8072147790473774,313.75,0.0017041990250744599,0.00033128653876479675,0.050838870474836304,0.016284355540604735,0.7214629344211861,0.3974633439781876,0,0.3642719758153419,0.4322964957824479,-0.19372891248317972,-0.5420712957166323,-0.027228370833198175,0.49160721141342956,1
46.5,0.8115781021773633,313.5,0.0019328706515804317,0.0004061210682019256,0.053971307071513396,0.018016580815718355,0.7143465235503321,0.3965211083695966,0,0.3634264055756001,0.4299359402067523,-0.1938540358029074,-0.5399283927407887,-0.030116265065173033,0.4906252796361468,1
46.75,0.815941425307349,313.25,0.002175142487533699,0.0004885048287909255,0.05707277468609179,0.019744654987958087,0.7072677857025846,0.39556069323012644,0,0.36258026203751936,0.4275847254497759,-0.19399165969483875,-0.5377897824550479,-0.032958244588831336,0.48963969054745793,1
47.0,0.8203047484373349,313.0,0.002430879763632543,0.0005784195353418786,0.060143437528523865,0.02146849905988683,0.700226643129415,0.3945822506361715,0,0.36173349109350117,0.4252428327469797,-0.19414158425711225,-0.5356554803665391,-0.035754510556900355,0.48865064457282786,1
47.25,0.8246680715673207,312.75,0.0026999484263356965,0.0006758465594397522,0.06318345946951952,0.02318803470972343,0.6932230180822958,0.39358593819974497,0,0.36088603950626874,0.4229102432680226,-0.19430361046556058,-0.5335255011351537,-0.0385052641221068,0.4876583298772301,1
47.5,0.8290313946973066,312.5,0.0029822151363829708,0.0007807669324400024,0.06619300404054676,0.024903184315455067,0.6862568328126997,0.39257191904829986,0,0.3600378549050369,0.4205869381203552,-0.19447754017371072,-0.5313998586259719,-0.04121070643717832,0.48666292285932905,1
47.75,0.8333947178272924,312.25,0.003277547267314551,0.0008931613485850809,0.06917223443383257,0.026613870978856168,0.6793280095720968,0.39154036180170576,0,0.3591888857816832,0.41827289835257,-0.19466317611278422,-0.5292785659595165,-0.043871038654841626,0.48566458863241746,1
48.00000000000001,0.8377580409572782,312.0,0.003585812903990959,0.0010130101681998793,0.07212131350236103,0.028320018549399868,0.6724364706119598,0.39049144054645396,0,0.35833908148691723,0.415968104957551,-0.19486032189169672,-0.5271616355599822,-0.04648646192782397,0.4846634814828494,1
48.25,0.842121364087264,311.75,0.003906880841113125,0.0011402934210248405,0.07504040375987428,0.03002155164805182,0.6655821381837612,0.389425334806203,0,0.35748839222645196,0.4136725388753971,-0.1950687819970584,-0.5250490792014894,-0.04905717740885248,0.4836597453143634,1
48.5,0.8464846872172498,311.5,0.004240620581741128,0.0012749908096152396,0.07792966738087283,0.031718395690924626,0.6587649345389727,0.38834222950969627,0,0.35663676905717323,0.41138618099617985,-0.1952883617931737,-0.5229409080524358,-0.05158338625065439,0.48265351407532014,1
48.75,0.8508480103472357,311.25,0.004586902335815268,0.0014170817128709157,0.08078926620061563,0.03341047691279166,0.651984781929065,0.38724231495577405,0,0.3557841638833109,0.4091090121624784,-0.19551886752204137,-0.5208371327180218,-0.05406528960595692,0.4816449121696556,1
49.0,0.8552113334772214,311.0,0.004945597018674919,0.0015665451896630378,0.08361936171511757,0.035097722390436195,0.6452416026055142,0.38612578677481435,0,0.3549305294526087,0.40684101317174937,-0.1957601063033545,-0.5187377632810161,-0.05650308862748624,0.48063405485362326,1
49.25,0.8595746566072073,310.75,0.005316576249579041,0.0017233599825503543,0.08642011508115549,0.03678006006582871,0.6385353188197868,0.38499284588755245,0,0.3540758193524941,0.40458216477853304,-0.19601188613450082,-0.5166428093408184,-0.05889698446797103,0.4796210486210486,1
49.5,0.8639379797371931,310.5,0.00569971235022515,0.0018875045216115716,0.08919168711626009,0.038457418769116646,0.631865852823359,0.38384369846102384,0,0.3532199880062501,0.40233244769646215,-0.19627401589056187,-0.5145522800508635,-0.061247178280136615,0.478605991569258,1
49.75,0.868301302867179,310.25,0.006094878343269938,0.0020589569283655518,0.09193423829872353,0.040129728241417285,0.6252331268676995,0.3826785558610215,0,0.3523629906691835,0.4000918426001392,-0.19654630532431414,-0.5124661841544905,-0.06355387121671197,0.47758897375301096,1
50.0,0.8726646259971648,310.0,0.00650194795084813,0.002237695019799202,0.09464792876759279,0.04179691915739258,0.6186370632042846,0.38149763460205205,0,0.35150478342479763,0.39786033012685207,-0.19682856506622784,-0.5103845300192581,-0.06581726443042249,0.47657007753138436,1
50.25000000000001,0.8770279491271507,309.75,0.00692079559309311,0.0024236963124836253,0.09733291832267679,0.04345892314760531,0.6120775840845809,0.3803011562942255,0,0.3506453231809601,0.39563789087813295,-0.19712060662446812,-0.5083073256697869,-0.0680375590739968,0.4755493778934227,1
50.5,0.8813912722571364,309.5,0.007351296386656325,0.002616938026804183,0.09998936642453841,0.045115672820630476,0.6055546117600646,0.37908934758706714,0,0.34978456766607585,0.3934245054211959,-0.19742224238489398,-0.5062345788192326,-0.07021495630016066,0.4745269427776951,1
50.75,0.8857545953871222,309.25,0.007793326143226809,0.0028173970912647173,0.10261743219450213,0.046767101784921085,0.5990680684822046,0.3778624401104202,0,0.348922475425255,0.39122015429022217,-0.19773328561105924,-0.5041662968993401,-0.07234965726164258,0.47350283338010907,1
51.0,0.8901179185171081,309.0,0.00824676136805147,0.0030250501469009095,0.10521727441464682,0.048413144670403835,0.5926178765024771,0.3766206704129517,0,0.34805900581648513,0.3890248179875251,-0.19805355044421158,-0.5021024870892301,-0.07444186311116814,0.4724771044465474,1
51.25,0.8944812416470939,308.75,0.008711479258454724,0.0032398735517876753,0.10778905152781385,0.050053737149808285,0.5862039580723485,0.3753642798973094,0,0.34719411900679986,0.38683847698459795,-0.19838285190329344,-0.5000431563428994,-0.07649177500146603,0.47144980456131863,1
51.5,0.8988445647770797,308.5,0.009187357702358012,0.0034618433856367092,0.11033292163759863,0.05168881595969664,0.5798262354432947,0.3740935147522896,0,0.346327775968451,0.3846611117230323,-0.19872100588494138,-0.4979883114154907,-0.07849959408526228,0.4704209764179878,1
51.75,0.9032078879070655,308.25,0.009674275276799649,0.003690935454470301,0.11284904250835671,0.053318318921201,0.5734846308667867,0.3728086258832898,0,0.34545993847507755,0.3824927026153353,-0.19906782916348628,-0.4959379588884292,-0.08046552151528417,0.4693906570868867,1
52.0,0.9075712110370514,308.0,0.010172111246454785,0.00392712529541317,0.11533757156520101,0.05494218496044622,0.5671790665942962,0.3715098688388626,0,0.34459056909787644,0.38033323004562924,-0.19942313939095352,-0.4938921051933578,-0.08238975844425914,0.4683588782713964,1
52.25,0.9119345341670372,307.75,0.010680745562155258,0.004170388181550355,0.11779866589400288,0.05656035412864622,0.5609094648772954,0.37019750373482607,0,0.3437196312017732,0.3781826743702603,-0.19978675509706276,-0.4918507566350376,-0.08427250602491403,0.4673256665501782,1
52.50000000000001,0.9162978572970231,307.5,0.011200058859409001,0.004420699126886474,0.12023248224139108,0.05817276762186458,0.5546757479672573,0.3688717951763781,0,0.3428470889415916,0.3760410159182983,-0.200158495689228,-0.48981391941316893,-0.08611396540997608,0.46629104361630713,1
52.75,0.9206611804270088,307.25,0.011729932456920222,0.004678032891369366,0.12263917701475349,0.059779367800431187,0.5484778381156519,0.367533012177126,0,0.3419729072582248,0.3739082349919607,-0.20053818145255756,-0.48778159964320505,-0.08791433775217236,0.46525502650865713,1
53.0,0.9250245035569946,307.0,0.012270248355108704,0.004942363986030762,0.1250189062822352,0.06138009820799621,0.5423156575739522,0.3661814280751127,0,0.3410970518748048,0.3717843118669184,-0.20092563354985418,-0.48575380337615415,-0.08967382420423012,0.4642176278306341,1
53.25,0.9293878266869805,306.75,0.012820889234630206,0.005213666678174134,0.1273718257727396,0.06297490359021395,0.5361891285936298,0.36481732044721144,0,0.3402194892928738,0.3696692267925554,-0.20132067402161483,-0.48373053661748394,-0.09139262591887622,0.46317885596104036,1
53.5,0.9337511498169663,306.5,0.013381738454895764,0.005491914996669345,0.12969809087592757,0.06456372991304975,0.5300981734261578,0.3634409710204261,0,0.33934018678855354,0.3675629599921141,-0.20172312578603097,-0.4817118053450838,-0.09307094404883805,0.46213871526373695,1
53.75,0.9381144729469522,306.25,0.013952680052591315,0.005777082737310701,0.13199785664221933,0.06614652438068981,0.5240427143230066,0.3620526655809858,0,0.3384591124087162,0.3654654916627815,-0.20213281263898827,-0.47969761552633955,-0.09470897974684254,0.461097206282217,1
54.0,0.9424777960769379,306.0,0.014533598740198217,0.006069143468263594,0.1342712777827922,0.06772323545305482,0.5180226735356489,0.36065269388111465,0,0.3375762349671547,0.36337680197570077,-0.20254955925406687,-0.4776879731343977,-0.09630693416561688,0.4600543259331555,1
54.25,0.9468411192069238,305.75,0.015124379904512653,0.006368070535577863,0.1365185086695814,0.06929381286289614,0.5120379733155567,0.3592413495430577,0,0.3366915240407529,0.3612968710759136,-0.20297319118254123,-0.4756828841635512,-0.09786500845788818,0.4590100676892653,1
54.5,0.9512044423369096,305.5,0.015724909605164594,0.006673837068773447,0.13873970333528074,0.07085820763247191,0.5060885359142021,0.35781892996164966,0,0.335804949965656,0.359225679082232,-0.20340353485338003,-0.47368235464390784,-0.09938340377638362,0.4579644217573196,1
54.75000000000001,0.9555677654668955,305.25,0.016335074573138986,0.006986415986515837,0.1409350154733416,0.07241637208979303,0.5001742835830575,0.3563857362040381,0,0.33491648383344097,0.35716320608705276,-0.2038404175732464,-0.4716863906552226,-0.1008623212738301,0.4569173752504742,1
55.0,0.9599310885968813,305.0,0.016954762209294594,0.007305780002332174,0.14310459843797424,0.07396825988442413,0.4942951385735934,0.35494207290722984,0,0.3340260974872864,0.3551094321561159,-0.20428366752649788,-0.46969499834006223,-0.10230196210295503,0.45586891235365634,1
55.25,0.964294411726867,304.75,0.017583860582884192,0.007631901630421933,0.14524860524414607,0.07551382600283549,0.48845102313728284,0.3534882481741236,0,0.3331337635181437,0.3530643373281933,-0.2047331137751862,-0.46770818391619423,-0.10370252741648525,0.4548190144835402,1
55.5,0.9686577348568529,304.5,0.01822225843007419,0.007964753191520346,0.14736718856758288,0.07705302678329677,0.4826418595255977,0.3520245734668771,0,0.33223945526090665,0.3510279016147465,-0.20518858625905764,-0.46572595368835545,-0.10506421836714817,0.4537676604412517,1
55.75,0.9730210579868387,304.25,0.01886984515246426,0.008304306818827656,0.14946050074476863,0.07858581993029833,0.4768675699900094,0.3505513634987059,0,0.3313431467905821,0.3490001049995154,-0.20564991579555264,-0.4637483140593085,-0.10638723610767066,0.45271482656457085,1
56.0,0.9773843811168246,304.0,0.01952651081560719,0.00865053446400088,0.1515286937729448,0.08011216452850072,0.47112807678199164,0.3490689361238175,0,0.3304448129184602,0.3469809274380731,-0.20611693407980608,-0.46177527154028203,-0.10767178179078,0.451660486867539,1
56.25,0.9817477042468103,303.75,0.020192146147528955,0.009003407903204863,0.15357191931011194,0.08163202105619552,0.4654233021530142,0.34757761222504674,0,0.32954442918828497,0.3449703488573207,-0.2065894736846471,-0.4598068327608089,-0.10891805656920313,0.45060461318282674,1
56.5,0.9861110273767962,303.5,0.02086664253724857,0.009362898743223269,0.15559032867502787,0.0831453513982743,0.4597531683545499,0.3460777156003422,0,0.3286419718724243,0.34296834915496355,-0.20706736806059933,-0.45784300447792414,-0.11012626159566728,0.44954717529442667,1
56.75,0.990474350506782,303.25,0.021549892033296603,0.009728978427624435,0.15758407284720843,0.08465211885869878,0.4541175976380709,0.34456957284732603,0,0.32773741796804023,0.3409749081989255,-0.20755045153588064,-0.455883793584845,-0.11129659802289964,0.4484881410647548,1
57.00000000000001,0.9948376736367679,303.0,0.02224178734223692,0.010101618242975619,0.15955330246692787,0.08615228817246244,0.4485165122550492,0.34305351324599215,0,0.32683074519326,0.33899000582674355,-0.20803855931640325,-0.45392920711905976,-0.11242926700362715,0.4474274765632658,1
57.25,0.9992009967667537,302.75,0.02294222182718486,0.01048078932511498,0.16149816783521803,0.08764582551703705,0.4429498344569573,0.34152986864016366,0,0.3259219319833454,0.33701362184492234,-0.20853152748577375,-0.4519792522698856,-0.11352446969057708,0.446365146185342,0
57.5,1.0035643198967394,302.5,0.023651089506327994,0.010866462665466758,0.1634188189138697,0.08913269852329973,0.43741748649526563,0.33999897331743495,0,0.3250109574868638,0.33504573602824506,-0.20902919300529316,-0.45003393638551975,-0.1145824072364764,0.44530111276809126,0
57.74999999999999,1.0079276430267252,302.25,0.024368285051445504,0.011258609117414276,0.16531540532543065,0.09061287628593184,0.4319193906214473,0.3384611638875631,0,0.3240978015618582,0.33308632811908256,-0.20953139371395665,-0.44809326697958674,-0.11560328079405238,0.444235337703759,0
58.00000000000001,1.0122909661567112,302.0,0.025093703786427612,0.011657199402697382,0.16718807635320734,0.09208632937328479,0.42645546908697396,0.3369167791597239,0,0.32318244477201763,0.3311353778266414,-0.21003796832845395,-0.4461572517372,-0.11658729151603203,0.4431677810487894,0
58.25,1.016654289286697,301.75,0.025827241685796087,0.012062204117870068,0.16903698094126407,0.09355302983670774,0.42102564414331795,0.33536616001835423,0,0.3222648683828475,0.3291928648262178,-0.21054875644316898,-0.4442258985205574,-0.11753464055514255,0.44209840162780434,0
58.5,1.0210176124166828,301.5,0.02656879537322343,0.012473593740784272,0.17086226769442325,0.09501295121933001,0.41562983804195075,0.3338096492979734,0,0.3213450543578401,0.32725876875840165,-0.21106359853018009,-0.4422992153740953,-0.11844552906411099,0.4410271571356098,0
58.75,1.0253809355466685,301.25,0.027318262120053505,0.0128913386371321,0.1726640848782653,0.09646606856429635,0.41026797303434454,0.33224759165673373,0,0.3204229853546443,0.3253330692282811,-0.21158233593925996,-0.440377210529194,-0.1193201581956645,0.43995400423596515,0
59.00000000000001,1.0297442586766545,300.99999999999994,0.02807553984381972,0.013315409066984585,0.17444258041912888,0.09791235842244583,0.40493997137197085,0.33068033344911874,0,0.31949864472123657,0.3234157458046071,-0.2121048108978756,-0.43845989240846994,-0.1201587291025303,0.43887889865575275,0
59.25000000000001,1.0341075818066403,300.75,0.028840527106766434,0.013745775191410847,0.17619790190411003,0.09935179885943628,0.3996457553063032,0.3291082225977115,0,0.31857201649209177,0.321506778018958,-0.2126308665111883,-0.4365472696296593,-0.12096144293743506,0.43780179527607554,0
59.5,1.038470904936626,300.5,0.0296131231143677,0.014182407079081139,0.17793019658106382,0.10078436946230407,0.394385247088812,0.327531608463927,0,0.3176430853843516,0.3196061453648815,-0.21316034676205395,-0.4346393510091151,-0.12172850085310644,0.43672264822163054,0
59.75,1.0428342280666119,300.25,0.030393227713848114,0.014625274712931069,0.1796396113586028,0.1022100513454605,0.3891583689709695,0.32595084171812,0,0.3167118367939967,0.31771382729701014,-0.21369309651102247,-0.4327361455649111,-0.12246010400227134,0.43564141094641856,0
59.99999999999999,1.0471975511965976,300.0,0.031180741392701217,0.015074347996836157,0.18132629280609752,0.10362882715611811,0.383965043204248,0.3243662742090791,0,0.3157782567920168,0.31582980323019183,-0.21422896149633827,-0.43083766251959077,-0.12315645353765683,0.43455803631568785,0
60.25000000000001,1.0515608743265836,299.75,0.03197556527721035,0.015529596762307474,0.1829903871536769,0.1050406810791481,0.37880519204011903,0.32277825883262173,0,0.3148423321205801,0.31395405253857345,-0.21476778833394017,-0.42894391130255616,-0.12381775061199016,0.4334724766884633,0
60.5,1.0559241974565694,299.5,0.032777601130967726,0.015990990775209046,0.18463204029222785,0.10644559884135997,0.3736787377300544,0.32118714939986553,0,0.3139040501892044,0.312086554554711,-0.21530942451746138,-0.42705490155209674,-0.12444419637799839,0.4323846839913351,0
60.75,1.0602875205865552,299.25,0.03358675135339473,0.016458499742503574,0.18625139777339444,0.10784356771520939,0.36858560252552797,0.3195933005051937,0,0.31296339907092774,0.3102272885686448,-0.2158537184182289,-0.42517064311713415,-0.12503599198840842,0.4312946097966498,0
61.0,1.064650843716541,299.0,0.03440291897826131,0.01693209331899015,0.18784860480958038,0.10923457652192561,0.3635257086780096,0.3179970673934336,0,0.3120203674984771,0.3083762338269722,-0.21640051928526502,-0.4232911460585689,-0.12559333859594768,0.43020220539396425,0
61.25000000000001,1.069014166846527,298.75,0.03522600767220663,0.017411741114080836,0.18942380627394623,0.11061861563406025,0.35849897843897205,0.3163988058271623,0,0.3110749448604408,0.3065333695319389,-0.21694967724528577,-0.42141642065040136,-0.12611643735334316,0.42910742185887324,0
61.50000000000001,1.0733774899765127,298.5,0.036055921733257446,0.017897412698568482,0.1909771467004113,0.11199567697745672,0.35350533405988643,0.31479887195366885,0,0.31012712119743735,0.3046986748404863,-0.2175010433027015,-0.41954647738047807,-0.1266054894133221,0.4280102101245017,0
61.75,1.0777408131064985,298.25,0.03689256608934821,0.01838907761139874,0.19250877028365204,0.11336575403263803,0.3485446977922265,0.313197622171538,0,0.3091768871982872,0.3028721288633287,-0.21805446933961703,-0.4176813269509887,-0.12706069592861124,0.42691052104337923,0
62.0,1.0821041362364843,298.0,0.03773584629684268,0.01888670536647452,0.1940188208791042,0.11472884183561198,0.3436169918874624,0.311595412997768,0,0.3082242341961807,0.30105371066401865,-0.21860980811583178,-0.4158209802786723,-0.12748225805193816,0.4258083054530933,0
62.24999999999999,1.08646745936647,297.75,0.03858566853905032,0.019390265459427014,0.1955074420029602,0.11608493697809932,0.33872213859706796,0.3099926009344372,0,0.3072691541648517,0.2992433992580015,-0.21916691326883891,-0.4139654484947416,-0.12787037693602962,0.42470351423827807,0
62.50000000000001,1.090830782496456,297.5,0.03944193962475018,0.019899727374410925,0.196974776832172,0.11743403760717537,0.33386006017251296,0.3083895423354292,0,0.3063116397147444,0.297441173611692,-0.2197256393138268,-0.41211474294454803,-0.12822525373361304,0.42359609839026907,0
62.75,1.0951941056264418,297.25,0.04030456698670659,0.020415060590888157,0.1984209682044481,0.11877614342433516,0.32903067886527115,0.30678659327410585,0,0.30535168408918695,0.29564701264153226,-0.22028584164367715,-0.41026887518698557,-0.1285470895974153,0.42248600906409206,0
63.0,1.0995574287564276,297.0,0.04117345868019184,0.020936234590405722,0.19984615861825622,0.12011125568398029,0.3242339169268139,0.30518410941049035,0,0.3043892811605592,0.29386089521306336,-0.22084737652896685,-0.4084278569936585,-0.1288360856801636,0.4213731976351091,0
63.25,1.1039207518864134,296.75,0.04204852338150489,0.02146321886337088,0.20125049023282138,0.121439377191325,0.3194696966086139,0.30358244585888494,0,0.3034244254264647,0.29208280014000576,-0.22141010111796666,-0.40659170034779085,-0.12909244313458504,0.4202576157542136,0
63.50000000000001,1.1082840750163994,296.5,0.0429296703864912,0.021995982915805512,0.2026341048681276,0.12276051229972777,0.3147379401621408,0.30198195705655023,0,0.30245711200589964,0.29031270618332883,-0.22197387343664204,-0.4047604174429124,-0.1293163631134068,0.4191392153987193,0
63.75000000000001,1.1126473981463851,296.25,0.04381680960906198,0.022534496276101712,0.20399714400491548,0.12407466690745146,0.31003856983886935,0.3003829966323898,0,0.30148733663542504,0.28855059205034583,-0.2225385523886524,-0.40293402068132417,-0.12950804676935593,0.41801794892497934,0
64.0,1.117010721276371,296.0,0.04470985157971541,0.02307872850174908,0.20533974878468506,0.1253818484538489,0.3053715078902698,0.298785917276239,0,0.3005150956653353,0.2867964363937989,-0.2231039977553518,-0.4011125226723252,-0.12966769525515956,0.4168937691175386,0
64.25,1.1213740444063567,295.75,0.045608707444054986,0.02362864918605534,0.20666206000969362,0.12668206591498235,0.3007366765678147,0.29719107060913463,0,0.29954038605582933,0.2850502178109654,-0.2236700701957885,-0.3992959362302491,-0.1297955097235448,0.4157666292371729,0
64.5,1.1257373675363425,295.5,0.046513288961309796,0.02418422796482944,0.20796421814295668,0.12797532979867707,0.29613399812297636,0.2955988070542484,0,0.29856320537318104,0.28331191484276497,-0.22423663124670512,-0.39748427437227163,-0.12989169132723877,0.41463648306759193,0
64.75,1.1301006906663285,295.25,0.04742350850285448,0.02474543452307265,0.20924636330824808,0.1292616521390144,0.2915633948072261,0.2940094757084591,0,0.2975835517859092,0.28158150597288434,-0.22480354332253877,-0.3956775503160395,-0.12995644121896865,0.4135032849599928,0
65.0,1.1344640137963142,295.0,0.0483392790507291,0.02531223860160159,0.21050863529009936,0.13054104649026452,0.2870247888720364,0.2924234242150953,0,0.29660142406094814,0.27985896962690093,-0.22537066971542066,-0.3938757774770895,-0.12998996055146145,0.41236698987864995,0
65.25,1.1388273369263,294.75,0.04926051419615818,0.02588461000368869,0.21175117353380032,0.13181352792026915,0.2825181025688788,0.2908409986376312,0,0.29561682155981783,0.27814428417143033,-0.22593787459517672,-0.39207896946607923,-0.12999245047744437,0.4112275534419888,0
65.5,1.1431906600562858,294.5,0.05018712813807169,0.02646251860163873,0.2129741171453986,0.13307911300327202,0.27804325814922576,0.28926254333439433,0,0.2946297442347946,0.27643742791327996,-0.22650502300932662,-0.3902871400858477,-0.1299641121496445,0.4100849319636532,0
65.75,1.1475539831862718,294.25,0.05111903568162335,0.02704593434334257,0.21417760489170018,0.13433781981220813,0.2736001778645487,0.2876884008344484,0,0.293640192625081,0.274738379098618,-0.22707198088308506,-0.3885003033282879,-0.12990514672078896,0.4089390824946478,0
66.0,1.1519173063162575,294.0,0.052056152236711783,0.0276348272588135,0.21536177520026886,0.13558966791045118,0.2691887839663198,0.2861189117145911,0,0.29264816785297654,0.27304711591215525,-0.22763861501936064,-0.38671847337103954,-0.12981575534360487,0.40778996286086194,0
66.25,1.1562806294462433,293.75,0.05299839381649907,0.02822916746664994,0.21652676615942645,0.13683467834302943,0.2648089987060115,0.2845544144778253,0,0.29165367162004757,0.27136361647634033,-0.22820479309875655,-0.38494166457403417,-0.12969613917081926,0.4066375317012748,0
66.5,1.160643952576229,293.5,0.053945677035932116,0.02882892518050717,0.21767271551825318,0.13807287362731252,0.2604607443350949,0.2829952454330929,0,0.2906567062032983,0.26968785885057456,-0.22877038367956992,-0.3831698914758545,-0.1295464993551594,0.4054817485056831,0
66.75,1.1650072757062149,293.25,0.054897919110260096,0.02943407071547166,0.21879976068658674,0.13930427774317788,0.256143943105043,0.28144173857645544,0,0.2896572744513402,0.26801982103044075,-0.22933525619779288,-0.3814031687899503,-0.12936703704935232,0.4043225736490191,0
67.0,1.1693705988362009,293.0,0.05585503785355728,0.03004457449443909,0.21990803873502354,0.14052891612266066,0.2518585172673268,0.27989422547362347,0,0.28865537978056355,0.26635948094694517,-0.22989928096711143,-0.3796415114006982,-0.12915795340612513,0.40315996842723995,0
67.25,1.1737339219661866,292.75,0.05681695167723966,0.030660407054421412,0.22099768639491746,0.14174681563909494,0.2476043890734187,0.2783530351443023,0,0.2876510261713063,0.26470681646578675,-0.230462329178906,-0.3778849343593044,-0.12891944957820495,0.4019938950910993,0
67.5,1.1780972450961724,292.5,0.05778357958858682,0.03128153905281683,0.22206884005838065,0.14295800459575445,0.24338148077479094,0.27681849394797803,0,0.28664421816402597,0.2630618053866328,-0.23102427290225128,-0.37613345287957,-0.12865172671831895,0.40082431687950437,0
67.75,1.1824605682261582,292.25,0.05875484118926133,0.03190794127360663,0.2231216357782835,0.14416251271399705,0.23918971462291508,0.2752909254714183,0,0.2856349608554685,0.2614244254424213,-0.2315849850839167,-0.3743870823335022,-0.1283549859791942,0.3996511980506729,0
68.0,1.1868238913561442,292.0,0.05973065667382749,0.032539584633538454,0.22415620926825414,0.14536037112092373,0.23502901286926337,0.2737706504179825,0,0.28462325989484005,0.25979465429867976,-0.23214433954836552,-0.3726458382468079,-0.12802942851355778,0.39847450391376066,0
68.25,1.19118721448613,291.75,0.06071094682827294,0.03317644018821575,0.22517269590267902,0.14655161233655714,0.23089929776530746,0.27225798649859567,0,0.28360912147997575,0.25817246955286677,-0.23270221099775584,-0.37090973629422913,-0.12767525547413686,0.3972942008597064,0
68.5,1.1955505376161157,291.5,0.06169563302852643,0.03381847913815206,0.2261712307167023,0.1477362702605491,0.22680049156251966,0.2707532483248341,0,0.28259255235351155,0.2565578487337288,-0.23325847501193972,-0.36917879229476713,-0.12729266801365854,0.39611025639005404,0
68.75,1.1999138607461015,291.25,0.06268463723897932,0.03446567283476387,0.22715194840622663,0.14891438015842623,0.22273251651237164,0.26925674730359167,0,0.2815735597990537,0.2549507693006843,-0.2338130080484636,-0.36745302220676646,-0.12688186728485001,0.39492263914658904,0
69.0,1.2042771838760873,291.0,0.0636778820110041,0.03511799278629346,0.22811498332791227,0.15008597864737813,0.21869529486633557,0.2677687915340744,0,0.2805521516373489,0.25335120864322314,-0.2343656874425686,-0.3657324421228804,-0.12644305444043824,0.3937313189389139,0
69.25,1.2086405070060733,290.75,0.0646752904814748,0.03577541066367862,0.22906046949917783,0.1512511036816042,0.21468874887588357,0.2662896857066017,0,0.27952833622245554,0.2517591440803393,-0.2349163914071898,-0.3640170682649145,-0.12597643063315048,0.3925362667709929,0
69.5,1.213003830136059,290.5,0.06567678637128704,0.03643789830635613,0.22998854059819981,0.15240979453721867,0.21071280079248733,0.2648197310034334,0,0.2785021224379131,0.25017455285996637,-0.2354649990329569,-0.3623069169785601,-0.12548219701571375,0.39133745487026084,0
69.75,1.2173671532660448,290.25,0.06668229398387682,0.03710542772798897,0.2308993299639129,0.153562091796732,0.20676737286761895,0.26335922500192815,0,0.2774735196929132,0.24859741215846343,-0.2360113902881937,-0.3606020047279841,-0.12496055474085524,0.3901348567117312,0
70.0,1.2217304763960306,290.0,0.06769173820374097,0.03777797112213843,0.23179297059600973,0.15470803733311078,0.2028523873527503,0.2619084615797281,0,0.27644253791846923,0.24702769908009536,-0.23655544601891862,-0.3589023480903521,-0.12441170496130204,0.3889284470421816,0
70.25,1.2260937995260166,289.74999999999994,0.06870504449495751,0.03845550086785543,0.23266959515494118,0.15584767429343166,0.19896776649935285,0.2604677308222489,0,0.27540918756358723,0.2454653906565647,-0.23709704794884434,-0.35720796375020686,-0.12383584882978114,0.38771820190800227,0
70.5,1.2304571226560024,289.5,0.06972213889970358,0.03913798953520897,0.23352933596191547,0.15698104708213406,0.19511343255890062,0.25903731893235893,0,0.2743734795914366,0.24391046384654624,-0.2376360786793775,-0.3555188684937487,-0.12323318749902003,0.386504098677015,0
70.75,1.2348204457859882,289.25,0.07074294803677761,0.03982540989072192,0.23437232499890004,0.1581082013438858,0.19128930778286307,0.2576175081423855,0,0.273335425475519,0.24236289553526447,-0.23817242168961975,-0.3538350792030234,-0.12260392212174542,0.3852861160628041,0
71.0,1.239183768915974,289.0,0.0717673991001172,0.04051773490276345,0.2351986939086193,0.15922918394606803,0.18749531442271378,0.25620857662837687,0,0.2722950371958399,0.24082266253407847,-0.2387059613363667,-0.3521566128499902,-0.12194825385068457,0.38406423414695506,0
71.25,1.2435470920459597,288.75,0.07279541985731985,0.041214937746828606,0.23600857399455652,0.1603440429608925,0.18373137472992365,0.2548107984270039,0,0.2712523272350792,0.2392897415801113,-0.23923658285410823,-0.35048348649051597,-0.1212663838385647,0.3828384344021644,0
71.5,1.2479104151759457,288.5,0.07382693864816203,0.04191699181076769,0.23680209622095233,0.16145282764716143,0.17999741095596572,0.2534244433546881,0,0.27020730857476005,0.23776410933589176,-0.23976417235502895,-0.3488157172582412,-0.12055851323811279,0.3816086997147706,0
71.75,1.2522737383059315,288.25,0.07486188438312047,0.04262387069991236,0.23757939121280608,0.16255558843167908,0.17629334535231045,0.2520497769289846,0,0.26915999469142055,0.23624574238903295,-0.24028861682900743,-0.3471533223583774,-0.11982484320205582,0.3803750144037104,0
72.0,1.2566370614359172,288.0,0.07590018654188924,0.043335548242141475,0.2383405892558743,0.16365237689032544,0.1726191001704321,0.25068706029284693,0,0.26811039955278426,0.23473461725193,-0.24080980414361658,-0.3454963190614084,-0.1190655748831214,0.3791373642436222,0
72.25,1.261000384565903,287.75,0.0769417751719026,0.04405199849284536,0.2390858202966726,0.16474324572880694,0.16897459766180048,0.24933655014127362,0,0.26705853761392867,0.233230710361492,-0.24132762304412406,-0.3438447246966853,-0.11828090943403619,0.37789573648466734,0
72.5,1.265363707695889,287.5,0.07798658088685262,0.044773195739818306,0.23981521394247401,0.16582824876309002,0.1653597600778885,0.24799849865028037,0,0.26600442381345757,0.23173399807889317,-0.2418419631534915,-0.3421985566459552,-0.11747104800752749,0.3766501198714671,0
72.75,1.2697270308258748,287.25,0.07903453486520995,0.045499114508052774,0.2405288994613096,0.166907440899532,0.16177450967016782,0.24667315340856238,0,0.26494807356967043,0.23024445668937055,-0.24235271497237507,-0.3405578323367911,-0.11663619175632221,0.37540050466380814,0
73.0,1.2740903539558606,287.0,0.08008556884874296,0.046229729564460365,0.24122700578196862,0.16798087811471826,0.15821876869011128,0.2453607573518702,0,0.26388950277673323,0.228762062402024,-0.242859769879125,-0.33892256923593933,-0.11577654183314783,0.37414688265471435,0
73.25,1.2784536770858463,286.75,0.08113961514103851,0.0469650159224958,0.24190966149399862,0.1690486174350205,0.15469245938918924,0.24406154869997418,0,0.26282872780084765,0.22728679134967178,-0.24336302012978644,-0.3372927848425923,-0.11489229939073112,0.3728892471885952,0
73.5,1.2828170002158321,286.5,0.08219660660602002,0.0477049488466903,0.24257699484770456,0.17011071691588378,0.15119550401887602,0.24277576089590627,0,0.26176576547642344,0.22581861958871696,-0.24386235885809812,-0.33566849668157733,-0.11398366558179963,0.37162759318041166,0
73.75,1.2871803233458181,286.25,0.08325647666647007,0.04844950385709357,0.24322913375415023,0.17116723562085454,0.1477278248306408,0.24150362254822674,0,0.2607006331022461,0.2243575230990541,-0.24435768007549388,-0.3340497222964622,-0.11305084155907985,0.37036191713371,0
74.0,1.2915436464758039,286.0,0.08431915930254652,0.049198656733634105,0.24386620578515686,0.17221823360036387,0.1442893440759578,0.24024535737597513,0,0.25963334843765007,0.22290347778399877,-0.2448488786711014,-0.3324364792425865,-0.11209402847529942,0.3690922171563019,0
74.25,1.2959069696057897,285.75,0.08538458905030533,0.049952383520370014,0.244488338173304,0.17326377187027514,0.14087998400629795,0.2390011841558888,0,0.25856392969868663,0.22145645947025772,-0.24533585041174283,-0.3308287850800305,-0.11111342748318523,0.3678184929774013,0
74.5,1.3002702927357754,285.5,0.08645270100021873,0.05071066052965967,0.2450956578119291,0.17430391239020665,0.13749966687313406,0.2377713166727387,0,0.2574923955542959,0.22001644390791653,-0.24581849194193464,-0.32922665736649687,-0.11010923973546466,0.36654074596519376,0
74.75,1.3046336158657614,285.25,0.08752343079569613,0.05147346434623412,0.24568829125512795,0.17533871804164583,0.1341483149279365,0.23655596367213313,0,0.25641876512247597,0.21858340677047217,-0.2462967007838879,-0.3276301136501261,-0.10908166638486427,0.3652589791431273,0
75.0,1.3089969389957472,285.0,0.08859671463160224,0.052240771831158384,0.24626636471775412,0.17636825260586006,0.13082585042217842,0.2353553288159708,0,0.25534305796645435,0.21715732365488527,-0.24677037533750776,-0.32603917146223643,-0.10803090858411167,0.3639731972041931,0
75.25,1.313360262125733,284.75,0.08967248925277882,0.05301256012572875,0.24683000407541916,0.17739258074162212,0.12753219560733214,0.234169610640766,0,0.25426529409085746,0.21573817008166996,-0.24723941488039378,-0.3244538483100142,-0.10695716748593379,0.36268340652663084,0
75.5,1.3177235852557188,284.5,0.09075069195256291,0.05378880665523689,0.247379334864493,0.17841176796275732,0.12426727273486862,0.2329990025185343,0,0.25318549393788137,0.2143259214950195,-0.2477037195678398,-0.32287416166911703,-0.10586064424305781,0.36138961519042995,0
75.75,1.3220869083857045,284.25,0.09183126057130708,0.05456948913265591,0.24791448228210344,0.1794258806155276,0.12103100405626059,0.23184369262064544,0,0.25210367838346204,0.21292055326296078,-0.2481631904328341,-0.32130012897622007,-0.10474154000821091,0.360091832990541,0
76.0,1.3264502315156905,284.0,0.09291413349489996,0.05535458556222783,0.24843557118613616,0.1804349858558633,0.11782331182297959,0.23070386388385497,0,0.2510198687334455,0.211522040677532,-0.24861772938605933,-0.3197317676215038,-0.10360005593411999,0.35879007145115044,0
76.25,1.3308135546456763,283.75,0.09399924965328499,0.05614407424293888,0.2489427260952352,0.18143915162645066,0.11464411828649779,0.2295796939794943,0,0.24993408671975859,0.21013035895500876,-0.2490672392158925,-0.3181690949410759,-0.10243639317351247,0.35748434384115085,0
76.5,1.335176877775662,283.5,0.09508654851898024,0.0569379337719077,0.2494360711888024,0.18243844663369488,0.11149334569828723,0.22847135528538315,0,0.24884635449657874,0.20874548323615694,-0.24951162358840479,-0.316612128209324,-0.10125075287911504,0.3561746651860232,0
76.75,1.3395402009056478,283.25,0.09617597010559886,0.05773614304766361,0.24991573030699787,0.1834329403245625,0.10837091630981961,0.2273790148600226,0,0.2477566946365049,0.20736738858651638,-0.2499507870473619,-0.31506088463123366,-0.1000433362036552,0.35486105228266474,0
77.0,1.3439035240356338,283.0,0.0972674549663688,0.05853868127333084,0.2503818269507396,0.18442270286331913,0.10527675237256721,0.22630283441980314,0,0.2466651301267273,0.20599604999672072,-0.2503846350142239,-0.3135153813346119,-0.09881434429985989,0.35354352371147524,0
77.25,1.3482668471656196,282.75,0.09836094419265184,0.05934552795970349,0.25083448428170363,0.18540780510817306,0.10221077613800167,0.22524297031881782,0,0.24557168436519844,0.20463144238285513,-0.250813073788145,-0.3119756353622997,-0.09756397832045641,0.35222209984917435,0
77.5,1.3526301702956054,282.5,0.09945637941246388,0.06015666292822908,0.2512738251223241,0.18638831858783675,0.09917290985759548,0.22419957353137226,0,0.24447638115680267,0.20327354058683933,-0.251236010545974,-0.3104416636642837,-0.09629243941817166,0.35089680288161956,0
77.75,1.3569934934255912,282.25,0.10055370278899511,0.060972066313867646,0.2516999719557933,0.18736431547801785,0.09616307578281989,0.22317278963687076,0,0.2433792447095271,0.20192231937684724,-0.25165335334225386,-0.3089134830897968,-0.09499992874573276,0.3495676568156884,0
78.0,1.361356816555577,282.0,0.10165285701912907,0.06179171856788657,0.2521130469260614,0.1883358685778488,0.09318119616514746,0.22216275880759007,0,0.24228029963063166,0.2005777534477774,-0.25206501110922197,-0.30739111037932604,-0.093686647455867,0.34823468749085607,0
78.25,1.365720139685563,281.75,0.10275378533196233,0.06261560046050718,0.25251317183783667,0.1893030512862711,0.09022719325605007,0.22116961579919203,0,0.24117957092281966,0.19923981742172658,-0.2524708936568102,-0.30587456215661235,-0.09235279670130128,0.3468979225904732,0
78.5,1.3700834628155487,281.5,0.10385643148732537,0.0634436930834833,0.25290046815658546,0.19026593757838217,0.08730098930699948,0.22019348994336044,0,0.240077083980408,0.1979084858485347,-0.25287091167264447,-0.30436385492055995,-0.0909985776347629,0.3455573916540878,0
78.75,1.3744467859455345,281.25,0.10496073977430109,0.064275977852562,0.2532750570085322,0.19122460198175542,0.08440250656946789,0.21923450514343096,0,0.2389728645854972,0.1965837332063327,-0.25326497672204523,-0.30285900503712865,-0.08962419140897884,0.3442131260864458,0
79.0,1.3788101090755203,281.0,0.10606665500974577,0.06511243650983467,0.25363705918065926,0.19217911955274883,0.0815316672949271,0.21829277987239065,0,0.23786693890414246,0.1952655339021493,-0.25365300124802725,-0.3013600287311645,-0.08822983917667636,0.34286515916937393,0
79.25,1.3831734322055063,280.75,0.10717412253680725,0.06595305112600292,0.2539865951207073,0.19312956585280763,0.07868839373484898,0.2173684271732882,0,0.23675933348252326,0.1939538622725413,-0.2540348985712997,-0.29986694207818865,-0.08681572209058254,0.3415135260717475,0
79.5,1.387536755335492,280.5,0.10828308822344634,0.06679780410252789,0.25432378493717456,0.19407601692477652,0.07587260814070605,0.21646155466243353,0,0.235650075243114,0.1926486925842591,-0.25441058289026597,-0.2983797609961408,-0.08538204130342437,0.3401582638593627,0
79.75,1.3919000784654778,280.25,0.10939349846095625,0.06764667817367209,0.25464874839931784,0.1950185492692302,0.07308423276396953,0.21557226453489065,0,0.23453919148085453,0.19134999903496785,-0.2547799692810239,-0.2968985012370819,-0.08392899796792913,0.3387994115046947,0
80.0,1.3962634015954636,280.0,0.11050530016248061,0.06849965640845279,0.2549616049371517,0.19595723982083355,0.07032318985611216,0.21470065357228912,0,0.23342670985932018,0.19005775575396788,-0.25514297369736577,-0.29542317837885274,-0.08245679323682385,0.33743700989545966,0
80.25,1.4006267247254494,279.75,0.11161844076153637,0.06935672221248257,0.25526247364144883,0.1968921659247403,0.06758940166860518,0.21384681315327853,0,0.2323126584068921,0.18877193680298732,-0.25549951297077794,-0.29395380781670166,-0.08096562826283558,0.3360711018442835,0
80.5,1.4049900478554354,279.5,0.11273286821053119,0.07021785932970948,0.25555147326374,0.19782340531304446,0.06488279045292125,0.21301082926616796,0,0.2311970655129281,0.18749251617699314,-0.2558495048104412,-0.29249040475485877,-0.07945570419869155,0.3347017320978748,0
80.75,1.4093533709854211,279.25,0.11384853097928371,0.07108305184405073,0.2558287222163139,0.19875103608128936,0.062203278460531614,0.21219278252400192,0,0.2300799599239321,0.18621946780504384,-0.256192867803231,-0.2910329841980837,-0.07792722219711891,0.33332894734496976,0
81.0,1.413716694115407,279.0,0.11496537805354401,0.07195228418093258,0.25609433857221753,0.19967513666505052,0.0595507879429088,0.2113927481821264,0,0.22896137073972517,0.1849527655511798,-0.2565295214137166,-0.2895815609431705,-0.07638038341084469,0.33195279622412444,0
81.25,1.4180800172453927,278.75,0.11608335893351229,0.07282554110871808,0.2563484400652556,0.20059578581659804,0.05692524115152473,0.21061079615761585,0,0.2278413274096158,0.1836923832153442,-0.2568593859841621,-0.2881361495704273,-0.07481538899259596,0.3305733293311448,0
81.5,1.4224433403753787,278.49999999999994,0.11720242363235989,0.0737028077400459,0.25659114408999123,0.20151306258164903,0.05432656033785069,0.2098469910512476,0,0.22671985972856964,0.18243829453434912,-0.25718238273452565,-0.2866967644351165,-0.07323244009509969,0.3291905992284945,0
81.75,1.4268066635053644,278.25,0.11832252267474785,0.07458406953304397,0.25682256770174505,0.2024270462762217,0.05175466775336025,0.20910139217155946,0,0.22559699783338122,0.18119047318288228,-0.25749843376245984,-0.28526341965885216,-0.07163173787108369,0.32780466045080375,0
82.0,1.4311699866353502,278.0,0.11944360709534785,0.0754693122924801,0.2570428276165964,0.20333781646359783,0.049209485649523786,0.2083740535611753,0,0.2244727721988422,0.1799488927745333,-0.2578074620433116,-0.2838361291209922,-0.07001348347327438,0.32641556951116685,0
82.25,1.435533309765336,277.75,0.12056562843736152,0.07635852217077632,0.25725204021138226,0.20424545293140647,0.046690936277813976,0.20766502402519466,0,0.2233472136339136,0.17871352686287678,-0.25810939143012224,-0.282414906449981,-0.06837787805439911,0.32502338490990135,0
82.5,1.4398966328953218,277.5,0.12168853875103935,0.07725168566894103,0.2574503215236978,0.20515003566883422,0.044198941889702435,0.2069743471615447,0,0.22222035327789513,0.1774843489425878,-0.25840414665362743,-0.2809997650146649,-0.06672512276718497,0.32362816713915993,0
82.75,1.4442599560253078,277.25,0.12281229059220189,0.07814878963740057,0.2576377872518961,0.20605164484397384,0.0417334247366615,0.20630206139357468,0,0.2210922225965959,0.17626133245059283,-0.2586916533222571,-0.2795907179155946,-0.06505541876435912,0.3222299786887952,0
83.0,1.4486232791552935,277.0,0.12393683702075853,0.07904982127672933,0.25781455275508863,0.2069503607813189,0.03929430707016276,0.2056482000045648,0,0.21996285337850427,0.17504445076725061,-0.2589718379221355,-0.2781877779762896,-0.06336896719864825,0.320828884052842,0
83.25,1.4529866022852793,276.75,0.12506213159922785,0.07995476813828561,0.2579807330531443,0.20784626393941358,0.03688151114167897,0.2050127911740514,0,0.21883227773095965,0.1738336772175928,-0.25924462781708135,-0.276790957734484,-0.06166596922278051,0.3194249497337343,0
83.5,1.457349925415265,276.5,0.12618812839125715,0.08086361812474485,0.2581364428266906,0.20873943488866428,0.034494959202681405,0.20439585801635946,0,0.21770052807632018,0.17262898507258184,-0.2595099512486077,-0.27540026943335405,-0.059946625989481944,0.31801824424778896,0
83.75,1.461713248545251,276.25,0.12731478196014256,0.08177635949054096,0.258281796417113,0.20962995428932574,0.03213457350464209,0.20379741862079193,0,0.21656763714813584,0.17143034755041908,-0.2597677373359219,-0.27401572501271626,-0.05821113865148032,0.3166088381305043,0
84.0,1.4660765716752369,276.0,0.12844204736734754,0.08269298084221388,0.2584169078265549,0.2105179028696633,0.02980027629903275,0.2032174860935177,0,0.21543363798731696,0.17023773781788654,-0.26001791607592567,-0.2726373361002085,-0.05645970836150218,0.31519680393921906,0
84.25,1.4704398948052226,275.75,0.12956988017102444,0.08361347113864981,0.2585418907179176,0.21140336140430457,0.027491989837326605,0.20265606860164784,0,0.21429856393830576,0.16905112899172792,-0.260260418343215,-0.27126511400246506,-0.054692536272275445,0.31378221625745706,0
84.5,1.4748032179352084,275.5,0.1306982364245337,0.08453781969125063,0.25865685841486086,0.21228641069278642,0.025209636370993826,0.20211316941864096,0,0.21316244864524525,0.16787049414006594,-0.26049517589008037,-0.26989906969625976,-0.052909823536526374,0.31236515169945,0
84.75,1.4791665410651942,275.25,0.1318270726749623,0.08546601616398275,0.258761923901802,0.21316713153830277,0.022953138151508217,0.20158878697155064,0,0.21202532604815147,0.16669580628386993,-0.2607221213465064,-0.2685392138196416,-0.05111177130698298,0.3109456889123765,0
85.0,1.4835298641951802,275.0,0.13295634596164596,0.08639805057335581,0.25885719982391686,0.21404560472666392,0.020722417430339958,0.20108291488988483,0,0.2108872303790816,0.16552703839844007,-0.2609411882201723,-0.26718555666305827,-0.049298580736371375,0.3095239085796062,0
85.25,1.487893187325166,274.75,0.13408601381468666,0.08733391328829465,0.2589427984871389,0.21492191100547078,0.018517396458962335,0.20059554205612914,0,0.20974819615830645,0.16436416341495752,-0.26115231089645163,-0.26583810816046355,-0.047470452977419295,0.30809989342232846,0
85.5,1.4922565104551517,274.5,0.13521603425347328,0.08827359502993515,0.2590188318581601,0.21579613106351503,0.016337997488846956,0.2001266526575994,0,0.2086082581904794,0.1632071542220499,-0.26135542463841194,-0.26449687788042664,-0.04562758918285396,0.30667372820239547,0
85.75,1.4966198335851375,274.25,0.13634636578520198,0.08921708687131757,0.25908541156443005,0.21666834551040587,0.014184142771465917,0.19967622624005305,0,0.2074674515608074,0.16205598366739904,-0.26155046558681544,-0.26316187501721455,-0.043770190505402484,0.3052454997240526,0
86.0,1.5009831567151235,274.0,0.13747696740339577,0.09016438023699835,0.25914264889415656,0.21753863485643804,0.01205575455829059,0.19924423776250594,0,0.2063258116312202,0.16091062455941763,-0.26173737076011866,-0.26183310838188656,-0.041898458097791254,0.3038152968351663,0
86.25,1.5053464798451093,273.75,0.13860779858642291,0.09111546690257188,0.25919065479630554,0.21840707949269694,0.009952755100793425,0.19883065765353466,0,0.20518337403654277,0.1597710496689123,-0.2619160780544725,-0.2605105863933658,-0.04001259311274811,0.3023832104274971,0
86.5,1.509709802975095,273.5,0.13973881929601828,0.09207033899411288,0.259229539880601,0.21927375967141796,0.007875066650446447,0.19843545186900038,0,0.20404017468066368,0.15863723173083277,-0.262086526243722,-0.2591943170695312,-0.03811279670300001,0.30094933343768626,0
86.75,1.5140731261050808,273.25,0.14086998997580258,0.09302898898751921,0.2592594144175247,0.22013875548659534,0.005822611458721631,0.19805858195072995,0,0.20289624973270629,0.15750914344603395,-0.2622486549794066,-0.25788430801828083,-0.03619927002127417,0.2995137608475923,0
87.0,1.5184364492350666,273.0,0.14200127154980235,0.09399140970779052,0.2592803883383168,0.2210021468548536,0.0037953117770907234,0.19770000508712157,0,0.20175163562319906,0.15638675748308617,-0.2624024047907605,-0.25658056642862054,-0.034272214220297394,0.29807658968364886,0
87.25,1.5227997723650526,272.75,0.14313262542096927,0.09495759432820305,0.25929257123497534,0.22186401349658524,0.001793089857025919,0.19735967417397268,0,0.20060636904024567,0.15527004648011966,-0.2625477170847116,-0.2552830990617329,-0.03233183045279705,0.2966379190162923,0
87.5,1.5271630954950384,272.5,0.1442640134697003,0.09592753636941531,0.2592960723602565,0.2227244349173531,-0.00018413205000097907,0.19703753787721032,0,0.19946048692569548,0.1541589830467185,-0.2626845341458826,-0.25399191224207124,-0.03037831987150019,0.2951978499583646,0
87.75,1.5315264186250241,272.25,0.14539539805235735,0.09690122969849913,0.2592910006276743,0.22358349038957542,-0.002136431692517863,0.19673354069665142,0,0.198314026471314,0.1530535397658318,-0.2628127991365905,-0.2527070118484421,-0.02841188362913393,0.2937564856643378,0
88.0,1.53588974175501,272.0,0.1465267419997871,0.09787866852786853,0.25927746461150103,0.22444125893448452,-0.004063886819052944,0.1964476230302311,0,0.1971670251149528,0.1519536891957538,-0.26293245609684646,-0.25142840330510613,-0.026432722878425276,0.29231393132785843,0
88.25,1.540253064884996,271.75,0.14765800861584066,0.09885984741415688,0.25925557254676695,0.2252978193043725,-0.005966575178134142,0.19617972123983693,0,0.19601952053672053,0.15085940387211483,-0.26304344994435597,-0.2501560915728822,-0.024441038772101485,0.2908702941796227,0
88.5,1.5446163880149817,271.5,0.14878916167589362,0.09984476125699915,0.2592254323292604,0.22615324996512443,-0.007844574518289266,0.19592976771775067,0,0.19487155065515258,0.14977065630992803,-0.2631457264745191,-0.24889008114026667,-0.02243703246288968,0.28942568348323566,0
88.75,1.5489797111449675,271.25,0.14992016542536557,0.1008334052977492,0.2591871515155277,0.22700762907904373,-0.009697962588046782,0.19569769095420017,0,0.1937231536233817,0.14868741900566618,-0.2632392323604303,-0.2476303760145735,-0.020420905103516903,0.287980210533516,0
89.0,1.5533430342749532,271.0,0.15105098457823962,0.10182577511810798,0.2591408373228732,0.22786103448797498,-0.011526817135934226,0.19548341560551538,0,0.19257436782530843,0.14760966443938894,-0.2633239151528779,-0.24637697971306852,-0.018392857846710332,0.28653398865204954,0
89.25,1.557706357404939,270.75,0.15218158431558337,0.10282186663870307,0.25908659662935946,0.2287135436967241,-0.013331215910480124,0.19528686256306058,0,0.19142523187177132,0.14653736507688486,-0.26339972328034517,-0.24512989525414833,-0.01635309184519702,0.2850871331820365,0
89.5,1.562069680534925,270.5,0.15331193028406687,0.10382167611757365,0.259024535973807,0.2295652338567825,-0.01511123666021208,0.19510794902318737,0,0.19027578459671712,0.14547049337188078,-0.2634666060490093,-0.24388912514851946,-0.014301808251704077,0.2836397614850701,0
89.75,1.5664330036649108,270.25,0.15444198859448388,0.10482520014859453,0.2589547615557943,0.23041618175035802,-0.01686695713365842,0.19494658855780822,0,0.18912606505337162,0.14440902176827797,-0.26352451364274204,-0.2426546713904054,-0.012239208218958615,0.2821919929344982,0
90.0,1.5707963267948966,270.0,0.15557172582027057,0.10583243565983336,0.258877379235658,0.23126646377471474,-0.018598455079347067,0.1948026911850746,0,0.18797611251040933,0.1433529227024104,-0.26357339712310934,-0.24142653544878367,-0.010165492899687932,0.28074394891021726,0
90.25,1.5751596499248823,269.75,0.1567011089960273,0.10684337991183657,0.25879249453449277,0.23211615592682067,-0.020305808245805836,0.19467616344168684,0,0.1868259664481242,0.14230216860536804,-0.26361320842937164,-0.24020471825863837,-0.008080863446618926,0.2792957527927624,0
90.5,1.5795229730548683,269.5,0.15783010561603572,0.10785803049584719,0.2587002126341512,0.23296533378831877,-0.02198909438156312,0.19456690845484803,0,0.18567566655459983,0.1412567319053425,-0.2636439003784838,-0.23898922021224875,-0.005985521012478711,0.2778475299556426,0
90.75,1.583886296184854,269.25,0.15895868363277887,0.10887638533196287,0.2586006383772443,0.2338140725108024,-0.023648391235146643,0.19447482601475502,0,0.1845252527218802,0.14021658503001166,-0.2636654266650947,-0.2377800411505086,-0.0038796667499945807,0.2763994077588936,0
91.0,1.5882496193148399,269.0,0.160086811455464,0.10989844266722926,0.2584938762671407,0.23466244680141907,-0.02528377655508471,0.19439981264838416,0,0.1833747650421392,0.13918170040896827,-0.2636777418615478,-0.23657718035427122,-0.001763501811893558,0.2749515155403852,0
91.25,1.5926129424448257,268.75,0.1612144579485394,0.11092420107366696,0.2583800304679672,0.23551053090878962,-0.026895328089905152,0.19434176169271408,0,0.18222424380385177,0.13815205047617818,-0.2636808014178808,-0.23538063653574456,0.0003627726490972144,0.27350398460822667,0
91.5,1.5969762655748114,268.5,0.1623415924302145,0.11195365944624147,0.2582592048046088,0.2363583986092511,-0.028483123588135904,0.19430056336875948,0,0.1810737294879637,0.13712760767248666,-0.263674561661826,-0.2341904078299025,0.002498955480250808,0.2720569482317556,0
91.75,1.6013395887047974,268.24999999999994,0.16346818467098012,0.11298681700077307,0.2581315027627085,0.237206123193422,-0.030047240798305543,0.19427610485600552,0,0.17992326276406215,0.13610834444814435,-0.2636589797988098,-0.2330064917859586,0.004644845528840018,0.270610541631421,0
92.0,1.6057029118347832,268.0,0.16459420489212873,0.11402367327179186,0.2579970274886672,0.2380537774530946,-0.03158775746894105,0.19426827036699196,0,0.1787728844865465,0.1350942332653975,-0.263634013911953,-0.23182888535886575,0.006800241642137179,0.2691649019694896,0
92.25,1.610066234964769,267.75,0.1657196237642744,0.11506422811032546,0.25785588178964397,0.23890143366845126,-0.03310475134857142,0.19427694122181763,0,0.17762263569079728,0.13408524660108512,-0.2635996229620707,-0.23065758490087093,0.008964942667415945,0.2677201683389646,0
92.5,1.6144295580947547,267.5,0.16684441240587045,0.11610848168165211,0.2577081681335559,0.23974916359560672,-0.034598300185724275,0.1943019959233636,0,0.17647255758934816,0.13308135694929302,-0.2635557667876724,-0.22949258615311155,0.01113874745194887,0.26627648175233637,0
92.75,1.6187928812247407,267.24999999999994,0.16796854238173142,0.11715643446297008,0.25755398864907825,0.2405970384544809,-0.03606848172892798,0.19434331023257717,0,0.17532269156805508,0.1320825368240388,-0.263502406104962,-0.2283338842372685,0.013321454843009324,0.2648339851306793,0
93.0,1.6231562043547265,267.0,0.16909198570155237,0.11820808724105092,0.2573934451256441,0.24144512891699835,-0.03751537372670989,0.19440075724334502,0,0.17417307918226776,0.13108875876199566,-0.26343950250783776,-0.22718147364725752,0.015512863687868854,0.2633928232906688,0
93.25,1.6275195274847123,266.75,0.1702147148184292,0.11926344110980758,0.2572266390134446,0.2422935050956142,-0.03893905392759867,0.19447420745799018,0,0.17302376215299806,0.13009999532524064,-0.2633670184678921,-0.2260353482409956,0.017712772833802088,0.2619531429309813,0
93.5,1.631882850614698,266.5,0.171336702627375,0.1203224974678383,0.25705367142342933,0.24314223653217257,-0.040339600080121836,0.19456352886239361,0,0.17187478236309314,0.12911621910405646,-0.2632849173344119,-0.22489550123221105,0.019920981128080325,0.26051509261985833,0
93.75,1.6362461737446838,266.25,0.17245792246384484,0.12138525801591094,0.25687464312730546,0.2439913921870881,-0.041717089932807865,0.19466858700144005,0,0.17072618185340283,0.12813740271975538,-0.2631931633343786,-0.22376192518231836,0.02213728741797752,0.2590788227804567,0
94.0,1.6406094968746698,266.0,0.17357834810225248,0.12245172475440125,0.25668965455753856,0.24484104042886265,-0.04307160123418464,0.1947892450545275,0,0.16957800281895213,0.12716351882754684,-0.26309172157246746,-0.22263461199235612,0.02436149055076616,0.25764448567579823,0
94.25,1.6449728200046556,265.75,0.1746979537544927,0.12352189998068797,0.2564988058073517,0.2456912490239259,-0.044403211732780314,0.19492536390996693,0,0.16843028760511045,0.12619454011943043,-0.2629805580310487,-0.22151355289499333,0.026593389373719575,0.25621223539410115,0
94.5,1.6493361431346414,265.5,0.17581671406845467,0.1245957862865067,0.25630219663072673,0.24654208512680117,-0.04571199917712232,0.19507680224021817,0,0.16728307870376302,0.12523043932713607,-0.26285963957018654,-0.22039873844659522,0.02883278273410947,0.25478222783165255,0
94.75,1.6536994662646272,265.25,0.17693460412655082,0.12567338655525795,0.2560999264424031,0.24739361527060272,-0.04699804131573956,0.19524341657743768,0,0.1661364187494791,0.1242711892250864,-0.26272893392763946,-0.219290158519379,0.031079469479210333,0.25335462067668957,0
95.0,1.6580627893946132,265.0,0.1780515994442302,0.12675470395927224,0.2558920943178783,0.24824590535786076,-0.048261415897159154,0.19542506138715926,0,0.16499035051568534,0.12331676263340297,-0.2625884097188606,-0.21818780229362045,0.033333248456293464,0.2519295733922942,0
95.25,1.662426112524599,264.75,0.1791676759685008,0.1278397419570474,0.25567879899340795,0.2490990206516617,-0.04950220066990999,0.19562158914270633,0,0.1638449169108328,0.12236713242094288,-0.26243803643699715,-0.21709165824995888,0.035593918512633216,0.2505072471973261,0
95.5,1.6667894356545847,264.5,0.1802828100764471,0.12892850429043046,0.2554601388660061,0.24995302576712267,-0.050720473382519324,0.1958328503998713,0,0.16270016097457063,0.12142227150836138,-0.2622777844528909,-0.2160017141617701,0.03786127849550103,0.24908780504864608,0
95.75,1.6711527587845705,264.25,0.1813969785737538,0.13002099498177677,0.25523621199344404,0.2508079846631833,-0.05191631178351593,0.19605869387031968,0,0.16155612587391316,0.12048215287122321,-0.26210762501507767,-0.21491795708762657,0.04013512725217134,0.24767141162174058,0
96.00000000000001,1.6755160819145565,264.0,0.18251015869322096,0.13111721833107126,0.25500711609425186,0.251663960634721,-0.053089793621427066,0.1962989664949781,0,0.16041285489941337,0.11954674954313216,-0.26192753024978804,-0.21384037336383935,0.04241526362991542,0.24625823329004773,0
96.25,1.6798794050445423,263.75,0.18362232809328816,0.132217178913011,0.2547729485477172,0.252521016304983,-0.05424099664478153,0.1965535135171267,0,0.1592703914613301,0.11861603461890191,-0.2617374731609466,-0.21276894859709874,0.04470148647600762,0.24484843810389284,0
96.5,1.684242728174528,263.5,0.1847334648565503,0.1333208815740593,0.25453380639388623,0.25337921361833954,-0.05536999860210667,0.19682217855510342,0,0.15812877908580145,0.11768998125774888,-0.2615374276301725,-0.2117036676572001,0.046993594637719495,0.24344219577017073,0
96.75,1.6886060513045138,263.25,0.18584354748828047,0.1344283314294692,0.25428978633356253,0.2542386138333504,-0.056476877241931026,0.19710480367405728,0,0.15698806141101224,0.11676856268653668,-0.26132736841677895,-0.2106445146698617,0.049291386962325254,0.2420396776292742,0
97.0,1.6929693744344996,263.0,0.18695255491494833,0.1355395338602816,0.2540409847283084,0.2550992775161442,-0.05756171031278214,0.19740122945879907,0,0.15584828218336697,0.11585175220302069,-0.2611072711577738,-0.20959147300965186,0.0515946622970965,0.24064105663212076,0
97.25,1.6973326975644856,262.75,0.18806046648273989,0.13665449451027434,0.25378749760044356,0.2559612645341208,-0.05862457556318862,0.1977112950838116,0,0.15470948525365788,0.11493952317915446,-0.2608771123678592,-0.20854452529300738,0.053903219489307305,0.23924650731738947,0
97.5,1.7016960206944713,262.5,0.18916726195607647,0.13777321928292208,0.25352942063304645,0.2568246340499415,-0.05966555074167795,0.19803483838409985,0,0.15357171457323715,0.11403184906441188,-0.26063686943943154,-0.2075036533713593,0.05621685738622961,0.23785620578587288,0
97.75,1.7060593438244571,262.25,0.19027292151613706,0.1388957143382865,0.25326684916995296,0.2576894445158495,-0.060684713596778496,0.19837169592641624,0,0.15243501419018585,0.11312870338912695,-0.2603865206425816,-0.20646883832437504,0.058535374835136836,0.23647032967628584,0
98.0,1.710422666954443,262.0,0.19137742575937589,0.1400219860899261,0.2529998782157575,0.258555753668282,-0.06168214187701792,0.19872170307765524,0,0.15129942824548545,0.11223005976789269,-0.2601260451250946,-0.20544006045329546,0.06085857068330115,0.23508905813939474,0
98.25000000000001,1.714785990084429,261.75,0.19248075569604317,0.14115204120174252,0.25272860243581197,0.25942361852278734,-0.06265791333092487,0.19908469407441226,0,0.15016500096918622,0.11133589190296167,-0.2598554229124499,-0.20441729927440264,0.06318624377799678,0.23371257181095736,0
98.5,1.7191493132144147,261.5,0.19358289274870366,0.14228588658483932,0.25245311615622684,0.26029309536924405,-0.06361210570702681,0.19946050209120642,0,0.1490317766765806,0.11044617358768705,-0.25957463490782134,-0.20340053351259302,0.06551819296649541,0.23234105278456432,0
98.75,1.7235126363444004,261.25,0.19468381875075735,0.14342352939433545,0.25217351336387056,0.26116423976737363,-0.06454479675385195,0.1998489593081945,0,0.1478997997643707,0.10956087870999187,-0.25928366289207716,-0.20238974109508234,0.06785421709607027,0.2309746845835036,0
99.0,1.7278759594743862,261.0,0.19578351594496024,0.14456497702617532,0.25188988770636944,0.26203710654255014,-0.06545606421992835,0.20024989697810908,0,0.14676911470684012,0.10867998125585832,-0.25898248952377984,-0.20138489914522426,0.07019411501399435,0.2296136521325492,0
99.25,1.732239282604372,260.75,0.1968819669819426,0.14571023711391673,0.2516023324921078,0.26291174978189735,-0.06634598585378393,0.20066314549285919,0,0.14563976605202386,0.10780345531285729,-0.25867109833918633,-0.2003859839764614,0.07253768556754057,0.22825814172700154,0
99.5,1.736602605734358,260.5,0.19797915491872897,0.1468593175254982,0.25131094069022814,0.26378822283067954,-0.06721463940394688,0.20108853444882085,0,0.1445117984178787,0.10693127507368394,-0.25834947375224776,-0.19939297108641424,0.07488472760398159,0.2269083410032102,0
99.75,1.7409659288643438,260.25,0.19907506321725754,0.14801222635999756,0.25101580493063114,0.26466657828896833,-0.06806210261894506,0.2015258927120829,0,0.1433852564884535,0.10606341483973691,-0.2580176010546096,-0.19840583515108937,0.07723503997059049,0.22556443890743297,0
100.0,1.7453292519943295,260.0,0.20016967574290234,0.14916897194436818,0.2507170175039754,0.2655468680086029,-0.06888845324730669,0.20197504848218534,0,0.1422601850100598,0.10519984902471646,-0.2576754664156119,-0.19742455001924009,0.07958842151464,0.22422662566326065,0
100.25,1.7496925751243153,259.75,0.20126297676298988,0.1503295628301795,0.2504146703616772,0.266429143090413,-0.06969376903755965,0.20243582935595303,0,0.14113662878744185,0.104340552158243,-0.25732305688228896,-0.196449088706859,0.0819446710834031,0.22289509273916905,0
100.50000000000001,1.7540558982543013,259.5,0.20235495094532074,0.15149400779032207,0.25010885511591147,0.2673134538817363,-0.07047812773823192,0.20290806238974554,0,0.14001463267994685,0.10348549888950054,-0.2569603603793692,-0.19547942339182178,0.08430358752415278,0.2215700328150119,0
100.75,1.758419221384287,259.25,0.2034455833566884,0.15266231581572043,0.24979966303961115,0.26819984997418456,-0.07124160709785168,0.20339157416115997,0,0.1388942415976958,0.10263466399091348,-0.25658736570927576,-0.1945155254086721,0.08666496968416167,0.22025163974756895,0
101.0,1.7627825445142729,259.0,0.2045348594614006,0.1538344961120347,0.2494871850664667,0.2690883802016995,-0.07198428486494685,0.20388619083045365,0,0.13777550049775328,0.10178802236182793,-0.25620406255212586,-0.19355736524356604,0.08902861641070282,0.21894010853543594,0
101.25,1.7671458676442586,258.75,0.20562276511979716,0.15501055809634234,0.24917151179092703,0.269979092638855,-0.07270623878804548,0.204391738200167,0,0.13665845438029808,0.10094554903222819,-0.2558104414657312,-0.19260491252936354,0.09139432655104918,0.21763563528297294,0
101.5,1.7715091907742444,258.5,0.20670928658677068,0.1561905113938301,0.24885273346819903,0.2708720345994331,-0.07340754661567563,0.2049080417746889,0,0.13554314828479358,0.10010721916647436,-0.2554064938855976,-0.19165813604088733,0.09376189895247349,0.21633841716317145,0
101.75,1.7758725139042304,258.25,0.2077944105102869,0.15737436583446496,0.24853094001424766,0.2717672526352462,-0.07408828609636528,0.2054349268184862,0,0.1344296272861578,0.09927300806704609,-0.25499221212492557,-0.19071700369033837,0.09613113246224861,0.2150486523810716,0
102.0,1.7802358370342162,258.0,0.2088781239299029,0.15856213144967224,0.24820622100579587,0.2726647925352212,-0.07474853497864253,0.2059722184138436,0,0.13331793649093404,0.09844289117832827,-0.25456758937460977,-0.1897814825228741,0.0985018259276476,0.21376654013465088,0
102.25,1.784599160164202,257.75,0.20996041427528922,0.15975381846900694,0.24787866568032468,0.27356469932472544,-0.07538837101103531,0.20651974151716587,0,0.13220812103346108,0.09761684409039673,-0.25413261970323914,-0.18885153871236524,0.10087377819594318,0.21249228057533756,0
102.5,1.7889624832941877,257.5,0.2110412693647472,0.16094943731680889,0.24754836293607302,0.2744670172651423,-0.07600787194207163,0.20707732101533075,0,0.13110022607204352,0.09679484254282622,-0.25368729805709717,-0.1879271375573185,0.10324678811440823,0.21122607476865765,0
102.75000000000001,1.7933258064241737,257.25,0.21212067740372942,0.16214899860888699,0.24721540133203823,0.2753717898536888,-0.07660711552027963,0.20764478177984758,0,0.12999429678512206,0.09597686242852577,-0.2532316202601613,-0.18700824347697684,0.10562065453031581,0.20996812465318998,0
103.0,1.7976891295541595,256.99999999999994,0.21319862698336078,0.16335251314916865,0.2468798690879755,0.276279059823464,-0.07718617949418742,0.20822194872084407,0,0.128890378367444,0.09516287979758042,-0.25276558301410407,-0.18609482000760047,0.10799517629093901,0.2087186329986463,0
103.25,1.8020524526841453,256.75,0.21427510707895703,0.16455999192637594,0.246541854084398,0.2771888691437376,-0.07774514161232264,0.20880864684111008,0,0.12778851602623367,0.09435287086110622,-0.2522891838982916,-0.1851868297989328,0.11037015224354958,0.2074778033638467,0
103.5,1.806415775814131,256.5,0.21535010704854562,0.16577144611069194,0.2462014438625768,0.2781012590204697,-0.07828407962321368,0.2094047012865478,0,0.12668875497736212,0.09354681199513681,-0.2518024213697847,-0.18428423461084822,0.11274538123542165,0.20624584005330188,0
103.75,1.8107790989441168,256.25,0.21642361663138332,0.16698688705042775,0.2458587256245414,0.2790162698970403,-0.07880307127538846,0.210009937398161,0,0.12559114044151815,0.0927446797445034,-0.25130529476333857,-0.18338699531019695,0.1151206621138276,0.20502294807267904,0
104.0,1.8151424220741028,255.99999999999997,0.2174956259464781,0.16820632626870036,0.2455137862330793,0.27993394145522227,-0.07930219431737506,0.210624180762435,0,0.12449571764037831,0.09194645082674024,-0.25079780429140247,-0.18249507186784142,0.1174957937260408,0.20380933308452842,0
104.25,1.8195057452040886,255.75,0.21856612549110843,0.16942977546011728,0.24516671221173575,0.2808543126163504,-0.07978152649770134,0.21124725726007548,0,0.12340253179277788,0.09115210213600389,-0.25027995104412054,-0.18160842335588753,0.11987057491933308,0.20260520136241994,0
104.5,1.8238690683340744,255.49999999999997,0.21963510613934356,0.17065724648744696,0.24481758974481405,0.2817774215427202,-0.08024114556489549,0.2118789931146011,0,0.12231162811087946,0.09036161074700055,-0.24975173698933043,-0.18072700794512125,0.1222448045409786,0.2014107597441283,0
104.75,1.8282323914640601,255.25,0.22070255914056025,0.1718887513783247,0.2444665046773761,0.2827033056391805,-0.08068112926748536,0.2125192149387413,0,0.1212230517963461,0.08957495391891612,-0.24921316497256524,-0.1798507829026484,0.1246182814382488,0.2002262155845834,0
105.00000000000001,1.8325957145940461,254.99999999999997,0.22176847611796746,0.17312430232194576,0.24411354251524126,0.28363200155493745,-0.08110155535399925,0.21316774978180753,0,0.1201368480365083,0.08879210909937207,-0.2486642387170513,-0.17897970458974177,0.1269908044584182,0.19905177670768776,0
105.25,1.836959037724032,254.75,0.22283284906712164,0.17436391166577303,0.24375878842498722,0.2845635451855605,-0.0815025015729649,0.2138244251751625,0,0.11905306200053782,0.08801305392837877,-0.2481049628237101,-0.17811372845990153,0.12936217244875797,0.19788765135726308,0
105.5,1.8413223608540177,254.49999999999997,0.2238956703544508,0.17560759191224862,0.24340232723394933,0.28549797167518287,-0.08188404567291055,0.2144890691752849,0,0.11797173883561468,0.08723776624230006,-0.24753534277115716,-0.17725280905713034,0.13173218425654276,0.19673404814757028,0
105.75,1.8456856839840035,254.25000000000003,0.22495693271576844,0.1768553557155319,0.24304424343022185,0.2864353154188838,-0.08224626540236406,0.21516151040796624,0,0.11689292366310046,0.08646622407783344,-0.2469553849157022,-0.17639690001442546,0.13410063872904365,0.19559117601272272,0
106.0,1.8500490071139892,253.99999999999997,0.22601662925479993,0.17810721587822254,0.24268462116265624,0.2873756100652744,-0.08258923850985367,0.21584157811074603,0,0.11581666157470613,0.08569840567596887,-0.24636509649134963,-0.17554595405249546,0.13646733471353534,0.19445924415491633,0
106.25,1.8544123302439752,253.75000000000003,0.2270747534416977,0.1793631853481229,0.24232354424086225,0.2883188885192503,-0.08291304274390711,0.21652910217435423,0,0.11474299762866468,0.08493428948598791,-0.24576448560979797,-0.17469992297870404,0.13883207105728892,0.1933384619929143,0
106.5,1.858775653373961,253.49999999999997,0.22813129911156316,0.1806232772149884,0.24196109613520775,0.28926518294493925,-0.08321775585305267,0.21722391318260817,0,0.11367197684589896,0.08417385416945222,-0.24515356126044002,-0.17385875768623632,0.14119464660757905,0.19222903910929096,0
106.75,1.8631389765039468,253.25000000000003,0.22918626046296464,0.1818875047073063,0.2415973599768189,0.2902145247688017,-0.08350345558581823,0.217925842451966,0,0.11260364420619487,0.0834170786041799,-0.2445323333103634,-0.173022408153503,0.14355486021167693,0.19113118519622263,0
107.0,1.8675022996339325,252.99999999999997,0.23023963205645903,0.1831558811890872,0.24123241855757954,0.29116694468292387,-0.08377021969073196,0.2186347220708383,0,0.11153804464436863,0.08266394188824955,-0.2439008125043493,-0.17219082344377976,0.1459125107168569,0.19004511000146268,0
107.25000000000001,1.8718656227639185,252.75000000000003,0.2312914088131116,0.18442842015666305,0.2408663543301316,0.29212247264846114,-0.08401812591632164,0.21935038493573825,0,0.11047522304644022,0.08191442334398946,-0.24325901046487416,-0.17136395170508284,0.14826739697039062,0.1889710232730602,0
107.5,1.8762289458939043,252.49999999999997,0.2323415860130148,0.18570513523551024,0.24049924940787493,0.29308113789924667,-0.08424725201111553,0.2200726647886722,0,0.10941522424580068,0.08116850252197216,-0.24260693969210775,-0.1705417401702909,0.15061931781955218,0.1879091347035382,0
107.75,1.88059226902389,252.25000000000003,0.23339015929380613,0.18698604017707798,0.24013118556496815,0.2940429689455612,-0.08445767572364153,0.22080139625213227,0,0.10835809301938537,0.08042615920500396,-0.24194461356391536,-0.1697241351575077,0.15296807211161303,0.18685965387344824,0
108.0,1.8849555921538759,251.99999999999997,0.23443712464919264,0.18827114885564655,0.23976224423632714,0.29500799357804686,-0.08464947480242782,0.2215364148637451,0,0.1073038740838414,0.07968737341212162,-0.24127204633585536,-0.16891108207067657,0.1553134586938476,0.18582279019346848,0
108.25,1.8893189152838616,251.75000000000003,0.2354824784274674,0.18956047526519326,0.2393925065176261,0.29597623887177943,-0.08482272699600216,0.22227755711018948,0,0.10625261209170092,0.07895212540256791,-0.24058925314118149,-0.16810252540044837,0.15765527641352736,0.18479875284685784,0
108.5,1.8936822384138476,251.5,0.23652621733002988,0.19085403351627916,0.23902205316529718,0.2969477311904781,-0.08497751005289281,0.22302466045895727,0,0.10520435162754868,0.07822039567978789,-0.23989624999084144,-0.1672984087252981,0.15999332411792658,0.18378775073060946,0
108.75,1.8980455615438334,251.25,0.23756833840990488,0.19215183783295087,0.23865096459653098,0.29792249619085504,-0.08511390172162768,0.22377756339015897,0,0.10415913720419462,0.0774921649953959,-0.23919305377347708,-0.1664986747129065,0.16232740065431694,0.1827899923955735,0
109.0,1.9024088846738192,251.0,0.23860883907026464,0.19345390254967498,0.23827932088927584,0.2989005588271024,-0.08523197975073488,0.22453610542787128,0,0.10311701325884265,0.07676741435315393,-0.23847968225542499,-0.16570326512179903,0.16465730486997188,0.18180568598680585,0
109.25,1.906772207803805,250.75000000000003,0.23964771706294707,0.19476024210827203,0.23790720178223784,0.29988194335551577,-0.08533182188874233,0.22530012716915646,0,0.10207802414926206,0.07604612501292562,-0.23775615408071596,-0.16491212080324816,0.1669828356121638,0.1808350391823044,0
109.50000000000001,1.911135530933791,250.5,0.24068497048697546,0.19607087105489096,0.23753468667488165,0.3008666733392343,-0.08541350588417818,0.22606947031225472,0,0.10104221414995661,0.07532827849463564,-0.23702248877107476,-0.16412518170344695,0.16930379172816665,0.17987825913161143,0
109.75,1.9154988540637767,250.25,0.241720597787078,0.19738580403698858,0.23716185462742975,0.30185477165311,-0.08547710948557032,0.22684397768486583,0,0.10000962744833651,0.07461385658221764,-0.23627870672592108,-0.16334238686594707,0.17161997206525245,0.17893555239394554,0
110.0,1.9198621771937625,250.0,0.24275459775220853,0.19870505580033992,0.23678878436086273,0.302846260488695,-0.08552271044144687,0.22762349327130466,0,0.09898030814088749,0.07390284132753522,-0.2355248292223687,-0.16256367443437236,0.17393117547069423,0.1780071248751377,0
110.25,1.9242255003237483,249.75,0.2437869695140662,0.200028641186066,0.23641555425691912,0.3038411613593477,-0.08555038650033588,0.22840786223748746,0,0.09795430022934143,0.0731952150543167,-0.23476087841522575,-0.16178898165540714,0.17623720079176491,0.17709318176414088,0
110.5,1.928588823453734,249.5,0.24481771254561469,0.20135657512768979,0.23604224235809562,0.3048394951054379,-0.08556021541076525,0.22919693095639565,0,0.09693164761684696,0.07249096036204761,-0.23398687733699466,-0.16101824488206384,0.17853784687573732,0.17619392746930138,0
110.75,1.93295214658372,249.25,0.24584682665960134,0.20268887264820634,0.23566892636764697,0.3058412818996753,-0.08555227492126312,0.22999054703150992,0,0.09591239410413946,0.07179006012987432,-0.2332028498978722,-0.16025139957722745,0.18083291256988446,0.17530956555380614,0
111.0,1.9373154697137058,249.0,0.24687431200707877,0.20402554885718716,0.23529568364958595,0.30684654125251926,-0.08552664278035754,0.23078855931980577,0,0.09489658338571175,0.07109249752047175,-0.23240882088574966,-0.15948838031748647,0.18312219672147909,0.1744402986699918,0
111.25,1.9416787928436916,248.75,0.24790016907592383,0.2053666189478981,0.2349225912286832,0.3078552920177077,-0.08548339673657641,0.2315908179546852,0,0.09388425904598413,0.0703982559839067,-0.23160481596621252,-0.15872912079725063,0.18540549817779417,0.1735863284942004,0
111.5,1.9460421159736774,248.5,0.248924398689357,0.20671209819444558,0.2345497257904676,0.3088675523978673,-0.08542261453844784,0.2323971743659953,0,0.09287546455547492,0.06970731926146989,-0.2307908616825406,-0.15797355383315034,0.18768261578610265,0.1727478556603662,0
111.75000000000001,1.9504054391036634,248.25,0.24994700200446163,0.20806200194895264,0.23417716368122615,0.3098833399502167,-0.08534437393449981,0.2332074813007907,0,0.09187024326697049,0.0690196713895096,-0.229966985455708,-0.15722161136873397,0.18995334839367725,0.17192507969318607,0
112.0,1.9547687622336491,248.0,0.2509679805107049,0.2094163456387501,0.23380498090800378,0.31090267159235824,-0.08524875267326044,0.234021592842945,0,0.09086863841169605,0.06833529670321625,-0.22913321558438363,-0.15647322447945047,0.19221749484779108,0.1711181989408791,0
112.25,1.959132085363635,247.75,0.2519873360284576,0.21077514476360215,0.23343325313860355,0.3119255636081522,-0.08513582850325767,0.23483936443095546,0,0.08987069309548563,0.06765417984040623,-0.22828958124493018,-0.15572832337793346,0.1944748539957168,0.17032741050736153,0
112.5,1.9634954084936207,247.5,0.25300507070751355,0.21213841489295482,0.23306205570158628,0.31295203165366375,-0.08500567917301953,0.23566065287525803,0,0.08887645029495253,0.06697630574527258,-0.22743611249140486,-0.15498683741957575,0.19672522468472733,0.16955291018415086,0
112.75,1.9678587316236065,247.25,0.2540211870256087,0.21350617166320518,0.23269146358627124,0.31398209076318856,-0.08485838243107403,0.23648531637645182,0,0.08788595285365965,0.06630165967211632,-0.22657284025555938,-0.15424869510840764,0.19896840576209585,0.16879489238180603,0
113.0,1.9722220547535925,247.0,0.2550356877869412,0.21487843077500335,0.23232155144273564,0.31501575535535853,-0.08469401602594931,0.237313214539319,0,0.08689924347828985,0.06563022718903755,-0.22569979634683962,-0.15351382410326975,0.20120419607509474,0.16805355006062928,0
113.25,1.9765853778835782,246.75,0.25604857612069276,0.21625520799058484,0.23195239358181455,0.31605303923928996,-0.08451265770617329,0.23814420838792613,0,0.08591636473481629,0.0649619941816243,-0.2248170134523859,-0.1527821512242961,0.20343239447099723,0.16732907466140653,0
113.5,1.980948701013564,246.5,0.2570598554795469,0.21763651913111592,0.23158406397510126,0.31709395562082093,-0.08431438522027401,0.2389781603807954,0,0.08493735904467267,0.06429694685658593,-0.2239245251370329,-0.15205360245969127,0.2056527997970762,0.1666216560357627,0
113.75,1.9853120241435498,246.25,0.25806952963820773,0.21902238007408348,0.23121663625494696,0.31813851710879193,-0.0840992763167795,0.23981493442296517,0,0.08396226868092371,0.06363507174537031,-0.22302236584330956,-0.15132810297282132,0.20786521090060436,0.16593148237548355,0
114.00000000000001,1.9896753472735358,246.0,0.25907760269192204,0.22041280675069763,0.23085018371446117,0.31918673572138845,-0.08386740874421782,0.24065439587885876,0,0.0829911357644354,0.06297635570774907,-0.2221105708914391,-0.1506055771096077,0.21006942662885472,0.16525874014247013,0
114.25,1.9940386704035216,245.74999999999997,0.2600840790549983,0.22180781514332915,0.23048477930751118,0.3202386228925339,-0.08361886025111696,0.24149641158295804,0,0.0820240022600451,0.06232078593536894,-0.22118917647933925,-0.1498859484062294,0.21226524582910047,0.16460361399779028,0
114.5,1.9984019935335073,245.5,0.2610889634593251,0.22320742128297977,0.23012049564872256,0.32129418947832544,-0.08335370858600498,0.24234084985176899,0,0.08106090997273294,0.06166834995525894,-0.22025821968262232,-0.14916913959713607,0.21445246734861334,0.16396628673081268,0
114.75000000000001,2.0027653166634933,245.24999999999997,0.26209226095289273,0.22461164124676936,0.2297574050134785,0.3223534457635312,-0.08307203149740983,0.24318758049254896,0,0.08010190054379011,0.06101903563332367,-0.2193177384545943,-0.14845507262336852,0.21663089003466787,0.1633469391877366,0
115.0,2.007128639793479,245.0,0.2630939768983124,0.22602049115545508,0.2293955793379209,0.3234164014681023,-0.08277390673385966,0.24403647481232682,0,0.07914701544699167,0.06037283117777503,-0.2183677716262562,-0.1477436686411956,0.21880031273453535,0.1627457501998385,0
115.25,2.011491962923465,244.74999999999997,0.26409411697133545,0.22743398717099295,0.2290350902189491,0.32448306575374886,-0.08245941204388235,0.2448874056266812,0,0.07819629598476452,0.059729725142541934,-0.2174083589063029,-0.14703484803106082,0.22096053429549012,0.16216289651231997,0
115.49999999999999,2.0158552860534504,244.5,0.26509268715937306,0.22885214549410182,0.22867600891422094,0.32555344723052854,-0.08212862517600611,0.24574024726691587,0,0.07724978328435991,0.05908970643063738,-0.2164395408811241,-0.14632853040684018,0.22311135356480366,0.16159855271213772,0
115.75,2.0202186091834364,244.24999999999997,0.2660896937600178,0.23027498236187982,0.22831840634215186,0.3266275539634852,-0.08178162387875876,0.24659487558595017,0,0.07630751829402169,0.05845276429747681,-0.215461359014803,-0.1456246346254186,0.22525256938975005,0.161052891155894,0
116.00000000000001,2.0245819323134224,244.0,0.2670851433795608,0.23170251404543907,0.2279623530819159,0.32770539347928884,-0.08141848590066852,0.24745116796480088,0,0.07536954177915882,0.057818888354164266,-0.21447385564911847,-0.14492307879657698,0.2273839806176014,0.16052608189795925,0
116.25,2.028945255443408,243.75,0.2680790429315133,0.23313475684757068,0.22760791937344457,0.32878697277293084,-0.0810392889902633,0.24830900331794475,0,0.0744358943185134,0.057188068570731554,-0.2134770740035423,-0.14422378029319588,0.22950538609563087,0.16001829261808276,0
116.5,2.033308578573394,243.5,0.26907139963512605,0.2345717271004375,0.22725517511742796,0.3298722983144107,-0.08064411089607115,0.24916826209611093,0,0.07350661630033299,0.056560295279321715,-0.2124710581752417,-0.14352665576177434,0.23161658467111146,0.15952968854927355,0
116.74999999999999,2.0376719017033795,243.25000000000003,0.2700622210139094,0.23601344116330225,0.22690418987531363,0.3309613760554555,-0.08023302936662005,0.25002882629046025,0,0.07258174791853984,0.05593555917734638,-0.21145585313907753,-0.14283162113326292,0.23371737519131583,0.15906043240555393,0
117.0,2.0420352248333655,243.00000000000003,0.2710515148941518,0.23745991542027667,0.22655503286930773,0.3320542114362434,-0.07980612215043806,0.2508905794362111,0,0.07166132916890156,0.055313851330577646,-0.21043150474760552,-0.14213859163421294,0.23580755650351698,0.15861068430986933,0
117.25000000000001,2.0463985479633515,242.74999999999997,0.2720392894034406,0.23891116627810782,0.22620777298237427,0.33315080939215463,-0.0793634669960532,0.2517534066132755,0,0.07074539984520123,0.05469516317619383,-0.20939805973107536,-0.14144748179823866,0.23788692745498827,0.15818060172144413,0
117.5,2.050761871093337,242.50000000000003,0.27302555296918196,0.24036721016398588,0.22586247875823526,0.3342511743605003,-0.07890514165199362,0.25261719444774755,0,0.06983399953540848,0.05407948652578631,-0.20835556569743138,-0.14075820547780044,0.23995528689300125,0.15777033936399681,0
117.75,2.055125194223323,242.24999999999997,0.27401031431712064,0.2418280635233918,0.22551921840137074,0.3353553102872866,-0.07843122386678711,0.25348183111261596,0,0.0689271676178484,0.05346681356829863,-0.20730407113231192,-0.14007067585629338,0.2420124336648304,0.15738004915401507,0
118.00000000000001,2.059488517353309,241.99999999999997,0.2749935824698584,0.24329374281796157,0.2251780597770189,0.33646322063394996,-0.07794179138896191,0.25434720632707697,0,0.06802494325737353,0.052857136872917265,-0.20624362539905006,-0.1393848054604564,0.2440581666177474,0.1570098801282456,0
118.25,2.0638518404832946,241.74999999999997,0.2759753667453765,0.24476426452338873,0.22483907041117582,0.337574908384115,-0.07743692196704594,0.2552132113561592,0,0.06712736540153304,0.05225044939191381,-0.20517427873867308,-0.13870050617309362,0.24609228459902566,0.1566599783726278,0
118.50000000000001,2.0682151636132806,241.50000000000003,0.27695567675555155,0.24623964512735985,0.22450231749059596,0.33869037605032654,-0.07691669334956736,0.2560797390079627,0,0.0662344727767436,0.051646744463429095,-0.2040960822699026,-0.13801768924610366,0.2481145864559377,0.1563304869506263,0
118.74999999999999,2.072578486743266,241.24999999999997,0.27793452240468064,0.24771990112750308,0.22416786786279122,0.3398096256807834,-0.07638118328505387,0.25694668363222795,0,0.06534630388445893,0.051046015814187884,-0.203009087989154,-0.1373362653138264,0.2501248710357573,0.15602154583171304,0
119.0,2.076941809873252,241.00000000000003,0.27891191388799497,0.24920504902938756,0.22383578803603227,0.34093265886605784,-0.07583046952203391,0.25781394111663974,0,0.06446289699734187,0.05044825756216875,-0.20191334877053835,-0.13665614440669635,0.2521229371857561,0.15573329182097206,0
119.25000000000001,2.081305133003238,240.74999999999997,0.27988786169018465,0.2506951053445342,0.2235061441793473,0.34205947674579745,-0.07526462980903517,0.25868140888266095,0,0.06358429015543246,0.049853464219211774,-0.20080891836585954,-0.13597723596520384,0.2541085837532083,0.15546585848829075,0
119.5,2.0856684561332237,240.50000000000003,0.280862376583915,0.25219008658846676,0.223179002122523,0.3431900800154079,-0.07468374189458596,0.25954898588157577,0,0.06271052116232041,0.04926163069355549,-0.19969585140461713,-0.13529944885416623,0.25608160958538534,0.1552193760979742,0
119.75,2.0900317792632097,240.25,0.28183546962835015,0.2536900092787836,0.22285442735610345,0.34432446893272034,-0.07408788352721395,0.2604165725890002,0,0.061841627581313466,0.048672752292323485,-0.1985742033940039,-0.13462269137730332,0.2580418135295616,0.15499397153886849,0
119.99999999999999,2.0943951023931953,240.00000000000003,0.28280715216766794,0.2551948899332651,0.22253248503139153,0.34546264332462634,-0.07347713245544764,0.26128407099891515,0,0.06097764673160973,0.048086824723933,-0.197444030718908,-0.1339468712921184,0.2599889944330085,0.15478976825517712,0
120.25,2.0987584255231813,239.75,0.28377743582958426,0.25670474506801266,0.2222132399604476,0.3466046025936932,-0.07285156642781454,0.26215138461649123,0,0.060118615684465984,0.04750384410045494,-0.19630539064191094,-0.1332718958250774,0.26192295114300035,0.15460688617739546,0
120.50000000000001,2.1031217486531673,239.5,0.28474633252387016,0.25821959119560345,0.22189675661609026,0.34775034572473623,-0.07221126319284299,0.2630184184514604,0,0.0592645712593699,0.04692380693988396,-0.19515834130328955,-0.13259767168709258,0.263843482506809,0.15444544165366145,0
120.75,2.107485071783153,239.25,0.2857138544408716,0.25973944482328426,0.2215830991318964,0.3488998712913763,-0.07155630049906103,0.2638850790103746,0,0.05841555002020899,0.04634671016837011,-0.1940029417210143,-0.1319241050893008,0.26575038737170753,0.1543055473820194,0
121.0,2.111848394913139,239.0,0.28668001405003096,0.26126432245119824,0.2212723313022007,0.35005317746254444,-0.07088675609499658,0.26475127428698775,0,0.05757158827144164,0.045772551122344574,-0.19283925179075026,-0.1312511017591384,0.26764346458496907,0.15418731234301783,0
121.24999999999999,2.1162117180431244,238.75,0.2876448240984053,0.26279424057062206,0.2209645165820958,0.35121026200895555,-0.0702027077291777,0.26561691375376334,0,0.05673272205426718,0.04520132755061712,-0.19166733228585686,-0.13057856695670753,0.2695225129938665,0.15409084173294302,0
121.5,2.1205750411731104,238.5,0.28860829760918705,0.2643292156622523,0.22065971808743265,0.35237112230953893,-0.06950423315013243,0.2664819083509467,0,0.055898987142796376,0.04463303761636195,-0.19048724485738786,-0.12990640549143373,0.2713873314456725,0.15401623689772723,0
121.75000000000001,2.1249383643030963,238.25,0.2895704478802231,0.26586926419450363,0.22035799859481991,0.35353575535781645,-0.06879141010638873,0.2673461704770354,0,0.05507041904022163,0.04406767989905269,-0.18929905203409128,-0.12923452173900907,0.27323771878766,0.1539635952674769,0
122.0,2.129301687433082,238.00000000000003,0.29053128848253396,0.2674144026218457,0.22005942054162492,0.3547041577682501,-0.06806431634647485,0.2682096139766108,0,0.054247052974987574,0.043505253396317944,-0.1881028172224098,-0.128562819658621,0.2750734738671016,0.1539330102920857,0
122.25,2.133665010563068,237.75,0.29149083325883685,0.2689646473831552,0.21976404602597224,0.3558763257825139,-0.0673230296189184,0.26907215412906615,0,0.05342892389696062,0.042945757525723716,-0.18689860470647957,-0.12789120281045746,0.2768943955312713,0.15392457137694243,0
122.50000000000001,2.138028333693054,237.5,0.2924490963220606,0.27052001490011457,0.21947193680674495,0.357052255275743,-0.06656762767224775,0.2699337076354072,0,0.05261606647360073,0.04238919212646608,-0.1856864796481323,-0.12721957437349668,0.27870028262744073,0.15393836382001053,0
122.75,2.1423916568230394,237.25,0.2934060920538688,0.27208052157561513,0.21918315430358432,0.3582319417626907,-0.06579818825499084,0.2707941926051545,0,0.05180851508613037,0.04183555746100842,-0.18446650808689333,-0.1265478371635614,0.28049093400288333,0.15397446874977513,0
123.00000000000001,2.1467549799530254,237.0,0.2943618351031797,0.2736461837922046,0.21889775959688934,0.35941538040386284,-0.06501478911567567,0.27165352854287755,0,0.051006303825705465,0.04128485421661243,-0.1832387569399824,-0.12587589365165033,0.28226614850487186,0.15403296306334324,0
123.24999999999999,2.151118303083011,236.75,0.29531634038468235,0.27521701791055175,0.21861581342781725,0.3606025660115575,-0.06421750800283028,0.27251163633244396,0,0.05020946648958574,0.04073708350681682,-0.18200329400231371,-0.12520364598253234,0.2840257249806791,0.15411391936656502,0
123.5,2.155481626212997,236.5,0.29626962307736215,0.2767930402679398,0.21833737619828314,0.3617934930558621,-0.06340642266498267,0.27336843822347695,0,0.04941803657730493,0.04019224687280132,-0.18076018794649587,-0.12453099599360053,0.28576946227757816,0.15421740591419963,0
123.75000000000001,2.159844949342983,236.25,0.29722169862301495,0.2783742671767926,0.21806250797096047,0.3629881556705747,-0.06258161085066093,0.2742238578143141,0,0.04863204728684115,0.039650346284706095,-0.17950950832283166,-0.12385784523398866,0.28749715924284197,0.15434348655138336,0
124.0,2.1642082724729685,236.0,0.298172582724771,0.27996071492320695,0.21779126846928032,0.3641865476590524,-0.061743150308393016,0.2750778200358881,0,0.04785153151078725,0.03911138414283388,-0.17825132555931836,-0.12318409498393591,0.2892086147237432,0.15449222065648158,0
124.25,2.1685715956029545,235.75,0.29912229134561164,0.2815523997655389,0.21752371707743232,0.365388662499992,-0.06089111878670701,0.2759302511342147,0,0.04707652183252114,0.038575363278783414,-0.17698571096164745,-0.12250964627440206,0.29090362756755483,0.15466366308452248,0
124.49999999999999,2.17293491873294,235.5,0.30007084070689194,0.283149337932984,0.2172599128403636,0.3665944933531258,-0.060025594034130894,0.2767810786534911,0,0.046307050522376096,0.03804228695649936,-0.17571273671320484,-0.12183439990692585,0.29258199662154954,0.15485786411178543,0
124.75,2.177298241862926,235.25,0.3010182472868579,0.2847515456242147,0.21699991446377995,0.36780403306485443,-0.05914665379919275,0.2776302314171656,0,0.045543149533811146,0.0375121588732209,-0.17443247587507077,-0.12115825647372375,0.2942435207330007,0.1550748693818811,0
125.00000000000001,2.181661564992912,234.99999999999997,0.3019645278191684,0.286359039006011,0.21674378031414454,0.3690172741737775,-0.05825437583042037,0.2784776395078869,0,0.04478485049958126,0.03698498316035803,-0.1731450023860197,-0.12048111637801887,0.2958879987491809,0.15531471985279363,0
125.25,2.1860248881228976,234.75,0.3029096992914123,0.2879718342119355,0.21649156841867925,0.37023420891615166,-0.05734883787634229,0.2793232342492991,0,0.044032184727908354,0.036460764384265154,-0.17185039106252115,-0.11980287985460182,0.29751522951736264,0.1555774517452236,0
125.5,2.1903882112528836,234.49999999999997,0.30385377894363197,0.2895899473410253,0.2162433364653635,0.37145482923126233,-0.056430117685485955,0.28016694818560955,1,0.04328518319865008,0.03593950754694053,-0.17054871759873752,-0.11912344699061049,0.2991250118848197,0.15586309649208724,0
125.74999999999999,2.194751534382869,234.25,0.30479678426683954,0.2912133944565082,0.21599914180293503,0.3726791267667033,-0.055498293006379915,0.2810087150589943,1,0.04254387655947233,0.03542121808661258,-0.16924005856652743,-0.11844271774653155,0.30071714469882377,0.15617168068927656,0
126.0,2.199114857512855,234.0,0.30573873300153875,0.2928421915845423,0.21575904144088948,0.37390709288355134,-0.054553441587551814,0.28184846978857436,1,0.041808295122017405,0.034905901878257595,-0.16792449141544208,-0.11776059197740993,0.30229142680664867,0.15650322604812458,0
126.25000000000001,2.203478180642841,233.75,0.3066796431362434,0.29447635471297307,0.21552309204948067,0.3751387186614625,-0.0535956411775298,0.28268614844951995,1,0.041078468858075944,0.03439356523399795,-0.16660209447272817,-0.11707696945426518,0.3038476570555671,0.15685774934891816,0
126.5,2.2078415037728267,233.5,0.30761953290599864,0.29611589979011876,0.21529134995972038,0.37637399490366413,-0.05262496952484192,0.283521688247752,1,0.04035442739575644,0.033884214903445065,-0.16527294694332628,-0.11639174988570662,0.30538563429285187,0.15723526239586133,0
126.75,2.2122048269028127,233.25,0.3085584207908989,0.29776084272357606,0.21506387116337858,0.37761291214183057,-0.051641504378016165,0.28435502749723923,1,0.0396362000156559,0.033377858073901034,-0.16393712890987147,-0.11570483293974268,0.30690515736577595,0.15763577197340806,0
127.00000000000001,2.2165681500327987,232.99999999999997,0.30949632551461015,0.2994111993790447,0.21484071131298302,0.37885546064087705,-0.05064532348558044,0.2851861055963354,1,0.038923815647029916,0.032874502370500824,-0.1625947213326929,-0.11501611826577714,0.3084060251216122,0.1580592798044298,0
127.25,2.2209314731627843,232.75,0.31043326604288657,0.301066985579175,0.21462192572181976,0.3801016304036287,-0.04963650459606321,0.28601486300059764,1,0.038217302863963645,0.03237415585624137,-0.1612458060498149,-0.11432550551678354,0.309888036407633,0.15850578250961905,0
127.50000000000001,2.2252947962927703,232.49999999999997,0.31136926158209355,0.3027282171024288,0.2144075693639327,0.3813514111753775,-0.048615125457991876,0.2868412411993016,1,0.03751668988154088,0.03187682703191652,-0.15989046577695468,-0.11363289437165569,0.3113509900711121,0.15897527156833816,0
127.74999999999999,2.229658119422756,232.25,0.3123043315777243,0.30439490968197214,0.21419769687412404,0.3826047924483462,-0.04758126381989515,0.2876651826869182,1,0.03682200455201606,0.03138252483595627,-0.15852878410752558,-0.11293818455772373,0.31279468495932167,0.15946773328156122,0
128.0,2.234021442552742,231.99999999999997,0.3132384957129225,0.3060670790045785,0.2139923625479538,0.3838617634659964,-0.04653499743030036,0.2884866309379491,1,0.036133274360982834,0.030891258644169195,-0.15716084551263337,-0.112241275873428,0.31421891991953516,0.15998314873567457,0
128.25,2.238384765682728,231.75000000000003,0.31417177390700024,0.3077447407095517,0.2137916203417402,0.3851223132272727,-0.04547640403773618,0.2893055303773154,1,0.035450526423546215,0.030403038269373628,-0.15578673534108023,-0.11154206821115106,0.31562349379902477,0.16052149376865787,0
128.5,2.2427480888127134,231.49999999999997,0.3151041863139582,0.3094279103876676,0.2135955238725594,0.3863864304906527,-0.044405561390730056,0.29012182635125605,1,0.03477378748049102,0.029917873960950248,-0.1544065398193605,-0.11084046158018668,0.31700820544506425,0.16108273893748035,0
128.75,2.2471114119426994,231.25000000000003,0.31603575332100586,0.3111166035801354,0.2134041264182456,0.387654103778137,-0.04332254723781056,0.2909354651004647,1,0.03410308389445411,0.029435776404264424,-0.15302034605166498,-0.11013635612985631,0.31837285370492546,0.1616668494875117,0
129.0,2.251474735072685,230.99999999999997,0.316966495547081,0.3128108357775724,0.21321748091739118,0.38892532137906477,-0.04222743932750511,0.29174639372732986,1,0.03343844164609292,0.02895675672002518,-0.1516282420198771,-0.10942965217274508,0.3197172374258823,0.1622737853236587,0
129.25,2.255838058202671,230.75000000000003,0.31789643384136945,0.3145106224189971,0.2130356399693465,0.39020007135381785,-0.04112031540834246,0.2925545601658088,1,0.032779886330257496,0.02848082646350414,-0.1502303165835759,-0.10872025020807016,0.32104115545520684,0.16290350098274511,0
129.5,2.260201381332657,230.49999999999997,0.3188255892818247,0.3162159788908401,0.21285865583421995,0.3914783415373734,-0.04000125322884985,0.2933599131500354,1,0.032127443152159145,0.028007997623681224,-0.14882665948003357,-0.10800805094515772,0.3223444066401726,0.16355594560856032,0
129.75,2.2645647044626425,230.25000000000003,0.319753983173688,0.31792692052596505,0.21268658043287794,0.3927601195427342,-0.038870330537556064,0.2941624021821205,1,0.031481136923542485,0.027538282622267873,-0.14741736132421812,-0.1072929553270291,0.3236267898280519,0.16423106292802742,0
130.0,2.2689280275926285,229.99999999999997,0.32068163704800823,0.3196434626027099,0.21251946534694505,0.39404539276420025,-0.03772762508298844,0.2949619774970508,1,0.03084099205885409,0.02707169431264378,-0.14600251360879016,-0.10657486455408569,0.32488810386611816,0.1649287912297568,0
130.25000000000003,2.2732913507226145,229.74999999999997,0.32160857266016074,0.321365620343937,0.21235736181880382,0.3953341483804927,-0.036573214613675485,0.2957585900305593,1,0.03020703257141437,0.026608245978679723,-0.14458220870410635,-0.10585368010788229,0.32612814760164394,0.16564906334414045,0
130.5,2.2776546738526,229.49999999999997,0.3225348119883691,0.32309340891610416,0.21220032075159467,0.3966263733577449,-0.035407176878145034,0.29655219138381467,1,0.029579282069586762,0.026147951333454045,-0.1431565398582166,-0.10512930377498574,0.3273467198819022,0.16639180662543612,0
130.75,2.282017996982586,229.24999999999997,0.32346037723222254,0.3248268434283368,0.21204839270921638,0.39792205445231865,-0.03422958962492517,0.2973427337851337,1,0.028957763752948625,0.025690824517875965,-0.14172560119686556,-0.1044016376709045,0.3285436195541657,0.16715694293575953,0
131.0,2.2863813201125716,229.0,0.3243852908111964,0.326565938931516,0.2119016279163258,0.3992211782134607,-0.03304053060254393,0.2981301700571515,1,0.028342500408461452,0.02523688009918812,-0.14028948772349212,-0.1036705842640871,0.32971864546570756,0.16794438863137603,0
131.25,2.2907446432425576,228.75,0.32530957536317384,0.3283107104173977,0.21176007625833757,0.4005237309858326,-0.031840077559529285,0.29891445357682317,1,0.02773351440664118,0.024786133069392924,-0.13884829531922951,-0.10293604639997128,0.3308715964638004,0.16875405455062578,0
131.5,2.2951079663725436,228.5,0.3262332537429633,0.3300611728177032,0.2116237872814244,0.40182969891181836,-0.030628308244409288,0.29969553823613726,1,0.02713082769772855,0.024338598843537285,-0.1374021207429054,-0.10219792732508783,0.33200227139571725,0.169585846003579,0
131.75,2.299471289502529,228.25000000000003,0.3271563490208187,0.33181734100325455,0.21149281019251712,0.4031390679337112,-0.029405300405712143,0.3004733784050434,1,0.02653446180785955,0.023894293257911814,-0.13595106163104193,-0.10145613071120002,0.3331104691087309,0.17043966276466654,0
132.0,2.303834612632515,228.0,0.32807888448096034,0.33357922978310406,0.21136719385930477,0.4044518237956978,-0.02817113179196534,0.30124792888911905,1,0.025944437835235246,0.023453232568151683,-0.13449521649785479,-0.10071056067947172,0.3341959884501145,0.17131539906645077,0
132.25,2.3081979357625007,227.75000000000003,0.32900088362009305,0.3353468539036686,0.21124698681023427,0.4057679520456756,-0.02692588015169761,0.30201914488967907,1,0.025360776446293195,0.02301543344721757,-0.1330346847352555,-0.09996112182466123,0.3352586282671405,0.17221294359583442,0
132.5,2.3125612588924866,227.5,0.32992237014592796,0.33712022804788555,0.21113223723451055,0.4070874380368891,-0.025669623233436235,0.30278698195941955,1,0.024783497871876326,0.022580912983275914,-0.13156956661284816,-0.09920771923932242,0.3362981874070824,0.1731321794924385,0
132.75,2.3169245820224726,227.25,0.33084336797569946,0.33889936683435795,0.21102299298209676,0.4084102669293599,-0.024402438785709857,0.30355139596088626,1,0.024212621903404712,0.022149688677473356,-0.13009996327793286,-0.0984502585380128,0.3373144647172124,0.17407298434890595,0
133.0,2.321287905152458,227.0,0.33176390123468935,0.34068428481651747,0.21091930156371375,0.40973642369116037,-0.02312440455704627,0.30431234302117716,1,0.02364816788904488,0.021721778441613937,-0.128625976755503,-0.09768864588149194,0.3383072590448039,0.17503523021332054,0
133.25,2.325651228282444,226.75,0.3326839942547407,0.34247499648179336,0.21082121015084096,0.41106589309944885,-0.021835598295973525,0.3050697794865304,1,0.02309015472988058,0.021297200595707277,-0.12714770994824667,-0.09692278800090845,0.3392763692371295,0.17601878359389977,0
133.5,2.3300145514124297,226.5,0.3336036715727838,0.3442715162507761,0.21072876557571535,0.4123986597413469,-0.02053609775101962,0.3058236618760092,1,0.022538600876083083,0.02087597386544593,-0.12566526663654626,-0.09615259222195748,0.34022159414146225,0.17702350546589343,0
133.75,2.3343778745424157,226.25,0.33452295792935083,0.3460738584763925,0.2106420143313324,0.41373470801456996,-0.01922598067071256,0.3065739468318531,1,0.021993524323081465,0.020458117379544727,-0.12417875147847847,-0.09537796648900744,0.3411427326050748,0.1780492512802491,0
134.0,2.3387411976724017,226.0,0.3354418782670995,0.34788203744307455,0.2105610025714451,0.4150740221278718,-0.017905324803580442,0.3073205910737293,1,0.02145494260773296,0.02004365066699465,-0.12268827000981448,-0.09459881938918194,0.3420395834752402,0.17909587097490307,0
134.25,2.3431045208023873,225.75,0.33636045772932954,0.34969606736594405,0.21048577611056504,0.4164165861012758,-0.016574207898151266,0.3080635513466665,1,0.020922872804493294,0.019632593654205,-0.12119392864401958,-0.09381506017638794,0.3429119455992314,0.18016320898799712,0
134.5,2.3474678439323733,225.5,0.3372787216585059,0.35151596238998795,0.21041638042396155,0.4177623837660648,-0.015232707702953043,0.30880278436918057,1,0.02039733152158705,0.019224966662040543,-0.11969583467225361,-0.09302659879528234,0.3437596178243211,0.18125110427337904,0
134.75000000000003,2.3518311670623593,225.24999999999997,0.33819669559477505,0.3533417365892263,0.210352860647662,0.41911139876455994,-0.013880901966513573,0.30953824678202896,1,0.019878334897177885,0.01882079040275253,-0.11819409626337056,-0.09223334590516492,0.34458239899778254,0.1823593903181671,0
135.0,2.356194490192345,225.0,0.33911440527448655,0.35517340396589225,0.21029526157845202,0.42046361454966336,-0.012518868437361592,0.3102698950934228,1,0.019365898595539274,0.01842008597682232,-0.11668882246391944,-0.0914352129037916,0.34538008796688785,0.18348789516277983,0
135.25,2.360557813322331,224.74999999999997,0.3400318766287149,0.3570109784496106,0.2102436276738749,0.42181901438415875,-0.011146684864024163,0.31099768562418756,1,0.018860037803224,0.018022874869666805,-0.1151801231981423,-0.09063211195109258,0.346152483578911,0.18463644142277022,0
135.5,2.3649211364523164,224.5,0.3409491357817742,0.3588544738965532,0.21019800305223238,0.4231775813397755,-0.00976442899503023,0.31172157445069776,1,0.018360767225235625,0.017629178948278312,-0.11366810926797712,-0.08982395599279511,0.34689938468112375,0.18580484631323668,0
135.75,2.3692844595823024,224.25,0.3418662090497423,0.3607039040886125,0.2101584314925842,0.4245392982959914,-0.008372178578907203,0.3124415173473787,1,0.01786810108119768,0.01723902045773318,-0.11215289235305478,-0.08901065878392857,0.34762059012079977,0.18699292167538384,0
136.0,2.3736477827122884,224.0,0.34278312293897917,0.3625592827325569,0.2101249564347479,0.4259041479385949,-0.0069700113641832885,0.31315746972628233,1,0.017382053101524887,0.016852422017618607,-0.11063458501070134,-0.08819213491221545,0.34831589874521157,0.1882004740048294,0
136.25,2.378011105842274,223.75,0.34369990414464646,0.3644206234591768,0.21009762097929927,0.42727211275796045,-0.005558005099386516,0.31386938657775104,1,0.016902636523593032,0.01646940661834051,-0.10911330067593701,-0.08736829982132943,0.3489851094016323,0.1894273044830186,0
136.5,2.38237442897226,223.5,0.344616579549227,0.3662879398224428,0.21007646788757206,0.4286431750470932,-0.004136237533044913,0.3145772224058838,1,0.01642986408790946,0.016089997617344753,-0.1075891536614764,-0.0865390698340122,0.34962802093733464,0.19067320900995033,0
136.75,2.3867377521022455,223.25,0.34553317622104596,0.3681612452986175,0.2100615395816581,0.43001731689934103,-0.002704786413686505,0.3152809311658732,1,0.015963748034283333,0.01571421873522716,-0.1060622591577283,-0.08570436217504596,0.35024443219959156,0.19193797823943703,0
137.0,2.3911010752322315,223.0,0.3464497214127886,0.3700405532853993,0.2100528781444074,0.43139452020589225,-0.0012637294898392678,0.3159804661976271,1,0.015504300097996056,0.015342094051749244,-0.10453273323279609,-0.0848640949940625,0.35083414203567587,0.1932213976168163,0
137.25,2.3954643983622175,222.74999999999997,0.34736623603232664,0.3719258771010234,0.21001569282720386,0.43277476665290865,-0.12333869459760904,0.31667578015783215,1,0.015051531505971431,0.01497364800175316,-0.103000692832477,-0.08401818738818667,0.35139694929286047,0.19452324741852506,0
137.5,2.399827721492203,222.5,0.3482786566715905,0.37381722998336187,0.20762097652222075,0.4341580377184302,-0.9297635962295148,0.31736682495179436,1,0.014605452972946463,0.01460890537097903,-0.10146625578026379,-0.08316655942450009,0.35193265281841823,0.19584330279386972,0
137.75,2.404191044622189,222.24999999999997,0.3491737801627176,0.3757146250890081,0.2022725534631203,0.4355443146689133,-1.4813973894070427,0.31805355166150123,1,0.014166074697640828,0.014247891291783277,-0.09992954077734177,-0.08230913216232005,0.35244105145962223,0.19718133380900058,0
138.0,2.4085543677521746,222.0,0.35004106439330007,0.3776180754923525,0.1950274533666155,0.43693357855550774,-1.803315558340156,0.31873591047376704,1,0.013733406358928313,0.013890631238761664,-0.0983906674025925,-0.08144582767527955,0.35292194406374505,0.19853710549340836,0
138.25,2.4129176908821606,221.74999999999997,0.350874340712227,0.37952759418462045,0.1868332935091602,0.43832581020996786,-1.9205935872394113,0.3194138506046306,1,0.013307457112006019,0.01353715102427222,-0.09684975611258997,-0.0805765690732004,0.35337512947805977,0.19991037788784877,0
138.5,2.4172810140121466,221.5,0.3516713365278523,0.3814431940729198,0.17852827872696833,0.4397209902402698,-1.8583069603150466,0.3200873202225388,1,0.012888235584565812,0.013187476793872444,-0.09530692824160461,-0.07970128052375504,0.35380040654983924,0.20130090609490056,0
138.75,2.421644337142132,221.25,0.3524331979061639,0.38336488797924495,0.17084120141599318,0.4411190990258522,-1.6415311617773891,0.3207562663698566,1,0.012475749872963612,0.01284163502165414,-0.0937623060015993,-0.07881988727389844,0.3541975741263562,0.20270844033173582,0
139.0,2.426007660272118,221.0,0.3531640121689523,0.3852926886394721,0.16439144153194404,0.44252011671254876,-1.2953416758367733,0.3214206348826158,1,0.01207000753839049,0.012499652505485348,-0.09221601248223225,-0.07793231567106941,0.3545664310548839,0.20413272598454232,0
139.25000000000003,2.430370983402104,220.74999999999997,0.35387033049197947,0.38722660870232917,0.15968896659027693,0.4439240232071283,-0.8448139867034524,0.32208037030630604,1,0.011671015603042624,0.012161556362171089,-0.09066817165085567,-0.07703849318414761,0.35490677618269484,0.2055735036652472,0
139.5,2.4347343065320897,220.50000000000003,0.354560690503147,0.3891666607283364,0.15713433166619975,0.44533079817149257,-0.3150235785879584,0.32273541581161597,1,0.011278780546291972,0.011827374022498782,-0.08911890835251692,-0.07613834842415981,0.35521840835706203,0.20703050927048444,0
139.75,2.4390976296620757,220.24999999999997,0.3552451388806661,0.39111285718872935,0.15701867939466702,0.44674042101648115,0.2689540642996992,0.32338571310581643,1,0.010893308300855947,0.011497133226225253,-0.08756834830995615,-0.07523181116472231,0.3555011264252584,0.20850347404239108,0
140.0,2.443460952792061,220.00000000000003,0.35593475395122487,0.39306521046434495,0.15952373997038394,0.4481528708952957,0.8820434577488042,0.3240312023438705,1,0.010514604248968702,0.011170862016957162,-0.08601661812360976,-0.07431881236221669,0.3557547292345567,0.2099921246314472,0
140.25,2.447824275922047,219.74999999999997,0.3566411682881582,0.39502373284448467,0.16472183114780714,0.4495681266965294,1.4991691175494604,0.3246718220357773,1,0.010142673218550427,0.010848588736942388,-0.08446384527160652,-0.0733992841756838,0.3559790156322301,0.21149618316122065,0
140.5,2.452187599052033,219.49999999999997,0.3573760913096159,0.39698843652574545,0.17257585824113889,0.4509861670367824,2.0952555594910156,0.32530750895125105,1,0.009777519479378653,0.01053034202177805,-0.08291015810977125,-0.07247315998643454,0.3561737844655511,0.21301536729525433,0
140.75,2.4565509221820188,219.24999999999997,0.3581508318767319,0.39895933361080993,0.18293931412433354,0.45240697025285953,2.645227299363252,0.3259381980216772,1,0.009419146739257898,0.010216150795043677,-0.08135568587162212,-0.07154037441736018,0.35633883458179294,0.214549390305976,0
141.0,2.4609142453120048,219.00000000000003,0.3589758208917918,0.4009364361072145,0.19555627923109262,0.45383051439353017,3.1240088529557846,0.32656382224105696,1,0.009067558140190366,0.009906044262832703,-0.07980055866837231,-0.0706008633519417,0.3564739648282283,0.2160979611450807,0
141.25,2.4652775684419903,218.74999999999997,0.35986013389640403,0.40291975592607254,0.2100614215548752,0.4552567772108615,3.506524736058485,0.3271843125627353,1,0.008722756254545935,0.009600051908215113,-0.07824490748892805,-0.06965456395294596,0.35657897405212996,0.21766078451636406,0
141.5,2.4696408915719763,218.50000000000003,0.3608110136696655,0.40490930488075516,0.22597999664887375,0.45668573615107716,3.7676994644607804,0.32779959779192297,1,0.008384743081233118,0.009298203485622603,-0.07668886419989195,-0.06870141468079947,0.35665366110077107,0.21923756094997368,0
141.75,2.4740042147019623,218.24999999999997,0.36183339282633387,0.4069050946855435,0.2427278476260512,0.4581173683449526,3.882457553952527,0.328409604479142,1,0.008053520041868566,0.009000529015131598,-0.07513256154555885,-0.06774135531163657,0.35669782482142454,0.22082798687856775,0
142.0,2.478367537831948,218.00000000000003,0.362929416414992,0.40890713695422154,0.2596114051590977,0.45955165059774383,3.8257235203233138,0.32901425680626006,1,0.00772908797694826,0.008707058776694754,-0.07357613314791989,-0.06677432695500855,0.35671126406136305,0.22243175471568058,0
142.25,2.482730860961934,217.75,0.3640979645162211,0.4109154431986427,0.27582768748047426,0.4609885593785883,3.572421879362793,0.32961347647214273,1,0.007411447142017014,0.008417823304281757,-0.07201971350665856,-0.06580027207124804,0.35669377766785937,0.22404855293510612,0
142.5,2.4870941840919194,217.50000000000003,0.36533417484076625,0.4129300248272312,0.2904643003823718,0.4624280708094357,3.0974771468607827,0.33020718257366943,1,0.007100597203839646,0.008132853379954397,-0.07046343799915485,-0.06481913448848535,0.3566451644881867,0.22567806615253802,0
142.75,2.4914575072219054,217.25,0.36662896532770717,0.414950893143446,0.30249943721674877,0.4638701606534106,2.3758138386066565,0.33079529148414066,1,0.00679653723657048,0.007852180027846267,-0.06890744288048091,-0.06383085941930036,0.35656522336961777,0.2273199752089114,0
143.0,2.4958208303518914,217.0,0.3679685567426254,0.4169780593441881,0.31080187889529776,0.465314804302682,1.3823564703903912,0.33137771672839667,1,0.006499265717924445,0.007575834508100954,-0.0673518652834051,-0.06283539347701166,0.3564537531594254,0.22897395725493297,0
143.25,2.500184153481877,216.75,0.36933399527577426,0.4190115345181531,0.3141309938894697,0.4667619767657364,0.09202955800155668,0.3319543688535214,1,0.006208780525346861,0.007303848310722616,-0.06579684321838904,-0.06183268469159069,0.35631055270488254,0.23063968583774908,0
143.5,2.504547476611863,216.5,0.37071547885912315,0.4210513296441305,0.3219116598637478,0.46821165265411885,3.665359161936223,0.33252515529623916,1,0.005925078932184037,0.007036253149355187,-0.06424251557358908,-0.06082268252519463,0.35613542085326205,0.23231683098887357,0
143.75000000000003,2.508910799741849,216.25,0.3721653390458969,0.4230974555892454,0.34487422321654176,0.4696638061685488,6.71784104560606,0.3330899802438032,1,0.005648157603853531,0.00677308095500595,-0.06268902211485577,-0.059805337887313174,0.355928156451837,0.23400505931364085,0
144.0,2.5132741228718345,216.0,0.3737418040763487,0.42514992310711597,0.37935020876682096,0.47111841108444746,8.955113857662456,0.33364874449760096,1,0.0053780125940145074,0.0065143638696913975,-0.06113650348573412,-0.0587806031495208,0.35568855834788,0.23570403408232254,0
144.25,2.5176374460018205,215.75,0.37548758641814484,0.4272087428359955,0.4219447897791698,0.47257544073686303,10.451521788391599,0.3342013453262696,1,0.005114639340738065,0.006260134240033799,-0.0595851012074634,-0.057748432159828444,0.3554164253886641,0.23741341532249868,0
144.5,2.522000769131806,215.50000000000003,0.3774312935171652,0.4292739252967913,0.4695875272432146,0.47403486800471645,11.28140902807944,0.3347476763148997,1,0.004858032662677608,0.006010424610785492,-0.058034957678977525,-0.05670878025662962,0.35511155642146214,0.23913285991289912,0
144.75,2.526364092261792,215.25,0.37958884320597064,0.4313454808910473,0.5195323698736768,0.47549666529441065,11.51911976701246,0.33528762721483657,1,0.004608186755238999,0.005765267718292444,-0.05648621617690374,-0.05566160428223322,0.35477375029354696,0.24086202167862708,0
145.0,2.530727415391778,215.0,0.38196487911226207,0.43342341989884825,0.5693576541102795,0.47696080452276557,11.238998195476537,0.33582108378435993,1,0.004365095186751273,0.005524696483906855,-0.054939020855565124,-0.05460686259597862,0.35440280585219136,0.24260055148761098,0
145.25,2.5350907385217636,214.75,0.3845541860673485,0.43550775247664164,0.6169661041178369,0.47842725709923706,10.515388503757897,0.33634792762511456,1,0.004128750894636592,0.0052887440073455805,-0.05339351674697822,-0.0535445150869268,0.3539985219446684,0.2443480973484319,0
145.5,2.5394540616517496,214.5,0.3873431055146088,0.43759848865498696,0.6605848317862092,0.4798959939074245,9.422634882142692,0.3368680360164413,1,0.003899146181580767,0.005057443559974839,-0.05184984976085399,-0.05247452318612174,0.3535606974182511,0.2461043045092144,0
145.75,2.543817384781735,214.25,0.3903109509179561,0.4396956383362174,0.6987653367303143,0.48136698528584393,8.035081520917005,0.33738128173920606,1,0.003676272711703559,0.004830828578068935,-0.05030816668459781,-0.05139684987841854,0.3530891311202119,0.24786881555774762,0
146.0,2.548180707911721,214.0,0.39343142317030066,0.44179921129201083,0.7303835062901209,0.4828402010078984,6.427072610367091,0.33788753290204665,1,0.003460121506729024,0.004608932655999265,-0.04876861518330945,-0.05031145971387112,0.3525836218978241,0.24964127052272347,0
146.25,2.552544031041707,213.75,0.3966740260020152,0.4439092171608974,0.7546396155306584,0.4843156102611346,4.6729523407790445,0.3383866527569635,1,0.0032506829421558316,0.004391789539380797,-0.047231343799782985,-0.049218318818676846,0.35204396859836035,0.25142130697608994,0
146.5,2.5569073541716927,213.5,0.4000054813893976,0.44602566544563604,0.7710583272420095,0.48579318162560425,2.8470649024390133,0.338878499508716,1,0.0030479467434276165,0.0041794331181748134,-0.045696501954506856,-0.04811739490567104,0.35146997006909353,0.25320856013620757,0
146.75,2.5612706773016787,213.25,0.4033911449631352,0.4481485655105304,0.7794886919393127,0.48727288305145716,1.0237544856331373,0.33936292612263386,1,0.0028519019821033067,0.0039718974197445744,-0.04416423994566383,-0.047008657284371404,0.35086142515729674,0.25500266297224006,0
147.0,2.5656340004316642,213.0,0.4067964214167685,0.45027792657862,0.780104147862763,0.48875468183562537,-0.7226347193524311,0.3398397801221051,1,0.002662537072027459,0.00376921660185614,-0.04263470894913107,-0.04589207687056153,0.35021813271024277,0.2568032463093727,0
147.25,2.5699973235616502,212.75,0.4101881799151551,0.4524137577287831,0.7734025209776095,0.4902385445976493,-2.317758522231551,0.3403089033843079,1,0.0024798397655005967,0.003571424945668533,-0.04110806101847999,-0.04476762619541714,0.3495398915752042,0.2586099389346061,0
147.5,2.5743606466916362,212.49999999999997,0.4135361695029339,0.45455606789272496,0.7602060249741552,0.4917244372545791,-3.687272732718298,0.34077013192614686,1,0.0023037971494495207,0.0033785568486505158,-0.03958444908497617,-0.04363527941416635,0.3488265005994542,0.2604223677036056,0
147.75,2.5787239698216218,212.25,0.4168144345129855,0.4567048658518563,0.7416612612677689,0.49321232499493267,-4.756833160525906,0.3412232956836938,1,0.0021343956415977787,0.00319064681748249,-0.03806402695758053,-0.04249501231428351,0.34807775863026574,0.2622401576485299,0
148.0,2.5830872929516078,211.99999999999997,0.4200027299749032,0.45886016023405296,0.719239218998857,0.4947021722516724,-5.452095615368875,0.3416682182881119,1,0.0019716209866357036,0.003007729460916986,-0.03654694932294664,-0.041346802323208434,0.3472934645149115,0.2640629320861302,0
148.25000000000003,2.5874506160815938,211.75,0.4230879370234495,0.4610219595103058,0.6947352750329034,0.4961939426742078,-5.698715906960671,0.3421047168312736,1,0.0018154582523911477,0.0028298394826086204,-0.035033371745424244,-0.04019062851559693,0.3464734171006647,0.2658903127263836,0
148.5,2.5918139392115793,211.5,0.4260654783070248,0.4631902719912313,0.6702691939604264,0.4976875990993267,-5.422349845015365,0.3425326016251713,1,0.0016658918259994334,0.0026570116739073057,-0.0335234506670559,-0.03902647162009205,0.3456174152347976,0.2677219197822492,0
148.75,2.5961772623415653,211.25,0.42894073339612804,0.465365105823464,0.6482851280970131,0.49918310352109846,-4.548653239246739,0.3429516759549724,1,0.0015229054100739658,0.0024892809066308086,-0.03201734340757936,-0.03785431402561674,0.3447252577645837,0.2695573720797609,0
149.0,2.600540585471551,211.0,0.43173045419182254,0.46754646898591345,0.6315516174833017,0.5006804170596502,-3.003281899368584,0.3433617358207711,1,0.0013864820188764402,0.0023266821258082215,-0.030515208164426533,-0.036674139787184416,0.34379674353729545,0.2713962871681576,0
149.25,2.604903908601537,210.75,0.43446418033419876,0.46973436928587275,0.6231615898849882,0.5021794999288162,-0.7118916350948603,0.3437625696781124,1,0.0012566039744872103,0.002169250342396567,-0.029017204012723678,-0.035485934631230544,0.342831671400206,0.2732382814309012,0
149.5,2.609267231731523,210.49999999999997,0.43718170898063946,0.4719288143550021,0.6228272655369333,0.5036803114026499,0.040627606817610594,0.34415395816373917,1,0.0011332529029755988,0.00201702062597664,-0.02752349090529112,-0.03428968596045436,0.341829840200588,0.27508297019693534,0
149.75,2.6136305548615084,210.25,0.43989986190412755,0.474129811645147,0.6231208070539347,0.5051828097806802,0.09363503955358857,0.34453567381483186,1,0.0010164097305703306,0.0018700280974304206,-0.02603422967264455,-0.033085382858179566,0.3407910487857148,0.2769299678522349,0
150.0,2.6179938779914944,209.99999999999997,0.442619794788766,0.47633736842400975,0.623641893854358,0.5066869523519729,0.14492940849123093,0.3449074807801951,1,0.0009060546798296624,0.001728307921602612,-0.02454958202299228,-0.03187301609222259,0.33971509600285854,0.27877888795151823,0
150.25,2.62235720112148,209.75,0.445342484232903,0.4785514917706565,0.6243830869780037,0.5081926953578669,0.19452707304045336,0.34526913452199176,1,0.0008021672658119926,0.0015918952999337543,-0.023069710542238907,-0.030652578118278394,0.3386017806992929,0.280629343330211,0
150.5,2.626720524251466,209.49999999999997,0.4480688745320328,0.48077218857086723,0.6253370188460661,0.5096999939534329,0.24244439261123885,0.3456203815095824,1,0.0007047262922459178,0.0014608254631002238,-0.021594778693981458,-0.029424063082811702,0.3374509017222903,0.2824809462166,0
150.75,2.631083847381452,209.25000000000003,0.45079987799024956,0.4829994655123059,0.6264963932611293,0.5112088021675375,0.28869772661350507,0.3459609588996764,1,0.0006137098477008321,0.0013351336636233668,-0.0201249508195132,-0.02818746682546405,0.33626225791912384,0.28433330834380816,0
151.0,2.6354471705114375,208.99999999999997,0.45353637523171353,0.48523332907951455,0.6278539854071711,0.512719072861511,0.3333034344572265,0.3462905942117877,1,0.0005290953017570163,0.0012148551684779685,-0.01866039213781987,-0.026942786880967844,0.3350356481370659,0.28618604106224776,0
151.25,2.6398104936414235,208.75000000000003,0.45627921551210515,0.4874737855487402,0.6294026418495593,0.5142307576863792,0.37627787555232906,0.346609004986135,1,0.0004508593011762046,0.0011000252517007203,-0.017201268745583437,-0.025690022480572092,0.33377087122339016,0.2880387554515543,0
151.5,2.644173816771409,208.49999999999997,0.45902921703009136,0.4897208409825309,0.6311352805350554,0.5157438070385457,0.4176374093087852,0.3469158984386271,1,0.00037897776607170516,0.000990679186975152,-0.01574774761717832,-0.02442917455297965,0.3324677260253685,0.2898910624327834,0
151.75,2.648537139901395,208.25000000000003,0.46178716723877855,0.49197450122418973,0.6330448907918107,0.5172581700140133,0.45739839513651687,0.34721097110251675,1,0.0003134258860789362,0.0008868522402314394,-0.014299996604675175,-0.023160245724793836,0.3311260113902751,0.2917425728801021,0
152.0,2.652900463031381,207.99999999999997,0.4645538231571811,0.4942347718919815,0.6351245333293707,0.5187737943609386,0.4955771924455016,0.3474939084532732,1,0.0002541781165255775,0.0007885796622281172,-0.01285818443783714,-0.021883240320481,0.32974552616538166,0.2935928977324514,0
152.25,2.6572637861613666,207.75000000000003,0.46732991168167204,0.4965016583731501,0.6373673402386698,0.52029062643058,0.5321901606456602,0.34776438452909086,1,0.00020120817460207458,0.0006958966811586587,-0.011422480724123536,-0.0205981643618427,0.32832606919796187,0.2954416481054317,0
152.5,2.6616271092913526,207.49999999999997,0.47011612989745244,0.4987751658177191,0.6397665149920373,0.5218086111265408,0.5672536591469652,0.34802206153295145,1,0.00015448903553182266,0.0006088384952395165,-0.009993055948686207,-0.019305025567001876,0.32686743933528783,0.2972884354018244,0
152.75000000000003,2.6659904324213386,207.24999999999997,0.4729131453900035,0.5010552991320452,0.642315332443192,0.5233276918522441,0.6007840473593493,0.3482665894286168,1,0.00011399292874163251,0.0005274402653088206,-0.008570081474372946,-0.018003833348910547,0.32536943542463315,0.2991328714224946,0
153.0,2.670353755551324,206.99999999999997,0.47572159655655233,0.5033420629721731,0.6450071388272456,0.5248478104566511,0.6327976846927686,0.34849760551774267,1,7.969133403197662e-05,0.00045173710743806605,-0.007153729541724966,-0.016694598813368183,0.32383185631327055,0.30097456847693754,0
153.25,2.67471707868131,206.74999999999997,0.4785420929175287,0.5056354617369159,0.6478353517607013,0.5263689071780446,0.6633109305571676,0.3487147340056437,1,5.155497774736506e-05,0.0003817640855582338,-0.005744173268978067,-0.0153773347565647,0.3222545008484726,0.3028131394926041,0
153.5,2.6790804018112957,206.5,0.48137521542802697,0.5079354995607137,0.6507934602414542,0.5278909205859584,0.6923401443624978,0.34891758555572316,1,2.9553828946673246e-05,0.0003175562040778068,-0.0043415866520623925,-0.014052055662144777,0.3206371678775124,0.30464819812470545,0
153.75,2.6834437249412817,206.25,0.4842215167892647,0.5102421803062132,0.6538750246487913,0.5294137875210728,0.7199016855187067,0.3491057568238274,1,1.3657095573478222e-05,0.0002591484005360911,-0.0029461445646024355,-0.012718777697792637,0.31897965624766283,0.3064793588645051,0
154.0,2.6878070480712677,206.0,0.4870815217600445,0.5125555075565897,0.6570736767433916,0.5309374430330797,0.746011913435744,0.349278829984648,1,3.833220626394325e-06,0.00020657553825875752,-0.0015580227579170304,-0.011377518711351335,0.31728176480619685,0.3083062371474421,0
154.25,2.6921703712012532,205.75000000000003,0.4899557274682116,0.5148754846076029,0.6603831196673248,0.5324618203164456,0.7706871875235548,0.3494363722376039,1,4.987832940943307e-08,0.000159872399037142,-0.00017739786101958293,-0.01002829822646398,0.3155432924003874,0.31012844946063284,0
154.5,2.6965336943312392,205.5,0.4928446037221179,0.5172021144593435,0.6637971279440547,0.533986850643965,0.7939438671920972,0.3495779352981432,1,2.2903161294163255e-06,0.00011907367583119388,0.001208447043346927,-0.008671137437754897,0.3205415242247978,0.3119456134492422,0
154.75,2.700897017461225,205.25000000000003,0.4957485933220761,0.5195353998077075,0.6673095474784341,0.5355124632980838,0.8157983118513077,0.34970305487726483,1,1.0633307791496627e-05,8.421396548208282e-05,0.002619993312668338,-0.007306059205542588,0.3264471275418979,0.31375734802240546,0
155.0,2.705260340591211,205.0,0.49866811237182695,0.5218753430355615,0.6709142955567107,0.5370385854999103,0.8362668809111473,0.34981125013545505,1,2.5191235387134192e-05,5.53277614606662e-05,0.004057092021843859,-0.00593308805009655,0.33225398079572577,0.31556327345818613,0
155.25,2.709623663721197,204.75,0.5016035505899925,0.5242219462035791,0.6746053608465206,0.5385651423357743,0.8553659337815549,0.34990202312553104,1,4.6074653977656865e-05,3.244944664060334e-05,0.005519313351310137,-0.004552250145434298,0.337962569337607,0.3173630115075969,0
155.5,2.7139869868511823,204.5,0.5045552716215411,0.5265752110407662,0.6783768033968942,0.5400920566813753,0.8731118298724823,0.3499748582217182,1,7.339224780233966e-05,1.5613286092230894e-05,0.007006229599249011,-0.0031635733126704406,0.3435733785188698,0.31915618549768404,0
155.75,2.7183503099811683,204.25,0.5075236133492451,0.5289351389346483,0.6822227546382533,0.541619249123359,0.889520928593879,0.3500292215182967,1,0.0001072508395197902,4.853419913297685e-06,0.008517415181587265,-0.0017670870129141167,0.34908689369084345,0.32094242043363236,0
156.0,2.722713633111154,204.0,0.5105088882051417,0.5313017309211008,0.6861374173824111,0.5431466378782187,0.904609589355693,0.350064560217357,1,0.00014775539944789085,2.038560843464765e-07,0.010052446631995827,-0.0003628223397270348,0.3545036002048547,0.3227213430999983,0
156.25,2.72707695624114,203.75,0.5135113834819927,0.5336749876738338,0.6901150658225723,0.5446741387085284,0.9183941715678738,0.350080301998567,1,0.00019500905480429598,1.6984633761651935e-06,0.01161090260189084,0.0010491879888625104,0.3598239834122329,0.32449258216058335,0
156.5,2.731440279371126,203.5,0.5165313616447447,0.5360549094934871,0.6941500455333346,0.5462016648363442,0.9308910346403689,0.35007585436215827,1,0.00024911309894704026,9.370964264010517e-06,0.01319236386043257,0.0024689096387731624,0.365048528664305,0.32625576825703495,0
156.75,2.7358036025011114,203.25,0.5195690606419893,0.5384414962963544,0.698236773470686,0.5477291268537043,0.9421165379831277,0.35005060395824883,1,0.0003101670006141477,2.3254927906002365e-05,0.014796413294526528,0.0038963066687169408,0.3701777213123999,0.3280105341070464,0
157.0,2.7401669256310974,203.0,0.522624694217423,0.5408347476027153,0.702369737972008,0.5492564326301773,0.9520870410060989,0.3500039158859127,1,0.0003782684131653502,4.3383763147719634e-05,0.016422635908822317,0.005331341539469721,0.37521204670784486,0.3297565146005871,0
157.25000000000003,2.7445302487610834,202.74999999999997,0.5256984522213078,0.5432346625247328,0.7065434987560729,0.5507834872172456,0.9608189031192326,0.3499351329789923,1,0.0004535131838212525,6.979071157109384e-05,0.018070618825714962,0.00677397512355744,0.3801519902019695,0.3314933468949838,0
157.5,2.748893571891069,202.5,0.5287905009219289,0.5456412397539632,0.7107526869230435,0.5523101927496211,0.9683284837324729,0.34984357506335056,1,0.0005359953629047176,0.00010250884057882992,0.019739951285342956,0.008224166715356316,0.3849980371460992,0.3332206705090177,0
157.75,2.753256895021055,202.24999999999997,0.5319009833170604,0.5480544775483782,0.7149920049544783,0.5538364483431473,0.9746321422557744,0.3497285381929391,1,0.0006258072130802539,0.0001415710365446632,0.021430224645591144,0.009681874041600204,0.3897506728915651,0.3349381274153439,0
158.0,2.7576202181510405,202.0,0.5350300194454172,0.5504743737190027,0.7192562267133226,0.5553621499894479,0.9797462380990811,0.34958929386382004,1,0.0007230392185954004,0.00018700999799192708,0.023141032382087198,0.011147053272287334,0.3944103827896925,0.33664536213189145,0
158.25,2.7619835412810265,201.75,0.5381777066981234,0.5529009256160159,0.723540197443918,0.5568871904469701,0.9836871306723444,0.34942508819279394,1,0.0008277800945206693,0.0002388582288183061,0.024871970088205173,0.012619659031985276,0.3989776521918115,0.3383420218114575,0
158.5,2.7663468644110125,201.5,0.5413441201301665,0.5553341301144091,0.7278388337719957,0.5584114591284658,0.9864711793855121,0.34923514108422177,1,0.0009401167959897094,0.00029714803158154,0.02662263547506255,0.014099644411519535,0.403452966449249,0.3400277563299844,0
158.75,2.770710187540998,201.25,0.54452931277186,0.5577739835991373,0.7321471237046789,0.5599348419847634,0.9881147436485334,0.34901864536332367,1,0.0010601345274401375,0.00036191150084297075,0.028392628371522288,0.015586960980048884,0.407836810913334,0.3417022183737838,0
159.0,2.775073510670984,201.0,0.5477333159403028,0.5602204819497529,0.7364601266304827,0.561457221384686,0.988634182871356,0.3487747658820742,1,0.0011879167518540346,0.0004331805165418423,0.030181550724191365,0.01708155879751513,0.41212967093539343,0.3433650635243069,0
159.25,2.7794368338009696,200.75,0.55095613955084,0.5626736205245088,0.7407729733193141,0.5629784759910207,0.9880458564639295,0.34850263859450065,1,0.0013235451999979997,0.0005109867374458732,0.031989006597422084,0.018583386427458205,0.41633203186675655,0.3450159503421735,0
159.5,2.7838001569309556,200.5,0.5541977724285218,0.5651333941438983,0.7450808659224724,0.564498480632367,0.9863661238362023,0.3482013696103788,1,0.0014670998796630919,0.0005953615946463486,0.033814602173310775,0.020092390950199223,0.4204443790587505,0.3466545404494499,0
159.75,2.7881634800609416,200.24999999999997,0.557458182619565,0.5675997970736524,0.7493790779726482,0.5660171061708481,0.9836113443981227,0.3478700342161057,1,0.0016186590849066596,0.0006863362851173838,0.035657945751699276,0.021608517976373587,0.42446719786270426,0.3482804986100495,0
160.0,2.792526803190927,200.0,0.5607373177028104,0.570072823007134,0.7536629543839225,0.5675342193654151,0.9797978775596409,0.34750767585917386,1,0.0017782994052912837,0.000783941765335916,0.03751864775017275,0.023131711660815672,0.42840097362994434,0.349893492808688,0
160.25,2.796890126320913,199.74999999999997,0.5640351051011885,0.5725524650471188,0.7579279114517724,0.569049682730696,0.9749420827307028,0.34711330510744304,1,0.0019460957351262742,0.000888208744954988,0.039396320704062904,0.02466191471678094,0.43224619171180084,0.35149319432794346,0
160.5,2.8012534494508987,199.5,0.567351452393171,0.5750387156869639,0.7621694368530609,0.5705633543912174,0.9690603193212607,0.3466858985793414,1,0.002122121282707168,0.0009991676805528593,0.041290579266444076,0.026199068430503108,0.4360033374595996,0.353079277824118,0
160.75,2.8056167725808847,199.24999999999997,0.5706862476242407,0.5775315667911393,0.7663830896460485,0.5720750879309183,0.9621689467412591,0.3462243978299209,1,0.0023064475795568917,0.0011168487694296347,0.04320104020813733,0.02774311267607827,0.43967289622467104,0.3546514214007732,0
161.0,2.8099800957108707,199.0,0.5740393596183422,0.5800310095750503,0.770564500270383,0.5735847322376508,0.9542843244006517,0.34572770821118814,1,0.0024991444896651505,0.001241281943485606,0.04512732241770634,0.029293985930663794,0.443255353358341,0.3562093066806534,0
161.25,2.8143434188408563,198.75,0.5774106382893496,0.5825370345842273,0.7747093705471078,0.5750921313427481,0.945422811709383,0.345194697698098,1,0.0027002802187303665,0.0013724968631583234,0.04706904690146137,0.030851625289990088,0.44675119421193926,0.35775261887652005,0
161.5,2.8187067419708423,198.5,0.5807999149525221,0.5850496316727567,0.7788134736786552,0.57659712425528,0.9356007680774036,0.344624195672437,0,0.0029099213233990673,0.0015105229114253937,0.04902583678345594,0.03241596648417764,0.4501609041367928,0.35928104685906637,0
161.75000000000003,2.8230700651008283,198.24999999999997,0.5842070026359658,0.5875687899810098,0.7828726542488514,0.5780995447910087,0.9248345529146598,0.3440149916735264,0,0.0031281327205059384,0.0016553891878896554,0.05099731730548934,0.03398694389384146,0.45348496848423087,0.360794283223638,0
162.0,2.827433388230814,198.00000000000003,0.5876316963920915,0.5900944979125835,0.7868828282229114,0.5795992213957419,0.9131405256311058,0.3433658341116628,0,0.003354977696315098,0.0018071245029137595,0.05298311582710412,0.03556449056649035,0.4567238726055798,0.3622920243553816,0
162.25,2.8317967113608,197.74999999999997,0.5910737736090799,0.5926267431104872,0.7908399829474468,0.5810959769630613,0.900535045636683,0.34267542894286995,0,0.0035905179157602607,0.0019657573718548926,0.054982861825589396,0.037148538233199906,0.45987810185216943,0.36377397049188465,0
162.5,2.8361600344907854,197.50000000000003,0.5945329943223348,0.5951655124325017,0.7947401771504555,0.5825896286461104,0.8870344723413474,0.3419424383024433,0,0.0038348134316847915,0.0021313160093433536,0.05699618689597689,0.03873901732555839,0.4629481415753263,0.36523982578451214,0
162.75,2.8405233576207713,197.24999999999997,0.5980091015259503,0.5977107919257196,0.798579540941333,0.5840799876633989,0.8726551651550409,0.34116547909515005,0,0.004087922694082424,0.002303828323655277,0.05902272475104514,0.040335856992875015,0.46593447712637986,0.3666892983573137,0
163.0,2.8448866807507573,196.99999999999997,0.6015018214841644,0.6002625668001945,0.8023542758108615,0.5855668590982875,0.8574134834877167,0.34034312155203356,0,0.004349902559337426,0.0024833219111656257,0.0610621112213155,0.04193898511963987,0.4688375938566574,0.3681221003646264,0
163.25,2.849250003880743,196.74999999999997,0.6050108640428233,0.6028208214017474,0.8060606546312178,0.587050041692198,0.8413257867493226,0.3394738877395854,0,0.004620808299465651,0.0026698240508503668,0.06311398425505481,0.04354832834323489,0.4716579771174867,0.3695379480464604,0
163.5,2.853613327010729,196.50000000000003,0.6085359229408398,0.6053855391838183,0.8096950216559693,0.5885293276310882,0.8244084343498097,0.33855625001909767,0,0.004900693611353812,0.002863361698890343,0.06517798391827449,0.04516381207187711,0.474396112260196,0.37093656178177536,0
163.75,2.8579766501407144,196.24999999999997,0.6120766761216556,0.6079567026783814,0.8132537925200775,0.5900045023252172,0.8066777856991185,0.3375886294752522,0,0.005189610626000762,0.0030639614833608553,0.06725375239473147,0.04678536050279456,0.4770524846361145,0.37231766614009787,0
164.0,2.8623399732707004,196.00000000000003,0.6156327860446957,0.6105342934658933,0.8167334542398919,0.5914753441819074,0.7881502002072089,0.336569394292168,0,0.005487609917758096,0.003271649698966872,0.06934093398592546,0.04841289664061997,0.4796275795965685,0.3736809899312589,0
164.25,2.8667032964006864,195.74999999999997,0.6192038999968372,0.6131182921442366,0.8201305652131581,0.5929416243711378,0.7688420372840179,0.3354968580773631,0,0.00579474051356943,0.003486452301895371,0.07143917511110306,0.050046342316000685,0.4821218824928875,0.37502626625296615,0
164.5,2.871066619530672,195.50000000000003,0.6227896504038595,0.615708678296595,0.823441755219009,0.5944031065836805,0.7487696563395067,0.3343692781489754,0,0.006111049902212118,0.0037083949047206355,0.07354812430725331,0.05168561820440755,0.48453587867639836,0.376353232536367,0
164.75,2.875429942660658,195.25,0.626389655141914,0.6183054304582973,0.8266637254179744,0.595859546781746,0.7279494167836098,0.3331848537685314,0,0.00643658404353642,0.003937502771422019,0.07566743222911225,0.05333064384514241,0.4868700534984305,0.3776616305900405,0
165.0,2.8797932657906435,195.00000000000003,0.6300035178489751,0.6209085260825196,0.8297932483519707,0.5973106929416988,0.7063976780262916,0.3319417243295316,0,0.0067713873777072164,0.004173800812454109,0.0777967516491582,0.05498133766053092,0.48912489231031064,0.3789512066417762,0
165.25,2.8841565889206295,194.75,0.6336308282363097,0.623517941504889,0.8328271679443108,0.5987562847888949,0.6841307994774852,0.3306379674918645,0,0.007115502834442955,0.004417313579917703,0.07993573745761655,0.05663761697529461,0.491300880463368,0.38022171137811894,0
165.5,2.8885199120506155,194.5,0.6372711623999276,0.6261336519068594,0.8357623994996956,0.6001960535241163,0.6611651405471508,0.32927159726652705,0,0.007468971842257366,0.004668065262820931,0.08208404666245543,0.0582993980360888,0.4933985033089299,0.3814728999824615,0
165.75,2.892883235180601,194.25,0.6409240831320491,0.6287556312779299,0.8385959297042203,0.6016297215416957,0.6375170606452325,0.32784056205421497,0,0.007831834337699295,0.004926079682410545,0.08424133838938831,0.059966596031207096,0.4954182461983245,0.38270453217090983,0
166.0,2.897246558310587,194.0,0.6445891402325615,0.6313838523765701,0.8413248166253708,0.6030570021388337,0.6132029191816795,0.3263427426208616,0,0.008204128774592978,0.005191380287596803,0.08640727388187391,0.06163912511043227,0.4973605944828801,0.38391637222616215,0
166.25000000000003,2.901609881440573,193.75,0.64826587082048,0.6340182866898806,0.8439461897120254,0.6044775992160569,0.5882390755664411,0.3247759500374145,0,0.008585892133278317,0.005463990150473053,0.08858151650111469,0.06331689840503642,0.4992260335139244,0.3851081890296407,0
166.5,2.9059732045705586,193.5,0.6519537996454077,0.6366589043919324,0.8464572497944536,0.6058912069685565,0.5626418892094653,0.32313792355050464,0,0.008977159929852263,0.005743931961908366,0.09076373172605864,0.06499982804791224,0.501015048642786,0.38627975609129156,0
166.75,2.9103365277005446,193.25,0.6556524393989956,0.6393056743007086,0.8488552690843176,0.6072975095680639,0.5364277195207019,0.321426328412698,0,0.009377966225407985,0.006031228027236879,0.09295358715339762,0.06668782519383325,0.5027281252207925,0.38743085157772894,0
167.0,2.91469985083053,193.00000000000003,0.6593612910264026,0.6419585638336865,0.8511375911746701,0.6086961808352556,0.5096129259101021,0.319638753649873,0,0.009788343635275698,0.006325900262037831,0.09515075249756855,0.06838080003983066,0.5043657485992717,0.3885612583386057,0
167.25,2.919063173960516,192.75,0.6630798440377579,0.6446175389619115,0.8533016310399582,0.6100868839021446,0.4822138677876027,0.3177727097742491,0,0.010208323338263936,0.006627970187998211,0.0973548995907539,0.07007866184568372,0.5059284041295529,0.38967076393057365,0
167.5,2.923426497090502,192.5,0.6668075768196151,0.6472825641626212,0.8553448750360166,0.6114692708645281,0.4542469045631653,0.31582562645212436,0,0.010637935085898498,0.006937458928866658,0.09956570238287908,0.0717813189545057,0.5074165771629631,0.39075916063941796,0
167.75,2.9277898202204877,192.25,0.6705439569464189,0.6499536023702968,0.857264880900076,0.6128429824240262,0.42572839564673404,0.31379485011367564,0,0.011077207211663609,0.007254387206504287,0.1017828369416151,0.07348867881342735,0.5088307530508306,0.39182624550088985,0
168.0,2.9321531433504737,192.0,0.6742884414919617,0.6526306149261797,0.8590592777507565,0.6142076475196709,0.3966747004482583,0.3116776415028885,0,0.011526166640242419,0.007578775337013677,0.104005981452378,0.07520064799436477,0.5101714171444834,0.3928718203188325,0
168.25,2.9365164664804593,191.75,0.6780404773408442,0.6553135615260848,0.8607257660880709,0.6155628829485642,0.36710217837768555,0.30947117317713224,0,0.01198483889675761,0.007910643226969993,0.10623481621832766,0.07691713221486095,0.5114390547952496,0.39389569168180416,0
168.5,2.9408797896104453,191.5,0.6817995014999358,0.6580024001665998,0.8622621177934238,0.6169082929756462,0.3370271888449664,0.30717252695915387,0,0.012453248116010895,0.008250010369741378,0.10846902366036948,0.07863803635899873,0.5126341513544577,0.3948976709778695,0
168.75,2.9452431127404313,191.25,0.6855649414098348,0.6606970870895184,0.8636661761296109,0.6182434689321183,0.30646609126004687,0.3047786913279547,0,0.01293141705172407,0.008596895841888497,0.11070828831715274,0.08036326449837149,0.513757192173435,0.3958775744071896,0
169.0,2.949606435870417,191.0,0.6893362152563276,0.6633975767245232,0.8649358557408212,0.6195679888024423,0.2754352450328784,0.3022865587629508,0,0.013419367085779843,0.008951318299676214,0.11295229684507219,0.08209271991310588,0.5148086626035102,0.3968352229934548,0
169.25,2.953969759000403,190.75,0.6931127322818501,0.6661038216300162,0.8660691426526335,0.6208814167995867,0.24395100957340812,0.29969292302755035,0,0.01391711823746089,0.00931329597565489,0.11520073801826643,0.08382630511293233,0.5157890479960109,0.3977704425926801,0
169.5,2.9583330821303884,190.5,0.6968938930969464,0.6688157724320694,0.8670640942720204,0.6221833029283207,0.21202974429158478,0.2969944764214342,0,0.014424689172692018,0.009682846675358125,0.11745330272861958,0.08556392185828456,0.5166988337022657,0.3986830639005461,0
169.75,2.9626964052603744,190.25,0.7006790899917299,0.67153337776149,0.8679188393873447,0.6234731825364821,0.17968780859735756,0.29418780696735525,0,0.014942097213278549,0.010059987774065027,0.11970968398575957,0.08730547118143407,0.5175385050736021,0.39957292245820836,0
170.0,2.9670597283903604,189.99999999999997,0.7044677072473438,0.6742565841888244,0.8686315781683628,0.6247505758537216,0.14694156190067015,0.29126939555874093,0,0.015469358346149154,0.01044473621368125,0.12196957691706033,0.08905085340764042,0.5183085474613486,0.4004398586558388,0
170.25,2.971423051520346,189.75,0.7082591214474175,0.676985336157407,0.8692005821662209,0.626014987517879,0.11380736361148487,0.2882356130602101,0,0.016006487232593347,0.01083710849969699,0.12423267876763783,0.09079996817631662,0.5190094462168328,0.40128371773483634,0
170.5,2.975786374650332,189.49999999999997,0.7120527017895342,0.6797195759142283,0.8696241943134584,0.6272659060884241,0.08030157313973249,0.2850827173657638,0,0.01655349721750521,0.011237120698232128,0.12649868890035662,0.09255271446219865,0.5196416866913834,0.40210434978789344,0
170.75000000000003,2.980149697780318,189.25,0.7158478103966814,0.6824592434387291,0.8699008289240062,0.6285028035471615,0.0464405498953813,0.28180685042721837,0,0.017110400338620435,0.011644788433195608,0.12876730879582168,0.09430899059651147,0.5202057542363278,0.4029016097577385,0
171.0,2.9845130209103035,189.0,0.7196438026287202,0.6852042763693358,0.8700289716931868,0.6297251347857392,0.012240653288363287,0.278404035226241,0,0.017677207335759393,0.01206012688351199,0.1310382420523864,0.09606869428812757,0.5207021342029946,0.4036753574340981,0
171.25,2.9888763440402895,188.75,0.7234400273938385,0.6879546099277407,0.8700071796977149,0.6309323370799296,-0.02228175727136555,0.27487017274057157,0,0.01825392766006617,0.012483150780462804,0.13331119438614641,0.09783172264470646,0.5211313119427117,0.4044254574485719,0
171.5,2.993239667170275,188.5,0.7272358274600146,0.6907101768409043,0.8698340813956965,0.6321238295506635,-0.057110322373857964,0.27120103885655594,0,0.018840569483249192,0.012913874405097281,0.13558587363094315,0.09959797219380848,0.5214937728068069,0.4051517792686306,0
171.75,2.997602990300261,188.25,0.7310305397664763,0.6934709072605882,0.8695083766266297,0.6332990126113676,-0.09222868260916466,0.2673922812708282,0,0.019437139706821926,0.013352311585761667,0.1378619897383621,0.10136733890398192,0.5217900021466085,0.4058541971894803,0
172.0,3.001966313430247,187.99999999999997,0.7348234957351615,0.6962367286805409,0.869028836611405,0.6344572674019608,-0.12762047856734393,0.2634394163796515,0,0.02004364397134306,0.013798475695690038,0.14013925477773445,0.10313971820580585,0.5220204853134448,0.4065325903241025,0
172.25,3.0063296365602326,187.75,0.7386140215821753,0.6990075658511197,0.8683943039523038,0.6355979552090462,-0.16326935083842728,0.25933782613496537,0,0.02066008666565633,0.014252379650715685,0.1424173829361337,0.10491500501289033,0.5221857076586435,0.407186842592472,0
172.5,3.0106929596902186,187.49999999999997,0.7424014386292573,0.7017833406913807,0.8676036926329994,0.6367204168724707,-0.19915894001249176,0.25508275491111954,0,0.021286470936132673,0.014714035907056,0.14469609051838178,0.10669309374282511,0.5222861545335327,0.40781684270876645,0
172.75,3.015056282820204,187.25,0.7461850636152318,0.704563972198535,0.8666559880185577,0.6378239721781745,-0.23527288667956378,0.25066930636916496,0,0.021922798695908297,0.015183456459190392,0.14697509594704103,0.10847387833806824,0.5223223112894404,0.4084224841669455,0
173.0,3.01941960595019,186.99999999999997,0.7499642090074781,0.7073493763547538,0.8655502468554351,0.6389079192373869,-0.27159483142971946,0.24609244031881686,0,0.02256907063412772,0.015660652837842237,0.1492541197624227,0.11025725228676891,0.5222946632776949,0.4090036652251853,0
173.25,3.023782929080176,186.75000000000003,0.7537381833133804,0.7101394660311848,0.8642855972714824,0.63997153385209,-0.3081084148529847,0.24134696961273208,0,0.02322528622518072,0.01614563610803077,0.1515328846225785,0.1120431086435203,0.5222036958496243,0.4095602888886891,0
173.5,3.0281462522101616,186.49999999999997,0.757506291391798,0.712934150889243,0.8628612387759383,0.6410140688671133,-0.3447972775394362,0.23642755704975577,0,0.023891443737946938,0.016638416867228778,0.1538111153033091,0.1138313400500323,0.5220498943565564,0.4100922628911162,0
173.75,3.0325095753401476,186.25000000000003,0.7612678347645156,0.7157333372789534,0.8612764422594371,0.6420347535085725,-0.38164506007910015,0.23132871232483296,0,0.02456754024503205,0.017139005243616112,0.15608853869815556,0.11562183875572236,0.5218337441498194,0.41059949967452514,0
174.0,3.036872898470133,185.99999999999997,0.7650221119277131,0.7185369281344697,0.8595305499940025,0.6430327927093469,-0.41863540306205177,0.22604478903063607,0,0.02525357163201214,0.01764741089439137,0.15836488381840788,0.11741449663821323,0.5215557305807416,0.4110819163682437,0
174.25,3.041236221600119,185.75000000000003,0.7687684186634158,0.721344822866566,0.8576229756330516,0.6440073664213528,-0.45575194707832056,0.2205699816944839,0,0.025949532606670322,0.018163643004212804,0.16063988179309643,0.11920920522373928,0.5212163390006508,0.4115394347659404,0
174.5,3.045599544730105,185.49999999999997,0.7725060483509641,0.724156917252094,0.8555532042113912,0.6449576289151631,-0.4929783327179785,0.21489832291701275,0,0.026655416708240676,0.018687710283702974,0.1629132658690005,0.12100585570744427,0.5208160547608748,0.4119719813016495,0
174.75,3.0499628678600907,185.25000000000003,0.7762342922784645,0.7269731033204037,0.8533207921452229,0.6458827080673107,-0.5302982005710555,0.20902368058538717,0,0.027371216316645852,0.019219620968045414,0.16518477141063997,0.12280433897357843,0.5203553632127422,0.4123794870248083,0
175.0,3.0543261909900767,184.99999999999997,0.7799524399542584,0.7297932692365965,0.8509253672321373,0.646781704635589,-0.5676951912276256,0.202939755180846,0,0.028096922661739243,0.01975938281567713,0.16745413590028344,0.12460454561557834,0.5198347497075807,0.41276188757360566,0
175.25000000000003,3.0586895141200627,184.74999999999997,0.7836597794183742,0.7326172991815842,0.8483666286511189,0.6476536915228592,-0.6051529452777227,0.19664007720891588,0,0.02883252583254392,0.02030700310705824,0.16972109893794052,0.12640636595603147,0.5192546995967187,0.41311912314729543,0
175.5,3.0630528372500483,184.49999999999997,0.7873555975539929,0.7354450732289123,0.8456443469625424,0.6484977130299248,-0.6426551033114034,0.19011800478453061,0,0.02957801478649491,0.020862488643538568,0.17198540224136794,0.12820969006651445,0.5186156982314839,0.4134511384772931,0
175.75,3.0674161603800343,184.24999999999997,0.7910391803989059,0.7382764672183473,0.842758364108176,0.6493127840982654,-0.6801853059187193,0.18336672135988102,0,0.030333377358677804,0.02142584574630202,0.17424678964606582,0.13001440778730536,0.5179182309632046,0.41375788279736103,0
176.0,3.07177948351002,184.0,0.7947098134569759,0.7411113526260771,0.8397085934111774,0.6500978895430832,-0.7177271936897227,0.17637923361914226,0,0.031098600271070254,0.021997080255403145,0.17650500710527994,0.13182040874696183,0.5171627831432087,0.41403930981228204,0
176.25,3.076142806640006,183.75,0.7983667820095959,0.7439495964315773,0.8364950195760991,0.6508519832776646,-0.7552644072144642,0.1691483695960943,0,0.031873669141782024,0.022576197528878295,0.17875980268999977,0.13362758238175995,0.5163498401228245,0.41429537766585156,0
176.5,3.080506129769992,183.5,0.8020093714271505,0.746791060981058,0.8331176986888827,0.6515739875299993,-0.7927805870829944,0.1616667770164296,0,0.03265856849429505,0.023163202441958908,0.1810109265889604,0.13543581795499307,0.5154798872533798,0.41452604890776024,0
176.75,3.0848694528999774,183.25000000000003,0.8056368674804746,0.7496356038475108,0.8295767582168637,0.6522627920526767,-0.8302593738853601,0.15392692188389462,0,0.03345328176670459,0.023758099386351206,0.18325813110864023,0.13724500457612168,0.5145534098862029,0.4147312904590816,0
177.0,3.0892327760299634,183.0,0.8092485566523165,0.752483077687265,0.825872397008767,0.6529172533271663,-0.8676844082116284,0.14592108734640954,0,0.03425779132095952,0.024360892269610468,0.1855011706732649,0.13905503121977103,0.5135708933726215,0.41491107357713664,0
177.25,3.093596099159949,182.75000000000003,0.8128437264487921,0.7553333300930569,0.8220048852947127,0.6535361937638192,-0.9050393306518267,0.13764137288805464,0,0.03507207845210125,0.02497158451459347,0.18773980182480102,0.14086578674457442,0.5125328230639643,0.41506537381970937,0
177.5,3.097959422289935,182.5,0.8164216657108531,0.7581862034436416,0.817974564686209,0.6541184008990972,-0.9423077817960348,0.1290796938533483,0,0.03589612339750681,0.02559017905899119,0.18997378322296396,0.14267715991185853,0.5114396843115585,0.4151941710077483,0
177.75,3.102322745419921,182.25,0.8199816649257383,0.7610415347498394,0.8137818481761593,0.6546626265914228,-0.9794734022342809,0.12022778136535418,0,0.036729905346126746,0.026216678354945455,0.1922028756452101,0.14448903940416122,0.510291962466733,0.41529744918729217,0
178.0,3.1066860685499065,182.0,0.823523016538441,0.7638991554971564,0.8094272201388563,0.6551675862176939,-1.0165198325566234,0.11107718264574676,0,0.03757340244772711,0.02685108436874384,0.1944268419867429,0.14630131384358458,0.5090901428808156,0.41537519659100747,0
178.25,3.1110493916798925,181.75,0.8270450152631649,0.7667588914847988,0.8049112363299856,0.6556319578719265,-1.0534307133531153,0.10161926179570109,0,0.03842659182212871,0.02749339858060218,0.19664544726050928,0.14811387180997712,0.507834710905134,0.41542740559865415,0
178.5,3.115412714809878,181.5,0.8305469583947857,0.7696205626612871,0.8002345238866247,0.6560543815685844,-1.0901896852138062,0.09184520110013655,0,0.03928944956844904,0.028143621984509926,0.1988584585972017,0.1499266018589418,0.5065261518910168,0.4154540726966193,0
178.75,3.119776037939864,181.25,0.8340281461203107,0.7724839829565906,0.7953977813272433,0.6564334584526034,-1.1267803887287484,0.08174600283567132,0,0.040161950774340927,0.028801755088170067,0.20106564524525652,0.15173939253966506,0.5051649511897917,0.41545519843677703,0
179.0,3.12413936106985,181.0,0.8374878818303392,0.775348960110771,0.7904017785517015,0.656767750018498,-1.1631864644879926,0.07131249170369583,0,0.041044069525234095,0.029467797913007687,0.20326677857085543,0.15355213241256588,0.5037515941527867,0.41543078739496575,0
179.25,3.1285026841998356,180.75,0.8409254724305222,0.7782152954993387,0.7852473568412525,0.6570557773416187,-1.1993915530815915,0.06053531790635079,0,0.04193577891357503,0.030141749994259004,0.20546163205792412,0.15536471006676242,0.5022865661313304,0.4153808481285538,0
179.5,3.1328660073298216,180.5,0.8443402286530228,0.7810827839552283,0.7799354288585405,0.6572960203241016,-1.2353792950995932,0.049404960889022284,0,0.04283705104806823,0.030823610381129685,0.2076499813081337,0.15717701413735077,0.5007703524767502,0.4153053931330818,0
179.75000000000003,3.1372293304598076,180.24999999999997,0.8477314653679768,0.7839512135875071,0.7744669786476018,0.6574869169587849,-1.2711333311320592,0.037911733876754186,0,0.043747857062915396,0.03151337763703699,0.20983160404089965,0.15898893332249328,0.49920343854037436,0.4152044387989307,0
180.0,3.141592653589793,180.0,0.85109850189495,0.7868203655969909,0.7688430616338665,0.6576268626147462,-1.30663730176902,0.026045789199857988,0,0.04466816712705601,0.03221104983992029,0.21200628009338118,0.1608003564003191,0.4975863096735315,0.4150780053669915,0
180.25,3.145955976719779,179.75,0.8544406623144032,0.7896900140887073,0.7630648046241525,0.6577142093476939,-1.3418748476005453,0.01379712448900991,0,0.04559795045340942,0.03291662458263023,0.2141737914204839,0.16261117224562563,0.4959194512275491,0.41492611688365394,0
180.5,3.1503192998497647,179.5,0.8577572757791478,0.7925599258814593,0.7571334058066728,0.6577472652395666,-1.3768296092166807,0.0011555898506077145,0,0.04653717530811263,0.03363009897337699,0.21633392209485716,0.1644212698463864,0.49420334855375525,0.41474880115597,0
180.75,3.1546826229797507,179.25,0.8610476768258084,0.7954298603146104,0.7510501347510301,0.6577242937715417,-1.4114852272074783,-0.011889103987981414,0,0.04748580901976307,0.03435146963627045,0.21848645830689478,0.1662305383200611,0.49243848700347836,0.41454608970543444,0
181.0,3.1590459461097367,179.0,0.8643112056862812,0.798299569052132,0.7448163324082211,0.6576435132347155,-1.4458253421629879,-0.025347376440245362,0,0.04844381798865727,0.035080732711916585,0.2206311883647359,0.1680388669297002,0.490625351928046,0.4143180177220572,0
181.25,3.163409269239722,178.75,0.8675472085991955,0.8011687958842229,0.7384334111106327,0.6575030961837294,-1.479833594673262,-0.039229766632735065,0,0.049411167696032265,0.035817883858082156,0.22276790269426353,0.16984614509985416,0.4887644286787867,0.41406462401787986,0
181.5,3.167772592369708,178.5,0.8707550381213732,0.8040372765266725,0.7319028545720437,0.6573011689384504,-1.5134936253283506,-0.05354692177218574,0,0.05038782271330611,0.03656291825044311,0.22489639383910628,0.17165226243227238,0.486856202607028,0.41378595097954723,0
181.75,3.1721359154996938,178.25,0.8739340534392889,0.806904738418093,0.7252262178876258,0.6570358111391131,-1.546789074718306,-0.0683095841788026,0,0.05137374671131667,0.03731583058338572,0.22701645646063656,0.17345710872139863,0.48490115906409886,0.41348204452150217,0
182.0,3.1764992386296798,178.0,0.8770836206805295,0.809770900515411,0.718405127533941,0.6567050553611562,-1.5797035834331796,-0.08352857691325787,0,0.05236890246956438,0.038076615070879005,0.22912788733797218,0.17526057396966138,0.4828997834013263,0.41315295403795294,0
182.25,3.1808625617596658,177.74999999999997,0.880203113225256,0.8126354730877512,0.7114412813689437,0.6563068867957923,-1.6122207920630274,-0.09921478790708423,0,0.0533732518854515,0.038845265447423616,0.23123048536797536,0.17706254840255017,0.4808525609700387,0.4127987323549675,0
182.5,3.1852258848896513,177.5,0.8832919120176598,0.8154981575091561,0.7043364486319833,0.655839243003333,-1.6443243411978856,-0.11537915251025883,0,0.054386755983521384,0.03962177496904673,0.23332405156525218,0.1788629224834879,0.47875997712156504,0.4124194356826351,0
182.75,3.1895892080196373,177.25,0.8863494058774284,0.8183586460503351,0.6970924699437947,0.65530001374606,-1.6759978714278196,-0.13203263436958132,0,0.055409374924701216,0.04040613641438329,0.2354083890621549,0.18066158692848966,0.4766225172072323,0.4120151235661873,0
183.0,3.193952531149623,177.0,0.8893749918112004,0.821216621669904,0.6897112573065093,0.6546870409084175,-1.707225023342878,-0.14918620451534367,0,0.05644106801554105,0.04119834208580053,0.23748330310877977,0.18245843272060852,0.4744406665783688,0.41158585883764726,0
183.25,3.198315854279609,176.75,0.8923680753240282,0.8240717578054897,0.6821947941036489,0.6539981185123868,-1.7379894375331109,-0.16685081859475434,0,0.057481793717453655,0.041998383810598394,0.23954860107296727,0.18425335112417243,0.4722149105863027,0.41113170756709394,0
183.5,3.202679177409595,176.49999999999997,0.8953280707308376,0.826923718165093,0.6745451351001264,0.6532309928363543,-1.7682747545885746,-0.18503739212972914,0,0.05853150965595644,0.04280625294226703,0.24160409244030365,0.18604623369880466,0.46994573458236166,0.4106527390134051,0
183.75,3.2070425005395804,176.25,0.8982544014678863,0.8297721565192376,0.6667644064422499,0.652383362646403,-1.798064615099305,-0.20375677369426856,0,0.059590172629910176,0.04362194036180833,0.24364958881411755,0.18783697231323088,0.46763362391787505,0.4101490255755406,0
184.0,3.2114058236695664,176.0,0.9011465004042276,0.8326167164944009,0.6588548056577149,0.6514528795492514,-1.8273426596553688,-0.2230197159566397,0,0.060657738620761514,0.04444543647910948,0.24568490391548548,0.18962545915887447,0.4652790639441693,0.4096206427433106,0
184.25000000000003,3.2157691467995524,175.74999999999997,0.9040038101531674,0.8354570313681828,0.6508186016556092,0.65043714847625,-1.8560925288468169,-0.24283684439924427,0,0.06173416280178112,0.04527673123437759,0.24770985358322672,0.19141158676323397,0.46288254001257306,0.4090676690480834,0
184.5,3.220132469929538,175.50000000000003,0.9068257833837234,0.8382927238670687,0.6426581347264182,0.6493337283092914,-1.8842978632636864,-0.26321862371197474,0,0.06281939954730542,0.046115814099651264,0.24972425577390456,0.19319524800304824,0.4604445374744154,0.4084901860136807,0
184.75,3.224495793059524,175.24999999999997,0.9096118831320906,0.8411234059670347,0.6343758165420095,0.648140132658079,-1.9119423034960468,-0.28417532172360443,0,0.06391340244197719,0.04696267408033006,0.2517279305618293,0.19497633611724538,0.4579655416810226,0.40788827810707917,0
185.0,3.2288591161895095,175.00000000000003,0.9123615831130935,0.8439486786980503,0.6259741301556533,0.6468538308007958,-1.9390094901339332,-0.3057169707174517,0,0.06501612428998449,0.04781729971680049,0.2537207001390532,0.19675474471967766,0.45544603798372446,0.4072620326892008,0
185.25,3.2332224393194955,174.74999999999997,0.9150743680316542,0.8467681319530271,0.6174556300020001,0.6454722487989577,-1.965483063767412,-0.3278533261678432,0,0.06612751712430331,0.048679679086090055,0.25570238881537566,0.19853036781164105,0.4528865117338476,0.4066115399656525,0
185.5,3.2375857624494815,174.49999999999997,0.9177497338942456,0.8495813443019501,0.6088229418971031,0.643992770798174,-1.9913466649865237,-0.35059382267146755,0,0.0672475322159356,0.04954979980358609,0.25767282301833905,0.20030309979418023,0.4502874482827207,0.40593689293768526,0
185.75,3.241949085579467,174.25000000000003,0.920387188320356,0.8523878828122873,0.6000787630384019,0.6424127405275726,-2.0165839343813183,-0.37394752709803397,0,0.06837612008315097,0.050427649024813004,0.2596318312932306,0.2020728354801802,0.4476493329816729,0.40523818735328637,0
186.0,3.246312408709453,173.99999999999997,0.9229862508539488,0.8551873028761835,0.5912258620047246,0.6407294630093983,-2.0411785125418596,-0.3979230888417027,0,0.06951323050072822,0.05131321344724138,0.2615792443030839,0.20383947010624448,0.44497265118202967,0.40451552165803084,0
186.25,3.2506757318394386,173.75000000000003,0.9255464532749185,0.8579791480457818,0.5822670787563007,0.6389402064925758,-2.0651140400581824,-0.42252868709134295,0,0.07065881250919226,0.05220647931218014,0.2635148948286743,0.20560289934435774,0.44225788823512213,0.40376899694622453,0
186.5,3.2550390549694246,173.49999999999997,0.9280673399105572,0.8607629498773715,0.5732053246347398,0.6370422046224619,-2.0883741575203554,-0.4477719751152301,0,0.07181281442405874,0.053107432406685695,0.2654386177685252,0.20736301931333775,0.43950552949227534,0.4029987169126329,0
186.75,3.2594023780994106,173.24999999999997,0.9305484679470084,0.8635382277856185,0.5640435823630541,0.6350326588606163,-2.1109425055184166,-0.4736600214840007,0,0.07297518384507096,0.05401605806554599,0.2673502501389015,0.20911972659007674,0.4367160603048197,0.4022047878037265,0
187.0,3.263765701229396,172.99999999999997,0.9329894077407315,0.8663044889088389,0.554784906045641,0.6329087411674804,-2.132802724642422,-0.5001992481963581,0,0.07414586766544262,0.054932341173295485,0.2692496310738149,0.21087291822056783,0.43388996602408225,0.40138731836942854,0
187.25,3.268129024359382,172.75,0.9353897431299599,0.8690612279867016,0.5454324211682917,0.630667596962103,-2.153938455482422,-0.5273953657173241,0,0.07532481208109676,0.05585626616629613,0.2711366018250208,0.21262249173072537,0.43102773200139133,0.4005464198151427,0
187.5,3.2724923474893677,172.50000000000003,0.9377490717461611,0.8718079272513659,0.5359893245981906,0.628306348371717,-2.1743333386284656,-0.5552533049687186,0,0.07651196259990711,0.05678781703484759,0.2730110057620195,0.21436834513699268,0.4281298435880754,0.3996822057539717,0
187.75,3.2768556706193537,172.25,0.9400670053254987,0.8745440563334635,0.5264588845839082,0.6258220977849608,-2.193971014670613,-0.5837771462066642,0,0.0777072640509382,0.05772697732534671,0.2748726883720567,0.21611037695674548,0.42519678613546114,0.3987947921591646,0
188.0,3.2812189937493397,172.0,0.9423431700202886,0.8772690721843377,0.5168444407554151,0.6232119317221156,-2.212835124198907,-0.6129700449146365,0,0.07891066059368534,0.05867373014250277,0.2767214972601215,0.21784848621848463,0.4222290449948778,0.3978842973164629,0
188.25,3.2855823168793252,171.75,0.9445772067104631,0.8799824190158448,0.5071494041240686,0.6204729250350318,-2.230909307803402,-0.6428341547902895,0,0.08012209572731543,0.059628058151591445,0.27855728214894815,0.21958257247182364,0.4192271055176534,0.3969508417776101,0
188.5,3.2899456400093112,171.5,0.9467687713150287,0.8826835282592098,0.4973772570826188,0.6176021454494329,-2.2481772060741485,-0.6733705479007089,0,0.08134151229990727,0.06058994358073899,0.28037989487901627,0.2213125357972758,0.4161914530551155,0.3959945483134927,0
188.75000000000003,3.294308963139297,171.25,0.948917535103527,0.8853718185444588,0.4875315534052076,0.614596658461619,-2.264622459601198,-0.7045791321266116,0,0.0825688525176923,0.061559368223267796,0.28218918940854915,0.22303827681583274,0.4131225729585928,0.3950155418673478,0
189.0,3.2986722862692828,171.0,0.9510231850074944,0.888046695702119,0.47761591824736865,0.6114535326012062,-2.280228708974602,-0.7364585661449614,0,0.08380405795429469,0.0625363134400796,0.2839850218135155,0.22475969669834317,0.41002095057941246,0.3940139495093957,0
189.25,3.3030356093992688,170.75,0.9530854239319223,0.8907075527885147,0.4676340481460282,0.608169845069746,-2.2949795947844107,-0.7690061720935966,0,0.08504706955997121,0.06352076016206065,0.28576725028762806,0.22647669717469557,0.40688707126890356,0.39298990039073484,0
189.5,3.3073989325292543,170.5,0.9551039710667174,0.8933537701366726,0.45758971101950346,0.6047426877656105,-2.308858757620677,-0.8022178461525299,0,0.0862978276708527,0.06451268889255324,0.28753573514234515,0.2281891805427946,0.4037214203783933,0.3919435256979706,0
189.75,3.3117622556592403,170.25,0.9570785621981613,0.8959847154343181,0.4474867461675035,0.6011691737029365,-2.3218498380734527,-0.8360879674354845,0,0.08755627201818394,0.06551207970985051,0.28929033880686855,0.22989704967734786,0.4005244832592107,0.39087495860857036,0
190.0,3.3161255787892263,170.0,0.9590089500203711,0.8985997438306903,0.43732906427112983,0.5974464438315823,-2.3339364767327866,-0.8706093054302438,0,0.08882234173756376,0.06651891226972806,0.291030925828146,0.23160020803845266,0.39729674526268255,0.38978433424588405,0
190.25,3.320488901919212,169.75,0.9608949044467592,0.9011981980740614,0.4271206473928749,0.5935716742638072,-2.3451023141887317,-0.9057729263744442,0,0.09009597537818592,0.06753316580801927,0.2927573628708688,0.23329855967999025,0.39403869174013817,0.3886717896355194,0
190.5,3.324852225049198,169.5,0.9627362129214934,0.9037794086817524,0.41686554897662403,0.5895420839112532,-2.35533099103134,-0.9415680991134084,0,0.09137711091207945,0.06855481914322392,0.2944695187174738,0.23499200925783195,0.39075080804290474,0.3875374636612151,0
190.75,3.3292155481791834,169.25,0.9645326807309568,0.9063426941441797,0.4065678938476536,0.5853549425331706,-2.36460614785066,-0.9779822008336448,0,0.09266568574334877,0.06958385067915296,0.2961672642681418,0.2366804620378483,0.38743357952231094,0.38638149702165203,0
191.0,3.3335788713091694,169.0,0.9662841313152084,0.9088873611650741,0.39623187821263195,0.5810075791960294,-2.3729114252367456,-1.0150006232020194,0,0.09396163671741464,0.07062023840761045,0.29785047254079894,0.2383638239037382,0.3840874915296843,0.38520403218770977,0
191.25,3.3379421944391554,168.75,0.9679904065794427,0.911412704939472,0.3858617696596194,0.5764973911408358,-2.380230463779648,-1.0526066796065074,0,0.09526490013025368,0.0716639599110942,0.2995190186711154,0.24004200136466516,0.3807130294163534,0.3840052133597805,0
191.5,3.342305517569141,168.5,0.9696513672054499,0.9139180094712583,0.37546190715806826,0.5718218530522201,-2.386546904069417,-1.0907815141145072,0,0.0965754117376395,0.07271499236555545,0.3011727799125068,0.24171490156271394,0.37731067853364575,0.3827851864261193,0
191.75,3.346668840699127,168.25,0.9712668929630761,0.9164025479319745,0.3650367010588218,0.5669785267202422,-2.391844386696105,-1.1295040128391909,0,0.09789310676438268,0.07377331254317021,0.3028116356361325,0.2433824322801632,0.37388092423289,0.381544098921227,0
192.00000000000003,3.351032163829113,168.0,0.9728368830216833,0.9188655830626848,0.35459063309411637,0.561965071082954,-2.396106552249763,-1.1687507184984318,0,0.09921791991357254,0.07483889681514833,0.3044354673308974,0.24504450194657912,0.37042425186541367,0.38028209998474755,0
192.25,3.3553954869590985,167.75,0.9743612562616091,0.921306367620489,0.34412825637757904,0.5567792526338187,-2.399317041320442,-1.2084957490735435,0,0.1005497853758146,0.07591172115456823,0.30604415860345047,0.24670101964572927,0.3669411467825455,0.37899934032119925,0
192.5,3.3597588100890845,167.5,0.9758399515856279,0.9237241448710721,0.33365419540422947,0.5514189561741097,-2.4014594944981935,-1.2487107213703859,0,0.10188863683847404,0.07699176113925832,0.30763759517818573,0.24835189512232483,0.36343209433561274,0.3776959721596675,0
192.75,3.36412213321907,167.25,0.9772729282304093,0.9261181491290118,0.32317314605047875,0.5458821958873853,-2.40251755237307,-1.2893646804246126,0,0.10323440749491453,0.07807899195468226,0.30921566489724167,0.2499970387885828,0.3598975798759442,0.376372149214334,0
193.0,3.368485456349056,167.0,0.97866016607798,0.9284876063470373,0.31268987557412986,0.5401671267079428,-2.4024748555351207,-1.3304240358214332,0,0.10458703005373926,0.07917338839687382,0.31077825772050155,0.2516363617306236,0.3563380887548672,0.37502802664561996,0
193.25000000000003,3.372848779479042,166.74999999999997,0.9800016659671824,0.9308317347554128,0.302209222614376,0.5342720559510078,-2.4013150445743983,-1.371852505886533,0,0.10594643674803017,0.08027492487538768,0.3123252657255933,0.25326977571469433,0.3527541063237099,0.3736637610214154,0
193.5,3.3772121026090276,166.5,0.981297450005135,0.9331497455526433,0.29173609719180865,0.5281954551682153,-2.3990217600809536,-1.4136110708373315,0,0.10731255934458961,0.0813835754162806,0.3138565831078893,0.25489719319322807,0.34914611793380157,0.3722795102793383,0
193.75,3.3815754257390136,166.25,0.9825475618786937,0.9354408436482775,0.2812754807084014,0.5219359721866307,-2.395578642644838,-1.4556579360116848,0,0.10868532915318097,0.08249931366512031,0.31537210618050693,0.2565185273107376,0.34551460893646924,0.37087543368905806,0
194.0,3.385938748868999,166.0,0.9837520671659101,0.9377042284585901,0.27083242594752627,0.5154924432851209,-2.3909693328561032,-1.4979485062687852,0,0.11006467703576783,0.08362211289001453,0.31687173337430835,0.25813369190954605,0.34186006468304075,0.369451691815229,0
194.25,3.390302071998985,165.75,0.9849110536474927,0.9399390947556076,0.2604120570739453,0.5088639054567701,-2.3851774713047997,-1.5404353727290208,0,0.11145053341575495,0.08475194598467162,0.3183553652378999,0.25974260153535716,0.33818297052484475,0.3680084464813565,0
194.5,3.394665395128971,165.49999999999997,0.9860246316182666,0.9421446335696552,0.2500195696338106,0.5020496087009672,-2.3781866985809783,-1.5830683129447403,0,0.11284282828722969,0.0858887854714786,0.31982290443763306,0.26134517144267055,0.3344838118132084,0.3665458607337036,0
194.75,3.3990287182589567,165.25,0.9870929341986333,0.9443200331455849,0.23966023055467317,0.4950490282843312,-2.369980655274694,-1.625794305628479,0,0.1142414912241998,0.08703260350460396,0.3212742557576033,0.26294131760003703,0.3307630738994617,0.36506409880585355,0
195.0,3.4033920413889427,164.99999999999997,0.9881161176460321,0.9464644799522772,0.22933937814546382,0.4878618769042712,-2.3605429819759913,-1.6685575610610395,0,0.11564645138983676,0.0881833718731303,0.32270932609965214,0.2645309566951646,0.32702124213493033,0.36356332608403547,0
195.25,3.4077553645189282,164.75,0.989094361666398,0.9485771597448384,0.21906242209651852,0.4804881166845505,-2.34985731927493,-1.711299568175177,0,0.1170576375457143,0.089341062004201,0.32412802448336403,0.26611400613987113,0.3232588018709443,0.36204370907262146,0
195.5,3.4121186876489142,164.50000000000003,0.990027869725624,0.9506572586787079,0.20883484347955364,0.4729279709279642,-2.337907307761555,-1.753959159323893,0,0.11847497806105012,0.09050564496618507,0.3255302620460695,0.26769038407488943,0.31947623845883044,0.36050541536064806,0
195.75,3.4164820107789002,164.24999999999997,0.9909168693610195,0.9527039644743254,0.19866219474768226,0.4651819355466936,-2.3246765880259175,-1.796472593654656,0,0.1198984009219447,0.09167709147187286,0.3269159520428431,0.26926000937452765,0.3156740372499169,0.35894861358803276,0
196.0,3.420845333908886,164.00000000000003,0.991761612492771,0.9547164676307979,0.188550099735414,0.4572507900874062,-2.3101488006580744,-1.838773659852844,0,0.12132783374062273,0.09285537188168769,0.3282850098465039,0.27082280165117945,0.3118526835955329,0.3573734734134754,0
196.25,3.425208657038872,163.74999999999997,0.992562375735403,0.9566939626867164,0.17850425365863906,0.4491356082650044,-2.294307586248069,-1.8807937989840724,0,0.12276320376467442,0.09404045620691193,0.3296373529476163,0.27237868125970444,0.3080126628470049,0.35578016548223956,0
196.50000000000003,3.429571980168858,163.49999999999997,0.9933194607092363,0.958635649525626,0.1685304231146509,0.440837767915724,-2.2771365853859598,-1.922462247999951,0,0.1242044378862932,0.09523231411294097,0.3309729009544887,0.2739275693016571,0.30415446035566235,0.3541688613937996,0
196.75,3.4339353032988433,163.24999999999997,0.9940331943518497,0.9605407347234902,0.15863444608212823,0.43235896027855897,-2.2586194386617944,-1.963706204259442,0,0.12565146265151894,0.09643091492254319,0.3322915755931747,0.27546938762938505,0.3002785614728324,0.3525397336716001,0
197.0,3.4382986264288293,162.99999999999997,0.9947039292295392,0.9624084329350925,0.14882223192114316,0.4237011985126402,-2.2387397866656262,-2.0044510113358602,0,0.12710420426947677,0.09763622761914958,0.333593300707472,0.2770040588499938,0.29638545154984375,0.35089295573213447,0
197.25,3.442661949558815,162.75000000000003,0.9953320438487783,0.9642379683156795,0.13909976137316118,0.4148668253571885,-2.2174812699875086,-2.044620366137865,0,0.12856258862161785,0.09884822085016054,0.3348780022589235,0.2785315063291753,0.29247561593802457,0.34922870185487626,0
197.5,3.447025272688801,162.49999999999997,0.9959179429676785,0.9660285759740378,0.1294730865610335,0.40585851984142135,-2.194827529217483,-2.0841365471367608,0,0.1300265412709607,0.10006686293024825,0.3361456083268171,0.2800516541949104,0.28854953998870136,0.34754714715296026,0
197.75000000000003,3.451388595818787,162.24999999999997,0.9964620579074485,0.9677795034526049,0.11994833098901235,0.39667930295284726,-2.1707622049456106,-2.122920663330055,0,0.1314959874713293,0.10129212184470726,0.3373960491081841,0.2815644273410415,0.28460770905320376,0.345848467543871,0
198.0,3.4557519189487724,161.99999999999997,0.9969648468638548,0.9694900122298742,0.1105316895427356,0.3873325421745556,-2.1452689377619385,-2.1608929232919545,0,0.13297085217659577,0.10252396525279261,0.3386292569178017,0.28306975143071905,0.2806506084828596,0.34413283972130737,0
198.25,3.4601152420787584,161.74999999999997,0.997426795218682,0.9711593792399568,0.10122942848923455,0.3778219548056023,-2.11833136825652,-2.1979729234058154,0,0.1344510600499199,0.10376236049109433,0.3398451661881911,0.28456755289972885,0.27667872362899676,0.3424004411271237,0
198.5,3.464478565208744,161.5,0.9978484158511925,0.9727868984038145,0.09204788547693224,0.3681516099829973,-2.0899331370194045,-2.234079954120672,0,0.13593653547298934,0.10500727457690273,0.3410437134696186,0.2860577589596937,0.27269253984294334,0.3406514499239899,0
198.75,3.46884188833873,161.25,0.9982302494495867,0.9743718821664424,0.08299346953564368,0.35832592932949753,-2.0600578846406457,-2.2691333228507835,0,0.13742720255526064,0.10625867421160884,0.3422248374300948,0.28754029760116195,0.26869254247602714,0.3388860449683819,0
199.0,3.473205211468716,161.0,0.998572864822463,0.9759136630335986,0.0740726610765755,0.34834968615776446,-2.028689251710292,-2.3030526918180754,0,0.13892298514319878,0.10751652578411308,0.34338847885537516,0.2890150975965736,0.26467921687957685,0.3371044057840435,0
199.25,3.4775685345987015,160.75,0.998876859210278,0.977411595101919,0.06529201189232627,0.3382280031699257,-1.995810878818397,-2.33575842888922,0,0.14042380682951827,0.10878079537422924,0.3445345806489599,0.29048208850311724,0.2606530484049197,0.33530671253647154,0
199.5,3.4819318577286875,160.5,0.9991428585968065,0.9788650555755708,0.05665814515688636,0.3279663486001011,-1.9614064065550103,-2.3671719692499837,0,0.14192959096242364,0.11005144875612871,0.3456630878320939,0.2919412006654734,0.25661452240338445,0.33349314600719193,0
199.75,3.486295180858673,160.25,0.9993715180206018,0.9802734462626026,0.04817775542563799,0.3175705307577606,-1.925459475510185,-2.3972161854753566,0,0.14344026065484894,0.11132845140178049,0.34677394754376645,0.2933923652184471,0.2525641242262988,0.3316638875689002,0
200.0,3.490658503988659,160.0,0.9995635218864551,0.9816361950439366,0.039857608635355146,0.3070466909407791,-1.8879537262739698,-2.4258157633506348,0,0.1449557387936995,0.11261176848439336,0.3478671090407118,0.2948355140894942,0.24850233922499118,0.3298191191613021,0
200.25,3.495021827118645,159.75,0.9997195842768566,0.9829527573078553,0.03170454210420367,0.2964012946991365,-1.8488727994364185,-2.45289758060712,0,0.1464759480490908,0.11390136488188873,0.3489425236974088,0.2962705800011432,0.244429652750789,0.32795902326673143,0
200.5,3.4993851502486306,159.5,0.9998404492634548,0.9842226173427298,0.023725464531741253,0.28564112144288045,-1.8082003355875815,-2.4783910855589477,0,0.14800081088359007,0.11519720518038068,0.35000014500608084,0.2976974964733088,0.24034655015502124,0.3260837828868557,0
200.75,3.5037484733786166,159.25,0.9999268912185167,0.9854452896808482,0.015927355998917356,0.27477325240159645,-1.7659199753175099,-2.502228672494926,0,0.14953024956145666,0.11649925367764458,0.35103992857669636,0.2991161978255102,0.23625351678901493,0.3241935815200242,0
201.00000000000003,3.5081117965086026,159.0,0.9999797151263884,0.9866203203860584,0.008317267968073278,0.2638050569564588,-1.7220153592162555,-2.5243460505655,0,0.1510641861578812,0.11780747438662342,0.352061832136968,0.3005266191789873,0.23215103800409903,0.3222886031381963,0
201.25,3.512475119638588,158.75,0.9999997568949542,0.9877472882784732,0.00090232328294215,0.2527441773805548,-1.6764701278738694,-2.5446826028810765,0,0.15260254256822747,0.11912183103892349,0.3530658155323534,0.3019286964587176,0.22803959915160085,0.32036903216514184,0
201.5,3.516838442768574,158.5,0.9999878300496767,0.9888258060888893,-0.006352569673554104,0.24159851203721172,-1.6516172829981646,-2.563181732457156,0,0.15414524051727208,0.12044228708832905,0.35405184072605456,0.303322366395342,0.22391968558284933,0.3184350534548579,0
201.75,3.5212017658985597,158.25,0.999944458334533,0.9898555215370619,-0.013511815211160858,0.23037619710137994,-1.6299664280597022,-2.579791191730772,0,0.1556922015684451,0.1217688057143208,0.3550198717990186,0.3047075665269933,0.21979178264917157,0.3164868522702273,0
202.0,3.5255650890285457,158.0,0.9998700540996702,0.9908361183266914,-0.020576947761262055,0.21908558688238658,-1.6084789722513864,-2.5944633924143385,0,0.1572433471330702,0.12310134982560506,0.3559698749499371,0.30608423520103617,0.21565637570189647,0.3145246142623515,0
202.25000000000003,3.5299284121585317,157.75,0.9997650264368256,0.9917673170520781,-0.027548679044887774,0.207735232841334,-1.5871543462032147,-2.607155692562557,0,0.1587985984796052,0.12443988206364309,0.3569018184952463,0.3074523115757149,0.2115139500923515,0.3125485254500358,0
202.5,3.5342917352885173,157.5,0.9996297813376881,0.9926488760102875,-0.034427718298724666,0.19633386140872175,-1.5659919805451787,-2.6178306579494297,0,0.1603578767428827,0.12578436480619515,0.3578156728691267,0.3088117356217144,0.2073649911718651,0.31055877220029254,0
202.75,3.5386550584185033,157.25,0.9994647217047372,0.9934805919141864,-0.04121477227511404,0.1848903507209005,-1.5449913059072713,-2.6264562949832593,0,0.16192110293335027,0.1271347601708741,0.3587114106235045,0.31016244812363797,0.20320998429176496,0.30855554120855827,0
203.0,3.543018381548489,157.0,0.999270247362084,0.9942623005020241,-0.04791054524205007,0.1734137064051271,-1.52415175291949,-2.6330062527330056,0,0.16348819794631042,0.12849103001869155,0.35958900642804953,0.31150439068139557,0.19904941480337987,0.30653901947948936,0
203.25,3.547381704678475,156.75,0.9990467550663107,0.9949938770391783,-0.05451573898318401,0.16191303655300604,-1.5034727522118245,-2.6374599918695374,0,0.16505908257116197,0.1298531359576195,0.360448437070177,0.31283750571151403,0.19488376805803684,0.3045093943085467,0
203.5,3.551745027808461,156.5,0.9987946385173104,0.9956752367095665,-0.06103105279781945,0.15039752603125395,-1.4829537344142736,-2.6398029186848815,0,0.16663367750063973,0.1312210393461658,0.36128968145504636,0.3141617364483645,0.1907135294070649,0.30246685326359285,0
203.75,3.5561083509384463,156.25,0.9985142883691278,0.9963063348935858,-0.0674571835009164,0.13887641028560238,-1.4625941301568288,-2.6400264827293727,0,0.16821190334005542,0.13259470129693185,0.36211272060556216,0.31547702694531216,0.18653918420179147,0.30041158416696667,0
204.0,3.5604716740684323,156.0,0.9982060922407984,0.9968871673310128,-0.07379482542308957,0.12735894879951756,-1.442393370069483,-2.6381282369600134,0,0.16979368061653688,0.13397408268019617,0.36291753766237295,0.3167833220757873,0.1823612177935452,0.29834377507777393,0
204.25,3.564834997198418,155.75,0.997870434727189,0.9974177701676147,-0.08004467041060664,0.11585439837320968,-1.4223508847822335,-2.6341118597305555,0,0.1713789297882704,0.13535914412749117,0.36370411788387275,0.31808056753428043,0.1781801155336533,0.296263614274992,0
204.5,3.569198320328404,155.5,0.9975076974098374,0.997898219885047,-0.08620740782539216,0.10437198639045295,-1.4024661049250697,-2.6279871383633955,0,0.1729675712537393,0.13674984603519558,0.36447244864619954,0.31936870983726584,0.17399636277344485,0.2941712902406194,0
204.75,3.57356164345839,155.24999999999997,0.9971182588677932,0.9983286331145828,-0.09228372454502431,0.09292088424095717,-1.3827384611279874,-2.6197699144531783,0,0.17455952536096608,0.13814614856811014,0.3652225194432367,0.32064769632404977,0.1698104448642462,0.29206699164287625,0
205.0,3.5779249665883754,155.0,0.9967024946884564,0.9987091663351619,-0.09827430496273327,0.08151018106450388,-1.3631673840209888,-2.6094819914951253,0,0.17615471241674996,0.13954801166306174,0.3659543218866116,0.3219174751575473,0.16562284715738873,0.2899509073202886,0
205.25,3.5822882897183614,154.75,0.9962607774784185,0.9990400154582086,-0.10417983098741035,0.07014885797941287,-1.3437523042340551,-2.5971510058294225,0,0.17775305269591168,0.1409553950324901,0.3666678497056967,0.32317799532499175,0.16143405500419714,0.2878232262660529,0
205.50000000000003,3.5866516128483474,154.49999999999997,0.9957934768743023,0.9993214153012114,-0.11000098204359664,0.05884576295290094,-1.3244926523971838,-2.5828102622713374,0,0.17935446645053,0.14236825816804977,0.36736309874760925,0.32442920663857494,0.15724455375600035,0.2856841376122921,0
205.75,3.591014935978333,154.25,0.9953009595536016,0.9995536389532355,-0.115738435071487,0.04760958646394631,-1.3053878591403771,-2.566498536210502,0,0.18095887391918264,0.143786560344214,0.36804006697721053,0.3256710597360193,0.15305482876412804,0.28353383061498655,0
206.0,3.595378259108319,153.99999999999997,0.9947835892455216,0.9997369970364801,-0.1213928645269361,0.036448838100656855,-1.286437355093618,-2.548259844247291,0,0.18256619533619012,0.1452102606218696,0.3686987544771072,0.32690350608108665,0.14886536537990588,0.28137249463910124,0
206.25,3.5997415822383045,153.75,0.9942417267418184,0.9998718368677052,-0.12696494238144668,0.025371824224709752,-1.267640570886912,-2.528143185782663,0,0.18417635094085072,0.1466393178519304,0.3693391634476501,0.3281264979640205,0.1446766489546643,0.2792003191440002,0
206.5,3.6041049053682905,153.5,0.9936757299076394,0.9999585415249589,-0.13245533812218316,0.014386626823773773,-1.248996937150242,-2.5062022582492482,0,0.1857892609866857,0.14807369067893894,0.3699612982069352,0.3293399885019275,0.14048916483972992,0.2770174936694899,0
206.75000000000003,3.6084682284982765,153.24999999999997,0.9930859536923631,0.9999975288248145,-0.13786471875196024,0.003501083661026449,-1.230505884513605,-2.4824951488405333,0,0.18740484575067762,0.14951333754467844,0.3705651651908029,0.33054393163909807,0.13630339838642977,0.2748242078212335,0
207.0,3.612831551628262,153.00000000000003,0.9924727501404398,0.9999892502158857,-0.14319374878924623,-0.007277230182253228,-1.2121668436070019,-2.457084005838506,0,0.1890230255425095,0.15095821669177967,0.3711507729528381,0.33173828214726037,0.13211983494609525,0.2726206512574751,0
207.25,3.617194874758248,152.74999999999997,0.9918364684022297,0.9999341895950584,-0.14844309026816907,-0.017941019288960303,-1.1939792450604165,-2.430034692756886,0,0.19064372071380864,0.15240828616733582,0.3717181321643708,0.33292299562578515,0.12793895987005038,0.2704070136756558,0
207.5,3.6215581978882336,152.50000000000003,0.9911774547448458,0.999832862053018,-0.15361340273850516,-0.028483283345401463,-1.175942519503855,-2.4014164285690724,0,0.19226685166738278,0.15386350382651004,0.37226725561447493,0.33409802850182313,0.12376125850962731,0.2681834847988203,0
207.75,3.6259215210182196,152.24999999999997,0.9904960525629906,0.9996858125557775,-0.15870534326569297,-0.03889733098396707,-1.1580560975672964,-2.3713014173727824,0,0.19389233886646506,0.1553238273361507,0.37279815820997037,0.33526333803039093,0.1195872162161501,0.26595025436320624,0
208.0,3.6302848441482056,151.99999999999997,0.9897926023897993,0.9994936145694725,-0.16371956643081792,-0.04917679199058312,-1.1403194098807472,-2.339764470806962,0,0.19552010284395016,0.15678921417839653,0.3733108569754201,0.3364188822944003,0.1154173183409498,0.2637075121051975,0
208.25,3.634648167278191,151.75000000000003,0.9890674419076775,0.9992568686353852,-0.16865672433062473,-0.05931562785234919,-1.122731887074199,-2.306882626504285,0,0.19715006421163728,0.15825962165430418,0.3738053710531332,0.3375646202046302,0.11125205023535395,0.2614554477487102,0
208.5,3.639011490408177,151.49999999999997,0.9883209059591418,0.9989762009026917,-0.1735174665775135,-0.06930814063536031,-1.1052929597776393,-2.2727347657628334,0,0.198782143669471,0.15973500688744302,0.3742817217031625,0.3387005114996458,0.10709189725068897,0.2591942509934692,0
208.75,3.6433748135381627,151.25000000000003,0.987553326557661,0.9986522616260195,-0.17830244029953438,-0.07914898019590096,-1.0880020586210728,-2.2374012335044475,0,0.20041626201477825,0.1612153268275166,0.3747399323033058,0.3398265167456685,0.10293734473828493,0.25692411150270567,0
209.0,3.6477381366681487,150.99999999999997,0.9867650328984936,0.9982857236353074,-0.183012290140399,-0.08883314974177785,-1.07085861423448,-2.2009634633827884,0,0.20205234015151363,0.16270053825397435,0.3751800283491059,0.34094259733638743,0.09878887804946804,0.25464521889112823,0
209.25,3.6521014597981347,150.74999999999997,0.985956351369531,0.9978772807846986,-0.18764765825946633,-0.09835600977196461,-1.0538620572478665,-2.163503610780684,0,0.2036902990994952,0.16419059777961442,0.3756020374538497,0.3420487154927244,0.09464698253556796,0.25235776271382276,0
209.5,3.6564647829281203,150.49999999999997,0.9851276055621344,0.9974276463879467,-0.19220918433175488,-0.10771328043523226,-1.0370118182912227,-2.125104196197699,0,0.20533006000364773,0.1656854618541982,0.37600598934856894,0.3431448342625488,0.09051214354791227,0.2500619324544909,0
209.75,3.6608281060581063,150.25,0.984279116281977,0.9969375516467549,-0.19669750554793694,-0.11690104235776332,-1.020307327994541,-2.0858477612442505,0,0.20697154414324304,0.1671850867680601,0.3763919158820403,0.3442309175203397,0.08638484643782858,0.2477579175142287,0
210.00000000000003,3.6651914291880923,150.0,0.9834112015598827,0.9964077440788228,-0.2011132566143381,-0.12591573599976463,-1.0037480169878172,-2.0458165392806347,0,0.2086146729411379,0.16868942865570435,0.376759851020785,0.34530692996680273,0.08226557655664565,0.245445907200656,0
210.25,3.669554752318078,149.75,0.9825241766626671,0.9958389859516787,-0.2054570697529405,-0.1347541596088648,-0.9873333159010442,-2.005092142458514,0,0.2102593679730177,0.17019844349941593,0.37710983084906885,0.34637283712843764,0.0781548192556908,0.24312609071691127,0
210.5,3.673918075448064,149.5,0.9816183541039765,0.9952320527284781,-0.20972957470137918,-0.14341346584564876,-0.971062655364218,-1.96375526665362,0,0.21190555097663477,0.17171208713286623,0.3774418935689024,0.347428605357059,0.07405305988629288,0.24079865715121948,0
210.75,3.6782813985780494,149.25,0.980694043655129,0.9945877315312108,-0.2139313987129451,-0.15189115716210724,-0.9549354660073309,-1.92188541550023,0,0.2135531438610495,0.17323031524470234,0.377756079500041,0.3484742018292725,0.06996078379977919,0.23846379546590663,0
211.0,3.6826447217080354,149.0,0.9797515523559532,0.9939068196266532,-0.21806316655658392,-0.1601850800189179,-0.9389511784603761,-1.8795606445243693,0,0.21520206871587044,0.17475308338215334,0.37805243107998415,0.3495095945459002,0.06587847634747845,0.23612169448712,0
211.25000000000003,3.6870080448380214,148.75,0.9787911845256296,0.9931901229399475,-0.2221255005168948,-0.16829341803103573,-0.9231092233533502,-1.836857326064791,0,0.21685224782049495,0.17628034695462758,0.37833099286397687,0.3505347523313667,0.061806622880718184,0.23377254289524851,0
211.5,3.691371367968007,148.5,0.9778132417735295,0.9924384546002156,-0.22611902039413312,-0.17621468413352273,-0.9074090313162446,-1.7938499354798727,0,0.2185036036533491,0.1778120612372872,0.3785918115250082,0.3515496448330411,0.057745708750827,0.23141652921396236,0
211.75,3.695734691097993,148.25,0.9768180230100555,0.9916526335223983,-0.2300443435042075,-0.18394771186144154,-0.8918500329790563,-1.7506108588443159,0,0.22015605890112966,0.17934818137466435,0.3788349358538121,0.35255424252052736,0.053696219309132334,0.22905384180039792,0
212.0,3.7000980142279785,148.0,0.9758058244574814,0.9908334830287759,-0.23390208467868218,-0.19149164583752223,-0.8764316589717771,-1.7072102222044119,0,0.22180953646804202,0.18088866238422185,0.3790604167588672,0.35354851668492066,0.04965863990696292,0.22668466883581326,0
212.25,3.7044613373579645,147.75,0.9747769396607922,0.9899818295137063,-0.23769285626477632,-0.19884593156202704,-0.8611533399244008,-1.6637157421998832,0,0.22346395948504294,0.18243345915995302,0.37926830726639665,0.3545324394380163,0.04563345589564613,0.22430919831545487,0
212.5,3.7088246604879505,147.5,0.9737316594985242,0.9890985011541291,-0.24141726812536252,-0.2060103045968468,-0.8460145064669234,-1.6201925976873868,0,0.22511925131907917,0.1839825264759547,0.37945866252036864,0.35550598371147746,0.04162115262651071,0.22192761803898423,0
212.75,3.713187983617936,147.25,0.9726702721936051,0.9881843266685387,-0.24507592763896918,-0.21298477923506942,-0.8310145892293379,-1.5767033218802167,0,0.22677533558232887,0.18553581899000204,0.3796315397824955,0.35646912325596064,0.03762221545088413,0.21954011560106332,0
213.0,3.717551306747922,147.0,0.9715930633241934,0.9872401341262838,-0.24866943969977934,-0.21976963674381766,-0.8161530188416368,-1.5333077142893434,0,0.22843213614144176,0.18709329124711904,0.3797869984322348,0.3574218326402012,0.033637129720095006,0.21714687838202928,0
213.25,3.7219146298779076,146.75,0.9705003158345191,0.9862667498089085,-0.2521984067176298,-0.2263654132653582,-0.8014292259338172,-1.4900627717730273,0,0.2300895771267799,0.18865489768315102,0.3799250999667883,0.3583640872500577,0.029666380785470823,0.21474809353841004,0
213.5,3.7262779530078936,146.5,0.9693923100457231,0.9852649971250126,-0.25566342861801317,-0.23277288745823374,-0.7868426411358701,-1.4470226377393023,0,0.23174758294165698,0.19022059262832258,0.38004590800110283,0.3592958632875142,0.025710453998340297,0.21234394799389136,0
213.75,3.7306412761378795,146.25,0.9682693236666982,0.9842356955793343,-0.2590651028420757,-0.23899306795508019,-0.7723926950777923,-1.4042385685309595,0,0.23340607827158033,0.1917903303108004,0.38014948826786976,0.3602171377696462,0.021769834710030748,0.2099346284301634,0
214.0,3.735004599267865,146.0,0.9671316318049277,0.9831796597968647,-0.2624040243466192,-0.24502718071041238,-0.7580788183895762,-1.36175891603024,0,0.23506498809348952,0.19336406486024038,0.3802359086175248,0.36112788852754285,0.01784500827187112,0.20752032127772246,0
214.25,3.739367922397851,145.75,0.9659795069773263,0.9820976986023514,-0.2656807856041,-0.2508766563066385,-0.7439004417012154,-1.3196291253139434,0,0.23672423768499873,0.19494175031135275,0.3803052390182488,0.36202809420519255,0.013936460035188577,0.20510121270719442,0
214.50000000000003,3.743731245527837,145.5,0.9648132191210805,0.9809906141550631,-0.26889597660262843,-0.25654311728138296,-0.7298569956427058,-1.2778917462618942,0,0.23838375263363487,0.1965233406074247,0.38035755155596734,0.36291773425832974,0.010044675351311847,0.20267748862028293,0
214.75,3.7480945686578226,145.25,0.9636330356044872,0.9798592011387234,-0.2720501848459706,-0.2620283655348035,-0.7159479108440389,-1.2365864580305077,0,0.24004345884608014,0.19810878960387723,0.38039292043435025,0.3637967889532412,0.006170139571568466,0.20024933464103553,0
215.0,3.7524578917878086,145.0,0.9624392212377951,0.9787042460061656,-0.275143995353546,-0.2673343698704865,-0.7021726179352116,-1.1957501052006596,0,0.24170328255741158,0.19969805107179217,0.38041142197481215,0.36466523936553674,0.0023133380472871515,0.19781693610703996,0
215.25,3.756821214917794,144.75,0.961232038284044,0.9775265262779416,-0.2781779906604299,-0.27246325371821356,-0.6885305475462167,-1.155416744451489,0,0.24336315034034117,0.20129107870143625,0.38041313461651255,0.36552306737887874,-0.0015252438702046348,0.19538047806065853,0
215.5,3.76118453804778,144.5,0.9600117464699047,0.9763268098940052,-0.2811527508173521,-0.2774172830821627,-0.6750211303070464,-1.1156177006685415,0,0.24502298911445597,0.20288782610579892,0.38039813891635543,0.36637025568367626,-0.005345120829578382,0.1929401452405614,0
215.75000000000003,3.765547861177766,144.24999999999997,0.9587786029965195,0.9751058546174127,-0.2840688533906968,-0.28219885475331086,-0.6616437968476958,-1.0763816314141723,0,0.2466827261554605,0.2044882468240916,0.38036651754898965,0.3672067877757407,-0.009145807479506928,0.19049612207312655,0
216.0,3.7699111843077517,144.0,0.9575328625503421,0.9738644074888848,-0.28692687346250195,-0.28681048482024535,-0.6483979777981628,-1.0377345986533548,0,0.24834228910441347,0.20609229432527054,0.3803183553068086,0.3680326479549048,-0.012926818468660436,0.18804859266383925,0
216.25,3.7742745074377377,143.75,0.9562747773139769,0.9726032043307161,-0.28972738363046213,-0.29125479750749234,-0.635283103788437,-0.999700146728413,0,0.25000160597697274,0.20769992201153942,0.38025373909995025,0.3688478213236035,-0.01668766844571256,0.18559774078880034,0
216.5,3.7786378305677233,143.5,0.9550045969770198,0.9713229692986578,-0.2924709540079255,-0.29553451436678596,-0.6222986054485138,-0.9622993856544153,0,0.2516606051726318,0.20931108322184588,0.38017275795629746,0.3696522937854186,-0.020427872059334214,0.18314374988634202,0
216.75,3.7830011536977093,143.25,0.9537225687468982,0.9700244144801682,-0.2951581522238951,-0.29965244384228645,-0.6094439134083859,-0.9255510787573114,0,0.25331921548396263,0.21092573123537572,0.3800755030214777,0.3704460520435863,-0.02414694395819813,0.1806868030486504,0
217.0,3.7873644768276953,142.99999999999997,0.9524289373597101,0.9687082395372844,-0.29778954342302877,-0.3036114712266362,-0.5967184582980474,-0.8894717338567381,0,0.254977366105855,0.21254381927503885,0.3799620675588631,0.3712290835994693,-0.02784439879097615,0.1782270830133433,0
217.25,3.791727799957681,142.75,0.951123945091066,0.9673751313925875,-0.30036569026563775,-0.30741454902189785,-0.5841216707474968,-0.854075697101308,0,0.25663498664475626,0.2141653005109463,0.3798325469495704,0.3720013767509904,-0.03151975120633881,0.17576477215514374,0
217.5,3.796091123087667,142.49999999999997,0.9498078317669258,0.9660257639560952,-0.30288715292769064,-0.311064687714478,-0.5716529813867215,-0.8193752487679972,0,0.258292007127914,0.2157901280638891,0.37968703869246107,0.3727629205910318,-0.03517251585296021,0.17330005247752117,0
217.75,3.8004544462176524,142.25,0.9484808347744429,0.964660797891703,-0.30535448910080737,-0.31456494697207243,-0.5593118208457234,-0.785380700361522,0,0.25994835801261396,0.21741825500879175,0.3795256424041412,0.3735137050057962,-0.03880220737951008,0.17083310560465123,0
218.0,3.8048177693476384,142.00000000000003,0.9471431890727994,0.9632808804210273,-0.307768253992266,-0.31791842726594177,-0.5470976197544886,-0.7521004922489457,0,0.26160397019542236,0.2190496343781796,0.3793484598189617,0.37425372067313595,-0.04240834043466186,0.16836411277296814,0
218.25,3.8091810924776244,141.74999999999997,0.9457951272040503,0.9618866451627808,-0.3101290003249972,-0.32112826191987953,-0.5350098087430134,-0.7195412914123028,0,0.26325877502142536,0.22068421916562753,0.37915559478901795,0.3749829590608399,-0.04599042966708772,0.1658932548228762,0
218.5,3.81354441560761,141.50000000000003,0.9444368793039624,0.9604787120060916,-0.3124372783375857,-0.3241976095855401,-0.5230478184412961,-0.6877080887209467,0,0.26491270429346825,0.2223219623292011,0.37894715328415035,0.3757014124248905,-0.049547989725457986,0.16342071219086832,0
218.75,3.817907738737596,141.24999999999997,0.9430686731128517,0.959057687015617,-0.3146936357842735,-0.32712964714026843,-0.5112110794793248,-0.6566042951974618,0,0.2665656902813992,0.22396281679489316,0.37872324339194363,0.37640907380768224,-0.053080535258446485,0.16094666490100212,0
219.00000000000003,3.822271061867582,140.99999999999997,0.9416907339864271,0.9576241623666959,-0.31689861793495455,-0.32992756300250636,-0.49949902248709815,-0.6262318370034787,0,0.2682176657313061,0.22560673546004728,0.37848397531772726,0.37710593703620376,-0.05658758091472414,0.15847129255687872,0
219.25,3.8266343849975675,140.74999999999997,0.9403032849066283,0.9561787163089087,-0.31905276757517914,-0.33259455085853,-0.48791107809460765,-0.5965912486747729,0,0.2698685638747591,0.22725367119678674,0.37822946138457547,0.3777919967201866,-0.06006864134296239,0.15599477433371023,0
219.5,3.8309977081275535,140.49999999999997,0.9389065464924664,0.9547219131559802,-0.3211566250061515,-0.3351338037914859,-0.4764466769318489,-0.5676817643017421,0,0.27151831843805074,0.2289035768554124,0.3779598160333072,0.37846724825021816,-0.0635232311918342,0.15351728896981506,0
219.75,3.835361031257539,140.25000000000003,0.9375007370108634,0.9532543033005264,-0.3232107280447309,-0.3375485088038279,-0.4651052496288164,-0.5395014064458596,0,0.27316686365143505,0.23055640526782029,0.37767515582248606,0.379131687795816,-0.06695086511001042,0.15103901475869205,0
220.0,3.839724354387525,139.99999999999997,0.9360860723874925,0.9517764232518435,-0.3252156120234318,-0.3398418417222961,-0.4538862268154998,-0.5120470724945508,0,0.2748141342583703,0.23221210925088076,0.3773755994284199,0.3797853123034719,-0.07035105774616457,0.1485601295412152,0
220.25000000000003,3.844087677517511,139.74999999999997,0.9346627662176189,0.950288795695121,-0.3271718097904218,-0.3420169624739419,-0.44278903912189793,-0.48531461827337063,0,0.27646006552475666,0.23387064160983817,0.3770612676451621,0.38042811949465777,-0.07372332374896691,0.14608081069714174,0
220.5,3.8484510006474966,139.49999999999997,0.933231029776938,0.9487919295704237,-0.3290798517095249,-0.34407701072076097,-0.4318131171780026,-0.4592989388087154,0,0.27810459324817904,0.23553195514168102,0.37673228338451,0.38106010786379574,-0.07706717776709056,0.1436012351369762,0
220.75,3.8528143237774826,139.24999999999997,0.9317910720324174,0.9472863201700537,-0.3309402656602184,-0.34602510184050594,-0.42095789161380937,-0.4339940460831231,0,0.2797476537671456,0.23719600263850749,0.3763887716760057,0.38168127667619317,-0.08038213444920658,0.14112157929434352,0
221.0,3.857177646907468,139.0,0.9303430996531356,0.9457724492526611,-0.33275357703763525,-0.3478643232398622,-0.410222793059311,-0.40939314366534124,0,0.28138918397032986,0.23886273689089288,0.37603085966693667,0.382291625965946,-0.0836677084439878,0.13864201911777674,0
221.25,3.861540970037454,138.75,0.9288873170211223,0.9442507851727243,-0.3345203087525628,-0.34959773098653113,-0.3996072521445014,-0.3854886982240177,0,0.28302912130580926,0.24053211069123193,0.375658676622334,0.38289115653380223,-0.08692341440010518,0.13616273006258123,0
221.5,3.86590429316744,138.5,0.9274239262421986,0.9427217830241312,-0.33624098123144275,-0.3512283467464802,-0.3891106994993757,-0.3622725078224664,0,0.28466740379030786,0.2422040768370819,0.3752723539249742,0.38347986994499417,-0.0901487669662316,0.1336838870828642,0
221.75,3.8702676162974257,138.25,0.9259531271568162,0.9411858847963864,-0.337916112416372,-0.3527591550120106,-0.3787325657539264,-0.33973576700590696,0,0.2863039700184341,0.24387858813449437,0.37487202507537826,0.3840577685270324,-0.09334328079103817,0.1312056646236596,0
222.0,3.8746309394274117,138.0,0.9244751173508996,0.939643519542387,-0.3395462177651016,-0.3541931006070009,-0.36847228153814965,-0.31786912869185324,0,0.28793875917192346,0.2455555974013327,0.37445782569181163,0.3846248553674693,-0.09650647052319755,0.1287282366127287,0
222.25,3.878994262557397,137.75,0.9229900921666832,0.9380951035564516,-0.3411318102510377,-0.3555330864550698,-0.358329277482038,-0.2966627628662194,0,0.28957171102887713,0.24723505747059182,0.3740298935102848,0.3851811343116216,-0.09963785081138103,0.1262517764526469,0
222.5,3.883357585687383,137.5,0.9214982447135531,0.9365410405615708,-0.3426734003632412,-0.3567819715970402,-0.34830298421558503,-0.276106412138119,0,0.2912027659730039,0.24891692119369324,0.3735883683845527,0.3857266099602646,-0.10273693630426106,0.12377645701310673,0
222.75,3.887720908817369,137.25,0.9199997658788865,0.9349817219047696,-0.34417149610642717,-0.3579425694439091,-0.33839283236878653,-0.2561894441911816,0,0.2928318650028595,0.25060114144376955,0.373133392286115,0.38626128766728757,-0.10580324165050918,0.1213024506225657,0
223.0,3.8920842319473548,137.0,0.9184948443388923,0.9334175267596037,-0.345626603000966,-0.3590176462520354,-0.32859825257163444,-0.23690090121513527,0,0.2944589497410879,0.25228767111895933,0.37266510930421587,0.3867851735373154,-0.10883628149879773,0.11882992906044762,0
223.25,3.8964475550773408,136.75,0.9169836665694506,0.9318488223348743,-0.3470392240828821,-0.3600099198074821,-0.31891867545412517,-0.2182295463688126,0,0.2960839624436604,0.253976463145671,0.3721836656458447,0.3872982744232956,-0.11183557049779817,0.1163590635494266,0
223.50000000000003,3.9008108782073267,136.5,0.9154664168569525,0.9302759640886267,-0.34840985990385503,-0.3609220583066701,-0.3093535316462513,-0.20016390734560122,0,0.2977068460091178,0.2556674704818408,0.3716892096357349,0.3878005979240528,-0.11480062329618289,0.1138900247471766,0
223.75,3.9051742013373123,136.25,0.9139432773091403,0.9286992959465983,-0.34973900853121903,-0.3617566794209009,-0.2999022517780061,-0.18269231717365655,0,0.2993275439878086,0.25736064612018594,0.3711818917163649,0.38829215238180365,-0.11773095454262338,0.11142298273871275,0
224.0,3.9095375244672983,136.0,0.9124144278659477,0.9271191505244345,-0.35102716554796265,-0.36251634953305917,-0.2905642664793855,-0.16580295231982464,0,0.30094600059113186,0.259055943091438,0.37066186444795785,0.3887729468796445,-0.1206260788857922,0.10895810702859259,0
224.25,3.913900847597284,135.75,0.9108800463103401,0.9255358493528656,-0.35227482405272964,-0.36320358313465495,-0.2813390063803826,-0.1494838681464022,0,0.3025621607007757,0.26075331446757244,0.3701292825084812,0.3892429912389983,-0.12348551097436045,0.10649556653269111,0
224.5,3.91826417072727,135.5,0.9093403082791538,0.9239497031051026,-0.353482474659818,-0.36382084237194506,-0.27222590211099085,-0.1337230319087934,0,0.30417596987795925,0.26245271336502896,0.36958430269364756,0.38970229601703055,-0.12630876545700084,0.10403552957080289,0
224.75000000000003,3.922627493857256,135.25,0.9077953872739364,0.9223610118260459,-0.3546506054991806,-0.3643705367309339,-0.2632243843012057,-0.11850835334576053,0,0.30578737437267045,0.2641540929479096,0.36902708391691397,0.3901508725040315,-0.1290953569823847,0.1015781638585952,0
225.0,3.9269908169872414,135.0,0.9062454546717866,0.9207700651624652,-0.3557797022164252,-0.36485502285044524,-0.25433388358101955,-0.10382771294800301,0,0.30739632113291016,0.2658574064311726,0.36845778720948225,0.39058873272076194,-0.13184480019918451,0.09912363649984109,0
225.25,3.9313541401172274,134.75,0.9046906797361949,0.9191771425937996,-0.3568702479728136,-0.365276604453813,-0.2455538305804282,-0.0896689880605436,0,0.30900275781392916,0.2675626070838186,0.3678765757202987,0.39101588941576765,-0.1345566097560717,0.0966721139787225,0
225.5,3.935717463247213,134.5,0.9031312296278826,0.9175825136629853,-0.3579227234452629,-0.36563753238973923,-0.23688365592942467,-0.07602007687897651,0,0.31060663278747114,0.2692696482320516,0.3672836147160544,0.3914323560626579,-0.13723030030171862,0.09422376215194884,0
225.75,3.940080786377199,134.25,0.9015672694156425,0.915986438206877,-0.3589376068263448,-0.36594000477339167,-0.22832279025800262,-0.06286892047864438,0,0.3122078951510111,0.2709784832624518,0.36667907158118535,0.3918381468573514,-0.13986538648479685,0.09177874624130809,0
226.0,3.944444109507185,134.0,0.8999989620871789,0.9143891665859059,-0.35991537382428535,-0.36618616721950265,-0.21987066419615706,-0.05020352294374544,0,0.3138064947369972,0.2726890656251011,0.3660631158178716,0.3922332767152895,-0.14246138295397867,0.08933723082589991,0
226.25,3.9488074326371705,133.75,0.8984264685599468,0.9127909399124595,-0.3608564976629658,-0.3663781131591261,-0.2115267083738808,-0.03801196970449078,0,0.3154023821220898,0.27440134883673306,0.3654359190460387,0.3926177612686145,-0.14501780435793568,0.0868993798343051,0
226.5,3.9531707557671565,133.5,0.8968499476919933,0.9111919902777444,-0.36176144908192137,-0.3665178842327585,-0.2032903534211697,-0.02628244422564645,0,0.3169955086364039,0.2761152864838474,0.36479765500335615,0.3929916168633144,-0.14753416534534025,0.08446535653706679,0
226.75,3.957534078897142,133.25,0.8952695562927961,0.9095925409768222,-0.3626306963363428,-0.36660747075273076,-0.19516102996801662,-0.015003243052669077,0,0.3185858263727469,0.2778308322258143,0.3641484995452387,0.39335486055633584,-0.15000998056486367,0.08203532353933697,0
227.0,3.961897402027128,133.0,0.8936854491341044,0.9079928067313661,-0.3634647051970748,-0.3666488122276315,-0.1871381686444149,-0.0041627894023749815,0,0.32017328819586177,0.27954793979798154,0.36348863064484527,0.3937075101126645,-0.1524447646651785,0.07960944277307785,0
227.25,3.966260725157114,132.74999999999997,0.8920977789607787,0.9063929939101819,-0.36426393895061726,-0.36664379794330004,-0.17922120008035894,0.006250354660484308,0,0.32175784775166505,0.2812665630147434,0.36281822839307964,0.39404958400236995,-0.1548380322949567,0.07718787548975917,0
227.5,3.9706240482870996,132.5,0.8905066965016317,0.904793300746917,-0.36502885839912425,-0.3665942675935101,-0.17140955490584517,0.016247477396658456,0,0.32333945947648834,0.28298665577262483,0.3621374749985907,0.3943811013976224,-0.15718929810286925,0.07477078225276312,0
227.75,3.9749873714170856,132.25,0.8889123504802655,0.9031939175550314,-0.3657599218604052,-0.3665020119554425,-0.163702663750865,0.02583970777099776,0,0.32491807860631927,0.2847081720533282,0.36144655478777143,0.3947020821696712,-0.15949807673758898,0.0723583229299546,0
228.00000000000003,3.9793506945470716,131.99999999999997,0.887314887625915,0.9015950269396529,-0.36645758516792354,-0.36636877360433157,-0.156099957245412,0.035038007000179984,0,0.3264936611860413,0.2864310659267759,0.3607456542047593,0.3950125468857969,-0.16176388284778823,0.06995065668659486,0
228.25,3.983714017677057,131.75,0.8857144526842861,0.8999968040063137,-0.3671223016707978,-0.36619624766269754,-0.14860086601948333,0.0438531611819848,0,0.32806616407867273,0.28815529155415565,0.3600349618114375,0.3953125168062278,-0.16398623108213728,0.06754794197778453,0
228.5,3.988077340807043,131.49999999999997,0.8841111884283955,0.8983994165662643,-0.36775452223380123,-0.36598608257931486,-0.14120482070306928,0.05229577492060981,0,0.3296355449746109,0.2898808031909147,0.35931466828743264,0.3956020138810261,-0.16616463608931004,0.06515033654123109,0
228.75,3.9924406639370287,131.25,0.8825052356694124,0.896803025338439,-0.3683546952373613,-0.3657398809340743,-0.13391125192616757,0.06037626589461392,0,0.3312017624008674,0.2916075551897821,0.3585849664301173,0.39588106074694124,-0.1682986125179765,0.06275799739010526,0
229.0,3.9968039870670147,131.0,0.8808967332674954,0.8952077841477549,-0.3689232665775607,-0.3654592002643546,-0.12671959031876967,0.06810486030324092,0,0.3327647757303138,0.2933355020037478,0.3578460511546073,0.3961496807242338,-0.17038767501681032,0.06037108080608202,0
229.25,4.001167310197,130.75000000000003,0.8792858181426364,0.893613840119823,-0.3694606796661365,-0.3651455539096231,-0.11962926651087061,0.07549158909078293,0,0.3343245451909178,0.2950645981890434,0.3570981194937644,0.3964078978134681,-0.17243133823448245,0.05798974233191078,0
229.50000000000003,4.005530633326987,130.49999999999997,0.8776726252854967,0.8920213338719436,-0.3699673754304807,-0.3648004118707562,-0.11263971113246209,0.08254628494476664,0,0.3358810318749865,0.2967947984080974,0.3563413705981941,0.3966557366922713,-0.17442911681966555,0.055614136764481806,0
229.75,4.009893956456972,130.24999999999997,0.8760572877682511,0.890430399700273,-0.3704437923136396,-0.3644252016808353,-0.10575035481354207,0.089278579953093,0,0.33743419774840433,0.29852605743249006,0.3555760057362474,0.3968932227120654,-0.17638052542103072,0.053244418148210654,0
230.0,4.014257279586958,130.00000000000003,0.8744399367554244,0.888841165763259,-0.3708903662743144,-0.36402130928491294,-0.09896062818410335,0.09569790390939964,0,0.3389840056598754,0.3002583301458771,0.35480222829401953,0.3971203818947687,-0.17828507868724988,0.05088073976778013,0
230.25000000000003,4.018620602716944,129.74999999999997,0.8728207015147318,0.8872537542611248,-0.37130753078686124,-0.3635900799255972,-0.09226996187413761,0.10181348320515272,0,0.34053041935016426,0.3019915715469197,0.35402024377535,0.3973372409294645,-0.18014229126699602,0.04852325414149934,0
230.5,4.02298392584693,129.49999999999997,0.871199709427922,0.8856682816115571,-0.37169571684129044,-0.363132819032486,-0.08567778651364194,0.10763434023173453,0,0.34207340346133397,0.3037257367521756,0.3532302598018239,0.3975438271690443,-0.18195167780894012,0.046172113014452704,0
230.75,4.027347248976915,129.25000000000003,0.8695770860016138,0.8840848586214697,-0.3720553529432673,-0.36265079311296944,-0.07918353273260959,0.1131692932908917,0,0.3436129235459877,0.30546078099899654,0.35243248611277045,0.39774016862681705,-0.1837127529617539,0.04382746735188446,0
230.99999999999997,4.031710572106901,129.00000000000003,0.8679529548781368,0.8825035906548893,-0.3723868651141119,-0.3621452306424454,-0.07278663116103348,0.11842695694067788,0,0.34514894607651103,0.30719665964839915,0.3516271345652633,0.39792629397309465,-0.18542503137411045,0.04148946733286934,0
231.25000000000003,4.036073895236887,128.74999999999997,0.8663274378463728,0.8809245777969632,-0.37269067689079877,-0.36161732295210325,-0.06648651242890723,0.1234157427415927,0,0.3466814384543091,0.30893332818792685,0.35081441913412126,0.39810223253174565,-0.18708802769468091,0.03915826234327717,0
231.5,4.040437218366873,128.49999999999997,0.8647006548525946,0.8793479150141101,-0.37296720932595706,-0.36106822511262787,-0.060282607166226417,0.12814386037398698,0,0.3482103690190489,0.3106707422344904,0.3499945559119078,0.3982680142767196,-0.18870125657213743,0.036834000969761645,0
231.75,4.044800541496858,128.25000000000003,0.8630727240113072,0.8777736923103189,-0.3732168809878709,-0.36049905681223227,-0.05417434600298639,0.1326193190953548,0,0.3497357070578987,0.31240885753719816,0.349167763108931,0.3984236698285482,-0.19026423265515127,0.03451683099340557,0
232.00000000000003,4.049163864626845,127.99999999999999,0.8614437616160847,0.8762019948796054,-0.373440107960479,-0.3599109032276444,-0.04816115956917652,0.136849929476878,0,0.351257422814771,0.314147629980173,0.348334261053243,0.39856923045081427,-0.1917764705923958,0.032206899383359744,0
232.25,4.05352718775683,127.74999999999999,0.8598138821504149,0.8746329032547464,-0.3736373038433749,-0.3593048158869855,-0.04224247849479546,0.14084330541594786,0,0.35277548749955834,0.31588701558534327,0.3474942721906418,0.3987047280465973,-0.19323748503254157,0.029904352290621813,0
232.5,4.057890510886816,127.50000000000003,0.8581831982985362,0.8730664934522081,-0.37380887975180604,-0.3586818135231943,-0.03641773340983593,0.14460686639096823,0,0.35428987329737816,0.3176269705152317,0.3466480210846691,0.3988301951548881,-0.19464679062426093,0.027609335042139502,0
232.75000000000003,4.062253834016802,127.24999999999999,0.8565518209562771,0.8715028371134259,-0.3739552443166757,-0.3580428829172285,-0.03068635494429015,0.14814783993219496,0,0.3558005533778117,0.3193674510757182,0.3457957344166114,0.3989456649469831,-0.19600390201622644,0.02532199213479302,0
233.0,4.066617157146788,126.99999999999999,0.8549198592418993,0.8699420016423561,-0.3740768036845411,-0.3573889797299271,-0.02504777372815465,0.15147326426234056,0,0.3573075019041423,0.32110841371879517,0.3449376409855004,0.3990511712228462,-0.19730833385710939,0.02304246722947921,0
233.25,4.0709804802767735,126.74999999999999,0.8532874205069345,0.8683840503395313,-0.37417396151761434,-0.35672102932216787,-0.019501420391421737,0.15458999111552527,0,0.3588106940425988,0.32284981504529764,0.34407397170811216,0.39914674840745173,-0.19855960079558166,0.02077090314556469,0
233.49999999999997,4.075343803406759,126.50000000000003,0.8516546103470267,0.8668290425324459,-0.3742471189937621,-0.35603992756212977,-0.014046725564087653,0.1575046887052879,0,0.36031010597159474,0.32459161180762963,0.34320495961896746,0.3992324315470977,-0.19975721748031533,0.018507441854798246,0
233.75000000000003,4.0797071265367455,126.24999999999999,0.85002153261277,0.8652770337025353,-0.3742966748065059,-0.35534654161954987,-0.00868311987614275,0.1602238447895719,0,0.36180571489096913,0.3263337609124546,0.3423308398703312,0.39930825630569555,-0.20090069855998272,0.016252224476228316,0
234.0,4.084070449666731,125.99999999999999,0.848388289420551,0.8637280756086866,-0.3743230251650219,-0.35464171074623857,-0.003410033957583999,0.16275376986781914,0,0.3632974990312253,0.3280762194233954,0.3414518497322138,0.3993742589610394,-0.20198955868325524,0.014005391270509801,0
234.24999999999997,4.088433772796717,125.75000000000003,0.8467549811633877,0.8621822164073698,-0.3743265637941409,-0.3539262470424366,0.0017731015615940046,0.1651006004595489,0,0.36478543766277316,0.3298189445636982,0.34056822859237046,0.3994304764010458,-0.2030233124988048,0.01176708163464978,0
234.50000000000003,4.092797095926703,125.5,0.8451217065217678,0.8606395007694557,-0.37430768193434844,-0.3532009362087192,0.006866856051401128,0.16727030244092547,0,0.3662695111051699,0.33156189371888534,0.33968021795629977,0.3994769461199772,-0.20400147465530394,0.009537434096924985,0
234.75,4.097160419056689,125.25,0.8434885624744923,0.8590999699938142,-0.37426676834178474,-0.35246653828323615,0.011871798881839032,0.16926867445381005,0,0.3677497007363576,0.33330502443939525,0.3387880614472463,0.39951370621463744,-0.20492355980142413,0.0073165863113603645,0
235.0,4.101523742186674,125.0,0.8418556443095127,0.8575636621176875,-0.3742042092882446,-0.3517237883638665,0.016788499422915496,0.17110135136034565,0,0.36922598900190684,0.3350482944432055,0.3378920048061989,0.399540795380547,-0.20578908258583728,0.005104675053339913,0
235.25000000000003,4.105887065316661,124.74999999999996,0.8402230456347715,0.8560306120239787,-0.37412038856117746,-0.3509733973153113,0.021617527044637364,0.1727738077295386,0,0.37069835942425544,0.3367916616184302,0.3369922958918908,0.39955825290810004,-0.20659755765721555,0.0029018362143841997,0
235.5,4.110250388446646,124.5,0.8385908583890436,0.854500851545449,-0.3740156874636879,-0.35021605246082244,0.02635945111700817,0.17429136133283413,0,0.3721667966119482,0.33853508402591437,0.33608918468080046,0.3995661186786943,-0.2073484996642304,0.0007082047974240687,0
235.75,4.114613711576632,124.25,0.8369591728527737,0.8529744095659989,-0.3738904848145344,-0.34945241825879075,0.031014841010036195,0.1756591766737308,0,0.3736312862688802,0.34027851990179514,0.3351829232671504,0.3995644331608468,-0.20804142325555447,-0.001476085087645782,0
236.00000000000003,4.118977034706618,123.99999999999996,0.835328077658919,0.8514513121189324,-0.3737451569481309,-0.3486831369636729,0.0355842660937272,0.1768822685075604,0,0.37509181520353396,0.3420219276600681,0.334273765862908,0.3995532374062848,-0.20867584307985923,-0.003650900228521351,0
236.25,4.123340357836604,123.75,0.8336976598037884,0.849931582482482,-0.37358007771454577,-0.34790882927186395,0.04006829573808444,0.17796550535573358,0,0.3765483713382205,0.3437652658951096,0.333361968797786,0.399532573046022,-0.20925127378581668,-0.005816108314611334,0
236.5,4.127703680966589,123.5,0.8320680046578808,0.8484152412724416,-0.3733956184795016,-0.34713009495195635,0.04446749931311734,0.17891361301626446,0,0.3780009437183225,0.3455084933842064,0.3324477905192406,0.3995024822864135,-0.20976723002209877,-0.007971577941693455,0
236.74999999999997,4.132067004096575,123.25,0.8304391959767274,0.8469023065321759,-0.37319214812437623,-0.34634751345997755,0.048782446188830014,0.17973117804707597,0,0.37944952252153064,0.3472515690900517,0.33153149159247364,0.39946300790519107,-0.21022322643737756,-0.010117178615673881,0
237.00000000000003,4.136430327226561,123.0,0.8288113159117305,0.845392793819896,-0.37297003304620213,-0.34556164453925153,0.05301370573522865,0.18042265122629692,0,0.38089409906708716,0.3489944521632311,0.33061333470043125,0.39941419324748556,-0.2106187776803249,-0.012252780756384809,0
237.25,4.140793650356547,122.75,0.8271844450210037,0.8438867162934427,-0.3727296371576661,-0.3447730288054394,0.057161847322319825,0.1809923509868032,0,0.3823346658250242,0.35073710194468843,0.32969358464380416,0.3993560822218291,-0.21095339839961266,-0.014378255701840042,0
237.49999999999997,4.145156973486532,122.5,0.8255586622802122,0.8423840847924351,-0.3724713218871101,-0.34398218831642907,0.06122744032010871,0.18144446681029566,0,0.3837712164254059,0.35247947796817936,0.32877250834102817,0.3992887192961402,-0.2112266032439127,-0.016493475711402826,0
237.75000000000003,4.149520296616519,122.24999999999997,0.8239340450934121,0.8408849079180835,-0.37219544617853023,-0.3431896271277568,0.06521105409860244,0.18178306257968768,0,0.385203745667568,0.3542215399626969,0.32785037482828316,0.39921214949369827,-0.21143790686189737,-0.01859831396943076,0
238.0,4.153883619746504,122.0,0.8223106693038917,0.8393891921105175,-0.3719023664915778,-0.34239583183324185,0.0691132580278049,0.18201207990020823,0,0.3866322495293567,0.3559632478548923,0.3269274552594947,0.39912641838909707,-0.21158682390223807,-0.02069264458902886,0
238.25,4.15824694287649,121.75,0.8206886092050095,0.8378969417238357,-0.37159243680155846,-0.341601272091426,0.0729346214777235,0.18213534135286794,0,0.3880567251763727,0.35770456177146814,0.3260040229063317,0.3990315721041865,-0.21167286901360713,-0.022776342614651248,0
238.50000000000003,4.162610266006476,121.49999999999997,0.819067937551036,0.8364081590988867,-0.37126600859943276,-0.3408064011378162,0.0766757138183652,0.1821565537207371,0,0.3894771709712085,0.35944544204155904,0.3250803531582084,0.3989276573040031,-0.21169555684467622,-0.02484928402548525,0
238.75,4.166973589136462,121.25000000000001,0.8174487255679939,0.8349228446338187,-0.3709234308918156,-0.3400116562831696,0.08033710441973305,0.18207931115069084,0,0.3908935864826891,0.3611858491990888,0.32415672352228425,0.3988147211926825,-0.21165440204411742,-0.02691134573854928,0
239.0,4.171336912266447,121.00000000000001,0.8158310429644953,0.8334409968525167,-0.3705650502009771,-0.3392174593981448,0.08391936265183565,0.1819070982568224,0,0.392305972495115,0.36292574398511923,0.3232334136234623,0.398692811509363,-0.2115489192606027,-0.02896240561097646,0
239.25000000000003,4.175700235396434,120.74999999999997,0.814214957942585,0.8319626124709387,-0.37019121056484133,-0.3384242173845044,0.08742305788467836,0.1816432931868861,0,0.39371433101749875,0.3646650873501738,0.322310705204391,0.3985619765240777,-0.21137862314280384,-0.031002342442959824,0
239.5,4.180063558526419,120.49999999999997,0.8126005372085796,0.8304876864613998,-0.3698022535369878,-0.3376323226330065,0.09084875948826594,0.1812911706057973,0,0.39511866529280804,0.36640384045654195,0.32138888212546357,0.39842226503363276,-0.21114302833939286,-0.03303103598042397,0
239.75,4.184426881656405,120.25000000000001,0.810987845983906,0.8290162121149611,-0.36939851818665037,-0.33684215346857144,0.0941970368326052,0.18085390463529213,0,0.39651897980720585,0.36814196468057236,0.3204682303648175,0.39827372635747615,-0.21084164949904186,-0.03504836691676803,0
239.99999999999997,4.1887902047863905,120.00000000000001,0.8093769480159428,0.8275481811018082,-0.3689803410987175,-0.3360540745825197,0.0974684592877022,0.18033457174022985,0,0.39791528029929,0.3698794216149449,0.3195490380183348,0.39811641033356043,-0.21047400127042246,-0.03705421689523196,0
240.25000000000003,4.193153527916377,119.74999999999997,0.8077679055888597,0.8260835835298477,-0.3685480563737324,-0.33526843745255097,0.10066359622356341,0.17973615353442085,0,0.3993075737693341,0.37161617307091876,0.31863159529964263,0.3979503673141912,-0.2100395983022067,-0.039048468511250205,0
240.5,4.1975168510463625,119.50000000000001,0.8061607795344587,0.8246224080014536,-0.36810199562789303,-0.33448558075049684,0.10378301701019335,0.17906153953716913,0,0.400695868488527,0.37335218108057167,0.3177161945401129,0.3977756481618691,-0.20953795524306673,-0.04103100531378113,0
240.75,4.201880174176348,119.25000000000001,0.8045556292430124,0.8231646416684958,-0.3676424879930519,-0.33370583073824417,0.10682729101759907,0.17831352987545854,0,0.40208017400821516,0.3750874078990232,0.31680313018886164,0.3975923042451268,-0.20896858674167426,-0.04300171180707541,0
241.00000000000003,4.2062434973063345,118.99999999999997,0.8029525126741044,0.8217102702856124,-0.36716986011671615,-0.3329295016519068,0.10979698761578706,0.17749483791191176,0,0.40346050116914145,0.37682181600661546,0.3158926988127498,0.3974003874343555,-0.20833100744670116,-0.044960473452419006,0
241.25,4.21060682043632,118.74999999999997,0.8013514863674714,0.820259278261898,-0.36668443616204816,-0.3321568960748159,0.11269267617476163,0.17660809281119877,0,0.4048368621106856,0.37855536811111234,0.31498519909638323,0.3971999500976267,-0.2076247320068195,-0.046907176669322655,0
241.5,4.214970143566306,118.50000000000001,0.7997526054538396,0.8188116487109359,-0.3661865378078642,-0.33138830529929525,0.11551492606452941,0.17565584205693718,0,0.406209270280105,0.3802880271498519,0.3140809318421126,0.39699104509650834,-0.2068492750707014,-0.048841708836584195,0
241.75000000000003,4.219333466696292,118.24999999999999,0.7981559236657672,0.8173673634992964,-0.36567648424863575,-0.33062400967768757,0.118264306655097,0.17464055389470154,0,0.4075777404417763,0.382019756291898,0.31318019997003216,0.3967737257818773,-0.20600415128701835,-0.05076395829344629,0
242.0,4.223696789826278,117.99999999999999,0.7965614933484839,0.8159264032935398,-0.36515459219448876,-0.3298642789628107,0.1209413873164696,0.1735646197230245,0,0.4089422886864327,0.3837505189401569,0.31228330851798225,0.3965480459897255,-0.2050888753044427,-0.052673814340417006,0
242.25,4.228060112956263,117.75000000000003,0.7949693654707314,0.8144887476057168,-0.36462117587120413,-0.32910937263811824,0.12354673741865325,0.17243035641855411,0,0.4103029324404075,0.38548027873349,0.3113905646415473,0.39631406003696507,-0.20410296177164627,-0.054571167240026766,0
242.49999999999997,4.232423436086249,117.50000000000003,0.7933795896356014,0.8130543748374948,-0.3640765470202169,-0.3283595402378651,0.12608092633165427,0.17124000860361102,0,0.4116596904748735,0.38720899954880184,0.3105022776140558,0.396071822717228,-0.20304592533730073,-0.05645590821717825,0
242.75000000000003,4.236786759216235,117.24999999999999,0.7917922140913776,0.8116232623228817,-0.3635210148986172,-0.32761502165748,0.12854452342547895,0.1699957508544159,0,0.4130125829150826,0.38893664550311746,0.30961875882658185,0.3958213892966683,-0.20191728065007822,-0.0583279294594517,0
243.0,4.241150082346221,116.99999999999999,0.790207285742376,0.8101953863696281,-0.36295488627915007,-0.32687604745446036,0.13093809807013246,0.16869968985203498,0,0.414361631249606,0.3906631809556198,0.308740321787944,0.3955628155097588,-0.20071654235865077,-0.06018712411745478,0
243.24999999999997,4.245513405476206,116.75000000000003,0.788624850159783,0.808770722299321,-0.36237846545021485,-0.3261428391399744,0.1332622196356206,0.16735386647544573,0,0.4157068583395771,0.3923885705097012,0.3078672821247053,0.3952961575550903,-0.1994432251116904,-0.062033386305007064,0
243.50000000000003,4.249876728606193,116.49999999999999,0.7870449515924959,0.807349244486244,-0.3617920542158652,-0.3254156094614906,0.13551745749195065,0.1659602578334471,0,0.4170482884279293,0.3941127790149689,0.3069999575811731,0.39502147209116684,-0.1980968435578685,-0.06386661109861205,0
243.75,4.254240051736178,116.24999999999999,0.7854676329779646,0.8059309263950244,-0.36119595189581044,-0.3246945626766482,0.13770438100912713,0.16452077925010147,0,0.41838594714863686,0.395835771569242,0.30613866801940026,0.3947388162322095,-0.1966769123458575,-0.06568669453695467,0
244.0,4.258603374866164,116.00000000000003,0.7838929359530304,0.8045157406170729,-0.3605904553254138,-0.3239798948185601,0.1398235595571564,0.1630372861895112,0,0.4197198615359564,0.39755751352054136,0.30528373541918397,0.394448247543956,-0.19518294612432946,-0.06749353362121288,0
244.25000000000003,4.26296669799615,115.74999999999999,0.7823209008647645,0.8031036589059196,-0.3599758588556935,-0.3232717939528866,0.1418755625060452,0.1615115761184784,0,0.42105006003366685,0.3992779704690361,0.3044354838780655,0.3941498240394617,-0.19361445954195564,-0.06928702631367746,0
244.5,4.267330021126136,115.49999999999999,0.7807515667813109,0.8016946522114483,-0.3593524543533224,-0.32257044042688365,0.1438609592257984,0.1599453903383139,0,0.4223765725043085,0.4009971082689967,0.3035942396113319,0.3938436041749112,-0.19197096724740867,-0.07106707153703941,0
244.75,4.271693344256121,115.24999999999999,0.7791849715027244,0.8002886907130039,-0.358720531200628,-0.321876007110491,0.14578031908642264,0.15834041574380447,0,0.4236994302384257,0.40271489303071584,0.30276033095201393,0.39352964684542585,-0.1902519838893601,-0.07283356917374122,0
245.00000000000003,4.276056667386108,114.99999999999999,0.7776211515718119,0.7988857438515521,-0.35808037629559253,-0.3211886596300306,0.1476342114579234,0.15669828653979037,0,0.42501866596380566,0.40443129112241216,0.30193408835088775,0.3932080113808808,-0.18845702411648213,-0.07458642006446926,0
245.25,4.280419990516093,114.74999999999999,0.7760601422849706,0.7974857803607516,-0.357432274051853,-0.3205085565943146,0.14942320571030718,0.15502058591060006,0,0.4263343138547194,0.4061462691721268,0.30111584437647343,0.3928787575417256,-0.18658560257744627,-0.07632552600672889,0
245.5,4.284783313646079,114.5,0.7745019777030298,0.7960887682971208,-0.35677650639870073,-0.3198358498137753,0.15114787121357964,0.1533088476324516,0,0.4276464095411616,0.40785979406957806,0.30030593371503655,0.3925419455148138,-0.184637233920925,-0.07805078975373123,0
245.74999999999997,4.2891466367760644,114.25000000000003,0.7729466906620903,0.7946946750692223,-0.3561133527810823,-0.3191706845125023,0.15280877733774625,0.1515645576522736,0,0.4289549901180921,0.4095718329680277,0.29950469317058676,0.39219763590923334,-0.18261143279559017,-0.07976211501249761,0
246.00000000000003,4.293509959906051,114.0,0.7713943127843632,0.7933034674659512,-0.3554430901595982,-0.3185131995335948,0.15440649345281438,0.1497891556041874,0,0.4302600941546757,0.4112823532861083,0.2987124616648784,0.39184588975215257,-0.18050771385011288,-0.0814594064417731,0
246.25,4.297873283036036,113.75,0.7698448744890131,0.7919151116839496,-0.35476599301050454,-0.3178635275379647,0.1559415889287887,0.1479840362931276,0,0.4315617617035219,0.412991322709636,0.297929580237411,0.39148676848466873,-0.17832559173316595,-0.08314256965056345,0
246.49999999999997,4.302236606166022,113.5,0.7682984050029941,0.7905295733541426,-0.35408233332571143,-0.3172217951967419,0.1574146331356754,0.14615055112576084,0,0.43286003430992637,0.4146987091934081,0.29715639204542843,0.39112033395766704,-0.17606458109342127,-0.08481151119555247,0
246.75000000000003,4.306599929296008,113.25,0.7667549323718921,0.789146817567485,-0.3533923806127837,-0.3165881233775903,0.1588261954434808,0.14429000950160975,0,0.4341549550211107,0.41640448096299076,0.29639324236391895,0.3907466484276915,-0.17372419657955035,-0.08646613857883115,0
247.0,4.310963252425994,113.0,0.7652144834707654,0.7877668088998813,-0.35269640189494134,-0.3159626273249734,0.16017684522221065,0.14240368016693214,0,0.43544656839546336,0.41810860651646486,0.29564047858561604,0.3903657745528239,-0.17130395284022554,-0.08810636024541676,0
247.25,4.3153265755559795,112.75,0.7636770840149824,0.7863895114363324,-0.35199466171105853,-0.31534541683465533,0.16146715184187077,0.14049279252023708,0,0.43673492051177976,0.4198110546261816,0.29489845022099753,0.38997777538857614,-0.1688033645241184,-0.08973208558073396,0
247.50000000000003,4.319689898685966,112.49999999999996,0.7621427585710636,0.7850148887943427,-0.3512874221156642,-0.3147365964225737,0.16269768467246754,0.13855853788015568,0,0.43802005897850227,0.421511794340481,0.2941675088982859,0.38958271438379133,-0.16622194627990078,-0.09134322490747229,0
247.75,4.3240532218159515,112.25,0.7606115305675215,0.7836429041465995,-0.3505749426789425,-0.31413626548827633,0.1638690130840062,0.13660207071296987,0,0.4393020329429609,0.4232107949854065,0.29344800836344864,0.3891806553765636,-0.16355921275624566,-0.0929396894826347,0
248.0,4.328416544945937,112.0,0.7590834223056987,0.7822735202429584,-0.3498574804867314,-0.31354451847308196,0.1649817064464935,0.13462450982776938,0,0.44058089310061477,0.424908026166384,0.29274030448019767,0.38877166259016477,-0.16081467860182386,-0.09452139149495492,0
248.25000000000003,4.3327798680759235,111.74999999999996,0.7575584549706095,0.7809066994317311,-0.3491352901405242,-0.3129614450130873,0.1660363341299351,0.1326269395320682,0,0.44185669170429065,0.42660345776990416,0.292044755229989,0.38835580062898684,-0.15798785846530697,-0.09608824406080722,0
248.5,4.337143191205909,111.5,0.756036648641781,0.7795424036803299,-0.3484086237574688,-0.31238713008724295,0.16703346550433645,0.13061041074663976,0,0.4431294825734243,0.428297059965165,0.29136172071202493,0.3879331344745043,-0.15507826699536884,-0.09764016122089872,0
248.75,4.341506514335895,111.25,0.7545180223040897,0.7781805945952773,-0.34767773097036736,-0.3118216541606318,0.1679736699397043,0.12857594209221712,0,0.4443993211033017,0.4299888032057252,0.2906915631432506,0.38750372948124545,-0.15208541884067944,-0.09917705793708874,0
248.99999999999997,4.34586983746588,111.0,0.7530025938586054,0.7768212334415923,-0.34694285892767723,-0.31126509332306157,0.16885751680604433,0.12652452093755578,0,0.4456662642742977,0.4316786582310993,0.290034646858357,0.3870676513727826,-0.14900882864991172,-0.10069885008812694,0
249.25000000000003,4.350233160595867,110.74999999999997,0.7514903801334273,0.7754642811615984,-0.34620425229351015,-0.31071751942319736,0.1696855754733625,0.12445710442002267,0,0.4469303706611182,0.4333665960683848,0.2893913383097792,0.38662496623774045,-0.14584801107173637,-0.10220545446581751,0
249.5,4.354596483725852,110.5,0.7499813968945284,0.7741096983931268,-0.34546215324763274,-0.3101790001982477,0.1704584153116644,0.12237462042915725,0,0.44819170044203804,0.4350525880338283,0.2887620060676977,0.38617574052581977,-0.1426024807548278,-0.10369678877090995,0
249.75,4.358959806855838,110.25000000000001,0.7484756588565911,0.7727574454871962,-0.34471680148546613,-0.3096495993995138,0.1711766056909564,0.12027796855905053,0,0.4494503154081454,0.4367366057344009,0.2881470208200365,0.3857200410438417,-0.13927175234785558,-0.10517277160906606,0
250.00000000000003,4.363323129985824,109.99999999999997,0.7469731796938496,0.7714074825251288,-0.34396843421808604,-0.30912937691376485,0.1718407159812446,0.11816802103608735,0,0.4507062789725782,0.4384186210693458,0.2875467553724653,0.38525793495180666,-0.13585534049949213,-0.10663332248612731,0
250.25,4.36768645311581,109.75000000000001,0.7454739720509312,0.7700597693351594,-0.34321728617222347,-0.308618388880691,0.17245131555253446,0.11604562360954626,0,0.4519596561797662,0.4400986062317086,0.28696158464839827,0.3847894897589798,-0.1323527598584107,-0.10807836180355396,0
250.5,4.372049776245795,109.50000000000001,0.7439780475536923,0.7687142655085392,-0.3424635895902633,-0.30811668780650653,0.17300897377483226,0.11391159642143667,0,0.45321051371467236,0.44177653370985304,0.28639188568899376,0.3843147733199898,-0.12876352507328195,-0.10950781085405491,0
250.75000000000003,4.376413099375782,109.24999999999997,0.7424854168200621,0.7673709304151377,-0.34170757423024545,-0.30762432267381246,0.17351426001814402,0.11176673484407247,0,0.4544589199120316,0.44345237628896583,0.2858380376531552,0.3838338538309526,-0.12508715079277716,-0.11092159181638435,0
251.0,4.380776422505767,108.99999999999997,0.7409960894708811,0.7660297232185931,-0.34094946736586484,-0.30714133904789026,0.17396774365247544,0.10961181029052197,0,0.45570494476559154,0.4451261070525282,0.28530042181753085,0.38334679982561526,-0.12132315166557024,-0.11231962775049459,0
251.25,4.385139745635753,108.75000000000001,0.7395100741407412,0.7646906028909977,-0.34018949378647056,-0.30666777917949195,0.17436999404783252,0.10744757100234213,0,0.4569486599373537,0.44679769938379155,0.28477942157651337,0.3828536801715223,-0.11747104234033251,-0.11370184259237083,0
251.49999999999997,4.389503068765738,108.50000000000001,0.7380273784888252,0.7633535282271362,-0.3394278757970667,-0.30620368210425963,0.17472158057422144,0.10527474280840173,0,0.4581901387668137,0.4484671269672127,0.28427542244223997,0.38235456406620466,-0.1135303374657351,-0.11506816114864335,0
251.75000000000003,4.393866391895725,108.24999999999997,0.7365480092097473,0.762018457858313,-0.3386648332183114,-0.30574908373889353,0.1750230726016481,0.10309402986406768,0,0.45942945628020093,0.45013436378990057,0.2837888120445927,0.3818495210333927,-0.10950055169044935,-0.11641850909122499,0
252.0,4.39822971502571,108.00000000000001,0.7350719720443946,0.7606853502657439,-0.3379005833865189,-0.30530401697412096,0.17527503950011816,0.10090611536121301,0,0.460666689199719,0.45179938414301757,0.2833199801311987,0.38133862091925225,-0.10538119966315003,-0.11775281295186615,0
252.24999999999997,4.402593038155696,107.75000000000001,0.7335992717907638,0.7593541637935745,-0.3371353411536566,-0.30486851176466834,0.17547805063963787,0.09871166221758935,0,0.4619019159527875,0.4534621626231832,0.2828693185674289,0.38082193388864516,-0.10117179603250612,-0.11907100011628342,0
252.50000000000003,4.406956361285682,107.49999999999997,0.7321299123148036,0.7580248566614936,-0.33636931888734733,-0.30444259521621425,0.17563267539021324,0.09651131374714153,0,0.4631352166812811,0.45512267413386553,0.28243722133639976,0.3802995304214164,-0.0968718554471903,-0.12037299881839009,0
252.75,4.411319684415668,107.24999999999997,0.7306638965612553,0.7566973869769809,-0.3356027264708686,-0.3040262916695119,0.1757394831218501,0.0943056943015573,0,0.46436667325076997,0.4567808938867317,0.2820240845389718,0.3797714813087051,-0.09248089255587529,-0.121658738134164,0
253.0,4.4156830075456535,107.00000000000001,0.7292012265644905,0.7553717127471937,-0.33483577130315256,-0.30361962278174354,0.17579904320455428,0.09209540989892939,0,0.46559636925976045,0.45843679740300813,0.28163030639375086,0.379237857649285,-0.08799842200723382,-0.12292814797568721,0
253.25000000000003,4.42004633067564,106.74999999999999,0.7277419034593515,0.7540477918905013,-0.3340686582987857,-0.30322260760515685,0.1758119250083319,0.0898810488260826,0,0.46682439004893694,0.46009036051481367,0.2812562872370865,0.3786987308459278,-0.08342395844993458,-0.12418115908512842,0
253.5,4.4244096538056255,106.49999999999999,0.7262859274919943,0.7527255822476895,-0.33330158988800973,-0.3028352626631631,0.17577869790318906,0.08766318222201473,0,0.4680508227103988,0.46174155936647554,0.28090242952307404,0.37815417260179585,-0.07875701653265284,-0.12541770302772023,0
253.75,4.428772976935611,106.25000000000003,0.7248332980307243,0.7514050415928308,-0.3325347660167208,-0.3024576020238819,0.17569993125913147,0.08544236464839908,0,0.469275756096904,0.46339037041583586,0.2805691378235527,0.3776042549168667,-0.07399711090405968,-0.12663771218611686,0
254.00000000000003,4.4331363000655974,105.99999999999999,0.723384013576839,0.7500861276438374,-0.33176838414646925,-0.302089637371261,0.17557619444616504,0.08321913463527854,0,0.47049928083110915,0.46503677043553693,0.2802568188281066,0.3770490500843755,-0.06914375621282527,-0.12784111975325707,0
254.25,4.437499623195583,105.74999999999999,0.721938071775468,0.748768798072712,-0.33100263925446133,-0.30173137807385886,0.1754080568342959,0.08099401520487115,0,0.4717214893148073,0.4666807365142909,0.27996588134406464,0.3764886306873014,-0.06419646710762332,-0.12902785972546224,0
254.5,4.4418629463255686,105.49999999999999,0.7204954694264111,0.7474530105155229,-0.33023772383355665,-0.3013828312513933,0.17519608779353005,0.07876751439105009,0,0.4729424757381713,0.46832224605814055,0.2796967362965003,0.37592306959487015,-0.05915475823712578,-0.1301978668961962,0
254.74999999999997,4.446226269455554,105.25000000000003,0.7190562024949809,0.7461387225820502,-0.32947382789227037,-0.30104400183899094,0.17494085669387335,0.07654012573388815,0,0.47416233608899294,0.4699612767916955,0.27944979672823195,0.3753524399590954,-0.05401814425000463,-0.1313510768488071,0
255.00000000000003,4.4505895925855405,104.99999999999999,0.7176202661228401,0.7448258918651983,-0.32871113895477166,-0.3007148926494199,0.17464293290533173,0.07431232875585032,0,0.475381168161924,0.4715978067593709,0.2792254777998222,0.37477681521134426,-0.04878613979492987,-0.13248742594918686,0
255.25,4.454952915715526,104.74999999999999,0.7161876546388442,0.7435144759501131,-0.32794984206088534,-0.3003955044331839,0.17430288579791126,0.07208458942626939,0,0.47659907156771475,0.4732318143265788,0.2790241967895786,0.37419626905894265,-0.04345825952057533,-0.13360685133882466,0
255.49999999999997,4.459316238845512,104.50000000000003,0.7147583615698794,0.7422044324230697,-0.32719011976608997,-0.3000858359367016,0.1739212847416178,0.06985736061062459,0,0.47781614774245695,0.474863278180942,0.27884637309355365,0.3736108754818017,-0.03803401807561399,-0.13470929092784806,0
255.75000000000003,4.463679561975498,104.24999999999999,0.7133323796517029,0.7408957188800727,-0.326432152141519,-0.2997858839584797,0.1734986991064572,0.06763108250609325,0,0.4790324999568232,0.4764921773334716,0.27869242822554385,0.3730207087290837,-0.03251293010871377,-0.1357946833870142,0
256.0,4.468042885105484,103.99999999999999,0.7119097008397847,0.7395882929352482,-0.3256761167739612,-0.29949564340349194,0.1730356982624357,0.06540618305535356,0,0.480248233325306,0.47811849111972715,0.27856278581709093,0.3724258433158984,-0.026894510268550626,-0.1368629681403946,0
256.25,4.472406208235469,103.74999999999999,0.7104903163201447,0.7382821122289955,-0.32492218876585904,-0.2992151073357407,0.1725328515795591,0.06318307835723883,0,0.4814634548154604,0.47974219920098304,0.2784578716174812,0.3718263540200327,-0.02117827320379446,-0.13791408535826344,0
256.5,4.476769531365456,103.49999999999999,0.7090742165201959,0.7369771344358942,-0.3241705407353105,-0.29894426702905225,0.17199072842783336,0.06096217305826368,0,0.48267827325714296,0.4813632815653559,0.2783781134937455,0.3712223158787093,-0.015363733563118258,-0.1389479759485419,0
256.75,4.481132854495441,103.25,0.7076613911195813,0.7356733172724161,-0.3234213428160677,-0.29868311201622205,0.17140989817726454,0.05874386072946256,0,0.48389279935175267,0.48298171852893534,0.27832394143065936,0.37061380418539075,-0.009450405995192878,-0.13996458154973096,0
257.0,4.485496177625427,103.0,0.7062518290610159,0.7343706185044185,-0.3226747626575378,-0.2984316301365212,0.1707909301978583,0.05652852423366748,0,0.48510714568147106,0.4845974907368923,0.2782957875307432,0.37000089448659984,-0.003437805148691348,-0.14096384452283262,0
257.25000000000006,4.489859500755413,102.74999999999996,0.7048455185611264,0.733068995954432,-0.3219309654247824,-0.2981898075816366,0.17013439385962095,0.05431653608339671,0,0.4863214245183155,0.48621057916458255,0.2782906124129467,0.36938366257879435,-0.0009819587021762464,-0.14194570794291536,0
257.5,4.494222823885399,102.5,0.7034424471212913,0.7317684075087454,-0.3211901137985181,-0.2979576289400544,0.16944085853255825,0.052108258780328175,0,0.48753567998548475,0.4878209651186213,0.27828149222662263,0.36876218450526077,-0.0031869614491869145,-0.14291011559177955,0
257.75,4.498586147015384,102.25,0.7020426015384793,0.73046881112432,-0.3204523679751158,-0.2977350772400376,0.16871089358667635,0.04990404514783909,0,0.4887498748860982,0.4894286302379597,0.27826290056962805,0.36813653655305323,-0.005323455477322377,-0.143857011949281,0
258.0,4.50294947014537,102.0,0.7006459679160918,0.7291701648354898,-0.31971788566660125,-0.29752213399110755,0.16794506839198092,0.04770423865238199,0,0.48996396854342605,0.49103355649494274,0.27823513513176995,0.3675067952499629,-0.0073920072680659565,-0.14478634218527778,0
258.25,4.507312793275356,101.75,0.6992525316748011,0.727872426760516,-0.31898682210065477,-0.297318779224217,0.16714395231847812,0.04550917371133694,0,0.49117792157426243,0.4926357261963442,0.2781984911311132,0.3668730373615271,-0.009393183302901389,-0.14569805215122722,0
258.5,4.511676116405342,101.5,0.6978622775633906,0.7265755551079413,-0.3182593300206118,-0.2971249915305451,0.16630811473617385,0.04331917599497976,0,0.492391695878141,0.4942351219844111,0.27815326131398127,0.3662353398880722,-0.011327550063312401,-0.14659208837214535,0
258.75,4.516039439535327,101.25,0.6964751896695964,0.7252795081828,-0.31753555968546177,-0.29694074809903537,0.16543812501507404,0.041134562715906174,0,0.49360525462655014,0.49583172683787136,0.27809973595495546,0.3655937800617929,-0.013195674030782732,-0.14746839803755524,0
259.0,4.520402762665314,100.99999999999996,0.6950912514309449,0.7239842443926421,-0.31681565886984936,-0.2967660247526648,0.16453455252518456,0.038955642907037694,0,0.49481856225214715,0.49742552407294427,0.2780382028568757,0.3649484353438738,-0.014998121686796435,-0.14832692899321098,0
259.25,4.524766085795299,100.75,0.6937104456455949,0.722689722253438,-0.3160997728640741,-0.2966007959835559,0.16359796663651188,0.03678271769385168,0,0.496031584437973,0.49901649734432685,0.2779689473508399,0.3642993834216412,-0.01673545951283627,-0.14916762973300018,0
259.5,4.529129408925285,100.5,0.6923327544831754,0.7213959003952901,-0.3153880444740891,-0.29644503498687014,0.16262893671906134,0.03461608055691065,0,0.49724428810666943,0.5006046306461861,0.27789225229620423,0.36364670220575546,-0.018408253990386942,-0.1499904493892686,0
259.75,4.533492732055271,100.24999999999996,0.690958159495628,0.7201027375680309,-0.3146806140215032,-0.29629871369362903,0.16162803214283897,0.03245601758250278,0,0.49845664140969137,0.5021899083131163,0.2778083980805832,0.36299046982744687,-0.020017071600932156,-0.15079533772497689,0
260.0,4.537856055185257,100.0,0.6895866416280461,0.7188101926466683,-0.3139776193435801,-0.2961618028024202,0.1605958222778513,0.030302807709166626,0,0.4996686137165225,0.5037723150210993,0.27771766261984965,0.3623307646357766,-0.021562478825954762,-0.15158224512442622,0
260.25,4.5422193783152425,99.75,0.6882181812295127,0.7175182246366909,-0.3132791957932371,-0.2960342718100672,0.15953287649410358,0.028156722961309263,0,0.5008801756038923,0.5053518357884508,0.27762032135813436,0.3616676651949537,-0.023045042146939376,-0.15235112258456254,0
260.50000000000006,4.546582701445229,99.49999999999997,0.6868527580639443,0.7162267926792583,-0.3125854762390468,-0.29591608904129685,0.15843976416160196,0.02601802868209285,0,0.5020912988449888,0.5069284559767558,0.2775166472678266,0.36100125028167157,-0.024465328045369696,-0.15310192170629364,0
260.75,4.5509460245752145,99.24999999999997,0.685490351320928,0.7149358560562324,-0.31189659106523693,-0.2958072216773768,0.1573170546503526,0.02388698374953424,0,0.5033019563986736,0.5085021612917792,0.27740691084957375,0.360331598882501,-0.025823903002728913,-0.15383459468481403,0
261.0,4.5553093477052,99.00000000000001,0.6841309396265627,0.7136453741951301,-0.3112126681716892,-0.29570763578389697,0.15616531733036165,0.02176384079086165,0,0.5045121223986978,0.510072937784388,0.27729138013228155,0.3596587901913111,-0.027121333500500822,-0.15454909430162797,0
261.25,4.559672670835186,98.75000000000001,0.6827745010542978,0.7123553066739114,-0.3105338329739401,-0.2956172963375366,0.1549851215716346,0.01964884639154706,0,0.5057217721429178,0.5116407718514429,0.27717032067311387,0.3589829036067317,-0.02835818602016961,-0.15524537391444174,0
261.5,4.564035993965172,98.49999999999997,0.6814210131357755,0.7110656132256863,-0.3098602084031809,-0.2955361672520214,0.15377703674417725,0.017542241290153363,0,0.5069308820825082,0.5132056502366908,0.27704399555749276,0.3583040187296627,-0.029535027043218986,-0.15592338744909143,0
261.75,4.568399317095158,98.25000000000001,0.6800704528716692,0.7097762537432932,-0.3091919149062581,-0.29546421140319035,0.15254163221799646,0.015444260573105172,0,0.5081394298111774,0.5147675600316404,0.2769126653990988,0.35762221536080696,-0.03065242305113205,-0.15658308938980395,0
262.0,4.572762640225143,98.00000000000001,0.678722796742523,0.7084871882837769,-0.30852907044567185,-0.2954013906532531,0.15127947736309724,0.013355133859638081,0,0.5093473940543842,0.5163264886764212,0.27677658833987046,0.3569375734982644,-0.031710940525393166,-0.15722443476973186,0
262.25,4.57712596335513,97.74999999999997,0.6773780207195931,0.7071983770727586,-0.3078717904995777,-0.2953476658742427,0.14999114154948578,0.011275085483020296,0,0.5105547546585512,0.5178824239606573,0.2766360200500047,0.3562501733351475,-0.03271114594748604,-0.1578473791626965,0
262.5,4.581489286485115,97.49999999999997,0.6760361002756874,0.7059097805087009,-0.30722018806178586,-0.29530299697069184,0.1486771941471685,0.009204334662086323,0,0.5117614925802791,0.5194353540242926,0.27649121372795654,0.3555600952572479,-0.033653605798894023,-0.15845187867327118,0
262.75,4.585852609615101,97.25000000000001,0.6746970103960052,0.7046213591670949,-0.3065743736417611,-0.2952673429015883,0.14733820452615126,0.007143095668667717,0,0.512967589875564,0.5209852673584425,0.27634242010043936,0.35486741984073794,-0.0345388865611009,-0.1590378899279454,0
263.0,4.590215932745087,96.99999999999997,0.6733607255889761,0.7033330738045247,-0.30593445526462243,-0.29524066170159025,0.1459747420564393,0.0050915779909972685,0,0.5141730296890115,0.5225321528062141,0.27618988742242473,0.3541722278499144,-0.035367554715590846,-0.15960537006480735,0
263.25,4.594579255875073,96.74999999999997,0.6720272198971033,0.7020448853626648,-0.3053005384711443,-0.2952229105015558,0.14458737610803934,0.003049986488926427,0,0.5153777962430497,0.5240759995635145,0.27603386147714254,0.3534746002349905,-0.036140176743847154,-0.16015427672582133,0
263.5,4.598942579005058,96.50000000000001,0.6706964669078003,0.7007567549721757,-0.30467272631775555,-0.2952140455484037,0.14317667605095732,0.0010185215445054827,0,0.516581874827147,0.5256167971798732,0.27587458557608074,0.35277461812990657,-0.03685731912735357,-0.1606845680468664,0
263.75,4.603305902135044,96.25000000000001,0.6693684397642317,0.6994686439565194,-0.3040511193765395,-0.29521402222432874,0.14174321125519868,-0.0010026207917808875,0,0.5177852517870262,0.5271545355592242,0.2757123005589857,0.35207236285020915,-0.0375195483475941,-0.16119620264732312,0
264.0,4.60766922526503,95.99999999999997,0.668043111176154,0.6981805138356965,-0.3034358157352341,-0.29522279506538646,0.14028755109076937,-0.003013248660197744,0,0.5189879145138787,0.5286892049607025,0.27554724479386195,0.3513679158909527,-0.03812743088605243,-0.16168913962266934,0
264.25,4.612032548395016,95.74999999999999,0.6667204534307563,0.6968923263298901,-0.3028269109972325,-0.2952403177794796,0.13881026492767595,-0.0050131742567644235,0,0.5201898514335797,0.5302207959994185,0.27537965417697224,0.35066135892464295,-0.038681533224212084,-0.16216333853371714,0
264.5,4.616395871525001,95.50000000000001,0.6654004384034973,0.6956040433630484,-0.3022244982815823,-0.29526654326376484,0.13731192213592433,-0.007002213701038876,0,0.5213910519959037,0.531749299647231,0.27520976213283765,0.3499527737992329,-0.03918242184355682,-0.16261875939764994,0
264.75,4.620759194654988,95.24999999999999,0.6640830375689482,0.6943156270663821,-0.3016286682229854,-0.2953014236214853,0.13579309208551973,-0.008980186910186786,0,0.5225915066637407,0.5332747072335098,0.2750377996142373,0.3492422425361442,-0.03963066322557063,-0.16305536267902812,0
265.0,4.625122517784973,94.99999999999999,0.6627682220116322,0.6930270397817917,-0.30103950897179893,-0.29534491017827846,0.13425434414646883,-0.010946917477656137,0,0.5237912069023074,0.5347970104458795,0.2748639951022089,0.34852984732834164,-0.04002682385173698,-0.16347310927970007,0
265.25,4.629485840914959,94.75000000000003,0.6614559624368632,0.6917382440652287,-0.3004571061940344,-0.2953969534979499,0.13269624768877747,-0.012902232555038681,0,0.5249901451683661,0.5363162013309716,0.274688574606048,0.3478156705384426,-0.04037147020353965,-0.16387196053009392,0
265.5,4.633849164044945,94.49999999999999,0.6601462291815866,0.6904492026899863,-0.2998815430713579,-0.2954575033977502,0.13111937208245109,-0.014845962736717585,0,0.5261883148994386,0.5378322722951655,0.2745117616633086,0.34709979469686747,-0.04066516876246254,-0.1642518781798159,0
265.75,4.638212487174931,94.24999999999999,0.65883899222522,0.6891598786499202,-0.2993129003010906,-0.295526508963142,0.1295242866974963,-0.016777941951855797,0,0.5273857105030193,0.5393452161052981,0.274333777339803,0.3463823025000314,-0.0409084860099892,-0.1646128243880258,0
266.0,4.642575810304916,93.99999999999999,0.6575342212004917,0.6878702351626158,-0.298751256096208,-0.29560391856213436,0.1279115609039187,-0.018698007359342315,0,0.5285823273457926,0.5408550258894114,0.2741548402296016,0.34566327680857833,-0.041101988427603424,-0.16495476171414356,0
266.25000000000006,4.646939133434903,93.74999999999999,0.6562318854042821,0.686580235672481,-0.2981966861853405,-0.2956896798591333,0.12628176407172445,-0.02060599924439873,0,0.529778161742847,0.5423616951374375,0.27397516645503317,0.34494280064565414,-0.04124624249678894,-0.16527765310886097,0
266.5,4.651302456564888,93.49999999999999,0.6549319538084629,0.6852898438537978,-0.297649263812773,-0.29578373982837347,0.12463546557091933,-0.022501760920987074,0,0.5309732109468897,0.543865217701923,0.27379496966668454,0.344220957195219,-0.041341814699029505,-0.16558146190491166,0
266.75,4.655665779694874,93.24999999999999,0.6536343950707374,0.6839990236136941,-0.2971090597384452,-0.2958860447669172,0.1229732347715094,-0.024385138635795243,0,0.5321674731374622,0.545365587798719,0.27361446104340087,0.343497829800401,-0.041389271515808825,-0.16586615180737677,0
267.0,4.6600291028248595,93.00000000000003,0.6523391775454805,0.6827077390950755,-0.2965761422379516,-0.2959965403072484,0.12129564104350084,-0.02625598147907968,0,0.5333609474101545,0.5468628000076765,0.27343384929228565,0.34277350196189327,-0.04138917942861065,-0.16613168688437235,0
267.25,4.664392425954846,92.74999999999999,0.6510462692945778,0.6814159546795019,-0.29605057710254085,-0.2961151714294935,0.11960325375689876,-0.028114141295558965,0,0.5345536337658219,0.5483568492733242,0.2732533406487005,0.3420480573363887,-0.04134210491891866,-0.16637803155857633,0
267.5,4.6687557490848315,92.49999999999999,0.6497556380982679,0.6801236349899995,-0.2955324276391171,-0.2962418824732376,0.11789664228171017,-0.0299594725984625,0,0.5357455330997972,0.5498477309055517,0.2730731388762653,0.3413215797350512,-0.04124861446821669,-0.16660515059808126,0
267.75,4.673119072214817,92.25000000000003,0.6484672514659797,0.67883074489384,-0.29502175467023867,-0.2963766171489956,0.11617637598794067,-0.03179183248971766,0,0.5369366471911079,0.5513354405802782,0.2728934452668582,0.34059415312202995,-0.04110927455798842,-0.1668130091063436,0
268.0,4.6774823953448035,92.0,0.647181076647174,0.6775372495052537,-0.2945186165341184,-0.29651931854933167,0.11444302424559567,-0.033611080580728564,0,0.5381269786916912,0.552819974340115,0.27271445864061544,0.3398658616130187,-0.0409246516697175,-0.16700157251364112,0
268.25,4.681845718474789,91.75,0.6458970806421835,0.6762431141881051,-0.29402306908462433,-0.296669929159639,0.11269715642468191,-0.035417078915845536,0,0.5393165311156068,0.5543013285950271,0.2725363753459319,0.3391367894738444,-0.040695312284887784,-0.16717080656862487,0
268.5,4.686209041604775,91.5,0.6446152302130518,0.6749483045585186,-0.29353516569127874,-0.29682839086859175,0.11093934189520481,-0.03720969190042735,0,0.5405053088282545,0.5557795001229835,0.2723593892594601,0.33840702111910015,-0.04042182288498297,-0.1673206773283581,0
268.75,4.690572364734761,91.24999999999996,0.6433354918943743,0.673652786487462,-0.29305495723925884,-0.2969946449782966,0.10917015002717041,-0.03898878623069724,0,0.5416933170355879,0.5572544860706032,0.27218369178611146,0.33767664111082096,-0.04010474995148672,-0.16745115115004022,0
269.0,4.694935687864747,91.0,0.6420578320041385,0.6723565261032829,-0.29258249212939663,-0.2971686322141327,0.10739015019058525,-0.04075423082573631,0,0.5428805617733288,0.5587262839537945,0.27200947185905505,0.3369457341571887,-0.039744659965882945,-0.16756219468206313,0
269.25,4.699299010994732,90.75,0.6407822166545625,0.6710594897942033,-0.29211781627817845,-0.29735029273431,0.10559991175545465,-0.042505896762746534,0,0.5440670498961844,0.5601948916583956,0.27183691593971854,0.3362143851112861,-0.039342119409655193,-0.16765377485507388,0
269.50000000000006,4.703662334124719,90.49999999999996,0.639508611762936,0.6697616442107724,-0.29166097311774536,-0.29753956613914406,0.10380000409178453,-0.04424365721512532,0,0.5452527890670598,0.561660307440794,0.27166620801778774,0.33548267896987954,-0.03889769476428722,-0.16772585887362892,0
269.75,4.708025657254704,90.25,0.6382369830624613,0.6684629562682891,-0.2912120035958935,-0.29773639148007386,0.10199099656958142,-0.045967387392448454,0,0.5464377877462736,0.5631225299285629,0.2714975296112067,0.334750700872246,-0.038411952511262934,-0.16777841420654424,0
270.0,4.71238898038469,90.0,0.636967296113091,0.6671633931491666,-0.29077094617607335,-0.29794070726841304,0.10017345855885086,-0.0476769644823423,0,0.5476220551807751,0.5645815581210679,0.2713310597661776,0.33401853609904003,-0.037885459132065855,-0.16781140857926843,0
270.25,4.716752303514675,89.75,0.6356995163123697,0.665862922305277,-0.29033783683739006,-0.2981524514838605,0.09834795942959869,-0.04937226759630623,0,0.5488056013933559,0.566037391390096,0.2711669750571611,0.33328627007118716,-0.037318781108179794,-0.1678248099656069,0
270.5,4.721115626644662,89.49999999999996,0.6344336089062733,0.6645615114602552,-0.28991270907460354,-0.29837156158277867,0.09651506855183087,-0.05105317771587217,0,0.5499884371718673,0.5674900294804524,0.27100544958687584,0.3325539883488232,-0.0367124849210884,-0.16781858657833915,0
270.75,4.725478949774647,89.25,0.6331695390000507,0.6632591286117562,-0.2894955938981286,-0.2985979745062344,0.09467535529555424,-0.0527195776412323,0,0.551170574058434,0.5689394725105695,0.2708466549862989,0.33182177663026957,-0.03606713705227567,-0.16779270686124842,0
271.0,4.729842272904633,89.0,0.6319072715690599,0.6619557420336956,-0.2890865198340344,-0.2988316266878288,0.09282938903077352,-0.054371351944294065,0,0.5523520243386701,0.5703857209731109,0.2706907604146655,0.331089720751042,-0.03538330398322508,-0.16774713948110026,0
271.25,4.734205596034619,88.74999999999997,0.6306467714696121,0.6606513202784428,-0.28868551292404476,-0.29907245406132865,0.09097773912749506,-0.05600838692025305,0,0.5535328010308938,0.5718287757355704,0.27053793255946906,0.3303579066828959,-0.03466155219542035,-0.16768185331964033,0
271.5,4.738568919164605,88.5,0.62938800344981,0.6593458321789808,-0.2882925967255388,-0.2993203920680735,0.08912097495572564,-0.057630570542982505,0,0.5547129178753409,0.5732686380408484,0.27038833563646153,0.32962642053290503,-0.03390244817034549,-0.1675968174649622,0
271.75,4.74293224229459,88.25,0.6281309321603871,0.6580392468510518,-0.28790779231154934,-0.2995753756642176,0.08725966588547004,-0.05923779242285286,0,0.5558923893233827,0.5747053095078655,0.27024213138965253,0.3288953485425821,-0.033106558389483974,-0.16749200120368976,0
272.0,4.747295565424577,87.99999999999997,0.6268755221655486,0.6567315336952413,-0.28753111827076466,-0.29983733932776935,0.08539438128673457,-0.06082994376626232,0,0.5570712305267388,0.5761387921321219,0.2700994790913104,0.3281647770870257,-0.03227444933431947,-0.16736737401363636,0
272.25,4.751658888554562,87.74999999999997,0.6256217379538123,0.6554226623990709,-0.28716259070752753,-0.30010621706547974,0.08352569052952569,-0.06240691733449322,0,0.558249457326692,0.5775690882862987,0.2699605355419617,0.32743479267410475,-0.03140668748633596,-0.16722290555562447,0
272.5,4.756022211684548,87.50000000000001,0.6243695439488459,0.6541126029390174,-0.28680222324183524,-0.30038194241952276,0.08165416298384914,-0.06396860740725013,0,0.5594270862433045,0.5789962007208216,0.26982545507039096,0.3267054819436771,-0.030503839327017196,-0.16705856566592234,0
272.75,4.760385534814533,87.25000000000001,0.6231189045203102,0.6528013255825408,-0.28645002700933997,-0.3006644484740658,0.07978036801971061,-0.06551490974780738,0,0.5606041344646328,0.5804201325644437,0.26969438953364117,0.32597693166684,-0.02956647133784667,-0.16687432434916405,0
273.0,4.76474885794452,86.99999999999997,0.6218697839946956,0.6514888008900663,-0.2861060106613483,-0.30095366786164585,0.07790487500711567,-0.06704572156718959,0,0.5617806198359416,0.5818408873248113,0.26956748831701344,0.3252492287452102,-0.028595150000308073,-0.16667015177017547,0
273.25,4.769112181074505,86.75000000000001,0.6206221466661672,0.650174999716933,-0.2857701803648219,-0.30124953276942723,0.07602825331607162,-0.06856094149306591,0,0.5629565608489194,0.583258468889035,0.2694448983340672,0.3245224602102459,-0.02759044179588558,-0.1664460182472888,0
273.5,4.773475504204491,86.50000000000001,0.619375956807398,0.6488598932153353,-0.28544253980237655,-0.30155197494530644,0.07415107231658317,-0.07006046953813526,0,0.5641319766308941,0.5846728815242547,0.2693267640266199,0.3237967132225853,-0.026552913206062508,-0.16620189424567608,0
273.75,4.777838827334477,86.24999999999997,0.6181311786804149,0.6475434528362188,-0.2851230901722834,-0.30186092570389406,0.07227390137865652,-0.07154420707054084,0,0.5653068869340471,0.5860841298782016,0.2692132273647478,0.32307207507142666,-0.025483130712322513,-0.16593775036951863,0
274.0,4.782202150464463,86.00000000000001,0.6168877765474365,0.6462256503311601,-0.28481183018846795,-0.3021763159323612,0.07039730987229845,-0.07301205678615472,0,0.5664813121246279,0.5874922189797536,0.2691044278467847,0.32234863317393503,-0.02438166079614991,-0.16565355735586873,0
274.25,4.7865654735944485,85.75000000000001,0.615645714681711,0.6449064577542202,-0.28450875608051013,-0.3024980760961798,0.06852186716751377,-0.07446392268212845,0,0.5676552731721713,0.5888971542394983,0.26900050249932295,0.32162647507467607,-0.02324906993902785,-0.1653492860673468,0
274.5,4.790928796724435,85.49999999999997,0.6144049573783599,0.6435858474637706,-0.2842138615936449,-0.30282613624473803,0.06664814263430885,-0.0758997100311114,0,0.5688287916387099,0.5902989414502879,0.2689015858772133,0.32090568844508643,-0.022085924622440124,-0.16502490748659485,0
274.75,4.7952921198544205,85.24999999999997,0.6131654689652161,0.6422637921242975,-0.28392713798876196,-0.3031604260168557,0.06477670564269009,-0.07731932535817267,0,0.5700018896679899,0.5916975867877843,0.2688078100635645,0.320186361082956,-0.020892791327870752,-0.1646803927094761,0
275.0,4.799655442984406,85.00000000000001,0.6119272138136634,0.6409402647081859,-0.28364857404240545,-0.30350087464619846,0.06290812556266322,-0.07872267641736042,0,0.5711745899746867,0.5930930968110171,0.26871930466974364,0.3194685809119576,-0.019670236536803522,-0.1643157129382753,0
275.25000000000006,4.8040187661143925,84.74999999999997,0.6106901563494769,0.6396152384974622,-0.2833781560467742,-0.30384741096658824,0.061042971764233664,-0.08010967217125722,0,0.5723469158336202,0.5944854784629334,0.26863619683537604,0.31875243598118863,-0.018418826730721604,-0.16393083947671128,0
275.5,4.808382089244378,84.49999999999999,0.609454261063665,0.638288687085546,-0.2831158678097218,-0.3041999634172393,0.05918181361740792,-0.08148022277054193,0,0.5735188910689673,0.595874739070928,0.2685586112283451,0.31803801446474417,-0.017139128391109267,-0.1635257437240087,0
275.75,4.812745412374364,84.25000000000001,0.6082194925233059,0.6369605843789456,-0.28286169065475675,-0.30455846004789044,0.05732522049219232,-0.08283423953464537,0,0.57469054004348,0.597260886347414,0.2684866700447929,0.31732540466131043,-0.015831707999450252,-0.1631003971692746,0
276.0,4.817108735504349,84.00000000000003,0.6069858153823896,0.6356309045989542,-0.2826156034210417,-0.3049228285238719,0.05547376175859189,-0.08417163493530704,0,0.5758618876476989,0.5986439283903402,0.2684204930091192,0.316614694993787,-0.01449713203722793,-0.16265477138557644,0
276.25,4.821472058634336,83.74999999999999,0.6057531943926584,0.6342996222833153,-0.28237758246339456,-0.30529299613109434,0.053628006786612836,-0.08549232257915193,0,0.5770329592891681,0.6000238736837485,0.26836019737398237,0.31590597400893194,-0.013135966985926034,-0.16218883802491013,0
276.5,4.825835381764321,83.49999999999999,0.6045215944144458,0.6329667122878623,-0.2821476016522874,-0.30566888978096357,0.05178852494626162,-0.0867962171915397,0,0.5782037808816501,0.6014007310983087,0.2683058979202989,0.3151993303770278,-0.011748779327028712,-0.16170256881436462,0
276.75,4.830198704894307,83.25000000000003,0.6032909804275173,0.6316321497881499,-0.2819256323738476,-0.3060504360152286,0.049955885607544125,-0.08808323460324449,0,0.5793743788343417,0.6027745098918558,0.26825770695724355,0.31449485289156026,-0.01033613554201959,-0.1611959355499133,0
277.0,4.834562028024293,82.99999999999999,0.6020613175419087,0.630295910281051,-0.2817116435298565,-0.3064375610107802,0.048130658140465514,-0.08935329173761826,0,0.5805447800410886,0.6041452197099249,0.2682157343222492,0.3137926304689385,-0.0088986021123819,-0.16066891009211384,0
277.25,4.838925351154279,82.74999999999999,0.6008325710087687,0.6289579695863391,-0.2815056015377506,-0.3068301905843868,0.04631341191503271,-0.09060630659583296,0,0.5817150118695992,0.6055128705862964,0.2681800873810073,0.3130927521482112,-0.0074367455195999575,-0.16012146436323307,0
277.5,4.843288674284264,82.50000000000003,0.5996047062311975,0.6276183038482518,-0.28130747033062115,-0.30722825019736455,0.0445047163012514,-0.09184219824805133,0,0.5828851021506612,0.606877472943516,0.26815087102746715,0.3123953070908119,-0.005951132245157513,-0.15955357034145837,0
277.75,4.847651997414251,82.24999999999999,0.5983776887750857,0.6262768895370291,-0.2811172113572136,-0.30763166496023575,0.04270514066912691,-0.0930608868220087,0,0.5840550791673567,0.6082390375934423,0.26812818768383645,0.3117003845803258,-0.004442328770537644,-0.15896520005764064,0
278.0,4.852015320544236,81.99999999999999,0.597151484379957,0.6249337034504372,-0.2809347835819286,-0.3080403596372995,0.04091525438866587,-0.09426229349249177,0,0.5852249716442752,0.6095975757377701,0.2681121373005812,0.31100807402226327,-0.0029109015772246843,-0.15835632559234933,0
278.25,4.856378643674222,81.74999999999999,0.5959260589698054,0.6235887227152637,-0.28076014348482115,-0.30845425865119835,0.03913562682987429,-0.0954463404744812,0,0.5863948087367306,0.6109530989685672,0.26810281735642555,0.31031846494385246,-0.0013574171467022108,-0.15772691907232272,0
278.50000000000006,4.860741966804208,81.49999999999994,0.594701378663937,0.6222419247888022,-0.28059324506160105,-0.3088732860874291,0.03736682736275753,-0.09661295101390273,0,0.5875646200199754,0.6123056192687975,0.2681003228583519,0.30963164699384393,0.00021755803954632118,-0.15707695266712854,0
278.75,4.865105289934194,81.24999999999999,0.5934774097878104,0.6208932874603169,-0.28043403982363285,-0.30929736569882865,0.035609425357322394,-0.09776204938179389,0,0.5887344354784154,0.6136551490128659,0.2681047463416009,0.3089477099423321,0.0018134575000363698,-0.15640639858698827,0
279.0,4.869468613064179,80.99999999999999,0.5922541188838739,0.6195427888524759,-0.28028247679793566,-0.3097264209100339,0.033863990183574263,-0.09889356086780308,0,0.5899042854948257,0.6150017009671269,0.2681161778696715,0.30826674368057916,0.003429714753285031,-0.15571522907980664,0
279.25,4.873831936194165,80.75000000000003,0.5910314727224091,0.6181904074227809,-0.2801385025271834,-0.31016037482191094,0.032131091211519296,-0.10000741177435632,0,0.5910742008395644,0.6163452882904303,0.26813470503432085,0.3075888382208622,0.005065763317808039,-0.1550034164293015,0
279.5,4.878195259324151,80.5,0.5898094383123678,0.6168361219649672,-0.2800020610697045,-0.310599150215964,0.030411297811162908,-0.10110352941316506,0,0.592244212659789,0.6176859245346396,0.2681604129555643,0.30691408369631357,0.0067210367121224015,-0.1542709329543675,0
279.75,4.882558582454137,80.25,0.5885879829122147,0.6154799116103898,-0.27987309399948224,-0.3110426695587343,0.028705179352511864,-0.10218184210082426,0,0.5934143524686697,0.6190236236451627,0.2681933842816754,0.3062425703607736,0.008394968454743648,-0.153517751006023,0
280.0,4.886921905584122,80.0,0.5873670740407649,0.6141217558293819,-0.27975154040615446,-0.3114908550061702,0.027013305205571575,-0.1032422791556637,0,0.5945846521346059,0.6203583999614788,0.2682336991891861,0.3055743885886576,0.01008699206418834,-0.15274384296637306,0
280.25,4.891285228714109,79.74999999999996,0.5861466794880261,0.6127616344326089,-0.27963733689501385,-0.311943628407999,0.02533624474034806,-0.10428477089618943,0,0.5957551438704406,0.6216902682176602,0.26828143538288646,0.30490962887481743,0.011796541058972917,-0.1519491812494364,0
280.5,4.895648551844094,79.5,0.5849267673260374,0.6113995275723941,-0.2795304175870076,-0.3124009113120834,0.02367456732684786,-0.10530924863869842,0,0.5969258602226748,0.6230192435428987,0.2683366680958248,0.30424838183440145,0.013523048957612922,-0.15113373829965698,0
280.75,4.90001187497408,79.25,0.5837073059197084,0.6100354157440148,-0.27943071411873766,-0.3128626249687723,0.022028842335076328,-0.10631564469617169,0,0.5980968340606841,0.624345341462037,0.2683994700893077,0.3035907382027292,0.015265949278625388,-0.15029748659171308,0
281.0,4.904375198104066,78.99999999999996,0.5824882639376616,0.608669279787006,-0.2793381556424606,-0.31332869033524774,0.020399639135039296,-0.10730389237901856,0,0.5992680985659323,0.6256685778960813,0.2684699116529,0.30293678883515274,0.017024675540526644,-0.1494403986312298,0
281.25,4.908738521234052,78.75,0.5812696103630709,0.6073011008864213,-0.27925266882608796,-0.3137990280798821,0.01878752709674341,-0.10827392599516575,0,0.600439687221186,0.626988969162735,0.26854806060442477,0.3022866247069253,0.018798661261832,-0.14856244695632473,0
281.5,4.9131018443640375,78.5,0.5800513145045012,0.6059308605740905,-0.2791741778531856,-0.3142735585865859,0.017193075590194107,-0.10922568084951657,0,0.6016116337997316,0.6283065319769134,0.2686339822899632,0.3016403369130491,0.020587339961058704,-0.1476636041379134,0
281.75,4.917465167494023,78.25,0.5788333460067494,0.6045585407298408,-0.2791026044229741,-0.31475220195916037,0.015616853985397309,-0.11015909324722707,0,0.6027839723545882,0.6296212834512734,0.2687277395838549,0.30099801666814124,0.022390145156722593,-0.1467438427807779,0
282.0,4.9218284906240095,78.0,0.5776156748616839,0.6031841235827178,-0.27903786775032896,-0.3152348780256737,0.014059431652359266,-0.11107410049529616,0,0.6039567372077239,0.6309332410967299,0.26882939288869756,0.30035975530627235,0.024206510367340107,-0.1458031355280768,0
282.25,4.926191813753995,77.75,0.5763982714190848,0.6018075917121779,-0.27897988456578016,-0.31572150634282736,0.01252137796108577,-0.11197064090489385,0,0.60512996293927,0.632242422822977,0.2689390001353474,0.299725644280793,0.02603586911142738,-0.14484145506119267,0
282.5,4.930555136883981,77.5,0.5751811063974837,0.6004289280492592,-0.2789285691155125,-0.316212006200353,0.011003262281582675,-0.11284865379530512,0,0.6063036843767368,0.6335488469390105,0.2690566167829184,0.29909577516417374,0.027877654907500785,-0.1438587741038667,0
282.75,4.934918460013967,77.24999999999997,0.573964150895004,0.5990481158777414,-0.27888383316136534,-0.316706296625413,0.009505653983855932,-0.11370807949663339,0,0.6074779365842278,0.6348525321536473,0.2691822958187832,0.2984702396477954,0.02973130127407684,-0.14285506542703305,0
283.0,4.939281783143953,77.0,0.5727473764002006,0.59766513883528,-0.27884558598083287,-0.31720429638702086,0.008029122437912175,-0.11454885935499122,0,0.6086527548516547,0.6361534975760395,0.2693160877585726,0.2978491295417469,0.0315962417296708,-0.14183030185053658,0
283.25,4.943645106273938,76.75,0.5715307548028995,0.5962799809145196,-0.27881373436706375,-0.31770592400048725,0.006574237013756443,-0.11537093573688302,0,0.6098281746839535,0.6374517627161967,0.2694580406461753,0.29723253677460076,0.03347190979280001,-0.14078445624955102,0
283.5,4.948008429403925,76.49999999999997,0.5703142584050392,0.5948926264641994,-0.2787881826288615,-0.31821109773187856,0.005141567081394953,-0.11617425203455489,0,0.6110042317902984,0.6387473474854996,0.2696082000537388,0.29662055339315463,0.035357738981980684,-0.13971750155875187,0
283.75,4.95237175253391,76.25000000000001,0.5690978599315095,0.5935030601902174,-0.27876883259068436,-0.3187197356025096,0.0037316820108341388,-0.1169587526715477,0,0.6121809620733164,0.6400402721972169,0.26976660908166833,0.2960132715621705,0.03725316281572808,-0.13862941077824512,0
284.0,4.956735075663896,76.00000000000001,0.5678815325409916,0.5921112671567074,-0.278755583592645,-0.31923175539345067,0.0023451511720794867,-0.11772438310856222,0,0.6133584016183042,0.6413305575670212,0.26993330835862767,0.2954107835640646,0.03915761481255949,-0.13752015698072328,0
284.25000000000006,4.961098398793882,75.74999999999997,0.5666652498367981,0.5907172327870602,-0.278748332490511,-0.3197470746500714,0.000982543935136818,-0.11847108985090775,0,0.6145365866824415,0.6426182247134931,0.27010833604153883,0.29481318179858396,0.0410705284909912,-0.13638971331673885,0
284.5,4.965461721923868,75.49999999999997,0.565448985877714,0.5893209428649486,-0.2787469736557047,-0.32026561068661286,-0.00035557032998747494,-0.11919882045452633,0,0.6157155536840058,0.6439032951586452,0.2702917278155818,0.29422055878245046,0.04299133736953879,-0.13523805302357172,0
284.75,4.969825045053853,75.25000000000001,0.5642327151888353,0.5879223835353282,-0.27875139897530277,-0.32078728059078393,-0.0016686222532873278,-0.11990752353402029,0,0.6168953391915886,0.6451857908284206,0.27048351689419503,0.29363300714895996,0.044919474966718484,-0.13406514943346678,0
285.0,4.974188368183839,75.00000000000001,0.5630164127724095,0.5865215413054128,-0.2787614978520369,-0.3213120012284035,-0.0029560424647574156,-0.12059714877029838,0,0.6180759799133104,0.6464657340532058,0.27068373401907525,0.29305061964755436,0.04685437480104733,-0.13287097598098738,0
285.25,4.978551691313825,74.74999999999997,0.5618000541186762,0.5851184030456316,-0.2787771572042934,-0.3218396892480635,-0.004217261594391514,-0.12126764691843808,0,0.6192575126860348,0.647743147568338,0.2708924074601773,0.2924734891433567,0.048795470391041505,-0.13165550621459884,0
285.5,4.982915014443811,74.50000000000001,0.5605836152167069,0.583712955990572,-0.27879826146611303,-0.3223702610858398,-0.00545171027218314,-0.12191896981645757,0,0.6204399744645828,0.6490180545146016,0.27110956301571415,0.29190170861664205,0.05074219525521622,-0.13041871380598757,0
285.75,4.987278337573796,74.25000000000001,0.5593670725652434,0.5823051877398879,-0.27882469258719156,-0.3229036329700319,-0.006658819128127116,-0.1225510703942976,0,0.6216234023109504,0.6502904784387389,0.27133522401215737,0.29133537116229136,0.05269398291208886,-0.12916057256111663,0
286.0,4.991641660703783,73.99999999999997,0.5581504031835403,0.5808950862592062,-0.27885633003287924,-0.32343972092595175,-0.00783801879221726,-0.12316390268273347,0,0.6228078333835213,0.6515604432939408,0.2715694113042366,0.2907745699891658,0.05465026688017569,-0.12788105643184114,0
286.25,4.996004983833768,73.74999999999997,0.5569335846222038,0.5794826398809929,-0.27889305078418103,-0.32397844078074167,-0.008988739894447258,-0.12375742182290389,0,0.6239933049262825,0.6528279734403493,0.2718121432749394,0.2902193984194592,0.05661048067799221,-0.12658013952904393,0
286.5,5.000368306963754,73.50000000000001,0.555716594974031,0.5780678373054107,-0.27893472933775665,-0.3245197081682463,-0.010110413064811327,-0.12433158407664781,0,0.6251798542580393,0.6540930936455461,0.27206343583551207,0.28966994988795797,0.05857405782405478,-0.12525779613682084,0
286.75,5.00473163009374,73.24999999999999,0.5544994128848512,0.5766506676011531,-0.27898123770592037,-0.3250634385339205,-0.011202468933303868,-0.12488634683607792,0,0.6263675187616315,0.6553558290850405,0.27232330242545894,0.28912631794126953,0.06054043183688065,-0.12391400072481489,0
287.0,5.009094953223726,72.99999999999999,0.553282017564365,0.575231120206256,-0.27903244541664135,-0.3256095471397849,-0.012264338129918544,-0.12542166863390472,0,0.6275563358731457,0.6566162053427602,0.2725917540125424,0.28858859623697464,0.06250903623498505,-0.12254872796513055,0
287.25,5.013458276353711,72.75000000000003,0.5520643887969856,0.5738091849288829,-0.2790882195135433,-0.32615794906942397,-0.013295451284649163,-0.12593750915444754,0,0.628746343071133,0.6578742484115352,0.2728687990927833,0.28805687854270834,0.06447930453688427,-0.12116195274798833,0
287.50000000000006,5.017821599483698,72.49999999999999,0.5508465069526757,0.5723848519480959,-0.2791484245559044,-0.3267085592330377,-0.014295239027490476,-0.12643382924472837,0,0.6299375778658227,0.6591299846935657,0.27315444369046077,0.28753125873517554,0.06645067026109555,-0.11975365019951045,0
287.75,5.022184922613683,72.24999999999999,0.549628352997792,0.5709581118145992,-0.279212922618658,-0.32726129237253637,-0.01526313198843605,-0.12691059092508228,0,0.6311300777883371,0.6603834410009086,0.27344869135811206,0.28701183079907683,0.06842256692613423,-0.11832379569904224,0
288.0,5.026548245743669,71.99999999999999,0.5484099085059216,0.5695289554514693,-0.2792815732923918,-0.32781606306668487,-0.016198560797479934,-0.1273677574009634,0,0.6323238803799069,0.6616346445559342,0.2737515431765326,0.28649868882597285,0.0703944280505168,-0.11687236489761832,0
288.25,5.0309115688736545,71.75000000000003,0.5471911556687235,0.5680973741548401,-0.2793542336833482,-0.32837278573630047,-0.017100956084616134,-0.12780529307464958,0,0.6335190231810865,0.6628836229917996,0.27406299775477616,0.285991927013049,0.07236568715275929,-0.11539933374064638,0
288.5,5.035274892003641,71.49999999999999,0.5459720773067677,0.5666633595945976,-0.2794307584134244,-0.32893137464949934,-0.017969748479839072,-0.12822316355671776,0,0.634715543720969,0.6641304043529026,0.2743830512301549,0.2854916396617818,0.07433577775137896,-0.11390467848790652,0
288.75,5.0396382151336265,71.24999999999999,0.5447526568803771,0.5652269038150252,-0.2795109996201722,-0.32949174392699443,-0.01880436861314236,-0.1286213356781873,0,0.6359134795063998,0.6653750170953305,0.27471169726823885,0.2849979211765292,0.076304133364891,-0.11238837573490541,0
289.0,5.044001538263612,71.00000000000003,0.5435328785004655,0.5637879992354371,-0.279594806956798,-0.33005380754744795,-0.019604247114520145,-0.12899977750298774,0,0.6371128680111928,0.6666174900873133,0.27504892706285644,0.2845108660630105,0.07827018751181176,-0.11085040243818729,0
289.25,5.0483648613935985,70.74999999999999,0.5423127269393778,0.5623466386507854,-0.27968202759216315,-0.33061747935287805,-0.020368814613966717,-0.12935845833991783,0,0.6383137466653466,0.6678578526096557,0.27539472933609466,0.28403056892667566,0.08023337371065853,-0.10929073594084186,0
289.5,5.052728184523584,70.49999999999999,0.5410921876417317,0.5609028152322464,-0.2797725062107835,-0.3311826730541157,-0.02109750174147587,-0.129697348755622,0,0.6395161528442563,0.6690961343561703,0.2757490903382982,0.2835571244709628,0.0821931254799465,-0.10770935399742722,0
289.75,5.05709150765357,70.24999999999999,0.5398712467352562,0.5594565225277819,-0.27986608501282945,-0.33174930223632454,-0.021789739127041626,-0.130016420587389,0,0.6407201238579314,0.6703323654341035,0.2761119938480704,0.28309062749545005,0.08414887633819221,-0.10610623480091545,0
290.0,5.061454830783556,69.99999999999999,0.5386498910416312,0.5580077544626699,-0.27996260371412646,-0.33231728036456953,-0.022444957400658123,-0.13031564695500267,0,0.6419256969402092,0.6715665763645509,0.2764834211722726,0.28263117289387774,0.08610005980391203,-0.1044813570142756,0
290.25,5.065818153913542,69.74999999999999,0.5374281080873289,0.5565565053400237,-0.28006189954615424,-0.3328865207894402,-0.023062587192319437,-0.13059500227479362,0,0.6431329092379708,0.6727987980828545,0.27686335114602445,0.28217885565202466,0.08804610939562228,-0.10283469979888872,0
290.5,5.070181477043527,69.5,0.5362058861144533,0.5551027698412716,-0.2801638072560475,-0.33345693675274185,-0.023642059132019493,-0.13085446227248224,0,0.6443417978003552,0.6740290619390159,0.277251760132704,0.28173377084548246,0.08998645863183916,-0.10116624284689404,0
290.75,5.074544800173513,69.25000000000003,0.5349832140915799,0.5536465430266274,-0.2802681591065956,-0.33402844139323096,-0.024182803849752358,-0.1310940039957992,0,0.6455523995679744,0.6752573996980662,0.2776486220239471,0.28129601363724943,0.09192054103107847,-0.09947596641474397,0
291.0,5.078908123303499,69.0,0.5337600817245949,0.5521878203355185,-0.28037478487624234,-0.3346009477524165,-0.02468425197551224,-0.13131360582851181,0,0.6467647513621297,0.676483843540457,0.27805390823964854,0.28086567927521217,0.09384779011185773,-0.09776385135819006,0
291.25,5.083271446433485,68.75,0.5325364794675379,0.5507265975870046,-0.28048351185908654,-0.33517436878041773,-0.025145834139292996,-0.13151324750340038,0,0.6479788898740246,0.6777084260624078,0.27846758772796065,0.28044286308943406,0.09576763939269203,-0.09602987916949556,0
291.5,5.08763476956347,68.5,0.5313123985334387,0.5492628709801597,-0.28059416486488137,-0.3357486173418788,-0.025566980971088747,-0.13169291011529247,0,0.6491948516539812,0.6789311802762792,0.2788896269652944,0.28002766048931216,0.09767952239209811,-0.09427403201540488,0
291.75,5.091998092693457,68.25,0.5300878309051599,0.5477966370944339,-0.2807065662190351,-0.33632360622194013,-0.025947123100893456,-0.1318525761353306,0,0.650412673100655,0.6801521396108915,0.2793199899563189,0.2796201669605344,0.09958287262859206,-0.09249629277770835,0
292.0,5.096361415823442,68.0,0.5288627693462346,0.5463278928899856,-0.28082053576261023,-0.3368992481322778,-0.026285691158701267,-0.13199222942406363,0,0.6516323904502497,0.6813713379118688,0.27975863823396147,0.2792204780618823,0.10147712362069035,-0.09069664509397246,0
292.25,5.100724738953428,67.75,0.5276372074117082,0.5448566357079903,-0.28093589085232423,-0.33747545571718895,-0.026582115774506164,-0.13211185524496388,0,0.6528540397657319,0.6825888094419351,0.2802055308594077,0.2788286894218331,0.10336170888690895,-0.08887507340447842,0
292.5,5.105088062083414,67.49999999999996,0.5264111394589778,0.543382863270919,-0.2810524463605491,-0.33805214155974916,-0.02683582757830223,-0.1322114402784091,0,0.6540776569260469,0.6838045888812245,0.2806606244221013,0.27844489673495243,0.10523606194576465,-0.08703156299572581,0
292.75,5.1094513852134,67.25,0.5251845606586323,0.5419065736827955,-0.28117001467531166,-0.33862921818802,-0.027046257200083412,-0.1322909726346207,0,0.6553032776153328,0.6850187113275479,0.2811238730397445,0.27806919575811695,0.10709961631577289,-0.0851661000489552,0
293.0,5.113814708343385,67.0,0.5239574670052914,0.540427765429418,-0.28128840570029334,-0.3392065980813191,-0.027212835269843846,-0.13235044186795109,0,0.6565309373121362,0.6862312122966697,0.2815952283582976,0.27770168230648384,0.10895180551545072,-0.0832786716920101,0
293.25000000000006,5.118178031473372,66.74999999999996,0.5227298553284476,0.5389464373785641,-0.28140742685483033,-0.33978419367655255,-0.027334992417577555,-0.13238983899008272,0,0.657760671278627,0.687442127722543,0.28207463955197903,0.27734245224926046,0.11079206306331439,-0.08136926604959627,0
293.5,5.122541354603357,66.5,0.5215017233033044,0.537462588780154,-0.28152688307391327,-0.34036191737460014,-0.027412159273278558,-0.13240915648367924,0,0.6589925145498124,0.6886514939575381,0.28256205332326556,0.2769916015052355,0.11261982247787926,-0.079437872299781,0
293.75,5.126904677733343,66.25,0.5202730694616169,0.5359762192664015,-0.2816465768081878,-0.34093968154676685,-0.027443766466940904,-0.1324083883163988,0,0.6602265019227542,0.6898593477726497,0.2830574139028923,0.2766492260380555,0.11443451727766252,-0.07748448073022529,0
294.0,5.1312680008633285,66.0,0.5190438932025323,0.5344873288519232,-0.2817663080239541,-0.3415173985412903,-0.027429244628558662,-0.1323875299537374,0,0.6614626679457813,0.6910657263576881,0.28356066304985245,0.27631542185126523,0.11623558098118021,-0.07550908279891347,0
294.25,5.135631323993315,65.74999999999997,0.517814194803429,0.5329959179338302,-0.2818858742031669,-0.3420949806899045,-0.02736802438812583,-0.13234657837270494,0,0.6627010469077063,0.6922706673214244,0.28407174005139757,0.27599028498305445,0.11802244710694888,-0.07351167119537876,0
294.5,5.1399946471233005,65.5,0.5165839754307577,0.5315019872917786,-0.2820050703434358,-0.34267234031446653,-0.027259536375636485,-0.13228553207543833,0,0.6639416728270392,0.6934742086917496,0.2845905817230372,0.2756739115007638,0.11979454917348378,-0.07149223990603826,0
294.75,5.144357970253286,65.25000000000001,0.5153532371508801,0.5300055380880048,-0.28212368895802503,-0.343249389733639,-0.02710321122108467,-0.1322043911026932,0,0.6651845794412041,0.6946763889157794,0.28511712240853965,0.2753663974950614,0.12155132069930215,-0.06945078428408888,0
295.0,5.1487212933832724,64.99999999999997,0.5141219829409098,0.5285065718673205,-0.28224152007585357,-0.3438260412696347,-0.026898479554464352,-0.1321031570464389,0,0.6664298001957532,0.6958772468599415,0.28565129397993094,0.27506783907383897,0.12329219520292016,-0.06738730111627983,0
295.25,5.153084616513258,64.75000000000001,0.5128902166995527,0.5270050905570844,-0.28235835124149494,-0.34440220725500875,-0.026644772005769726,-0.13198183306368136,0,0.6676773682335806,0.6970768218100398,0.28619302583749545,0.27477833235580545,0.12501660620285343,-0.06530178869930958,0
295.5,5.1574479396432436,64.50000000000001,0.511657943257945,0.5255010964671409,-0.2824739675151774,-0.34497780003952405,-0.0263415192049947,-0.13184042388929318,0,0.66892731638414,0.698275153471288,0.28674224490977596,0.2744979734637167,0.12672398721761896,-0.06319424691683981,0
295.75,5.16181126277323,64.24999999999997,0.5104251683904955,0.5239945922897313,-0.28258815147278393,-0.34555273199705533,-0.025988151782133297,-0.13167893584898419,0,0.6701796771526576,0.6994722819683119,0.28729887565357354,0.2742268585172969,0.1284137717657329,-0.06106467731861485,0
296.0,5.1661745859032155,63.99999999999997,0.5091918988257252,0.5224855810993732,-0.2827006832058522,-0.34612691553256764,-0.025584100367179653,-0.13149737687191534,0,0.6714344827093474,0.7006682478451118,0.287862840053947,0.2739650836257778,0.13008539336571107,-0.05891308320427573,0
296.25,5.170537909033201,63.750000000000014,0.5079581422571059,0.520974066352708,-0.28281134032157446,-0.3467002630891307,-0.025128795590127883,-0.13129575650396177,0,0.6726917648786268,0.7018630920650162,0.2884340576242141,0.2737127448800889,0.13173828553606978,-0.056739469710590004,0
296.50000000000006,5.1749012321631875,63.49999999999997,0.506723907353901,0.519460051888321,-0.2829198979427978,-0.3472726871550131,-0.024621668080971753,-0.13107408591987513,0,0.6739515551283319,0.7030568560105666,0.28901244540595045,0.2734699383446351,0.13337188179532616,-0.054543843901665036,0
296.75,5.179264555293173,63.24999999999997,0.5054892037720061,0.5179435419265268,-0.2830261287080239,-0.3478441002708026,-0.024062148469705523,-0.1308323779350453,0,0.6752138845589306,0.7042495814833936,0.2895979179689897,0.27323676004869996,0.13498561566199546,-0.05232621486349952,0
297.0,5.183627878423159,63.000000000000014,0.5042540421647888,0.5164245410691279,-0.2831298027714091,-0.34841441503660314,-0.023449667386323335,-0.13057064701938031,0,0.6764787838927397,0.7054413107040463,0.29019038741142406,0.2730133059773981,0.13657892065459415,-0.050086593803649354,0
297.25,5.187991201553144,62.750000000000014,0.5030184341939268,0.5149030542991373,-0.2832306878027645,-0.34898354411927635,-0.022783655460818935,-0.1302889093080886,0,0.6777462834631394,0.7066320863117659,0.2907897633596042,0.2727996720622086,0.13815123029163895,-0.04782499415128787,0
297.5,5.192354524683131,62.49999999999998,0.5017823925402515,0.5133790869804706,-0.28332854898755583,-0.34955140025973236,-0.022063543323186427,-0.12998718261349765,0,0.6790164132037871,0.7078219513642448,0.2913959529681385,0.2725959541710546,0.13970197809164597,-0.0455414316645941,0
297.75,5.196717847813116,62.24999999999998,0.5005459309145845,0.5118526448576108,-0.28342314902690346,-0.3501178962802747,-0.02128876160342006,-0.12966548643738843,0,0.6802892026378337,0.7090109493373196,0.2920088609198937,0.27240224809789904,0.14123059757313125,-0.043235924543408015,0
298.0,5.201081170943102,62.00000000000002,0.49930906406858044,0.5103237340552313,-0.28351424813758247,-0.3506829450919986,-0.02045874093151383,-0.129323841982299,0,0.681564680867138,0.7101991241246234,0.29262838942599495,0.27221864955184144,0.14273652225461098,-0.04090849354386408,0
298.25,5.205444494073088,61.74999999999998,0.4980718078055639,0.5087923610777991,-0.28360160405202284,-0.35124645970223467,-0.01957291193746148,-0.12896227216262454,0,0.6828428765614822,0.7113865200371967,0.2932544382258257,0.2720452541457134,0.14421918565460198,-0.03855916209758571,0
298.5,5.209807817203074,61.49999999999998,0.49683417899137267,0.5072585328091288,-0.2836849720183089,-0.351808353222044,-0.01863070525125734,-0.12858080161561597,0,0.684123817947786,0.7125731818030345,0.2938869045870275,0.2718821573841349,0.14567802129161997,-0.03618795643845585,0
298.75,5.214171140333059,61.25000000000002,0.49559619556519596,0.5057222565119264,-0.28376410480017983,-0.35236853887375774,-0.017631551502895658,-0.1281794567123844,0,0.6854075327993224,0.7137591545665928,0.2945256833054999,0.27172945465100373,0.14711246268418107,-0.03379490573232629,0
299.0,5.218534463463046,60.999999999999986,0.4943578765504136,0.504183539827274,-0.2838387526770295,-0.35292692999856834,-0.016574881322369825,-0.12775826556838438,0,0.6866940484249328,0.7149444838882331,0.2951706667054014,0.2715872411964198,0.14852194335080243,-0.03138004221322183,0
299.25,5.222897786593031,60.749999999999986,0.4931192420654385,0.5026423907741066,-0.2839086634439065,-0.35348344006416055,-0.01546012533967435,-0.12731725805357255,0,0.6879833916582406,0.716129215743601,0.29582174463914773,0.27145561212298597,0.1499058968099996,-0.028943401324334206,0
299.5,5.227261109723017,60.499999999999986,0.4918803133345545,0.5010988177486342,-0.2839735824115139,-0.3540379826723914,-0.014286714184803283,-0.12685646580256005,0,0.689275588846868,0.7173133965229666,0.29647880448741387,0.27133466237150194,0.151263756580289,-0.02648502186424491,0
299.75,5.231624432853002,60.25000000000003,0.4906411126987577,0.4995528295237438,-0.2840332524062097,-0.3545904715670097,-0.01305407848775069,-0.12637592222463742,0,0.6905706658416499,0.7184970730304701,0.2971417311591323,0.2712244867059891,0.1525949561801867,-0.024004946141315705,0
300.0,5.235987755982989,59.999999999999986,0.4894016636265947,0.4980044352483618,-0.2840874137700064,-0.3551408206414235,-0.011761648878510146,-0.1258756625128967,0,0.6918686479858499,0.7196802924833252,0.29781040709149426,0.271125179698037,0.1538989291282095,-0.02150322013209296,0
300.25,5.240351079112974,59.749999999999986,0.48816199072500555,0.49645364444678786,-0.2841358043605713,-0.3556889439464993,-0.010408855987076266,-0.12535572365318134,0,0.693169560104373,0.7208631025109433,0.29848471224994877,0.271036835710446,0.15517510894287323,-0.018979893646073095,0
300.5,5.24471440224296,59.50000000000003,0.48692211975016075,0.4949004670179845,-0.28417815955122633,-0.35623475569840757,-0.008995130443442996,-0.12481614443384419,0,0.6944734264929836,0.7220455511539863,0.2991645241282033,0.27095954888013585,0.15642292914269407,-0.01643502049894104,0
300.75,5.249077725372946,59.249999999999986,0.4856820776183023,0.49334491323484286,-0.28421421223094817,-0.356778170286507,-0.007519902877603855,-0.12425696545344439,0,0.6957802709075187,0.7232276868633394,0.299849717748224,0.27089341310027637,0.15764182324618886,-0.013868658691190193,0
301.0,5.253441048502932,58.99999999999999,0.48444189241658514,0.4917869937434095,-0.28424369280436806,-0.3573191022812573,-0.005982603919553396,-0.12367822912925228,0,0.6970901165531026,0.7244095584990079,0.3005401656602343,0.27083852200163755,0.15883122477187336,-0.011280870594967272,0
301.25,5.2578043716329175,58.74999999999999,0.48320159341391505,0.4902267195620772,-0.2842663291917721,-0.3578574664421777,-0.004382664199285677,-0.12307997970576047,0,0.6984029860733634,0.7255912153289317,0.30123573794271663,0.2707949689330896,0.1599905672382639,-0.00867172314730374,0
301.5,5.262167694762904,58.49999999999999,0.48196121107178985,0.48866410208074307,-0.28428184682910085,-0.35839317772583396,-0.002719514346794606,-0.12246226326121674,0,0.6997189015396466,0.7267727070277106,0.3019363022024113,0.2707628469412666,0.16111928416387683,-0.00604128805292706,0
301.75,5.2665310178928895,58.24999999999999,0.48072077705513855,0.48709915305993134,-0.2842899686679497,-0.35892615129385386,-0.000992584992074066,-0.12182512771570903,0,0.7010378844402309,0.7279540836752361,0.3026417235743172,0.2707422487492971,0.16221680906722838,-0.003389641992218075,0
302.0,5.270894341022875,57.99999999999999,0.4794803230644685,0.48553188462988717,-0.2842922515843362,-0.3594563025209848,-0.0011092810650806758,-0.12116862283765367,0,0.7023599556695427,0.729135395755238,0.3033518647216911,0.2707332667346526,0.16328257546683503,-0.000716866839785089,0
302.25,5.2752576641528615,57.74999999999996,0.4782398456199347,0.4839623092896139,-0.2843025370175666,-0.359983547003166,-0.003600106049783107,-0.12049280025025207,0,0.7036851355173719,0.7303166941537209,0.3040665858360483,0.2707359929059708,0.16431601688121297,0.0019769501073058898,0
302.5,5.279620987282847,57.49999999999999,0.47699929968304267,0.482390439905908,-0.28432362390167604,-0.3605078005656422,-0.006060311261198988,-0.11979771343801705,0,0.7050134436580848,0.7314980301573069,0.30478574463716174,0.27075051887891266,0.1653165668288779,0.004691715894717156,0
302.75,5.283984310412833,57.25,0.4757586384148631,0.4808162897123276,-0.28435537876114103,-0.361028979271093,-0.008489955572538099,-0.11908341775181734,0,0.7063448991398427,0.7326794554514597,0.3055091963730636,0.27077693585093626,0.16628365882834678,0.007427331665593103,0
303.0,5.288347633542818,57.0,0.47451781555830386,0.4792398723081467,-0.2843976683773207,-0.3615469994277907,-0.010889097857008444,-0.11834997041506687,0,0.7076795203738129,0.7338610221186103,0.30623679382004354,0.2708153345750138,0.16721672639813567,0.010183692405886837,0
303.25,5.292710956672805,56.75,0.4732767854369884,0.4776612016572589,-0.2844503597884572,-0.3620617775977834,-0.013257796987818362,-0.11759743052810116,0,0.7090173251233869,0.7350427826361561,0.30696838728264964,0.2708658053321828,0.1681152030567608,0.012960686677899682,0
303.5,5.29707427980279,56.5,0.4720355029541347,0.47608029208705993,-0.28451332028967535,-0.36257323060509106,-0.015596111838176519,-0.11682585907291011,0,0.7103583304933934,0.7362247898743335,0.30770382459368834,0.27092843790293814,0.16897852232273858,0.015758196344819685,0
303.75,5.301437602932776,56.25,0.47079392359143457,0.47449715828728023,-0.28458641743298296,-0.36308127554393,-0.017904101281291253,-0.11603531891709454,0,0.711702552919314,0.737407097093979,0.30844295111422415,0.2710033215373792,0.16980611771458493,0.018576096283873765,0
304.0,5.305800926062762,55.99999999999996,0.46955200340793257,0.4729118153087939,-0.28466951902727056,-0.36358582978694354,-0.020181824190371317,-0.115225874817721,0,0.7130500081564984,0.7385897579441398,0.3091856097335801,0.2710905449240987,0.1705974227508166,0.021414254088914026,0
304.25,5.310164249192748,55.75,0.46830969903890624,0.4713242785623776,-0.28476249313831153,-0.36408681099346,-0.02242933943862415,-0.11439759342496672,0,0.7144007112693787,0.7397728264595558,0.30993164086933683,0.2711901961577343,0.17135187094994933,0.02427252975986206,0
304.5,5.314527572322733,55.5,0.467066967694743,0.46973456381745016,-0.28486520808876215,-0.3645841371177553,-0.02464670589925931,-0.11355054328407885,0,0.7157546766206853,0.7409563570579987,0.31068088246733394,0.2713023627051476,0.17206889583049972,0.027150775378712185,0
304.75,5.31889089545272,55.249999999999964,0.4658237671598213,0.4681426872007596,-0.2849775324581615,-0.3650777264173278,-0.026833982445485228,-0.11268479483819237,0,0.7171119178606618,0.7421404045374496,0.31143317000166915,0.2714271313701483,0.17274793091098403,0.03004883477744337,0
305.0,5.323254218582705,55.00000000000001,0.46458005579138983,0.4665486651950528,-0.2850993350829313,-0.36556749746118566,-0.028991227950509197,-0.1118004204305502,0,0.718472447916278,0.7433250240731322,0.3121883364746978,0.2715645882567747,0.1733884097099184,0.03296654318620537,0
305.25,5.327617541712691,54.75000000000001,0.46333579251844453,0.46495251463768805,-0.2852304850563764,-0.3660533691381413,-0.03111850128754082,-0.11089749430560997,0,0.7198362789804484,0.7445102712143694,0.3129462124170342,0.2717148187309484,0.17398976574581923,0.035903726871664224,0
305.50000000000006,5.331980864842677,54.499999999999964,0.46209093684060987,0.4633542527192236,-0.2853708517286845,-0.36653526066510794,-0.03321586132978843,-0.10997609260992183,0,0.7212034225012446,0.7456962018812856,0.3137066258875508,0.27187790738059836,0.17455143253720282,0.03886020276388497,0
305.75,5.336344187972663,54.249999999999964,0.4608454488270175,0.46175389698197333,-0.2855203047069257,-0.36701309159540196,-0.035283366950459936,-0.10903629339293643,0,0.7225738891711102,0.7468828723613177,0.31446940247337773,0.2720539379740596,0.17507284360258515,0.041835778058845086,0
306.0,5.340707511102648,54.00000000000001,0.4595992891151848,0.46015146531851125,-0.2856787138550534,-0.3674867818270466,-0.03732107702276368,-0.10807817660682663,0,0.7239476889160776,0.7480703393055377,0.3152343652899036,0.2722429934167286,0.1755534324604828,0.044830249814376756,0
306.25,5.345070834232634,53.75000000000001,0.4583524189098939,0.45854697597016214,-0.28584594929390367,-0.3679562516110725,-0.03932905041990886,-0.10710182410599155,0,0.7253248308849819,0.7492586597248017,0.3160013349807761,0.2724451557059358,0.17599263262941173,0.04784340452770654,0
306.5,5.34943415736262,53.49999999999997,0.4571047999820718,0.4569404475254307,-0.28602188140119533,-0.3684214215598173,-0.041307346015103816,-0.10610731964639479,0,0.7267053234386759,0.7504478909856795,0.3167701297179,0.2726605058839146,0.17638987762788869,0.05087501769341553,0
306.75,5.353797480492606,53.250000000000014,0.4558563946676695,0.4553318989184161,-0.28620638081153005,-0.3688822126552203,-0.043256022681556115,-0.10509474888371989,0,0.7280891741392441,0.7516380908061844,0.3175405652014385,0.27288912398881604,0.17674460097442943,0.05392485334605649,0
307.0,5.358160803622591,53.000000000000014,0.4546071658665391,0.453721349427174,-0.28639931841639255,-0.36933854625710605,-0.04517513929247516,-0.10406419937147461,0,0.7294763897392206,0.7528293172512724,0.31831245465981384,0.2731310890036865,0.17705623618755048,0.05699266358496628,0
307.25,5.362524126752578,52.74999999999997,0.45335707704131545,0.452108818672055,-0.2866005653641501,-0.36979034411146233,-0.047064754721069406,-0.10301576055858014,0,0.7308669761708011,0.7540216287281355,0.31908560884970577,0.2733864788033356,0.17732421678576807,0.06007818807965141,0
307.5,5.366887449882563,52.49999999999997,0.45210609221629466,0.4504943266139988,-0.2868099930600529,-0.3702375283587027,-0.048924927840546535,-0.10194952378630497,0,0.7322609385350589,0.7552150839812367,0.3198598360560523,0.27365537009899765,0.1775479762875985,0.06318115355670098,0
307.75,5.371250773012549,52.250000000000014,0.45085417597631217,0.44887789355279883,-0.28702747316623395,-0.370680021541918,-0.05075571752411525,-0.1008655822847536,0,0.7336582810911603,0.7564097420871184,0.32063494209204974,0.2739378383807219,0.1777269482115578,0.06630127326370418,0
308.0,5.375614096142535,51.99999999999997,0.4496012934656221,0.447259540125319,-0.2872528776017093,-0.3711177466151078,-0.05255718264498464,-0.09976403116873823,0,0.7350590072455802,0.7576056624489296,0.32141073029915346,0.2742339578573557,0.1778605660761627,0.06943824641507683,0
308.25,5.379977419272521,51.74999999999998,0.4483474103867782,0.4456392873036952,-0.2874860785423775,-0.37155062695139635,-0.05432938207636246,-0.0986449674330142,0,0.7364631195413146,0.7588029047907172,0.3221870015470756,0.274543801394099,0.17794826339992909,0.07259175761192178,0
308.5,5.3843407424025065,51.500000000000014,0.44709249299951087,0.4440171563934765,-0.2877269484210202,-0.37197858635122216,-0.05607237469145706,-0.09750848994745191,0,0.7378706196470981,0.7600015291513997,0.3229635542337875,0.27486744044742456,0.17798947370137333,0.0757614762466737,0
308.75,5.388704065532492,51.250000000000014,0.4458365081196068,0.4423931690317515,-0.2879753599273017,-0.37240154905051176,-0.0577862193634775,-0.09635469945115928,0,0.7392815083466184,0.7612015958785077,0.3237401842855188,0.275204944997437,0.1779836304990117,0.07894705587627524,0
309.0,5.3930673886624785,50.99999999999998,0.4445794231177886,0.4407673471852249,-0.2882311860077693,-0.3728194397288183,-0.05947097496563217,-0.09518369854592328,0,0.7406957855277305,0.7624031656215481,0.3245166851567569,0.27555638347732303,0.17793016731136044,0.08214813357030974,0
309.25,5.397430711792464,50.74999999999998,0.44332120591859425,0.4391397131482667,-0.28849429986585295,-0.3732321835174378,-0.06112670037112905,-0.09399559168993162,0,0.7421134501716715,0.7636062993251271,0.32529284783024764,0.27592182270002197,0.1778285176569359,0.08536432924490396,0
309.5,5.40179403492245,50.50000000000002,0.4420618249992554,0.4375102895409254,-0.2887645749618655,-0.3736397060074931,-0.06275345445317655,-0.09279048518990404,0,0.7435345003422766,0.7648110582217071,0.3260684608169949,0.27630132778186306,0.17767811505425435,0.08859524495306365,0
309.75,5.406157358052436,50.24999999999998,0.44080124938857596,0.4358790993068964,-0.2890418850130027,-0.37404193325798124,-0.06435129608498387,-0.09156848719343987,0,0.7449589331751945,0.7660175038240181,0.3268433101562618,0.2766949620630429,0.17747839302183188,0.09184046416098288,0
310.0,5.410520681182422,49.999999999999986,0.43953944866581357,0.43424616571147445,-0.2893261039933432,-0.37443879180379097,-0.06592028413975877,-0.09032970768050687,0,0.7463867448671,0.7672256979171495,0.32761717941556817,0.27710278702494756,0.17722878507818499,0.09509955099316478,0
310.25,5.414884004312407,49.75000000000002,0.43827639295955645,0.4326115123394495,-0.28961710613384817,-0.37483020866367567,-0.06746047749070963,-0.08907425845422402,0,0.7478179306649115,0.768435702550236,0.32838984969069296,0.2775248622040424,0.17692872474182994,0.09837204943973832,0
310.5,5.419247327442394,49.499999999999986,0.4370120529466027,0.4309751630929828,-0.28991476592236193,-0.3752161113481903,-0.06897193501104573,-0.087802253131129,0,0.7492524848550056,0.769647580027789,0.32916109960567336,0.2779612451022766,0.1765776455312827,0.10165748254034704,0
310.75,5.423610650572379,49.249999999999986,0.4357463998508416,0.42933714218944397,-0.29021895810361154,-0.3755964278675795,-0.07045471557397466,-0.08651380713108305,0,0.7506904007524302,0.770861392900605,0.3299307053128046,0.27841199109385123,0.1761749809650597,0.10495535153663932,0
311.0,5.427973973702365,48.999999999999986,0.4344794054421302,0.4276974741592121,-0.29052955767920663,-0.37597108673962665,-0.07190887805270513,-0.0852090376666735,0,0.7521316706901215,0.7720772039562868,0.33069844049264024,0.2788771533282278,0.17572016456167736,0.10826513498663028,0
311.25,5.432337296832351,48.749999999999986,0.43321104203517347,0.42605618384344646,-0.2908464399076402,-0.3763400169974492,-0.07333448132044569,-0.0838880637312929,0,0.7535762860081187,0.7732950762093027,0.33146407635399205,0.27935678262916763,0.17521262983965186,0.11158628784389935,0
311.5,5.436700619962337,48.499999999999986,0.4319412824884039,0.4244132963918177,-0.29116948030428763,-0.3767031481972436,-0.07473158425040474,-0.08255100608756827,0,0.7550242370427777,0.7745150728906184,0.33222738163392984,0.2798509273897049,0.17465181031749932,0.11491824050743138,0
311.75,5.441063943092322,48.249999999999986,0.43067010020285995,0.4227688372602112,-0.2914985546414074,-0.37706041042598015,-0.07610024571579067,-0.08119798725474695,0,0.7564755131159877,0.7757372574368575,0.3329881225977822,0.28035963346289433,0.17403713951373623,0.1182603978256132,0
312.0,5.445427266222308,48.00000000000003,0.42939746912106563,0.4211228322083913,-0.29183353894814046,-0.37741173430903746,-0.07744052458981177,-0.07982913149530653,0,0.7579301025243854,0.7769616934789612,0.3337460630391353,0.28088294404809255,0.1733680509468787,0.12161213806649727,0
312.25,5.449790589352294,47.74999999999999,0.4281233637259087,0.41947530729763993,-0.2921743095105111,-0.37775705101778045,-0.07875247974567709,-0.07844456480153285,0,0.7593879925285701,0.778188444830365,0.3345009642798344,0.2814208995727195,0.17264397813544302,0.12497281184809843,0
312.5,5.45415391248228,47.49999999999999,0.42684775903952155,0.41782628888835927,-0.29252074287142604,-0.37809629227707786,-0.08003617005659451,-0.07704441488099124,0,0.7608491693423184,0.7794175754746314,0.33525258516998185,0.2819735375692049,0.1718643545979455,0.1283417410201108,0
312.75,5.458517235612265,47.25000000000003,0.4255706306221591,0.41617580363762974,-0.2928727158306749,-0.37842939037275336,-0.08129165439577243,-0.07562881114178152,0,0.7623136181217993,0.7806491495525382,0.33600068208793904,0.2825408925469909,0.17102861385290255,0.13171821751085513,0
313.0,5.462880558742252,46.99999999999999,0.4242919545710772,0.414523878496756,-0.2932301054449305,-0.3787562781589744,-0.08251899163641999,-0.07419788467674966,0,0.7637813229547907,0.7818832313486088,0.33674500894032555,0.28312299585941614,0.17013618941883002,0.1351015021214985,0
313.25,5.467243881872237,46.74999999999999,0.4230117075194141,0.41287054070877205,-0.2935927890277478,-0.3790768890655655,-0.08371824065174488,-0.07275176824759776,0,0.7652522668498912,0.7831198852770263,0.337485317162019,0.283719875565196,0.16918651481424457,0.13849082327783932,0
313.5,5.471607205002223,46.49999999999999,0.4217298666350674,0.41121581780590555,-0.29396064414956524,-0.3793911571052586,-0.08488946031495583,-0.07129059626824336,0,0.7667264317257381,0.7843591758669651,0.33822135571615525,0.2843315562844141,0.1681790235576623,0.14188537572954965,0
313.75,5.475970528132209,46.24999999999996,0.4204464096195741,0.40955973760702413,-0.2943335486377039,-0.37969901688086094,-0.08603270949926152,-0.06981450478742822,0,0.7682037984002212,0.7856011677472399,0.3389528710941287,0.28495805904865096,0.1671131491675993,0.14528431920146725,0
314.0,5.480333851262195,46.0,0.4191613147069902,0.4079023282150459,-0.2947113805763673,-0.3800004035923536,-0.08714804707786979,-0.06832363147099624,0,0.7696843465796968,0.786845925630334,0.3396796073155913,0.2855994011452061,0.16598832516257245,0.14868677699290467,0
314.25,5.48469717439218,45.75,0.4178745606627684,0.4062436180143162,-0.29509401830664245,-0.380295253043905,-0.08823553192398964,-0.06681811558312815,0,0.7711680548482053,0.7880935142956875,0.34040130592845413,0.28625559595500333,0.16480398506109742,0.1520918345162927,0
314.50000000000006,5.489060497522167,45.49999999999996,0.41658612678263834,0.4045836356679551,-0.29548134042649876,-0.38058350165080546,-0.08929522291082949,-0.06529809796775443,0,0.7726549006566839,0.7893439985723084,0.3411177060088859,0.28692665278405993,0.1635595623816905,0.155498537784502,0
314.75,5.493423820652152,45.25,0.41529599289148655,0.4029224101151786,-0.29587322579078845,-0.38086508644631856,-0.09032717891159732,-0.0637637210286895,0,0.7741448603121813,0.7905974433205911,0.3418285441613136,0.2876125766881915,0.16225449064286857,0.15890589183996098,0
315.0,5.497787143782138,45.0,0.4140041393422329,0.4012599705685881,-0.29626955351124684,-0.38113994508844234,-0.0913314587995021,-0.06221512870944157,0,0.7756379089670756,0.7918539134134002,0.3425335545184228,0.2883133682907726,0.16088820336314724,0.16231285911663812,0
315.25,5.5021504669121235,44.75,0.41271054701471266,0.39959634651142617,-0.29667020295649205,-0.38140801586658446,-0.09230812144775208,-0.06065246647241183,0,0.7771340206082861,0.7931134737162959,0.34323246874115704,0.289029023593147,0.15946013406104295,0.1657183577419631,0
315.5,5.50651379004211,44.499999999999964,0.41141519731455356,0.39793156769480886,-0.29707505375202475,-0.3816692377081419,-0.09325722572955583,-0.059075881277622894,0,0.7786331680464901,0.794376189066955,0.34392501601871833,0.28975953377757013,0.15796971625507178,0.16912125977744566,0
315.75,5.5108771131720955,44.25,0.41011807217205687,0.39626566413492914,-0.2974839857802286,-0.38192355018499036,-0.09417883051812137,-0.057485521560817494,0,0.7801353229053366,0.7956421242536974,0.3446109230685663,0.29050488500226557,0.15641638346375067,0.17252038937865463,0
316.0,5.515240436302081,44.0,0.40881915404107383,0.3945986661102302,-0.29789687918037017,-0.3821708935198731,-0.09507299468665766,-0.05588153721095289,0,0.7816404556106633,0.7969113439930955,0.3452899141364196,0.2912650581883102,0.1547995692055953,0.17591452089578455,0
316.25,5.5196037594320675,43.749999999999964,0.4075184258978872,0.3929306041585493,-0.2983136143485989,-0.3824112085926938,-0.09593977710837305,-0.054264079547122736,0,0.7831485353797099,0.7981839129066514,0.3459617109962547,0.29204002879811547,0.15311870699912175,0.1793023768971697,0
316.5,5.523967082562053,43.50000000000001,0.4062158712400904,0.39126150907423973,-0.29873407193794665,-0.3826444369467038,-0.09677923665647563,-0.052633301294849257,0,0.7846595302103323,0.7994598954964733,0.3466260329503065,0.29282976660506393,0.15137323036284714,0.1826826261117771,0
316.75,5.528330405692039,43.25000000000001,0.404911474085464,0.3895914119052645,-0.2991581328583287,-0.38287052079458844,-0.0975914322041742,-0.050989356561955544,0,0.7861734068702209,0.8007393561199383,0.3472825968290679,0.2936342354540356,0.1495625728152871,0.18605388129551212,0
317.0,5.532693728822025,42.999999999999964,0.4036052189708578,0.38792034395025676,-0.299585678276543,-0.38308940302444355,-0.09837642262467727,-0.04933240081394171,0,0.7876901308861124,0.8020223589632726,0.34793111699129037,0.2944533930124246,0.14768616787495756,0.18941469702152203,0
317.25,5.537057051952011,42.74999999999997,0.4022970909510688,0.3862483367555647,-0.3000165896162698,-0.38330102720564685,-0.09913426679119298,-0.0476625908486931,0,0.789209666533006,0.8033089680140598,0.34857130532398295,0.29528719051138214,0.14574344906037554,0.19276356737575023,0
317.5,5.541420375081996,42.50000000000001,0.4009870755977204,0.38457542211226214,-0.3004507485580729,-0.38350533759461386,-0.0998650235769298,-0.045980084770412495,0,0.7907319768233778,0.8045992470325507,0.34920287124241384,0.296135572476723,0.14373384989005733,0.19609892356447237,0
317.75,5.545783698211982,42.25000000000001,0.39967515899814077,0.3829016320531472,-0.30088803703939865,-0.38370227914044175,-0.10056875185509646,-0.044285041963647666,0,0.7922570234963979,0.8058932595218125,0.349825521690109,0.2969984764492905,0.14165680388251856,0.19941913144102066,0
318.0,5.550147021341968,41.99999999999997,0.3983613277542433,0.3812269988496937,-0.30132833725457614,-0.3838917974904386,-0.10124551049890135,-0.04257762306611038,0,0.7937847670071425,0.8071910686966207,0.3504389611388527,0.2978758326942796,0.13951174455627555,0.20272248892271533,0
318.25,5.554510344471954,41.750000000000014,0.39704556898140564,0.37955155500900695,-0.3017715316548173,-0.3840738389955301,-0.10189535838155256,-0.04085798994128548,0,0.7953151665158101,0.8084927374510449,0.35104289158868707,0.29876756389906006,0.13729810542984558,0.2060072233222776,0
318.5,5.558873667601939,41.500000000000014,0.39572787030734713,0.3778753332707341,-0.3022175029482171,-0.3842483507155497,-0.10251835437625897,-0.03912630565069638,0,0.7968481798769376,0.8097983283247252,0.351637012567913,0.2996735848592121,0.13501532002174366,0.20927148857399164,0
318.75,5.563236990731926,41.24999999999997,0.39440821987100994,0.37619836660395867,-0.302666134099753,-0.38441528042440326,-0.1031145573562289,-0.03738273442531195,0,0.7983837636286135,0.8111079034677151,0.3522210211330897,0.300593802152143,0.13266282185048617,0.2125133623434517,0
319.0,5.567600313861911,41.000000000000014,0.393086606321438,0.37452068820407913,-0.30311730833128564,-0.38457457661510985,-0.10368402619467058,-0.03562744163648895,0,0.7999218729816935,0.8124215246038861,0.352794611869034,0.30152811379790057,0.13024004443459075,0.21573084304666362,0
319.25,5.571963636991897,40.750000000000014,0.3917630188166541,0.37284233148965873,-0.3035709091215585,-0.3847261885047127,-0.1042268197647928,-0.033860593766780855,0,0.8014624618090164,0.813739252992837,0.3533574768888215,0.3024764089067767,0.12774642129257216,0.2189218467476938,0
319.5,5.576326960121883,40.49999999999998,0.39043744702254146,0.37116333009925095,-0.3040268202061974,-0.38487006603906515,-0.10474299693980382,-0.03208235837991349,0,0.8030054826346181,0.8150611493902173,0.353909305833786,0.3034385673130474,0.12518138594294664,0.22208420393233327,0
319.75,5.580690283251869,40.24999999999998,0.38910988111172207,0.3694837178882161,-0.30448492557771156,-0.3850061598974798,-0.10523261659291207,-0.030292904090219848,0,0.8045508866229465,0.816387274006428,0.3544497858735189,0.30441445919442156,0.1225443719042317,0.22521565616981964,0
320.0,5.585053606381854,40.000000000000014,0.3877803117624352,0.36780352892551027,-0.3049451094854927,-0.38513442149724775,-0.10569573759732596,-0.028492400531935032,0,0.8060986235680767,0.8177176864636271,0.354978601705871,0.30540394467664883,0.11983481269494317,0.22831385264985532,0
320.25,5.589416929511841,39.74999999999998,0.3864487301574166,0.3661227974904466,-0.3054072564358156,-0.38525480299801945,-0.1061324188262542,-0.02668101832789959,0,0.8076486418829274,0.8190524457509853,0.35549543555695007,0.30640687342274814,0.11705214183359634,0.23137634658686965,0
320.5,5.593780252641826,39.49999999999998,0.38511512798277914,0.3644415580694622,-0.30587125119183756,-0.38536725730605115,-0.10654271915290495,-0.024858929057486816,0,0.8092008885884729,0.8203916101781009,0.3559999671811234,0.30742308420623704,0.11419579283870862,0.23440059149233886,0
320.75,5.598143575771812,39.25000000000002,0.3837794974268903,0.362759845352836,-0.306336978773599,-0.38547173807830587,-0.1069266974504867,-0.023026305224485497,0,0.8107553093029611,0.8217352373265354,0.35649187386101516,0.3084524044678299,0.11126519922879617,0.23738393730875187,0
321.0,5.602506898901797,39.00000000000002,0.38244183117925135,0.36107769423141667,-0.3068043244580231,-0.38556819972641937,-0.10728441259220801,-0.021183320224645533,0,0.8123118482311267,0.8230833839993551,0.356970830407509,0.3094946498549298,0.10825979452237462,0.2403236264005338,0
321.25,5.606870222031784,38.749999999999986,0.38110212242937724,0.35939513979331217,-0.3072731737789159,-0.38565659742051805,-0.10761592345127735,-0.019330148312269396,0,0.8138704481534069,0.8244361061686458,0.357436509159746,0.31054962374334094,0.10517901223796014,0.24321678939962463,0
321.5,5.611233545161769,38.499999999999986,0.3797603648656763,0.3577122173205797,-0.3077434125269661,-0.38573688709289333,-0.10792128890090305,-0.017466964566797222,0,0.8154310504151555,0.8257934589208806,0.35788857998512597,0.31161711674050635,0.10202228589406975,0.2460604408999049,0
321.75,5.615596868291755,38.25000000000002,0.37841655267432783,0.3560289622858862,-0.3082149267497452,-0.38580902544152795,-0.10820056781429359,-0.0155939448588194,0,0.8169935949158594,0.8271554964000976,0.3583267102793062,0.31269690616964707,0.09878904900922002,0.24885147499536747,0
322.0,5.619960191421741,37.999999999999986,0.3770706805381613,0.35434541034916556,-0.30868760275170803,-0.38587296993347375,-0.10845381906465751,-0.013711265815923775,0,0.8185580200983531,0.8285222717487721,0.35875056496620356,0.3137887555340631,0.09547873510192557,0.25158666065358726,0
322.25,5.624323514551727,37.749999999999986,0.3757227436355377,0.35266159735424973,-0.3091613270941918,-0.38592867880807996,-0.10868110152520312,-0.011819104787855857,0,0.8201242629380321,0.8298938370463124,0.35915980649799145,0.31489241396089845,0.09209077769070423,0.25426263692736417,0
322.5,5.6286868376817125,37.50000000000003,0.3743727376392263,0.3509775593254978,-0.30963598659541636,-0.3859761110800669,-0.1088824740691389,-0.009917639811558165,0,0.8216922589320695,0.8312702432450707,0.359554094855103,0.3160076156236558,0.08862461029407202,0.256875907995806,0
322.75,5.633050160811699,37.249999999999986,0.373020658715284,0.34929333246440064,-0.3101114683304852,-0.38601522654244924,-0.10905799556967341,-0.008007049575598895,0,0.8232619420886322,0.8326515401038072,0.3599330875462289,0.3171340791426869,0.08507966643054414,0.25942283802794885,0
323.0,5.6374134839416845,36.999999999999986,0.3716665035219364,0.3476089531461879,-0.31058765963138363,-0.3860459857692992,-0.109207724900015,-0.006087513384441573,0,0.8248332449160921,0.8340377761184732,0.36029643960831836,0.31827150696288364,0.08145537961863789,0.2618996458667843,0
323.25,5.64177680707167,36.749999999999986,0.3703102692084546,0.34592445791640425,-0.3110644480869805,-0.3860683501183581,-0.10933172093337212,-0.00415921112247935,0,0.8264060984122449,0.835428998450235,0.36064380360657794,0.31941958470777815,0.07775118337686952,0.264302399524133,0
323.50000000000006,5.6461401302016565,36.49999999999995,0.36895195341403564,0.34423988348748746,-0.3115417215430274,-0.38608228173348563,-0.10943004254295322,-0.002222323217528581,0,0.8279804320535229,0.8368252528506143,0.3609748296344739,0.32057798050919245,0.07396651122375417,0.2666270104894295,0
323.75,5.650503453331642,36.24999999999999,0.36759155426668205,0.342555266735339,-0.31201936810215847,-0.3860877435469528,-0.10950274860196678,-0.000277030604042543,0,0.8295561737842102,0.838226583583661,0.36128916531372945,0.32174634431167315,0.07010079667781047,0.2688692278465238,0
324.0,5.654866776461628,35.99999999999999,0.36622907038207897,0.3408706446958717,-0.3124972761238909,-0.3860846992815703,-0.1095498979836212,0.0016764853139229522,0,0.8311332500056592,0.8396330333450466,0.361586455794327,0.3229243071508008,0.06615347325755255,0.2710246321776961,0
324.25,5.659230099591613,35.750000000000036,0.3648645008624758,0.33918605456156037,-0.31297533422462454,-0.38607311345265816,-0.109571549561125,0.003638042699858433,0,0.8327115855655036,0.8410446431779064,0.36186634375450644,0.32411148040442683,0.06212397448149801,0.27308862927542066,0
324.5,5.6635934227216,35.49999999999999,0.36349784529556295,0.33750153367797775,-0.31345343127764247,-0.38605295136984996,-0.10956776220768656,0.005607459322547592,0,0.8342911037468754,0.8424614523854138,0.3621284694007665,0.3253074550161079,0.05801173386816101,0.2750564436413562,0
324.75,5.667956745851585,35.24999999999999,0.3621291037533535,0.33581711954032867,-0.31393145641311015,-0.3860241791387331,-0.10953859479651441,0.007584552593820471,0,0.8358717262576174,0.8438834984398543,0.3623724704678634,0.3265118006896108,0.05381618493606009,0.2769231117548994,0
325.0,5.672320068981571,34.99999999999999,0.3607582767910603,0.33413284978996893,-0.314409299018076,-0.38598676366232354,-0.1094841062008169,0.009569139606586528,0,0.8374533732195002,0.8453108168881225,0.3625979822188127,0.3277240650536035,0.04953676120371038,0.27868347515386904,0
325.25,5.676683392111557,34.74999999999996,0.35938536544597566,0.3324487622109228,-0.31488684873647144,-0.38594067264237414,-0.10940435529380255,0.011561037173103085,0,0.8390359631574368,0.8467434412535667,0.36280463744488706,0.3289437727957782,0.04517289618962798,0.28033217326960036,0
325.5,5.681046715241543,34.5,0.3580103712363515,0.330764894726401,-0.3153639954691105,-0.3858858745805155,-0.10929940094867976,0.01356006186368266,0,0.8406194129886966,0.8481814029339019,0.3629920664656182,0.3301704247650164,0.04072402341233096,0.281863636030769,0
325.75,5.685410038371528,34.25,0.3566332961602763,0.32908128539530457,-0.3158406293736902,-0.38582233877922645,-0.10916930203865702,0.015566030045005943,0,0.8422036380121224,0.8496247310951991,0.3631598971287954,0.3314034970409681,0.036189576390333524,0.28327207625621004,0
326.0,5.689773361501515,33.99999999999996,0.3552541426945564,0.3273979724087278,-0.3163166408647902,-0.38575003534264063,-0.10901411743694271,0.017578757919248972,0,0.8437885518973434,0.8510734525617072,0.3633077548104672,0.33264243996983206,0.031568988642151956,0.28455148180022,0
326.25,5.6941366846315,33.75,0.35387291379359487,0.32571499408645954,-0.31679192061387335,-0.3856689351771755,-0.10883390601674543,0.01959806156317852,0,0.8453740666739902,0.8525275917014137,0.363435262414939,0.3338866771653894,0.026861693686304748,0.2856956074604502,0
326.5,5.698500007761486,33.5,0.35248961288826874,0.32403238887348507,-0.317266359549285,-0.3855790099919976,-0.10862872665127347,0.0216237569670121,0,0.846960092720912,0.8539871703071418,0.36354204037477583,0.3351356044741671,0.022067125041305865,0.2866979666449421,0
326.75000000000006,5.702863330891472,33.249999999999964,0.3511042438848101,0.3223501953364796,-0.31773984885625345,-0.3854802322993128,-0.10839863821373526,0.023655660074060406,0,0.8485465387553899,0.8554522074730785,0.36362770665079963,0.33638858890375295,0.01718471622567164,0.28755182281009967,0
327.0,5.707226654021458,33.0,0.3497168111636854,0.32066845216029716,-0.3182122799768897,-0.38537257541448516,-0.10814369957733941,0.025693586819918103,0,0.8501333118223502,0.8569227194665344,0.3636918767320919,0.3376449675132409,0.012213900757920698,0.2882501806445927,0
327.25,5.711589977151443,32.75,0.3483273195784725,0.31898719814448606,-0.3186835446101879,-0.3852560134559855,-0.10786396961529428,0.027737353171979052,0,0.8517203172835842,0.8583987195947861,0.3637341636359911,0.33890404626461124,0.00715411215656677,0.2887857769966715,0
327.5,5.715953300281429,32.50000000000001,0.3469357744547418,0.31730647219975916,-0.3191535347120248,-0.3851305213451654,-0.1075595072008083,0.02978677516926319,0,0.8533074588069581,0.8598802180667854,0.36375417790809533,0.3401650988340019,0.0020047839401267946,0.2891510715803705,0
327.75,5.720316623411415,32.249999999999964,0.3455421815889343,0.31562631334451485,-0.31962214249516,-0.384996074805858,-0.10723037120708988,0.03184166896183636,0,0.8548946383556317,0.8613672218496455,0.36375152762225926,0.34142736538198487,-0.0032346503728832264,0.28933823742572684,0
328.0,5.724679946541401,32.00000000000001,0.3441465472472423,0.3139467607013209,-0.32008926042923586,-0.38485265036380834,-0.10687662050734763,0.03390185085059265,0,0.85648175617727,0.8628597345196191,0.3637258183805974,0.34269005128149993,-0.008564757263945086,0.2893391510863743,0
328.25,5.729043269671386,31.750000000000007,0.3427488781644857,0.3122678534934237,-0.3205547812407777,-0.38470022534592657,-0.10649831397478983,0.035967137327087687,0,0.8580687107932622,0.8643577561074797,0.36367665331348126,0.34395232580267615,-0.013986103214544585,0.28914538260822037,0
328.5,5.733406592801373,31.499999999999968,0.3413491815429936,0.3105896310412535,-0.3210185979131938,-0.384538777879371,-0.10609551048262497,0.0380373451130284,0,0.8596553989879334,0.865861282938019,0.3636036330795416,0.345213320753226,-0.019499254706165838,0.28874818525975915,0
328.75,5.737769915931358,31.250000000000007,0.3399474650514832,0.3089121327589368,-0.3214806036867748,-0.3843682868904567,-0.10566826890406163,0.040112291200398886,0,0.8612417157977605,0.8673703074635538,0.3635063558656667,0.34647212907364683,-0.025104778220289756,0.2881384850401979,0
329.0,5.742133239061344,31.00000000000001,0.33854373682393735,0.3072353981508087,-0.32194069205869474,-0.38418873210338816,-0.10521664811230806,0.04219179289089294,0,0.8628275545005883,0.8688848180911815,0.3633844173870035,0.34772780338605597,-0.030803240238402967,0.2873068699536279,0
329.25,5.74649656219133,30.74999999999997,0.33713800545848494,0.30555946680793367,-0.3223987567830102,-0.3840000940388239,-0.10474070698057274,0.04427566783561373,0,0.8644128066048437,0.8704047990036086,0.36323741088695666,0.3489793544957918,-0.0365952072419889,0.2862435790693664,0
329.5,5.750859885321316,30.49999999999997,0.3357302800162806,0.30388437840464033,-0.32285469187066057,-0.38380235401226276,-0.10424050438206423,0.046363734074919796,0,0.8659973618387492,0.8719302299733291,0.36306492713718974,0.35022574984478255,-0.04248124571252951,0.2849384913809702,0
329.75,5.7552232084513015,30.250000000000014,0.3343205700203824,0.3022101726950527,-0.32330839158946795,-0.3835954941322607,-0.10371609918999103,0.04845581007776213,0,0.8675811081395407,0.8734610861699601,0.36286655443762406,0.3514659119159235,-0.04846192213150862,0.28338111446888725,0
330.0,5.759586531581287,30.000000000000014,0.3329088854546314,0.300536889509628,-0.3237597504641379,-0.38337949729847376,-0.10316755027756139,0.05055171478116761,0,0.869163931642681,0.8749973379604965,0.36264187861643943,0.35269871658750906,-0.05453780298041193,0.2815605729717603,0
330.25,5.7639498547112735,29.749999999999975,0.3314952367625311,0.2988645687517245,-0.324208663276258,-0.38315434719953045,-0.10259491651798375,0.052651267629556985,0,0.8707457166710748,0.8765389507022701,0.36239048303007354,0.353922991437003,-0.06070945474072293,0.2794655969159604,0
330.5,5.768313177841259,29.500000000000014,0.33007963484612773,0.2971932503941507,-0.3246550250642991,-0.3829200283107315,-0.10199825678446686,0.0547542886142156,0,0.8723263457242829,0.8780858845284135,0.36211194856322315,0.3551375139936265,-0.06697744389392284,0.2770845098909081,0
330.75,5.772676500971245,29.250000000000014,0.32866209106488636,0.2955229744757413,-0.3250987311236147,-0.3826765258915778,-0.10137762995021889,0.05686059831203887,0,0.8739056994677395,0.8796380941255824,0.361805853628842,0.3563410099389386,-0.07334233692149794,0.2744052170895833,0
331.0,5.777039824101231,28.99999999999998,0.3272426172345726,0.293853781097943,-0.32553967700644154,-0.382423825983132,-0.10073309488844823,0.058970017924443216,0,0.8754836567219653,0.8811955285036887,0.36147177416814336,0.357532151255058,-0.07980470030493195,0.27141519326664637,0
331.25,5.781403147231217,28.74999999999998,0.3258212256261314,0.29218571042141406,-0.32597775852189875,-0.382161915405207,-0.10006471047236357,0.061082369316270584,0,0.8770600944517822,0.8827581307574645,0.3611092836505979,0.35870955432015844,-0.08636510052570714,0.26810147063822776,0
331.5,5.785766470361202,28.500000000000018,0.3243979289645656,0.2905188026626232,-0.3264128717359881,-0.381890781753388,-0.09937253557517338,0.06319747505415232,0,0.8786348877555297,0.8843258378196096,0.36071795307393495,0.359871777951096,-0.09302410406530663,0.26445062671749586,0
331.75,5.790129793491189,28.24999999999998,0.322972740427814,0.28885309809048076,-0.32684491297159507,-0.38161041339588603,-0.09865662907008577,0.0653151584448285,0,0.8802079098542801,0.8858985802052276,0.3602973509641412,0.36101732139274983,-0.09978227740521739,0.2604487721801222,0
332.0,5.794493116621174,27.99999999999998,0.3215456736456337,0.28718863702296626,-0.32727377880848724,-0.38132079947022596,-0.09791704983030945,0.06743524357313643,0,0.881779032081051,0.8874762817474586,0.3598470433754633,0.36214462225475585,-0.10664018702692031,0.25608153876478973,0
332.25,5.79885643975116,27.75000000000002,0.3201167426984761,0.2855254598237901,-0.3276993660833149,-0.38102192987976824,-0.09715385672905301,0.06955755533977659,0,0.8833481238700228,0.8890588593239102,0.3593665938904045,0.36325205439525937,-0.11359839941189857,0.2513340672456582,0
332.50000000000006,5.803219762881146,27.499999999999982,0.3186859621163667,0.2838636068990461,-0.3281215718896119,-0.3807137952900673,-0.0963671086395244,0.0716819194988241,0,0.8849150527457535,0.8906462225737908,0.35885556361972715,0.36433792575268864,-0.12065748104163973,0.2461909955822917,0
332.75,5.807583086011132,27.249999999999982,0.3172533468777862,0.28220311869390735,-0.3285402935777942,-0.38039638712506624,-0.09555686443493253,0.07380816269502387,0,0.8864796843123918,0.892238273605459,0.3583135112024514,0.3654004761260963,-0.1278179983976241,0.2406364472479135,0
333.0,5.811946409141117,26.999999999999986,0.3158189124085471,0.28054403568931585,-0.3289554287551611,-0.3800696975631294,-0.0947231829884857,0.07593611250035429,0,0.8880418822428938,0.8938349066941818,0.357739992805856,0.3664378749050775,-0.13508051796133624,0.2346540198162655,0
333.25,5.816309732271103,26.750000000000025,0.31438267458067437,0.2788863983987053,-0.3293668752858943,-0.37973371953291823,-0.09386612317339246,0.07806559745078805,0,0.8896015082682376,0.8954360079698523,0.35713456212547773,0.3674482187505132,-0.14244560621425897,0.22822677389561874,0
333.5,5.820673055401089,26.499999999999986,0.3129446497112833,0.27723024736473334,-0.329774531291059,-0.37938844670910304,-0.09298574386286085,0.08019644708251236,0,0.8911584221666387,0.8970414550945082,0.3564967703851117,0.3684295292279191,-0.1499138296378794,0.22133722250196153,0
333.75,5.825036378531075,26.249999999999986,0.31150485456146076,0.27557562315604156,-0.3301782951486022,-0.3790338735079226,-0.09208210393009977,0.08232849196755744,0,0.8927124817527634,0.8986511169294578,0.35582616633681113,0.36937975039545246,-0.1574857547136777,0.21396732089137024,0
334.0,5.82939970166106,26.00000000000003,0.31006330633514256,0.2739225663640187,-0.3305780654933547,-0.37866999508258525,-0.0911552622483177,0.08446156374916432,0,0.8942635428669455,0.9002648531916876,0.35512229626088776,0.37029674634853194,-0.16516194792313796,0.20609845702094712,0
334.25,5.833763024791047,25.74999999999999,0.308620022677992,0.27227111759960876,-0.33097374121702977,-0.3782968073185196,-0.09020527769072259,0.08659549517699362,0,0.8958114593644014,0.9018825140995885,0.354384703965911,0.37117829872460023,-0.172942975747747,0.19771144271390076,0
334.5,5.838126347921032,25.49999999999999,0.30717502167628175,0.27062131749011864,-0.3313652214682234,-0.37791430682846855,-0.08923220913052336,0.08873012014151366,0,0.8973560831044428,0.9035039400075944,0.35361293078870926,0.3720221041706448,-0.18082940466898512,0.1887865056526398,0
334.75,5.842489671051018,25.24999999999999,0.30572832185577026,0.2689732066760563,-0.33175240565241443,-0.37752249094743984,-0.08823611544092826,0.0908652737079497,0,0.8988972639396946,0.9051289610298233,0.35280651559436876,0.37282577177808696,-0.18882180116833738,0.17930328231720993,0
335.0,5.846852994181004,24.999999999999993,0.3042799421805823,0.26732682580799194,-0.33213519343196485,-0.37712135772750377,-0.0872170554951458,0.09300079215030954,0,0.9004348497053077,0.9067573966523332,0.35196499477623366,0.3735868204886789,-0.19692073172728744,0.16924081200052687,0
335.25,5.85121631731099,24.749999999999993,0.30282990205208765,0.2656822155434412,-0.3325134847261189,-0.37671090593244694,-0.08617508816638443,0.09513651298413052,0,0.9019686862081757,0.908389055334091,0.35108790225590714,0.3743026764771659,-0.2051267628273192,0.158577532121301,0
335.5,5.8555796404409755,24.499999999999993,0.3013782213077803,0.2640394165437704,-0.33288717971100434,-0.37629113503228406,-0.08511027232785257,0.09727227499922646,0,0.9034986172161482,0.9100237340964765,0.3501747694832499,0.3749706705162808,-0.213440460949916,0.14729127489603222,0
335.75000000000006,5.859942963570962,24.249999999999954,0.29992492022015743,0.26239846947112555,-0.33325617881963115,-0.375862045197626,-0.08402266685275846,0.09940791829197669,0,0.9050244844472475,0.9116612181012114,0.34922512543638123,0.37558803533036383,-0.22186239257656348,0.13535926562673933,0
336.0,5.8643062867009474,23.999999999999993,0.2984700194955998,0.2607594149853959,-0.3336203827418926,-0.3754236372939098,-0.08291233061431116,0.10154328429663542,0,0.9065461275588813,0.9133012802167741,0.3482384966216789,0.3761519029454149,-0.23039312418874044,0.1227581227949771,0
336.25,5.868669609830933,23.749999999999996,0.2970135402732482,0.259122293741185,-0.3339796924245645,-0.37497591287549353,-0.08177932248571851,0.10367821581629766,0,0.9080633841370609,0.9149436805732423,0.34721440707377815,0.37665930204353376,-0.23903322226793558,0.10946386015279655,0
336.5,5.8730329329609186,23.499999999999996,0.2955555041238854,0.25748714638482206,-0.33433400907130567,-0.374518874179616,-0.08062370134018922,0.10581255705355967,0,0.9095760896856133,0.9165881661056273,0.3461523783555731,0.37710715533121936,-0.24778325329563097,0.09545189106327343,0
336.75,5.877396256090905,23.249999999999996,0.29409593304881354,0.25585401355139703,-0.33468323414265766,-0.37405252412022405,-0.07944552605093164,0.10794615364009821,0,0.9110840776153977,0.9182344700857697,0.345051929558216,0.3774922769316883,-0.25664378375331015,0.08069703532602943,0
337.0,5.8817595792208905,23.0,0.2926348494787341,0.25422293586182265,-0.3350272693560447,-0.3735768662816743,-0.07824485549115424,0.11007885266596343,0,0.9125871792335197,0.9198823116429121,0.34391257730111713,0.37781136981273805,-0.26561538012245706,0.06517352878568146,0
337.25,5.886122902350876,22.75,0.29117227627262654,0.2525939539199187,-0.3353660166857744,-0.37309190491230465,-0.07702174853406554,0.1122105027081593,0,0.9140852237325473,0.9215313952731867,0.3427338357319453,0.378061023262915,-0.2746986088845552,0.04885503600493361,0
337.5,5.8904862254808625,22.49999999999996,0.2897082367166278,0.2509671083095274,-0.33569937836303654,-0.3725976449178866,-0.07577626405287374,0.11434095385839714,0,0.915578038179725,0.9231814103382023,0.34151521652662703,0.3782377104299713,-0.28389403652109013,0.03171466628571802,0
337.75,5.894849548610848,22.25,0.2882427545229118,0.24934243959167313,-0.3360272568759041,-0.3720940918549547,-0.07450846092078789,0.1164700577505375,0,0.9170654475061883,0.9248320305530114,0.34025622888934826,0.37833778593684353,-0.2932022295135411,0.013724993455928121,0
338.0,5.899212871740834,22.0,0.2867758538285669,0.24771998830171738,-0.3363495549693329,-0.3715812519240192,-0.0732183980110158,0.11859766758691871,0,0.918547274496181,0.9264829134639739,0.33895637955255176,0.3783574835927816,-0.3026237543433959,-0.0051419202826806214,0
338.25,5.90357619487082,21.749999999999964,0.2853075591944769,0.24609979494658119,-0.3366661756451614,-0.37105913196266593,-0.07190613419676602,0.12072363816434206,0,0.9200233397762677,0.9281336999167726,0.3376151727769391,0.3782929142174396,-0.3121591774921387,-0.024914496041377382,0
338.5,5.907939518000806,21.500000000000004,0.28383789560420014,0.24448190000197345,-0.33697702216211106,-0.37052773943854217,-0.07057172835124743,0.12284782589914094,0,0.9214934618045494,0.9297840135152922,0.3362321103514705,0.37814006359908303,-0.3218090654412482,-0.0456216050204772,0
338.75,5.912302841130791,21.250000000000004,0.2823668884628468,0.24286634390965278,-0.33728199803578607,-0.36998708244223755,-0.0692152393476681,0.12497008885162018,0,0.9229574568598797,0.9314334600718712,0.33480669159336385,0.37789479060861375,-0.33157398467221344,-0.06729252997503811,0
339.0,5.916666164260777,21.000000000000007,0.2808945635959597,0.2412531670747352,-0.33758100703867355,-0.36943716968005685,-0.0678367260592365,0.1270902867495922,0,0.9244151390310786,0.933081627049736,0.33333841334809533,0.37755282549405234,-0.34145450166651586,-0.08995692085427194,0
339.25,5.921029487390763,20.749999999999964,0.27942094724839284,0.23964240986301788,-0.3378739532001435,-0.3688780104666955,-0.06643624735916089,0.1292082810111561,0,0.925866320206148,0.9347280829984252,0.3318267699893997,0.37710976838168225,-0.3514511829056416,-0.11364474414554959,0
339.5,5.925392810520749,20.500000000000007,0.27794606608319167,0.23803411259833607,-0.3381607408064484,-0.3683096147178135,-0.06501386212065044,0.13132393476703158,0,0.9273108100614855,0.9363723769832027,0.33027125341926994,0.37656108801258914,-0.36156459487106873,-0.13838622541909293,0
339.75,5.929756133650734,20.250000000000007,0.2764699471804695,0.23642831555996857,-0.3384412744007239,-0.367731992942516,-0.06356962921691292,0.1334371128817159,0,0.928748416051102,0.938014038009448,0.32867135306795675,0.37590212074519713,-0.3717953040442863,-0.16421178446313192,0
340.0,5.934119456780721,19.999999999999968,0.2749926180362893,0.23482505898005446,-0.33871545878298853,-0.36714515623574284,-0.062103607521156755,0.1355476819736995,0,0.9301789433958343,0.9396525744434513,0.32702655589396923,0.3751280698578607,-0.3821438769067777,-0.19115196246627555,0
340.25,5.938482779910706,19.75000000000001,0.27351410656154257,0.2332243830410613,-0.3389831990101433,-0.3665491162705724,-0.06061585590659111,0.13765551043535101,0,0.9316021950725601,0.9412874734307807,0.3253363463840761,0.37423400518685457,-0.39261087994002225,-0.2192373406620339,0
340.5,5.942846103040692,19.50000000000001,0.2720344410808262,0.2316263278732732,-0.3392444003959726,-0.3659438852904377,-0.05910643324642366,0.13976046845177761,0,0.9330179718034155,0.9429182003139496,0.32360020655330185,0.3732148631389262,-0.4031968796255084,-0.24849844978006086,0
340.75,5.947209426170678,19.24999999999997,0.27055365033132406,0.23003093355232263,-0.33949896851114303,-0.3653294761012658,-0.05757539841386297,0.14186242801835655,0,0.9344260720450072,0.944544198050955,0.3218176159449307,0.37206544711947265,-0.41390244244472013,-0.27896566965294456,0
341.0,5.951572749300664,18.99999999999997,0.26907176346168576,0.22843824009675484,-0.33974680918320427,-0.3647059020635408,-0.05602281028211785,0.1439612629581135,0,0.9358262919776283,0.9461648866367524,0.3199880516305054,0.37078042842118886,-0.42472813487913685,-0.310669118330691,0
341.25,5.955936072430649,18.750000000000014,0.2675888100309049,0.22684828746562213,-0.3399878284965892,-0.3640731770842916,-0.05444872772439678,0.14605684893786083,0,0.9372184254944741,0.947779662529644,0.3181109882098265,0.36935434761990343,-0.4356745234102436,-0.3436385300512249,0
341.50000000000006,5.960299395560636,18.499999999999975,0.26610482000719765,0.2252611155561166,-0.340221932792613,-0.363431315609014,-0.052853209613907486,0.14814906348312062,0,0.938602264190857,0.9493878980849428,0.3161858978109517,0.3677816165281352,-0.4467421745195284,-0.3779031213074612,0
341.75,5.964662718690621,18.249999999999975,0.2646198237668846,0.22367676420124538,-0.34044902866947385,-0.3627803326135283,-0.051236314823859146,0.15023778599283813,0,0.9399775973534199,0.950988940998533,0.31421225009019915,0.36605652075971407,-0.4579316546884704,-0.4134914443797846,0
342.0,5.969026041820607,18.000000000000014,0.2631338520932672,0.22209527316752042,-0.3406690229822528,-0.36212024359577316,-0.04959810222746027,0.15232289775265712,0,0.941344211949353,0.9525821137630127,0.3121895122321437,0.36417322296150806,-0.4692435303985526,-0.4504312276568238,0
342.25,5.9733893649505925,17.750000000000018,0.26164693617550744,0.22051668215271847,-0.3408818228429138,-0.36145106456754705,-0.04793863069791879,0.15440428194727343,0,0.9427018926156084,0.9541667131395085,0.3101171489496185,0.3621257667715082,-0.4806783681312626,-0.488749202046432,0
342.5,5.977752688080579,17.49999999999998,0.26015910760750793,0.21894103078363492,-0.34108733562030363,-0.3607728120461944,-0.046257959108443075,0.15648182367212016,0,0.9440504216481146,0.9557420096484576,0.307994622483715,0.35990808156540544,-0.4922367343680843,-0.5284709128414242,0
342.75,5.9821160112105645,17.24999999999998,0.25867039838679096,0.21736835861391346,-0.3412854689401518,-0.3600855030462452,-0.04455614633224214,0.15855540994384446,0,0.945389578990991,0.957307247082925,0.30582139260378405,0.3575139880564568,-0.5039191955904978,-0.5696205164408376,0
343.0,5.98647933434055,17.00000000000002,0.2571808409133767,0.21579870512188715,-0.3414761306850706,-0.35938915507100966,-0.04283325124252449,0.16062492970989375,0,0.9467191422257643,0.9588616420483632,0.30359691660743354,0.3549372048160039,-0.5157263182799864,-0.6122205613451728,0
343.25,5.9908426574705365,16.74999999999998,0.25569046798866196,0.21423210970846118,-0.3416592289945553,-0.35868378610413415,-0.0410893327124977,0.16269027385716045,0,0.9480388865605833,0.9604043835329876,0.30132064932052893,0.3521713557845162,-0.5276586689180401,-0.6562917530087,0
343.5,5.995205980600522,16.499999999999982,0.25419931281430175,0.21266861169504847,-0.34183467226498393,-0.3579694146011203,-0.039324449615370974,0.16475133521948168,0,0.9493485848194322,0.9619346325130829,0.29899204309719574,0.3492099788441603,-0.5397168139861361,-0.7018527020455673,0
343.75,5.999569303730508,16.25000000000002,0.25270740899108624,0.21110825032151315,-0.3420023691496174,-0.3572460594808157,-0.03753866082435288,0.16680800858439482,0,0.9506480074313474,0.9634515215983493,0.29661054781981727,0.34604653552715925,-0.5519013199657592,-0.7489196555324128,0
344.0,6.003932626860494,15.999999999999982,0.25121479051781953,0.20955106474417784,-0.3421622285585996,-0.356513740116874,-0.03573202521265095,0.16886019069860808,0,0.9519369224196323,0.9649541547220917,0.29417561089903327,0.3426744219331891,-0.564212753338398,-0.7975062112983496,0
344.25,6.00829594999048,15.749999999999984,0.24972149179020148,0.20799709403385214,-0.34231415965895673,-0.3557724763291976,-0.03390460165347459,0.17090778027256134,0,0.9532150953910711,0.966441606881827,0.29168667727374425,0.33908698093102835,-0.5766516805855312,-0.8476230150548132,0
344.5,6.012659273120465,15.499999999999986,0.2482275475997039,0.20644637717391157,-0.34245807187459826,-0.3550222883753584,-0.03205644902003182,0.1729506779841602,0,0.9544822895251448,0.9679129239361185,0.28914318941110734,0.3352775157189951,-0.5892186681886432,-0.8992774405917174,0
344.75000000000006,6.0170225962504515,15.249999999999986,0.24673299313245134,0.2048989530584009,-0.34259387488631654,-0.3542631969420076,-0.030187626185531162,0.17498878648091318,0,0.9557382655632461,0.9693671224636996,0.28654458730653876,0.33123930481741176,-0.6019142826292196,-0.9524732534457561,0
345.0,6.021385919380437,14.999999999999986,0.24523786396809985,0.2033548604901796,-0.34272147863178654,-0.35349522313627774,-0.028298192023181033,0.1770220103817194,0,0.9569827817978942,0.9708031896911733,0.283890308483712,0.3269656185640897,-0.6147390903887423,-1.0072102586001501,0
345.25,6.025749242510423,14.749999999999988,0.2437421960787158,0.20181413817910876,-0.34284079330556594,-0.3527183884771773,-0.026388205406189896,0.1790502562772565,0,0.9582155940619497,0.9722200834961277,0.2811797879945599,0.3224497371811937,-0.6276936579486965,-1.0634839330462722,0
345.5,6.030112565640408,14.500000000000028,0.24224602582765592,0.2002768247402752,-0.34295172935909574,-0.35193271488698885,-0.024457725207766588,0.18107343272911536,0,0.9594364557178297,0.9736167324926901,0.27841245841927326,0.3176849704772315,-0.6407785517905626,-1.121285044480533,0
345.75,6.034475888770395,14.24999999999999,0.24074938996844464,0.19874295869224312,-0.34305419750069943,-0.35113822468267153,-0.022506810301118518,0.1830914502681211,0,0.9606451176467233,0.9749920362066407,0.2755877498662994,0.3126646792414155,-0.6539943383958319,-1.1805992576417847,0
346.0,6.03883921190038,13.99999999999999,0.23925232564365562,0.19721257845535878,-0.3431481086955832,-0.35033494056727377,-0.020535519559455078,0.1851042213917566,0,0.9618413282378055,0.9763448653477241,0.2727050899723469,0.3073822983810065,-0.6673415842459804,-1.2414067301912592,0
346.25,6.043202535030366,13.749999999999991,0.23775487038378915,0.1956857223500782,-0.34323337416583644,-0.3495228856213582,-0.018543911855984443,0.18711166056019324,0,0.9630248333774531,0.9776740621867126,0.26976390390238053,0.3018313618422883,-0.6808208558224952,-1.3036817004521604,0
346.5,6.047565858160352,13.499999999999993,0.2362570621061517,0.19416242859534327,-0.34330990539043094,-0.3487020832944491,-0.01653204606391505,0.18911368419118926,0,0.9641953764384593,0.9789784410452479,0.26676361434962365,0.2960055293455622,-0.6944327196068589,-1.367392069797918,0
346.75,6.051929181290338,13.249999999999993,0.2347589391137354,0.19264273530698983,-0.34337761410522183,-0.3478725573965017,-0.0144999810564554,0.19111021065440292,0,0.9653526982692487,0.9802567889063003,0.26370364153555836,0.2898986149504714,-0.7081777420805568,-1.432498983010993,0
347.0,6.056292504420323,12.999999999999993,0.23326054009409664,0.19112668049618708,-0.3434364123029467,-0.34703433208939943,-0.012447775706813845,0.19310116026403282,0,0.9664965371830928,0.9815078661532173,0.2605834032099243,0.2835046174530561,-0.7220564897250705,-1.4989564103192337,0
347.25,6.06065582755031,12.749999999999954,0.2317619041182355,0.18961430206793128,-0.34348621223322595,-0.3461874318784874,-0.01037548888819846,0.19508645527066273,0,0.9676266289473241,0.9827304074454266,0.2574023146507194,0.27681775259849856,-0.736069529021888,-1.5667107354701453,0
347.5,6.065019150680295,12.499999999999996,0.23026307063947576,0.1881056378195587,-0.3435269264025632,-0.3453318816041406,-0.008283179473818889,0.19706601985212094,0,0.9687427067725515,0.9839231227385594,0.2541597886642016,0.26983248707290813,-0.7502174264524851,-1.6357003547187532,0
347.75,6.069382473810281,12.249999999999996,0.22876407949234187,0.18660072543930117,-0.34355846757434444,-0.3444677064333774,-0.006170906336882412,0.1990397801029524,0,0.9698445013018758,0.9850846984567211,0.2508552355848841,0.26254357421555785,-0.7645007484983528,-1.7058552921934351,0
348.0,6.073745796940266,11.999999999999996,0.2272649708914401,0.18509960250488233,-0.34358074876883865,-0.34359493185151957,-0.0040387283505979536,0.20100766402319148,0,0.9709317406001041,0.9862137988241115,0.24748806327554024,0.25494609136723545,-0.7789200616409722,-1.7770968376243574,0
348.25,6.078109120070253,11.749999999999998,0.22576578543033676,0.1836023064821457,-0.3435936832631979,-0.34271358365390375,-0.0018867043881737892,0.20296960150560156,0,0.9720041501429648,0.9873090673631074,0.24405767712720147,0.2470354787438958,-0.7934759323618275,-1.849337213057453,0
348.5,6.082472443200238,11.5,0.22426656408043782,0.1821088747237226,-0.34359718459145683,-0.3418236879376528,0.00028510667718157474,0.2049255243220686,0,0.9730614528063228,0.9883691285648275,0.24056348005915693,0.23880757969348124,-0.8081689271424018,-1.9224792755757072,0
348.75,6.086835766330224,11.25,0.2227673481898674,0.18061934446772798,-0.34359116654453287,-0.34092527109350584,0.0024766459722596113,0.20687536610909785,0,0.9741033688553944,0.9893925897383209,0.23700487251895455,0.23025868216382006,-0.82299961246418,-1.996416263632381,0
349.0,6.09119908946021,10.999999999999961,0.22126817948234728,0.17913375283649802,-0.34357554317022626,-0.34001835979771655,0.004687854623852262,0.20881906235161846,0,0.9751296159339624,0.9903780430427493,0.23338125248239938,0.22138556117310715,-0.8379685548086467,-2.071031595031007,0
349.25,6.095562412590196,10.750000000000002,0.21976910005607686,0.1776521368353663,-0.3435502287732204,-0.3391029810040243,0.006918673758750049,0.21075655036659716,0,0.9761399090535905,0.9913240677067492,0.22969201545355766,0.2121855220407596,-0.8530763206572793,-2.1461987247628307,0
349.5,6.0999257357201815,10.500000000000004,0.21827015238261005,0.1761745333514685,-0.3435151379150813,-0.33817916193569536,0.009169044503745576,0.21268776928478839,0,0.9771339605828397,0.9922292324375732,0.22593655446474964,0.20265644409849967,-0.8683234764915686,-2.2217810713519013,0
349.75,6.104289058850168,10.249999999999964,0.21677137930573667,0.17470097915257887,-0.34347018541425767,-0.3372469300776535,0.011438907985630355,0.21461266003150462,0,0.9781114802364821,0.9930920980213689,0.22211426007655624,0.19279682456397074,-0.8837105887929982,-2.2976320202635083,0
350.0,6.1086523819801535,10.000000000000004,0.21527282404036122,0.1732315108859932,-0.3434152863460815,-0.33630631316868886,0.013728205331195068,0.21653116530703034,0,0.9790721750647152,0.9939112201146637,0.2182245203778179,0.18260582222207603,-0.8992382240430448,-2.373595012937119,0
350.25,6.113015705110139,9.750000000000005,0.21377453017138037,0.1717661650774317,-0.34335035604276676,-0.3353573391937596,0.016036877667231962,0.21844322956493736,0,0.9800157494423793,0.9946851522253299,0.21426672098563015,0.17208330052163567,-0.9149069487232,-2.4495037298152083,0
350.50000000000006,6.1173790282401255,9.499999999999966,0.21227654165256368,0.17030497812998568,-0.3432753100934113,-0.3344000363763899,0.01836486612053295,0.22034879899004958,0,0.9809419050581706,0.9954124488795182,0.2102402450453481,0.16122986965949754,-0.9307173293149459,-2.525182375217907,0
350.75,6.121742351370111,9.249999999999968,0.21077890280543307,0.1688479863230894,-0.34319006434399496,-0.33343443317116384,0.020712111817888644,0.22224782147533967,0,0.9818503409038558,0.9960916689691254,0.2061444732305867,0.150046927191194,-0.9466699322997629,-2.600446071214736,0
351.0,6.126105674500097,9.000000000000007,0.2092816583181407,0.1673952258115321,-0.3430945348973811,-0.33246055825632526,0.023078555886090635,0.22414024659734327,0,0.9827407532634891,0.9967213792725295,0.20197878374321773,0.1385366966778735,-0.9627653241591335,-2.6751013668883314,0
351.25,6.130468997630082,8.750000000000009,0.20778485324434798,0.16594673262449344,-0.34298863811331526,-0.331478440526486,0.025464139451931322,0.22602602559084825,0,0.9836128357026255,0.9973001581384974,0.19774255231337007,0.1267022638527929,-0.979004071374548,-2.7489468680745155,0
351.5,6.134832320760069,8.49999999999997,0.20628853300210595,0.16450254266461817,-0.3428722906084261,-0.3304881090854466,0.02786880364220208,0.22790511132250865,0,0.9844662790575366,0.9978265993216922,0.19343515219943186,0.11454760977273025,-0.9953867404274888,-2.821773991247057,0
351.75,6.139195643890054,8.25000000000001,0.20479274337273443,0.16306269170712095,-0.34274540925622543,-0.329489593239135,0.030292489583693426,0.22977745826351118,0,0.9853007714244247,0.9982993159553047,0.18905595418805182,0.1020776404055915,-1.0119138977994324,-2.8933678437807546,0
352.0,6.14355896702004,8.00000000000001,0.20329753049969915,0.16162721539891423,-0.3426079111871074,-0.32848292248866556,0.03273513840319813,0.23164302246107732,0,0.9861159981486393,0.9987169446436787,0.18460432659413242,0.0892982121000787,-1.0285861099718694,-2.9635082305081486,0
352.25,6.147922290150026,7.7499999999999725,0.20180294088749312,0.1601961492577756,-0.34245971378834905,-0.3274681265235265,0.03519669122750768,0.23350176150901145,0,0.9869116418138906,0.9990781496565456,0.180079635260837,0.07621615238943237,-1.0454039434262858,-3.031970784670133,0
352.5,6.152285613280012,7.499999999999973,0.20030902140051524,0.15876952867153604,-0.34230073470411054,-0.32644523521489616,0.03767708918341274,0.2353536345172629,0,0.9876873822314651,0.9993816272024553,0.17548124355958797,0.06283927559169378,-1.0623679646441573,-3.0985282189248013,0
352.75,6.156648936409997,7.250000000000014,0.19881581926194863,0.15734738889730882,-0.3421308918354348,-0.3254142786090957,0.04017627339770509,0.2371986020808202,0,0.9884428964294409,0.9996261097583055,0.17080851239006503,0.04917639269633564,-1.0794787401069699,-3.1629516894389296,0
353.0,6.161012259539984,6.999999999999975,0.1973233820526396,0.1559297650607312,-0.34195010334024717,-0.32437528692117706,0.042694184997177205,0.23903662624704033,0,0.9891778586419026,0.9998103704284945,0.1660608001802035,0.03523731506058054,-1.0967368362962138,-3.225012263706885,0
353.25,6.165375582669969,6.749999999999976,0.19583175770997904,0.15451669215525043,-0.34175828763335653,-0.32332829052866074,0.04523076510861957,0.24086767048232927,0,0.9898919402981551,0.9999332273058786,0.16123746288620183,0.021032851486895255,-1.1141428196933658,-3.28448247981581,0
353.5,6.169738905799955,6.500000000000017,0.19434099452677894,0.15310820504141587,-0.34155536338645404,-0.32227331996541436,0.04778595485882388,0.24269169963842174,0,0.9905848100119404,0.9999935478050508,0.15633785399251407,0.006574798312153499,-1.1316972567799088,-3.3411379824669494,0
353.75000000000006,6.174102228929941,6.249999999999978,0.19285114115015198,0.15170433844622477,-0.34134124952811384,-0.32121040591568495,0.05035969537458263,0.2445086799165873,0,0.9912561335706519,0.999990252936349,0.15136132451185047,-0.008124077791849168,-1.1494007140373355,-3.394759218402553,0
354.0,6.178465552059927,5.999999999999979,0.19136224658039272,0.150305126962468,-0.34111586524379295,-0.32013957920828967,0.05295192778268632,0.2463185788319572,0,0.9919055739245485,0.9999223214886317,0.14630722298518395,-0.023050064524623416,-1.1672537579471205,-3.4451331715047746,0
354.25,6.182828875189912,5.74999999999998,0.18987436016985426,0.1489106050481176,-0.3408791299758312,-0.3190608708109595,0.0555625932099269,0.24812136517675076,0,0.9925327911759709,0.999788794087607,0.14117489548174275,-0.038188536298065574,-1.1852569549907508,-3.492055115840945,0
354.5,6.187192198319898,5.50000000000002,0.1883875316218287,0.1475208070257279,-0.3406309634234512,-0.3179743118248509,0.05819163278309549,0.24991700898207703,0,0.9931374425685559,0.9995887770963234,0.13596368559901484,-0.05352399424089166,-1.2034108716497067,-3.535330363109273,0
354.75,6.191555521449884,5.249999999999981,0.18690181098942527,0.14613576708186737,-0.34037128554275864,-0.3168799334792228,0.06083898762898487,0.25170548147948174,0,0.9937191824764516,0.9993214463244072,0.13067293446274314,-0.06904011378905732,-1.221716074405482,-3.5747759796225504,0
355.0,6.19591884457987,4.999999999999982,0.18541724867445133,0.14475551926657382,-0.34010001654674143,-0.31577776712628364,0.06350459887438527,0.2534867550615658,0,0.9942776623935321,0.9989860505135563,0.1253019807269338,-0.08471979967370127,-1.2401731297395502,-3.6102224471888835,0
355.25,6.200282167709855,4.750000000000023,0.1839338954262898,0.14338009749282388,-0.33981707690527135,-0.3146678442362124,0.06618840764608844,0.25526080324175754,0,0.9948125309226128,0.9985819145674865,0.11985016057384879,-0.10054524800548388,-1.258782604133396,-3.6415152420057937,0
355.5,6.204645490839842,4.499999999999984,0.18245180234077796,0.14200953553603224,-0.3395223873451018,-0.3135501963923566,0.06889035507088691,0.2570276006128957,0,0.9953234337646656,0.9981084424961102,0.11431680771400551,-0.11649801504098088,-1.2775450640685113,-3.6685163059541948,0
355.75,6.209008813969827,4.249999999999985,0.18097102085908884,0.14064386703356402,-0.3392158688498698,-0.3124248552866144,0.07161038227557119,0.25878712280574195,0,0.9958100137080331,0.9975651200461724,0.10870125338618504,-0.13255909210648406,-1.2964610760263715,-3.691105385722294,0
356.0,6.213372137099813,3.999999999999986,0.1794916027666083,0.13928312548427824,-0.33889744266009525,-0.31129185271499504,0.07434843038693337,0.2605393464464382,0,0.9962719106176445,0.9969515169924861,0.1030028263574231,-0.14870898605045554,-1.3155312064884626,-3.709181216745779,0
356.25,6.217735460229799,3.7499999999999867,0.17801360019181475,0.1379273442480735,-0.3385670302731803,-0.31015122057337213,0.07710444053176461,0.26228424911276726,0,0.99670876142423,0.9962672890675559,0.09722085292301452,-0.1649278044991557,-1.3347560219362693,-3.72266253116353,0
356.5,6.222098783359785,3.4999999999999876,0.17653706560515847,0.13657655654546985,-0.33822455344341035,-0.30900299085342564,0.07987835383685676,0.2640218092905476,0,0.9971202001135361,0.9955121795101047,0.09135465690651244,-0.18119534510517035,-1.3541360888512743,-3.7314888717945127,0
356.75,6.2264621064897705,3.2499999999999885,0.17506205181794074,0.13523079545719296,-0.3378699341819538,-0.30784719563877583,0.08267011142900127,0.26575200632888935,0,0.9975058577155402,0.9946860202170185,0.08540355965972811,-0.1974911879063271,-1.3736719737149625,-3.735621197356563,0
357.0,6.230825429619756,3.0000000000000293,0.17358861198119288,0.13389009392378393,-0.3375030947568613,-0.3066838671013157,0.08547965443498927,0.2674748203948649,0,0.997865362293666,0.9937887324872292,0.07936688006273211,-0.21379478985575281,-1.3933642430088131,-3.7350422678870148,0
357.25,6.2351887527497425,2.7499999999999902,0.17211679958455484,0.13255448474522225,-0.33712395769306663,-0.3055130374977404,0.0883069239816136,0.2691902324272384,0,0.9981983389339986,0.9928203273502658,0.07324393452384936,-0.23008558054421935,-1.4132134632143205,-3.729756803334364,0
357.5,6.239552075879728,2.499999999999991,0.17064666845515586,0.13122400058055894,-0.33673244577238676,-0.3043347391662836,0.09115186119566458,0.27089822409029,0,0.9985044097344987,0.9917809054762273,0.06703403697966875,-0.24634305811417445,-1.4332202008129584,-3.7197914124924067,0
357.75,6.243915399009714,2.250000000000032,0.16917827275649225,0.12989867394757704,-0.3363284820335211,-0.3031490045236499,0.09401440720393375,0.27259877772666813,0,0.9987831937942186,0.9906706566686666,0.060736498895034685,-0.26254688436192086,-1.4533850222862106,-3.7051942937588125,0
358.0,6.2482787221397,1.999999999999993,0.16771166698730608,0.12857853722244073,-0.3359119897720517,-0.30195586606216235,0.09689450313321386,0.2742918763093176,0,0.9990343072025167,0.9894898589462793,0.05435062926304654,-0.2786769780402731,-1.4737084941155705,-3.686034713432585,0
358.25,6.252642045269686,1.7499999999999938,0.16624690598046643,0.12726362263938606,-0.3354828925404439,-0.3007553563471146,0.09979209011029518,0.275977503393734,0,0.9992573630282723,0.9882388772228434,0.04787573460506823,-0.294713605408023,-1.4941911827825118,-3.6624022713771596,0
358.5,6.257005368399671,1.4999999999999947,0.1647840449018467,0.12595396229039946,-0.3350411141480457,-0.2995475080143351,0.10270710926196978,0.2776556430690843,0,0.9994519713091008,0.9869181615999532,0.041311118970717695,-0.31063746712429824,-1.5148336547685222,-3.634405967655815,0
358.75,6.261368691529658,1.2499999999999556,0.16332313924920389,0.12464958812491211,-0.33458657866108793,-0.29833235376796574,0.10563950171502971,0.2793262799089023,0,0.9996177390405689,0.9855282452900602,0.03465608393787108,-0.32642978065288525,-1.5356364765550874,-3.6021730871265087,0
359.0,6.265732014659643,0.9999999999999964,0.16186424485105913,0.12335053194952095,-0.33411921040268405,-0.2971099263784563,0.10858920859626503,0.2809893989217707,0,0.9997542701654093,0.984069742191048,0.027909928612667136,-0.3420723574228413,-1.5566002146236835,-3.565847921962866,0
359.25,6.270095337789629,0.7499999999999973,0.16040741786557475,0.12205682542768537,-0.33363893395283073,-0.2958802586807734,0.11155617103246865,0.2826449855012212,0,0.9998611655627356,0.9825433441369101,0.021071949629496323,-0.35754767408471017,-1.5777254354558017,-3.525590354393479,0
359.50000000000006,6.274458660919615,0.49999999999995826,0.1589527147794348,0.12076850007946116,-0.33314567414840685,-0.2946433835728323,0.1145403301504322,0.28429302537530965,0,0.999938023037258,0.9809498178513688,0.01414144115101058,-0.3728389373032013,-1.5990127055329282,-3.4815743237270227,0
359.75,6.278821984049601,0.2499999999999991,0.15750019240672475,0.11948558728122383,-0.33263935608317535,-0.2933993340141459,0.11754162707694574,0.2859335045560967,0,0.9999844373084971,0.97929000163367,0.007117694868123439,-0.3879301416356759,-1.6204625913365338,-3.4339862029540256,0
